id,status,created_at,finished_at
00000035-0000-4000-8000-000000000000,completed,2026-06-27 12:43:45.758936+00:00,2026-06-27 12:43:45.929449+00:00
00000003-0000-4000-8000-000000000000,completed,2026-06-27 12:43:36.115173+00:00,2026-06-27 12:43:37.584801+00:00
00000004-0000-4000-8000-000000000000,completed,2026-06-27 12:43:36.570729+00:00,2026-06-27 12:43:38.004699+00:00
00000037-0001-4000-8000-000000000000,completed,2026-06-27 12:43:54.001357+00:00,2026-06-27 12:43:54.194553+00:00
00000005-0000-4000-8000-000000000000,completed,2026-06-27 12:43:41.104727+00:00,2026-06-27 12:43:41.267814+00:00
00000031-0000-4000-8000-000000000000,completed,2026-06-27 12:43:46.183522+00:00,2026-06-27 12:43:46.316069+00:00
00000020-0000-4000-8000-000000000000,completed,2026-06-27 12:43:42.216730+00:00,2026-06-27 12:43:42.362669+00:00
00000023-0000-4000-8000-000000000000,completed,2026-06-27 12:43:42.478192+00:00,2026-06-27 12:43:42.628541+00:00
00000010-0001-4000-8000-000000000000,completed,2026-06-27 12:43:49.741792+00:00,2026-06-27 12:43:49.906415+00:00
00000019-0000-4000-8000-000000000000,completed,2026-06-27 12:43:43.238342+00:00,2026-06-27 12:43:43.389472+00:00
00000043-0000-4000-8000-000000000000,completed,2026-06-27 12:43:47.188036+00:00,2026-06-27 12:43:47.323267+00:00
00000025-0000-4000-8000-000000000000,completed,2026-06-27 12:43:43.484314+00:00,2026-06-27 12:43:43.621255+00:00
00000029-0000-4000-8000-000000000000,completed,2026-06-27 12:43:44.199110+00:00,2026-06-27 12:43:44.361302+00:00
00000034-0000-4000-8000-000000000000,completed,2026-06-27 12:43:44.885908+00:00,2026-06-27 12:43:45.015883+00:00
00000047-0000-4000-8000-000000000000,completed,2026-06-27 12:43:47.768127+00:00,2026-06-27 12:43:47.892146+00:00
00000032-0000-4000-8000-000000000000,completed,2026-06-27 12:43:45.542962+00:00,2026-06-27 12:43:45.708330+00:00
00000032-0001-4000-8000-000000000000,completed,2026-06-27 12:43:54.143718+00:00,2026-06-27 12:43:54.281056+00:00
00000006-0001-4000-8000-000000000000,completed,2026-06-27 12:43:50.983690+00:00,2026-06-27 12:43:51.142388+00:00
00000044-0000-4000-8000-000000000000,completed,2026-06-27 12:43:48.145732+00:00,2026-06-27 12:43:48.299379+00:00
00000049-0000-4000-8000-000000000000,completed,2026-06-27 12:43:48.332580+00:00,2026-06-27 12:43:48.467063+00:00
00000048-0000-4000-8000-000000000000,completed,2026-06-27 12:43:48.877575+00:00,2026-06-27 12:43:49.015543+00:00
00000021-0001-4000-8000-000000000000,completed,2026-06-27 12:43:53.561026+00:00,2026-06-27 12:43:53.727242+00:00
00000038-0001-4000-8000-000000000000,completed,2026-06-27 12:43:54.991503+00:00,2026-06-27 12:43:55.151141+00:00
00000035-0001-4000-8000-000000000000,completed,2026-06-27 12:43:54.286226+00:00,2026-06-27 12:43:54.427440+00:00
00000041-0001-4000-8000-000000000000,completed,2026-06-27 12:43:55.545256+00:00,2026-06-27 12:43:55.751579+00:00
00000031-0001-4000-8000-000000000000,completed,2026-06-27 12:43:54.569080+00:00,2026-06-27 12:43:54.715735+00:00
00000043-0001-4000-8000-000000000000,completed,2026-06-27 12:43:55.268258+00:00,2026-06-27 12:43:55.436797+00:00
00000003-0002-4000-8000-000000000000,completed,2026-06-27 12:43:56.612788+00:00,2026-06-27 12:43:56.738194+00:00
00000046-0001-4000-8000-000000000000,completed,2026-06-27 12:43:56.352047+00:00,2026-06-27 12:43:56.512176+00:00
00000048-0001-4000-8000-000000000000,completed,2026-06-27 12:43:56.483192+00:00,2026-06-27 12:43:56.630651+00:00
00000004-0002-4000-8000-000000000000,completed,2026-06-27 12:43:56.746780+00:00,2026-06-27 12:43:56.883122+00:00
00000021-0003-4000-8000-000000000000,completed,2026-06-27 12:44:05.487709+00:00,2026-06-27 12:44:05.630897+00:00
00000009-0002-4000-8000-000000000000,completed,2026-06-27 12:43:56.876157+00:00,2026-06-27 12:43:57.019299+00:00
00000010-0002-4000-8000-000000000000,completed,2026-06-27 12:43:57.134564+00:00,2026-06-27 12:43:57.281758+00:00
00000001-0006-4000-8000-000000000000,completed,2026-06-27 12:44:15.721893+00:00,2026-06-27 12:44:15.888092+00:00
00000008-0002-4000-8000-000000000000,completed,2026-06-27 12:43:57.647868+00:00,2026-06-27 12:43:57.787470+00:00
00000043-0003-4000-8000-000000000000,completed,2026-06-27 12:44:06.658777+00:00,2026-06-27 12:44:06.793728+00:00
00000029-0002-4000-8000-000000000000,completed,2026-06-27 12:43:59.849289+00:00,2026-06-27 12:43:59.988206+00:00
00000043-0002-4000-8000-000000000000,completed,2026-06-27 12:44:01.461980+00:00,2026-06-27 12:44:01.612521+00:00
00000036-0004-4000-8000-000000000000,completed,2026-06-27 12:44:10.485831+00:00,2026-06-27 12:44:10.632570+00:00
00000049-0002-4000-8000-000000000000,completed,2026-06-27 12:44:02.128156+00:00,2026-06-27 12:44:02.307248+00:00
00000049-0003-4000-8000-000000000000,completed,2026-06-27 12:44:07.221760+00:00,2026-06-27 12:44:07.370693+00:00
00000006-0003-4000-8000-000000000000,completed,2026-06-27 12:44:03.636894+00:00,2026-06-27 12:44:03.797828+00:00
00000019-0003-4000-8000-000000000000,completed,2026-06-27 12:44:04.878886+00:00,2026-06-27 12:44:05.014254+00:00
00000002-0003-4000-8000-000000000000,completed,2026-06-27 12:44:05.085100+00:00,2026-06-27 12:44:05.240935+00:00
00000003-0004-4000-8000-000000000000,completed,2026-06-27 12:44:07.586500+00:00,2026-06-27 12:44:07.752594+00:00
00000029-0003-4000-8000-000000000000,completed,2026-06-27 12:44:05.287045+00:00,2026-06-27 12:44:05.440401+00:00
00000006-0005-4000-8000-000000000000,completed,2026-06-27 12:44:12.495360+00:00,2026-06-27 12:44:12.637643+00:00
00000028-0004-4000-8000-000000000000,completed,2026-06-27 12:44:10.645619+00:00,2026-06-27 12:44:10.791428+00:00
00000001-0004-4000-8000-000000000000,completed,2026-06-27 12:44:08.126725+00:00,2026-06-27 12:44:08.289225+00:00
00000019-0004-4000-8000-000000000000,completed,2026-06-27 12:44:09.504550+00:00,2026-06-27 12:44:09.632605+00:00
00000033-0004-4000-8000-000000000000,completed,2026-06-27 12:44:10.163969+00:00,2026-06-27 12:44:10.314519+00:00
00000038-0004-4000-8000-000000000000,completed,2026-06-27 12:44:10.803598+00:00,2026-06-27 12:44:10.938766+00:00
00000021-0005-4000-8000-000000000000,completed,2026-06-27 12:44:13.801246+00:00,2026-06-27 12:44:13.943419+00:00
00000003-0005-4000-8000-000000000000,completed,2026-06-27 12:44:11.740223+00:00,2026-06-27 12:44:11.880814+00:00
00000022-0005-4000-8000-000000000000,completed,2026-06-27 12:44:12.937513+00:00,2026-06-27 12:44:13.091620+00:00
00000019-0005-4000-8000-000000000000,completed,2026-06-27 12:44:13.373883+00:00,2026-06-27 12:44:13.542877+00:00
00000041-0005-4000-8000-000000000000,completed,2026-06-27 12:44:14.774090+00:00,2026-06-27 12:44:14.910483+00:00
00000028-0005-4000-8000-000000000000,completed,2026-06-27 12:44:14.361345+00:00,2026-06-27 12:44:14.535621+00:00
00000038-0005-4000-8000-000000000000,completed,2026-06-27 12:44:14.498348+00:00,2026-06-27 12:44:14.639007+00:00
00000010-0006-4000-8000-000000000000,completed,2026-06-27 12:44:15.587478+00:00,2026-06-27 12:44:15.725312+00:00
00000006-0006-4000-8000-000000000000,completed,2026-06-27 12:44:15.984458+00:00,2026-06-27 12:44:16.127048+00:00
00000048-0003-4000-8000-000000000000,completed,2026-06-27 12:44:07.496706+00:00,2026-06-27 12:44:07.632165+00:00
00000015-0002-4000-8000-000000000000,completed,2026-06-27 12:43:57.776251+00:00,2026-06-27 12:43:57.913223+00:00
00000013-0002-4000-8000-000000000000,completed,2026-06-27 12:43:58.027626+00:00,2026-06-27 12:43:58.186755+00:00
00000030-0002-4000-8000-000000000000,completed,2026-06-27 12:43:59.970295+00:00,2026-06-27 12:44:00.101528+00:00
00000004-0004-4000-8000-000000000000,completed,2026-06-27 12:44:07.679345+00:00,2026-06-27 12:44:07.841186+00:00
00000035-0002-4000-8000-000000000000,completed,2026-06-27 12:44:00.665526+00:00,2026-06-27 12:44:00.808243+00:00
00000047-0002-4000-8000-000000000000,completed,2026-06-27 12:44:01.796822+00:00,2026-06-27 12:44:01.944657+00:00
00000037-0004-4000-8000-000000000000,completed,2026-06-27 12:44:10.245008+00:00,2026-06-27 12:44:10.395811+00:00
00000007-0003-4000-8000-000000000000,completed,2026-06-27 12:44:02.891550+00:00,2026-06-27 12:44:03.042722+00:00
00000012-0004-4000-8000-000000000000,completed,2026-06-27 12:44:08.215931+00:00,2026-06-27 12:44:08.374278+00:00
00000015-0003-4000-8000-000000000000,completed,2026-06-27 12:44:03.532494+00:00,2026-06-27 12:44:03.723450+00:00
00000018-0003-4000-8000-000000000000,completed,2026-06-27 12:44:04.159452+00:00,2026-06-27 12:44:04.325313+00:00
00000037-0003-4000-8000-000000000000,completed,2026-06-27 12:44:05.787820+00:00,2026-06-27 12:44:05.916516+00:00
00000015-0004-4000-8000-000000000000,completed,2026-06-27 12:44:08.392692+00:00,2026-06-27 12:44:08.521324+00:00
00000047-0003-4000-8000-000000000000,completed,2026-06-27 12:44:06.943494+00:00,2026-06-27 12:44:07.079701+00:00
00000013-0005-4000-8000-000000000000,completed,2026-06-27 12:44:12.567485+00:00,2026-06-27 12:44:12.708928+00:00
00000047-0004-4000-8000-000000000000,completed,2026-06-27 12:44:11.201124+00:00,2026-06-27 12:44:11.341727+00:00
00000017-0004-4000-8000-000000000000,completed,2026-06-27 12:44:09.083991+00:00,2026-06-27 12:44:09.218086+00:00
00000026-0004-4000-8000-000000000000,completed,2026-06-27 12:44:09.421120+00:00,2026-06-27 12:44:09.555456+00:00
00000034-0004-4000-8000-000000000000,completed,2026-06-27 12:44:10.082938+00:00,2026-06-27 12:44:10.209774+00:00
00000050-0004-4000-8000-000000000000,completed,2026-06-27 12:44:11.508186+00:00,2026-06-27 12:44:11.642196+00:00
00000037-0005-4000-8000-000000000000,completed,2026-06-27 12:44:14.024319+00:00,2026-06-27 12:44:14.160474+00:00
00000012-0005-4000-8000-000000000000,completed,2026-06-27 12:44:12.271143+00:00,2026-06-27 12:44:12.411052+00:00
00000005-0005-4000-8000-000000000000,completed,2026-06-27 12:44:12.717007+00:00,2026-06-27 12:44:12.873194+00:00
00000026-0005-4000-8000-000000000000,completed,2026-06-27 12:44:13.299208+00:00,2026-06-27 12:44:13.429603+00:00
00000048-0005-4000-8000-000000000000,completed,2026-06-27 12:44:15.252045+00:00,2026-06-27 12:44:15.395004+00:00
00000039-0005-4000-8000-000000000000,completed,2026-06-27 12:44:14.570078+00:00,2026-06-27 12:44:14.731645+00:00
00000012-0006-4000-8000-000000000000,completed,2026-06-27 12:44:15.787288+00:00,2026-06-27 12:44:15.919909+00:00
00000007-0006-4000-8000-000000000000,completed,2026-06-27 12:44:15.520338+00:00,2026-06-27 12:44:15.673618+00:00
00000011-0006-4000-8000-000000000000,completed,2026-06-27 12:44:15.652983+00:00,2026-06-27 12:44:15.795529+00:00
00000017-0006-4000-8000-000000000000,completed,2026-06-27 12:44:16.445548+00:00,2026-06-27 12:44:16.590455+00:00
00000014-0006-4000-8000-000000000000,completed,2026-06-27 12:44:16.116025+00:00,2026-06-27 12:44:16.264489+00:00
00000022-0006-4000-8000-000000000000,completed,2026-06-27 12:44:16.375660+00:00,2026-06-27 12:44:16.533160+00:00
00000021-0006-4000-8000-000000000000,completed,2026-06-27 12:44:17.146554+00:00,2026-06-27 12:44:17.291226+00:00
00000033-0006-4000-8000-000000000000,completed,2026-06-27 12:44:17.272478+00:00,2026-06-27 12:44:17.422223+00:00
00000036-0006-4000-8000-000000000000,completed,2026-06-27 12:44:17.525064+00:00,2026-06-27 12:44:17.667215+00:00
00000028-0006-4000-8000-000000000000,completed,2026-06-27 12:44:17.649392+00:00,2026-06-27 12:44:17.789169+00:00
00000049-0006-4000-8000-000000000000,completed,2026-06-27 12:44:18.267308+00:00,2026-06-27 12:44:18.394068+00:00
00000003-0007-4000-8000-000000000000,completed,2026-06-27 12:44:18.510718+00:00,2026-06-27 12:44:18.666498+00:00
00000010-0007-4000-8000-000000000000,completed,2026-06-27 12:44:18.752992+00:00,2026-06-27 12:44:18.898637+00:00
00000008-0007-4000-8000-000000000000,completed,2026-06-27 12:44:18.993130+00:00,2026-06-27 12:44:19.130009+00:00
00000018-0091-4000-8000-000000000000,completed,2026-06-27 12:46:22.454013+00:00,2026-06-27 12:46:35.209200+00:00
00000014-0090-4000-8000-000000000000,completed,2026-06-27 12:46:20.147864+00:00,2026-06-27 12:46:33.931276+00:00
00000033-0090-4000-8000-000000000000,completed,2026-06-27 12:46:20.640143+00:00,2026-06-27 12:46:34.239241+00:00
00000047-0090-4000-8000-000000000000,completed,2026-06-27 12:46:21.255202+00:00,2026-06-27 12:46:34.554031+00:00
00000001-0091-4000-8000-000000000000,completed,2026-06-27 12:46:22.004930+00:00,2026-06-27 12:46:34.977190+00:00
00000046-0091-4000-8000-000000000000,completed,2026-06-27 12:46:24.564404+00:00,2026-06-27 12:46:36.235239+00:00
00000021-0091-4000-8000-000000000000,completed,2026-06-27 12:46:23.279676+00:00,2026-06-27 12:46:35.589219+00:00
00000019-0091-4000-8000-000000000000,completed,2026-06-27 12:46:22.919416+00:00,2026-06-27 12:46:35.427007+00:00
00000002-0091-4000-8000-000000000000,completed,2026-06-27 12:46:23.038669+00:00,2026-06-27 12:46:35.506480+00:00
00000033-0092-4000-8000-000000000000,completed,2026-06-27 12:46:27.015419+00:00,2026-06-27 12:46:37.145928+00:00
00000044-0091-4000-8000-000000000000,completed,2026-06-27 12:46:24.295991+00:00,2026-06-27 12:46:36.063189+00:00
00000001-0092-4000-8000-000000000000,completed,2026-06-27 12:46:25.124032+00:00,2026-06-27 12:46:36.461544+00:00
00000017-0092-4000-8000-000000000000,completed,2026-06-27 12:46:25.867850+00:00,2026-06-27 12:46:36.792196+00:00
00000029-0093-4000-8000-000000000000,completed,2026-06-27 12:46:33.467756+00:00,2026-06-27 12:46:38.514151+00:00
00000035-0092-4000-8000-000000000000,completed,2026-06-27 12:46:27.557220+00:00,2026-06-27 12:46:37.341903+00:00
00000032-0092-4000-8000-000000000000,completed,2026-06-27 12:46:27.191417+00:00,2026-06-27 12:46:37.229922+00:00
00000050-0092-4000-8000-000000000000,completed,2026-06-27 12:46:28.552103+00:00,2026-06-27 12:46:37.680089+00:00
00000046-0092-4000-8000-000000000000,completed,2026-06-27 12:46:28.767789+00:00,2026-06-27 12:46:37.640817+00:00
00000023-0093-4000-8000-000000000000,completed,2026-06-27 12:46:31.526599+00:00,2026-06-27 12:46:38.241534+00:00
00000019-0093-4000-8000-000000000000,completed,2026-06-27 12:46:32.347885+00:00,2026-06-27 12:46:38.414206+00:00
00000015-0007-4000-8000-000000000000,completed,2026-06-27 12:44:19.053915+00:00,2026-06-27 12:44:19.241876+00:00
00000023-0006-4000-8000-000000000000,completed,2026-06-27 12:44:16.570559+00:00,2026-06-27 12:44:16.716906+00:00
00000028-0007-4000-8000-000000000000,completed,2026-06-27 12:44:20.626779+00:00,2026-06-27 12:44:20.772696+00:00
00000025-0006-4000-8000-000000000000,completed,2026-06-27 12:44:16.828248+00:00,2026-06-27 12:44:16.982078+00:00
00000027-0006-4000-8000-000000000000,completed,2026-06-27 12:44:16.956115+00:00,2026-06-27 12:44:17.095896+00:00
00000030-0006-4000-8000-000000000000,completed,2026-06-27 12:44:17.084808+00:00,2026-06-27 12:44:17.243426+00:00
00000034-0006-4000-8000-000000000000,completed,2026-06-27 12:44:17.209174+00:00,2026-06-27 12:44:17.353701+00:00
00000005-0007-4000-8000-000000000000,completed,2026-06-27 12:44:19.292050+00:00,2026-06-27 12:44:19.474991+00:00
00000031-0006-4000-8000-000000000000,completed,2026-06-27 12:44:17.586978+00:00,2026-06-27 12:44:17.731104+00:00
00000039-0006-4000-8000-000000000000,completed,2026-06-27 12:44:17.836467+00:00,2026-06-27 12:44:17.994463+00:00
00000038-0007-4000-8000-000000000000,completed,2026-06-27 12:44:20.743060+00:00,2026-06-27 12:44:20.881278+00:00
00000022-0007-4000-8000-000000000000,completed,2026-06-27 12:44:19.468848+00:00,2026-06-27 12:44:19.643790+00:00
00000048-0006-4000-8000-000000000000,completed,2026-06-27 12:44:18.449897+00:00,2026-06-27 12:44:18.590321+00:00
00000004-0007-4000-8000-000000000000,completed,2026-06-27 12:44:18.571426+00:00,2026-06-27 12:44:18.736088+00:00
00000011-0007-4000-8000-000000000000,completed,2026-06-27 12:44:18.813286+00:00,2026-06-27 12:44:18.970777+00:00
00000021-0007-4000-8000-000000000000,completed,2026-06-27 12:44:20.170187+00:00,2026-06-27 12:44:20.326312+00:00
00000033-0007-4000-8000-000000000000,completed,2026-06-27 12:44:20.284747+00:00,2026-06-27 12:44:20.453076+00:00
00000017-0007-4000-8000-000000000000,completed,2026-06-27 12:44:19.527899+00:00,2026-06-27 12:44:19.667713+00:00
00000023-0007-4000-8000-000000000000,completed,2026-06-27 12:44:19.645551+00:00,2026-06-27 12:44:19.808324+00:00
00000026-0007-4000-8000-000000000000,completed,2026-06-27 12:44:19.760211+00:00,2026-06-27 12:44:19.936378+00:00
00000025-0007-4000-8000-000000000000,completed,2026-06-27 12:44:19.880360+00:00,2026-06-27 12:44:20.025660+00:00
00000035-0007-4000-8000-000000000000,completed,2026-06-27 12:44:20.457997+00:00,2026-06-27 12:44:20.621265+00:00
00000010-0008-4000-8000-000000000000,completed,2026-06-27 12:44:21.640776+00:00,2026-06-27 12:44:21.814927+00:00
00000049-0007-4000-8000-000000000000,completed,2026-06-27 12:44:21.197790+00:00,2026-06-27 12:44:21.340261+00:00
00000042-0007-4000-8000-000000000000,completed,2026-06-27 12:44:20.913467+00:00,2026-06-27 12:44:21.049076+00:00
00000046-0007-4000-8000-000000000000,completed,2026-06-27 12:44:21.308769+00:00,2026-06-27 12:44:21.478446+00:00
00000004-0008-4000-8000-000000000000,completed,2026-06-27 12:44:21.476634+00:00,2026-06-27 12:44:21.623272+00:00
00000006-0008-4000-8000-000000000000,completed,2026-06-27 12:44:21.973993+00:00,2026-06-27 12:44:22.111122+00:00
00000048-0007-4000-8000-000000000000,completed,2026-06-27 12:44:21.363343+00:00,2026-06-27 12:44:21.536055+00:00
00000007-0008-4000-8000-000000000000,completed,2026-06-27 12:44:21.585984+00:00,2026-06-27 12:44:21.725484+00:00
00000015-0008-4000-8000-000000000000,completed,2026-06-27 12:44:21.917321+00:00,2026-06-27 12:44:22.059510+00:00
00000016-0009-4000-8000-000000000000,completed,2026-06-27 12:44:24.829086+00:00,2026-06-27 12:44:24.997875+00:00
00000002-0008-4000-8000-000000000000,completed,2026-06-27 12:44:22.733615+00:00,2026-06-27 12:44:22.881029+00:00
00000022-0009-4000-8000-000000000000,completed,2026-06-27 12:44:24.930638+00:00,2026-06-27 12:44:25.071295+00:00
00000021-0008-4000-8000-000000000000,completed,2026-06-27 12:44:22.949796+00:00,2026-06-27 12:44:23.105415+00:00
00000031-0008-4000-8000-000000000000,completed,2026-06-27 12:44:23.322491+00:00,2026-06-27 12:44:23.477975+00:00
00000028-0008-4000-8000-000000000000,completed,2026-06-27 12:44:23.374619+00:00,2026-06-27 12:44:23.526390+00:00
00000008-0010-4000-8000-000000000000,completed,2026-06-27 12:44:27.010268+00:00,2026-06-27 12:44:27.177347+00:00
00000039-0008-4000-8000-000000000000,completed,2026-06-27 12:44:23.533983+00:00,2026-06-27 12:44:23.672422+00:00
00000019-0009-4000-8000-000000000000,completed,2026-06-27 12:44:25.231568+00:00,2026-06-27 12:44:25.364943+00:00
00000043-0008-4000-8000-000000000000,completed,2026-06-27 12:44:23.586841+00:00,2026-06-27 12:44:23.734900+00:00
00000041-0008-4000-8000-000000000000,completed,2026-06-27 12:44:23.692042+00:00,2026-06-27 12:44:23.841360+00:00
00000009-0009-4000-8000-000000000000,completed,2026-06-27 12:44:24.212488+00:00,2026-06-27 12:44:24.374301+00:00
00000038-0009-4000-8000-000000000000,completed,2026-06-27 12:44:26.029714+00:00,2026-06-27 12:44:26.170609+00:00
00000029-0009-4000-8000-000000000000,completed,2026-06-27 12:44:25.436356+00:00,2026-06-27 12:44:25.590997+00:00
00000008-0009-4000-8000-000000000000,completed,2026-06-27 12:44:24.522262+00:00,2026-06-27 12:44:24.689206+00:00
00000006-0009-4000-8000-000000000000,completed,2026-06-27 12:44:24.626535+00:00,2026-06-27 12:44:24.766998+00:00
00000043-0009-4000-8000-000000000000,completed,2026-06-27 12:44:26.133742+00:00,2026-06-27 12:44:26.297074+00:00
00000045-0009-4000-8000-000000000000,completed,2026-06-27 12:44:26.330271+00:00,2026-06-27 12:44:26.472512+00:00
00000033-0009-4000-8000-000000000000,completed,2026-06-27 12:44:25.636065+00:00,2026-06-27 12:44:25.786029+00:00
00000032-0009-4000-8000-000000000000,completed,2026-06-27 12:44:25.736457+00:00,2026-06-27 12:44:25.873290+00:00
00000008-0011-4000-8000-000000000000,completed,2026-06-27 12:44:29.358255+00:00,2026-06-27 12:44:29.509305+00:00
00000028-0009-4000-8000-000000000000,completed,2026-06-27 12:44:25.931000+00:00,2026-06-27 12:44:26.068091+00:00
00000014-0010-4000-8000-000000000000,completed,2026-06-27 12:44:27.201145+00:00,2026-06-27 12:44:27.372570+00:00
00000009-0010-4000-8000-000000000000,completed,2026-06-27 12:44:26.718667+00:00,2026-06-27 12:44:26.914391+00:00
00000021-0010-4000-8000-000000000000,completed,2026-06-27 12:44:27.964342+00:00,2026-06-27 12:44:28.125158+00:00
00000019-0010-4000-8000-000000000000,completed,2026-06-27 12:44:27.682366+00:00,2026-06-27 12:44:27.817599+00:00
00000009-0011-4000-8000-000000000000,completed,2026-06-27 12:44:29.080559+00:00,2026-06-27 12:44:29.230987+00:00
00000038-0010-4000-8000-000000000000,completed,2026-06-27 12:44:28.433777+00:00,2026-06-27 12:44:28.577729+00:00
00000043-0010-4000-8000-000000000000,completed,2026-06-27 12:44:28.527703+00:00,2026-06-27 12:44:28.689145+00:00
00000001-0011-4000-8000-000000000000,completed,2026-06-27 12:44:29.263566+00:00,2026-06-27 12:44:29.425547+00:00
00000019-0011-4000-8000-000000000000,completed,2026-06-27 12:44:29.992485+00:00,2026-06-27 12:44:30.158457+00:00
00000039-0009-4000-8000-000000000000,completed,2026-06-27 12:44:26.083253+00:00,2026-06-27 12:44:26.231361+00:00
00000042-0008-4000-8000-000000000000,completed,2026-06-27 12:44:23.636335+00:00,2026-06-27 12:44:23.787148+00:00
00000048-0010-4000-8000-000000000000,completed,2026-06-27 12:44:28.945825+00:00,2026-06-27 12:44:29.111101+00:00
00000050-0008-4000-8000-000000000000,completed,2026-06-27 12:44:23.953021+00:00,2026-06-27 12:44:24.110204+00:00
00000048-0008-4000-8000-000000000000,completed,2026-06-27 12:44:24.055875+00:00,2026-06-27 12:44:24.256378+00:00
00000047-0009-4000-8000-000000000000,completed,2026-06-27 12:44:26.280344+00:00,2026-06-27 12:44:26.433367+00:00
00000012-0009-4000-8000-000000000000,completed,2026-06-27 12:44:24.472369+00:00,2026-06-27 12:44:24.611321+00:00
00000015-0009-4000-8000-000000000000,completed,2026-06-27 12:44:24.573445+00:00,2026-06-27 12:44:24.738266+00:00
00000011-0010-4000-8000-000000000000,completed,2026-06-27 12:44:26.864834+00:00,2026-06-27 12:44:27.007489+00:00
00000005-0009-4000-8000-000000000000,completed,2026-06-27 12:44:24.780079+00:00,2026-06-27 12:44:24.917468+00:00
00000018-0009-4000-8000-000000000000,completed,2026-06-27 12:44:24.880730+00:00,2026-06-27 12:44:25.037179+00:00
00000004-0011-4000-8000-000000000000,completed,2026-06-27 12:44:29.036440+00:00,2026-06-27 12:44:29.203773+00:00
00000023-0009-4000-8000-000000000000,completed,2026-06-27 12:44:25.081130+00:00,2026-06-27 12:44:25.224959+00:00
00000026-0009-4000-8000-000000000000,completed,2026-06-27 12:44:25.183131+00:00,2026-06-27 12:44:25.334797+00:00
00000013-0010-4000-8000-000000000000,completed,2026-06-27 12:44:27.154791+00:00,2026-06-27 12:44:27.305125+00:00
00000034-0009-4000-8000-000000000000,completed,2026-06-27 12:44:25.586476+00:00,2026-06-27 12:44:25.745469+00:00
00000031-0010-4000-8000-000000000000,completed,2026-06-27 12:44:28.292037+00:00,2026-06-27 12:44:28.437953+00:00
00000023-0010-4000-8000-000000000000,completed,2026-06-27 12:44:27.538397+00:00,2026-06-27 12:44:27.688594+00:00
00000040-0010-4000-8000-000000000000,completed,2026-06-27 12:44:28.386914+00:00,2026-06-27 12:44:28.551442+00:00
00000027-0010-4000-8000-000000000000,completed,2026-06-27 12:44:27.822145+00:00,2026-06-27 12:44:27.992685+00:00
00000030-0010-4000-8000-000000000000,completed,2026-06-27 12:44:27.919507+00:00,2026-06-27 12:44:28.090817+00:00
00000039-0010-4000-8000-000000000000,completed,2026-06-27 12:44:28.478113+00:00,2026-06-27 12:44:28.638292+00:00
00000030-0011-4000-8000-000000000000,completed,2026-06-27 12:44:30.217547+00:00,2026-06-27 12:44:30.369145+00:00
00000011-0011-4000-8000-000000000000,completed,2026-06-27 12:44:29.220354+00:00,2026-06-27 12:44:29.369415+00:00
00000023-0011-4000-8000-000000000000,completed,2026-06-27 12:44:29.854536+00:00,2026-06-27 12:44:30.011008+00:00
00000005-0011-4000-8000-000000000000,completed,2026-06-27 12:44:29.585958+00:00,2026-06-27 12:44:29.756190+00:00
00000026-0011-4000-8000-000000000000,completed,2026-06-27 12:44:29.946891+00:00,2026-06-27 12:44:30.100199+00:00
00000025-0011-4000-8000-000000000000,completed,2026-06-27 12:44:30.035216+00:00,2026-06-27 12:44:30.208466+00:00
00000027-0011-4000-8000-000000000000,completed,2026-06-27 12:44:30.128610+00:00,2026-06-27 12:44:30.289288+00:00
00000031-0011-4000-8000-000000000000,completed,2026-06-27 12:44:30.571663+00:00,2026-06-27 12:44:30.728163+00:00
00000039-0011-4000-8000-000000000000,completed,2026-06-27 12:44:30.752409+00:00,2026-06-27 12:44:30.912645+00:00
00000002-0011-4000-8000-000000000000,completed,2026-06-27 12:44:30.082892+00:00,2026-06-27 12:44:30.215473+00:00
00000014-0012-4000-8000-000000000000,completed,2026-06-27 12:44:31.758111+00:00,2026-06-27 12:44:31.926466+00:00
00000016-0012-4000-8000-000000000000,completed,2026-06-27 12:44:31.845009+00:00,2026-06-27 12:44:32.007916+00:00
00000021-0011-4000-8000-000000000000,completed,2026-06-27 12:44:30.262249+00:00,2026-06-27 12:44:30.416079+00:00
00000033-0011-4000-8000-000000000000,completed,2026-06-27 12:44:30.352187+00:00,2026-06-27 12:44:30.489666+00:00
00000032-0011-4000-8000-000000000000,completed,2026-06-27 12:44:30.440774+00:00,2026-06-27 12:44:30.603919+00:00
00000019-0012-4000-8000-000000000000,completed,2026-06-27 12:44:32.190329+00:00,2026-06-27 12:44:32.329847+00:00
00000028-0011-4000-8000-000000000000,completed,2026-06-27 12:44:30.619904+00:00,2026-06-27 12:44:30.783561+00:00
00000038-0011-4000-8000-000000000000,completed,2026-06-27 12:44:30.705598+00:00,2026-06-27 12:44:30.865150+00:00
00000046-0011-4000-8000-000000000000,completed,2026-06-27 12:44:31.148850+00:00,2026-06-27 12:44:31.288948+00:00
00000003-0012-4000-8000-000000000000,completed,2026-06-27 12:44:31.234751+00:00,2026-06-27 12:44:31.391573+00:00
00000029-0012-4000-8000-000000000000,completed,2026-06-27 12:44:32.361607+00:00,2026-06-27 12:44:32.551670+00:00
00000010-0012-4000-8000-000000000000,completed,2026-06-27 12:44:31.411912+00:00,2026-06-27 12:44:31.572739+00:00
00000001-0012-4000-8000-000000000000,completed,2026-06-27 12:44:31.498906+00:00,2026-06-27 12:44:31.674395+00:00
00000049-0012-4000-8000-000000000000,completed,2026-06-27 12:44:33.208405+00:00,2026-06-27 12:44:33.371945+00:00
00000028-0013-4000-8000-000000000000,completed,2026-06-27 12:44:34.861111+00:00,2026-06-27 12:44:35.028223+00:00
00000032-0012-4000-8000-000000000000,completed,2026-06-27 12:44:32.621028+00:00,2026-06-27 12:44:32.807437+00:00
00000046-0012-4000-8000-000000000000,completed,2026-06-27 12:44:33.291925+00:00,2026-06-27 12:44:33.469716+00:00
00000028-0012-4000-8000-000000000000,completed,2026-06-27 12:44:32.786206+00:00,2026-06-27 12:44:32.962167+00:00
00000038-0012-4000-8000-000000000000,completed,2026-06-27 12:44:32.874071+00:00,2026-06-27 12:44:33.066615+00:00
00000003-0013-4000-8000-000000000000,completed,2026-06-27 12:44:33.377046+00:00,2026-06-27 12:44:33.543260+00:00
00000016-0013-4000-8000-000000000000,completed,2026-06-27 12:44:33.958750+00:00,2026-06-27 12:44:34.139315+00:00
00000001-0013-4000-8000-000000000000,completed,2026-06-27 12:44:33.626169+00:00,2026-06-27 12:44:33.783963+00:00
00000020-0013-4000-8000-000000000000,completed,2026-06-27 12:44:34.124540+00:00,2026-06-27 12:44:34.287665+00:00
00000041-0013-4000-8000-000000000000,completed,2026-06-27 12:44:35.102784+00:00,2026-06-27 12:44:35.269446+00:00
00000038-0013-4000-8000-000000000000,completed,2026-06-27 12:44:34.937657+00:00,2026-06-27 12:44:35.132321+00:00
00000045-0013-4000-8000-000000000000,completed,2026-06-27 12:44:35.185674+00:00,2026-06-27 12:44:35.365667+00:00
00000014-0014-4000-8000-000000000000,completed,2026-06-27 12:44:35.903665+00:00,2026-06-27 12:44:36.057123+00:00
00000008-0014-4000-8000-000000000000,completed,2026-06-27 12:44:35.745659+00:00,2026-06-27 12:44:35.903036+00:00
00000006-0014-4000-8000-000000000000,completed,2026-06-27 12:44:35.824407+00:00,2026-06-27 12:44:35.981931+00:00
00000024-0014-4000-8000-000000000000,completed,2026-06-27 12:44:36.221959+00:00,2026-06-27 12:44:36.376713+00:00
00000042-0014-4000-8000-000000000000,completed,2026-06-27 12:44:37.043760+00:00,2026-06-27 12:44:37.203738+00:00
00000044-0011-4000-8000-000000000000,completed,2026-06-27 12:44:31.018657+00:00,2026-06-27 12:44:31.198058+00:00
00000007-0013-4000-8000-000000000000,completed,2026-06-27 12:44:33.501171+00:00,2026-06-27 12:44:33.659499+00:00
00000011-0013-4000-8000-000000000000,completed,2026-06-27 12:44:33.583221+00:00,2026-06-27 12:44:33.729703+00:00
00000017-0012-4000-8000-000000000000,completed,2026-06-27 12:44:31.976471+00:00,2026-06-27 12:44:32.142740+00:00
00000023-0012-4000-8000-000000000000,completed,2026-06-27 12:44:32.060475+00:00,2026-06-27 12:44:32.213059+00:00
00000027-0012-4000-8000-000000000000,completed,2026-06-27 12:44:32.318105+00:00,2026-06-27 12:44:32.497328+00:00
00000030-0012-4000-8000-000000000000,completed,2026-06-27 12:44:32.405072+00:00,2026-06-27 12:44:32.570409+00:00
00000026-0014-4000-8000-000000000000,completed,2026-06-27 12:44:36.260743+00:00,2026-06-27 12:44:36.418020+00:00
00000040-0012-4000-8000-000000000000,completed,2026-06-27 12:44:32.829379+00:00,2026-06-27 12:44:32.995802+00:00
00000039-0012-4000-8000-000000000000,completed,2026-06-27 12:44:32.915348+00:00,2026-06-27 12:44:33.073641+00:00
00000015-0013-4000-8000-000000000000,completed,2026-06-27 12:44:33.751523+00:00,2026-06-27 12:44:33.902659+00:00
00000013-0013-4000-8000-000000000000,completed,2026-06-27 12:44:33.834932+00:00,2026-06-27 12:44:33.981166+00:00
00000047-0012-4000-8000-000000000000,completed,2026-06-27 12:44:33.083712+00:00,2026-06-27 12:44:33.238439+00:00
00000044-0012-4000-8000-000000000000,completed,2026-06-27 12:44:33.167798+00:00,2026-06-27 12:44:33.328306+00:00
00000048-0012-4000-8000-000000000000,completed,2026-06-27 12:44:33.332804+00:00,2026-06-27 12:44:33.472330+00:00
00000047-0013-4000-8000-000000000000,completed,2026-06-27 12:44:35.142243+00:00,2026-06-27 12:44:35.299205+00:00
00000044-0013-4000-8000-000000000000,completed,2026-06-27 12:44:35.222780+00:00,2026-06-27 12:44:35.381341+00:00
00000027-0013-4000-8000-000000000000,completed,2026-06-27 12:44:34.410682+00:00,2026-06-27 12:44:34.554263+00:00
00000030-0013-4000-8000-000000000000,completed,2026-06-27 12:44:34.494207+00:00,2026-06-27 12:44:34.640278+00:00
00000040-0013-4000-8000-000000000000,completed,2026-06-27 12:44:34.907080+00:00,2026-06-27 12:44:35.052207+00:00
00000040-0014-4000-8000-000000000000,completed,2026-06-27 12:44:36.887382+00:00,2026-06-27 12:44:37.041115+00:00
00000005-0014-4000-8000-000000000000,completed,2026-06-27 12:44:35.944353+00:00,2026-06-27 12:44:36.098837+00:00
00000018-0014-4000-8000-000000000000,completed,2026-06-27 12:44:36.023274+00:00,2026-06-27 12:44:36.192263+00:00
00000034-0014-4000-8000-000000000000,completed,2026-06-27 12:44:36.574438+00:00,2026-06-27 12:44:36.709474+00:00
00000039-0014-4000-8000-000000000000,completed,2026-06-27 12:44:36.965200+00:00,2026-06-27 12:44:37.116814+00:00
00000005-0015-4000-8000-000000000000,completed,2026-06-27 12:44:37.890699+00:00,2026-06-27 12:44:38.088343+00:00
00000015-0015-4000-8000-000000000000,completed,2026-06-27 12:44:37.737896+00:00,2026-06-27 12:44:37.889975+00:00
00000023-0015-4000-8000-000000000000,completed,2026-06-27 12:44:38.119418+00:00,2026-06-27 12:44:38.297137+00:00
00000027-0015-4000-8000-000000000000,completed,2026-06-27 12:44:38.346584+00:00,2026-06-27 12:44:38.492980+00:00
00000040-0015-4000-8000-000000000000,completed,2026-06-27 12:44:38.798769+00:00,2026-06-27 12:44:38.942203+00:00
00000002-0015-4000-8000-000000000000,completed,2026-06-27 12:44:38.309459+00:00,2026-06-27 12:44:38.462816+00:00
00000046-0016-4000-8000-000000000000,completed,2026-06-27 12:44:41.045831+00:00,2026-06-27 12:44:41.229398+00:00
00000019-0014-4000-8000-000000000000,completed,2026-06-27 12:44:36.300019+00:00,2026-06-27 12:44:36.463096+00:00
00000029-0015-4000-8000-000000000000,completed,2026-06-27 12:44:38.386376+00:00,2026-06-27 12:44:38.532698+00:00
00000029-0014-4000-8000-000000000000,completed,2026-06-27 12:44:36.457446+00:00,2026-06-27 12:44:36.617993+00:00
00000021-0014-4000-8000-000000000000,completed,2026-06-27 12:44:36.536004+00:00,2026-06-27 12:44:36.715938+00:00
00000021-0015-4000-8000-000000000000,completed,2026-06-27 12:44:38.461369+00:00,2026-06-27 12:44:38.627083+00:00
00000038-0014-4000-8000-000000000000,completed,2026-06-27 12:44:36.925748+00:00,2026-06-27 12:44:37.088940+00:00
00000043-0014-4000-8000-000000000000,completed,2026-06-27 12:44:37.003098+00:00,2026-06-27 12:44:37.158526+00:00
00000028-0016-4000-8000-000000000000,completed,2026-06-27 12:44:40.611775+00:00,2026-06-27 12:44:40.782855+00:00
00000003-0015-4000-8000-000000000000,completed,2026-06-27 12:44:37.391043+00:00,2026-06-27 12:44:37.577858+00:00
00000009-0015-4000-8000-000000000000,completed,2026-06-27 12:44:37.469009+00:00,2026-06-27 12:44:37.642968+00:00
00000010-0015-4000-8000-000000000000,completed,2026-06-27 12:44:37.545481+00:00,2026-06-27 12:44:37.726500+00:00
00000049-0015-4000-8000-000000000000,completed,2026-06-27 12:44:39.145084+00:00,2026-06-27 12:44:39.299119+00:00
00000014-0015-4000-8000-000000000000,completed,2026-06-27 12:44:37.854777+00:00,2026-06-27 12:44:38.029770+00:00
00000002-0016-4000-8000-000000000000,completed,2026-06-27 12:44:40.173000+00:00,2026-06-27 12:44:40.344579+00:00
00000038-0016-4000-8000-000000000000,completed,2026-06-27 12:44:40.684200+00:00,2026-06-27 12:44:40.840992+00:00
00000003-0016-4000-8000-000000000000,completed,2026-06-27 12:44:39.288073+00:00,2026-06-27 12:44:39.452625+00:00
00000021-0016-4000-8000-000000000000,completed,2026-06-27 12:44:40.321631+00:00,2026-06-27 12:44:40.480391+00:00
00000009-0016-4000-8000-000000000000,completed,2026-06-27 12:44:39.361683+00:00,2026-06-27 12:44:39.539571+00:00
00000033-0016-4000-8000-000000000000,completed,2026-06-27 12:44:40.397274+00:00,2026-06-27 12:44:40.580938+00:00
00000001-0016-4000-8000-000000000000,completed,2026-06-27 12:44:39.507470+00:00,2026-06-27 12:44:39.664567+00:00
00000006-0016-4000-8000-000000000000,completed,2026-06-27 12:44:39.657819+00:00,2026-06-27 12:44:39.819684+00:00
00000045-0016-4000-8000-000000000000,completed,2026-06-27 12:44:40.901750+00:00,2026-06-27 12:44:41.043469+00:00
00000043-0016-4000-8000-000000000000,completed,2026-06-27 12:44:40.756459+00:00,2026-06-27 12:44:40.907866+00:00
00000049-0016-4000-8000-000000000000,completed,2026-06-27 12:44:40.976928+00:00,2026-06-27 12:44:41.139660+00:00
00000019-0017-4000-8000-000000000000,completed,2026-06-27 12:44:41.905717+00:00,2026-06-27 12:44:42.074161+00:00
00000006-0017-4000-8000-000000000000,completed,2026-06-27 12:44:41.476940+00:00,2026-06-27 12:44:41.633012+00:00
00000016-0017-4000-8000-000000000000,completed,2026-06-27 12:44:41.621159+00:00,2026-06-27 12:44:41.772806+00:00
00000020-0017-4000-8000-000000000000,completed,2026-06-27 12:44:41.764378+00:00,2026-06-27 12:44:41.931145+00:00
00000021-0017-4000-8000-000000000000,completed,2026-06-27 12:44:42.117109+00:00,2026-06-27 12:44:42.272648+00:00
00000030-0018-4000-8000-000000000000,completed,2026-06-27 12:44:43.825496+00:00,2026-06-27 12:44:43.994248+00:00
00000047-0015-4000-8000-000000000000,completed,2026-06-27 12:44:39.025163+00:00,2026-06-27 12:44:39.186910+00:00
00000018-0017-4000-8000-000000000000,completed,2026-06-27 12:44:41.655702+00:00,2026-06-27 12:44:41.830395+00:00
00000004-0016-4000-8000-000000000000,completed,2026-06-27 12:44:39.324774+00:00,2026-06-27 12:44:39.493255+00:00
00000023-0017-4000-8000-000000000000,completed,2026-06-27 12:44:41.800141+00:00,2026-06-27 12:44:41.976295+00:00
00000015-0016-4000-8000-000000000000,completed,2026-06-27 12:44:39.622668+00:00,2026-06-27 12:44:39.797184+00:00
00000037-0016-4000-8000-000000000000,completed,2026-06-27 12:44:40.430079+00:00,2026-06-27 12:44:40.572383+00:00
00000048-0017-4000-8000-000000000000,completed,2026-06-27 12:44:42.856118+00:00,2026-06-27 12:44:43.036576+00:00
00000031-0016-4000-8000-000000000000,completed,2026-06-27 12:44:40.578333+00:00,2026-06-27 12:44:40.733420+00:00
00000027-0017-4000-8000-000000000000,completed,2026-06-27 12:44:42.011998+00:00,2026-06-27 12:44:42.163358+00:00
00000042-0016-4000-8000-000000000000,completed,2026-06-27 12:44:40.792450+00:00,2026-06-27 12:44:40.942759+00:00
00000048-0016-4000-8000-000000000000,completed,2026-06-27 12:44:41.082509+00:00,2026-06-27 12:44:41.236456+00:00
00000004-0017-4000-8000-000000000000,completed,2026-06-27 12:44:41.155602+00:00,2026-06-27 12:44:41.332376+00:00
00000035-0017-4000-8000-000000000000,completed,2026-06-27 12:44:42.293911+00:00,2026-06-27 12:44:42.440173+00:00
00000015-0017-4000-8000-000000000000,completed,2026-06-27 12:44:41.441842+00:00,2026-06-27 12:44:41.608801+00:00
00000005-0017-4000-8000-000000000000,completed,2026-06-27 12:44:41.584995+00:00,2026-06-27 12:44:41.750086+00:00
00000011-0018-4000-8000-000000000000,completed,2026-06-27 12:44:43.064828+00:00,2026-06-27 12:44:43.248307+00:00
00000039-0017-4000-8000-000000000000,completed,2026-06-27 12:44:42.505458+00:00,2026-06-27 12:44:42.648329+00:00
00000030-0019-4000-8000-000000000000,completed,2026-06-27 12:44:45.517127+00:00,2026-06-27 12:44:45.688835+00:00
00000042-0017-4000-8000-000000000000,completed,2026-06-27 12:44:42.575513+00:00,2026-06-27 12:44:42.727165+00:00
00000047-0017-4000-8000-000000000000,completed,2026-06-27 12:44:42.646239+00:00,2026-06-27 12:44:42.821044+00:00
00000027-0018-4000-8000-000000000000,completed,2026-06-27 12:44:43.756593+00:00,2026-06-27 12:44:43.896535+00:00
00000012-0019-4000-8000-000000000000,completed,2026-06-27 12:44:44.851517+00:00,2026-06-27 12:44:45.016942+00:00
00000037-0018-4000-8000-000000000000,completed,2026-06-27 12:44:43.961765+00:00,2026-06-27 12:44:44.124558+00:00
00000035-0018-4000-8000-000000000000,completed,2026-06-27 12:44:44.032303+00:00,2026-06-27 12:44:44.183488+00:00
00000048-0018-4000-8000-000000000000,completed,2026-06-27 12:44:44.576977+00:00,2026-06-27 12:44:44.740819+00:00
00000039-0018-4000-8000-000000000000,completed,2026-06-27 12:44:44.237164+00:00,2026-06-27 12:44:44.406953+00:00
00000004-0019-4000-8000-000000000000,completed,2026-06-27 12:44:44.646985+00:00,2026-06-27 12:44:44.813620+00:00
00000005-0019-4000-8000-000000000000,completed,2026-06-27 12:44:45.049733+00:00,2026-06-27 12:44:45.206280+00:00
00000034-0019-4000-8000-000000000000,completed,2026-06-27 12:44:45.586519+00:00,2026-06-27 12:44:45.773298+00:00
00000027-0019-4000-8000-000000000000,completed,2026-06-27 12:44:45.451985+00:00,2026-06-27 12:44:45.616954+00:00
00000002-0019-4000-8000-000000000000,completed,2026-06-27 12:44:45.417879+00:00,2026-06-27 12:44:45.583193+00:00
00000028-0017-4000-8000-000000000000,completed,2026-06-27 12:44:42.401835+00:00,2026-06-27 12:44:42.550338+00:00
00000036-0018-4000-8000-000000000000,completed,2026-06-27 12:44:44.065007+00:00,2026-06-27 12:44:44.229907+00:00
00000041-0017-4000-8000-000000000000,completed,2026-06-27 12:44:42.610524+00:00,2026-06-27 12:44:42.768863+00:00
00000038-0018-4000-8000-000000000000,completed,2026-06-27 12:44:44.201756+00:00,2026-06-27 12:44:44.363835+00:00
00000046-0017-4000-8000-000000000000,completed,2026-06-27 12:44:42.820350+00:00,2026-06-27 12:44:42.978909+00:00
00000003-0018-4000-8000-000000000000,completed,2026-06-27 12:44:42.891251+00:00,2026-06-27 12:44:43.050462+00:00
00000009-0018-4000-8000-000000000000,completed,2026-06-27 12:44:42.959327+00:00,2026-06-27 12:44:43.102061+00:00
00000010-0018-4000-8000-000000000000,completed,2026-06-27 12:44:43.030400+00:00,2026-06-27 12:44:43.182401+00:00
00000028-0020-4000-8000-000000000000,completed,2026-06-27 12:44:47.456484+00:00,2026-06-27 12:44:47.628119+00:00
00000009-0019-4000-8000-000000000000,completed,2026-06-27 12:44:44.677895+00:00,2026-06-27 12:44:44.855433+00:00
00000002-0018-4000-8000-000000000000,completed,2026-06-27 12:44:43.721348+00:00,2026-06-27 12:44:43.873369+00:00
00000029-0018-4000-8000-000000000000,completed,2026-06-27 12:44:43.791083+00:00,2026-06-27 12:44:43.959795+00:00
00000021-0019-4000-8000-000000000000,completed,2026-06-27 12:44:45.551466+00:00,2026-06-27 12:44:45.733260+00:00
00000021-0018-4000-8000-000000000000,completed,2026-06-27 12:44:43.859455+00:00,2026-06-27 12:44:44.020102+00:00
00000032-0018-4000-8000-000000000000,completed,2026-06-27 12:44:43.999190+00:00,2026-06-27 12:44:44.171527+00:00
00000001-0019-4000-8000-000000000000,completed,2026-06-27 12:44:44.812986+00:00,2026-06-27 12:44:44.968373+00:00
00000008-0019-4000-8000-000000000000,completed,2026-06-27 12:44:44.881074+00:00,2026-06-27 12:44:45.056393+00:00
00000014-0019-4000-8000-000000000000,completed,2026-06-27 12:44:45.015991+00:00,2026-06-27 12:44:45.179930+00:00
00000046-0019-4000-8000-000000000000,completed,2026-06-27 12:44:46.215634+00:00,2026-06-27 12:44:46.373110+00:00
00000033-0019-4000-8000-000000000000,completed,2026-06-27 12:44:45.617898+00:00,2026-06-27 12:44:45.799464+00:00
00000003-0020-4000-8000-000000000000,completed,2026-06-27 12:44:46.281154+00:00,2026-06-27 12:44:46.470749+00:00
00000036-0019-4000-8000-000000000000,completed,2026-06-27 12:44:45.752497+00:00,2026-06-27 12:44:45.939441+00:00
00000028-0019-4000-8000-000000000000,completed,2026-06-27 12:44:45.818176+00:00,2026-06-27 12:44:45.991623+00:00
00000006-0020-4000-8000-000000000000,completed,2026-06-27 12:44:46.610092+00:00,2026-06-27 12:44:46.793143+00:00
00000020-0020-4000-8000-000000000000,completed,2026-06-27 12:44:46.870857+00:00,2026-06-27 12:44:47.068933+00:00
00000024-0020-4000-8000-000000000000,completed,2026-06-27 12:44:46.937625+00:00,2026-06-27 12:44:47.108203+00:00
00000002-0020-4000-8000-000000000000,completed,2026-06-27 12:44:47.065940+00:00,2026-06-27 12:44:47.247901+00:00
00000038-0020-4000-8000-000000000000,completed,2026-06-27 12:44:47.520809+00:00,2026-06-27 12:44:47.715353+00:00
00000036-0020-4000-8000-000000000000,completed,2026-06-27 12:44:47.390606+00:00,2026-06-27 12:44:47.549254+00:00
00000045-0020-4000-8000-000000000000,completed,2026-06-27 12:44:47.713919+00:00,2026-06-27 12:44:47.863780+00:00
00000044-0021-4000-8000-000000000000,completed,2026-06-27 12:44:49.335831+00:00,2026-06-27 12:44:49.494439+00:00
00000031-0019-4000-8000-000000000000,completed,2026-06-27 12:44:45.784981+00:00,2026-06-27 12:44:45.984673+00:00
00000040-0019-4000-8000-000000000000,completed,2026-06-27 12:44:45.850525+00:00,2026-06-27 12:44:46.066269+00:00
00000039-0019-4000-8000-000000000000,completed,2026-06-27 12:44:45.916739+00:00,2026-06-27 12:44:46.095442+00:00
00000047-0019-4000-8000-000000000000,completed,2026-06-27 12:44:46.049662+00:00,2026-06-27 12:44:46.222172+00:00
00000050-0020-4000-8000-000000000000,completed,2026-06-27 12:44:47.811015+00:00,2026-06-27 12:44:48.009338+00:00
00000048-0021-4000-8000-000000000000,completed,2026-06-27 12:44:49.462478+00:00,2026-06-27 12:44:49.645782+00:00
00000030-0020-4000-8000-000000000000,completed,2026-06-27 12:44:47.166140+00:00,2026-06-27 12:44:47.332613+00:00
00000048-0020-4000-8000-000000000000,completed,2026-06-27 12:44:47.875656+00:00,2026-06-27 12:44:48.047181+00:00
00000037-0020-4000-8000-000000000000,completed,2026-06-27 12:44:47.293147+00:00,2026-06-27 12:44:47.481468+00:00
00000030-0021-4000-8000-000000000000,completed,2026-06-27 12:44:48.769115+00:00,2026-06-27 12:44:48.956023+00:00
00000035-0020-4000-8000-000000000000,completed,2026-06-27 12:44:47.358379+00:00,2026-06-27 12:44:47.559375+00:00
00000031-0020-4000-8000-000000000000,completed,2026-06-27 12:44:47.425016+00:00,2026-06-27 12:44:47.613037+00:00
00000004-0021-4000-8000-000000000000,completed,2026-06-27 12:44:47.941860+00:00,2026-06-27 12:44:48.120961+00:00
00000040-0020-4000-8000-000000000000,completed,2026-06-27 12:44:47.489172+00:00,2026-06-27 12:44:47.646628+00:00
00000042-0020-4000-8000-000000000000,completed,2026-06-27 12:44:47.616392+00:00,2026-06-27 12:44:47.826741+00:00
00000034-0021-4000-8000-000000000000,completed,2026-06-27 12:44:48.830915+00:00,2026-06-27 12:44:49.000447+00:00
00000007-0021-4000-8000-000000000000,completed,2026-06-27 12:44:48.003449+00:00,2026-06-27 12:44:48.177397+00:00
00000011-0021-4000-8000-000000000000,completed,2026-06-27 12:44:48.067997+00:00,2026-06-27 12:44:48.230161+00:00
00000012-0021-4000-8000-000000000000,completed,2026-06-27 12:44:48.130723+00:00,2026-06-27 12:44:48.311548+00:00
00000026-0021-4000-8000-000000000000,completed,2026-06-27 12:44:48.577680+00:00,2026-06-27 12:44:48.741398+00:00
00000023-0023-4000-8000-000000000000,completed,2026-06-27 12:44:51.616347+00:00,2026-06-27 12:44:51.828094+00:00
00000047-0021-4000-8000-000000000000,completed,2026-06-27 12:44:49.271825+00:00,2026-06-27 12:44:49.438595+00:00
00000025-0022-4000-8000-000000000000,completed,2026-06-27 12:44:50.206434+00:00,2026-06-27 12:44:50.413741+00:00
00000047-0022-4000-8000-000000000000,completed,2026-06-27 12:44:50.824628+00:00,2026-06-27 12:44:51.001401+00:00
00000011-0022-4000-8000-000000000000,completed,2026-06-27 12:44:49.650200+00:00,2026-06-27 12:44:49.820449+00:00
00000012-0022-4000-8000-000000000000,completed,2026-06-27 12:44:49.711260+00:00,2026-06-27 12:44:49.933749+00:00
00000031-0022-4000-8000-000000000000,completed,2026-06-27 12:44:50.576974+00:00,2026-06-27 12:44:50.772823+00:00
00000040-0022-4000-8000-000000000000,completed,2026-06-27 12:44:50.644554+00:00,2026-06-27 12:44:50.807827+00:00
00000017-0023-4000-8000-000000000000,completed,2026-06-27 12:44:51.556779+00:00,2026-06-27 12:44:51.782168+00:00
00000034-0023-4000-8000-000000000000,completed,2026-06-27 12:44:51.917697+00:00,2026-06-27 12:44:52.139793+00:00
00000049-0021-4000-8000-000000000000,completed,2026-06-27 12:44:49.365813+00:00,2026-06-27 12:44:49.567685+00:00
00000049-0020-4000-8000-000000000000,completed,2026-06-27 12:44:47.780110+00:00,2026-06-27 12:44:47.961312+00:00
00000033-0023-4000-8000-000000000000,completed,2026-06-27 12:44:51.947896+00:00,2026-06-27 12:44:52.144817+00:00
00000046-0020-4000-8000-000000000000,completed,2026-06-27 12:44:47.849716+00:00,2026-06-27 12:44:48.020522+00:00
00000009-0021-4000-8000-000000000000,completed,2026-06-27 12:44:47.971603+00:00,2026-06-27 12:44:48.140690+00:00
00000010-0021-4000-8000-000000000000,completed,2026-06-27 12:44:48.034559+00:00,2026-06-27 12:44:48.198549+00:00
00000006-0021-4000-8000-000000000000,completed,2026-06-27 12:44:48.227097+00:00,2026-06-27 12:44:48.426492+00:00
00000010-0022-4000-8000-000000000000,completed,2026-06-27 12:44:49.623173+00:00,2026-06-27 12:44:49.808296+00:00
00000020-0021-4000-8000-000000000000,completed,2026-06-27 12:44:48.480146+00:00,2026-06-27 12:44:48.649133+00:00
00000024-0021-4000-8000-000000000000,completed,2026-06-27 12:44:48.547477+00:00,2026-06-27 12:44:48.725694+00:00
00000029-0021-4000-8000-000000000000,completed,2026-06-27 12:44:48.739602+00:00,2026-06-27 12:44:48.909572+00:00
00000021-0021-4000-8000-000000000000,completed,2026-06-27 12:44:48.798457+00:00,2026-06-27 12:44:48.965073+00:00
00000049-0022-4000-8000-000000000000,completed,2026-06-27 12:44:50.914799+00:00,2026-06-27 12:44:51.113241+00:00
00000045-0021-4000-8000-000000000000,completed,2026-06-27 12:44:49.303673+00:00,2026-06-27 12:44:49.498931+00:00
00000008-0022-4000-8000-000000000000,completed,2026-06-27 12:44:49.740814+00:00,2026-06-27 12:44:49.961356+00:00
00000006-0022-4000-8000-000000000000,completed,2026-06-27 12:44:49.804291+00:00,2026-06-27 12:44:50.019118+00:00
00000014-0022-4000-8000-000000000000,completed,2026-06-27 12:44:49.865412+00:00,2026-06-27 12:44:50.086039+00:00
00000033-0022-4000-8000-000000000000,completed,2026-06-27 12:44:50.426395+00:00,2026-06-27 12:44:50.601489+00:00
00000032-0022-4000-8000-000000000000,completed,2026-06-27 12:44:50.486284+00:00,2026-06-27 12:44:50.670944+00:00
00000009-0023-4000-8000-000000000000,completed,2026-06-27 12:44:51.098497+00:00,2026-06-27 12:44:51.260125+00:00
00000003-0023-4000-8000-000000000000,completed,2026-06-27 12:44:51.039038+00:00,2026-06-27 12:44:51.287672+00:00
00000010-0023-4000-8000-000000000000,completed,2026-06-27 12:44:51.158465+00:00,2026-06-27 12:44:51.363468+00:00
00000016-0023-4000-8000-000000000000,completed,2026-06-27 12:44:51.465013+00:00,2026-06-27 12:44:51.703886+00:00
00000002-0023-4000-8000-000000000000,completed,2026-06-27 12:44:51.766472+00:00,2026-06-27 12:44:51.981095+00:00
00000022-0023-4000-8000-000000000000,completed,2026-06-27 12:44:51.525289+00:00,2026-06-27 12:44:51.773392+00:00
00000024-0023-4000-8000-000000000000,completed,2026-06-27 12:44:51.646657+00:00,2026-06-27 12:44:51.925016+00:00
00000021-0023-4000-8000-000000000000,completed,2026-06-27 12:44:51.888103+00:00,2026-06-27 12:44:52.135348+00:00
00000049-0023-4000-8000-000000000000,completed,2026-06-27 12:44:52.429474+00:00,2026-06-27 12:44:52.635313+00:00
00000038-0023-4000-8000-000000000000,completed,2026-06-27 12:44:52.187990+00:00,2026-06-27 12:44:52.401484+00:00
00000041-0023-4000-8000-000000000000,completed,2026-06-27 12:44:52.310742+00:00,2026-06-27 12:44:52.499615+00:00
00000001-0024-4000-8000-000000000000,completed,2026-06-27 12:44:52.726552+00:00,2026-06-27 12:44:52.950558+00:00
00000030-0026-4000-8000-000000000000,completed,2026-06-27 12:44:56.242653+00:00,2026-06-27 12:44:56.487860+00:00
00000037-0023-4000-8000-000000000000,completed,2026-06-27 12:44:51.982037+00:00,2026-06-27 12:44:52.233262+00:00
00000039-0024-4000-8000-000000000000,completed,2026-06-27 12:44:53.702325+00:00,2026-06-27 12:44:53.947059+00:00
00000040-0023-4000-8000-000000000000,completed,2026-06-27 12:44:52.161128+00:00,2026-06-27 12:44:52.407561+00:00
00000047-0024-4000-8000-000000000000,completed,2026-06-27 12:44:53.820779+00:00,2026-06-27 12:44:54.057567+00:00
00000047-0023-4000-8000-000000000000,completed,2026-06-27 12:44:52.340023+00:00,2026-06-27 12:44:52.582331+00:00
00000048-0023-4000-8000-000000000000,completed,2026-06-27 12:44:52.518553+00:00,2026-06-27 12:44:52.720639+00:00
00000004-0024-4000-8000-000000000000,completed,2026-06-27 12:44:52.580443+00:00,2026-06-27 12:44:52.783089+00:00
00000044-0024-4000-8000-000000000000,completed,2026-06-27 12:44:53.879152+00:00,2026-06-27 12:44:54.084536+00:00
00000005-0024-4000-8000-000000000000,completed,2026-06-27 12:44:52.936607+00:00,2026-06-27 12:44:53.141456+00:00
00000027-0024-4000-8000-000000000000,completed,2026-06-27 12:44:53.290870+00:00,2026-06-27 12:44:53.464494+00:00
00000030-0024-4000-8000-000000000000,completed,2026-06-27 12:44:53.350706+00:00,2026-06-27 12:44:53.545565+00:00
00000027-0025-4000-8000-000000000000,completed,2026-06-27 12:44:54.756811+00:00,2026-06-27 12:44:54.968976+00:00
00000035-0024-4000-8000-000000000000,completed,2026-06-27 12:44:53.527282+00:00,2026-06-27 12:44:53.763674+00:00
00000050-0025-4000-8000-000000000000,completed,2026-06-27 12:44:55.384840+00:00,2026-06-27 12:44:55.593288+00:00
00000034-0025-4000-8000-000000000000,completed,2026-06-27 12:44:54.868408+00:00,2026-06-27 12:44:55.037320+00:00
00000048-0024-4000-8000-000000000000,completed,2026-06-27 12:44:54.001277+00:00,2026-06-27 12:44:54.296041+00:00
00000011-0025-4000-8000-000000000000,completed,2026-06-27 12:44:54.181463+00:00,2026-06-27 12:44:54.370112+00:00
00000012-0025-4000-8000-000000000000,completed,2026-06-27 12:44:54.230316+00:00,2026-06-27 12:44:54.489640+00:00
00000048-0025-4000-8000-000000000000,completed,2026-06-27 12:44:55.442404+00:00,2026-06-27 12:44:55.679333+00:00
00000025-0025-4000-8000-000000000000,completed,2026-06-27 12:44:54.695724+00:00,2026-06-27 12:44:54.892717+00:00
00000037-0025-4000-8000-000000000000,completed,2026-06-27 12:44:54.925655+00:00,2026-06-27 12:44:55.187179+00:00
00000031-0025-4000-8000-000000000000,completed,2026-06-27 12:44:55.050180+00:00,2026-06-27 12:44:55.231224+00:00
00000040-0026-4000-8000-000000000000,completed,2026-06-27 12:44:56.522481+00:00,2026-06-27 12:44:56.791151+00:00
00000013-0026-4000-8000-000000000000,completed,2026-06-27 12:44:55.786153+00:00,2026-06-27 12:44:56.036607+00:00
00000027-0026-4000-8000-000000000000,completed,2026-06-27 12:44:56.184969+00:00,2026-06-27 12:44:56.461647+00:00
00000039-0026-4000-8000-000000000000,completed,2026-06-27 12:44:56.578988+00:00,2026-06-27 12:44:56.858630+00:00
00000035-0026-4000-8000-000000000000,completed,2026-06-27 12:44:56.413608+00:00,2026-06-27 12:44:56.674448+00:00
00000031-0026-4000-8000-000000000000,completed,2026-06-27 12:44:56.467970+00:00,2026-06-27 12:44:56.759242+00:00
00000050-0026-4000-8000-000000000000,completed,2026-06-27 12:44:56.804827+00:00,2026-06-27 12:44:57.074904+00:00
00000007-0027-4000-8000-000000000000,completed,2026-06-27 12:44:56.972006+00:00,2026-06-27 12:44:57.261124+00:00
00000033-0026-4000-8000-000000000000,completed,2026-06-27 12:44:56.325651+00:00,2026-06-27 12:44:56.569018+00:00
00000008-0024-4000-8000-000000000000,completed,2026-06-27 12:44:52.788159+00:00,2026-06-27 12:44:52.955117+00:00
00000008-0026-4000-8000-000000000000,completed,2026-06-27 12:44:55.699852+00:00,2026-06-27 12:44:55.950406+00:00
00000022-0024-4000-8000-000000000000,completed,2026-06-27 12:44:53.024081+00:00,2026-06-27 12:44:53.237967+00:00
00000020-0024-4000-8000-000000000000,completed,2026-06-27 12:44:53.083585+00:00,2026-06-27 12:44:53.268846+00:00
00000024-0025-4000-8000-000000000000,completed,2026-06-27 12:44:54.606680+00:00,2026-06-27 12:44:54.849182+00:00
00000014-0026-4000-8000-000000000000,completed,2026-06-27 12:44:55.814067+00:00,2026-06-27 12:44:56.012781+00:00
00000021-0025-4000-8000-000000000000,completed,2026-06-27 12:44:54.840017+00:00,2026-06-27 12:44:55.042808+00:00
00000033-0025-4000-8000-000000000000,completed,2026-06-27 12:44:54.895711+00:00,2026-06-27 12:44:55.138274+00:00
00000016-0026-4000-8000-000000000000,completed,2026-06-27 12:44:55.870749+00:00,2026-06-27 12:44:56.122670+00:00
00000032-0025-4000-8000-000000000000,completed,2026-06-27 12:44:54.954529+00:00,2026-06-27 12:44:55.209405+00:00
00000028-0025-4000-8000-000000000000,completed,2026-06-27 12:44:55.070541+00:00,2026-06-27 12:44:55.295339+00:00
00000032-0026-4000-8000-000000000000,completed,2026-06-27 12:44:56.385329+00:00,2026-06-27 12:44:56.689002+00:00
00000028-0027-4000-8000-000000000000,completed,2026-06-27 12:44:57.892408+00:00,2026-06-27 12:44:58.252797+00:00
00000046-0025-4000-8000-000000000000,completed,2026-06-27 12:44:55.413352+00:00,2026-06-27 12:44:55.641367+00:00
00000003-0026-4000-8000-000000000000,completed,2026-06-27 12:44:55.474181+00:00,2026-06-27 12:44:55.678985+00:00
00000024-0026-4000-8000-000000000000,completed,2026-06-27 12:44:56.041879+00:00,2026-06-27 12:44:56.297283+00:00
00000019-0026-4000-8000-000000000000,completed,2026-06-27 12:44:56.098856+00:00,2026-06-27 12:44:56.366718+00:00
00000001-0027-4000-8000-000000000000,completed,2026-06-27 12:44:57.056357+00:00,2026-06-27 12:44:57.309232+00:00
00000029-0026-4000-8000-000000000000,completed,2026-06-27 12:44:56.211285+00:00,2026-06-27 12:44:56.494930+00:00
00000043-0026-4000-8000-000000000000,completed,2026-06-27 12:44:56.613660+00:00,2026-06-27 12:44:56.866667+00:00
00000045-0026-4000-8000-000000000000,completed,2026-06-27 12:44:56.722465+00:00,2026-06-27 12:44:57.007361+00:00
00000049-0026-4000-8000-000000000000,completed,2026-06-27 12:44:56.778075+00:00,2026-06-27 12:44:57.053170+00:00
00000022-0027-4000-8000-000000000000,completed,2026-06-27 12:44:57.335778+00:00,2026-06-27 12:44:57.682302+00:00
00000020-0027-4000-8000-000000000000,completed,2026-06-27 12:44:57.390630+00:00,2026-06-27 12:44:57.701512+00:00
00000019-0027-4000-8000-000000000000,completed,2026-06-27 12:44:57.503214+00:00,2026-06-27 12:44:57.840807+00:00
00000002-0027-4000-8000-000000000000,completed,2026-06-27 12:44:57.558167+00:00,2026-06-27 12:44:57.903314+00:00
00000021-0027-4000-8000-000000000000,completed,2026-06-27 12:44:57.669061+00:00,2026-06-27 12:44:58.020384+00:00
00000038-0027-4000-8000-000000000000,completed,2026-06-27 12:44:57.948330+00:00,2026-06-27 12:44:58.353591+00:00
00000033-0027-4000-8000-000000000000,completed,2026-06-27 12:44:57.725447+00:00,2026-06-27 12:44:58.106298+00:00
00000036-0027-4000-8000-000000000000,completed,2026-06-27 12:44:57.836181+00:00,2026-06-27 12:44:58.214580+00:00
00000015-0028-4000-8000-000000000000,completed,2026-06-27 12:44:58.525179+00:00,2026-06-27 12:44:58.921852+00:00
00000013-0028-4000-8000-000000000000,completed,2026-06-27 12:44:58.579467+00:00,2026-06-27 12:44:58.976545+00:00
00000012-0027-4000-8000-000000000000,completed,2026-06-27 12:44:57.085869+00:00,2026-06-27 12:44:57.375598+00:00
00000015-0027-4000-8000-000000000000,completed,2026-06-27 12:44:57.139962+00:00,2026-06-27 12:44:57.453093+00:00
00000013-0027-4000-8000-000000000000,completed,2026-06-27 12:44:57.197775+00:00,2026-06-27 12:44:57.478928+00:00
00000018-0027-4000-8000-000000000000,completed,2026-06-27 12:44:57.309036+00:00,2026-06-27 12:44:57.629841+00:00
00000017-0028-4000-8000-000000000000,completed,2026-06-27 12:44:58.743716+00:00,2026-06-27 12:44:59.159639+00:00
00000030-0027-4000-8000-000000000000,completed,2026-06-27 12:44:57.642112+00:00,2026-06-27 12:44:58.044453+00:00
00000040-0027-4000-8000-000000000000,completed,2026-06-27 12:44:57.921961+00:00,2026-06-27 12:44:58.326641+00:00
00000004-0029-4000-8000-000000000000,completed,2026-06-27 12:44:59.667273+00:00,2026-06-27 12:45:00.154027+00:00
00000045-0027-4000-8000-000000000000,completed,2026-06-27 12:44:58.084337+00:00,2026-06-27 12:44:58.503435+00:00
00000004-0028-4000-8000-000000000000,completed,2026-06-27 12:44:58.303990+00:00,2026-06-27 12:44:58.722167+00:00
00000007-0028-4000-8000-000000000000,completed,2026-06-27 12:44:58.361011+00:00,2026-06-27 12:44:58.729860+00:00
00000007-0029-4000-8000-000000000000,completed,2026-06-27 12:44:59.722669+00:00,2026-06-27 12:45:00.288320+00:00
00000037-0028-4000-8000-000000000000,completed,2026-06-27 12:44:59.125287+00:00,2026-06-27 12:44:59.581518+00:00
00000049-0029-4000-8000-000000000000,completed,2026-06-27 12:45:00.848970+00:00,2026-06-27 12:45:01.618515+00:00
00000026-0029-4000-8000-000000000000,completed,2026-06-27 12:45:00.206777+00:00,2026-06-27 12:45:00.805803+00:00
00000041-0028-4000-8000-000000000000,completed,2026-06-27 12:44:59.396558+00:00,2026-06-27 12:44:59.884246+00:00
00000045-0028-4000-8000-000000000000,completed,2026-06-27 12:44:59.450976+00:00,2026-06-27 12:44:59.923643+00:00
00000049-0028-4000-8000-000000000000,completed,2026-06-27 12:44:59.505975+00:00,2026-06-27 12:44:59.996481+00:00
00000030-0030-4000-8000-000000000000,completed,2026-06-27 12:45:01.694709+00:00,2026-06-27 12:45:02.834291+00:00
00000027-0081-4000-8000-000000000000,completed,2026-06-27 12:46:05.488751+00:00,2026-06-27 12:46:20.489937+00:00
00000048-0029-4000-8000-000000000000,completed,2026-06-27 12:45:00.952421+00:00,2026-06-27 12:45:01.847040+00:00
00000013-0030-4000-8000-000000000000,completed,2026-06-27 12:45:01.270331+00:00,2026-06-27 12:45:02.318010+00:00
00000012-0030-4000-8000-000000000000,completed,2026-06-27 12:45:01.165891+00:00,2026-06-27 12:45:02.087916+00:00
00000041-0030-4000-8000-000000000000,completed,2026-06-27 12:45:02.060448+00:00,2026-06-27 12:45:03.290411+00:00
00000027-0030-4000-8000-000000000000,completed,2026-06-27 12:45:01.644619+00:00,2026-06-27 12:45:02.733667+00:00
00000004-0031-4000-8000-000000000000,completed,2026-06-27 12:45:02.322365+00:00,2026-06-27 12:45:03.657087+00:00
00000040-0030-4000-8000-000000000000,completed,2026-06-27 12:45:01.954440+00:00,2026-06-27 12:45:03.186992+00:00
00000048-0030-4000-8000-000000000000,completed,2026-06-27 12:45:02.267967+00:00,2026-06-27 12:45:03.557208+00:00
00000012-0031-4000-8000-000000000000,completed,2026-06-27 12:45:02.477975+00:00,2026-06-27 12:45:03.850718+00:00
00000008-0030-4000-8000-000000000000,completed,2026-06-27 12:45:01.190395+00:00,2026-06-27 12:45:02.146950+00:00
00000038-0028-4000-8000-000000000000,completed,2026-06-27 12:44:59.315809+00:00,2026-06-27 12:44:59.753279+00:00
00000042-0027-4000-8000-000000000000,completed,2026-06-27 12:44:58.002504+00:00,2026-06-27 12:44:58.385089+00:00
00000042-0028-4000-8000-000000000000,completed,2026-06-27 12:44:59.371598+00:00,2026-06-27 12:44:59.882082+00:00
00000044-0027-4000-8000-000000000000,completed,2026-06-27 12:44:58.112223+00:00,2026-06-27 12:44:58.530021+00:00
00000016-0029-4000-8000-000000000000,completed,2026-06-27 12:45:00.017644+00:00,2026-06-27 12:45:00.582065+00:00
00000050-0027-4000-8000-000000000000,completed,2026-06-27 12:44:58.167225+00:00,2026-06-27 12:44:58.548068+00:00
00000046-0027-4000-8000-000000000000,completed,2026-06-27 12:44:58.221697+00:00,2026-06-27 12:44:58.595898+00:00
00000047-0028-4000-8000-000000000000,completed,2026-06-27 12:44:59.423027+00:00,2026-06-27 12:44:59.906861+00:00
00000003-0028-4000-8000-000000000000,completed,2026-06-27 12:44:58.276839+00:00,2026-06-27 12:44:58.714549+00:00
00000010-0028-4000-8000-000000000000,completed,2026-06-27 12:44:58.390209+00:00,2026-06-27 12:44:58.786056+00:00
00000016-0028-4000-8000-000000000000,completed,2026-06-27 12:44:58.661846+00:00,2026-06-27 12:44:59.078850+00:00
00000044-0028-4000-8000-000000000000,completed,2026-06-27 12:44:59.479361+00:00,2026-06-27 12:44:59.945383+00:00
00000021-0028-4000-8000-000000000000,completed,2026-06-27 12:44:59.043840+00:00,2026-06-27 12:44:59.537298+00:00
00000020-0029-4000-8000-000000000000,completed,2026-06-27 12:45:00.126094+00:00,2026-06-27 12:45:00.742121+00:00
00000046-0028-4000-8000-000000000000,completed,2026-06-27 12:44:59.587012+00:00,2026-06-27 12:45:00.057141+00:00
00000050-0028-4000-8000-000000000000,completed,2026-06-27 12:44:59.532068+00:00,2026-06-27 12:45:00.068489+00:00
00000036-0029-4000-8000-000000000000,completed,2026-06-27 12:45:00.552491+00:00,2026-06-27 12:45:01.266813+00:00
00000014-0029-4000-8000-000000000000,completed,2026-06-27 12:44:59.962845+00:00,2026-06-27 12:45:00.533250+00:00
00000019-0029-4000-8000-000000000000,completed,2026-06-27 12:45:00.235834+00:00,2026-06-27 12:45:00.881354+00:00
00000047-0029-4000-8000-000000000000,completed,2026-06-27 12:45:00.767524+00:00,2026-06-27 12:45:01.668980+00:00
00000038-0029-4000-8000-000000000000,completed,2026-06-27 12:45:00.659978+00:00,2026-06-27 12:45:01.365667+00:00
00000009-0030-4000-8000-000000000000,completed,2026-06-27 12:45:01.032089+00:00,2026-06-27 12:45:01.887798+00:00
00000006-0030-4000-8000-000000000000,completed,2026-06-27 12:45:01.245591+00:00,2026-06-27 12:45:02.253547+00:00
00000050-0029-4000-8000-000000000000,completed,2026-06-27 12:45:00.877659+00:00,2026-06-27 12:45:01.724560+00:00
00000010-0030-4000-8000-000000000000,completed,2026-06-27 12:45:01.085045+00:00,2026-06-27 12:45:02.053854+00:00
00000028-0030-4000-8000-000000000000,completed,2026-06-27 12:45:01.944013+00:00,2026-06-27 12:45:03.125665+00:00
00000033-0030-4000-8000-000000000000,completed,2026-06-27 12:45:01.770151+00:00,2026-06-27 12:45:02.934961+00:00
00000032-0030-4000-8000-000000000000,completed,2026-06-27 12:45:01.822530+00:00,2026-06-27 12:45:03.027203+00:00
00000050-0030-4000-8000-000000000000,completed,2026-06-27 12:45:02.189962+00:00,2026-06-27 12:45:03.456072+00:00
00000003-0031-4000-8000-000000000000,completed,2026-06-27 12:45:02.295171+00:00,2026-06-27 12:45:03.650844+00:00
00000026-0030-4000-8000-000000000000,completed,2026-06-27 12:45:01.535589+00:00,2026-06-27 12:45:02.534828+00:00
00000046-0031-4000-8000-000000000000,completed,2026-06-27 12:45:03.535335+00:00,2026-06-27 12:45:05.354760+00:00
00000009-0031-4000-8000-000000000000,completed,2026-06-27 12:45:02.347274+00:00,2026-06-27 12:45:03.746339+00:00
00000010-0031-4000-8000-000000000000,completed,2026-06-27 12:45:02.399400+00:00,2026-06-27 12:45:03.761785+00:00
00000024-0032-4000-8000-000000000000,completed,2026-06-27 12:45:04.098428+00:00,2026-06-27 12:45:06.107591+00:00
00000016-0031-4000-8000-000000000000,completed,2026-06-27 12:45:02.659317+00:00,2026-06-27 12:45:04.202241+00:00
00000036-0031-4000-8000-000000000000,completed,2026-06-27 12:45:03.174884+00:00,2026-06-27 12:45:04.921511+00:00
00000001-0032-4000-8000-000000000000,completed,2026-06-27 12:45:03.740731+00:00,2026-06-27 12:45:05.676510+00:00
00000038-0031-4000-8000-000000000000,completed,2026-06-27 12:45:03.278036+00:00,2026-06-27 12:45:05.083407+00:00
00000042-0031-4000-8000-000000000000,completed,2026-06-27 12:45:03.329803+00:00,2026-06-27 12:45:05.152937+00:00
00000019-0032-4000-8000-000000000000,completed,2026-06-27 12:45:04.149665+00:00,2026-06-27 12:45:06.210504+00:00
00000006-0032-4000-8000-000000000000,completed,2026-06-27 12:45:03.845244+00:00,2026-06-27 12:45:05.790765+00:00
00000002-0032-4000-8000-000000000000,completed,2026-06-27 12:45:04.208352+00:00,2026-06-27 12:45:06.224519+00:00
00000046-0032-4000-8000-000000000000,completed,2026-06-27 12:45:04.807765+00:00,2026-06-27 12:45:07.077247+00:00
00000022-0032-4000-8000-000000000000,completed,2026-06-27 12:45:03.996651+00:00,2026-06-27 12:45:05.998033+00:00
00000029-0033-4000-8000-000000000000,completed,2026-06-27 12:45:05.512368+00:00,2026-06-27 12:45:07.922608+00:00
00000003-0033-4000-8000-000000000000,completed,2026-06-27 12:45:04.861157+00:00,2026-06-27 12:45:07.055041+00:00
00000009-0033-4000-8000-000000000000,completed,2026-06-27 12:45:04.908611+00:00,2026-06-27 12:45:07.153698+00:00
00000014-0033-4000-8000-000000000000,completed,2026-06-27 12:45:05.163926+00:00,2026-06-27 12:45:07.486078+00:00
00000020-0033-4000-8000-000000000000,completed,2026-06-27 12:45:05.312310+00:00,2026-06-27 12:45:07.667028+00:00
00000003-0034-4000-8000-000000000000,completed,2026-06-27 12:45:06.112860+00:00,2026-06-27 12:45:08.677891+00:00
00000002-0033-4000-8000-000000000000,completed,2026-06-27 12:45:05.461861+00:00,2026-06-27 12:45:07.841047+00:00
00000002-0034-4000-8000-000000000000,completed,2026-06-27 12:45:06.712853+00:00,2026-06-27 12:45:09.414229+00:00
00000046-0033-4000-8000-000000000000,completed,2026-06-27 12:45:06.060746+00:00,2026-06-27 12:45:08.632117+00:00
00000021-0034-4000-8000-000000000000,completed,2026-06-27 12:45:06.813301+00:00,2026-06-27 12:45:09.589930+00:00
00000009-0035-4000-8000-000000000000,completed,2026-06-27 12:45:07.411169+00:00,2026-06-27 12:45:10.340142+00:00
00000019-0034-4000-8000-000000000000,completed,2026-06-27 12:45:06.662296+00:00,2026-06-27 12:45:09.405938+00:00
00000033-0034-4000-8000-000000000000,completed,2026-06-27 12:45:06.861054+00:00,2026-06-27 12:45:09.573458+00:00
00000044-0034-4000-8000-000000000000,completed,2026-06-27 12:45:07.212936+00:00,2026-06-27 12:45:10.088529+00:00
00000003-0035-4000-8000-000000000000,completed,2026-06-27 12:45:07.362183+00:00,2026-06-27 12:45:10.314776+00:00
00000006-0035-4000-8000-000000000000,completed,2026-06-27 12:45:07.612917+00:00,2026-06-27 12:45:10.586717+00:00
00000025-0032-4000-8000-000000000000,completed,2026-06-27 12:45:04.173854+00:00,2026-06-27 12:45:06.192225+00:00
00000004-0032-4000-8000-000000000000,completed,2026-06-27 12:45:03.612929+00:00,2026-06-27 12:45:05.515314+00:00
00000005-0031-4000-8000-000000000000,completed,2026-06-27 12:45:02.634940+00:00,2026-06-27 12:45:04.110929+00:00
00000018-0031-4000-8000-000000000000,completed,2026-06-27 12:45:02.684971+00:00,2026-06-27 12:45:04.235031+00:00
00000017-0031-4000-8000-000000000000,completed,2026-06-27 12:45:02.739494+00:00,2026-06-27 12:45:04.258867+00:00
00000030-0033-4000-8000-000000000000,completed,2026-06-27 12:45:05.537923+00:00,2026-06-27 12:45:07.966036+00:00
00000026-0031-4000-8000-000000000000,completed,2026-06-27 12:45:02.840159+00:00,2026-06-27 12:45:04.455106+00:00
00000025-0031-4000-8000-000000000000,completed,2026-06-27 12:45:02.891708+00:00,2026-06-27 12:45:04.474735+00:00
00000034-0031-4000-8000-000000000000,completed,2026-06-27 12:45:03.050331+00:00,2026-06-27 12:45:04.711461+00:00
00000045-0031-4000-8000-000000000000,completed,2026-06-27 12:45:03.407556+00:00,2026-06-27 12:45:05.129242+00:00
00000013-0032-4000-8000-000000000000,completed,2026-06-27 12:45:03.868296+00:00,2026-06-27 12:45:05.848535+00:00
00000017-0032-4000-8000-000000000000,completed,2026-06-27 12:45:04.023901+00:00,2026-06-27 12:45:06.016678+00:00
00000037-0032-4000-8000-000000000000,completed,2026-06-27 12:45:04.378867+00:00,2026-06-27 12:45:06.393905+00:00
00000034-0032-4000-8000-000000000000,completed,2026-06-27 12:45:04.328689+00:00,2026-06-27 12:45:06.407984+00:00
00000035-0032-4000-8000-000000000000,completed,2026-06-27 12:45:04.430291+00:00,2026-06-27 12:45:06.618681+00:00
00000015-0033-4000-8000-000000000000,completed,2026-06-27 12:45:05.088172+00:00,2026-06-27 12:45:07.408990+00:00
00000012-0033-4000-8000-000000000000,completed,2026-06-27 12:45:05.033903+00:00,2026-06-27 12:45:07.312455+00:00
00000017-0033-4000-8000-000000000000,completed,2026-06-27 12:45:05.286350+00:00,2026-06-27 12:45:07.708029+00:00
00000004-0034-4000-8000-000000000000,completed,2026-06-27 12:45:06.137924+00:00,2026-06-27 12:45:08.705158+00:00
00000027-0033-4000-8000-000000000000,completed,2026-06-27 12:45:05.487116+00:00,2026-06-27 12:45:07.892912+00:00
00000041-0033-4000-8000-000000000000,completed,2026-06-27 12:45:05.887482+00:00,2026-06-27 12:45:08.416389+00:00
00000031-0033-4000-8000-000000000000,completed,2026-06-27 12:45:05.737513+00:00,2026-06-27 12:45:08.227087+00:00
00000039-0033-4000-8000-000000000000,completed,2026-06-27 12:45:05.840316+00:00,2026-06-27 12:45:08.310860+00:00
00000030-0034-4000-8000-000000000000,completed,2026-06-27 12:45:06.786945+00:00,2026-06-27 12:45:09.572568+00:00
00000013-0034-4000-8000-000000000000,completed,2026-06-27 12:45:06.386695+00:00,2026-06-27 12:45:09.025641+00:00
00000018-0034-4000-8000-000000000000,completed,2026-06-27 12:45:06.502047+00:00,2026-06-27 12:45:09.208453+00:00
00000026-0034-4000-8000-000000000000,completed,2026-06-27 12:45:06.636043+00:00,2026-06-27 12:45:09.376173+00:00
00000025-0034-4000-8000-000000000000,completed,2026-06-27 12:45:06.689072+00:00,2026-06-27 12:45:09.395289+00:00
00000035-0034-4000-8000-000000000000,completed,2026-06-27 12:45:06.939140+00:00,2026-06-27 12:45:09.729285+00:00
00000031-0034-4000-8000-000000000000,completed,2026-06-27 12:45:06.991425+00:00,2026-06-27 12:45:09.775575+00:00
00000015-0031-4000-8000-000000000000,completed,2026-06-27 12:45:02.532207+00:00,2026-06-27 12:45:03.994284+00:00
00000048-0032-4000-8000-000000000000,completed,2026-06-27 12:45:04.834204+00:00,2026-06-27 12:45:07.038558+00:00
00000007-0033-4000-8000-000000000000,completed,2026-06-27 12:45:04.935222+00:00,2026-06-27 12:45:07.228250+00:00
00000043-0033-4000-8000-000000000000,completed,2026-06-27 12:45:06.037842+00:00,2026-06-27 12:45:08.602768+00:00
00000040-0037-4000-8000-000000000000,completed,2026-06-27 12:45:10.788331+00:00,2026-06-27 12:45:14.418537+00:00
00000015-0091-4000-8000-000000000000,completed,2026-06-27 12:46:22.172331+00:00,2026-06-27 12:46:35.032541+00:00
00000049-0090-4000-8000-000000000000,completed,2026-06-27 12:46:21.410593+00:00,2026-06-27 12:46:34.649403+00:00
00000012-0091-4000-8000-000000000000,completed,2026-06-27 12:46:22.069508+00:00,2026-06-27 12:46:35.004240+00:00
00000004-0091-4000-8000-000000000000,completed,2026-06-27 12:46:21.732524+00:00,2026-06-27 12:46:34.813950+00:00
00000007-0091-4000-8000-000000000000,completed,2026-06-27 12:46:21.841857+00:00,2026-06-27 12:46:34.869392+00:00
00000048-0092-4000-8000-000000000000,completed,2026-06-27 12:46:28.879492+00:00,2026-06-27 12:46:37.691660+00:00
00000025-0091-4000-8000-000000000000,completed,2026-06-27 12:46:22.979186+00:00,2026-06-27 12:46:35.421484+00:00
00000020-0091-4000-8000-000000000000,completed,2026-06-27 12:46:22.627333+00:00,2026-06-27 12:46:35.272014+00:00
00000024-0091-4000-8000-000000000000,completed,2026-06-27 12:46:22.741970+00:00,2026-06-27 12:46:35.348785+00:00
00000028-0091-4000-8000-000000000000,completed,2026-06-27 12:46:23.715475+00:00,2026-06-27 12:46:35.783816+00:00
00000030-0091-4000-8000-000000000000,completed,2026-06-27 12:46:23.221481+00:00,2026-06-27 12:46:35.609455+00:00
00000036-0091-4000-8000-000000000000,completed,2026-06-27 12:46:23.589908+00:00,2026-06-27 12:46:35.768041+00:00
00000007-0092-4000-8000-000000000000,completed,2026-06-27 12:46:24.912366+00:00,2026-06-27 12:46:36.328325+00:00
00000041-0091-4000-8000-000000000000,completed,2026-06-27 12:46:24.098542+00:00,2026-06-27 12:46:35.940925+00:00
00000049-0091-4000-8000-000000000000,completed,2026-06-27 12:46:24.363805+00:00,2026-06-27 12:46:36.102982+00:00
00000043-0091-4000-8000-000000000000,completed,2026-06-27 12:46:24.498301+00:00,2026-06-27 12:46:36.156179+00:00
00000004-0092-4000-8000-000000000000,completed,2026-06-27 12:46:24.770716+00:00,2026-06-27 12:46:36.291476+00:00
00000020-0092-4000-8000-000000000000,completed,2026-06-27 12:46:25.943921+00:00,2026-06-27 12:46:36.818586+00:00
00000039-0092-4000-8000-000000000000,completed,2026-06-27 12:46:27.841076+00:00,2026-06-27 12:46:37.391687+00:00
00000037-0092-4000-8000-000000000000,completed,2026-06-27 12:46:27.103130+00:00,2026-06-27 12:46:37.193903+00:00
00000027-0093-4000-8000-000000000000,completed,2026-06-27 12:46:33.138268+00:00,2026-06-27 12:46:38.426735+00:00
00000049-0092-4000-8000-000000000000,completed,2026-06-27 12:46:28.446935+00:00,2026-06-27 12:46:37.586323+00:00
00000005-0093-4000-8000-000000000000,completed,2026-06-27 12:46:30.691938+00:00,2026-06-27 12:46:38.106934+00:00
00000012-0093-4000-8000-000000000000,completed,2026-06-27 12:46:29.843786+00:00,2026-06-27 12:46:37.961904+00:00
00000015-0093-4000-8000-000000000000,completed,2026-06-27 12:46:30.110173+00:00,2026-06-27 12:46:37.993373+00:00
00000026-0093-4000-8000-000000000000,completed,2026-06-27 12:46:32.124159+00:00,2026-06-27 12:46:38.393255+00:00
00000006-0082-4000-8000-000000000000,completed,2026-06-27 12:46:06.374655+00:00,2026-06-27 12:46:21.633448+00:00
00000023-0036-4000-8000-000000000000,completed,2026-06-27 12:45:09.087713+00:00,2026-06-27 12:45:12.400396+00:00
00000007-0035-4000-8000-000000000000,completed,2026-06-27 12:45:07.440396+00:00,2026-06-27 12:45:10.346247+00:00
00000023-0035-4000-8000-000000000000,completed,2026-06-27 12:45:07.837757+00:00,2026-06-27 12:45:10.837321+00:00
00000015-0035-4000-8000-000000000000,completed,2026-06-27 12:45:07.588578+00:00,2026-06-27 12:45:10.558182+00:00
00000013-0035-4000-8000-000000000000,completed,2026-06-27 12:45:07.637308+00:00,2026-06-27 12:45:10.615346+00:00
00000018-0035-4000-8000-000000000000,completed,2026-06-27 12:45:07.736119+00:00,2026-06-27 12:45:10.776003+00:00
00000025-0035-4000-8000-000000000000,completed,2026-06-27 12:45:07.946745+00:00,2026-06-27 12:45:10.937850+00:00
00000027-0035-4000-8000-000000000000,completed,2026-06-27 12:45:07.988026+00:00,2026-06-27 12:45:11.004478+00:00
00000049-0035-4000-8000-000000000000,completed,2026-06-27 12:45:08.487364+00:00,2026-06-27 12:45:11.650682+00:00
00000007-0036-4000-8000-000000000000,completed,2026-06-27 12:45:08.691206+00:00,2026-06-27 12:45:11.881536+00:00
00000013-0036-4000-8000-000000000000,completed,2026-06-27 12:45:08.887095+00:00,2026-06-27 12:45:12.110231+00:00
00000037-0036-4000-8000-000000000000,completed,2026-06-27 12:45:09.387426+00:00,2026-06-27 12:45:12.736171+00:00
00000017-0036-4000-8000-000000000000,completed,2026-06-27 12:45:09.039310+00:00,2026-06-27 12:45:12.299116+00:00
00000045-0036-4000-8000-000000000000,completed,2026-06-27 12:45:09.687577+00:00,2026-06-27 12:45:13.089018+00:00
00000030-0036-4000-8000-000000000000,completed,2026-06-27 12:45:09.291155+00:00,2026-06-27 12:45:12.599446+00:00
00000017-0037-4000-8000-000000000000,completed,2026-06-27 12:45:10.292340+00:00,2026-06-27 12:45:13.814486+00:00
00000013-0037-4000-8000-000000000000,completed,2026-06-27 12:45:10.140497+00:00,2026-06-27 12:45:13.605271+00:00
00000018-0038-4000-8000-000000000000,completed,2026-06-27 12:45:11.490425+00:00,2026-06-27 12:45:15.324362+00:00
00000011-0037-4000-8000-000000000000,completed,2026-06-27 12:45:09.987206+00:00,2026-06-27 12:45:13.427949+00:00
00000012-0037-4000-8000-000000000000,completed,2026-06-27 12:45:10.037720+00:00,2026-06-27 12:45:13.508041+00:00
00000015-0037-4000-8000-000000000000,completed,2026-06-27 12:45:10.086720+00:00,2026-06-27 12:45:13.623274+00:00
00000018-0037-4000-8000-000000000000,completed,2026-06-27 12:45:10.238656+00:00,2026-06-27 12:45:13.763231+00:00
00000030-0037-4000-8000-000000000000,completed,2026-06-27 12:45:10.537197+00:00,2026-06-27 12:45:14.158675+00:00
00000045-0037-4000-8000-000000000000,completed,2026-06-27 12:45:10.940321+00:00,2026-06-27 12:45:14.626722+00:00
00000048-0037-4000-8000-000000000000,completed,2026-06-27 12:45:11.087341+00:00,2026-06-27 12:45:14.818400+00:00
00000015-0038-4000-8000-000000000000,completed,2026-06-27 12:45:11.339517+00:00,2026-06-27 12:45:15.115436+00:00
00000017-0038-4000-8000-000000000000,completed,2026-06-27 12:45:11.538397+00:00,2026-06-27 12:45:15.370447+00:00
00000013-0038-4000-8000-000000000000,completed,2026-06-27 12:45:11.387101+00:00,2026-06-27 12:45:15.183539+00:00
00000016-0038-4000-8000-000000000000,completed,2026-06-27 12:45:11.438481+00:00,2026-06-27 12:45:15.295543+00:00
00000034-0038-4000-8000-000000000000,completed,2026-06-27 12:45:11.840432+00:00,2026-06-27 12:45:15.743862+00:00
00000003-0083-4000-8000-000000000000,completed,2026-06-27 12:46:07.419586+00:00,2026-06-27 12:46:22.777682+00:00
00000005-0038-4000-8000-000000000000,completed,2026-06-27 12:45:11.472301+00:00,2026-06-27 12:45:15.327283+00:00
00000005-0035-4000-8000-000000000000,completed,2026-06-27 12:45:07.712756+00:00,2026-06-27 12:45:10.723892+00:00
00000038-0035-4000-8000-000000000000,completed,2026-06-27 12:45:08.312747+00:00,2026-06-27 12:45:11.436822+00:00
00000024-0035-4000-8000-000000000000,completed,2026-06-27 12:45:07.861648+00:00,2026-06-27 12:45:10.909599+00:00
00000002-0035-4000-8000-000000000000,completed,2026-06-27 12:45:07.966828+00:00,2026-06-27 12:45:10.977926+00:00
00000021-0035-4000-8000-000000000000,completed,2026-06-27 12:45:08.063045+00:00,2026-06-27 12:45:11.131302+00:00
00000047-0035-4000-8000-000000000000,completed,2026-06-27 12:45:08.413282+00:00,2026-06-27 12:45:11.531599+00:00
00000009-0036-4000-8000-000000000000,completed,2026-06-27 12:45:08.665007+00:00,2026-06-27 12:45:11.856746+00:00
00000050-0035-4000-8000-000000000000,completed,2026-06-27 12:45:08.512158+00:00,2026-06-27 12:45:11.693824+00:00
00000010-0036-4000-8000-000000000000,completed,2026-06-27 12:45:08.713427+00:00,2026-06-27 12:45:11.901775+00:00
00000014-0036-4000-8000-000000000000,completed,2026-06-27 12:45:08.911791+00:00,2026-06-27 12:45:12.150986+00:00
00000029-0036-4000-8000-000000000000,completed,2026-06-27 12:45:09.264847+00:00,2026-06-27 12:45:12.565011+00:00
00000020-0036-4000-8000-000000000000,completed,2026-06-27 12:45:09.063324+00:00,2026-06-27 12:45:12.340858+00:00
00000019-0036-4000-8000-000000000000,completed,2026-06-27 12:45:09.163497+00:00,2026-06-27 12:45:12.483434+00:00
00000003-0037-4000-8000-000000000000,completed,2026-06-27 12:45:09.863538+00:00,2026-06-27 12:45:13.264934+00:00
00000028-0036-4000-8000-000000000000,completed,2026-06-27 12:45:09.513290+00:00,2026-06-27 12:45:12.875378+00:00
00000008-0037-4000-8000-000000000000,completed,2026-06-27 12:45:10.062042+00:00,2026-06-27 12:45:13.541913+00:00
00000002-0037-4000-8000-000000000000,completed,2026-06-27 12:45:10.463480+00:00,2026-06-27 12:45:13.990106+00:00
00000036-0037-4000-8000-000000000000,completed,2026-06-27 12:45:10.716596+00:00,2026-06-27 12:45:14.347905+00:00
00000044-0037-4000-8000-000000000000,completed,2026-06-27 12:45:10.963364+00:00,2026-06-27 12:45:14.660250+00:00
00000050-0037-4000-8000-000000000000,completed,2026-06-27 12:45:11.012641+00:00,2026-06-27 12:45:14.735147+00:00
00000042-0037-4000-8000-000000000000,completed,2026-06-27 12:45:10.861596+00:00,2026-06-27 12:45:14.530923+00:00
00000047-0037-4000-8000-000000000000,completed,2026-06-27 12:45:10.915338+00:00,2026-06-27 12:45:14.571340+00:00
00000008-0039-4000-8000-000000000000,completed,2026-06-27 12:45:12.562101+00:00,2026-06-27 12:45:16.694224+00:00
00000008-0038-4000-8000-000000000000,completed,2026-06-27 12:45:11.312608+00:00,2026-06-27 12:45:15.131135+00:00
00000019-0038-4000-8000-000000000000,completed,2026-06-27 12:45:11.669693+00:00,2026-06-27 12:45:15.562018+00:00
00000033-0038-4000-8000-000000000000,completed,2026-06-27 12:45:11.862836+00:00,2026-06-27 12:45:15.787077+00:00
00000050-0038-4000-8000-000000000000,completed,2026-06-27 12:45:12.262134+00:00,2026-06-27 12:45:16.318215+00:00
00000038-0038-4000-8000-000000000000,completed,2026-06-27 12:45:12.069952+00:00,2026-06-27 12:45:16.055551+00:00
00000010-0039-4000-8000-000000000000,completed,2026-06-27 12:45:12.462664+00:00,2026-06-27 12:45:16.610193+00:00
00000001-0034-4000-8000-000000000000,completed,2026-06-27 12:45:06.262847+00:00,2026-06-27 12:45:08.874748+00:00
00000039-0034-4000-8000-000000000000,completed,2026-06-27 12:45:07.087553+00:00,2026-06-27 12:45:09.886899+00:00
00000038-0036-4000-8000-000000000000,completed,2026-06-27 12:45:09.564278+00:00,2026-06-27 12:45:12.925352+00:00
00000042-0038-4000-8000-000000000000,completed,2026-06-27 12:45:12.111878+00:00,2026-06-27 12:45:16.135578+00:00
00000027-0040-4000-8000-000000000000,completed,2026-06-27 12:45:14.241001+00:00,2026-06-27 12:45:18.726409+00:00
00000050-0040-4000-8000-000000000000,completed,2026-06-27 12:45:14.763486+00:00,2026-06-27 12:45:19.356399+00:00
00000005-0083-4000-8000-000000000000,completed,2026-06-27 12:46:07.770130+00:00,2026-06-27 12:46:23.098950+00:00
00000005-0084-4000-8000-000000000000,completed,2026-06-27 12:46:09.152948+00:00,2026-06-27 12:46:24.630786+00:00
00000034-0084-4000-8000-000000000000,completed,2026-06-27 12:46:09.607433+00:00,2026-06-27 12:46:25.112311+00:00
00000045-0085-4000-8000-000000000000,completed,2026-06-27 12:46:11.526422+00:00,2026-06-27 12:46:26.951878+00:00
00000026-0086-4000-8000-000000000000,completed,2026-06-27 12:46:12.415938+00:00,2026-06-27 12:46:27.831495+00:00
00000013-0083-4000-8000-000000000000,completed,2026-06-27 12:46:07.714381+00:00,2026-06-27 12:46:23.108084+00:00
00000048-0038-4000-8000-000000000000,completed,2026-06-27 12:45:12.336715+00:00,2026-06-27 12:45:16.421100+00:00
00000031-0038-4000-8000-000000000000,completed,2026-06-27 12:45:11.987279+00:00,2026-06-27 12:45:15.938107+00:00
00000016-0039-4000-8000-000000000000,completed,2026-06-27 12:45:12.687051+00:00,2026-06-27 12:45:16.877593+00:00
00000012-0039-4000-8000-000000000000,completed,2026-06-27 12:45:12.539337+00:00,2026-06-27 12:45:16.602607+00:00
00000004-0039-4000-8000-000000000000,completed,2026-06-27 12:45:12.387379+00:00,2026-06-27 12:45:16.438367+00:00
00000039-0039-4000-8000-000000000000,completed,2026-06-27 12:45:13.337237+00:00,2026-06-27 12:45:17.642686+00:00
00000013-0039-4000-8000-000000000000,completed,2026-06-27 12:45:12.637975+00:00,2026-06-27 12:45:16.792733+00:00
00000026-0039-4000-8000-000000000000,completed,2026-06-27 12:45:12.888727+00:00,2026-06-27 12:45:17.106109+00:00
00000049-0040-4000-8000-000000000000,completed,2026-06-27 12:45:14.736600+00:00,2026-06-27 12:45:19.308985+00:00
00000031-0039-4000-8000-000000000000,completed,2026-06-27 12:45:13.238076+00:00,2026-06-27 12:45:17.558442+00:00
00000016-0040-4000-8000-000000000000,completed,2026-06-27 12:45:13.937707+00:00,2026-06-27 12:45:18.395131+00:00
00000048-0039-4000-8000-000000000000,completed,2026-06-27 12:45:13.589796+00:00,2026-06-27 12:45:18.012640+00:00
00000007-0040-4000-8000-000000000000,completed,2026-06-27 12:45:13.688028+00:00,2026-06-27 12:45:18.046472+00:00
00000012-0040-4000-8000-000000000000,completed,2026-06-27 12:45:13.787826+00:00,2026-06-27 12:45:18.200681+00:00
00000015-0040-4000-8000-000000000000,completed,2026-06-27 12:45:13.841327+00:00,2026-06-27 12:45:18.226710+00:00
00000037-0040-4000-8000-000000000000,completed,2026-06-27 12:45:14.387153+00:00,2026-06-27 12:45:18.913567+00:00
00000030-0040-4000-8000-000000000000,completed,2026-06-27 12:45:14.286853+00:00,2026-06-27 12:45:18.768251+00:00
00000012-0041-4000-8000-000000000000,completed,2026-06-27 12:45:15.037240+00:00,2026-06-27 12:45:19.717289+00:00
00000031-0040-4000-8000-000000000000,completed,2026-06-27 12:45:14.486855+00:00,2026-06-27 12:45:19.102692+00:00
00000039-0040-4000-8000-000000000000,completed,2026-06-27 12:45:14.587508+00:00,2026-06-27 12:45:19.138706+00:00
00000045-0040-4000-8000-000000000000,completed,2026-06-27 12:45:14.687652+00:00,2026-06-27 12:45:19.287727+00:00
00000007-0042-4000-8000-000000000000,completed,2026-06-27 12:45:16.188006+00:00,2026-06-27 12:45:21.086208+00:00
00000027-0041-4000-8000-000000000000,completed,2026-06-27 12:45:15.488035+00:00,2026-06-27 12:45:20.237293+00:00
00000011-0041-4000-8000-000000000000,completed,2026-06-27 12:45:14.987694+00:00,2026-06-27 12:45:19.659411+00:00
00000045-0041-4000-8000-000000000000,completed,2026-06-27 12:45:15.938709+00:00,2026-06-27 12:45:20.800816+00:00
00000016-0042-4000-8000-000000000000,completed,2026-06-27 12:45:16.438200+00:00,2026-06-27 12:45:21.414899+00:00
00000048-0041-4000-8000-000000000000,completed,2026-06-27 12:45:16.088720+00:00,2026-06-27 12:45:20.967213+00:00
00000013-0042-4000-8000-000000000000,completed,2026-06-27 12:45:16.388545+00:00,2026-06-27 12:45:21.356943+00:00
00000031-0042-4000-8000-000000000000,completed,2026-06-27 12:45:16.988436+00:00,2026-06-27 12:45:22.071099+00:00
00000037-0042-4000-8000-000000000000,completed,2026-06-27 12:45:16.888370+00:00,2026-06-27 12:45:21.940518+00:00
00000039-0036-4000-8000-000000000000,completed,2026-06-27 12:45:09.587303+00:00,2026-06-27 12:45:12.954559+00:00
00000029-0083-4000-8000-000000000000,completed,2026-06-27 12:46:08.119475+00:00,2026-06-27 12:46:23.591091+00:00
00000019-0040-4000-8000-000000000000,completed,2026-06-27 12:45:14.162541+00:00,2026-06-27 12:45:18.593052+00:00
00000044-0039-4000-8000-000000000000,completed,2026-06-27 12:45:13.461370+00:00,2026-06-27 12:45:17.827143+00:00
00000014-0039-4000-8000-000000000000,completed,2026-06-27 12:45:12.662573+00:00,2026-06-27 12:45:16.807919+00:00
00000022-0039-4000-8000-000000000000,completed,2026-06-27 12:45:12.762572+00:00,2026-06-27 12:45:16.945236+00:00
00000028-0039-4000-8000-000000000000,completed,2026-06-27 12:45:13.263601+00:00,2026-06-27 12:45:17.529371+00:00
00000042-0039-4000-8000-000000000000,completed,2026-06-27 12:45:13.363521+00:00,2026-06-27 12:45:17.650239+00:00
00000014-0040-4000-8000-000000000000,completed,2026-06-27 12:45:13.911855+00:00,2026-06-27 12:45:18.370411+00:00
00000008-0040-4000-8000-000000000000,completed,2026-06-27 12:45:13.812557+00:00,2026-06-27 12:45:18.177512+00:00
00000006-0040-4000-8000-000000000000,completed,2026-06-27 12:45:13.864063+00:00,2026-06-27 12:45:18.253334+00:00
00000002-0040-4000-8000-000000000000,completed,2026-06-27 12:45:14.211553+00:00,2026-06-27 12:45:18.756280+00:00
00000024-0040-4000-8000-000000000000,completed,2026-06-27 12:45:14.112618+00:00,2026-06-27 12:45:18.555128+00:00
00000020-0040-4000-8000-000000000000,completed,2026-06-27 12:45:14.061087+00:00,2026-06-27 12:45:18.580556+00:00
00000028-0040-4000-8000-000000000000,completed,2026-06-27 12:45:14.512969+00:00,2026-06-27 12:45:19.091401+00:00
00000009-0041-4000-8000-000000000000,completed,2026-06-27 12:45:14.912570+00:00,2026-06-27 12:45:19.536635+00:00
00000003-0041-4000-8000-000000000000,completed,2026-06-27 12:45:14.862868+00:00,2026-06-27 12:45:19.469731+00:00
00000029-0041-4000-8000-000000000000,completed,2026-06-27 12:45:15.513018+00:00,2026-06-27 12:45:20.266714+00:00
00000024-0041-4000-8000-000000000000,completed,2026-06-27 12:45:15.364350+00:00,2026-06-27 12:45:20.072763+00:00
00000019-0041-4000-8000-000000000000,completed,2026-06-27 12:45:15.414324+00:00,2026-06-27 12:45:20.179650+00:00
00000032-0041-4000-8000-000000000000,completed,2026-06-27 12:45:15.664176+00:00,2026-06-27 12:45:20.440496+00:00
00000003-0042-4000-8000-000000000000,completed,2026-06-27 12:45:16.113972+00:00,2026-06-27 12:45:21.031323+00:00
00000009-0042-4000-8000-000000000000,completed,2026-06-27 12:45:16.162186+00:00,2026-06-27 12:45:21.023001+00:00
00000044-0041-4000-8000-000000000000,completed,2026-06-27 12:45:15.963812+00:00,2026-06-27 12:45:20.826734+00:00
00000050-0041-4000-8000-000000000000,completed,2026-06-27 12:45:16.012742+00:00,2026-06-27 12:45:20.870619+00:00
00000036-0042-4000-8000-000000000000,completed,2026-06-27 12:45:16.962235+00:00,2026-06-27 12:45:22.043610+00:00
00000029-0042-4000-8000-000000000000,completed,2026-06-27 12:45:16.762991+00:00,2026-06-27 12:45:21.782958+00:00
00000032-0042-4000-8000-000000000000,completed,2026-06-27 12:45:16.913679+00:00,2026-06-27 12:45:21.939247+00:00
00000003-0043-4000-8000-000000000000,completed,2026-06-27 12:45:17.363604+00:00,2026-06-27 12:45:22.480303+00:00
00000008-0043-4000-8000-000000000000,completed,2026-06-27 12:45:17.562562+00:00,2026-06-27 12:45:22.731037+00:00
00000020-0043-4000-8000-000000000000,completed,2026-06-27 12:45:17.813609+00:00,2026-06-27 12:45:22.986212+00:00
00000006-0038-4000-8000-000000000000,completed,2026-06-27 12:45:11.362198+00:00,2026-06-27 12:45:15.113386+00:00
00000037-0038-4000-8000-000000000000,completed,2026-06-27 12:45:11.901696+00:00,2026-06-27 12:45:15.847829+00:00
00000038-0084-4000-8000-000000000000,completed,2026-06-27 12:46:09.871427+00:00,2026-06-27 12:46:25.391099+00:00
00000024-0090-4000-8000-000000000000,completed,2026-06-27 12:46:20.095804+00:00,2026-06-27 12:46:33.903597+00:00
00000029-0092-4000-8000-000000000000,completed,2026-06-27 12:46:26.673371+00:00,2026-06-27 12:46:37.047206+00:00
00000036-0092-4000-8000-000000000000,completed,2026-06-27 12:46:27.281747+00:00,2026-06-27 12:46:37.235264+00:00
00000037-0044-4000-8000-000000000000,completed,2026-06-27 12:45:19.388155+00:00,2026-06-27 12:45:24.936239+00:00
00000041-0042-4000-8000-000000000000,completed,2026-06-27 12:45:17.136555+00:00,2026-06-27 12:45:22.241306+00:00
00000047-0085-4000-8000-000000000000,completed,2026-06-27 12:46:11.495845+00:00,2026-06-27 12:46:26.964645+00:00
00000048-0042-4000-8000-000000000000,completed,2026-06-27 12:45:17.337380+00:00,2026-06-27 12:45:22.452653+00:00
00000007-0043-4000-8000-000000000000,completed,2026-06-27 12:45:17.436818+00:00,2026-06-27 12:45:22.564822+00:00
00000001-0090-4000-8000-000000000000,completed,2026-06-27 12:46:19.481319+00:00,2026-06-27 12:46:33.518560+00:00
00000027-0043-4000-8000-000000000000,completed,2026-06-27 12:45:17.989384+00:00,2026-06-27 12:45:23.152607+00:00
00000035-0043-4000-8000-000000000000,completed,2026-06-27 12:45:18.187745+00:00,2026-06-27 12:45:23.442194+00:00
00000037-0090-4000-8000-000000000000,completed,2026-06-27 12:46:20.688563+00:00,2026-06-27 12:46:34.268168+00:00
00000043-0043-4000-8000-000000000000,completed,2026-06-27 12:45:18.538109+00:00,2026-06-27 12:45:23.883234+00:00
00000016-0091-4000-8000-000000000000,completed,2026-06-27 12:46:22.339649+00:00,2026-06-27 12:46:35.194901+00:00
00000002-0093-4000-8000-000000000000,completed,2026-06-27 12:46:32.848451+00:00,2026-06-27 12:46:38.415855+00:00
00000007-0044-4000-8000-000000000000,completed,2026-06-27 12:45:18.688309+00:00,2026-06-27 12:45:24.068371+00:00
00000011-0044-4000-8000-000000000000,completed,2026-06-27 12:45:18.739596+00:00,2026-06-27 12:45:24.096642+00:00
00000013-0044-4000-8000-000000000000,completed,2026-06-27 12:45:18.900968+00:00,2026-06-27 12:45:24.266862+00:00
00000026-0044-4000-8000-000000000000,completed,2026-06-27 12:45:19.137700+00:00,2026-06-27 12:45:24.631524+00:00
00000021-0044-4000-8000-000000000000,completed,2026-06-27 12:45:19.313029+00:00,2026-06-27 12:45:24.797359+00:00
00000022-0090-4000-8000-000000000000,completed,2026-06-27 12:46:19.905583+00:00,2026-06-27 12:46:33.734576+00:00
00000019-0043-4000-8000-000000000000,completed,2026-06-27 12:45:17.913620+00:00,2026-06-27 12:45:23.118700+00:00
00000002-0043-4000-8000-000000000000,completed,2026-06-27 12:45:17.961913+00:00,2026-06-27 12:45:23.190991+00:00
00000029-0043-4000-8000-000000000000,completed,2026-06-27 12:45:18.014607+00:00,2026-06-27 12:45:23.270911+00:00
00000042-0043-4000-8000-000000000000,completed,2026-06-27 12:45:18.361865+00:00,2026-06-27 12:45:23.676409+00:00
00000021-0093-4000-8000-000000000000,completed,2026-06-27 12:46:34.363081+00:00,2026-06-27 12:46:38.556516+00:00
00000050-0043-4000-8000-000000000000,completed,2026-06-27 12:45:18.512826+00:00,2026-06-27 12:45:23.859707+00:00
00000003-0044-4000-8000-000000000000,completed,2026-06-27 12:45:18.616980+00:00,2026-06-27 12:45:23.936597+00:00
00000001-0044-4000-8000-000000000000,completed,2026-06-27 12:45:18.761998+00:00,2026-06-27 12:45:24.099272+00:00
00000014-0044-4000-8000-000000000000,completed,2026-06-27 12:45:18.913186+00:00,2026-06-27 12:45:24.277998+00:00
00000005-0044-4000-8000-000000000000,completed,2026-06-27 12:45:18.964800+00:00,2026-06-27 12:45:24.417877+00:00
00000029-0044-4000-8000-000000000000,completed,2026-06-27 12:45:19.263142+00:00,2026-06-27 12:45:24.761085+00:00
00000009-0040-4000-8000-000000000000,completed,2026-06-27 12:45:13.662616+00:00,2026-06-27 12:45:18.007608+00:00
00000015-0041-4000-8000-000000000000,completed,2026-06-27 12:45:15.087801+00:00,2026-06-27 12:45:19.846043+00:00
00000046-0041-4000-8000-000000000000,completed,2026-06-27 12:45:16.064116+00:00,2026-06-27 12:45:20.935136+00:00
00000047-0044-4000-8000-000000000000,completed,2026-06-27 12:45:19.662391+00:00,2026-06-27 12:45:25.227831+00:00
00000016-0045-4000-8000-000000000000,completed,2026-06-27 12:45:20.189592+00:00,2026-06-27 12:45:25.885254+00:00
00000039-0044-4000-8000-000000000000,completed,2026-06-27 12:45:19.589141+00:00,2026-06-27 12:45:25.117843+00:00
00000027-0045-4000-8000-000000000000,completed,2026-06-27 12:45:20.487798+00:00,2026-06-27 12:45:26.245665+00:00
00000003-0045-4000-8000-000000000000,completed,2026-06-27 12:45:19.863482+00:00,2026-06-27 12:45:25.467306+00:00
00000029-0045-4000-8000-000000000000,completed,2026-06-27 12:45:20.514451+00:00,2026-06-27 12:45:26.238277+00:00
00000001-0045-4000-8000-000000000000,completed,2026-06-27 12:45:20.011691+00:00,2026-06-27 12:45:25.652322+00:00
00000012-0045-4000-8000-000000000000,completed,2026-06-27 12:45:20.043266+00:00,2026-06-27 12:45:25.698391+00:00
00000019-0045-4000-8000-000000000000,completed,2026-06-27 12:45:20.413485+00:00,2026-06-27 12:45:26.099680+00:00
00000013-0045-4000-8000-000000000000,completed,2026-06-27 12:45:20.138024+00:00,2026-06-27 12:45:25.793795+00:00
00000014-0045-4000-8000-000000000000,completed,2026-06-27 12:45:20.162983+00:00,2026-06-27 12:45:25.829476+00:00
00000018-0045-4000-8000-000000000000,completed,2026-06-27 12:45:20.240846+00:00,2026-06-27 12:45:25.910662+00:00
00000002-0045-4000-8000-000000000000,completed,2026-06-27 12:45:20.462016+00:00,2026-06-27 12:45:26.186775+00:00
00000017-0045-4000-8000-000000000000,completed,2026-06-27 12:45:20.288120+00:00,2026-06-27 12:45:25.968411+00:00
00000023-0045-4000-8000-000000000000,completed,2026-06-27 12:45:20.337160+00:00,2026-06-27 12:45:26.058980+00:00
00000042-0045-4000-8000-000000000000,completed,2026-06-27 12:45:20.862799+00:00,2026-06-27 12:45:26.633918+00:00
00000026-0045-4000-8000-000000000000,completed,2026-06-27 12:45:20.388476+00:00,2026-06-27 12:45:26.071402+00:00
00000047-0045-4000-8000-000000000000,completed,2026-06-27 12:45:20.911703+00:00,2026-06-27 12:45:26.746318+00:00
00000035-0045-4000-8000-000000000000,completed,2026-06-27 12:45:20.688481+00:00,2026-06-27 12:45:26.408354+00:00
00000031-0045-4000-8000-000000000000,completed,2026-06-27 12:45:20.743234+00:00,2026-06-27 12:45:26.519978+00:00
00000040-0045-4000-8000-000000000000,completed,2026-06-27 12:45:20.787910+00:00,2026-06-27 12:45:26.561563+00:00
00000041-0045-4000-8000-000000000000,completed,2026-06-27 12:45:20.888302+00:00,2026-06-27 12:45:26.703417+00:00
00000050-0045-4000-8000-000000000000,completed,2026-06-27 12:45:21.013627+00:00,2026-06-27 12:45:26.818971+00:00
00000004-0046-4000-8000-000000000000,completed,2026-06-27 12:45:21.137682+00:00,2026-06-27 12:45:26.937238+00:00
00000007-0046-4000-8000-000000000000,completed,2026-06-27 12:45:21.187374+00:00,2026-06-27 12:45:27.049080+00:00
00000008-0046-4000-8000-000000000000,completed,2026-06-27 12:45:21.313114+00:00,2026-06-27 12:45:27.180524+00:00
00000013-0046-4000-8000-000000000000,completed,2026-06-27 12:45:21.389525+00:00,2026-06-27 12:45:27.275828+00:00
00000025-0090-4000-8000-000000000000,completed,2026-06-27 12:46:20.290564+00:00,2026-06-27 12:46:33.928927+00:00
00000025-0046-4000-8000-000000000000,completed,2026-06-27 12:45:21.688505+00:00,2026-06-27 12:45:27.585304+00:00
00000045-0046-4000-8000-000000000000,completed,2026-06-27 12:45:22.189055+00:00,2026-06-27 12:45:28.167943+00:00
00000023-0046-4000-8000-000000000000,completed,2026-06-27 12:45:21.588607+00:00,2026-06-27 12:45:27.479267+00:00
00000034-0046-4000-8000-000000000000,completed,2026-06-27 12:45:21.839191+00:00,2026-06-27 12:45:27.751442+00:00
00000017-0047-4000-8000-000000000000,completed,2026-06-27 12:45:22.792059+00:00,2026-06-27 12:45:28.852763+00:00
00000041-0046-4000-8000-000000000000,completed,2026-06-27 12:45:22.141303+00:00,2026-06-27 12:45:28.113977+00:00
00000027-0047-4000-8000-000000000000,completed,2026-06-27 12:45:22.988350+00:00,2026-06-27 12:45:29.104134+00:00
00000048-0046-4000-8000-000000000000,completed,2026-06-27 12:45:22.337461+00:00,2026-06-27 12:45:28.327292+00:00
00000012-0047-4000-8000-000000000000,completed,2026-06-27 12:45:22.538546+00:00,2026-06-27 12:45:28.574117+00:00
00000013-0047-4000-8000-000000000000,completed,2026-06-27 12:45:22.637593+00:00,2026-06-27 12:45:28.674019+00:00
00000016-0047-4000-8000-000000000000,completed,2026-06-27 12:45:22.689406+00:00,2026-06-27 12:45:28.756530+00:00
00000031-0047-4000-8000-000000000000,completed,2026-06-27 12:45:23.238123+00:00,2026-06-27 12:45:29.386569+00:00
00000025-0047-4000-8000-000000000000,completed,2026-06-27 12:45:22.938500+00:00,2026-06-27 12:45:29.037806+00:00
00000015-0048-4000-8000-000000000000,completed,2026-06-27 12:45:23.837147+00:00,2026-06-27 12:45:30.102852+00:00
00000037-0047-4000-8000-000000000000,completed,2026-06-27 12:45:23.137774+00:00,2026-06-27 12:45:29.273138+00:00
00000017-0048-4000-8000-000000000000,completed,2026-06-27 12:45:24.042708+00:00,2026-06-27 12:45:30.380734+00:00
00000004-0049-4000-8000-000000000000,completed,2026-06-27 12:45:24.887210+00:00,2026-06-27 12:45:31.363172+00:00
00000018-0048-4000-8000-000000000000,completed,2026-06-27 12:45:23.988776+00:00,2026-06-27 12:45:30.255468+00:00
00000027-0048-4000-8000-000000000000,completed,2026-06-27 12:45:24.238994+00:00,2026-06-27 12:45:30.559096+00:00
00000034-0048-4000-8000-000000000000,completed,2026-06-27 12:45:24.338683+00:00,2026-06-27 12:45:30.717260+00:00
00000039-0048-4000-8000-000000000000,completed,2026-06-27 12:45:24.588041+00:00,2026-06-27 12:45:30.999516+00:00
00000018-0049-4000-8000-000000000000,completed,2026-06-27 12:45:25.239917+00:00,2026-06-27 12:45:31.795216+00:00
00000043-0048-4000-8000-000000000000,completed,2026-06-27 12:45:24.789261+00:00,2026-06-27 12:45:31.257109+00:00
00000041-0049-4000-8000-000000000000,completed,2026-06-27 12:45:25.890899+00:00,2026-06-27 12:45:32.590513+00:00
00000026-0049-4000-8000-000000000000,completed,2026-06-27 12:45:25.390139+00:00,2026-06-27 12:45:31.972677+00:00
00000035-0049-4000-8000-000000000000,completed,2026-06-27 12:45:25.687603+00:00,2026-06-27 12:45:32.347465+00:00
00000030-0049-4000-8000-000000000000,completed,2026-06-27 12:45:25.538653+00:00,2026-06-27 12:45:32.155261+00:00
00000037-0049-4000-8000-000000000000,completed,2026-06-27 12:45:25.650040+00:00,2026-06-27 12:45:32.246729+00:00
00000039-0049-4000-8000-000000000000,completed,2026-06-27 12:45:25.841700+00:00,2026-06-27 12:45:32.526994+00:00
00000043-0049-4000-8000-000000000000,completed,2026-06-27 12:45:26.039128+00:00,2026-06-27 12:45:32.762118+00:00
00000030-0042-4000-8000-000000000000,completed,2026-06-27 12:45:16.788209+00:00,2026-06-27 12:45:21.765976+00:00
00000009-0045-4000-8000-000000000000,completed,2026-06-27 12:45:19.914039+00:00,2026-06-27 12:45:25.498102+00:00
00000010-0047-4000-8000-000000000000,completed,2026-06-27 12:45:22.462710+00:00,2026-06-27 12:45:28.471706+00:00
00000036-0046-4000-8000-000000000000,completed,2026-06-27 12:45:21.962053+00:00,2026-06-27 12:45:27.911353+00:00
00000028-0046-4000-8000-000000000000,completed,2026-06-27 12:45:22.013384+00:00,2026-06-27 12:45:27.962870+00:00
00000033-0046-4000-8000-000000000000,completed,2026-06-27 12:45:21.863159+00:00,2026-06-27 12:45:27.794924+00:00
00000032-0046-4000-8000-000000000000,completed,2026-06-27 12:45:21.912635+00:00,2026-06-27 12:45:27.871153+00:00
00000044-0047-4000-8000-000000000000,completed,2026-06-27 12:45:23.463397+00:00,2026-06-27 12:45:29.694629+00:00
00000050-0046-4000-8000-000000000000,completed,2026-06-27 12:45:22.262795+00:00,2026-06-27 12:45:28.243561+00:00
00000003-0047-4000-8000-000000000000,completed,2026-06-27 12:45:22.363651+00:00,2026-06-27 12:45:28.419159+00:00
00000014-0047-4000-8000-000000000000,completed,2026-06-27 12:45:22.663176+00:00,2026-06-27 12:45:28.751922+00:00
00000024-0047-4000-8000-000000000000,completed,2026-06-27 12:45:22.863270+00:00,2026-06-27 12:45:28.948027+00:00
00000021-0047-4000-8000-000000000000,completed,2026-06-27 12:45:23.062493+00:00,2026-06-27 12:45:29.224002+00:00
00000006-0049-4000-8000-000000000000,completed,2026-06-27 12:45:25.113749+00:00,2026-06-27 12:45:31.671596+00:00
00000036-0047-4000-8000-000000000000,completed,2026-06-27 12:45:23.212524+00:00,2026-06-27 12:45:29.428938+00:00
00000003-0048-4000-8000-000000000000,completed,2026-06-27 12:45:23.613646+00:00,2026-06-27 12:45:29.865001+00:00
00000038-0047-4000-8000-000000000000,completed,2026-06-27 12:45:23.312735+00:00,2026-06-27 12:45:29.526594+00:00
00000001-0048-4000-8000-000000000000,completed,2026-06-27 12:45:23.762889+00:00,2026-06-27 12:45:30.059606+00:00
00000032-0048-4000-8000-000000000000,completed,2026-06-27 12:45:24.452171+00:00,2026-06-27 12:45:30.767757+00:00
00000029-0049-4000-8000-000000000000,completed,2026-06-27 12:45:25.512517+00:00,2026-06-27 12:45:32.180625+00:00
00000021-0048-4000-8000-000000000000,completed,2026-06-27 12:45:24.315786+00:00,2026-06-27 12:45:30.710714+00:00
00000033-0048-4000-8000-000000000000,completed,2026-06-27 12:45:24.363745+00:00,2026-06-27 12:45:30.737716+00:00
00000036-0048-4000-8000-000000000000,completed,2026-06-27 12:45:24.462943+00:00,2026-06-27 12:45:30.863084+00:00
00000038-0048-4000-8000-000000000000,completed,2026-06-27 12:45:24.562765+00:00,2026-06-27 12:45:30.974832+00:00
00000050-0048-4000-8000-000000000000,completed,2026-06-27 12:45:24.764205+00:00,2026-06-27 12:45:31.214960+00:00
00000003-0049-4000-8000-000000000000,completed,2026-06-27 12:45:24.863171+00:00,2026-06-27 12:45:31.363126+00:00
00000010-0049-4000-8000-000000000000,completed,2026-06-27 12:45:24.964227+00:00,2026-06-27 12:45:31.484480+00:00
00000001-0049-4000-8000-000000000000,completed,2026-06-27 12:45:25.012765+00:00,2026-06-27 12:45:31.536083+00:00
00000019-0049-4000-8000-000000000000,completed,2026-06-27 12:45:25.414065+00:00,2026-06-27 12:45:32.059606+00:00
00000047-0049-4000-8000-000000000000,completed,2026-06-27 12:45:25.913450+00:00,2026-06-27 12:45:32.667527+00:00
00000001-0043-4000-8000-000000000000,completed,2026-06-27 12:45:17.513171+00:00,2026-06-27 12:45:22.645156+00:00
00000035-0044-4000-8000-000000000000,completed,2026-06-27 12:45:19.439299+00:00,2026-06-27 12:45:24.925661+00:00
00000024-0045-4000-8000-000000000000,completed,2026-06-27 12:45:20.363988+00:00,2026-06-27 12:45:26.058938+00:00
00000039-0045-4000-8000-000000000000,completed,2026-06-27 12:45:20.837621+00:00,2026-06-27 12:45:26.584590+00:00
00000014-0046-4000-8000-000000000000,completed,2026-06-27 12:45:21.413752+00:00,2026-06-27 12:45:27.275860+00:00
00000017-0046-4000-8000-000000000000,completed,2026-06-27 12:45:21.540960+00:00,2026-06-27 12:45:27.418981+00:00
00000004-0047-4000-8000-000000000000,completed,2026-06-27 12:45:22.388288+00:00,2026-06-27 12:45:28.407188+00:00
00000047-0047-4000-8000-000000000000,completed,2026-06-27 12:45:23.413192+00:00,2026-06-27 12:45:29.604990+00:00
00000011-0048-4000-8000-000000000000,completed,2026-06-27 12:45:23.737049+00:00,2026-06-27 12:45:29.990063+00:00
00000013-0049-4000-8000-000000000000,completed,2026-06-27 12:45:25.140160+00:00,2026-06-27 12:45:31.683624+00:00
00000007-0050-4000-8000-000000000000,completed,2026-06-27 12:45:26.188188+00:00,2026-06-27 12:45:32.947227+00:00
00000024-0050-4000-8000-000000000000,completed,2026-06-27 12:45:26.613847+00:00,2026-06-27 12:45:33.467293+00:00
00000043-0051-4000-8000-000000000000,completed,2026-06-27 12:45:28.538542+00:00,2026-06-27 12:45:35.756426+00:00
00000011-0053-4000-8000-000000000000,completed,2026-06-27 12:45:29.989014+00:00,2026-06-27 12:45:37.494214+00:00
00000008-0053-4000-8000-000000000000,completed,2026-06-27 12:45:30.063247+00:00,2026-06-27 12:45:37.590929+00:00
00000039-0053-4000-8000-000000000000,completed,2026-06-27 12:45:30.839374+00:00,2026-06-27 12:45:38.527160+00:00
00000009-0054-4000-8000-000000000000,completed,2026-06-27 12:45:31.162442+00:00,2026-06-27 12:45:38.944378+00:00
00000008-0054-4000-8000-000000000000,completed,2026-06-27 12:45:31.314141+00:00,2026-06-27 12:45:39.113737+00:00
00000006-0055-4000-8000-000000000000,completed,2026-06-27 12:45:32.613216+00:00,2026-06-27 12:45:40.574976+00:00
00000011-0056-4000-8000-000000000000,completed,2026-06-27 12:45:33.737580+00:00,2026-06-27 12:45:41.952698+00:00
00000043-0056-4000-8000-000000000000,completed,2026-06-27 12:45:34.790823+00:00,2026-06-27 12:45:43.214401+00:00
00000017-0057-4000-8000-000000000000,completed,2026-06-27 12:45:35.288360+00:00,2026-06-27 12:45:43.745547+00:00
00000042-0057-4000-8000-000000000000,completed,2026-06-27 12:45:35.861714+00:00,2026-06-27 12:45:44.468446+00:00
00000019-0059-4000-8000-000000000000,completed,2026-06-27 12:45:37.913863+00:00,2026-06-27 12:45:46.915127+00:00
00000019-0060-4000-8000-000000000000,completed,2026-06-27 12:45:39.164290+00:00,2026-06-27 12:45:48.339642+00:00
00000017-0061-4000-8000-000000000000,completed,2026-06-27 12:45:40.287580+00:00,2026-06-27 12:45:49.702110+00:00
00000033-0062-4000-8000-000000000000,completed,2026-06-27 12:45:41.865337+00:00,2026-06-27 12:45:51.563983+00:00
00000010-0064-4000-8000-000000000000,completed,2026-06-27 12:45:43.713163+00:00,2026-06-27 12:45:53.919727+00:00
00000050-0064-4000-8000-000000000000,completed,2026-06-27 12:45:44.763610+00:00,2026-06-27 12:45:55.217060+00:00
00000005-0066-4000-8000-000000000000,completed,2026-06-27 12:45:46.464842+00:00,2026-06-27 12:45:57.360462+00:00
00000007-0068-4000-8000-000000000000,completed,2026-06-27 12:45:48.688068+00:00,2026-06-27 12:46:00.046826+00:00
00000041-0090-4000-8000-000000000000,completed,2026-06-27 12:46:21.202342+00:00,2026-06-27 12:46:34.522092+00:00
00000019-0050-4000-8000-000000000000,completed,2026-06-27 12:45:26.663487+00:00,2026-06-27 12:45:33.515144+00:00
00000009-0050-4000-8000-000000000000,completed,2026-06-27 12:45:26.163185+00:00,2026-06-27 12:45:32.951016+00:00
00000029-0050-4000-8000-000000000000,completed,2026-06-27 12:45:26.761903+00:00,2026-06-27 12:45:33.653667+00:00
00000014-0050-4000-8000-000000000000,completed,2026-06-27 12:45:26.413031+00:00,2026-06-27 12:45:33.176663+00:00
00000022-0050-4000-8000-000000000000,completed,2026-06-27 12:45:26.512983+00:00,2026-06-27 12:45:33.323180+00:00
00000042-0051-4000-8000-000000000000,completed,2026-06-27 12:45:28.364760+00:00,2026-06-27 12:45:35.548115+00:00
00000028-0050-4000-8000-000000000000,completed,2026-06-27 12:45:27.017168+00:00,2026-06-27 12:45:33.886272+00:00
00000046-0050-4000-8000-000000000000,completed,2026-06-27 12:45:27.316076+00:00,2026-06-27 12:45:34.246720+00:00
00000010-0051-4000-8000-000000000000,completed,2026-06-27 12:45:27.462670+00:00,2026-06-27 12:45:34.413061+00:00
00000006-0051-4000-8000-000000000000,completed,2026-06-27 12:45:27.614606+00:00,2026-06-27 12:45:34.594406+00:00
00000019-0051-4000-8000-000000000000,completed,2026-06-27 12:45:27.913667+00:00,2026-06-27 12:45:35.144295+00:00
00000003-0052-4000-8000-000000000000,completed,2026-06-27 12:45:28.614213+00:00,2026-06-27 12:45:35.847234+00:00
00000028-0051-4000-8000-000000000000,completed,2026-06-27 12:45:28.265190+00:00,2026-06-27 12:45:35.421238+00:00
00000006-0052-4000-8000-000000000000,completed,2026-06-27 12:45:28.864513+00:00,2026-06-27 12:45:36.167046+00:00
00000050-0051-4000-8000-000000000000,completed,2026-06-27 12:45:28.513670+00:00,2026-06-27 12:45:35.712451+00:00
00000032-0052-4000-8000-000000000000,completed,2026-06-27 12:45:29.412990+00:00,2026-06-27 12:45:36.786675+00:00
00000019-0052-4000-8000-000000000000,completed,2026-06-27 12:45:29.162972+00:00,2026-06-27 12:45:36.533495+00:00
00000003-0054-4000-8000-000000000000,completed,2026-06-27 12:45:31.113261+00:00,2026-06-27 12:45:38.898619+00:00
00000033-0052-4000-8000-000000000000,completed,2026-06-27 12:45:29.364002+00:00,2026-06-27 12:45:36.752801+00:00
00000044-0052-4000-8000-000000000000,completed,2026-06-27 12:45:29.712021+00:00,2026-06-27 12:45:37.159948+00:00
00000050-0052-4000-8000-000000000000,completed,2026-06-27 12:45:29.762829+00:00,2026-06-27 12:45:37.243161+00:00
00000042-0052-4000-8000-000000000000,completed,2026-06-27 12:45:29.613708+00:00,2026-06-27 12:45:37.064628+00:00
00000047-0052-4000-8000-000000000000,completed,2026-06-27 12:45:29.663447+00:00,2026-06-27 12:45:37.111118+00:00
00000024-0053-4000-8000-000000000000,completed,2026-06-27 12:45:30.363943+00:00,2026-06-27 12:45:37.946958+00:00
00000005-0053-4000-8000-000000000000,completed,2026-06-27 12:45:30.213245+00:00,2026-06-27 12:45:37.766429+00:00
00000020-0053-4000-8000-000000000000,completed,2026-06-27 12:45:30.313526+00:00,2026-06-27 12:45:37.905841+00:00
00000029-0053-4000-8000-000000000000,completed,2026-06-27 12:45:30.513131+00:00,2026-06-27 12:45:38.157296+00:00
00000036-0053-4000-8000-000000000000,completed,2026-06-27 12:45:30.713248+00:00,2026-06-27 12:45:38.357261+00:00
00000047-0053-4000-8000-000000000000,completed,2026-06-27 12:45:30.913236+00:00,2026-06-27 12:45:38.607021+00:00
00000046-0053-4000-8000-000000000000,completed,2026-06-27 12:45:31.062677+00:00,2026-06-27 12:45:38.783050+00:00
00000017-0052-4000-8000-000000000000,completed,2026-06-27 12:45:29.037949+00:00,2026-06-27 12:45:36.341291+00:00
00000018-0050-4000-8000-000000000000,completed,2026-06-27 12:45:26.488242+00:00,2026-06-27 12:45:33.304205+00:00
00000025-0050-4000-8000-000000000000,completed,2026-06-27 12:45:26.688640+00:00,2026-06-27 12:45:33.491567+00:00
00000034-0050-4000-8000-000000000000,completed,2026-06-27 12:45:26.840180+00:00,2026-06-27 12:45:33.682632+00:00
00000048-0050-4000-8000-000000000000,completed,2026-06-27 12:45:27.338703+00:00,2026-06-27 12:45:34.331333+00:00
00000031-0050-4000-8000-000000000000,completed,2026-06-27 12:45:26.988537+00:00,2026-06-27 12:45:33.860561+00:00
00000039-0050-4000-8000-000000000000,completed,2026-06-27 12:45:27.088188+00:00,2026-06-27 12:45:34.011438+00:00
00000043-0050-4000-8000-000000000000,completed,2026-06-27 12:45:27.289788+00:00,2026-06-27 12:45:34.227333+00:00
00000026-0051-4000-8000-000000000000,completed,2026-06-27 12:45:27.888745+00:00,2026-06-27 12:45:34.929469+00:00
00000013-0051-4000-8000-000000000000,completed,2026-06-27 12:45:27.639695+00:00,2026-06-27 12:45:34.651074+00:00
00000018-0051-4000-8000-000000000000,completed,2026-06-27 12:45:27.738946+00:00,2026-06-27 12:45:34.792725+00:00
00000034-0051-4000-8000-000000000000,completed,2026-06-27 12:45:28.088599+00:00,2026-06-27 12:45:35.183321+00:00
00000049-0051-4000-8000-000000000000,completed,2026-06-27 12:45:28.487856+00:00,2026-06-27 12:45:35.695079+00:00
00000007-0052-4000-8000-000000000000,completed,2026-06-27 12:45:28.688204+00:00,2026-06-27 12:45:35.947208+00:00
00000041-0051-4000-8000-000000000000,completed,2026-06-27 12:45:28.389185+00:00,2026-06-27 12:45:35.573850+00:00
00000045-0051-4000-8000-000000000000,completed,2026-06-27 12:45:28.437706+00:00,2026-06-27 12:45:35.658744+00:00
00000004-0052-4000-8000-000000000000,completed,2026-06-27 12:45:28.639303+00:00,2026-06-27 12:45:35.875755+00:00
00000018-0052-4000-8000-000000000000,completed,2026-06-27 12:45:28.990201+00:00,2026-06-27 12:45:36.290264+00:00
00000025-0052-4000-8000-000000000000,completed,2026-06-27 12:45:29.188693+00:00,2026-06-27 12:45:36.530389+00:00
00000034-0052-4000-8000-000000000000,completed,2026-06-27 12:45:29.340306+00:00,2026-06-27 12:45:36.731144+00:00
00000041-0052-4000-8000-000000000000,completed,2026-06-27 12:45:29.637078+00:00,2026-06-27 12:45:37.076475+00:00
00000026-0053-4000-8000-000000000000,completed,2026-06-27 12:45:30.387147+00:00,2026-06-27 12:45:37.990380+00:00
00000004-0053-4000-8000-000000000000,completed,2026-06-27 12:45:29.889351+00:00,2026-06-27 12:45:37.407815+00:00
00000013-0053-4000-8000-000000000000,completed,2026-06-27 12:45:30.139063+00:00,2026-06-27 12:45:37.654549+00:00
00000016-0053-4000-8000-000000000000,completed,2026-06-27 12:45:30.188288+00:00,2026-06-27 12:45:37.755555+00:00
00000025-0053-4000-8000-000000000000,completed,2026-06-27 12:45:30.438887+00:00,2026-06-27 12:45:37.992728+00:00
00000017-0053-4000-8000-000000000000,completed,2026-06-27 12:45:30.289148+00:00,2026-06-27 12:45:37.811398+00:00
00000023-0053-4000-8000-000000000000,completed,2026-06-27 12:45:30.337699+00:00,2026-06-27 12:45:37.935786+00:00
00000037-0053-4000-8000-000000000000,completed,2026-06-27 12:45:30.639914+00:00,2026-06-27 12:45:38.309770+00:00
00000031-0053-4000-8000-000000000000,completed,2026-06-27 12:45:30.742163+00:00,2026-06-27 12:45:38.402121+00:00
00000020-0046-4000-8000-000000000000,completed,2026-06-27 12:45:21.562598+00:00,2026-06-27 12:45:27.446391+00:00
00000047-0046-4000-8000-000000000000,completed,2026-06-27 12:45:22.163013+00:00,2026-06-27 12:45:28.134860+00:00
00000016-0050-4000-8000-000000000000,completed,2026-06-27 12:45:26.437025+00:00,2026-06-27 12:45:33.245254+00:00
00000009-0056-4000-8000-000000000000,completed,2026-06-27 12:45:33.662790+00:00,2026-06-27 12:45:41.840834+00:00
00000033-0058-4000-8000-000000000000,completed,2026-06-27 12:45:36.863209+00:00,2026-06-27 12:45:45.638695+00:00
00000047-0058-4000-8000-000000000000,completed,2026-06-27 12:45:37.165637+00:00,2026-06-27 12:45:46.032794+00:00
00000003-0066-4000-8000-000000000000,completed,2026-06-27 12:45:46.115146+00:00,2026-06-27 12:45:56.941355+00:00
00000002-0070-4000-8000-000000000000,completed,2026-06-27 12:45:51.718160+00:00,2026-06-27 12:46:03.742024+00:00
00000023-0072-4000-8000-000000000000,completed,2026-06-27 12:45:54.064072+00:00,2026-06-27 12:46:06.581435+00:00
00000041-0072-4000-8000-000000000000,completed,2026-06-27 12:45:54.639582+00:00,2026-06-27 12:46:07.282383+00:00
00000001-0079-4000-8000-000000000000,completed,2026-06-27 12:46:02.512438+00:00,2026-06-27 12:46:16.763712+00:00
00000034-0080-4000-8000-000000000000,completed,2026-06-27 12:46:04.339030+00:00,2026-06-27 12:46:19.049503+00:00
00000047-0048-4000-8000-000000000000,completed,2026-06-27 12:45:24.662408+00:00,2026-06-27 12:45:31.115824+00:00
00000003-0050-4000-8000-000000000000,completed,2026-06-27 12:45:26.114030+00:00,2026-06-27 12:45:32.821244+00:00
00000041-0050-4000-8000-000000000000,completed,2026-06-27 12:45:27.139046+00:00,2026-06-27 12:45:34.061054+00:00
00000012-0054-4000-8000-000000000000,completed,2026-06-27 12:45:31.291875+00:00,2026-06-27 12:45:39.050742+00:00
00000043-0053-4000-8000-000000000000,completed,2026-06-27 12:45:31.037562+00:00,2026-06-27 12:45:38.767942+00:00
00000026-0054-4000-8000-000000000000,completed,2026-06-27 12:45:31.643504+00:00,2026-06-27 12:45:39.491926+00:00
00000045-0053-4000-8000-000000000000,completed,2026-06-27 12:45:30.938153+00:00,2026-06-27 12:45:38.628015+00:00
00000049-0053-4000-8000-000000000000,completed,2026-06-27 12:45:30.988611+00:00,2026-06-27 12:45:38.706960+00:00
00000011-0054-4000-8000-000000000000,completed,2026-06-27 12:45:31.240101+00:00,2026-06-27 12:45:39.001621+00:00
00000012-0056-4000-8000-000000000000,completed,2026-06-27 12:45:33.791278+00:00,2026-06-27 12:45:41.974678+00:00
00000017-0054-4000-8000-000000000000,completed,2026-06-27 12:45:31.538074+00:00,2026-06-27 12:45:39.362917+00:00
00000043-0054-4000-8000-000000000000,completed,2026-06-27 12:45:32.288832+00:00,2026-06-27 12:45:40.188157+00:00
00000007-0055-4000-8000-000000000000,completed,2026-06-27 12:45:32.440576+00:00,2026-06-27 12:45:40.375499+00:00
00000012-0055-4000-8000-000000000000,completed,2026-06-27 12:45:32.539015+00:00,2026-06-27 12:45:40.565666+00:00
00000045-0055-4000-8000-000000000000,completed,2026-06-27 12:45:33.437809+00:00,2026-06-27 12:45:41.603657+00:00
00000018-0056-4000-8000-000000000000,completed,2026-06-27 12:45:33.992713+00:00,2026-06-27 12:45:42.175106+00:00
00000041-0056-4000-8000-000000000000,completed,2026-06-27 12:45:34.637990+00:00,2026-06-27 12:45:43.027750+00:00
00000015-0056-4000-8000-000000000000,completed,2026-06-27 12:45:33.840711+00:00,2026-06-27 12:45:42.020839+00:00
00000016-0056-4000-8000-000000000000,completed,2026-06-27 12:45:33.940765+00:00,2026-06-27 12:45:42.160702+00:00
00000026-0056-4000-8000-000000000000,completed,2026-06-27 12:45:34.139138+00:00,2026-06-27 12:45:42.377412+00:00
00000035-0056-4000-8000-000000000000,completed,2026-06-27 12:45:34.437519+00:00,2026-06-27 12:45:42.708344+00:00
00000048-0056-4000-8000-000000000000,completed,2026-06-27 12:45:34.838546+00:00,2026-06-27 12:45:43.228447+00:00
00000039-0056-4000-8000-000000000000,completed,2026-06-27 12:45:34.591901+00:00,2026-06-27 12:45:42.887699+00:00
00000015-0057-4000-8000-000000000000,completed,2026-06-27 12:45:35.093206+00:00,2026-06-27 12:45:43.561010+00:00
00000026-0057-4000-8000-000000000000,completed,2026-06-27 12:45:35.389051+00:00,2026-06-27 12:45:43.916225+00:00
00000007-0057-4000-8000-000000000000,completed,2026-06-27 12:45:34.943562+00:00,2026-06-27 12:45:43.383518+00:00
00000011-0057-4000-8000-000000000000,completed,2026-06-27 12:45:34.993339+00:00,2026-06-27 12:45:43.394861+00:00
00000034-0057-4000-8000-000000000000,completed,2026-06-27 12:45:35.625748+00:00,2026-06-27 12:45:44.116140+00:00
00000040-0057-4000-8000-000000000000,completed,2026-06-27 12:45:35.789508+00:00,2026-06-27 12:45:44.294062+00:00
00000045-0057-4000-8000-000000000000,completed,2026-06-27 12:45:35.939674+00:00,2026-06-27 12:45:44.510294+00:00
00000002-0055-4000-8000-000000000000,completed,2026-06-27 12:45:32.963307+00:00,2026-06-27 12:45:41.007276+00:00
00000005-0054-4000-8000-000000000000,completed,2026-06-27 12:45:31.464192+00:00,2026-06-27 12:45:39.262906+00:00
00000024-0054-4000-8000-000000000000,completed,2026-06-27 12:45:31.615024+00:00,2026-06-27 12:45:39.447064+00:00
00000038-0054-4000-8000-000000000000,completed,2026-06-27 12:45:32.063122+00:00,2026-06-27 12:45:39.983161+00:00
00000033-0054-4000-8000-000000000000,completed,2026-06-27 12:45:31.863140+00:00,2026-06-27 12:45:39.722559+00:00
00000036-0054-4000-8000-000000000000,completed,2026-06-27 12:45:31.962470+00:00,2026-06-27 12:45:39.867326+00:00
00000046-0054-4000-8000-000000000000,completed,2026-06-27 12:45:32.313887+00:00,2026-06-27 12:45:40.250775+00:00
00000022-0055-4000-8000-000000000000,completed,2026-06-27 12:45:32.764317+00:00,2026-06-27 12:45:40.747325+00:00
00000050-0056-4000-8000-000000000000,completed,2026-06-27 12:45:34.776301+00:00,2026-06-27 12:45:43.124762+00:00
00000024-0055-4000-8000-000000000000,completed,2026-06-27 12:45:32.862567+00:00,2026-06-27 12:45:40.923376+00:00
00000033-0055-4000-8000-000000000000,completed,2026-06-27 12:45:33.114059+00:00,2026-06-27 12:45:41.159321+00:00
00000050-0055-4000-8000-000000000000,completed,2026-06-27 12:45:33.515190+00:00,2026-06-27 12:45:41.671172+00:00
00000046-0055-4000-8000-000000000000,completed,2026-06-27 12:45:33.565768+00:00,2026-06-27 12:45:41.667317+00:00
00000020-0056-4000-8000-000000000000,completed,2026-06-27 12:45:34.063913+00:00,2026-06-27 12:45:42.292089+00:00
00000014-0056-4000-8000-000000000000,completed,2026-06-27 12:45:33.912951+00:00,2026-06-27 12:45:42.133684+00:00
00000022-0056-4000-8000-000000000000,completed,2026-06-27 12:45:34.015594+00:00,2026-06-27 12:45:42.227684+00:00
00000006-0058-4000-8000-000000000000,completed,2026-06-27 12:45:36.368167+00:00,2026-06-27 12:45:45.027124+00:00
00000044-0056-4000-8000-000000000000,completed,2026-06-27 12:45:34.724971+00:00,2026-06-27 12:45:43.066575+00:00
00000010-0057-4000-8000-000000000000,completed,2026-06-27 12:45:34.969155+00:00,2026-06-27 12:45:43.407313+00:00
00000022-0057-4000-8000-000000000000,completed,2026-06-27 12:45:35.264120+00:00,2026-06-27 12:45:43.739348+00:00
00000021-0057-4000-8000-000000000000,completed,2026-06-27 12:45:35.586853+00:00,2026-06-27 12:45:44.110227+00:00
00000033-0057-4000-8000-000000000000,completed,2026-06-27 12:45:35.635591+00:00,2026-06-27 12:45:44.095504+00:00
00000044-0057-4000-8000-000000000000,completed,2026-06-27 12:45:35.964642+00:00,2026-06-27 12:45:44.566712+00:00
00000038-0057-4000-8000-000000000000,completed,2026-06-27 12:45:35.812145+00:00,2026-06-27 12:45:44.384634+00:00
00000003-0058-4000-8000-000000000000,completed,2026-06-27 12:45:36.114152+00:00,2026-06-27 12:45:44.738472+00:00
00000050-0057-4000-8000-000000000000,completed,2026-06-27 12:45:36.013922+00:00,2026-06-27 12:45:44.632981+00:00
00000014-0058-4000-8000-000000000000,completed,2026-06-27 12:45:36.412657+00:00,2026-06-27 12:45:45.087608+00:00
00000005-0058-4000-8000-000000000000,completed,2026-06-27 12:45:36.464370+00:00,2026-06-27 12:45:45.140471+00:00
00000008-0058-4000-8000-000000000000,completed,2026-06-27 12:45:36.312939+00:00,2026-06-27 12:45:44.982838+00:00
00000029-0058-4000-8000-000000000000,completed,2026-06-27 12:45:36.763097+00:00,2026-06-27 12:45:45.523434+00:00
00000050-0049-4000-8000-000000000000,completed,2026-06-27 12:45:26.013038+00:00,2026-06-27 12:45:32.748991+00:00
00000048-0057-4000-8000-000000000000,completed,2026-06-27 12:45:36.088574+00:00,2026-06-27 12:45:44.692499+00:00
00000041-0058-4000-8000-000000000000,completed,2026-06-27 12:45:37.139151+00:00,2026-06-27 12:45:45.959132+00:00
00000015-0064-4000-8000-000000000000,completed,2026-06-27 12:45:43.838796+00:00,2026-06-27 12:45:54.125282+00:00
00000023-0066-4000-8000-000000000000,completed,2026-06-27 12:45:46.593040+00:00,2026-06-27 12:45:57.527727+00:00
00000017-0070-4000-8000-000000000000,completed,2026-06-27 12:45:51.542757+00:00,2026-06-27 12:46:03.559908+00:00
00000029-0070-4000-8000-000000000000,completed,2026-06-27 12:45:51.768396+00:00,2026-06-27 12:46:03.757633+00:00
00000020-0074-4000-8000-000000000000,completed,2026-06-27 12:45:56.540555+00:00,2026-06-27 12:46:09.534934+00:00
00000022-0076-4000-8000-000000000000,completed,2026-06-27 12:45:58.987558+00:00,2026-06-27 12:46:12.543388+00:00
00000041-0077-4000-8000-000000000000,completed,2026-06-27 12:46:00.887810+00:00,2026-06-27 12:46:14.783182+00:00
00000005-0078-4000-8000-000000000000,completed,2026-06-27 12:46:01.439882+00:00,2026-06-27 12:46:15.489283+00:00
00000032-0080-4000-8000-000000000000,completed,2026-06-27 12:46:04.414417+00:00,2026-06-27 12:46:19.223402+00:00
00000008-0052-4000-8000-000000000000,completed,2026-06-27 12:45:28.815750+00:00,2026-06-27 12:45:36.073997+00:00
00000048-0053-4000-8000-000000000000,completed,2026-06-27 12:45:31.092239+00:00,2026-06-27 12:45:38.815849+00:00
00000004-0060-4000-8000-000000000000,completed,2026-06-27 12:45:38.637844+00:00,2026-06-27 12:45:47.725122+00:00
00000025-0062-4000-8000-000000000000,completed,2026-06-27 12:45:41.688373+00:00,2026-06-27 12:45:51.317746+00:00
00000036-0062-4000-8000-000000000000,completed,2026-06-27 12:45:41.966792+00:00,2026-06-27 12:45:51.732505+00:00
00000011-0063-4000-8000-000000000000,completed,2026-06-27 12:45:42.488515+00:00,2026-06-27 12:45:52.391651+00:00
00000022-0067-4000-8000-000000000000,completed,2026-06-27 12:45:47.764901+00:00,2026-06-27 12:45:58.906509+00:00
00000004-0071-4000-8000-000000000000,completed,2026-06-27 12:45:52.388437+00:00,2026-06-27 12:46:04.590860+00:00
00000026-0074-4000-8000-000000000000,completed,2026-06-27 12:45:56.637779+00:00,2026-06-27 12:46:09.661695+00:00
00000007-0075-4000-8000-000000000000,completed,2026-06-27 12:45:57.441133+00:00,2026-06-27 12:46:10.660470+00:00
00000003-0078-4000-8000-000000000000,completed,2026-06-27 12:46:01.113459+00:00,2026-06-27 12:46:15.118988+00:00
00000048-0078-4000-8000-000000000000,completed,2026-06-27 12:46:02.339538+00:00,2026-06-27 12:46:16.528068+00:00
00000007-0058-4000-8000-000000000000,completed,2026-06-27 12:45:36.199930+00:00,2026-06-27 12:45:44.803045+00:00
00000045-0058-4000-8000-000000000000,completed,2026-06-27 12:45:37.189017+00:00,2026-06-27 12:45:46.028825+00:00
00000004-0058-4000-8000-000000000000,completed,2026-06-27 12:45:36.143958+00:00,2026-06-27 12:45:44.777346+00:00
00000016-0058-4000-8000-000000000000,completed,2026-06-27 12:45:36.439313+00:00,2026-06-27 12:45:45.122747+00:00
00000037-0058-4000-8000-000000000000,completed,2026-06-27 12:45:36.887725+00:00,2026-06-27 12:45:45.663667+00:00
00000027-0058-4000-8000-000000000000,completed,2026-06-27 12:45:36.737666+00:00,2026-06-27 12:45:45.483876+00:00
00000030-0058-4000-8000-000000000000,completed,2026-06-27 12:45:36.788249+00:00,2026-06-27 12:45:45.524432+00:00
00000016-0059-4000-8000-000000000000,completed,2026-06-27 12:45:37.695344+00:00,2026-06-27 12:45:46.646354+00:00
00000011-0059-4000-8000-000000000000,completed,2026-06-27 12:45:37.491697+00:00,2026-06-27 12:45:46.362623+00:00
00000048-0058-4000-8000-000000000000,completed,2026-06-27 12:45:37.338934+00:00,2026-06-27 12:45:46.221665+00:00
00000007-0059-4000-8000-000000000000,completed,2026-06-27 12:45:37.437876+00:00,2026-06-27 12:45:46.303338+00:00
00000018-0059-4000-8000-000000000000,completed,2026-06-27 12:45:37.738562+00:00,2026-06-27 12:45:46.654145+00:00
00000007-0060-4000-8000-000000000000,completed,2026-06-27 12:45:38.689325+00:00,2026-06-27 12:45:47.799518+00:00
00000013-0059-4000-8000-000000000000,completed,2026-06-27 12:45:37.638580+00:00,2026-06-27 12:45:46.571707+00:00
00000026-0059-4000-8000-000000000000,completed,2026-06-27 12:45:37.888496+00:00,2026-06-27 12:45:46.816342+00:00
00000011-0060-4000-8000-000000000000,completed,2026-06-27 12:45:38.740207+00:00,2026-06-27 12:45:47.860557+00:00
00000045-0060-4000-8000-000000000000,completed,2026-06-27 12:45:39.688557+00:00,2026-06-27 12:45:48.955431+00:00
00000023-0060-4000-8000-000000000000,completed,2026-06-27 12:45:39.089140+00:00,2026-06-27 12:45:48.254724+00:00
00000027-0060-4000-8000-000000000000,completed,2026-06-27 12:45:39.238524+00:00,2026-06-27 12:45:48.441185+00:00
00000030-0061-4000-8000-000000000000,completed,2026-06-27 12:45:40.537972+00:00,2026-06-27 12:45:50.030041+00:00
00000040-0060-4000-8000-000000000000,completed,2026-06-27 12:45:39.537268+00:00,2026-06-27 12:45:48.839198+00:00
00000011-0061-4000-8000-000000000000,completed,2026-06-27 12:45:39.987691+00:00,2026-06-27 12:45:49.328366+00:00
00000017-0062-4000-8000-000000000000,completed,2026-06-27 12:45:41.542632+00:00,2026-06-27 12:45:51.160152+00:00
00000018-0061-4000-8000-000000000000,completed,2026-06-27 12:45:40.239548+00:00,2026-06-27 12:45:49.694000+00:00
00000025-0061-4000-8000-000000000000,completed,2026-06-27 12:45:40.437992+00:00,2026-06-27 12:45:49.882024+00:00
00000031-0061-4000-8000-000000000000,completed,2026-06-27 12:45:40.738423+00:00,2026-06-27 12:45:50.251012+00:00
00000049-0061-4000-8000-000000000000,completed,2026-06-27 12:45:40.989606+00:00,2026-06-27 12:45:50.615605+00:00
00000043-0061-4000-8000-000000000000,completed,2026-06-27 12:45:41.040470+00:00,2026-06-27 12:45:50.577949+00:00
00000011-0062-4000-8000-000000000000,completed,2026-06-27 12:45:41.238394+00:00,2026-06-27 12:45:50.816393+00:00
00000016-0062-4000-8000-000000000000,completed,2026-06-27 12:45:41.438297+00:00,2026-06-27 12:45:51.119070+00:00
00000046-0058-4000-8000-000000000000,completed,2026-06-27 12:45:37.323100+00:00,2026-06-27 12:45:46.186836+00:00
00000003-0059-4000-8000-000000000000,completed,2026-06-27 12:45:37.364768+00:00,2026-06-27 12:45:46.221181+00:00
00000008-0059-4000-8000-000000000000,completed,2026-06-27 12:45:37.566349+00:00,2026-06-27 12:45:46.422393+00:00
00000044-0058-4000-8000-000000000000,completed,2026-06-27 12:45:37.213634+00:00,2026-06-27 12:45:46.061915+00:00
00000010-0060-4000-8000-000000000000,completed,2026-06-27 12:45:38.713371+00:00,2026-06-27 12:45:47.814196+00:00
00000001-0059-4000-8000-000000000000,completed,2026-06-27 12:45:37.512984+00:00,2026-06-27 12:45:46.394688+00:00
00000022-0059-4000-8000-000000000000,completed,2026-06-27 12:45:37.762666+00:00,2026-06-27 12:45:46.720414+00:00
00000029-0059-4000-8000-000000000000,completed,2026-06-27 12:45:38.013207+00:00,2026-06-27 12:45:46.984466+00:00
00000021-0059-4000-8000-000000000000,completed,2026-06-27 12:45:38.065968+00:00,2026-06-27 12:45:47.065074+00:00
00000002-0059-4000-8000-000000000000,completed,2026-06-27 12:45:37.964546+00:00,2026-06-27 12:45:46.965147+00:00
00000029-0060-4000-8000-000000000000,completed,2026-06-27 12:45:39.263889+00:00,2026-06-27 12:45:48.451808+00:00
00000044-0059-4000-8000-000000000000,completed,2026-06-27 12:45:38.462744+00:00,2026-06-27 12:45:47.526981+00:00
00000050-0059-4000-8000-000000000000,completed,2026-06-27 12:45:38.513689+00:00,2026-06-27 12:45:47.592267+00:00
00000003-0060-4000-8000-000000000000,completed,2026-06-27 12:45:38.613804+00:00,2026-06-27 12:45:47.701292+00:00
00000014-0060-4000-8000-000000000000,completed,2026-06-27 12:45:38.915235+00:00,2026-06-27 12:45:48.062789+00:00
00000050-0060-4000-8000-000000000000,completed,2026-06-27 12:45:39.764548+00:00,2026-06-27 12:45:49.035112+00:00
00000002-0061-4000-8000-000000000000,completed,2026-06-27 12:45:40.463569+00:00,2026-06-27 12:45:49.928181+00:00
00000047-0060-4000-8000-000000000000,completed,2026-06-27 12:45:39.662802+00:00,2026-06-27 12:45:48.944954+00:00
00000008-0061-4000-8000-000000000000,completed,2026-06-27 12:45:40.063368+00:00,2026-06-27 12:45:49.378721+00:00
00000009-0061-4000-8000-000000000000,completed,2026-06-27 12:45:39.913014+00:00,2026-06-27 12:45:49.197327+00:00
00000005-0061-4000-8000-000000000000,completed,2026-06-27 12:45:40.216080+00:00,2026-06-27 12:45:49.568776+00:00
00000001-0061-4000-8000-000000000000,completed,2026-06-27 12:45:40.027534+00:00,2026-06-27 12:45:49.348307+00:00
00000006-0061-4000-8000-000000000000,completed,2026-06-27 12:45:40.113257+00:00,2026-06-27 12:45:49.494103+00:00
00000036-0061-4000-8000-000000000000,completed,2026-06-27 12:45:40.712380+00:00,2026-06-27 12:45:50.246787+00:00
00000029-0061-4000-8000-000000000000,completed,2026-06-27 12:45:40.514500+00:00,2026-06-27 12:45:49.925234+00:00
00000032-0061-4000-8000-000000000000,completed,2026-06-27 12:45:40.663288+00:00,2026-06-27 12:45:50.124805+00:00
00000050-0061-4000-8000-000000000000,completed,2026-06-27 12:45:41.012973+00:00,2026-06-27 12:45:50.616845+00:00
00000005-0062-4000-8000-000000000000,completed,2026-06-27 12:45:41.464320+00:00,2026-06-27 12:45:51.134172+00:00
00000022-0062-4000-8000-000000000000,completed,2026-06-27 12:45:41.512826+00:00,2026-06-27 12:45:51.156748+00:00
00000014-0062-4000-8000-000000000000,completed,2026-06-27 12:45:41.415328+00:00,2026-06-27 12:45:51.035932+00:00
00000034-0062-4000-8000-000000000000,completed,2026-06-27 12:45:41.838098+00:00,2026-06-27 12:45:51.520992+00:00
00000007-0063-4000-8000-000000000000,completed,2026-06-27 12:45:42.439272+00:00,2026-06-27 12:45:52.341818+00:00
00000030-0062-4000-8000-000000000000,completed,2026-06-27 12:45:41.788751+00:00,2026-06-27 12:45:51.457773+00:00
00000027-0063-4000-8000-000000000000,completed,2026-06-27 12:45:42.989260+00:00,2026-06-27 12:45:53.007105+00:00
00000045-0062-4000-8000-000000000000,completed,2026-06-27 12:45:42.189065+00:00,2026-06-27 12:45:52.072242+00:00
00000043-0062-4000-8000-000000000000,completed,2026-06-27 12:45:42.292089+00:00,2026-06-27 12:45:52.153183+00:00
00000015-0063-4000-8000-000000000000,completed,2026-06-27 12:45:42.589384+00:00,2026-06-27 12:45:52.551473+00:00
00000004-0063-4000-8000-000000000000,completed,2026-06-27 12:45:42.388697+00:00,2026-06-27 12:45:52.291724+00:00
00000035-0063-4000-8000-000000000000,completed,2026-06-27 12:45:43.188299+00:00,2026-06-27 12:45:53.280473+00:00
00000017-0065-4000-8000-000000000000,completed,2026-06-27 12:45:45.289992+00:00,2026-06-27 12:45:56.099251+00:00
00000025-0063-4000-8000-000000000000,completed,2026-06-27 12:45:42.939596+00:00,2026-06-27 12:45:52.968044+00:00
00000030-0063-4000-8000-000000000000,completed,2026-06-27 12:45:43.037991+00:00,2026-06-27 12:45:53.096539+00:00
00000037-0063-4000-8000-000000000000,completed,2026-06-27 12:45:43.137761+00:00,2026-06-27 12:45:53.244097+00:00
00000035-0064-4000-8000-000000000000,completed,2026-06-27 12:45:44.438893+00:00,2026-06-27 12:45:54.815426+00:00
00000007-0064-4000-8000-000000000000,completed,2026-06-27 12:45:43.690074+00:00,2026-06-27 12:45:53.900106+00:00
00000012-0064-4000-8000-000000000000,completed,2026-06-27 12:45:43.788493+00:00,2026-06-27 12:45:53.995193+00:00
00000048-0064-4000-8000-000000000000,completed,2026-06-27 12:45:44.838073+00:00,2026-06-27 12:45:55.306097+00:00
00000049-0064-4000-8000-000000000000,completed,2026-06-27 12:45:44.740292+00:00,2026-06-27 12:45:55.129260+00:00
00000045-0064-4000-8000-000000000000,completed,2026-06-27 12:45:44.688861+00:00,2026-06-27 12:45:55.159370+00:00
00000031-0065-4000-8000-000000000000,completed,2026-06-27 12:45:45.741919+00:00,2026-06-27 12:45:56.470773+00:00
00000011-0065-4000-8000-000000000000,completed,2026-06-27 12:45:44.989700+00:00,2026-06-27 12:45:55.503429+00:00
00000015-0065-4000-8000-000000000000,completed,2026-06-27 12:45:45.101649+00:00,2026-06-27 12:45:55.555731+00:00
00000016-0065-4000-8000-000000000000,completed,2026-06-27 12:45:45.190042+00:00,2026-06-27 12:45:55.691711+00:00
00000048-0065-4000-8000-000000000000,completed,2026-06-27 12:45:46.090955+00:00,2026-06-27 12:45:56.889011+00:00
00000035-0065-4000-8000-000000000000,completed,2026-06-27 12:45:45.688417+00:00,2026-06-27 12:45:56.395713+00:00
00000015-0066-4000-8000-000000000000,completed,2026-06-27 12:45:46.338859+00:00,2026-06-27 12:45:57.217322+00:00
00000041-0065-4000-8000-000000000000,completed,2026-06-27 12:45:45.890089+00:00,2026-06-27 12:45:56.664750+00:00
00000045-0065-4000-8000-000000000000,completed,2026-06-27 12:45:45.938582+00:00,2026-06-27 12:45:56.752043+00:00
00000043-0065-4000-8000-000000000000,completed,2026-06-27 12:45:46.040303+00:00,2026-06-27 12:45:56.857192+00:00
00000011-0066-4000-8000-000000000000,completed,2026-06-27 12:45:46.238539+00:00,2026-06-27 12:45:57.115482+00:00
00000008-0063-4000-8000-000000000000,completed,2026-06-27 12:45:42.564262+00:00,2026-06-27 12:45:52.527530+00:00
00000038-0062-4000-8000-000000000000,completed,2026-06-27 12:45:42.063297+00:00,2026-06-27 12:45:51.912278+00:00
00000032-0062-4000-8000-000000000000,completed,2026-06-27 12:45:41.913737+00:00,2026-06-27 12:45:51.953922+00:00
00000028-0062-4000-8000-000000000000,completed,2026-06-27 12:45:42.015423+00:00,2026-06-27 12:45:51.764675+00:00
00000022-0063-4000-8000-000000000000,completed,2026-06-27 12:45:42.765462+00:00,2026-06-27 12:45:52.796164+00:00
00000010-0063-4000-8000-000000000000,completed,2026-06-27 12:45:42.463892+00:00,2026-06-27 12:45:52.427339+00:00
00000001-0065-4000-8000-000000000000,completed,2026-06-27 12:45:45.014468+00:00,2026-06-27 12:45:55.501545+00:00
00000005-0063-4000-8000-000000000000,completed,2026-06-27 12:45:42.713184+00:00,2026-06-27 12:45:52.735353+00:00
00000033-0063-4000-8000-000000000000,completed,2026-06-27 12:45:43.112978+00:00,2026-06-27 12:45:53.171336+00:00
00000032-0063-4000-8000-000000000000,completed,2026-06-27 12:45:43.163376+00:00,2026-06-27 12:45:53.235094+00:00
00000002-0063-4000-8000-000000000000,completed,2026-06-27 12:45:42.964032+00:00,2026-06-27 12:45:53.065675+00:00
00000021-0063-4000-8000-000000000000,completed,2026-06-27 12:45:43.064519+00:00,2026-06-27 12:45:53.157718+00:00
00000001-0064-4000-8000-000000000000,completed,2026-06-27 12:45:43.768845+00:00,2026-06-27 12:45:53.961508+00:00
00000044-0063-4000-8000-000000000000,completed,2026-06-27 12:45:43.464671+00:00,2026-06-27 12:45:53.606333+00:00
00000050-0063-4000-8000-000000000000,completed,2026-06-27 12:45:43.517339+00:00,2026-06-27 12:45:53.711114+00:00
00000003-0064-4000-8000-000000000000,completed,2026-06-27 12:45:43.614406+00:00,2026-06-27 12:45:53.788429+00:00
00000014-0064-4000-8000-000000000000,completed,2026-06-27 12:45:43.914039+00:00,2026-06-27 12:45:54.151351+00:00
00000029-0064-4000-8000-000000000000,completed,2026-06-27 12:45:44.264351+00:00,2026-06-27 12:45:54.581629+00:00
00000038-0064-4000-8000-000000000000,completed,2026-06-27 12:45:44.563243+00:00,2026-06-27 12:45:54.965278+00:00
00000032-0064-4000-8000-000000000000,completed,2026-06-27 12:45:44.416483+00:00,2026-06-27 12:45:54.776424+00:00
00000021-0065-4000-8000-000000000000,completed,2026-06-27 12:45:45.565784+00:00,2026-06-27 12:45:56.207479+00:00
00000036-0064-4000-8000-000000000000,completed,2026-06-27 12:45:44.465411+00:00,2026-06-27 12:45:54.903851+00:00
00000042-0064-4000-8000-000000000000,completed,2026-06-27 12:45:44.615730+00:00,2026-06-27 12:45:55.023962+00:00
00000044-0064-4000-8000-000000000000,completed,2026-06-27 12:45:44.715265+00:00,2026-06-27 12:45:55.167995+00:00
00000009-0065-4000-8000-000000000000,completed,2026-06-27 12:45:44.913311+00:00,2026-06-27 12:45:55.339870+00:00
00000014-0065-4000-8000-000000000000,completed,2026-06-27 12:45:45.164111+00:00,2026-06-27 12:45:55.700452+00:00
00000029-0065-4000-8000-000000000000,completed,2026-06-27 12:45:45.514833+00:00,2026-06-27 12:45:56.200913+00:00
00000019-0065-4000-8000-000000000000,completed,2026-06-27 12:45:45.414452+00:00,2026-06-27 12:45:56.014805+00:00
00000002-0065-4000-8000-000000000000,completed,2026-06-27 12:45:45.463823+00:00,2026-06-27 12:45:56.100982+00:00
00000044-0065-4000-8000-000000000000,completed,2026-06-27 12:45:45.966728+00:00,2026-06-27 12:45:56.764697+00:00
00000005-0067-4000-8000-000000000000,completed,2026-06-27 12:45:47.714626+00:00,2026-06-27 12:45:58.910655+00:00
00000019-0066-4000-8000-000000000000,completed,2026-06-27 12:45:46.665195+00:00,2026-06-27 12:45:57.628484+00:00
00000028-0066-4000-8000-000000000000,completed,2026-06-27 12:45:47.013265+00:00,2026-06-27 12:45:58.029935+00:00
00000033-0066-4000-8000-000000000000,completed,2026-06-27 12:45:46.866028+00:00,2026-06-27 12:45:57.855137+00:00
00000032-0066-4000-8000-000000000000,completed,2026-06-27 12:45:46.913222+00:00,2026-06-27 12:45:57.990121+00:00
00000050-0066-4000-8000-000000000000,completed,2026-06-27 12:45:47.265298+00:00,2026-06-27 12:45:58.360278+00:00
00000009-0068-4000-8000-000000000000,completed,2026-06-27 12:45:48.662942+00:00,2026-06-27 12:45:59.998584+00:00
00000042-0067-4000-8000-000000000000,completed,2026-06-27 12:45:48.364771+00:00,2026-06-27 12:45:59.644525+00:00
00000014-0067-4000-8000-000000000000,completed,2026-06-27 12:45:47.664949+00:00,2026-06-27 12:45:58.852046+00:00
00000029-0067-4000-8000-000000000000,completed,2026-06-27 12:45:48.014830+00:00,2026-06-27 12:45:59.251790+00:00
00000021-0067-4000-8000-000000000000,completed,2026-06-27 12:45:48.063860+00:00,2026-06-27 12:45:59.306919+00:00
00000032-0067-4000-8000-000000000000,completed,2026-06-27 12:45:48.164493+00:00,2026-06-27 12:45:59.422951+00:00
00000028-0067-4000-8000-000000000000,completed,2026-06-27 12:45:48.263677+00:00,2026-06-27 12:45:59.583061+00:00
00000002-0068-4000-8000-000000000000,completed,2026-06-27 12:45:49.213978+00:00,2026-06-27 12:46:00.680514+00:00
00000046-0067-4000-8000-000000000000,completed,2026-06-27 12:45:48.566789+00:00,2026-06-27 12:45:59.930636+00:00
00000042-0068-4000-8000-000000000000,completed,2026-06-27 12:45:49.616205+00:00,2026-06-27 12:46:01.197291+00:00
00000024-0068-4000-8000-000000000000,completed,2026-06-27 12:45:49.113603+00:00,2026-06-27 12:46:00.530434+00:00
00000022-0068-4000-8000-000000000000,completed,2026-06-27 12:45:49.015035+00:00,2026-06-27 12:46:00.475944+00:00
00000020-0068-4000-8000-000000000000,completed,2026-06-27 12:45:49.062341+00:00,2026-06-27 12:46:00.511278+00:00
00000001-0069-4000-8000-000000000000,completed,2026-06-27 12:45:50.015045+00:00,2026-06-27 12:46:01.651270+00:00
00000038-0068-4000-8000-000000000000,completed,2026-06-27 12:45:49.562964+00:00,2026-06-27 12:46:01.055859+00:00
00000022-0069-4000-8000-000000000000,completed,2026-06-27 12:45:50.264310+00:00,2026-06-27 12:46:01.932808+00:00
00000010-0069-4000-8000-000000000000,completed,2026-06-27 12:45:49.964605+00:00,2026-06-27 12:46:01.622544+00:00
00000020-0069-4000-8000-000000000000,completed,2026-06-27 12:45:50.313356+00:00,2026-06-27 12:46:02.054339+00:00
00000036-0069-4000-8000-000000000000,completed,2026-06-27 12:45:50.713634+00:00,2026-06-27 12:46:02.506847+00:00
00000046-0069-4000-8000-000000000000,completed,2026-06-27 12:45:51.063665+00:00,2026-06-27 12:46:02.995267+00:00
00000032-0069-4000-8000-000000000000,completed,2026-06-27 12:45:50.663710+00:00,2026-06-27 12:46:02.494507+00:00
00000050-0069-4000-8000-000000000000,completed,2026-06-27 12:45:51.014605+00:00,2026-06-27 12:46:02.862937+00:00
00000008-0070-4000-8000-000000000000,completed,2026-06-27 12:45:51.317300+00:00,2026-06-27 12:46:03.217425+00:00
00000020-0070-4000-8000-000000000000,completed,2026-06-27 12:45:51.564535+00:00,2026-06-27 12:46:03.546329+00:00
00000034-0066-4000-8000-000000000000,completed,2026-06-27 12:45:46.838519+00:00,2026-06-27 12:45:57.832294+00:00
00000040-0066-4000-8000-000000000000,completed,2026-06-27 12:45:47.038966+00:00,2026-06-27 12:45:58.109313+00:00
00000030-0066-4000-8000-000000000000,completed,2026-06-27 12:45:46.790481+00:00,2026-06-27 12:45:57.817330+00:00
00000039-0067-4000-8000-000000000000,completed,2026-06-27 12:45:48.337905+00:00,2026-06-27 12:45:59.600203+00:00
00000031-0066-4000-8000-000000000000,completed,2026-06-27 12:45:46.988374+00:00,2026-06-27 12:45:58.009346+00:00
00000045-0066-4000-8000-000000000000,completed,2026-06-27 12:45:47.189067+00:00,2026-06-27 12:45:58.280896+00:00
00000011-0067-4000-8000-000000000000,completed,2026-06-27 12:45:47.488411+00:00,2026-06-27 12:45:58.656119+00:00
00000048-0066-4000-8000-000000000000,completed,2026-06-27 12:45:47.340491+00:00,2026-06-27 12:45:58.459186+00:00
00000004-0067-4000-8000-000000000000,completed,2026-06-27 12:45:47.389452+00:00,2026-06-27 12:45:58.536511+00:00
00000026-0067-4000-8000-000000000000,completed,2026-06-27 12:45:47.889346+00:00,2026-06-27 12:45:59.071675+00:00
00000018-0067-4000-8000-000000000000,completed,2026-06-27 12:45:47.739788+00:00,2026-06-27 12:45:58.900315+00:00
00000023-0067-4000-8000-000000000000,completed,2026-06-27 12:45:47.839474+00:00,2026-06-27 12:45:59.037615+00:00
00000034-0067-4000-8000-000000000000,completed,2026-06-27 12:45:48.089760+00:00,2026-06-27 12:45:59.300140+00:00
00000041-0068-4000-8000-000000000000,completed,2026-06-27 12:45:49.638349+00:00,2026-06-27 12:46:01.234322+00:00
00000031-0067-4000-8000-000000000000,completed,2026-06-27 12:45:48.237823+00:00,2026-06-27 12:45:59.511205+00:00
00000015-0068-4000-8000-000000000000,completed,2026-06-27 12:45:48.839246+00:00,2026-06-27 12:46:00.239624+00:00
00000011-0068-4000-8000-000000000000,completed,2026-06-27 12:45:48.739364+00:00,2026-06-27 12:46:00.111314+00:00
00000037-0068-4000-8000-000000000000,completed,2026-06-27 12:45:49.388416+00:00,2026-06-27 12:46:00.879905+00:00
00000027-0068-4000-8000-000000000000,completed,2026-06-27 12:45:49.237782+00:00,2026-06-27 12:46:00.695856+00:00
00000030-0068-4000-8000-000000000000,completed,2026-06-27 12:45:49.289222+00:00,2026-06-27 12:46:00.832027+00:00
00000012-0069-4000-8000-000000000000,completed,2026-06-27 12:45:50.038518+00:00,2026-06-27 12:46:01.724993+00:00
00000039-0068-4000-8000-000000000000,completed,2026-06-27 12:45:49.589194+00:00,2026-06-27 12:46:01.199288+00:00
00000031-0069-4000-8000-000000000000,completed,2026-06-27 12:45:50.739763+00:00,2026-06-27 12:46:02.562095+00:00
00000048-0068-4000-8000-000000000000,completed,2026-06-27 12:45:49.838514+00:00,2026-06-27 12:46:01.453787+00:00
00000011-0069-4000-8000-000000000000,completed,2026-06-27 12:45:49.991383+00:00,2026-06-27 12:46:01.610940+00:00
00000017-0069-4000-8000-000000000000,completed,2026-06-27 12:45:50.289082+00:00,2026-06-27 12:46:02.008044+00:00
00000037-0069-4000-8000-000000000000,completed,2026-06-27 12:45:50.637595+00:00,2026-06-27 12:46:02.465143+00:00
00000045-0069-4000-8000-000000000000,completed,2026-06-27 12:45:50.938448+00:00,2026-06-27 12:46:02.829980+00:00
00000048-0069-4000-8000-000000000000,completed,2026-06-27 12:45:51.089313+00:00,2026-06-27 12:46:03.000989+00:00
00000007-0070-4000-8000-000000000000,completed,2026-06-27 12:45:51.189113+00:00,2026-06-27 12:46:03.135588+00:00
00000024-0061-4000-8000-000000000000,completed,2026-06-27 12:45:40.367214+00:00,2026-06-27 12:45:49.767760+00:00
00000008-0062-4000-8000-000000000000,completed,2026-06-27 12:45:41.314026+00:00,2026-06-27 12:45:50.957285+00:00
00000039-0064-4000-8000-000000000000,completed,2026-06-27 12:45:44.589065+00:00,2026-06-27 12:45:54.970182+00:00
00000004-0069-4000-8000-000000000000,completed,2026-06-27 12:45:49.891922+00:00,2026-06-27 12:46:01.521190+00:00
00000005-0069-4000-8000-000000000000,completed,2026-06-27 12:45:50.213734+00:00,2026-06-27 12:46:01.920193+00:00
00000033-0073-4000-8000-000000000000,completed,2026-06-27 12:45:55.612669+00:00,2026-06-27 12:46:08.366074+00:00
00000023-0074-4000-8000-000000000000,completed,2026-06-27 12:45:56.562852+00:00,2026-06-27 12:46:09.532729+00:00
00000044-0078-4000-8000-000000000000,completed,2026-06-27 12:46:02.213665+00:00,2026-06-27 12:46:16.410581+00:00
00000037-0079-4000-8000-000000000000,completed,2026-06-27 12:46:03.138534+00:00,2026-06-27 12:46:17.584226+00:00
00000012-0062-4000-8000-000000000000,completed,2026-06-27 12:45:41.289634+00:00,2026-06-27 12:45:50.948022+00:00
00000018-0066-4000-8000-000000000000,completed,2026-06-27 12:45:46.490356+00:00,2026-06-27 12:45:57.431320+00:00
00000035-0066-4000-8000-000000000000,completed,2026-06-27 12:45:46.940155+00:00,2026-06-27 12:45:57.971412+00:00
00000005-0068-4000-8000-000000000000,completed,2026-06-27 12:45:48.963506+00:00,2026-06-27 12:46:00.351271+00:00
00000006-0071-4000-8000-000000000000,completed,2026-06-27 12:45:52.613914+00:00,2026-06-27 12:46:04.819024+00:00
00000015-0072-4000-8000-000000000000,completed,2026-06-27 12:45:53.838890+00:00,2026-06-27 12:46:06.240196+00:00
00000014-0074-4000-8000-000000000000,completed,2026-06-27 12:45:56.615058+00:00,2026-06-27 12:46:09.618852+00:00
00000032-0075-4000-8000-000000000000,completed,2026-06-27 12:45:58.164177+00:00,2026-06-27 12:46:11.578903+00:00
00000031-0077-4000-8000-000000000000,completed,2026-06-27 12:46:00.713800+00:00,2026-06-27 12:46:14.598657+00:00
00000031-0080-4000-8000-000000000000,completed,2026-06-27 12:46:04.462914+00:00,2026-06-27 12:46:19.223647+00:00
00000022-0071-4000-8000-000000000000,completed,2026-06-27 12:45:52.738196+00:00,2026-06-27 12:46:04.949047+00:00
00000025-0070-4000-8000-000000000000,completed,2026-06-27 12:45:51.692132+00:00,2026-06-27 12:46:03.731588+00:00
00000027-0070-4000-8000-000000000000,completed,2026-06-27 12:45:51.740847+00:00,2026-06-27 12:46:03.716335+00:00
00000040-0070-4000-8000-000000000000,completed,2026-06-27 12:45:52.038802+00:00,2026-06-27 12:46:04.093727+00:00
00000049-0070-4000-8000-000000000000,completed,2026-06-27 12:45:52.257488+00:00,2026-06-27 12:46:04.423761+00:00
00000007-0071-4000-8000-000000000000,completed,2026-06-27 12:45:52.438881+00:00,2026-06-27 12:46:04.625114+00:00
00000043-0070-4000-8000-000000000000,completed,2026-06-27 12:45:52.289348+00:00,2026-06-27 12:46:04.420224+00:00
00000048-0070-4000-8000-000000000000,completed,2026-06-27 12:45:52.339321+00:00,2026-06-27 12:46:04.516496+00:00
00000040-0071-4000-8000-000000000000,completed,2026-06-27 12:45:53.289758+00:00,2026-06-27 12:46:05.660108+00:00
00000013-0071-4000-8000-000000000000,completed,2026-06-27 12:45:52.637415+00:00,2026-06-27 12:46:04.853571+00:00
00000025-0071-4000-8000-000000000000,completed,2026-06-27 12:45:52.940607+00:00,2026-06-27 12:46:05.237040+00:00
00000043-0071-4000-8000-000000000000,completed,2026-06-27 12:45:53.540170+00:00,2026-06-27 12:46:05.907263+00:00
00000036-0071-4000-8000-000000000000,completed,2026-06-27 12:45:53.189637+00:00,2026-06-27 12:46:05.514413+00:00
00000011-0073-4000-8000-000000000000,completed,2026-06-27 12:45:54.991544+00:00,2026-06-27 12:46:07.613495+00:00
00000045-0071-4000-8000-000000000000,completed,2026-06-27 12:45:53.441129+00:00,2026-06-27 12:46:05.834801+00:00
00000039-0072-4000-8000-000000000000,completed,2026-06-27 12:45:54.588661+00:00,2026-06-27 12:46:07.145246+00:00
00000037-0072-4000-8000-000000000000,completed,2026-06-27 12:45:54.389665+00:00,2026-06-27 12:46:06.942452+00:00
00000028-0072-4000-8000-000000000000,completed,2026-06-27 12:45:54.488736+00:00,2026-06-27 12:46:07.099077+00:00
00000027-0073-4000-8000-000000000000,completed,2026-06-27 12:45:55.488200+00:00,2026-06-27 12:46:08.291921+00:00
00000004-0073-4000-8000-000000000000,completed,2026-06-27 12:45:54.888571+00:00,2026-06-27 12:46:07.501333+00:00
00000020-0073-4000-8000-000000000000,completed,2026-06-27 12:45:55.288022+00:00,2026-06-27 12:46:08.027012+00:00
00000013-0073-4000-8000-000000000000,completed,2026-06-27 12:45:55.139292+00:00,2026-06-27 12:46:07.848100+00:00
00000022-0073-4000-8000-000000000000,completed,2026-06-27 12:45:55.237800+00:00,2026-06-27 12:46:07.951432+00:00
00000011-0074-4000-8000-000000000000,completed,2026-06-27 12:45:56.238942+00:00,2026-06-27 12:46:09.179970+00:00
00000025-0073-4000-8000-000000000000,completed,2026-06-27 12:45:55.437764+00:00,2026-06-27 12:46:08.195343+00:00
00000036-0073-4000-8000-000000000000,completed,2026-06-27 12:45:55.687647+00:00,2026-06-27 12:46:08.523422+00:00
00000049-0073-4000-8000-000000000000,completed,2026-06-27 12:45:55.988773+00:00,2026-06-27 12:46:08.902636+00:00
00000012-0074-4000-8000-000000000000,completed,2026-06-27 12:45:56.288450+00:00,2026-06-27 12:46:09.194662+00:00
00000007-0074-4000-8000-000000000000,completed,2026-06-27 12:45:56.188668+00:00,2026-06-27 12:46:09.088176+00:00
00000005-0074-4000-8000-000000000000,completed,2026-06-27 12:45:56.438348+00:00,2026-06-27 12:46:09.379648+00:00
00000038-0070-4000-8000-000000000000,completed,2026-06-27 12:45:52.064209+00:00,2026-06-27 12:46:04.166089+00:00
00000047-0070-4000-8000-000000000000,completed,2026-06-27 12:45:52.163645+00:00,2026-06-27 12:46:04.283427+00:00
00000033-0071-4000-8000-000000000000,completed,2026-06-27 12:45:53.112863+00:00,2026-06-27 12:46:05.424408+00:00
00000035-0070-4000-8000-000000000000,completed,2026-06-27 12:45:52.013846+00:00,2026-06-27 12:46:04.119344+00:00
00000016-0071-4000-8000-000000000000,completed,2026-06-27 12:45:52.670480+00:00,2026-06-27 12:46:04.889129+00:00
00000046-0070-4000-8000-000000000000,completed,2026-06-27 12:45:52.318324+00:00,2026-06-27 12:46:04.456374+00:00
00000009-0071-4000-8000-000000000000,completed,2026-06-27 12:45:52.413472+00:00,2026-06-27 12:46:04.604471+00:00
00000001-0071-4000-8000-000000000000,completed,2026-06-27 12:45:52.515431+00:00,2026-06-27 12:46:04.696508+00:00
00000014-0071-4000-8000-000000000000,completed,2026-06-27 12:45:52.864116+00:00,2026-06-27 12:46:05.136207+00:00
00000008-0072-4000-8000-000000000000,completed,2026-06-27 12:45:53.814387+00:00,2026-06-27 12:46:06.264014+00:00
00000021-0071-4000-8000-000000000000,completed,2026-06-27 12:45:53.063304+00:00,2026-06-27 12:46:05.360992+00:00
00000042-0071-4000-8000-000000000000,completed,2026-06-27 12:45:53.365869+00:00,2026-06-27 12:46:05.715408+00:00
00000050-0071-4000-8000-000000000000,completed,2026-06-27 12:45:53.513230+00:00,2026-06-27 12:46:05.903544+00:00
00000008-0073-4000-8000-000000000000,completed,2026-06-27 12:45:55.063675+00:00,2026-06-27 12:46:07.707322+00:00
00000009-0072-4000-8000-000000000000,completed,2026-06-27 12:45:53.664019+00:00,2026-06-27 12:46:06.082264+00:00
00000002-0072-4000-8000-000000000000,completed,2026-06-27 12:45:54.233056+00:00,2026-06-27 12:46:06.737092+00:00
00000021-0072-4000-8000-000000000000,completed,2026-06-27 12:45:54.315853+00:00,2026-06-27 12:46:06.904636+00:00
00000046-0072-4000-8000-000000000000,completed,2026-06-27 12:45:54.814748+00:00,2026-06-27 12:46:07.464242+00:00
00000006-0073-4000-8000-000000000000,completed,2026-06-27 12:45:55.113852+00:00,2026-06-27 12:46:07.848352+00:00
00000044-0073-4000-8000-000000000000,completed,2026-06-27 12:45:55.963573+00:00,2026-06-27 12:46:08.830676+00:00
00000001-0073-4000-8000-000000000000,completed,2026-06-27 12:45:55.013866+00:00,2026-06-27 12:46:07.663529+00:00
00000006-0074-4000-8000-000000000000,completed,2026-06-27 12:45:56.364606+00:00,2026-06-27 12:46:09.308768+00:00
00000021-0073-4000-8000-000000000000,completed,2026-06-27 12:45:55.563454+00:00,2026-06-27 12:46:08.364788+00:00
00000035-0073-4000-8000-000000000000,completed,2026-06-27 12:45:55.764371+00:00,2026-06-27 12:46:08.547398+00:00
00000038-0073-4000-8000-000000000000,completed,2026-06-27 12:45:55.814004+00:00,2026-06-27 12:46:08.677069+00:00
00000042-0073-4000-8000-000000000000,completed,2026-06-27 12:45:55.863378+00:00,2026-06-27 12:46:08.719666+00:00
00000003-0074-4000-8000-000000000000,completed,2026-06-27 12:45:56.113572+00:00,2026-06-27 12:46:09.009431+00:00
00000010-0074-4000-8000-000000000000,completed,2026-06-27 12:45:56.212663+00:00,2026-06-27 12:46:09.114973+00:00
00000001-0074-4000-8000-000000000000,completed,2026-06-27 12:45:56.263428+00:00,2026-06-27 12:46:09.199304+00:00
00000017-0074-4000-8000-000000000000,completed,2026-06-27 12:45:56.517310+00:00,2026-06-27 12:46:09.485991+00:00
00000010-0075-4000-8000-000000000000,completed,2026-06-27 12:45:57.463979+00:00,2026-06-27 12:46:10.675409+00:00
00000032-0074-4000-8000-000000000000,completed,2026-06-27 12:45:56.912988+00:00,2026-06-27 12:46:09.992529+00:00
00000029-0074-4000-8000-000000000000,completed,2026-06-27 12:45:56.762482+00:00,2026-06-27 12:46:09.780476+00:00
00000033-0074-4000-8000-000000000000,completed,2026-06-27 12:45:56.865711+00:00,2026-06-27 12:46:09.888702+00:00
00000008-0075-4000-8000-000000000000,completed,2026-06-27 12:45:57.564492+00:00,2026-06-27 12:46:10.839901+00:00
00000046-0074-4000-8000-000000000000,completed,2026-06-27 12:45:57.314482+00:00,2026-06-27 12:46:10.502855+00:00
00000029-0075-4000-8000-000000000000,completed,2026-06-27 12:45:58.012439+00:00,2026-06-27 12:46:11.404080+00:00
00000009-0075-4000-8000-000000000000,completed,2026-06-27 12:45:57.413847+00:00,2026-06-27 12:46:10.669460+00:00
00000010-0076-4000-8000-000000000000,completed,2026-06-27 12:45:58.714158+00:00,2026-06-27 12:46:12.254725+00:00
00000002-0075-4000-8000-000000000000,completed,2026-06-27 12:45:57.963436+00:00,2026-06-27 12:46:11.312190+00:00
00000031-0075-4000-8000-000000000000,completed,2026-06-27 12:45:58.213864+00:00,2026-06-27 12:46:11.618123+00:00
00000047-0075-4000-8000-000000000000,completed,2026-06-27 12:45:58.413962+00:00,2026-06-27 12:46:11.867411+00:00
00000029-0076-4000-8000-000000000000,completed,2026-06-27 12:45:59.263778+00:00,2026-06-27 12:46:12.956319+00:00
00000046-0075-4000-8000-000000000000,completed,2026-06-27 12:45:58.563425+00:00,2026-06-27 12:46:12.070878+00:00
00000001-0076-4000-8000-000000000000,completed,2026-06-27 12:45:58.775516+00:00,2026-06-27 12:46:12.246890+00:00
00000017-0076-4000-8000-000000000000,completed,2026-06-27 12:45:59.015959+00:00,2026-06-27 12:46:12.601942+00:00
00000044-0076-4000-8000-000000000000,completed,2026-06-27 12:45:59.713700+00:00,2026-06-27 12:46:13.440990+00:00
00000002-0076-4000-8000-000000000000,completed,2026-06-27 12:45:59.213875+00:00,2026-06-27 12:46:12.847358+00:00
00000018-0077-4000-8000-000000000000,completed,2026-06-27 12:46:00.214089+00:00,2026-06-27 12:46:14.031455+00:00
00000047-0076-4000-8000-000000000000,completed,2026-06-27 12:45:59.664303+00:00,2026-06-27 12:46:13.389995+00:00
00000009-0077-4000-8000-000000000000,completed,2026-06-27 12:45:59.913864+00:00,2026-06-27 12:46:13.681132+00:00
00000006-0078-4000-8000-000000000000,completed,2026-06-27 12:46:01.362748+00:00,2026-06-27 12:46:15.343196+00:00
00000006-0077-4000-8000-000000000000,completed,2026-06-27 12:46:00.113983+00:00,2026-06-27 12:46:13.875576+00:00
00000047-0077-4000-8000-000000000000,completed,2026-06-27 12:46:00.913674+00:00,2026-06-27 12:46:14.840123+00:00
00000029-0078-4000-8000-000000000000,completed,2026-06-27 12:46:01.763011+00:00,2026-06-27 12:46:15.870173+00:00
00000009-0078-4000-8000-000000000000,completed,2026-06-27 12:46:01.162430+00:00,2026-06-27 12:46:15.117220+00:00
00000001-0078-4000-8000-000000000000,completed,2026-06-27 12:46:01.262845+00:00,2026-06-27 12:46:15.295337+00:00
00000017-0078-4000-8000-000000000000,completed,2026-06-27 12:46:01.515048+00:00,2026-06-27 12:46:15.510043+00:00
00000002-0078-4000-8000-000000000000,completed,2026-06-27 12:46:01.713410+00:00,2026-06-27 12:46:15.803327+00:00
00000035-0078-4000-8000-000000000000,completed,2026-06-27 12:46:02.016993+00:00,2026-06-27 12:46:16.157820+00:00
00000037-0074-4000-8000-000000000000,completed,2026-06-27 12:45:56.888696+00:00,2026-06-27 12:46:09.882061+00:00
00000041-0074-4000-8000-000000000000,completed,2026-06-27 12:45:57.141259+00:00,2026-06-27 12:46:10.249136+00:00
00000034-0074-4000-8000-000000000000,completed,2026-06-27 12:45:56.838323+00:00,2026-06-27 12:46:09.887325+00:00
00000030-0074-4000-8000-000000000000,completed,2026-06-27 12:45:56.790620+00:00,2026-06-27 12:46:09.859599+00:00
00000020-0075-4000-8000-000000000000,completed,2026-06-27 12:45:57.788998+00:00,2026-06-27 12:46:11.102851+00:00
00000040-0074-4000-8000-000000000000,completed,2026-06-27 12:45:57.039635+00:00,2026-06-27 12:46:10.125076+00:00
00000045-0075-4000-8000-000000000000,completed,2026-06-27 12:45:58.438137+00:00,2026-06-27 12:46:11.884654+00:00
00000004-0075-4000-8000-000000000000,completed,2026-06-27 12:45:57.390156+00:00,2026-06-27 12:46:10.584601+00:00
00000013-0075-4000-8000-000000000000,completed,2026-06-27 12:45:57.638354+00:00,2026-06-27 12:46:10.967454+00:00
00000034-0075-4000-8000-000000000000,completed,2026-06-27 12:45:58.088851+00:00,2026-06-27 12:46:11.435781+00:00
00000039-0075-4000-8000-000000000000,completed,2026-06-27 12:45:58.337334+00:00,2026-06-27 12:46:11.778063+00:00
00000028-0075-4000-8000-000000000000,completed,2026-06-27 12:45:58.238897+00:00,2026-06-27 12:46:11.598932+00:00
00000024-0076-4000-8000-000000000000,completed,2026-06-27 12:45:59.090426+00:00,2026-06-27 12:46:12.667189+00:00
00000040-0075-4000-8000-000000000000,completed,2026-06-27 12:45:58.288241+00:00,2026-06-27 12:46:11.742359+00:00
00000007-0076-4000-8000-000000000000,completed,2026-06-27 12:45:58.687950+00:00,2026-06-27 12:46:12.171747+00:00
00000011-0077-4000-8000-000000000000,completed,2026-06-27 12:45:59.989182+00:00,2026-06-27 12:46:13.770946+00:00
00000036-0076-4000-8000-000000000000,completed,2026-06-27 12:45:59.437792+00:00,2026-06-27 12:46:13.114473+00:00
00000034-0077-4000-8000-000000000000,completed,2026-06-27 12:46:00.589351+00:00,2026-06-27 12:46:14.431147+00:00
00000007-0077-4000-8000-000000000000,completed,2026-06-27 12:45:59.940145+00:00,2026-06-27 12:46:13.678685+00:00
00000005-0077-4000-8000-000000000000,completed,2026-06-27 12:46:00.188297+00:00,2026-06-27 12:46:14.012997+00:00
00000045-0077-4000-8000-000000000000,completed,2026-06-27 12:46:00.939048+00:00,2026-06-27 12:46:14.917674+00:00
00000027-0077-4000-8000-000000000000,completed,2026-06-27 12:46:00.490295+00:00,2026-06-27 12:46:14.382762+00:00
00000028-0077-4000-8000-000000000000,completed,2026-06-27 12:46:00.738750+00:00,2026-06-27 12:46:14.610791+00:00
00000026-0078-4000-8000-000000000000,completed,2026-06-27 12:46:01.637571+00:00,2026-06-27 12:46:15.685703+00:00
00000025-0078-4000-8000-000000000000,completed,2026-06-27 12:46:01.691910+00:00,2026-06-27 12:46:15.754317+00:00
00000011-0078-4000-8000-000000000000,completed,2026-06-27 12:46:01.238666+00:00,2026-06-27 12:46:15.259666+00:00
00000012-0078-4000-8000-000000000000,completed,2026-06-27 12:46:01.288504+00:00,2026-06-27 12:46:15.266967+00:00
00000013-0078-4000-8000-000000000000,completed,2026-06-27 12:46:01.388694+00:00,2026-06-27 12:46:15.443915+00:00
00000024-0078-4000-8000-000000000000,completed,2026-06-27 12:46:01.589472+00:00,2026-06-27 12:46:15.654129+00:00
00000049-0078-4000-8000-000000000000,completed,2026-06-27 12:46:02.237746+00:00,2026-06-27 12:46:16.479173+00:00
00000003-0081-4000-8000-000000000000,completed,2026-06-27 12:46:04.863929+00:00,2026-06-27 12:46:19.809769+00:00
00000044-0080-4000-8000-000000000000,completed,2026-06-27 12:46:04.713209+00:00,2026-06-27 12:46:19.579927+00:00
00000032-0081-4000-8000-000000000000,completed,2026-06-27 12:46:05.663517+00:00,2026-06-27 12:46:20.658099+00:00
00000050-0080-4000-8000-000000000000,completed,2026-06-27 12:46:04.765992+00:00,2026-06-27 12:46:19.621949+00:00
00000003-0079-4000-8000-000000000000,completed,2026-06-27 12:46:02.363304+00:00,2026-06-27 12:46:16.594596+00:00
00000029-0079-4000-8000-000000000000,completed,2026-06-27 12:46:03.012694+00:00,2026-06-27 12:46:17.413757+00:00
00000046-0078-4000-8000-000000000000,completed,2026-06-27 12:46:02.312921+00:00,2026-06-27 12:46:16.535211+00:00
00000016-0079-4000-8000-000000000000,completed,2026-06-27 12:46:02.663823+00:00,2026-06-27 12:46:16.981152+00:00
00000016-0080-4000-8000-000000000000,completed,2026-06-27 12:46:03.912657+00:00,2026-06-27 12:46:18.548474+00:00
00000014-0079-4000-8000-000000000000,completed,2026-06-27 12:46:02.863928+00:00,2026-06-27 12:46:17.246288+00:00
00000031-0079-4000-8000-000000000000,completed,2026-06-27 12:46:03.215895+00:00,2026-06-27 12:46:17.648241+00:00
00000047-0079-4000-8000-000000000000,completed,2026-06-27 12:46:03.413895+00:00,2026-06-27 12:46:17.937128+00:00
00000006-0080-4000-8000-000000000000,completed,2026-06-27 12:46:03.863765+00:00,2026-06-27 12:46:18.522756+00:00
00000010-0080-4000-8000-000000000000,completed,2026-06-27 12:46:03.714182+00:00,2026-06-27 12:46:18.316457+00:00
00000029-0080-4000-8000-000000000000,completed,2026-06-27 12:46:04.264748+00:00,2026-06-27 12:46:19.033684+00:00
00000008-0080-4000-8000-000000000000,completed,2026-06-27 12:46:03.813154+00:00,2026-06-27 12:46:18.422750+00:00
00000023-0080-4000-8000-000000000000,completed,2026-06-27 12:46:04.062843+00:00,2026-06-27 12:46:18.727749+00:00
00000046-0080-4000-8000-000000000000,completed,2026-06-27 12:46:04.812861+00:00,2026-06-27 12:46:19.627148+00:00
00000002-0080-4000-8000-000000000000,completed,2026-06-27 12:46:04.215974+00:00,2026-06-27 12:46:18.932558+00:00
00000042-0080-4000-8000-000000000000,completed,2026-06-27 12:46:04.613667+00:00,2026-06-27 12:46:19.394775+00:00
00000008-0081-4000-8000-000000000000,completed,2026-06-27 12:46:05.063307+00:00,2026-06-27 12:46:20.009789+00:00
00000008-0082-4000-8000-000000000000,completed,2026-06-27 12:46:06.322394+00:00,2026-06-27 12:46:21.436193+00:00
00000006-0081-4000-8000-000000000000,completed,2026-06-27 12:46:05.114523+00:00,2026-06-27 12:46:19.970801+00:00
00000016-0081-4000-8000-000000000000,completed,2026-06-27 12:46:05.162605+00:00,2026-06-27 12:46:20.154913+00:00
00000017-0081-4000-8000-000000000000,completed,2026-06-27 12:46:05.263168+00:00,2026-06-27 12:46:20.197847+00:00
00000014-0081-4000-8000-000000000000,completed,2026-06-27 12:46:05.363971+00:00,2026-06-27 12:46:20.318636+00:00
00000019-0081-4000-8000-000000000000,completed,2026-06-27 12:46:05.414921+00:00,2026-06-27 12:46:20.395227+00:00
00000029-0081-4000-8000-000000000000,completed,2026-06-27 12:46:05.514413+00:00,2026-06-27 12:46:20.484947+00:00
00000021-0081-4000-8000-000000000000,completed,2026-06-27 12:46:05.565030+00:00,2026-06-27 12:46:20.583290+00:00
00000046-0081-4000-8000-000000000000,completed,2026-06-27 12:46:06.069787+00:00,2026-06-27 12:46:21.134610+00:00
00000010-0082-4000-8000-000000000000,completed,2026-06-27 12:46:06.224401+00:00,2026-06-27 12:46:21.390898+00:00
00000045-0080-4000-8000-000000000000,completed,2026-06-27 12:46:04.691266+00:00,2026-06-27 12:46:19.606687+00:00
00000045-0081-4000-8000-000000000000,completed,2026-06-27 12:46:05.940239+00:00,2026-06-27 12:46:20.990078+00:00
00000005-0081-4000-8000-000000000000,completed,2026-06-27 12:46:05.191003+00:00,2026-06-27 12:46:20.146943+00:00
00000013-0079-4000-8000-000000000000,completed,2026-06-27 12:46:02.638069+00:00,2026-06-27 12:46:16.933695+00:00
00000036-0079-4000-8000-000000000000,completed,2026-06-27 12:46:03.188180+00:00,2026-06-27 12:46:17.597204+00:00
00000015-0079-4000-8000-000000000000,completed,2026-06-27 12:46:02.589333+00:00,2026-06-27 12:46:16.895348+00:00
00000041-0079-4000-8000-000000000000,completed,2026-06-27 12:46:03.388921+00:00,2026-06-27 12:46:17.933323+00:00
00000025-0079-4000-8000-000000000000,completed,2026-06-27 12:46:02.939362+00:00,2026-06-27 12:46:17.388494+00:00
00000027-0079-4000-8000-000000000000,completed,2026-06-27 12:46:02.987403+00:00,2026-06-27 12:46:17.436965+00:00
00000028-0081-4000-8000-000000000000,completed,2026-06-27 12:46:05.739379+00:00,2026-06-27 12:46:20.788967+00:00
00000048-0079-4000-8000-000000000000,completed,2026-06-27 12:46:03.588361+00:00,2026-06-27 12:46:18.165935+00:00
00000028-0079-4000-8000-000000000000,completed,2026-06-27 12:46:03.238575+00:00,2026-06-27 12:46:17.770864+00:00
00000039-0079-4000-8000-000000000000,completed,2026-06-27 12:46:03.337682+00:00,2026-06-27 12:46:17.827227+00:00
00000045-0079-4000-8000-000000000000,completed,2026-06-27 12:46:03.437845+00:00,2026-06-27 12:46:17.975767+00:00
00000043-0079-4000-8000-000000000000,completed,2026-06-27 12:46:03.537938+00:00,2026-06-27 12:46:18.107629+00:00
00000015-0080-4000-8000-000000000000,completed,2026-06-27 12:46:03.838134+00:00,2026-06-27 12:46:18.484406+00:00
00000024-0080-4000-8000-000000000000,completed,2026-06-27 12:46:04.088381+00:00,2026-06-27 12:46:18.794716+00:00
00000037-0081-4000-8000-000000000000,completed,2026-06-27 12:46:05.638211+00:00,2026-06-27 12:46:20.678314+00:00
00000030-0080-4000-8000-000000000000,completed,2026-06-27 12:46:04.287806+00:00,2026-06-27 12:46:19.041248+00:00
00000028-0080-4000-8000-000000000000,completed,2026-06-27 12:46:04.489054+00:00,2026-06-27 12:46:19.223165+00:00
00000040-0080-4000-8000-000000000000,completed,2026-06-27 12:46:04.538980+00:00,2026-06-27 12:46:19.310683+00:00
00000039-0080-4000-8000-000000000000,completed,2026-06-27 12:46:04.590439+00:00,2026-06-27 12:46:19.414129+00:00
00000041-0081-4000-8000-000000000000,completed,2026-06-27 12:46:05.889868+00:00,2026-06-27 12:46:20.946364+00:00
00000012-0082-4000-8000-000000000000,completed,2026-06-27 12:46:06.298263+00:00,2026-06-27 12:46:21.426607+00:00
00000022-0082-4000-8000-000000000000,completed,2026-06-27 12:46:06.502695+00:00,2026-06-27 12:46:21.707901+00:00
00000036-0082-4000-8000-000000000000,completed,2026-06-27 12:46:06.968711+00:00,2026-06-27 12:46:22.230223+00:00
00000030-0082-4000-8000-000000000000,completed,2026-06-27 12:46:06.816642+00:00,2026-06-27 12:46:22.048661+00:00
00000034-0082-4000-8000-000000000000,completed,2026-06-27 12:46:06.867157+00:00,2026-06-27 12:46:22.137615+00:00
00000049-0082-4000-8000-000000000000,completed,2026-06-27 12:46:07.286133+00:00,2026-06-27 12:46:22.638707+00:00
00000012-0083-4000-8000-000000000000,completed,2026-06-27 12:46:07.606486+00:00,2026-06-27 12:46:22.953353+00:00
00000012-0070-4000-8000-000000000000,completed,2026-06-27 12:45:51.288346+00:00,2026-06-27 12:46:03.188742+00:00
00000047-0074-4000-8000-000000000000,completed,2026-06-27 12:45:57.164090+00:00,2026-06-27 12:46:10.335760+00:00
00000029-0082-4000-8000-000000000000,completed,2026-06-27 12:46:06.786984+00:00,2026-06-27 12:46:22.042622+00:00
00000017-0082-4000-8000-000000000000,completed,2026-06-27 12:46:06.527987+00:00,2026-06-27 12:46:21.784814+00:00
00000008-0083-4000-8000-000000000000,completed,2026-06-27 12:46:07.633053+00:00,2026-06-27 12:46:23.044020+00:00
00000023-0082-4000-8000-000000000000,completed,2026-06-27 12:46:06.579422+00:00,2026-06-27 12:46:21.762782+00:00
00000014-0082-4000-8000-000000000000,completed,2026-06-27 12:46:06.635469+00:00,2026-06-27 12:46:21.843734+00:00
00000002-0082-4000-8000-000000000000,completed,2026-06-27 12:46:06.736598+00:00,2026-06-27 12:46:21.955376+00:00
00000044-0082-4000-8000-000000000000,completed,2026-06-27 12:46:07.260258+00:00,2026-06-27 12:46:22.583200+00:00
00000023-0083-4000-8000-000000000000,completed,2026-06-27 12:46:07.903994+00:00,2026-06-27 12:46:23.281898+00:00
00000001-0083-4000-8000-000000000000,completed,2026-06-27 12:46:07.578406+00:00,2026-06-27 12:46:22.932673+00:00
00000009-0083-4000-8000-000000000000,completed,2026-06-27 12:46:07.471900+00:00,2026-06-27 12:46:22.826941+00:00
00000010-0083-4000-8000-000000000000,completed,2026-06-27 12:46:07.526106+00:00,2026-06-27 12:46:22.874552+00:00
00000044-0083-4000-8000-000000000000,completed,2026-06-27 12:46:08.615482+00:00,2026-06-27 12:46:24.103100+00:00
00000017-0083-4000-8000-000000000000,completed,2026-06-27 12:46:07.848044+00:00,2026-06-27 12:46:23.210256+00:00
00000033-0083-4000-8000-000000000000,completed,2026-06-27 12:46:08.229062+00:00,2026-06-27 12:46:23.663495+00:00
00000050-0083-4000-8000-000000000000,completed,2026-06-27 12:46:08.671142+00:00,2026-06-27 12:46:24.186673+00:00
00000002-0083-4000-8000-000000000000,completed,2026-06-27 12:46:08.065113+00:00,2026-06-27 12:46:23.470652+00:00
00000021-0083-4000-8000-000000000000,completed,2026-06-27 12:46:08.174995+00:00,2026-06-27 12:46:23.584627+00:00
00000023-0084-4000-8000-000000000000,completed,2026-06-27 12:46:09.291254+00:00,2026-06-27 12:46:24.797068+00:00
00000047-0083-4000-8000-000000000000,completed,2026-06-27 12:46:08.560927+00:00,2026-06-27 12:46:24.019275+00:00
00000001-0084-4000-8000-000000000000,completed,2026-06-27 12:46:08.950610+00:00,2026-06-27 12:46:24.423837+00:00
00000018-0084-4000-8000-000000000000,completed,2026-06-27 12:46:09.179101+00:00,2026-06-27 12:46:24.678431+00:00
00000002-0085-4000-8000-000000000000,completed,2026-06-27 12:46:10.941275+00:00,2026-06-27 12:46:26.419271+00:00
00000035-0084-4000-8000-000000000000,completed,2026-06-27 12:46:09.809146+00:00,2026-06-27 12:46:25.325496+00:00
00000016-0085-4000-8000-000000000000,completed,2026-06-27 12:46:10.578880+00:00,2026-06-27 12:46:26.081238+00:00
00000018-0085-4000-8000-000000000000,completed,2026-06-27 12:46:10.638544+00:00,2026-06-27 12:46:26.214312+00:00
00000029-0085-4000-8000-000000000000,completed,2026-06-27 12:46:11.003936+00:00,2026-06-27 12:46:26.506564+00:00
00000014-0085-4000-8000-000000000000,completed,2026-06-27 12:46:10.820770+00:00,2026-06-27 12:46:26.337647+00:00
00000019-0085-4000-8000-000000000000,completed,2026-06-27 12:46:10.879661+00:00,2026-06-27 12:46:26.394522+00:00
00000035-0085-4000-8000-000000000000,completed,2026-06-27 12:46:11.308921+00:00,2026-06-27 12:46:26.786533+00:00
00000042-0085-4000-8000-000000000000,completed,2026-06-27 12:46:11.434336+00:00,2026-06-27 12:46:26.945779+00:00
00000036-0084-4000-8000-000000000000,completed,2026-06-27 12:46:09.723304+00:00,2026-06-27 12:46:25.218454+00:00
00000025-0083-4000-8000-000000000000,completed,2026-06-27 12:46:08.038158+00:00,2026-06-27 12:46:23.475328+00:00
00000039-0083-4000-8000-000000000000,completed,2026-06-27 12:46:08.479087+00:00,2026-06-27 12:46:23.933392+00:00
00000036-0083-4000-8000-000000000000,completed,2026-06-27 12:46:08.312816+00:00,2026-06-27 12:46:23.752465+00:00
00000028-0083-4000-8000-000000000000,completed,2026-06-27 12:46:08.368762+00:00,2026-06-27 12:46:23.810735+00:00
00000043-0083-4000-8000-000000000000,completed,2026-06-27 12:46:08.699404+00:00,2026-06-27 12:46:24.197440+00:00
00000005-0085-4000-8000-000000000000,completed,2026-06-27 12:46:10.609167+00:00,2026-06-27 12:46:26.157638+00:00
00000015-0084-4000-8000-000000000000,completed,2026-06-27 12:46:09.037048+00:00,2026-06-27 12:46:24.570676+00:00
00000025-0084-4000-8000-000000000000,completed,2026-06-27 12:46:09.435382+00:00,2026-06-27 12:46:24.941073+00:00
00000020-0084-4000-8000-000000000000,completed,2026-06-27 12:46:09.263116+00:00,2026-06-27 12:46:24.755029+00:00
00000024-0084-4000-8000-000000000000,completed,2026-06-27 12:46:09.320162+00:00,2026-06-27 12:46:24.797068+00:00
00000026-0084-4000-8000-000000000000,completed,2026-06-27 12:46:09.379313+00:00,2026-06-27 12:46:24.902719+00:00
00000028-0084-4000-8000-000000000000,completed,2026-06-27 12:46:09.781023+00:00,2026-06-27 12:46:25.277362+00:00
00000030-0084-4000-8000-000000000000,completed,2026-06-27 12:46:09.552039+00:00,2026-06-27 12:46:25.098755+00:00
00000037-0084-4000-8000-000000000000,completed,2026-06-27 12:46:09.665809+00:00,2026-06-27 12:46:25.179131+00:00
00000041-0084-4000-8000-000000000000,completed,2026-06-27 12:46:09.955845+00:00,2026-06-27 12:46:25.445763+00:00
00000004-0085-4000-8000-000000000000,completed,2026-06-27 12:46:10.250690+00:00,2026-06-27 12:46:25.825967+00:00
00000030-0085-4000-8000-000000000000,completed,2026-06-27 12:46:11.033394+00:00,2026-06-27 12:46:26.578451+00:00
00000015-0085-4000-8000-000000000000,completed,2026-06-27 12:46:10.488441+00:00,2026-06-27 12:46:25.999113+00:00
00000024-0086-4000-8000-000000000000,completed,2026-06-27 12:46:12.354139+00:00,2026-06-27 12:46:27.765362+00:00
00000027-0085-4000-8000-000000000000,completed,2026-06-27 12:46:10.972061+00:00,2026-06-27 12:46:26.488618+00:00
00000028-0085-4000-8000-000000000000,completed,2026-06-27 12:46:11.278979+00:00,2026-06-27 12:46:26.757888+00:00
00000049-0085-4000-8000-000000000000,completed,2026-06-27 12:46:11.588937+00:00,2026-06-27 12:46:27.057035+00:00
00000011-0086-4000-8000-000000000000,completed,2026-06-27 12:46:11.902705+00:00,2026-06-27 12:46:27.334423+00:00
00000041-0085-4000-8000-000000000000,completed,2026-06-27 12:46:11.467528+00:00,2026-06-27 12:46:26.928678+00:00
00000043-0085-4000-8000-000000000000,completed,2026-06-27 12:46:11.650718+00:00,2026-06-27 12:46:27.096569+00:00
00000004-0086-4000-8000-000000000000,completed,2026-06-27 12:46:11.776505+00:00,2026-06-27 12:46:27.266924+00:00
00000022-0086-4000-8000-000000000000,completed,2026-06-27 12:46:12.222249+00:00,2026-06-27 12:46:27.679560+00:00
00000034-0086-4000-8000-000000000000,completed,2026-06-27 12:46:12.675332+00:00,2026-06-27 12:46:28.118362+00:00
00000040-0086-4000-8000-000000000000,completed,2026-06-27 12:46:12.938708+00:00,2026-06-27 12:46:28.318608+00:00
00000035-0086-4000-8000-000000000000,completed,2026-06-27 12:46:12.905778+00:00,2026-06-27 12:46:28.261650+00:00
00000008-0086-4000-8000-000000000000,completed,2026-06-27 12:46:11.998339+00:00,2026-06-27 12:46:27.457020+00:00
00000044-0085-4000-8000-000000000000,completed,2026-06-27 12:46:11.559063+00:00,2026-06-27 12:46:26.998115+00:00
00000046-0085-4000-8000-000000000000,completed,2026-06-27 12:46:11.682157+00:00,2026-06-27 12:46:27.165839+00:00
00000018-0086-4000-8000-000000000000,completed,2026-06-27 12:46:12.189798+00:00,2026-06-27 12:46:27.647135+00:00
00000002-0086-4000-8000-000000000000,completed,2026-06-27 12:46:12.511889+00:00,2026-06-27 12:46:27.904526+00:00
00000018-0087-4000-8000-000000000000,completed,2026-06-27 12:46:13.855574+00:00,2026-06-27 12:46:29.048657+00:00
00000032-0086-4000-8000-000000000000,completed,2026-06-27 12:46:12.773060+00:00,2026-06-27 12:46:28.171833+00:00
00000010-0087-4000-8000-000000000000,completed,2026-06-27 12:46:13.509054+00:00,2026-06-27 12:46:28.842405+00:00
00000050-0086-4000-8000-000000000000,completed,2026-06-27 12:46:13.240257+00:00,2026-06-27 12:46:28.582721+00:00
00000046-0086-4000-8000-000000000000,completed,2026-06-27 12:46:13.305019+00:00,2026-06-27 12:46:28.696240+00:00
00000016-0087-4000-8000-000000000000,completed,2026-06-27 12:46:13.782457+00:00,2026-06-27 12:46:29.046592+00:00
00000014-0087-4000-8000-000000000000,completed,2026-06-27 12:46:14.061963+00:00,2026-06-27 12:46:29.283593+00:00
00000021-0087-4000-8000-000000000000,completed,2026-06-27 12:46:14.339466+00:00,2026-06-27 12:46:29.509991+00:00
00000023-0087-4000-8000-000000000000,completed,2026-06-27 12:46:13.990778+00:00,2026-06-27 12:46:29.246846+00:00
00000002-0087-4000-8000-000000000000,completed,2026-06-27 12:46:14.199356+00:00,2026-06-27 12:46:29.410755+00:00
00000001-0088-4000-8000-000000000000,completed,2026-06-27 12:46:15.351817+00:00,2026-06-27 12:46:30.364146+00:00
00000035-0087-4000-8000-000000000000,completed,2026-06-27 12:46:14.624630+00:00,2026-06-27 12:46:29.793462+00:00
00000044-0087-4000-8000-000000000000,completed,2026-06-27 12:46:14.911651+00:00,2026-06-27 12:46:29.974265+00:00
00000047-0087-4000-8000-000000000000,completed,2026-06-27 12:46:14.839453+00:00,2026-06-27 12:46:29.974166+00:00
00000016-0088-4000-8000-000000000000,completed,2026-06-27 12:46:15.574902+00:00,2026-06-27 12:46:30.556553+00:00
00000033-0088-4000-8000-000000000000,completed,2026-06-27 12:46:16.261300+00:00,2026-06-27 12:46:31.162959+00:00
00000038-0088-4000-8000-000000000000,completed,2026-06-27 12:46:16.574125+00:00,2026-06-27 12:46:31.362143+00:00
00000032-0089-4000-8000-000000000000,completed,2026-06-27 12:46:18.397521+00:00,2026-06-27 12:46:32.714254+00:00
00000003-0090-4000-8000-000000000000,completed,2026-06-27 12:46:19.203506+00:00,2026-06-27 12:46:33.309860+00:00
00000021-0089-4000-8000-000000000000,completed,2026-06-27 12:46:18.223807+00:00,2026-06-27 12:46:32.589654+00:00
00000033-0089-4000-8000-000000000000,completed,2026-06-27 12:46:18.310181+00:00,2026-06-27 12:46:32.691620+00:00
00000031-0089-4000-8000-000000000000,completed,2026-06-27 12:46:18.485683+00:00,2026-06-27 12:46:32.834825+00:00
00000038-0089-4000-8000-000000000000,completed,2026-06-27 12:46:18.662440+00:00,2026-06-27 12:46:32.987197+00:00
00000047-0089-4000-8000-000000000000,completed,2026-06-27 12:46:18.840850+00:00,2026-06-27 12:46:33.067001+00:00
00000050-0089-4000-8000-000000000000,completed,2026-06-27 12:46:19.020052+00:00,2026-06-27 12:46:33.174090+00:00
00000005-0087-4000-8000-000000000000,completed,2026-06-27 12:46:13.818838+00:00,2026-06-27 12:46:29.070451+00:00
00000036-0087-4000-8000-000000000000,completed,2026-06-27 12:46:14.520440+00:00,2026-06-27 12:46:29.659655+00:00
00000043-0086-4000-8000-000000000000,completed,2026-06-27 12:46:13.273239+00:00,2026-06-27 12:46:28.598254+00:00
00000048-0086-4000-8000-000000000000,completed,2026-06-27 12:46:13.339719+00:00,2026-06-27 12:46:28.650085+00:00
00000015-0087-4000-8000-000000000000,completed,2026-06-27 12:46:13.680525+00:00,2026-06-27 12:46:28.936282+00:00
00000041-0087-4000-8000-000000000000,completed,2026-06-27 12:46:14.808104+00:00,2026-06-27 12:46:29.942870+00:00
00000025-0087-4000-8000-000000000000,completed,2026-06-27 12:46:14.163436+00:00,2026-06-27 12:46:29.357183+00:00
00000027-0087-4000-8000-000000000000,completed,2026-06-27 12:46:14.234402+00:00,2026-06-27 12:46:29.427468+00:00
00000034-0087-4000-8000-000000000000,completed,2026-06-27 12:46:14.376469+00:00,2026-06-27 12:46:29.542989+00:00
00000048-0087-4000-8000-000000000000,completed,2026-06-27 12:46:15.095228+00:00,2026-06-27 12:46:30.173640+00:00
00000039-0087-4000-8000-000000000000,completed,2026-06-27 12:46:14.732782+00:00,2026-06-27 12:46:29.843793+00:00
00000015-0088-4000-8000-000000000000,completed,2026-06-27 12:46:15.464989+00:00,2026-06-27 12:46:30.485484+00:00
00000013-0088-4000-8000-000000000000,completed,2026-06-27 12:46:15.538388+00:00,2026-06-27 12:46:30.554788+00:00
00000043-0087-4000-8000-000000000000,completed,2026-06-27 12:46:15.023207+00:00,2026-06-27 12:46:30.126612+00:00
00000004-0088-4000-8000-000000000000,completed,2026-06-27 12:46:15.166247+00:00,2026-06-27 12:46:30.174438+00:00
00000005-0088-4000-8000-000000000000,completed,2026-06-27 12:46:15.613932+00:00,2026-06-27 12:46:30.557586+00:00
00000012-0088-4000-8000-000000000000,completed,2026-06-27 12:46:15.391044+00:00,2026-06-27 12:46:30.381879+00:00
00000022-0088-4000-8000-000000000000,completed,2026-06-27 12:46:15.687889+00:00,2026-06-27 12:46:30.644947+00:00
00000004-0089-4000-8000-000000000000,completed,2026-06-27 12:46:17.095573+00:00,2026-06-27 12:46:31.742669+00:00
00000030-0088-4000-8000-000000000000,completed,2026-06-27 12:46:16.146105+00:00,2026-06-27 12:46:31.018222+00:00
00000041-0088-4000-8000-000000000000,completed,2026-06-27 12:46:16.697162+00:00,2026-06-27 12:46:31.401931+00:00
00000015-0089-4000-8000-000000000000,completed,2026-06-27 12:46:17.422118+00:00,2026-06-27 12:46:32.005587+00:00
00000043-0088-4000-8000-000000000000,completed,2026-06-27 12:46:16.936459+00:00,2026-06-27 12:46:31.617199+00:00
00000036-0089-4000-8000-000000000000,completed,2026-06-27 12:46:18.442556+00:00,2026-06-27 12:46:32.778536+00:00
00000011-0089-4000-8000-000000000000,completed,2026-06-27 12:46:17.259679+00:00,2026-06-27 12:46:31.939859+00:00
00000025-0089-4000-8000-000000000000,completed,2026-06-27 12:46:18.009148+00:00,2026-06-27 12:46:32.479108+00:00
00000022-0089-4000-8000-000000000000,completed,2026-06-27 12:46:17.673808+00:00,2026-06-27 12:46:32.229739+00:00
00000024-0089-4000-8000-000000000000,completed,2026-06-27 12:46:17.841527+00:00,2026-06-27 12:46:32.314205+00:00
00000004-0090-4000-8000-000000000000,completed,2026-06-27 12:46:19.248103+00:00,2026-06-27 12:46:33.341552+00:00
00000034-0089-4000-8000-000000000000,completed,2026-06-27 12:46:18.268009+00:00,2026-06-27 12:46:32.662740+00:00
00000043-0089-4000-8000-000000000000,completed,2026-06-27 12:46:19.066317+00:00,2026-06-27 12:46:33.234120+00:00
00000036-0000-4000-8000-000000000000,completed,2026-06-27 12:43:45.971728+00:00,2026-06-27 12:43:46.102678+00:00
00000001-0000-4000-8000-000000000000,completed,2026-06-27 12:43:38.548604+00:00,2026-06-27 12:43:38.755905+00:00
00000010-0000-4000-8000-000000000000,completed,2026-06-27 12:43:37.808237+00:00,2026-06-27 12:43:39.287003+00:00
00000013-0000-4000-8000-000000000000,completed,2026-06-27 12:43:40.523881+00:00,2026-06-27 12:43:40.667506+00:00
00000028-0000-4000-8000-000000000000,completed,2026-06-27 12:43:46.391968+00:00,2026-06-27 12:43:46.577730+00:00
00000016-0000-4000-8000-000000000000,completed,2026-06-27 12:43:40.822302+00:00,2026-06-27 12:43:40.964056+00:00
00000018-0000-4000-8000-000000000000,completed,2026-06-27 12:43:41.398098+00:00,2026-06-27 12:43:41.547815+00:00
00000004-0001-4000-8000-000000000000,completed,2026-06-27 12:43:49.227052+00:00,2026-06-27 12:43:49.375382+00:00
00000026-0000-4000-8000-000000000000,completed,2026-06-27 12:43:42.994089+00:00,2026-06-27 12:43:43.153655+00:00
00000040-0000-4000-8000-000000000000,completed,2026-06-27 12:43:46.592989+00:00,2026-06-27 12:43:46.731472+00:00
00000002-0000-4000-8000-000000000000,completed,2026-06-27 12:43:43.732134+00:00,2026-06-27 12:43:43.883662+00:00
00000027-0000-4000-8000-000000000000,completed,2026-06-27 12:43:43.973292+00:00,2026-06-27 12:43:44.106961+00:00
00000030-0000-4000-8000-000000000000,completed,2026-06-27 12:43:44.438836+00:00,2026-06-27 12:43:44.589568+00:00
00000039-0000-4000-8000-000000000000,completed,2026-06-27 12:43:46.993014+00:00,2026-06-27 12:43:47.147601+00:00
00000021-0000-4000-8000-000000000000,completed,2026-06-27 12:43:44.665011+00:00,2026-06-27 12:43:44.818110+00:00
00000012-0001-4000-8000-000000000000,completed,2026-06-27 12:43:50.428374+00:00,2026-06-27 12:43:50.583366+00:00
00000009-0001-4000-8000-000000000000,completed,2026-06-27 12:43:49.399392+00:00,2026-06-27 12:43:49.546302+00:00
00000042-0000-4000-8000-000000000000,completed,2026-06-27 12:43:47.390706+00:00,2026-06-27 12:43:47.531453+00:00
00000045-0000-4000-8000-000000000000,completed,2026-06-27 12:43:47.966874+00:00,2026-06-27 12:43:48.118426+00:00
00000046-0000-4000-8000-000000000000,completed,2026-06-27 12:43:48.705327+00:00,2026-06-27 12:43:48.862610+00:00
00000011-0001-4000-8000-000000000000,completed,2026-06-27 12:43:49.922735+00:00,2026-06-27 12:43:50.057843+00:00
00000001-0001-4000-8000-000000000000,completed,2026-06-27 12:43:50.093067+00:00,2026-06-27 12:43:50.254513+00:00
00000022-0001-4000-8000-000000000000,completed,2026-06-27 12:43:51.733266+00:00,2026-06-27 12:43:51.870766+00:00
00000013-0001-4000-8000-000000000000,completed,2026-06-27 12:43:51.088763+00:00,2026-06-27 12:43:51.235955+00:00
00000014-0001-4000-8000-000000000000,completed,2026-06-27 12:43:51.149816+00:00,2026-06-27 12:43:51.289032+00:00
00000005-0001-4000-8000-000000000000,completed,2026-06-27 12:43:51.415207+00:00,2026-06-27 12:43:51.601043+00:00
00000016-0001-4000-8000-000000000000,completed,2026-06-27 12:43:51.478610+00:00,2026-06-27 12:43:51.618223+00:00
00000018-0001-4000-8000-000000000000,completed,2026-06-27 12:43:51.578192+00:00,2026-06-27 12:43:51.722531+00:00
00000020-0001-4000-8000-000000000000,completed,2026-06-27 12:43:52.049765+00:00,2026-06-27 12:43:52.188862+00:00
00000023-0001-4000-8000-000000000000,completed,2026-06-27 12:43:52.207962+00:00,2026-06-27 12:43:52.350447+00:00
00000024-0001-4000-8000-000000000000,completed,2026-06-27 12:43:52.363680+00:00,2026-06-27 12:43:52.494190+00:00
00000005-0002-4000-8000-000000000000,completed,2026-06-27 12:43:58.287302+00:00,2026-06-27 12:43:58.468861+00:00
00000025-0001-4000-8000-000000000000,completed,2026-06-27 12:43:52.820797+00:00,2026-06-27 12:43:52.962680+00:00
00000027-0001-4000-8000-000000000000,completed,2026-06-27 12:43:53.122790+00:00,2026-06-27 12:43:53.307179+00:00
00000040-0001-4000-8000-000000000000,completed,2026-06-27 12:43:54.860392+00:00,2026-06-27 12:43:55.006308+00:00
00000023-0002-4000-8000-000000000000,completed,2026-06-27 12:43:59.037680+00:00,2026-06-27 12:43:59.183668+00:00
00000039-0001-4000-8000-000000000000,completed,2026-06-27 12:43:55.137042+00:00,2026-06-27 12:43:55.273486+00:00
00000047-0001-4000-8000-000000000000,completed,2026-06-27 12:43:55.689429+00:00,2026-06-27 12:43:55.853356+00:00
00000011-0003-4000-8000-000000000000,completed,2026-06-27 12:44:03.114056+00:00,2026-06-27 12:44:03.255359+00:00
00000044-0001-4000-8000-000000000000,completed,2026-06-27 12:43:55.957920+00:00,2026-06-27 12:43:56.092300+00:00
00000025-0002-4000-8000-000000000000,completed,2026-06-27 12:43:59.502260+00:00,2026-06-27 12:43:59.651971+00:00
00000050-0001-4000-8000-000000000000,completed,2026-06-27 12:43:56.228720+00:00,2026-06-27 12:43:56.369839+00:00
00000007-0002-4000-8000-000000000000,completed,2026-06-27 12:43:57.015006+00:00,2026-06-27 12:43:57.147332+00:00
00000011-0002-4000-8000-000000000000,completed,2026-06-27 12:43:57.270464+00:00,2026-06-27 12:43:57.438732+00:00
00000027-0002-4000-8000-000000000000,completed,2026-06-27 12:43:59.738695+00:00,2026-06-27 12:43:59.871074+00:00
00000012-0002-4000-8000-000000000000,completed,2026-06-27 12:43:57.543752+00:00,2026-06-27 12:43:57.681040+00:00
00000030-0003-4000-8000-000000000000,completed,2026-06-27 12:44:05.396148+00:00,2026-06-27 12:44:05.548992+00:00
00000013-0003-4000-8000-000000000000,completed,2026-06-27 12:44:03.751565+00:00,2026-06-27 12:44:03.896530+00:00
00000037-0002-4000-8000-000000000000,completed,2026-06-27 12:44:00.442500+00:00,2026-06-27 12:44:00.589741+00:00
00000039-0002-4000-8000-000000000000,completed,2026-06-27 12:44:01.357316+00:00,2026-06-27 12:44:01.490510+00:00
00000050-0002-4000-8000-000000000000,completed,2026-06-27 12:44:02.244487+00:00,2026-06-27 12:44:02.425435+00:00
00000023-0003-4000-8000-000000000000,completed,2026-06-27 12:44:04.582636+00:00,2026-06-27 12:44:04.729378+00:00
00000040-0003-4000-8000-000000000000,completed,2026-06-27 12:44:06.380709+00:00,2026-06-27 12:44:06.512752+00:00
00000025-0003-4000-8000-000000000000,completed,2026-06-27 12:44:04.992499+00:00,2026-06-27 12:44:05.141928+00:00
00000034-0003-4000-8000-000000000000,completed,2026-06-27 12:44:05.596873+00:00,2026-06-27 12:44:05.725590+00:00
00000031-0003-4000-8000-000000000000,completed,2026-06-27 12:44:06.188513+00:00,2026-06-27 12:44:06.338181+00:00
00000013-0004-4000-8000-000000000000,completed,2026-06-27 12:44:08.575658+00:00,2026-06-27 12:44:08.701729+00:00
00000011-0004-4000-8000-000000000000,completed,2026-06-27 12:44:08.045411+00:00,2026-06-27 12:44:08.180895+00:00
00000025-0004-4000-8000-000000000000,completed,2026-06-27 12:44:09.598223+00:00,2026-06-27 12:44:09.731890+00:00
00000027-0004-4000-8000-000000000000,completed,2026-06-27 12:44:09.760251+00:00,2026-06-27 12:44:09.901642+00:00
00000035-0004-4000-8000-000000000000,completed,2026-06-27 12:44:10.414339+00:00,2026-06-27 12:44:10.554444+00:00
00000039-0004-4000-8000-000000000000,completed,2026-06-27 12:44:10.891406+00:00,2026-06-27 12:44:11.024881+00:00
00000036-0002-4000-8000-000000000000,completed,2026-06-27 12:44:00.788077+00:00,2026-06-27 12:44:00.936972+00:00
00000002-0001-4000-8000-000000000000,completed,2026-06-27 12:43:52.970524+00:00,2026-06-27 12:43:53.141923+00:00
00000029-0001-4000-8000-000000000000,completed,2026-06-27 12:43:53.271713+00:00,2026-06-27 12:43:53.401337+00:00
00000028-0001-4000-8000-000000000000,completed,2026-06-27 12:43:54.719464+00:00,2026-06-27 12:43:54.875297+00:00
00000028-0002-4000-8000-000000000000,completed,2026-06-27 12:44:01.016588+00:00,2026-06-27 12:44:01.146514+00:00
00000045-0001-4000-8000-000000000000,completed,2026-06-27 12:43:55.824455+00:00,2026-06-27 12:43:55.961165+00:00
00000001-0002-4000-8000-000000000000,completed,2026-06-27 12:43:57.400411+00:00,2026-06-27 12:43:57.532125+00:00
00000020-0003-4000-8000-000000000000,completed,2026-06-27 12:44:04.478855+00:00,2026-06-27 12:44:04.632786+00:00
00000022-0002-4000-8000-000000000000,completed,2026-06-27 12:43:58.654697+00:00,2026-06-27 12:43:58.799867+00:00
00000038-0002-4000-8000-000000000000,completed,2026-06-27 12:44:01.244183+00:00,2026-06-27 12:44:01.400336+00:00
00000019-0002-4000-8000-000000000000,completed,2026-06-27 12:43:59.381675+00:00,2026-06-27 12:43:59.522354+00:00
00000002-0002-4000-8000-000000000000,completed,2026-06-27 12:43:59.619374+00:00,2026-06-27 12:43:59.744664+00:00
00000021-0002-4000-8000-000000000000,completed,2026-06-27 12:44:00.094382+00:00,2026-06-27 12:44:00.248477+00:00
00000045-0002-4000-8000-000000000000,completed,2026-06-27 12:44:01.915247+00:00,2026-06-27 12:44:02.055601+00:00
00000032-0002-4000-8000-000000000000,completed,2026-06-27 12:44:00.559256+00:00,2026-06-27 12:44:00.699930+00:00
00000038-0003-4000-8000-000000000000,completed,2026-06-27 12:44:06.479388+00:00,2026-06-27 12:44:06.634355+00:00
00000024-0003-4000-8000-000000000000,completed,2026-06-27 12:44:04.685085+00:00,2026-06-27 12:44:04.822064+00:00
00000009-0003-4000-8000-000000000000,completed,2026-06-27 12:44:02.791900+00:00,2026-06-27 12:44:02.943170+00:00
00000001-0003-4000-8000-000000000000,completed,2026-06-27 12:44:03.220413+00:00,2026-06-27 12:44:03.374456+00:00
00000014-0003-4000-8000-000000000000,completed,2026-06-27 12:44:03.855759+00:00,2026-06-27 12:44:04.003978+00:00
00000033-0003-4000-8000-000000000000,completed,2026-06-27 12:44:05.695498+00:00,2026-06-27 12:44:05.889878+00:00
00000016-0004-4000-8000-000000000000,completed,2026-06-27 12:44:08.833645+00:00,2026-06-27 12:44:08.991789+00:00
00000028-0003-4000-8000-000000000000,completed,2026-06-27 12:44:06.284732+00:00,2026-06-27 12:44:06.435846+00:00
00000010-0004-4000-8000-000000000000,completed,2026-06-27 12:44:07.956625+00:00,2026-06-27 12:44:08.114379+00:00
00000008-0004-4000-8000-000000000000,completed,2026-06-27 12:44:08.309908+00:00,2026-06-27 12:44:08.437860+00:00
00000024-0004-4000-8000-000000000000,completed,2026-06-27 12:44:09.345445+00:00,2026-06-27 12:44:09.469406+00:00
00000020-0004-4000-8000-000000000000,completed,2026-06-27 12:44:09.173884+00:00,2026-06-27 12:44:09.332178+00:00
00000043-0004-4000-8000-000000000000,completed,2026-06-27 12:44:10.972777+00:00,2026-06-27 12:44:11.117080+00:00
00000045-0004-4000-8000-000000000000,completed,2026-06-27 12:44:11.286920+00:00,2026-06-27 12:44:11.429756+00:00
00000049-0004-4000-8000-000000000000,completed,2026-06-27 12:44:11.440634+00:00,2026-06-27 12:44:11.576764+00:00
00000046-0004-4000-8000-000000000000,completed,2026-06-27 12:44:11.592946+00:00,2026-06-27 12:44:11.739394+00:00
00000018-0006-4000-8000-000000000000,completed,2026-06-27 12:44:16.321110+00:00,2026-06-27 12:44:16.491326+00:00
00000044-0004-4000-8000-000000000000,completed,2026-06-27 12:44:11.363084+00:00,2026-06-27 12:44:11.523039+00:00
00000011-0005-4000-8000-000000000000,completed,2026-06-27 12:44:12.128118+00:00,2026-06-27 12:44:12.276443+00:00
00000023-0008-4000-8000-000000000000,completed,2026-06-27 12:44:22.472484+00:00,2026-06-27 12:44:22.614409+00:00
00000018-0005-4000-8000-000000000000,completed,2026-06-27 12:44:12.876741+00:00,2026-06-27 12:44:13.007321+00:00
00000026-0006-4000-8000-000000000000,completed,2026-06-27 12:44:16.708538+00:00,2026-06-27 12:44:16.855674+00:00
00000017-0005-4000-8000-000000000000,completed,2026-06-27 12:44:13.020163+00:00,2026-06-27 12:44:13.178748+00:00
00000023-0005-4000-8000-000000000000,completed,2026-06-27 12:44:13.164490+00:00,2026-06-27 12:44:13.305848+00:00
00000012-0007-4000-8000-000000000000,completed,2026-06-27 12:44:18.941673+00:00,2026-06-27 12:44:19.117997+00:00
00000025-0005-4000-8000-000000000000,completed,2026-06-27 12:44:13.451291+00:00,2026-06-27 12:44:13.613974+00:00
00000037-0006-4000-8000-000000000000,completed,2026-06-27 12:44:17.344683+00:00,2026-06-27 12:44:17.483114+00:00
00000031-0005-4000-8000-000000000000,completed,2026-06-27 12:44:14.301071+00:00,2026-06-27 12:44:14.455408+00:00
00000040-0005-4000-8000-000000000000,completed,2026-06-27 12:44:14.441757+00:00,2026-06-27 12:44:14.611705+00:00
00000015-0006-4000-8000-000000000000,completed,2026-06-27 12:44:15.927473+00:00,2026-06-27 12:44:16.076417+00:00
00000040-0006-4000-8000-000000000000,completed,2026-06-27 12:44:17.720968+00:00,2026-06-27 12:44:17.856633+00:00
00000005-0006-4000-8000-000000000000,completed,2026-06-27 12:44:16.189450+00:00,2026-06-27 12:44:16.321320+00:00
00000013-0007-4000-8000-000000000000,completed,2026-06-27 12:44:19.180593+00:00,2026-06-27 12:44:19.326662+00:00
00000044-0006-4000-8000-000000000000,completed,2026-06-27 12:44:18.215875+00:00,2026-06-27 12:44:18.370691+00:00
00000050-0006-4000-8000-000000000000,completed,2026-06-27 12:44:18.337657+00:00,2026-06-27 12:44:18.477274+00:00
00000007-0007-4000-8000-000000000000,completed,2026-06-27 12:44:18.701972+00:00,2026-06-27 12:44:18.850144+00:00
00000037-0007-4000-8000-000000000000,completed,2026-06-27 12:44:20.351480+00:00,2026-06-27 12:44:20.510687+00:00
00000047-0007-4000-8000-000000000000,completed,2026-06-27 12:44:21.035695+00:00,2026-06-27 12:44:21.205586+00:00
00000039-0007-4000-8000-000000000000,completed,2026-06-27 12:44:20.808908+00:00,2026-06-27 12:44:20.943914+00:00
00000044-0007-4000-8000-000000000000,completed,2026-06-27 12:44:21.149329+00:00,2026-06-27 12:44:21.294103+00:00
00000011-0008-4000-8000-000000000000,completed,2026-06-27 12:44:21.707719+00:00,2026-06-27 12:44:21.876630+00:00
00000005-0008-4000-8000-000000000000,completed,2026-06-27 12:44:22.148207+00:00,2026-06-27 12:44:22.284357+00:00
00000018-0008-4000-8000-000000000000,completed,2026-06-27 12:44:22.255777+00:00,2026-06-27 12:44:22.393179+00:00
00000017-0008-4000-8000-000000000000,completed,2026-06-27 12:44:22.365848+00:00,2026-06-27 12:44:22.509562+00:00
00000027-0008-4000-8000-000000000000,completed,2026-06-27 12:44:22.798718+00:00,2026-06-27 12:44:22.964734+00:00
00000034-0008-4000-8000-000000000000,completed,2026-06-27 12:44:23.012522+00:00,2026-06-27 12:44:23.154235+00:00
00000040-0008-4000-8000-000000000000,completed,2026-06-27 12:44:23.437590+00:00,2026-06-27 12:44:23.590677+00:00
00000020-0006-4000-8000-000000000000,completed,2026-06-27 12:44:16.515646+00:00,2026-06-27 12:44:16.659013+00:00
00000001-0005-4000-8000-000000000000,completed,2026-06-27 12:44:12.204229+00:00,2026-06-27 12:44:12.334263+00:00
00000014-0005-4000-8000-000000000000,completed,2026-06-27 12:44:12.651723+00:00,2026-06-27 12:44:12.794755+00:00
00000019-0007-4000-8000-000000000000,completed,2026-06-27 12:44:19.830054+00:00,2026-06-27 12:44:19.983053+00:00
00000016-0005-4000-8000-000000000000,completed,2026-06-27 12:44:12.797983+00:00,2026-06-27 12:44:12.942774+00:00
00000029-0005-4000-8000-000000000000,completed,2026-06-27 12:44:13.666060+00:00,2026-06-27 12:44:13.799345+00:00
00000009-0007-4000-8000-000000000000,completed,2026-06-27 12:44:18.641001+00:00,2026-06-27 12:44:18.768072+00:00
00000033-0005-4000-8000-000000000000,completed,2026-06-27 12:44:13.950024+00:00,2026-06-27 12:44:14.072759+00:00
00000019-0006-4000-8000-000000000000,completed,2026-06-27 12:44:16.772551+00:00,2026-06-27 12:44:16.928510+00:00
00000032-0005-4000-8000-000000000000,completed,2026-06-27 12:44:14.087986+00:00,2026-06-27 12:44:14.228518+00:00
00000002-0006-4000-8000-000000000000,completed,2026-06-27 12:44:16.901384+00:00,2026-06-27 12:44:17.047218+00:00
00000045-0005-4000-8000-000000000000,completed,2026-06-27 12:44:14.921488+00:00,2026-06-27 12:44:15.056966+00:00
00000049-0005-4000-8000-000000000000,completed,2026-06-27 12:44:15.057525+00:00,2026-06-27 12:44:15.204158+00:00
00000032-0006-4000-8000-000000000000,completed,2026-06-27 12:44:17.407661+00:00,2026-06-27 12:44:17.558758+00:00
00000003-0006-4000-8000-000000000000,completed,2026-06-27 12:44:15.328035+00:00,2026-06-27 12:44:15.475000+00:00
00000009-0006-4000-8000-000000000000,completed,2026-06-27 12:44:15.463096+00:00,2026-06-27 12:44:15.611285+00:00
00000002-0007-4000-8000-000000000000,completed,2026-06-27 12:44:19.947799+00:00,2026-06-27 12:44:20.111203+00:00
00000001-0007-4000-8000-000000000000,completed,2026-06-27 12:44:18.880851+00:00,2026-06-27 12:44:19.050102+00:00
00000043-0006-4000-8000-000000000000,completed,2026-06-27 12:44:17.906502+00:00,2026-06-27 12:44:18.033641+00:00
00000041-0006-4000-8000-000000000000,completed,2026-06-27 12:44:18.031051+00:00,2026-06-27 12:44:18.160250+00:00
00000045-0006-4000-8000-000000000000,completed,2026-06-27 12:44:18.153944+00:00,2026-06-27 12:44:18.293666+00:00
00000024-0007-4000-8000-000000000000,completed,2026-06-27 12:44:19.712941+00:00,2026-06-27 12:44:19.858921+00:00
00000009-0008-4000-8000-000000000000,completed,2026-06-27 12:44:21.539137+00:00,2026-06-27 12:44:21.681211+00:00
00000032-0007-4000-8000-000000000000,completed,2026-06-27 12:44:20.408964+00:00,2026-06-27 12:44:20.573517+00:00
00000019-0008-4000-8000-000000000000,completed,2026-06-27 12:44:22.635935+00:00,2026-06-27 12:44:22.787184+00:00
00000045-0007-4000-8000-000000000000,completed,2026-06-27 12:44:21.091931+00:00,2026-06-27 12:44:21.227083+00:00
00000022-0008-4000-8000-000000000000,completed,2026-06-27 12:44:22.311334+00:00,2026-06-27 12:44:22.445514+00:00
00000029-0008-4000-8000-000000000000,completed,2026-06-27 12:44:22.851868+00:00,2026-06-27 12:44:23.012826+00:00
00000033-0008-4000-8000-000000000000,completed,2026-06-27 12:44:23.067486+00:00,2026-06-27 12:44:23.217389+00:00
00000045-0008-4000-8000-000000000000,completed,2026-06-27 12:44:23.802010+00:00,2026-06-27 12:44:23.938190+00:00
00000046-0008-4000-8000-000000000000,completed,2026-06-27 12:44:24.012610+00:00,2026-06-27 12:44:24.143106+00:00
00000003-0085-4000-8000-000000000000,completed,2026-06-27 12:46:10.229746+00:00,2026-06-27 12:46:25.738533+00:00
00000047-0008-4000-8000-000000000000,completed,2026-06-27 12:44:23.753301+00:00,2026-06-27 12:44:23.910542+00:00
00000049-0086-4000-8000-000000000000,completed,2026-06-27 12:46:13.213615+00:00,2026-06-27 12:46:28.570083+00:00
00000017-0009-4000-8000-000000000000,completed,2026-06-27 12:44:24.990864+00:00,2026-06-27 12:44:25.161185+00:00
00000038-0087-4000-8000-000000000000,completed,2026-06-27 12:46:14.704091+00:00,2026-06-27 12:46:29.817071+00:00
00000026-0088-4000-8000-000000000000,completed,2026-06-27 12:46:15.923659+00:00,2026-06-27 12:46:30.843755+00:00
00000027-0009-4000-8000-000000000000,completed,2026-06-27 12:44:25.395328+00:00,2026-06-27 12:44:25.537691+00:00
00000030-0009-4000-8000-000000000000,completed,2026-06-27 12:44:25.494983+00:00,2026-06-27 12:44:25.636662+00:00
00000020-0089-4000-8000-000000000000,completed,2026-06-27 12:46:17.763460+00:00,2026-06-27 12:46:32.283342+00:00
00000026-0092-4000-8000-000000000000,completed,2026-06-27 12:46:26.270025+00:00,2026-06-27 12:46:36.870882+00:00
00000016-0011-4000-8000-000000000000,completed,2026-06-27 12:44:29.640963+00:00,2026-06-27 12:44:29.798961+00:00
00000020-0009-4000-8000-000000000000,completed,2026-06-27 12:44:25.041052+00:00,2026-06-27 12:44:25.229046+00:00
00000046-0009-4000-8000-000000000000,completed,2026-06-27 12:44:26.534603+00:00,2026-06-27 12:44:26.708308+00:00
00000021-0009-4000-8000-000000000000,completed,2026-06-27 12:44:25.543188+00:00,2026-06-27 12:44:25.692294+00:00
00000048-0009-4000-8000-000000000000,completed,2026-06-27 12:44:26.582464+00:00,2026-06-27 12:44:26.720778+00:00
00000003-0010-4000-8000-000000000000,completed,2026-06-27 12:44:26.630952+00:00,2026-06-27 12:44:26.802108+00:00
00000035-0009-4000-8000-000000000000,completed,2026-06-27 12:44:25.791274+00:00,2026-06-27 12:44:25.943880+00:00
00000036-0009-4000-8000-000000000000,completed,2026-06-27 12:44:25.848495+00:00,2026-06-27 12:44:25.991969+00:00
00000040-0009-4000-8000-000000000000,completed,2026-06-27 12:44:25.993195+00:00,2026-06-27 12:44:26.126641+00:00
00000042-0009-4000-8000-000000000000,completed,2026-06-27 12:44:26.188348+00:00,2026-06-27 12:44:26.362878+00:00
00000041-0009-4000-8000-000000000000,completed,2026-06-27 12:44:26.239840+00:00,2026-06-27 12:44:26.382947+00:00
00000033-0010-4000-8000-000000000000,completed,2026-06-27 12:44:28.067908+00:00,2026-06-27 12:44:28.231400+00:00
00000010-0010-4000-8000-000000000000,completed,2026-06-27 12:44:26.826333+00:00,2026-06-27 12:44:26.960548+00:00
00000018-0010-4000-8000-000000000000,completed,2026-06-27 12:44:27.354935+00:00,2026-06-27 12:44:27.525734+00:00
00000044-0009-4000-8000-000000000000,completed,2026-06-27 12:44:26.388141+00:00,2026-06-27 12:44:26.551074+00:00
00000049-0009-4000-8000-000000000000,completed,2026-06-27 12:44:26.437604+00:00,2026-06-27 12:44:26.575140+00:00
00000001-0010-4000-8000-000000000000,completed,2026-06-27 12:44:26.923105+00:00,2026-06-27 12:44:27.076816+00:00
00000015-0010-4000-8000-000000000000,completed,2026-06-27 12:44:27.068679+00:00,2026-06-27 12:44:27.228993+00:00
00000017-0010-4000-8000-000000000000,completed,2026-06-27 12:44:27.452234+00:00,2026-06-27 12:44:27.603896+00:00
00000016-0010-4000-8000-000000000000,completed,2026-06-27 12:44:27.307843+00:00,2026-06-27 12:44:27.449318+00:00
00000020-0010-4000-8000-000000000000,completed,2026-06-27 12:44:27.499400+00:00,2026-06-27 12:44:27.652010+00:00
00000024-0010-4000-8000-000000000000,completed,2026-06-27 12:44:27.592964+00:00,2026-06-27 12:44:27.743185+00:00
00000007-0011-4000-8000-000000000000,completed,2026-06-27 12:44:29.137318+00:00,2026-06-27 12:44:29.291188+00:00
00000037-0010-4000-8000-000000000000,completed,2026-06-27 12:44:28.116844+00:00,2026-06-27 12:44:28.283535+00:00
00000036-0010-4000-8000-000000000000,completed,2026-06-27 12:44:28.256757+00:00,2026-06-27 12:44:28.403822+00:00
00000044-0010-4000-8000-000000000000,completed,2026-06-27 12:44:28.771178+00:00,2026-06-27 12:44:28.918442+00:00
00000041-0010-4000-8000-000000000000,completed,2026-06-27 12:44:28.629632+00:00,2026-06-27 12:44:28.781747+00:00
00000047-0010-4000-8000-000000000000,completed,2026-06-27 12:44:28.676551+00:00,2026-06-27 12:44:28.853432+00:00
00000046-0010-4000-8000-000000000000,completed,2026-06-27 12:44:28.912134+00:00,2026-06-27 12:44:29.066952+00:00
00000018-0011-4000-8000-000000000000,completed,2026-06-27 12:44:29.686976+00:00,2026-06-27 12:44:29.846010+00:00
00000014-0011-4000-8000-000000000000,completed,2026-06-27 12:44:29.549963+00:00,2026-06-27 12:44:29.730007+00:00
00000025-0012-4000-8000-000000000000,completed,2026-06-27 12:44:32.244628+00:00,2026-06-27 12:44:32.405465+00:00
00000017-0011-4000-8000-000000000000,completed,2026-06-27 12:44:29.777367+00:00,2026-06-27 12:44:29.954930+00:00
00000034-0011-4000-8000-000000000000,completed,2026-06-27 12:44:30.317036+00:00,2026-06-27 12:44:30.471317+00:00
00000037-0011-4000-8000-000000000000,completed,2026-06-27 12:44:30.405932+00:00,2026-06-27 12:44:30.552568+00:00
00000005-0013-4000-8000-000000000000,completed,2026-06-27 12:44:33.928689+00:00,2026-06-27 12:44:34.075109+00:00
00000042-0011-4000-8000-000000000000,completed,2026-06-27 12:44:30.852603+00:00,2026-06-27 12:44:31.035378+00:00
00000047-0011-4000-8000-000000000000,completed,2026-06-27 12:44:30.938078+00:00,2026-06-27 12:44:31.103344+00:00
00000034-0012-4000-8000-000000000000,completed,2026-06-27 12:44:32.500858+00:00,2026-06-27 12:44:32.659504+00:00
00000007-0012-4000-8000-000000000000,completed,2026-06-27 12:44:31.375734+00:00,2026-06-27 12:44:31.569259+00:00
00000037-0012-4000-8000-000000000000,completed,2026-06-27 12:44:32.585059+00:00,2026-06-27 12:44:32.750537+00:00
00000015-0012-4000-8000-000000000000,completed,2026-06-27 12:44:31.638274+00:00,2026-06-27 12:44:31.828743+00:00
00000013-0012-4000-8000-000000000000,completed,2026-06-27 12:44:31.725862+00:00,2026-06-27 12:44:31.872805+00:00
00000035-0012-4000-8000-000000000000,completed,2026-06-27 12:44:32.667708+00:00,2026-06-27 12:44:32.842499+00:00
00000005-0012-4000-8000-000000000000,completed,2026-06-27 12:44:31.812497+00:00,2026-06-27 12:44:31.958171+00:00
00000018-0012-4000-8000-000000000000,completed,2026-06-27 12:44:31.895981+00:00,2026-06-27 12:44:32.063433+00:00
00000023-0013-4000-8000-000000000000,completed,2026-06-27 12:44:34.175777+00:00,2026-06-27 12:44:34.330700+00:00
00000042-0012-4000-8000-000000000000,completed,2026-06-27 12:44:33.008986+00:00,2026-06-27 12:44:33.158338+00:00
00000050-0012-4000-8000-000000000000,completed,2026-06-27 12:44:33.260958+00:00,2026-06-27 12:44:33.404359+00:00
00000037-0014-4000-8000-000000000000,completed,2026-06-27 12:44:36.663364+00:00,2026-06-27 12:44:36.821260+00:00
00000004-0013-4000-8000-000000000000,completed,2026-06-27 12:44:33.428369+00:00,2026-06-27 12:44:33.615619+00:00
00000034-0013-4000-8000-000000000000,completed,2026-06-27 12:44:34.582476+00:00,2026-06-27 12:44:34.729186+00:00
00000015-0014-4000-8000-000000000000,completed,2026-06-27 12:44:35.795842+00:00,2026-06-27 12:44:35.935706+00:00
00000031-0013-4000-8000-000000000000,completed,2026-06-27 12:44:34.828811+00:00,2026-06-27 12:44:34.976592+00:00
00000013-0014-4000-8000-000000000000,completed,2026-06-27 12:44:35.873850+00:00,2026-06-27 12:44:36.010296+00:00
00000044-0014-4000-8000-000000000000,completed,2026-06-27 12:44:37.209195+00:00,2026-06-27 12:44:37.364611+00:00
00000035-0014-4000-8000-000000000000,completed,2026-06-27 12:44:36.743850+00:00,2026-06-27 12:44:36.919894+00:00
00000011-0015-4000-8000-000000000000,completed,2026-06-27 12:44:37.593774+00:00,2026-06-27 12:44:37.752395+00:00
00000050-0014-4000-8000-000000000000,completed,2026-06-27 12:44:37.284038+00:00,2026-06-27 12:44:37.429000+00:00
00000048-0014-4000-8000-000000000000,completed,2026-06-27 12:44:37.367467+00:00,2026-06-27 12:44:37.508142+00:00
00000004-0015-4000-8000-000000000000,completed,2026-06-27 12:44:37.441097+00:00,2026-06-27 12:44:37.584497+00:00
00000007-0015-4000-8000-000000000000,completed,2026-06-27 12:44:37.517538+00:00,2026-06-27 12:44:37.675033+00:00
00000006-0013-4000-8000-000000000000,completed,2026-06-27 12:44:33.803834+00:00,2026-06-27 12:44:33.976113+00:00
00000024-0011-4000-8000-000000000000,completed,2026-06-27 12:44:29.909462+00:00,2026-06-27 12:44:30.056888+00:00
00000029-0011-4000-8000-000000000000,completed,2026-06-27 12:44:30.181719+00:00,2026-06-27 12:44:30.338920+00:00
00000022-0015-4000-8000-000000000000,completed,2026-06-27 12:44:38.016111+00:00,2026-06-27 12:44:38.205857+00:00
00000036-0011-4000-8000-000000000000,completed,2026-06-27 12:44:30.539740+00:00,2026-06-27 12:44:30.687449+00:00
00000041-0011-4000-8000-000000000000,completed,2026-06-27 12:44:30.892890+00:00,2026-06-27 12:44:31.057097+00:00
00000001-0014-4000-8000-000000000000,completed,2026-06-27 12:44:35.674761+00:00,2026-06-27 12:44:35.833938+00:00
00000049-0011-4000-8000-000000000000,completed,2026-06-27 12:44:31.069739+00:00,2026-06-27 12:44:31.235041+00:00
00000019-0013-4000-8000-000000000000,completed,2026-06-27 12:44:34.297696+00:00,2026-06-27 12:44:34.468832+00:00
00000036-0012-4000-8000-000000000000,completed,2026-06-27 12:44:32.711587+00:00,2026-06-27 12:44:32.871672+00:00
00000002-0013-4000-8000-000000000000,completed,2026-06-27 12:44:34.379222+00:00,2026-06-27 12:44:34.550169+00:00
00000043-0012-4000-8000-000000000000,completed,2026-06-27 12:44:32.964229+00:00,2026-06-27 12:44:33.144612+00:00
00000041-0012-4000-8000-000000000000,completed,2026-06-27 12:44:33.059198+00:00,2026-06-27 12:44:33.228984+00:00
00000045-0012-4000-8000-000000000000,completed,2026-06-27 12:44:33.134436+00:00,2026-06-27 12:44:33.300467+00:00
00000033-0013-4000-8000-000000000000,completed,2026-06-27 12:44:34.627461+00:00,2026-06-27 12:44:34.788238+00:00
00000010-0013-4000-8000-000000000000,completed,2026-06-27 12:44:33.553229+00:00,2026-06-27 12:44:33.713955+00:00
00000008-0015-4000-8000-000000000000,completed,2026-06-27 12:44:37.707311+00:00,2026-06-27 12:44:37.866199+00:00
00000033-0014-4000-8000-000000000000,completed,2026-06-27 12:44:36.625219+00:00,2026-06-27 12:44:36.772092+00:00
00000049-0013-4000-8000-000000000000,completed,2026-06-27 12:44:35.275100+00:00,2026-06-27 12:44:35.456674+00:00
00000046-0013-4000-8000-000000000000,completed,2026-06-27 12:44:35.355576+00:00,2026-06-27 12:44:35.538912+00:00
00000003-0014-4000-8000-000000000000,completed,2026-06-27 12:44:35.435469+00:00,2026-06-27 12:44:35.616856+00:00
00000032-0014-4000-8000-000000000000,completed,2026-06-27 12:44:36.704432+00:00,2026-06-27 12:44:36.883090+00:00
00000028-0015-4000-8000-000000000000,completed,2026-06-27 12:44:38.773145+00:00,2026-06-27 12:44:38.967710+00:00
00000045-0014-4000-8000-000000000000,completed,2026-06-27 12:44:37.170063+00:00,2026-06-27 12:44:37.337858+00:00
00000032-0015-4000-8000-000000000000,completed,2026-06-27 12:44:38.622937+00:00,2026-06-27 12:44:38.774464+00:00
00000020-0015-4000-8000-000000000000,completed,2026-06-27 12:44:38.092444+00:00,2026-06-27 12:44:38.257533+00:00
00000024-0015-4000-8000-000000000000,completed,2026-06-27 12:44:38.171135+00:00,2026-06-27 12:44:38.354225+00:00
00000036-0015-4000-8000-000000000000,completed,2026-06-27 12:44:38.698949+00:00,2026-06-27 12:44:38.862621+00:00
00000046-0015-4000-8000-000000000000,completed,2026-06-27 12:44:39.222139+00:00,2026-06-27 12:44:39.373659+00:00
00000041-0015-4000-8000-000000000000,completed,2026-06-27 12:44:38.997818+00:00,2026-06-27 12:44:39.160388+00:00
00000045-0015-4000-8000-000000000000,completed,2026-06-27 12:44:39.074347+00:00,2026-06-27 12:44:39.246138+00:00
00000018-0016-4000-8000-000000000000,completed,2026-06-27 12:44:39.854259+00:00,2026-06-27 12:44:40.010449+00:00
00000012-0015-4000-8000-000000000000,completed,2026-06-27 12:44:37.671743+00:00,2026-06-27 12:44:37.835147+00:00
00000013-0015-4000-8000-000000000000,completed,2026-06-27 12:44:37.825378+00:00,2026-06-27 12:44:37.977757+00:00
00000026-0018-4000-8000-000000000000,completed,2026-06-27 12:44:43.629535+00:00,2026-06-27 12:44:43.795778+00:00
00000027-0016-4000-8000-000000000000,completed,2026-06-27 12:44:40.220640+00:00,2026-06-27 12:44:40.367089+00:00
00000030-0015-4000-8000-000000000000,completed,2026-06-27 12:44:38.436298+00:00,2026-06-27 12:44:38.579643+00:00
00000034-0015-4000-8000-000000000000,completed,2026-06-27 12:44:38.510015+00:00,2026-06-27 12:44:38.650546+00:00
00000012-0017-4000-8000-000000000000,completed,2026-06-27 12:44:41.378398+00:00,2026-06-27 12:44:41.555071+00:00
00000035-0015-4000-8000-000000000000,completed,2026-06-27 12:44:38.660742+00:00,2026-06-27 12:44:38.834658+00:00
00000031-0015-4000-8000-000000000000,completed,2026-06-27 12:44:38.736388+00:00,2026-06-27 12:44:38.898066+00:00
00000050-0015-4000-8000-000000000000,completed,2026-06-27 12:44:39.185494+00:00,2026-06-27 12:44:39.336344+00:00
00000048-0015-4000-8000-000000000000,completed,2026-06-27 12:44:39.259927+00:00,2026-06-27 12:44:39.411343+00:00
00000034-0016-4000-8000-000000000000,completed,2026-06-27 12:44:40.372087+00:00,2026-06-27 12:44:40.550534+00:00
00000035-0016-4000-8000-000000000000,completed,2026-06-27 12:44:40.512685+00:00,2026-06-27 12:44:40.699636+00:00
00000007-0016-4000-8000-000000000000,completed,2026-06-27 12:44:39.409254+00:00,2026-06-27 12:44:39.549006+00:00
00000011-0016-4000-8000-000000000000,completed,2026-06-27 12:44:39.484198+00:00,2026-06-27 12:44:39.638937+00:00
00000025-0017-4000-8000-000000000000,completed,2026-06-27 12:44:41.951654+00:00,2026-06-27 12:44:42.115525+00:00
00000039-0016-4000-8000-000000000000,completed,2026-06-27 12:44:40.731658+00:00,2026-06-27 12:44:40.878516+00:00
00000050-0016-4000-8000-000000000000,completed,2026-06-27 12:44:41.020922+00:00,2026-06-27 12:44:41.162749+00:00
00000007-0017-4000-8000-000000000000,completed,2026-06-27 12:44:41.236304+00:00,2026-06-27 12:44:41.379183+00:00
00000034-0017-4000-8000-000000000000,completed,2026-06-27 12:44:42.164692+00:00,2026-06-27 12:44:42.312126+00:00
00000044-0017-4000-8000-000000000000,completed,2026-06-27 12:44:42.726464+00:00,2026-06-27 12:44:42.892767+00:00
00000040-0017-4000-8000-000000000000,completed,2026-06-27 12:44:42.444826+00:00,2026-06-27 12:44:42.592513+00:00
00000050-0017-4000-8000-000000000000,completed,2026-06-27 12:44:42.795960+00:00,2026-06-27 12:44:42.989266+00:00
00000007-0018-4000-8000-000000000000,completed,2026-06-27 12:44:43.005820+00:00,2026-06-27 12:44:43.182278+00:00
00000013-0018-4000-8000-000000000000,completed,2026-06-27 12:44:43.283356+00:00,2026-06-27 12:44:43.432199+00:00
00000005-0018-4000-8000-000000000000,completed,2026-06-27 12:44:43.353787+00:00,2026-06-27 12:44:43.499124+00:00
00000025-0018-4000-8000-000000000000,completed,2026-06-27 12:44:43.697572+00:00,2026-06-27 12:44:43.864908+00:00
00000023-0018-4000-8000-000000000000,completed,2026-06-27 12:44:43.559932+00:00,2026-06-27 12:44:43.728707+00:00
00000031-0018-4000-8000-000000000000,completed,2026-06-27 12:44:44.110001+00:00,2026-06-27 12:44:44.266447+00:00
00000047-0018-4000-8000-000000000000,completed,2026-06-27 12:44:44.382691+00:00,2026-06-27 12:44:44.544329+00:00
00000043-0017-4000-8000-000000000000,completed,2026-06-27 12:44:42.551488+00:00,2026-06-27 12:44:42.711350+00:00
00000002-0017-4000-8000-000000000000,completed,2026-06-27 12:44:41.985770+00:00,2026-06-27 12:44:42.145073+00:00
00000014-0016-4000-8000-000000000000,completed,2026-06-27 12:44:39.744309+00:00,2026-06-27 12:44:39.906980+00:00
00000016-0016-4000-8000-000000000000,completed,2026-06-27 12:44:39.815885+00:00,2026-06-27 12:44:39.979861+00:00
00000022-0016-4000-8000-000000000000,completed,2026-06-27 12:44:39.897309+00:00,2026-06-27 12:44:40.054059+00:00
00000024-0016-4000-8000-000000000000,completed,2026-06-27 12:44:40.037403+00:00,2026-06-27 12:44:40.194084+00:00
00000029-0017-4000-8000-000000000000,completed,2026-06-27 12:44:42.058907+00:00,2026-06-27 12:44:42.226413+00:00
00000029-0016-4000-8000-000000000000,completed,2026-06-27 12:44:40.256954+00:00,2026-06-27 12:44:40.403947+00:00
00000041-0016-4000-8000-000000000000,completed,2026-06-27 12:44:40.839622+00:00,2026-06-27 12:44:40.996912+00:00
00000029-0019-4000-8000-000000000000,completed,2026-06-27 12:44:45.494995+00:00,2026-06-27 12:44:45.679677+00:00
00000003-0017-4000-8000-000000000000,completed,2026-06-27 12:44:41.128522+00:00,2026-06-27 12:44:41.285962+00:00
00000001-0017-4000-8000-000000000000,completed,2026-06-27 12:44:41.343625+00:00,2026-06-27 12:44:41.501261+00:00
00000045-0017-4000-8000-000000000000,completed,2026-06-27 12:44:42.691348+00:00,2026-06-27 12:44:42.872866+00:00
00000033-0017-4000-8000-000000000000,completed,2026-06-27 12:44:42.198754+00:00,2026-06-27 12:44:42.352853+00:00
00000014-0017-4000-8000-000000000000,completed,2026-06-27 12:44:41.558519+00:00,2026-06-27 12:44:41.718939+00:00
00000022-0017-4000-8000-000000000000,completed,2026-06-27 12:44:41.702117+00:00,2026-06-27 12:44:41.883134+00:00
00000049-0017-4000-8000-000000000000,completed,2026-06-27 12:44:42.762415+00:00,2026-06-27 12:44:42.922960+00:00
00000032-0017-4000-8000-000000000000,completed,2026-06-27 12:44:42.269658+00:00,2026-06-27 12:44:42.416176+00:00
00000036-0017-4000-8000-000000000000,completed,2026-06-27 12:44:42.340281+00:00,2026-06-27 12:44:42.539285+00:00
00000024-0018-4000-8000-000000000000,completed,2026-06-27 12:44:43.596276+00:00,2026-06-27 12:44:43.754744+00:00
00000038-0017-4000-8000-000000000000,completed,2026-06-27 12:44:42.480798+00:00,2026-06-27 12:44:42.651285+00:00
00000008-0018-4000-8000-000000000000,completed,2026-06-27 12:44:43.181201+00:00,2026-06-27 12:44:43.339014+00:00
00000016-0018-4000-8000-000000000000,completed,2026-06-27 12:44:43.386990+00:00,2026-06-27 12:44:43.539244+00:00
00000043-0018-4000-8000-000000000000,completed,2026-06-27 12:44:44.280638+00:00,2026-06-27 12:44:44.442874+00:00
00000045-0018-4000-8000-000000000000,completed,2026-06-27 12:44:44.418424+00:00,2026-06-27 12:44:44.598459+00:00
00000006-0019-4000-8000-000000000000,completed,2026-06-27 12:44:44.959019+00:00,2026-06-27 12:44:45.146896+00:00
00000016-0019-4000-8000-000000000000,completed,2026-06-27 12:44:45.091427+00:00,2026-06-27 12:44:45.250270+00:00
00000041-0019-4000-8000-000000000000,completed,2026-06-27 12:44:46.025837+00:00,2026-06-27 12:44:46.209521+00:00
00000019-0019-4000-8000-000000000000,completed,2026-06-27 12:44:45.362882+00:00,2026-06-27 12:44:45.537065+00:00
00000032-0019-4000-8000-000000000000,completed,2026-06-27 12:44:45.695942+00:00,2026-06-27 12:44:45.863346+00:00
00000038-0019-4000-8000-000000000000,completed,2026-06-27 12:44:45.894328+00:00,2026-06-27 12:44:46.050954+00:00
00000023-0020-4000-8000-000000000000,completed,2026-06-27 12:44:46.913825+00:00,2026-06-27 12:44:47.090417+00:00
00000050-0018-4000-8000-000000000000,completed,2026-06-27 12:44:44.520516+00:00,2026-06-27 12:44:44.690192+00:00
00000007-0020-4000-8000-000000000000,completed,2026-06-27 12:44:46.388883+00:00,2026-06-27 12:44:46.587999+00:00
00000015-0019-4000-8000-000000000000,completed,2026-06-27 12:44:44.925570+00:00,2026-06-27 12:44:45.127458+00:00
00000013-0019-4000-8000-000000000000,completed,2026-06-27 12:44:45.000279+00:00,2026-06-27 12:44:45.187553+00:00
00000011-0020-4000-8000-000000000000,completed,2026-06-27 12:44:46.459811+00:00,2026-06-27 12:44:46.626936+00:00
00000018-0019-4000-8000-000000000000,completed,2026-06-27 12:44:45.125851+00:00,2026-06-27 12:44:45.307255+00:00
00000012-0020-4000-8000-000000000000,completed,2026-06-27 12:44:46.521071+00:00,2026-06-27 12:44:46.692972+00:00
00000023-0019-4000-8000-000000000000,completed,2026-06-27 12:44:45.260699+00:00,2026-06-27 12:44:45.439051+00:00
00000025-0019-4000-8000-000000000000,completed,2026-06-27 12:44:45.394242+00:00,2026-06-27 12:44:45.560148+00:00
00000037-0019-4000-8000-000000000000,completed,2026-06-27 12:44:45.661304+00:00,2026-06-27 12:44:45.829897+00:00
00000017-0021-4000-8000-000000000000,completed,2026-06-27 12:44:48.460286+00:00,2026-06-27 12:44:48.619016+00:00
00000015-0020-4000-8000-000000000000,completed,2026-06-27 12:44:46.586647+00:00,2026-06-27 12:44:46.783763+00:00
00000042-0019-4000-8000-000000000000,completed,2026-06-27 12:44:46.000827+00:00,2026-06-27 12:44:46.176678+00:00
00000044-0019-4000-8000-000000000000,completed,2026-06-27 12:44:46.128755+00:00,2026-06-27 12:44:46.305203+00:00
00000026-0020-4000-8000-000000000000,completed,2026-06-27 12:44:46.978212+00:00,2026-06-27 12:44:47.149304+00:00
00000025-0020-4000-8000-000000000000,completed,2026-06-27 12:44:47.044334+00:00,2026-06-27 12:44:47.206094+00:00
00000005-0020-4000-8000-000000000000,completed,2026-06-27 12:44:46.718247+00:00,2026-06-27 12:44:46.914623+00:00
00000047-0020-4000-8000-000000000000,completed,2026-06-27 12:44:47.692387+00:00,2026-06-27 12:44:47.853492+00:00
00000044-0020-4000-8000-000000000000,completed,2026-06-27 12:44:47.756033+00:00,2026-06-27 12:44:47.917207+00:00
00000017-0020-4000-8000-000000000000,completed,2026-06-27 12:44:46.849257+00:00,2026-06-27 12:44:47.004584+00:00
00000013-0021-4000-8000-000000000000,completed,2026-06-27 12:44:48.269853+00:00,2026-06-27 12:44:48.439831+00:00
00000027-0020-4000-8000-000000000000,completed,2026-06-27 12:44:47.112213+00:00,2026-06-27 12:44:47.265104+00:00
00000034-0020-4000-8000-000000000000,completed,2026-06-27 12:44:47.239383+00:00,2026-06-27 12:44:47.396625+00:00
00000015-0021-4000-8000-000000000000,completed,2026-06-27 12:44:48.205047+00:00,2026-06-27 12:44:48.365713+00:00
00000031-0021-4000-8000-000000000000,completed,2026-06-27 12:44:49.030906+00:00,2026-06-27 12:44:49.200775+00:00
00000018-0021-4000-8000-000000000000,completed,2026-06-27 12:44:48.396207+00:00,2026-06-27 12:44:48.583119+00:00
00000027-0021-4000-8000-000000000000,completed,2026-06-27 12:44:48.712709+00:00,2026-06-27 12:44:48.876546+00:00
00000025-0021-4000-8000-000000000000,completed,2026-06-27 12:44:48.650299+00:00,2026-06-27 12:44:48.797410+00:00
00000040-0021-4000-8000-000000000000,completed,2026-06-27 12:44:49.093430+00:00,2026-06-27 12:44:49.275922+00:00
00000037-0021-4000-8000-000000000000,completed,2026-06-27 12:44:48.904537+00:00,2026-06-27 12:44:49.110066+00:00
00000002-0022-4000-8000-000000000000,completed,2026-06-27 12:44:50.253314+00:00,2026-06-27 12:44:50.437234+00:00
00000049-0019-4000-8000-000000000000,completed,2026-06-27 12:44:46.160601+00:00,2026-06-27 12:44:46.319593+00:00
00000036-0021-4000-8000-000000000000,completed,2026-06-27 12:44:48.998234+00:00,2026-06-27 12:44:49.167360+00:00
00000001-0020-4000-8000-000000000000,completed,2026-06-27 12:44:46.487711+00:00,2026-06-27 12:44:46.688389+00:00
00000014-0020-4000-8000-000000000000,completed,2026-06-27 12:44:46.684691+00:00,2026-06-27 12:44:46.878395+00:00
00000038-0021-4000-8000-000000000000,completed,2026-06-27 12:44:49.123968+00:00,2026-06-27 12:44:49.303743+00:00
00000029-0020-4000-8000-000000000000,completed,2026-06-27 12:44:47.141342+00:00,2026-06-27 12:44:47.322089+00:00
00000021-0020-4000-8000-000000000000,completed,2026-06-27 12:44:47.206110+00:00,2026-06-27 12:44:47.402570+00:00
00000041-0021-4000-8000-000000000000,completed,2026-06-27 12:44:49.248876+00:00,2026-06-27 12:44:49.425450+00:00
00000003-0021-4000-8000-000000000000,completed,2026-06-27 12:44:47.917284+00:00,2026-06-27 12:44:48.094818+00:00
00000008-0021-4000-8000-000000000000,completed,2026-06-27 12:44:48.173620+00:00,2026-06-27 12:44:48.335656+00:00
00000021-0022-4000-8000-000000000000,completed,2026-06-27 12:44:50.370879+00:00,2026-06-27 12:44:50.602611+00:00
00000022-0021-4000-8000-000000000000,completed,2026-06-27 12:44:48.427682+00:00,2026-06-27 12:44:48.594952+00:00
00000046-0021-4000-8000-000000000000,completed,2026-06-27 12:44:49.441047+00:00,2026-06-27 12:44:49.639447+00:00
00000002-0021-4000-8000-000000000000,completed,2026-06-27 12:44:48.682422+00:00,2026-06-27 12:44:48.866588+00:00
00000016-0024-4000-8000-000000000000,completed,2026-06-27 12:44:52.973562+00:00,2026-06-27 12:44:53.121583+00:00
00000033-0021-4000-8000-000000000000,completed,2026-06-27 12:44:48.871347+00:00,2026-06-27 12:44:49.047086+00:00
00000016-0022-4000-8000-000000000000,completed,2026-06-27 12:44:49.939389+00:00,2026-06-27 12:44:50.126679+00:00
00000022-0022-4000-8000-000000000000,completed,2026-06-27 12:44:50.000171+00:00,2026-06-27 12:44:50.166858+00:00
00000014-0023-4000-8000-000000000000,completed,2026-06-27 12:44:51.412085+00:00,2026-06-27 12:44:51.611249+00:00
00000006-0023-4000-8000-000000000000,completed,2026-06-27 12:44:51.351679+00:00,2026-06-27 12:44:51.611599+00:00
00000028-0022-4000-8000-000000000000,completed,2026-06-27 12:44:50.618050+00:00,2026-06-27 12:44:50.780795+00:00
00000036-0022-4000-8000-000000000000,completed,2026-06-27 12:44:50.558249+00:00,2026-06-27 12:44:50.794555+00:00
00000043-0022-4000-8000-000000000000,completed,2026-06-27 12:44:50.746323+00:00,2026-06-27 12:44:50.957963+00:00
00000028-0023-4000-8000-000000000000,completed,2026-06-27 12:44:52.139497+00:00,2026-06-27 12:44:52.311861+00:00
00000029-0023-4000-8000-000000000000,completed,2026-06-27 12:44:51.836347+00:00,2026-06-27 12:44:52.077181+00:00
00000009-0024-4000-8000-000000000000,completed,2026-06-27 12:44:52.620031+00:00,2026-06-27 12:44:52.787933+00:00
00000043-0023-4000-8000-000000000000,completed,2026-06-27 12:44:52.259205+00:00,2026-06-27 12:44:52.459522+00:00
00000033-0024-4000-8000-000000000000,completed,2026-06-27 12:44:53.448712+00:00,2026-06-27 12:44:53.646249+00:00
00000006-0024-4000-8000-000000000000,completed,2026-06-27 12:44:52.855655+00:00,2026-06-27 12:44:53.045236+00:00
00000002-0024-4000-8000-000000000000,completed,2026-06-27 12:44:53.270799+00:00,2026-06-27 12:44:53.501757+00:00
00000004-0025-4000-8000-000000000000,completed,2026-06-27 12:44:54.063972+00:00,2026-06-27 12:44:54.238445+00:00
00000015-0022-4000-8000-000000000000,completed,2026-06-27 12:44:49.781081+00:00,2026-06-27 12:44:49.959443+00:00
00000007-0023-4000-8000-000000000000,completed,2026-06-27 12:44:51.139542+00:00,2026-06-27 12:44:51.422552+00:00
00000011-0023-4000-8000-000000000000,completed,2026-06-27 12:44:51.205453+00:00,2026-06-27 12:44:51.455569+00:00
00000017-0022-4000-8000-000000000000,completed,2026-06-27 12:44:50.030724+00:00,2026-06-27 12:44:50.219074+00:00
00000023-0022-4000-8000-000000000000,completed,2026-06-27 12:44:50.092026+00:00,2026-06-27 12:44:50.300691+00:00
00000026-0022-4000-8000-000000000000,completed,2026-06-27 12:44:50.153601+00:00,2026-06-27 12:44:50.330881+00:00
00000027-0022-4000-8000-000000000000,completed,2026-06-27 12:44:50.278957+00:00,2026-06-27 12:44:50.473417+00:00
00000037-0022-4000-8000-000000000000,completed,2026-06-27 12:44:50.464510+00:00,2026-06-27 12:44:50.642832+00:00
00000015-0023-4000-8000-000000000000,completed,2026-06-27 12:44:51.321979+00:00,2026-06-27 12:44:51.543351+00:00
00000039-0022-4000-8000-000000000000,completed,2026-06-27 12:44:50.709996+00:00,2026-06-27 12:44:50.898072+00:00
00000044-0022-4000-8000-000000000000,completed,2026-06-27 12:44:50.894900+00:00,2026-06-27 12:44:51.094422+00:00
00000005-0023-4000-8000-000000000000,completed,2026-06-27 12:44:51.445209+00:00,2026-06-27 12:44:51.650938+00:00
00000035-0023-4000-8000-000000000000,completed,2026-06-27 12:44:52.047216+00:00,2026-06-27 12:44:52.297015+00:00
00000013-0024-4000-8000-000000000000,completed,2026-06-27 12:44:52.885229+00:00,2026-06-27 12:44:53.118337+00:00
00000004-0023-4000-8000-000000000000,completed,2026-06-27 12:44:51.078660+00:00,2026-06-27 12:44:51.275602+00:00
00000018-0023-4000-8000-000000000000,completed,2026-06-27 12:44:51.507464+00:00,2026-06-27 12:44:51.730061+00:00
00000031-0023-4000-8000-000000000000,completed,2026-06-27 12:44:52.110996+00:00,2026-06-27 12:44:52.324616+00:00
00000026-0023-4000-8000-000000000000,completed,2026-06-27 12:44:51.685293+00:00,2026-06-27 12:44:51.905339+00:00
00000025-0023-4000-8000-000000000000,completed,2026-06-27 12:44:51.746759+00:00,2026-06-27 12:44:51.962911+00:00
00000027-0023-4000-8000-000000000000,completed,2026-06-27 12:44:51.806613+00:00,2026-06-27 12:44:52.008796+00:00
00000039-0023-4000-8000-000000000000,completed,2026-06-27 12:44:52.228394+00:00,2026-06-27 12:44:52.481310+00:00
00000044-0023-4000-8000-000000000000,completed,2026-06-27 12:44:52.413935+00:00,2026-06-27 12:44:52.625004+00:00
00000011-0024-4000-8000-000000000000,completed,2026-06-27 12:44:52.708212+00:00,2026-06-27 12:44:52.926096+00:00
00000012-0024-4000-8000-000000000000,completed,2026-06-27 12:44:52.767531+00:00,2026-06-27 12:44:52.954019+00:00
00000018-0024-4000-8000-000000000000,completed,2026-06-27 12:44:53.004763+00:00,2026-06-27 12:44:53.182006+00:00
00000031-0024-4000-8000-000000000000,completed,2026-06-27 12:44:53.597328+00:00,2026-06-27 12:44:53.796567+00:00
00000042-0024-4000-8000-000000000000,completed,2026-06-27 12:44:53.772709+00:00,2026-06-27 12:44:53.961719+00:00
00000037-0024-4000-8000-000000000000,completed,2026-06-27 12:44:53.479924+00:00,2026-06-27 12:44:53.706680+00:00
00000040-0024-4000-8000-000000000000,completed,2026-06-27 12:44:53.652631+00:00,2026-06-27 12:44:53.915135+00:00
00000050-0024-4000-8000-000000000000,completed,2026-06-27 12:44:53.946443+00:00,2026-06-27 12:44:54.148769+00:00
00000008-0027-4000-8000-000000000000,completed,2026-06-27 12:44:57.120628+00:00,2026-06-27 12:44:57.442267+00:00
00000032-0024-4000-8000-000000000000,completed,2026-06-27 12:44:53.506839+00:00,2026-06-27 12:44:53.701988+00:00
00000043-0025-4000-8000-000000000000,completed,2026-06-27 12:44:55.194922+00:00,2026-06-27 12:44:55.395519+00:00
00000043-0024-4000-8000-000000000000,completed,2026-06-27 12:44:53.741394+00:00,2026-06-27 12:44:53.943896+00:00
00000038-0025-4000-8000-000000000000,completed,2026-06-27 12:44:55.136966+00:00,2026-06-27 12:44:55.398355+00:00
00000045-0024-4000-8000-000000000000,completed,2026-06-27 12:44:53.859222+00:00,2026-06-27 12:44:54.090957+00:00
00000046-0024-4000-8000-000000000000,completed,2026-06-27 12:44:53.975939+00:00,2026-06-27 12:44:54.169595+00:00
00000021-0026-4000-8000-000000000000,completed,2026-06-27 12:44:56.277926+00:00,2026-06-27 12:44:56.576381+00:00
00000010-0025-4000-8000-000000000000,completed,2026-06-27 12:44:54.151639+00:00,2026-06-27 12:44:54.339292+00:00
00000001-0025-4000-8000-000000000000,completed,2026-06-27 12:44:54.209304+00:00,2026-06-27 12:44:54.457842+00:00
00000014-0025-4000-8000-000000000000,completed,2026-06-27 12:44:54.386750+00:00,2026-06-27 12:44:54.637041+00:00
00000016-0025-4000-8000-000000000000,completed,2026-06-27 12:44:54.447686+00:00,2026-06-27 12:44:54.688826+00:00
00000020-0025-4000-8000-000000000000,completed,2026-06-27 12:44:54.557413+00:00,2026-06-27 12:44:54.825502+00:00
00000009-0026-4000-8000-000000000000,completed,2026-06-27 12:44:55.539608+00:00,2026-06-27 12:44:55.776271+00:00
00000002-0025-4000-8000-000000000000,completed,2026-06-27 12:44:54.732362+00:00,2026-06-27 12:44:55.021480+00:00
00000046-0026-4000-8000-000000000000,completed,2026-06-27 12:44:56.840226+00:00,2026-06-27 12:44:57.158067+00:00
00000001-0026-4000-8000-000000000000,completed,2026-06-27 12:44:55.651586+00:00,2026-06-27 12:44:55.851585+00:00
00000006-0026-4000-8000-000000000000,completed,2026-06-27 12:44:55.768741+00:00,2026-06-27 12:44:56.005230+00:00
00000036-0026-4000-8000-000000000000,completed,2026-06-27 12:44:56.447870+00:00,2026-06-27 12:44:56.709942+00:00
00000022-0026-4000-8000-000000000000,completed,2026-06-27 12:44:55.938854+00:00,2026-06-27 12:44:56.179475+00:00
00000032-0027-4000-8000-000000000000,completed,2026-06-27 12:44:57.789928+00:00,2026-06-27 12:44:58.196009+00:00
00000038-0026-4000-8000-000000000000,completed,2026-06-27 12:44:56.559571+00:00,2026-06-27 12:44:56.849641+00:00
00000041-0026-4000-8000-000000000000,completed,2026-06-27 12:44:56.672627+00:00,2026-06-27 12:44:56.962500+00:00
00000010-0027-4000-8000-000000000000,completed,2026-06-27 12:44:57.008054+00:00,2026-06-27 12:44:57.306120+00:00
00000024-0027-4000-8000-000000000000,completed,2026-06-27 12:44:57.456235+00:00,2026-06-27 12:44:57.853174+00:00
00000014-0027-4000-8000-000000000000,completed,2026-06-27 12:44:57.238481+00:00,2026-06-27 12:44:57.529098+00:00
00000016-0027-4000-8000-000000000000,completed,2026-06-27 12:44:57.289640+00:00,2026-06-27 12:44:57.616380+00:00
00000047-0027-4000-8000-000000000000,completed,2026-06-27 12:44:58.066876+00:00,2026-06-27 12:44:58.409901+00:00
00000009-0028-4000-8000-000000000000,completed,2026-06-27 12:44:58.340423+00:00,2026-06-27 12:44:58.720518+00:00
00000001-0028-4000-8000-000000000000,completed,2026-06-27 12:44:58.451052+00:00,2026-06-27 12:44:58.910282+00:00
00000029-0028-4000-8000-000000000000,completed,2026-06-27 12:44:58.997689+00:00,2026-06-27 12:44:59.447221+00:00
00000011-0026-4000-8000-000000000000,completed,2026-06-27 12:44:55.623003+00:00,2026-06-27 12:44:55.861022+00:00
00000007-0025-4000-8000-000000000000,completed,2026-06-27 12:44:54.123637+00:00,2026-06-27 12:44:54.318882+00:00
00000011-0027-4000-8000-000000000000,completed,2026-06-27 12:44:57.037028+00:00,2026-06-27 12:44:57.333309+00:00
00000005-0025-4000-8000-000000000000,completed,2026-06-27 12:44:54.414823+00:00,2026-06-27 12:44:54.646189+00:00
00000042-0026-4000-8000-000000000000,completed,2026-06-27 12:44:56.643947+00:00,2026-06-27 12:44:56.910593+00:00
00000017-0025-4000-8000-000000000000,completed,2026-06-27 12:44:54.529093+00:00,2026-06-27 12:44:54.732116+00:00
00000023-0025-4000-8000-000000000000,completed,2026-06-27 12:44:54.588657+00:00,2026-06-27 12:44:54.826143+00:00
00000026-0025-4000-8000-000000000000,completed,2026-06-27 12:44:54.646102+00:00,2026-06-27 12:44:54.840255+00:00
00000035-0025-4000-8000-000000000000,completed,2026-06-27 12:44:54.992237+00:00,2026-06-27 12:44:55.214227+00:00
00000005-0026-4000-8000-000000000000,completed,2026-06-27 12:44:55.850750+00:00,2026-06-27 12:44:56.129850+00:00
00000039-0025-4000-8000-000000000000,completed,2026-06-27 12:44:55.165859+00:00,2026-06-27 12:44:55.415445+00:00
00000047-0025-4000-8000-000000000000,completed,2026-06-27 12:44:55.280878+00:00,2026-06-27 12:44:55.540647+00:00
00000044-0025-4000-8000-000000000000,completed,2026-06-27 12:44:55.339496+00:00,2026-06-27 12:44:55.572870+00:00
00000044-0026-4000-8000-000000000000,completed,2026-06-27 12:44:56.758707+00:00,2026-06-27 12:44:57.034552+00:00
00000007-0026-4000-8000-000000000000,completed,2026-06-27 12:44:55.566497+00:00,2026-06-27 12:44:55.830818+00:00
00000018-0026-4000-8000-000000000000,completed,2026-06-27 12:44:55.910438+00:00,2026-06-27 12:44:56.190487+00:00
00000017-0026-4000-8000-000000000000,completed,2026-06-27 12:44:55.969228+00:00,2026-06-27 12:44:56.199659+00:00
00000023-0026-4000-8000-000000000000,completed,2026-06-27 12:44:56.023210+00:00,2026-06-27 12:44:56.313317+00:00
00000026-0026-4000-8000-000000000000,completed,2026-06-27 12:44:56.080220+00:00,2026-06-27 12:44:56.326524+00:00
00000017-0027-4000-8000-000000000000,completed,2026-06-27 12:44:57.375441+00:00,2026-06-27 12:44:57.673065+00:00
00000048-0026-4000-8000-000000000000,completed,2026-06-27 12:44:56.869106+00:00,2026-06-27 12:44:57.134135+00:00
00000027-0027-4000-8000-000000000000,completed,2026-06-27 12:44:57.594754+00:00,2026-06-27 12:44:57.913906+00:00
00000004-0027-4000-8000-000000000000,completed,2026-06-27 12:44:56.927057+00:00,2026-06-27 12:44:57.233953+00:00
00000034-0027-4000-8000-000000000000,completed,2026-06-27 12:44:57.705965+00:00,2026-06-27 12:44:58.036998+00:00
00000005-0027-4000-8000-000000000000,completed,2026-06-27 12:44:57.263634+00:00,2026-06-27 12:44:57.554193+00:00
00000025-0027-4000-8000-000000000000,completed,2026-06-27 12:44:57.548558+00:00,2026-06-27 12:44:57.856382+00:00
00000023-0027-4000-8000-000000000000,completed,2026-06-27 12:44:57.428680+00:00,2026-06-27 12:44:57.730643+00:00
00000039-0027-4000-8000-000000000000,completed,2026-06-27 12:44:57.987794+00:00,2026-06-27 12:44:58.375740+00:00
00000031-0027-4000-8000-000000000000,completed,2026-06-27 12:44:57.872895+00:00,2026-06-27 12:44:58.217354+00:00
00000048-0027-4000-8000-000000000000,completed,2026-06-27 12:44:58.259531+00:00,2026-06-27 12:44:58.677107+00:00
00000011-0028-4000-8000-000000000000,completed,2026-06-27 12:44:58.425410+00:00,2026-06-27 12:44:58.838418+00:00
00000018-0029-4000-8000-000000000000,completed,2026-06-27 12:45:00.053379+00:00,2026-06-27 12:45:00.618043+00:00
00000012-0028-4000-8000-000000000000,completed,2026-06-27 12:44:58.478728+00:00,2026-06-27 12:44:58.895531+00:00
00000018-0028-4000-8000-000000000000,completed,2026-06-27 12:44:58.701544+00:00,2026-06-27 12:44:59.098979+00:00
00000035-0030-4000-8000-000000000000,completed,2026-06-27 12:45:01.858561+00:00,2026-06-27 12:45:02.990141+00:00
00000025-0028-4000-8000-000000000000,completed,2026-06-27 12:44:58.916927+00:00,2026-06-27 12:44:59.360302+00:00
00000031-0028-4000-8000-000000000000,completed,2026-06-27 12:44:59.242920+00:00,2026-06-27 12:44:59.723492+00:00
00000039-0028-4000-8000-000000000000,completed,2026-06-27 12:44:59.352524+00:00,2026-06-27 12:44:59.862127+00:00
00000027-0029-4000-8000-000000000000,completed,2026-06-27 12:45:00.322909+00:00,2026-06-27 12:45:00.979558+00:00
00000030-0029-4000-8000-000000000000,completed,2026-06-27 12:45:00.376418+00:00,2026-06-27 12:45:00.981283+00:00
00000011-0029-4000-8000-000000000000,completed,2026-06-27 12:44:59.785198+00:00,2026-06-27 12:45:00.275158+00:00
00000043-0029-4000-8000-000000000000,completed,2026-06-27 12:45:00.909969+00:00,2026-06-27 12:45:01.709329+00:00
00000012-0029-4000-8000-000000000000,completed,2026-06-27 12:44:59.837828+00:00,2026-06-27 12:45:00.328434+00:00
00000013-0029-4000-8000-000000000000,completed,2026-06-27 12:44:59.947293+00:00,2026-06-27 12:45:00.528930+00:00
00000005-0029-4000-8000-000000000000,completed,2026-06-27 12:45:00.000142+00:00,2026-06-27 12:45:00.556277+00:00
00000035-0029-4000-8000-000000000000,completed,2026-06-27 12:45:00.535671+00:00,2026-06-27 12:45:01.197076+00:00
00000031-0029-4000-8000-000000000000,completed,2026-06-27 12:45:00.592046+00:00,2026-06-27 12:45:01.371347+00:00
00000040-0029-4000-8000-000000000000,completed,2026-06-27 12:45:00.649572+00:00,2026-06-27 12:45:01.376453+00:00
00000007-0030-4000-8000-000000000000,completed,2026-06-27 12:45:01.068184+00:00,2026-06-27 12:45:01.909733+00:00
00000022-0085-4000-8000-000000000000,completed,2026-06-27 12:46:10.677288+00:00,2026-06-27 12:46:26.201329+00:00
00000015-0030-4000-8000-000000000000,completed,2026-06-27 12:45:01.226652+00:00,2026-06-27 12:45:02.116503+00:00
00000005-0030-4000-8000-000000000000,completed,2026-06-27 12:45:01.335001+00:00,2026-06-27 12:45:02.297532+00:00
00000018-0030-4000-8000-000000000000,completed,2026-06-27 12:45:01.387244+00:00,2026-06-27 12:45:02.341111+00:00
00000025-0030-4000-8000-000000000000,completed,2026-06-27 12:45:01.597929+00:00,2026-06-27 12:45:02.703155+00:00
00000043-0030-4000-8000-000000000000,completed,2026-06-27 12:45:02.227679+00:00,2026-06-27 12:45:03.524359+00:00
00000034-0030-4000-8000-000000000000,completed,2026-06-27 12:45:01.759092+00:00,2026-06-27 12:45:02.914845+00:00
00000011-0031-4000-8000-000000000000,completed,2026-06-27 12:45:02.433897+00:00,2026-06-27 12:45:03.836140+00:00
00000049-0030-4000-8000-000000000000,completed,2026-06-27 12:45:02.172457+00:00,2026-06-27 12:45:03.475235+00:00
00000007-0031-4000-8000-000000000000,completed,2026-06-27 12:45:02.380219+00:00,2026-06-27 12:45:03.764965+00:00
00000013-0031-4000-8000-000000000000,completed,2026-06-27 12:45:02.589429+00:00,2026-06-27 12:45:04.052182+00:00
00000023-0031-4000-8000-000000000000,completed,2026-06-27 12:45:02.797295+00:00,2026-06-27 12:45:04.347325+00:00
00000027-0031-4000-8000-000000000000,completed,2026-06-27 12:45:02.956183+00:00,2026-06-27 12:45:04.570033+00:00
00000033-0029-4000-8000-000000000000,completed,2026-06-27 12:45:00.467658+00:00,2026-06-27 12:45:01.175305+00:00
00000036-0030-4000-8000-000000000000,completed,2026-06-27 12:45:01.885666+00:00,2026-06-27 12:45:03.095086+00:00
00000032-0028-4000-8000-000000000000,completed,2026-06-27 12:44:59.160656+00:00,2026-06-27 12:44:59.672612+00:00
00000028-0028-4000-8000-000000000000,completed,2026-06-27 12:44:59.270829+00:00,2026-06-27 12:44:59.717697+00:00
00000042-0029-4000-8000-000000000000,completed,2026-06-27 12:45:00.722240+00:00,2026-06-27 12:45:01.441967+00:00
00000003-0029-4000-8000-000000000000,completed,2026-06-27 12:44:59.650626+00:00,2026-06-27 12:45:00.118834+00:00
00000010-0029-4000-8000-000000000000,completed,2026-06-27 12:44:59.760401+00:00,2026-06-27 12:45:00.241413+00:00
00000029-0030-4000-8000-000000000000,completed,2026-06-27 12:45:01.674973+00:00,2026-06-27 12:45:02.799924+00:00
00000044-0029-4000-8000-000000000000,completed,2026-06-27 12:45:00.828444+00:00,2026-06-27 12:45:01.612148+00:00
00000001-0029-4000-8000-000000000000,completed,2026-06-27 12:44:59.811007+00:00,2026-06-27 12:45:00.305924+00:00
00000008-0029-4000-8000-000000000000,completed,2026-06-27 12:44:59.865632+00:00,2026-06-27 12:45:00.420131+00:00
00000006-0029-4000-8000-000000000000,completed,2026-06-27 12:44:59.918231+00:00,2026-06-27 12:45:00.424844+00:00
00000021-0030-4000-8000-000000000000,completed,2026-06-27 12:45:01.726544+00:00,2026-06-27 12:45:02.824165+00:00
00000029-0029-4000-8000-000000000000,completed,2026-06-27 12:45:00.348769+00:00,2026-06-27 12:45:01.026673+00:00
00000032-0029-4000-8000-000000000000,completed,2026-06-27 12:45:00.509898+00:00,2026-06-27 12:45:01.160150+00:00
00000046-0029-4000-8000-000000000000,completed,2026-06-27 12:45:00.933697+00:00,2026-06-27 12:45:01.826347+00:00
00000047-0030-4000-8000-000000000000,completed,2026-06-27 12:45:02.094315+00:00,2026-06-27 12:45:03.287106+00:00
00000024-0030-4000-8000-000000000000,completed,2026-06-27 12:45:01.517640+00:00,2026-06-27 12:45:02.524858+00:00
00000044-0030-4000-8000-000000000000,completed,2026-06-27 12:45:02.144697+00:00,2026-06-27 12:45:03.515020+00:00
00000008-0031-4000-8000-000000000000,completed,2026-06-27 12:45:02.510670+00:00,2026-06-27 12:45:04.001283+00:00
00000039-0030-4000-8000-000000000000,completed,2026-06-27 12:45:02.020105+00:00,2026-06-27 12:45:03.298817+00:00
00000021-0031-4000-8000-000000000000,completed,2026-06-27 12:45:03.039262+00:00,2026-06-27 12:45:04.678200+00:00
00000001-0031-4000-8000-000000000000,completed,2026-06-27 12:45:02.461367+00:00,2026-06-27 12:45:03.885291+00:00
00000020-0031-4000-8000-000000000000,completed,2026-06-27 12:45:02.770447+00:00,2026-06-27 12:45:04.300195+00:00
00000003-0032-4000-8000-000000000000,completed,2026-06-27 12:45:03.596488+00:00,2026-06-27 12:45:05.535883+00:00
00000028-0031-4000-8000-000000000000,completed,2026-06-27 12:45:03.235741+00:00,2026-06-27 12:45:04.965691+00:00
00000029-0031-4000-8000-000000000000,completed,2026-06-27 12:45:02.976895+00:00,2026-06-27 12:45:04.654042+00:00
00000033-0031-4000-8000-000000000000,completed,2026-06-27 12:45:03.081350+00:00,2026-06-27 12:45:04.769568+00:00
00000050-0031-4000-8000-000000000000,completed,2026-06-27 12:45:03.493646+00:00,2026-06-27 12:45:05.337098+00:00
00000009-0032-4000-8000-000000000000,completed,2026-06-27 12:45:03.647233+00:00,2026-06-27 12:45:05.511782+00:00
00000015-0032-4000-8000-000000000000,completed,2026-06-27 12:45:03.829280+00:00,2026-06-27 12:45:05.723217+00:00
00000037-0031-4000-8000-000000000000,completed,2026-06-27 12:45:03.109562+00:00,2026-06-27 12:45:04.757725+00:00
00000043-0031-4000-8000-000000000000,completed,2026-06-27 12:45:03.519264+00:00,2026-06-27 12:45:05.379057+00:00
00000048-0031-4000-8000-000000000000,completed,2026-06-27 12:45:03.569242+00:00,2026-06-27 12:45:05.383029+00:00
00000012-0032-4000-8000-000000000000,completed,2026-06-27 12:45:03.777909+00:00,2026-06-27 12:45:05.727224+00:00
00000041-0031-4000-8000-000000000000,completed,2026-06-27 12:45:03.367198+00:00,2026-06-27 12:45:05.160363+00:00
00000026-0032-4000-8000-000000000000,completed,2026-06-27 12:45:04.135108+00:00,2026-06-27 12:45:06.175936+00:00
00000039-0031-4000-8000-000000000000,completed,2026-06-27 12:45:03.315583+00:00,2026-06-27 12:45:05.201545+00:00
00000040-0032-4000-8000-000000000000,completed,2026-06-27 12:45:04.538522+00:00,2026-06-27 12:45:06.645432+00:00
00000049-0031-4000-8000-000000000000,completed,2026-06-27 12:45:03.467634+00:00,2026-06-27 12:45:05.336281+00:00
00000005-0032-4000-8000-000000000000,completed,2026-06-27 12:45:03.929056+00:00,2026-06-27 12:45:05.922405+00:00
00000011-0032-4000-8000-000000000000,completed,2026-06-27 12:45:03.733751+00:00,2026-06-27 12:45:05.563542+00:00
00000018-0032-4000-8000-000000000000,completed,2026-06-27 12:45:03.979102+00:00,2026-06-27 12:45:05.967380+00:00
00000007-0032-4000-8000-000000000000,completed,2026-06-27 12:45:03.673609+00:00,2026-06-27 12:45:05.574035+00:00
00000039-0032-4000-8000-000000000000,completed,2026-06-27 12:45:04.589504+00:00,2026-06-27 12:45:06.741734+00:00
00000027-0032-4000-8000-000000000000,completed,2026-06-27 12:45:04.234593+00:00,2026-06-27 12:45:06.234806+00:00
00000030-0032-4000-8000-000000000000,completed,2026-06-27 12:45:04.285656+00:00,2026-06-27 12:45:06.370228+00:00
00000041-0032-4000-8000-000000000000,completed,2026-06-27 12:45:04.640074+00:00,2026-06-27 12:45:06.853939+00:00
00000045-0032-4000-8000-000000000000,completed,2026-06-27 12:45:04.691051+00:00,2026-06-27 12:45:06.856533+00:00
00000031-0032-4000-8000-000000000000,completed,2026-06-27 12:45:04.487293+00:00,2026-06-27 12:45:06.636273+00:00
00000025-0033-4000-8000-000000000000,completed,2026-06-27 12:45:05.447658+00:00,2026-06-27 12:45:07.853912+00:00
00000004-0033-4000-8000-000000000000,completed,2026-06-27 12:45:04.892942+00:00,2026-06-27 12:45:07.132331+00:00
00000013-0033-4000-8000-000000000000,completed,2026-06-27 12:45:05.144754+00:00,2026-06-27 12:45:07.463058+00:00
00000037-0033-4000-8000-000000000000,completed,2026-06-27 12:45:05.645412+00:00,2026-06-27 12:45:08.136200+00:00
00000034-0033-4000-8000-000000000000,completed,2026-06-27 12:45:05.598199+00:00,2026-06-27 12:45:08.035771+00:00
00000040-0033-4000-8000-000000000000,completed,2026-06-27 12:45:05.796994+00:00,2026-06-27 12:45:08.329320+00:00
00000005-0034-4000-8000-000000000000,completed,2026-06-27 12:45:06.446518+00:00,2026-06-27 12:45:09.074721+00:00
00000023-0034-4000-8000-000000000000,completed,2026-06-27 12:45:06.595870+00:00,2026-06-27 12:45:09.263881+00:00
00000027-0034-4000-8000-000000000000,completed,2026-06-27 12:45:06.747065+00:00,2026-06-27 12:45:09.458992+00:00
00000034-0034-4000-8000-000000000000,completed,2026-06-27 12:45:06.850224+00:00,2026-06-27 12:45:09.607381+00:00
00000002-0031-4000-8000-000000000000,completed,2026-06-27 12:45:02.928096+00:00,2026-06-27 12:45:04.529542+00:00
00000030-0031-4000-8000-000000000000,completed,2026-06-27 12:45:03.004186+00:00,2026-06-27 12:45:04.672792+00:00
00000050-0033-4000-8000-000000000000,completed,2026-06-27 12:45:06.022394+00:00,2026-06-27 12:45:08.573376+00:00
00000010-0032-4000-8000-000000000000,completed,2026-06-27 12:45:03.697454+00:00,2026-06-27 12:45:05.606913+00:00
00000036-0032-4000-8000-000000000000,completed,2026-06-27 12:45:04.465034+00:00,2026-06-27 12:45:06.562367+00:00
00000008-0032-4000-8000-000000000000,completed,2026-06-27 12:45:03.800800+00:00,2026-06-27 12:45:05.731197+00:00
00000016-0032-4000-8000-000000000000,completed,2026-06-27 12:45:03.954811+00:00,2026-06-27 12:45:05.899675+00:00
00000020-0032-4000-8000-000000000000,completed,2026-06-27 12:45:04.055426+00:00,2026-06-27 12:45:06.039925+00:00
00000029-0032-4000-8000-000000000000,completed,2026-06-27 12:45:04.262293+00:00,2026-06-27 12:45:06.289140+00:00
00000038-0032-4000-8000-000000000000,completed,2026-06-27 12:45:04.563791+00:00,2026-06-27 12:45:06.675659+00:00
00000032-0032-4000-8000-000000000000,completed,2026-06-27 12:45:04.411453+00:00,2026-06-27 12:45:06.479135+00:00
00000044-0032-4000-8000-000000000000,completed,2026-06-27 12:45:04.721265+00:00,2026-06-27 12:45:06.864785+00:00
00000008-0033-4000-8000-000000000000,completed,2026-06-27 12:45:05.069316+00:00,2026-06-27 12:45:07.357775+00:00
00000010-0033-4000-8000-000000000000,completed,2026-06-27 12:45:04.968064+00:00,2026-06-27 12:45:07.271380+00:00
00000022-0033-4000-8000-000000000000,completed,2026-06-27 12:45:05.268642+00:00,2026-06-27 12:45:07.667366+00:00
00000033-0033-4000-8000-000000000000,completed,2026-06-27 12:45:05.619887+00:00,2026-06-27 12:45:08.059167+00:00
00000008-0034-4000-8000-000000000000,completed,2026-06-27 12:45:06.321307+00:00,2026-06-27 12:45:08.996321+00:00
00000047-0033-4000-8000-000000000000,completed,2026-06-27 12:45:05.921060+00:00,2026-06-27 12:45:08.445136+00:00
00000024-0034-4000-8000-000000000000,completed,2026-06-27 12:45:06.621685+00:00,2026-06-27 12:45:09.330382+00:00
00000010-0034-4000-8000-000000000000,completed,2026-06-27 12:45:06.219432+00:00,2026-06-27 12:45:08.830806+00:00
00000036-0034-4000-8000-000000000000,completed,2026-06-27 12:45:06.970081+00:00,2026-06-27 12:45:09.765118+00:00
00000020-0034-4000-8000-000000000000,completed,2026-06-27 12:45:06.569797+00:00,2026-06-27 12:45:09.251722+00:00
00000029-0034-4000-8000-000000000000,completed,2026-06-27 12:45:06.770149+00:00,2026-06-27 12:45:09.534765+00:00
00000047-0034-4000-8000-000000000000,completed,2026-06-27 12:45:07.170197+00:00,2026-06-27 12:45:10.008730+00:00
00000032-0034-4000-8000-000000000000,completed,2026-06-27 12:45:06.930889+00:00,2026-06-27 12:45:09.721980+00:00
00000014-0035-4000-8000-000000000000,completed,2026-06-27 12:45:07.671459+00:00,2026-06-27 12:45:10.628647+00:00
00000042-0034-4000-8000-000000000000,completed,2026-06-27 12:45:07.121262+00:00,2026-06-27 12:45:09.975862+00:00
00000046-0034-4000-8000-000000000000,completed,2026-06-27 12:45:07.321997+00:00,2026-06-27 12:45:10.204507+00:00
00000044-0092-4000-8000-000000000000,completed,2026-06-27 12:46:28.351693+00:00,2026-06-27 12:46:37.557682+00:00
00000008-0035-4000-8000-000000000000,completed,2026-06-27 12:45:07.569673+00:00,2026-06-27 12:45:10.542582+00:00
00000020-0035-4000-8000-000000000000,completed,2026-06-27 12:45:07.826963+00:00,2026-06-27 12:45:10.787001+00:00
00000023-0033-4000-8000-000000000000,completed,2026-06-27 12:45:05.344896+00:00,2026-06-27 12:45:07.686296+00:00
00000048-0034-4000-8000-000000000000,completed,2026-06-27 12:45:07.345221+00:00,2026-06-27 12:45:10.250805+00:00
00000035-0035-4000-8000-000000000000,completed,2026-06-27 12:45:08.195041+00:00,2026-06-27 12:45:11.271784+00:00
00000040-0034-4000-8000-000000000000,completed,2026-06-27 12:45:07.045719+00:00,2026-06-27 12:45:09.858337+00:00
00000038-0034-4000-8000-000000000000,completed,2026-06-27 12:45:07.069492+00:00,2026-06-27 12:45:09.928566+00:00
00000041-0034-4000-8000-000000000000,completed,2026-06-27 12:45:07.146839+00:00,2026-06-27 12:45:09.973853+00:00
00000017-0035-4000-8000-000000000000,completed,2026-06-27 12:45:07.794861+00:00,2026-06-27 12:45:10.817571+00:00
00000049-0034-4000-8000-000000000000,completed,2026-06-27 12:45:07.244694+00:00,2026-06-27 12:45:10.112031+00:00
00000012-0035-4000-8000-000000000000,completed,2026-06-27 12:45:07.550230+00:00,2026-06-27 12:45:10.508962+00:00
00000026-0035-4000-8000-000000000000,completed,2026-06-27 12:45:07.897374+00:00,2026-06-27 12:45:10.957328+00:00
00000043-0035-4000-8000-000000000000,completed,2026-06-27 12:45:08.546598+00:00,2026-06-27 12:45:11.725061+00:00
00000037-0035-4000-8000-000000000000,completed,2026-06-27 12:45:08.146463+00:00,2026-06-27 12:45:11.226720+00:00
00000030-0035-4000-8000-000000000000,completed,2026-06-27 12:45:08.048421+00:00,2026-06-27 12:45:11.119203+00:00
00000034-0035-4000-8000-000000000000,completed,2026-06-27 12:45:08.097591+00:00,2026-06-27 12:45:11.153510+00:00
00000027-0036-4000-8000-000000000000,completed,2026-06-27 12:45:09.246194+00:00,2026-06-27 12:45:12.572011+00:00
00000039-0037-4000-8000-000000000000,completed,2026-06-27 12:45:10.844744+00:00,2026-06-27 12:45:14.503159+00:00
00000025-0036-4000-8000-000000000000,completed,2026-06-27 12:45:09.196768+00:00,2026-06-27 12:45:12.474063+00:00
00000049-0036-4000-8000-000000000000,completed,2026-06-27 12:45:09.745500+00:00,2026-06-27 12:45:13.142545+00:00
00000040-0036-4000-8000-000000000000,completed,2026-06-27 12:45:09.545817+00:00,2026-06-27 12:45:12.924529+00:00
00000004-0037-4000-8000-000000000000,completed,2026-06-27 12:45:09.896106+00:00,2026-06-27 12:45:13.331010+00:00
00000041-0036-4000-8000-000000000000,completed,2026-06-27 12:45:09.645301+00:00,2026-06-27 12:45:13.070638+00:00
00000043-0036-4000-8000-000000000000,completed,2026-06-27 12:45:09.798016+00:00,2026-06-27 12:45:13.231190+00:00
00000016-0037-4000-8000-000000000000,completed,2026-06-27 12:45:10.197009+00:00,2026-06-27 12:45:13.717405+00:00
00000034-0037-4000-8000-000000000000,completed,2026-06-27 12:45:10.597960+00:00,2026-06-27 12:45:14.209262+00:00
00000025-0037-4000-8000-000000000000,completed,2026-06-27 12:45:10.446619+00:00,2026-06-27 12:45:14.010386+00:00
00000031-0037-4000-8000-000000000000,completed,2026-06-27 12:45:10.746498+00:00,2026-06-27 12:45:14.410057+00:00
00000049-0037-4000-8000-000000000000,completed,2026-06-27 12:45:10.996042+00:00,2026-06-27 12:45:14.712008+00:00
00000012-0038-4000-8000-000000000000,completed,2026-06-27 12:45:11.296844+00:00,2026-06-27 12:45:15.137200+00:00
00000004-0038-4000-8000-000000000000,completed,2026-06-27 12:45:11.146662+00:00,2026-06-27 12:45:14.937286+00:00
00000007-0038-4000-8000-000000000000,completed,2026-06-27 12:45:11.196092+00:00,2026-06-27 12:45:14.952266+00:00
00000010-0086-4000-8000-000000000000,completed,2026-06-27 12:46:11.882202+00:00,2026-06-27 12:46:27.364200+00:00
00000024-0036-4000-8000-000000000000,completed,2026-06-27 12:45:09.120955+00:00,2026-06-27 12:45:12.430310+00:00
00000036-0035-4000-8000-000000000000,completed,2026-06-27 12:45:08.219659+00:00,2026-06-27 12:45:11.345877+00:00
00000028-0035-4000-8000-000000000000,completed,2026-06-27 12:45:08.271083+00:00,2026-06-27 12:45:11.354398+00:00
00000044-0035-4000-8000-000000000000,completed,2026-06-27 12:45:08.470747+00:00,2026-06-27 12:45:11.618796+00:00
00000002-0036-4000-8000-000000000000,completed,2026-06-27 12:45:09.222347+00:00,2026-06-27 12:45:12.522155+00:00
00000022-0036-4000-8000-000000000000,completed,2026-06-27 12:45:09.021443+00:00,2026-06-27 12:45:12.293372+00:00
00000032-0036-4000-8000-000000000000,completed,2026-06-27 12:45:09.420628+00:00,2026-06-27 12:45:12.742185+00:00
00000036-0036-4000-8000-000000000000,completed,2026-06-27 12:45:09.473596+00:00,2026-06-27 12:45:12.833178+00:00
00000014-0037-4000-8000-000000000000,completed,2026-06-27 12:45:10.170072+00:00,2026-06-27 12:45:13.648385+00:00
00000033-0036-4000-8000-000000000000,completed,2026-06-27 12:45:09.370285+00:00,2026-06-27 12:45:12.696972+00:00
00000042-0036-4000-8000-000000000000,completed,2026-06-27 12:45:09.620864+00:00,2026-06-27 12:45:13.013616+00:00
00000050-0036-4000-8000-000000000000,completed,2026-06-27 12:45:09.773307+00:00,2026-06-27 12:45:13.192399+00:00
00000009-0037-4000-8000-000000000000,completed,2026-06-27 12:45:09.920961+00:00,2026-06-27 12:45:13.366159+00:00
00000001-0038-4000-8000-000000000000,completed,2026-06-27 12:45:11.272629+00:00,2026-06-27 12:45:15.013632+00:00
00000006-0037-4000-8000-000000000000,completed,2026-06-27 12:45:10.122417+00:00,2026-06-27 12:45:13.611890+00:00
00000032-0037-4000-8000-000000000000,completed,2026-06-27 12:45:10.672869+00:00,2026-06-27 12:45:14.287570+00:00
00000029-0037-4000-8000-000000000000,completed,2026-06-27 12:45:10.521078+00:00,2026-06-27 12:45:14.102429+00:00
00000033-0037-4000-8000-000000000000,completed,2026-06-27 12:45:10.619402+00:00,2026-06-27 12:45:14.258690+00:00
00000046-0037-4000-8000-000000000000,completed,2026-06-27 12:45:11.070559+00:00,2026-06-27 12:45:14.780436+00:00
00000028-0038-4000-8000-000000000000,completed,2026-06-27 12:45:12.020895+00:00,2026-06-27 12:45:16.022740+00:00
00000010-0038-4000-8000-000000000000,completed,2026-06-27 12:45:11.222103+00:00,2026-06-27 12:45:14.962543+00:00
00000029-0038-4000-8000-000000000000,completed,2026-06-27 12:45:11.774271+00:00,2026-06-27 12:45:15.718367+00:00
00000022-0038-4000-8000-000000000000,completed,2026-06-27 12:45:11.526199+00:00,2026-06-27 12:45:15.300091+00:00
00000020-0038-4000-8000-000000000000,completed,2026-06-27 12:45:11.573014+00:00,2026-06-27 12:45:15.396969+00:00
00000002-0038-4000-8000-000000000000,completed,2026-06-27 12:45:11.722751+00:00,2026-06-27 12:45:15.604126+00:00
00000036-0038-4000-8000-000000000000,completed,2026-06-27 12:45:11.970527+00:00,2026-06-27 12:45:15.949057+00:00
00000044-0038-4000-8000-000000000000,completed,2026-06-27 12:45:12.221067+00:00,2026-06-27 12:45:16.240871+00:00
00000006-0039-4000-8000-000000000000,completed,2026-06-27 12:45:12.621552+00:00,2026-06-27 12:45:16.754794+00:00
00000009-0039-4000-8000-000000000000,completed,2026-06-27 12:45:12.419992+00:00,2026-06-27 12:45:16.509318+00:00
00000001-0039-4000-8000-000000000000,completed,2026-06-27 12:45:12.521765+00:00,2026-06-27 12:45:16.630386+00:00
00000028-0033-4000-8000-000000000000,completed,2026-06-27 12:45:05.771130+00:00,2026-06-27 12:45:08.249335+00:00
00000018-0036-4000-8000-000000000000,completed,2026-06-27 12:45:08.996179+00:00,2026-06-27 12:45:12.236966+00:00
00000023-0037-4000-8000-000000000000,completed,2026-06-27 12:45:10.346660+00:00,2026-06-27 12:45:13.923073+00:00
00000011-0040-4000-8000-000000000000,completed,2026-06-27 12:45:13.745353+00:00,2026-06-27 12:45:18.202310+00:00
00000034-0042-4000-8000-000000000000,completed,2026-06-27 12:45:16.844947+00:00,2026-06-27 12:45:21.899526+00:00
00000038-0086-4000-8000-000000000000,completed,2026-06-27 12:46:12.983907+00:00,2026-06-27 12:46:28.336456+00:00
00000005-0092-4000-8000-000000000000,completed,2026-06-27 12:46:25.647302+00:00,2026-06-27 12:46:36.676807+00:00
00000024-0092-4000-8000-000000000000,completed,2026-06-27 12:46:26.110219+00:00,2026-06-27 12:46:36.858391+00:00
00000037-0034-4000-8000-000000000000,completed,2026-06-27 12:45:06.905000+00:00,2026-06-27 12:45:09.637491+00:00
00000018-0039-4000-8000-000000000000,completed,2026-06-27 12:45:12.745540+00:00,2026-06-27 12:45:16.926232+00:00
00000033-0041-4000-8000-000000000000,completed,2026-06-27 12:45:15.620998+00:00,2026-06-27 12:45:20.394321+00:00
00000007-0093-4000-8000-000000000000,completed,2026-06-27 12:46:29.351387+00:00,2026-06-27 12:46:37.860877+00:00
00000022-0093-4000-8000-000000000000,completed,2026-06-27 12:46:31.018869+00:00,2026-06-27 12:46:38.197644+00:00
00000020-0093-4000-8000-000000000000,completed,2026-06-27 12:46:31.360376+00:00,2026-06-27 12:46:38.223712+00:00
00000024-0093-4000-8000-000000000000,completed,2026-06-27 12:46:31.723078+00:00,2026-06-27 12:46:38.263769+00:00
00000030-0093-4000-8000-000000000000,completed,2026-06-27 12:46:33.864295+00:00,2026-06-27 12:46:38.507192+00:00
00000050-0034-4000-8000-000000000000,completed,2026-06-27 12:45:07.270854+00:00,2026-06-27 12:45:10.167178+00:00
00000045-0035-4000-8000-000000000000,completed,2026-06-27 12:45:08.444725+00:00,2026-06-27 12:45:11.554466+00:00
00000020-0037-4000-8000-000000000000,completed,2026-06-27 12:45:10.324169+00:00,2026-06-27 12:45:13.825298+00:00
00000046-0043-4000-8000-000000000000,completed,2026-06-27 12:45:18.571593+00:00,2026-06-27 12:45:23.924148+00:00
00000050-0044-4000-8000-000000000000,completed,2026-06-27 12:45:19.770713+00:00,2026-06-27 12:45:25.321289+00:00
00000016-0093-4000-8000-000000000000,completed,2026-06-27 12:46:30.546645+00:00,2026-06-27 12:46:38.062401+00:00
00000014-0093-4000-8000-000000000000,completed,2026-06-27 12:46:31.921925+00:00,2026-06-27 12:46:38.360394+00:00
00000019-0088-4000-8000-000000000000,completed,2026-06-27 12:46:15.961721+00:00,2026-06-27 12:46:30.866333+00:00
00000049-0038-4000-8000-000000000000,completed,2026-06-27 12:45:12.245422+00:00,2026-06-27 12:45:16.290013+00:00
00000030-0038-4000-8000-000000000000,completed,2026-06-27 12:45:11.794937+00:00,2026-06-27 12:45:15.732821+00:00
00000040-0038-4000-8000-000000000000,completed,2026-06-27 12:45:12.045164+00:00,2026-06-27 12:45:16.018248+00:00
00000011-0039-4000-8000-000000000000,completed,2026-06-27 12:45:12.498015+00:00,2026-06-27 12:45:16.655884+00:00
00000045-0038-4000-8000-000000000000,completed,2026-06-27 12:45:12.195102+00:00,2026-06-27 12:45:16.223255+00:00
00000027-0039-4000-8000-000000000000,completed,2026-06-27 12:45:12.995898+00:00,2026-06-27 12:45:17.263171+00:00
00000007-0039-4000-8000-000000000000,completed,2026-06-27 12:45:12.445473+00:00,2026-06-27 12:45:16.580189+00:00
00000030-0039-4000-8000-000000000000,completed,2026-06-27 12:45:13.045035+00:00,2026-06-27 12:45:17.310560+00:00
00000049-0039-4000-8000-000000000000,completed,2026-06-27 12:45:13.496195+00:00,2026-06-27 12:45:17.856990+00:00
00000035-0039-4000-8000-000000000000,completed,2026-06-27 12:45:13.196049+00:00,2026-06-27 12:45:17.486313+00:00
00000025-0039-4000-8000-000000000000,completed,2026-06-27 12:45:12.946448+00:00,2026-06-27 12:45:17.187886+00:00
00000034-0039-4000-8000-000000000000,completed,2026-06-27 12:45:13.096436+00:00,2026-06-27 12:45:17.374091+00:00
00000017-0040-4000-8000-000000000000,completed,2026-06-27 12:45:14.045293+00:00,2026-06-27 12:45:18.566460+00:00
00000045-0039-4000-8000-000000000000,completed,2026-06-27 12:45:13.444748+00:00,2026-06-27 12:45:17.794998+00:00
00000040-0040-4000-8000-000000000000,completed,2026-06-27 12:45:14.544278+00:00,2026-06-27 12:45:19.121074+00:00
00000004-0040-4000-8000-000000000000,completed,2026-06-27 12:45:13.645648+00:00,2026-06-27 12:45:18.040655+00:00
00000013-0040-4000-8000-000000000000,completed,2026-06-27 12:45:13.895074+00:00,2026-06-27 12:45:18.383107+00:00
00000004-0041-4000-8000-000000000000,completed,2026-06-27 12:45:14.897913+00:00,2026-06-27 12:45:19.492628+00:00
00000035-0040-4000-8000-000000000000,completed,2026-06-27 12:45:14.444967+00:00,2026-06-27 12:45:18.974097+00:00
00000048-0040-4000-8000-000000000000,completed,2026-06-27 12:45:14.844985+00:00,2026-06-27 12:45:19.522564+00:00
00000043-0040-4000-8000-000000000000,completed,2026-06-27 12:45:14.797692+00:00,2026-06-27 12:45:19.432252+00:00
00000025-0041-4000-8000-000000000000,completed,2026-06-27 12:45:15.446824+00:00,2026-06-27 12:45:20.183294+00:00
00000040-0041-4000-8000-000000000000,completed,2026-06-27 12:45:15.806056+00:00,2026-06-27 12:45:20.633520+00:00
00000035-0041-4000-8000-000000000000,completed,2026-06-27 12:45:15.699283+00:00,2026-06-27 12:45:20.494248+00:00
00000034-0041-4000-8000-000000000000,completed,2026-06-27 12:45:15.596212+00:00,2026-06-27 12:45:20.370162+00:00
00000039-0041-4000-8000-000000000000,completed,2026-06-27 12:45:15.848472+00:00,2026-06-27 12:45:20.707430+00:00
00000037-0041-4000-8000-000000000000,completed,2026-06-27 12:45:15.649179+00:00,2026-06-27 12:45:20.467364+00:00
00000031-0041-4000-8000-000000000000,completed,2026-06-27 12:45:15.747287+00:00,2026-06-27 12:45:20.549925+00:00
00000043-0041-4000-8000-000000000000,completed,2026-06-27 12:45:16.045829+00:00,2026-06-27 12:45:20.914927+00:00
00000004-0042-4000-8000-000000000000,completed,2026-06-27 12:45:16.145341+00:00,2026-06-27 12:45:21.072772+00:00
00000008-0089-4000-8000-000000000000,completed,2026-06-27 12:46:17.388545+00:00,2026-06-27 12:46:32.026535+00:00
00000002-0039-4000-8000-000000000000,completed,2026-06-27 12:45:12.970872+00:00,2026-06-27 12:45:17.170790+00:00
00000029-0039-4000-8000-000000000000,completed,2026-06-27 12:45:13.021380+00:00,2026-06-27 12:45:17.271270+00:00
00000020-0039-4000-8000-000000000000,completed,2026-06-27 12:45:12.821213+00:00,2026-06-27 12:45:16.991145+00:00
00000036-0039-4000-8000-000000000000,completed,2026-06-27 12:45:13.221191+00:00,2026-06-27 12:45:17.511075+00:00
00000024-0039-4000-8000-000000000000,completed,2026-06-27 12:45:12.871322+00:00,2026-06-27 12:45:17.080006+00:00
00000019-0039-4000-8000-000000000000,completed,2026-06-27 12:45:12.920998+00:00,2026-06-27 12:45:17.145361+00:00
00000003-0040-4000-8000-000000000000,completed,2026-06-27 12:45:13.620799+00:00,2026-06-27 12:45:18.036164+00:00
00000032-0039-4000-8000-000000000000,completed,2026-06-27 12:45:13.169709+00:00,2026-06-27 12:45:17.474627+00:00
00000047-0040-4000-8000-000000000000,completed,2026-06-27 12:45:14.674055+00:00,2026-06-27 12:45:19.306793+00:00
00000046-0039-4000-8000-000000000000,completed,2026-06-27 12:45:13.571324+00:00,2026-06-27 12:45:17.876796+00:00
00000014-0042-4000-8000-000000000000,completed,2026-06-27 12:45:16.420759+00:00,2026-06-27 12:45:21.378729+00:00
00000042-0040-4000-8000-000000000000,completed,2026-06-27 12:45:14.621018+00:00,2026-06-27 12:45:19.177534+00:00
00000008-0041-4000-8000-000000000000,completed,2026-06-27 12:45:15.071471+00:00,2026-06-27 12:45:19.707663+00:00
00000020-0041-4000-8000-000000000000,completed,2026-06-27 12:45:15.321599+00:00,2026-06-27 12:45:20.031075+00:00
00000002-0041-4000-8000-000000000000,completed,2026-06-27 12:45:15.470747+00:00,2026-06-27 12:45:20.202848+00:00
00000047-0041-4000-8000-000000000000,completed,2026-06-27 12:45:15.920539+00:00,2026-06-27 12:45:20.741062+00:00
00000010-0042-4000-8000-000000000000,completed,2026-06-27 12:45:16.220834+00:00,2026-06-27 12:45:21.111855+00:00
00000042-0042-4000-8000-000000000000,completed,2026-06-27 12:45:17.120242+00:00,2026-06-27 12:45:22.210239+00:00
00000006-0042-4000-8000-000000000000,completed,2026-06-27 12:45:16.371264+00:00,2026-06-27 12:45:21.281607+00:00
00000002-0042-4000-8000-000000000000,completed,2026-06-27 12:45:16.720507+00:00,2026-06-27 12:45:21.735974+00:00
00000020-0042-4000-8000-000000000000,completed,2026-06-27 12:45:16.570303+00:00,2026-06-27 12:45:21.566030+00:00
00000019-0042-4000-8000-000000000000,completed,2026-06-27 12:45:16.670786+00:00,2026-06-27 12:45:21.711638+00:00
00000033-0042-4000-8000-000000000000,completed,2026-06-27 12:45:16.871620+00:00,2026-06-27 12:45:21.901226+00:00
00000047-0042-4000-8000-000000000000,completed,2026-06-27 12:45:17.171163+00:00,2026-06-27 12:45:22.255043+00:00
00000036-0043-4000-8000-000000000000,completed,2026-06-27 12:45:18.220607+00:00,2026-06-27 12:45:23.467802+00:00
00000010-0043-4000-8000-000000000000,completed,2026-06-27 12:45:17.470587+00:00,2026-06-27 12:45:22.594558+00:00
00000006-0043-4000-8000-000000000000,completed,2026-06-27 12:45:17.620337+00:00,2026-06-27 12:45:22.776040+00:00
00000033-0043-4000-8000-000000000000,completed,2026-06-27 12:45:18.120523+00:00,2026-06-27 12:45:23.354118+00:00
00000047-0043-4000-8000-000000000000,completed,2026-06-27 12:45:18.421703+00:00,2026-06-27 12:45:23.715155+00:00
00000044-0043-4000-8000-000000000000,completed,2026-06-27 12:45:18.470862+00:00,2026-06-27 12:45:23.766496+00:00
00000024-0038-4000-8000-000000000000,completed,2026-06-27 12:45:11.622425+00:00,2026-06-27 12:45:15.470851+00:00
00000027-0038-4000-8000-000000000000,completed,2026-06-27 12:45:11.745343+00:00,2026-06-27 12:45:15.645405+00:00
00000047-0038-4000-8000-000000000000,completed,2026-06-27 12:45:12.172264+00:00,2026-06-27 12:45:16.236087+00:00
00000030-0041-4000-8000-000000000000,completed,2026-06-27 12:45:15.547122+00:00,2026-06-27 12:45:20.326137+00:00
00000030-0043-4000-8000-000000000000,completed,2026-06-27 12:45:18.047353+00:00,2026-06-27 12:45:23.259588+00:00
00000023-0092-4000-8000-000000000000,completed,2026-06-27 12:46:26.030571+00:00,2026-06-27 12:46:36.819406+00:00
00000025-0092-4000-8000-000000000000,completed,2026-06-27 12:46:26.430727+00:00,2026-06-27 12:46:36.979237+00:00
00000015-0042-4000-8000-000000000000,completed,2026-06-27 12:45:16.345864+00:00,2026-06-27 12:45:21.249696+00:00
00000017-0043-4000-8000-000000000000,completed,2026-06-27 12:45:17.799305+00:00,2026-06-27 12:45:22.990306+00:00
00000012-0042-4000-8000-000000000000,completed,2026-06-27 12:45:16.295426+00:00,2026-06-27 12:45:21.242864+00:00
00000039-0042-4000-8000-000000000000,completed,2026-06-27 12:45:17.095874+00:00,2026-06-27 12:45:22.136451+00:00
00000018-0042-4000-8000-000000000000,completed,2026-06-27 12:45:16.497428+00:00,2026-06-27 12:45:21.400652+00:00
00000017-0042-4000-8000-000000000000,completed,2026-06-27 12:45:16.547653+00:00,2026-06-27 12:45:21.591191+00:00
00000026-0042-4000-8000-000000000000,completed,2026-06-27 12:45:16.648319+00:00,2026-06-27 12:45:21.606626+00:00
00000027-0042-4000-8000-000000000000,completed,2026-06-27 12:45:16.747150+00:00,2026-06-27 12:45:21.768023+00:00
00000035-0042-4000-8000-000000000000,completed,2026-06-27 12:45:16.945950+00:00,2026-06-27 12:45:21.973063+00:00
00000040-0042-4000-8000-000000000000,completed,2026-06-27 12:45:17.046095+00:00,2026-06-27 12:45:22.111128+00:00
00000049-0042-4000-8000-000000000000,completed,2026-06-27 12:45:17.246201+00:00,2026-06-27 12:45:22.310599+00:00
00000012-0043-4000-8000-000000000000,completed,2026-06-27 12:45:17.544853+00:00,2026-06-27 12:45:22.649971+00:00
00000026-0043-4000-8000-000000000000,completed,2026-06-27 12:45:17.894593+00:00,2026-06-27 12:45:23.114576+00:00
00000045-0043-4000-8000-000000000000,completed,2026-06-27 12:45:18.445797+00:00,2026-06-27 12:45:23.746583+00:00
00000018-0043-4000-8000-000000000000,completed,2026-06-27 12:45:17.745586+00:00,2026-06-27 12:45:22.952460+00:00
00000015-0045-4000-8000-000000000000,completed,2026-06-27 12:45:20.096314+00:00,2026-06-27 12:45:25.750351+00:00
00000041-0043-4000-8000-000000000000,completed,2026-06-27 12:45:18.397205+00:00,2026-06-27 12:45:23.697432+00:00
00000048-0043-4000-8000-000000000000,completed,2026-06-27 12:45:18.596378+00:00,2026-06-27 12:45:23.912106+00:00
00000017-0044-4000-8000-000000000000,completed,2026-06-27 12:45:19.048403+00:00,2026-06-27 12:45:24.495660+00:00
00000034-0044-4000-8000-000000000000,completed,2026-06-27 12:45:19.346441+00:00,2026-06-27 12:45:24.863457+00:00
00000041-0044-4000-8000-000000000000,completed,2026-06-27 12:45:19.647699+00:00,2026-06-27 12:45:25.234475+00:00
00000043-0045-4000-8000-000000000000,completed,2026-06-27 12:45:21.048603+00:00,2026-06-27 12:45:26.903365+00:00
00000048-0044-4000-8000-000000000000,completed,2026-06-27 12:45:19.844825+00:00,2026-06-27 12:45:25.430260+00:00
00000004-0045-4000-8000-000000000000,completed,2026-06-27 12:45:19.895035+00:00,2026-06-27 12:45:25.506713+00:00
00000037-0045-4000-8000-000000000000,completed,2026-06-27 12:45:20.645318+00:00,2026-06-27 12:45:26.414224+00:00
00000012-0046-4000-8000-000000000000,completed,2026-06-27 12:45:21.296117+00:00,2026-06-27 12:45:27.155165+00:00
00000049-0045-4000-8000-000000000000,completed,2026-06-27 12:45:20.997030+00:00,2026-06-27 12:45:26.728303+00:00
00000011-0046-4000-8000-000000000000,completed,2026-06-27 12:45:21.245989+00:00,2026-06-27 12:45:27.105227+00:00
00000015-0046-4000-8000-000000000000,completed,2026-06-27 12:45:21.347201+00:00,2026-06-27 12:45:27.205517+00:00
00000016-0046-4000-8000-000000000000,completed,2026-06-27 12:45:21.447382+00:00,2026-06-27 12:45:27.317855+00:00
00000014-0092-4000-8000-000000000000,completed,2026-06-27 12:46:26.188293+00:00,2026-06-27 12:46:36.882830+00:00
00000010-0044-4000-8000-000000000000,completed,2026-06-27 12:45:18.721028+00:00,2026-06-27 12:45:24.077654+00:00
00000028-0044-4000-8000-000000000000,completed,2026-06-27 12:45:19.520719+00:00,2026-06-27 12:45:25.055622+00:00
00000009-0044-4000-8000-000000000000,completed,2026-06-27 12:45:18.670704+00:00,2026-06-27 12:45:24.043331+00:00
00000002-0044-4000-8000-000000000000,completed,2026-06-27 12:45:19.221688+00:00,2026-06-27 12:45:24.674820+00:00
00000038-0044-4000-8000-000000000000,completed,2026-06-27 12:45:19.570760+00:00,2026-06-27 12:45:25.129941+00:00
00000006-0047-4000-8000-000000000000,completed,2026-06-27 12:45:22.622013+00:00,2026-06-27 12:45:28.653983+00:00
00000036-0044-4000-8000-000000000000,completed,2026-06-27 12:45:19.471042+00:00,2026-06-27 12:45:24.976212+00:00
00000008-0045-4000-8000-000000000000,completed,2026-06-27 12:45:20.070127+00:00,2026-06-27 12:45:25.704196+00:00
00000005-0045-4000-8000-000000000000,completed,2026-06-27 12:45:20.221388+00:00,2026-06-27 12:45:25.891158+00:00
00000033-0045-4000-8000-000000000000,completed,2026-06-27 12:45:20.620994+00:00,2026-06-27 12:45:26.399341+00:00
00000038-0045-4000-8000-000000000000,completed,2026-06-27 12:45:20.820353+00:00,2026-06-27 12:45:26.585998+00:00
00000010-0046-4000-8000-000000000000,completed,2026-06-27 12:45:21.220577+00:00,2026-06-27 12:45:27.060185+00:00
00000044-0045-4000-8000-000000000000,completed,2026-06-27 12:45:20.971007+00:00,2026-06-27 12:45:26.766201+00:00
00000003-0046-4000-8000-000000000000,completed,2026-06-27 12:45:21.121092+00:00,2026-06-27 12:45:26.939177+00:00
00000006-0046-4000-8000-000000000000,completed,2026-06-27 12:45:21.372991+00:00,2026-06-27 12:45:27.224839+00:00
00000021-0046-4000-8000-000000000000,completed,2026-06-27 12:45:21.821483+00:00,2026-06-27 12:45:27.773990+00:00
00000001-0047-4000-8000-000000000000,completed,2026-06-27 12:45:22.523139+00:00,2026-06-27 12:45:28.628239+00:00
00000033-0047-4000-8000-000000000000,completed,2026-06-27 12:45:23.120652+00:00,2026-06-27 12:45:29.266163+00:00
00000008-0047-4000-8000-000000000000,completed,2026-06-27 12:45:22.570822+00:00,2026-06-27 12:45:28.597350+00:00
00000022-0047-4000-8000-000000000000,completed,2026-06-27 12:45:22.770011+00:00,2026-06-27 12:45:28.810313+00:00
00000022-0048-4000-8000-000000000000,completed,2026-06-27 12:45:24.021223+00:00,2026-06-27 12:45:30.359144+00:00
00000029-0047-4000-8000-000000000000,completed,2026-06-27 12:45:23.020281+00:00,2026-06-27 12:45:29.159847+00:00
00000014-0048-4000-8000-000000000000,completed,2026-06-27 12:45:23.924431+00:00,2026-06-27 12:45:30.228542+00:00
00000050-0047-4000-8000-000000000000,completed,2026-06-27 12:45:23.521061+00:00,2026-06-27 12:45:29.768427+00:00
00000002-0048-4000-8000-000000000000,completed,2026-06-27 12:45:24.220496+00:00,2026-06-27 12:45:30.593862+00:00
00000008-0048-4000-8000-000000000000,completed,2026-06-27 12:45:23.824509+00:00,2026-06-27 12:45:30.111211+00:00
00000006-0048-4000-8000-000000000000,completed,2026-06-27 12:45:23.871365+00:00,2026-06-27 12:45:30.185008+00:00
00000005-0048-4000-8000-000000000000,completed,2026-06-27 12:45:23.979483+00:00,2026-06-27 12:45:30.279412+00:00
00000024-0048-4000-8000-000000000000,completed,2026-06-27 12:45:24.120391+00:00,2026-06-27 12:45:30.422910+00:00
00000029-0048-4000-8000-000000000000,completed,2026-06-27 12:45:24.271291+00:00,2026-06-27 12:45:30.587051+00:00
00000011-0042-4000-8000-000000000000,completed,2026-06-27 12:45:16.246384+00:00,2026-06-27 12:45:21.179529+00:00
00000038-0042-4000-8000-000000000000,completed,2026-06-27 12:45:17.072985+00:00,2026-06-27 12:45:22.135130+00:00
00000030-0092-4000-8000-000000000000,completed,2026-06-27 12:46:26.765084+00:00,2026-06-27 12:46:37.035494+00:00
00000039-0047-4000-8000-000000000000,completed,2026-06-27 12:45:23.345970+00:00,2026-06-27 12:45:29.504973+00:00
00000030-0047-4000-8000-000000000000,completed,2026-06-27 12:45:23.045333+00:00,2026-06-27 12:45:29.182638+00:00
00000040-0046-4000-8000-000000000000,completed,2026-06-27 12:45:22.044864+00:00,2026-06-27 12:45:27.988940+00:00
00000039-0046-4000-8000-000000000000,completed,2026-06-27 12:45:22.097756+00:00,2026-06-27 12:45:28.068598+00:00
00000007-0047-4000-8000-000000000000,completed,2026-06-27 12:45:22.446561+00:00,2026-06-27 12:45:28.446281+00:00
00000049-0046-4000-8000-000000000000,completed,2026-06-27 12:45:22.246169+00:00,2026-06-27 12:45:28.283756+00:00
00000041-0047-4000-8000-000000000000,completed,2026-06-27 12:45:23.395425+00:00,2026-06-27 12:45:29.617385+00:00
00000011-0047-4000-8000-000000000000,completed,2026-06-27 12:45:22.495757+00:00,2026-06-27 12:45:28.503954+00:00
00000015-0047-4000-8000-000000000000,completed,2026-06-27 12:45:22.596335+00:00,2026-06-27 12:45:28.635039+00:00
00000035-0047-4000-8000-000000000000,completed,2026-06-27 12:45:23.195629+00:00,2026-06-27 12:45:29.334975+00:00
00000031-0048-4000-8000-000000000000,completed,2026-06-27 12:45:24.496710+00:00,2026-06-27 12:45:30.949547+00:00
00000004-0048-4000-8000-000000000000,completed,2026-06-27 12:45:23.648444+00:00,2026-06-27 12:45:29.873976+00:00
00000007-0048-4000-8000-000000000000,completed,2026-06-27 12:45:23.696199+00:00,2026-06-27 12:45:29.993284+00:00
00000026-0048-4000-8000-000000000000,completed,2026-06-27 12:45:24.147185+00:00,2026-06-27 12:45:30.461847+00:00
00000048-0047-4000-8000-000000000000,completed,2026-06-27 12:45:23.596412+00:00,2026-06-27 12:45:29.805565+00:00
00000011-0049-4000-8000-000000000000,completed,2026-06-27 12:45:24.996270+00:00,2026-06-27 12:45:31.520524+00:00
00000016-0048-4000-8000-000000000000,completed,2026-06-27 12:45:23.946051+00:00,2026-06-27 12:45:30.257214+00:00
00000041-0048-4000-8000-000000000000,completed,2026-06-27 12:45:24.646497+00:00,2026-06-27 12:45:31.102783+00:00
00000037-0048-4000-8000-000000000000,completed,2026-06-27 12:45:24.395664+00:00,2026-06-27 12:45:30.783436+00:00
00000035-0048-4000-8000-000000000000,completed,2026-06-27 12:45:24.461321+00:00,2026-06-27 12:45:30.845163+00:00
00000040-0048-4000-8000-000000000000,completed,2026-06-27 12:45:24.545970+00:00,2026-06-27 12:45:30.934308+00:00
00000007-0049-4000-8000-000000000000,completed,2026-06-27 12:45:24.945301+00:00,2026-06-27 12:45:31.408803+00:00
00000049-0048-4000-8000-000000000000,completed,2026-06-27 12:45:24.745327+00:00,2026-06-27 12:45:31.183090+00:00
00000025-0049-4000-8000-000000000000,completed,2026-06-27 12:45:25.445534+00:00,2026-06-27 12:45:32.026205+00:00
00000015-0049-4000-8000-000000000000,completed,2026-06-27 12:45:25.097476+00:00,2026-06-27 12:45:31.617594+00:00
00000021-0092-4000-8000-000000000000,completed,2026-06-27 12:46:26.849198+00:00,2026-06-27 12:46:37.158453+00:00
00000023-0049-4000-8000-000000000000,completed,2026-06-27 12:45:25.346095+00:00,2026-06-27 12:45:31.866933+00:00
00000034-0092-4000-8000-000000000000,completed,2026-06-27 12:46:26.937310+00:00,2026-06-27 12:46:37.133441+00:00
00000011-0045-4000-8000-000000000000,completed,2026-06-27 12:45:19.995258+00:00,2026-06-27 12:45:25.614792+00:00
00000018-0046-4000-8000-000000000000,completed,2026-06-27 12:45:21.496736+00:00,2026-06-27 12:45:27.390555+00:00
00000024-0046-4000-8000-000000000000,completed,2026-06-27 12:45:21.619918+00:00,2026-06-27 12:45:27.522606+00:00
00000021-0049-4000-8000-000000000000,completed,2026-06-27 12:45:25.569835+00:00,2026-06-27 12:45:32.171278+00:00
00000028-0049-4000-8000-000000000000,completed,2026-06-27 12:45:25.770814+00:00,2026-06-27 12:45:32.469508+00:00
00000022-0049-4000-8000-000000000000,completed,2026-06-27 12:45:25.271863+00:00,2026-06-27 12:45:31.870179+00:00
00000024-0049-4000-8000-000000000000,completed,2026-06-27 12:45:25.372181+00:00,2026-06-27 12:45:31.972602+00:00
00000031-0049-4000-8000-000000000000,completed,2026-06-27 12:45:25.746223+00:00,2026-06-27 12:45:32.416888+00:00
00000017-0050-4000-8000-000000000000,completed,2026-06-27 12:45:26.551243+00:00,2026-06-27 12:45:33.339008+00:00
00000033-0049-4000-8000-000000000000,completed,2026-06-27 12:45:25.619851+00:00,2026-06-27 12:45:32.283453+00:00
00000044-0049-4000-8000-000000000000,completed,2026-06-27 12:45:25.974436+00:00,2026-06-27 12:45:32.657429+00:00
00000013-0050-4000-8000-000000000000,completed,2026-06-27 12:45:26.395160+00:00,2026-06-27 12:45:33.157819+00:00
00000020-0050-4000-8000-000000000000,completed,2026-06-27 12:45:26.570602+00:00,2026-06-27 12:45:33.371149+00:00
00000048-0049-4000-8000-000000000000,completed,2026-06-27 12:45:26.096281+00:00,2026-06-27 12:45:32.830598+00:00
00000011-0050-4000-8000-000000000000,completed,2026-06-27 12:45:26.246991+00:00,2026-06-27 12:45:33.014833+00:00
00000004-0050-4000-8000-000000000000,completed,2026-06-27 12:45:26.148521+00:00,2026-06-27 12:45:32.892749+00:00
00000001-0050-4000-8000-000000000000,completed,2026-06-27 12:45:26.269857+00:00,2026-06-27 12:45:32.995052+00:00
00000015-0050-4000-8000-000000000000,completed,2026-06-27 12:45:26.346807+00:00,2026-06-27 12:45:33.135282+00:00
00000049-0050-4000-8000-000000000000,completed,2026-06-27 12:45:27.245717+00:00,2026-06-27 12:45:34.219132+00:00
00000002-0050-4000-8000-000000000000,completed,2026-06-27 12:45:26.721158+00:00,2026-06-27 12:45:33.570317+00:00
00000005-0050-4000-8000-000000000000,completed,2026-06-27 12:45:26.471043+00:00,2026-06-27 12:45:33.299700+00:00
00000023-0050-4000-8000-000000000000,completed,2026-06-27 12:45:26.597279+00:00,2026-06-27 12:45:33.446824+00:00
00000001-0051-4000-8000-000000000000,completed,2026-06-27 12:45:27.522918+00:00,2026-06-27 12:45:34.495184+00:00
00000035-0050-4000-8000-000000000000,completed,2026-06-27 12:45:26.946269+00:00,2026-06-27 12:45:33.847493+00:00
00000045-0050-4000-8000-000000000000,completed,2026-06-27 12:45:27.198154+00:00,2026-06-27 12:45:34.150006+00:00
00000050-0050-4000-8000-000000000000,completed,2026-06-27 12:45:27.270046+00:00,2026-06-27 12:45:34.210961+00:00
00000040-0050-4000-8000-000000000000,completed,2026-06-27 12:45:27.045944+00:00,2026-06-27 12:45:34.000006+00:00
00000042-0050-4000-8000-000000000000,completed,2026-06-27 12:45:27.125544+00:00,2026-06-27 12:45:34.054351+00:00
00000047-0050-4000-8000-000000000000,completed,2026-06-27 12:45:27.170909+00:00,2026-06-27 12:45:34.061416+00:00
00000007-0051-4000-8000-000000000000,completed,2026-06-27 12:45:27.446765+00:00,2026-06-27 12:45:34.429228+00:00
00000043-0052-4000-8000-000000000000,completed,2026-06-27 12:45:29.797635+00:00,2026-06-27 12:45:37.256574+00:00
00000023-0051-4000-8000-000000000000,completed,2026-06-27 12:45:27.845647+00:00,2026-06-27 12:45:34.885955+00:00
00000016-0051-4000-8000-000000000000,completed,2026-06-27 12:45:27.695720+00:00,2026-06-27 12:45:34.738107+00:00
00000017-0051-4000-8000-000000000000,completed,2026-06-27 12:45:27.795825+00:00,2026-06-27 12:45:34.818587+00:00
00000039-0051-4000-8000-000000000000,completed,2026-06-27 12:45:28.350085+00:00,2026-06-27 12:45:35.524514+00:00
00000030-0051-4000-8000-000000000000,completed,2026-06-27 12:45:28.046955+00:00,2026-06-27 12:45:35.147449+00:00
00000037-0051-4000-8000-000000000000,completed,2026-06-27 12:45:28.146180+00:00,2026-06-27 12:45:35.296918+00:00
00000031-0051-4000-8000-000000000000,completed,2026-06-27 12:45:28.245744+00:00,2026-06-27 12:45:35.351029+00:00
00000048-0051-4000-8000-000000000000,completed,2026-06-27 12:45:28.596553+00:00,2026-06-27 12:45:35.833424+00:00
00000016-0052-4000-8000-000000000000,completed,2026-06-27 12:45:28.946404+00:00,2026-06-27 12:45:36.244736+00:00
00000011-0052-4000-8000-000000000000,completed,2026-06-27 12:45:28.746300+00:00,2026-06-27 12:45:35.998917+00:00
00000015-0052-4000-8000-000000000000,completed,2026-06-27 12:45:28.846479+00:00,2026-06-27 12:45:36.134447+00:00
00000037-0052-4000-8000-000000000000,completed,2026-06-27 12:45:29.398504+00:00,2026-06-27 12:45:36.765136+00:00
00000027-0052-4000-8000-000000000000,completed,2026-06-27 12:45:29.246685+00:00,2026-06-27 12:45:36.582802+00:00
00000030-0052-4000-8000-000000000000,completed,2026-06-27 12:45:29.295759+00:00,2026-06-27 12:45:36.644052+00:00
00000040-0053-4000-8000-000000000000,completed,2026-06-27 12:45:30.796101+00:00,2026-06-27 12:45:38.463563+00:00
00000049-0052-4000-8000-000000000000,completed,2026-06-27 12:45:29.745338+00:00,2026-06-27 12:45:37.178130+00:00
00000007-0053-4000-8000-000000000000,completed,2026-06-27 12:45:29.946007+00:00,2026-06-27 12:45:37.411960+00:00
00000015-0053-4000-8000-000000000000,completed,2026-06-27 12:45:30.096099+00:00,2026-06-27 12:45:37.631660+00:00
00000018-0053-4000-8000-000000000000,completed,2026-06-27 12:45:30.246058+00:00,2026-06-27 12:45:37.808102+00:00
00000016-0054-4000-8000-000000000000,completed,2026-06-27 12:45:31.445907+00:00,2026-06-27 12:45:39.264672+00:00
00000035-0053-4000-8000-000000000000,completed,2026-06-27 12:45:30.706443+00:00,2026-06-27 12:45:38.330847+00:00
00000004-0054-4000-8000-000000000000,completed,2026-06-27 12:45:31.148422+00:00,2026-06-27 12:45:38.895085+00:00
00000030-0054-4000-8000-000000000000,completed,2026-06-27 12:45:31.796310+00:00,2026-06-27 12:45:39.656717+00:00
00000040-0054-4000-8000-000000000000,completed,2026-06-27 12:45:32.046015+00:00,2026-06-27 12:45:39.932322+00:00
00000027-0054-4000-8000-000000000000,completed,2026-06-27 12:45:31.748021+00:00,2026-06-27 12:45:39.603146+00:00
00000004-0055-4000-8000-000000000000,completed,2026-06-27 12:45:32.396535+00:00,2026-06-27 12:45:40.385376+00:00
00000031-0054-4000-8000-000000000000,completed,2026-06-27 12:45:31.998222+00:00,2026-06-27 12:45:39.865092+00:00
00000045-0054-4000-8000-000000000000,completed,2026-06-27 12:45:32.194970+00:00,2026-06-27 12:45:40.090077+00:00
00000048-0054-4000-8000-000000000000,completed,2026-06-27 12:45:32.346565+00:00,2026-06-27 12:45:40.290198+00:00
00000037-0046-4000-8000-000000000000,completed,2026-06-27 12:45:21.896751+00:00,2026-06-27 12:45:27.811940+00:00
00000032-0051-4000-8000-000000000000,completed,2026-06-27 12:45:28.171145+00:00,2026-06-27 12:45:35.308942+00:00
00000024-0051-4000-8000-000000000000,completed,2026-06-27 12:45:27.871006+00:00,2026-06-27 12:45:34.916631+00:00
00000044-0051-4000-8000-000000000000,completed,2026-06-27 12:45:28.470412+00:00,2026-06-27 12:45:35.666433+00:00
00000029-0051-4000-8000-000000000000,completed,2026-06-27 12:45:28.020906+00:00,2026-06-27 12:45:35.094404+00:00
00000021-0051-4000-8000-000000000000,completed,2026-06-27 12:45:28.071694+00:00,2026-06-27 12:45:35.123304+00:00
00000005-0052-4000-8000-000000000000,completed,2026-06-27 12:45:28.970453+00:00,2026-06-27 12:45:36.253594+00:00
00000033-0051-4000-8000-000000000000,completed,2026-06-27 12:45:28.122071+00:00,2026-06-27 12:45:35.262008+00:00
00000047-0051-4000-8000-000000000000,completed,2026-06-27 12:45:28.422851+00:00,2026-06-27 12:45:35.658747+00:00
00000001-0052-4000-8000-000000000000,completed,2026-06-27 12:45:28.771604+00:00,2026-06-27 12:45:36.018950+00:00
00000028-0052-4000-8000-000000000000,completed,2026-06-27 12:45:29.521587+00:00,2026-06-27 12:45:36.936119+00:00
00000014-0052-4000-8000-000000000000,completed,2026-06-27 12:45:28.921484+00:00,2026-06-27 12:45:36.211035+00:00
00000021-0052-4000-8000-000000000000,completed,2026-06-27 12:45:29.320001+00:00,2026-06-27 12:45:36.721254+00:00
00000024-0052-4000-8000-000000000000,completed,2026-06-27 12:45:29.120097+00:00,2026-06-27 12:45:36.454420+00:00
00000002-0052-4000-8000-000000000000,completed,2026-06-27 12:45:29.219701+00:00,2026-06-27 12:45:36.574001+00:00
00000009-0053-4000-8000-000000000000,completed,2026-06-27 12:45:29.920688+00:00,2026-06-27 12:45:37.435621+00:00
00000014-0053-4000-8000-000000000000,completed,2026-06-27 12:45:30.172050+00:00,2026-06-27 12:45:37.726955+00:00
00000003-0053-4000-8000-000000000000,completed,2026-06-27 12:45:29.871695+00:00,2026-06-27 12:45:37.377853+00:00
00000042-0053-4000-8000-000000000000,completed,2026-06-27 12:45:30.869436+00:00,2026-06-27 12:45:38.558768+00:00
00000006-0053-4000-8000-000000000000,completed,2026-06-27 12:45:30.123729+00:00,2026-06-27 12:45:37.649535+00:00
00000044-0054-4000-8000-000000000000,completed,2026-06-27 12:45:32.222058+00:00,2026-06-27 12:45:40.171570+00:00
00000033-0053-4000-8000-000000000000,completed,2026-06-27 12:45:30.621465+00:00,2026-06-27 12:45:38.298678+00:00
00000010-0054-4000-8000-000000000000,completed,2026-06-27 12:45:31.220122+00:00,2026-06-27 12:45:38.948980+00:00
00000032-0053-4000-8000-000000000000,completed,2026-06-27 12:45:30.670962+00:00,2026-06-27 12:45:38.343544+00:00
00000028-0053-4000-8000-000000000000,completed,2026-06-27 12:45:30.772475+00:00,2026-06-27 12:45:38.464542+00:00
00000022-0054-4000-8000-000000000000,completed,2026-06-27 12:45:31.520894+00:00,2026-06-27 12:45:39.298618+00:00
00000029-0054-4000-8000-000000000000,completed,2026-06-27 12:45:31.769908+00:00,2026-06-27 12:45:39.633344+00:00
00000047-0054-4000-8000-000000000000,completed,2026-06-27 12:45:32.177714+00:00,2026-06-27 12:45:40.084208+00:00
00000003-0055-4000-8000-000000000000,completed,2026-06-27 12:45:32.371332+00:00,2026-06-27 12:45:40.342248+00:00
00000010-0055-4000-8000-000000000000,completed,2026-06-27 12:45:32.471114+00:00,2026-06-27 12:45:40.421829+00:00
00000046-0047-4000-8000-000000000000,completed,2026-06-27 12:45:23.572804+00:00,2026-06-27 12:45:29.803723+00:00
00000008-0049-4000-8000-000000000000,completed,2026-06-27 12:45:25.071065+00:00,2026-06-27 12:45:31.550379+00:00
00000002-0049-4000-8000-000000000000,completed,2026-06-27 12:45:25.471642+00:00,2026-06-27 12:45:32.073038+00:00
00000015-0051-4000-8000-000000000000,completed,2026-06-27 12:45:27.596262+00:00,2026-06-27 12:45:34.615499+00:00
00000022-0051-4000-8000-000000000000,completed,2026-06-27 12:45:27.769589+00:00,2026-06-27 12:45:34.780436+00:00
00000013-0054-4000-8000-000000000000,completed,2026-06-27 12:45:31.397336+00:00,2026-06-27 12:45:39.194463+00:00
00000001-0055-4000-8000-000000000000,completed,2026-06-27 12:45:32.521563+00:00,2026-06-27 12:45:40.520052+00:00
00000018-0058-4000-8000-000000000000,completed,2026-06-27 12:45:36.495249+00:00,2026-06-27 12:45:45.168445+00:00
00000043-0059-4000-8000-000000000000,completed,2026-06-27 12:45:38.546455+00:00,2026-06-27 12:45:47.626535+00:00
00000021-0060-4000-8000-000000000000,completed,2026-06-27 12:45:39.322804+00:00,2026-06-27 12:45:48.501933+00:00
00000004-0062-4000-8000-000000000000,completed,2026-06-27 12:45:41.145427+00:00,2026-06-27 12:45:50.774087+00:00
00000006-0062-4000-8000-000000000000,completed,2026-06-27 12:45:41.371148+00:00,2026-06-27 12:45:50.982160+00:00
00000038-0066-4000-8000-000000000000,completed,2026-06-27 12:45:47.071195+00:00,2026-06-27 12:45:58.171418+00:00
00000024-0067-4000-8000-000000000000,completed,2026-06-27 12:45:47.872368+00:00,2026-06-27 12:45:59.086609+00:00
00000006-0069-4000-8000-000000000000,completed,2026-06-27 12:45:50.121321+00:00,2026-06-27 12:46:01.834821+00:00
00000025-0069-4000-8000-000000000000,completed,2026-06-27 12:45:50.449280+00:00,2026-06-27 12:46:02.207126+00:00
00000009-0070-4000-8000-000000000000,completed,2026-06-27 12:45:51.170976+00:00,2026-06-27 12:46:03.078350+00:00
00000028-0070-4000-8000-000000000000,completed,2026-06-27 12:45:51.996898+00:00,2026-06-27 12:46:04.098883+00:00
00000032-0071-4000-8000-000000000000,completed,2026-06-27 12:45:53.170989+00:00,2026-06-27 12:46:05.521627+00:00
00000017-0073-4000-8000-000000000000,completed,2026-06-27 12:45:55.272096+00:00,2026-06-27 12:46:08.015379+00:00
00000031-0074-4000-8000-000000000000,completed,2026-06-27 12:45:56.970960+00:00,2026-06-27 12:46:10.050042+00:00
00000043-0074-4000-8000-000000000000,completed,2026-06-27 12:45:57.297868+00:00,2026-06-27 12:46:10.497541+00:00
00000020-0077-4000-8000-000000000000,completed,2026-06-27 12:46:00.297275+00:00,2026-06-27 12:46:14.107053+00:00
00000042-0077-4000-8000-000000000000,completed,2026-06-27 12:46:00.871330+00:00,2026-06-27 12:46:14.797472+00:00
00000040-0078-4000-8000-000000000000,completed,2026-06-27 12:46:02.046069+00:00,2026-06-27 12:46:16.175041+00:00
00000019-0080-4000-8000-000000000000,completed,2026-06-27 12:46:04.171641+00:00,2026-06-27 12:46:18.866366+00:00
00000016-0082-4000-8000-000000000000,completed,2026-06-27 12:46:06.432860+00:00,2026-06-27 12:46:21.606644+00:00
00000012-0084-4000-8000-000000000000,completed,2026-06-27 12:46:08.988041+00:00,2026-06-27 12:46:24.460261+00:00
00000009-0049-4000-8000-000000000000,completed,2026-06-27 12:45:24.922033+00:00,2026-06-27 12:45:31.422774+00:00
00000010-0050-4000-8000-000000000000,completed,2026-06-27 12:45:26.221372+00:00,2026-06-27 12:45:32.996554+00:00
00000047-0056-4000-8000-000000000000,completed,2026-06-27 12:45:34.671891+00:00,2026-06-27 12:45:43.032464+00:00
00000042-0058-4000-8000-000000000000,completed,2026-06-27 12:45:37.120939+00:00,2026-06-27 12:45:45.899942+00:00
00000012-0063-4000-8000-000000000000,completed,2026-06-27 12:45:42.547119+00:00,2026-06-27 12:45:52.490442+00:00
00000013-0064-4000-8000-000000000000,completed,2026-06-27 12:45:43.896359+00:00,2026-06-27 12:45:54.151650+00:00
00000013-0066-4000-8000-000000000000,completed,2026-06-27 12:45:46.395736+00:00,2026-06-27 12:45:57.293950+00:00
00000047-0066-4000-8000-000000000000,completed,2026-06-27 12:45:47.172911+00:00,2026-06-27 12:45:58.215003+00:00
00000014-0068-4000-8000-000000000000,completed,2026-06-27 12:45:48.922468+00:00,2026-06-27 12:46:00.297893+00:00
00000034-0070-4000-8000-000000000000,completed,2026-06-27 12:45:51.845715+00:00,2026-06-27 12:46:03.883215+00:00
00000028-0073-4000-8000-000000000000,completed,2026-06-27 12:45:55.747049+00:00,2026-06-27 12:46:08.562697+00:00
00000016-0077-4000-8000-000000000000,completed,2026-06-27 12:46:00.172610+00:00,2026-06-27 12:46:14.016157+00:00
00000025-0082-4000-8000-000000000000,completed,2026-06-27 12:46:06.717295+00:00,2026-06-27 12:46:21.953147+00:00
00000007-0084-4000-8000-000000000000,completed,2026-06-27 12:46:08.874566+00:00,2026-06-27 12:46:24.357277+00:00
00000036-0055-4000-8000-000000000000,completed,2026-06-27 12:45:33.221821+00:00,2026-06-27 12:45:41.300209+00:00
00000014-0055-4000-8000-000000000000,completed,2026-06-27 12:45:32.670329+00:00,2026-06-27 12:45:40.684219+00:00
00000019-0055-4000-8000-000000000000,completed,2026-06-27 12:45:32.921637+00:00,2026-06-27 12:45:40.915890+00:00
00000010-0056-4000-8000-000000000000,completed,2026-06-27 12:45:33.720063+00:00,2026-06-27 12:45:41.843584+00:00
00000029-0055-4000-8000-000000000000,completed,2026-06-27 12:45:33.035377+00:00,2026-06-27 12:45:41.066930+00:00
00000021-0055-4000-8000-000000000000,completed,2026-06-27 12:45:33.073437+00:00,2026-06-27 12:45:41.116856+00:00
00000032-0055-4000-8000-000000000000,completed,2026-06-27 12:45:33.172773+00:00,2026-06-27 12:45:41.232398+00:00
00000002-0056-4000-8000-000000000000,completed,2026-06-27 12:45:34.221783+00:00,2026-06-27 12:45:42.526783+00:00
00000008-0056-4000-8000-000000000000,completed,2026-06-27 12:45:33.821385+00:00,2026-06-27 12:45:42.051394+00:00
00000006-0056-4000-8000-000000000000,completed,2026-06-27 12:45:33.871043+00:00,2026-06-27 12:45:42.029103+00:00
00000036-0056-4000-8000-000000000000,completed,2026-06-27 12:45:34.470601+00:00,2026-06-27 12:45:42.754120+00:00
00000024-0056-4000-8000-000000000000,completed,2026-06-27 12:45:34.121244+00:00,2026-06-27 12:45:42.354234+00:00
00000014-0057-4000-8000-000000000000,completed,2026-06-27 12:45:35.171780+00:00,2026-06-27 12:45:43.574784+00:00
00000009-0057-4000-8000-000000000000,completed,2026-06-27 12:45:34.923186+00:00,2026-06-27 12:45:43.303614+00:00
00000032-0056-4000-8000-000000000000,completed,2026-06-27 12:45:34.421437+00:00,2026-06-27 12:45:42.716904+00:00
00000028-0056-4000-8000-000000000000,completed,2026-06-27 12:45:34.524525+00:00,2026-06-27 12:45:42.899846+00:00
00000024-0057-4000-8000-000000000000,completed,2026-06-27 12:45:35.369464+00:00,2026-06-27 12:45:43.855086+00:00
00000006-0057-4000-8000-000000000000,completed,2026-06-27 12:45:35.121574+00:00,2026-06-27 12:45:43.601317+00:00
00000008-0057-4000-8000-000000000000,completed,2026-06-27 12:45:35.072593+00:00,2026-06-27 12:45:43.501391+00:00
00000020-0057-4000-8000-000000000000,completed,2026-06-27 12:45:35.320273+00:00,2026-06-27 12:45:43.777825+00:00
00000029-0057-4000-8000-000000000000,completed,2026-06-27 12:45:35.541643+00:00,2026-06-27 12:45:44.024669+00:00
00000046-0057-4000-8000-000000000000,completed,2026-06-27 12:45:36.071879+00:00,2026-06-27 12:45:44.673760+00:00
00000032-0057-4000-8000-000000000000,completed,2026-06-27 12:45:35.680793+00:00,2026-06-27 12:45:44.191623+00:00
00000010-0058-4000-8000-000000000000,completed,2026-06-27 12:45:36.221744+00:00,2026-06-27 12:45:44.853538+00:00
00000022-0058-4000-8000-000000000000,completed,2026-06-27 12:45:36.522542+00:00,2026-06-27 12:45:45.194186+00:00
00000024-0058-4000-8000-000000000000,completed,2026-06-27 12:45:36.622337+00:00,2026-06-27 12:45:45.335051+00:00
00000002-0058-4000-8000-000000000000,completed,2026-06-27 12:45:36.720080+00:00,2026-06-27 12:45:45.479546+00:00
00000021-0058-4000-8000-000000000000,completed,2026-06-27 12:45:36.820568+00:00,2026-06-27 12:45:45.556826+00:00
00000032-0058-4000-8000-000000000000,completed,2026-06-27 12:45:36.921733+00:00,2026-06-27 12:45:45.699229+00:00
00000028-0058-4000-8000-000000000000,completed,2026-06-27 12:45:37.020832+00:00,2026-06-27 12:45:45.815866+00:00
00000038-0050-4000-8000-000000000000,completed,2026-06-27 12:45:27.070241+00:00,2026-06-27 12:45:33.973582+00:00
00000017-0055-4000-8000-000000000000,completed,2026-06-27 12:45:32.797065+00:00,2026-06-27 12:45:40.820227+00:00
00000025-0055-4000-8000-000000000000,completed,2026-06-27 12:45:32.945754+00:00,2026-06-27 12:45:41.007405+00:00
00000048-0055-4000-8000-000000000000,completed,2026-06-27 12:45:33.597467+00:00,2026-06-27 12:45:41.807401+00:00
00000034-0055-4000-8000-000000000000,completed,2026-06-27 12:45:33.096600+00:00,2026-06-27 12:45:41.180324+00:00
00000018-0055-4000-8000-000000000000,completed,2026-06-27 12:45:32.747164+00:00,2026-06-27 12:45:40.755059+00:00
00000023-0055-4000-8000-000000000000,completed,2026-06-27 12:45:32.847860+00:00,2026-06-27 12:45:40.904523+00:00
00000026-0055-4000-8000-000000000000,completed,2026-06-27 12:45:32.895496+00:00,2026-06-27 12:45:40.930310+00:00
00000027-0055-4000-8000-000000000000,completed,2026-06-27 12:45:33.018103+00:00,2026-06-27 12:45:41.073321+00:00
00000004-0056-4000-8000-000000000000,completed,2026-06-27 12:45:33.646157+00:00,2026-06-27 12:45:41.811635+00:00
00000041-0055-4000-8000-000000000000,completed,2026-06-27 12:45:33.395642+00:00,2026-06-27 12:45:41.502694+00:00
00000049-0055-4000-8000-000000000000,completed,2026-06-27 12:45:33.496478+00:00,2026-06-27 12:45:41.606143+00:00
00000037-0056-4000-8000-000000000000,completed,2026-06-27 12:45:34.393907+00:00,2026-06-27 12:45:42.679967+00:00
00000043-0055-4000-8000-000000000000,completed,2026-06-27 12:45:33.547217+00:00,2026-06-27 12:45:41.676899+00:00
00000013-0056-4000-8000-000000000000,completed,2026-06-27 12:45:33.896595+00:00,2026-06-27 12:45:42.139580+00:00
00000013-0057-4000-8000-000000000000,completed,2026-06-27 12:45:35.148739+00:00,2026-06-27 12:45:43.608111+00:00
00000025-0056-4000-8000-000000000000,completed,2026-06-27 12:45:34.199774+00:00,2026-06-27 12:45:42.488939+00:00
00000027-0056-4000-8000-000000000000,completed,2026-06-27 12:45:34.246661+00:00,2026-06-27 12:45:42.512341+00:00
00000034-0056-4000-8000-000000000000,completed,2026-06-27 12:45:34.345672+00:00,2026-06-27 12:45:42.675107+00:00
00000040-0056-4000-8000-000000000000,completed,2026-06-27 12:45:34.552266+00:00,2026-06-27 12:45:42.861391+00:00
00000015-0058-4000-8000-000000000000,completed,2026-06-27 12:45:36.346378+00:00,2026-06-27 12:45:44.977273+00:00
00000012-0057-4000-8000-000000000000,completed,2026-06-27 12:45:35.050794+00:00,2026-06-27 12:45:43.434052+00:00
00000031-0057-4000-8000-000000000000,completed,2026-06-27 12:45:35.748506+00:00,2026-06-27 12:45:44.346957+00:00
00000027-0057-4000-8000-000000000000,completed,2026-06-27 12:45:35.497174+00:00,2026-06-27 12:45:43.950699+00:00
00000030-0057-4000-8000-000000000000,completed,2026-06-27 12:45:35.593094+00:00,2026-06-27 12:45:44.106396+00:00
00000039-0057-4000-8000-000000000000,completed,2026-06-27 12:45:35.846283+00:00,2026-06-27 12:45:44.426637+00:00
00000035-0057-4000-8000-000000000000,completed,2026-06-27 12:45:35.722693+00:00,2026-06-27 12:45:44.287368+00:00
00000049-0057-4000-8000-000000000000,completed,2026-06-27 12:45:35.998801+00:00,2026-06-27 12:45:44.604334+00:00
00000013-0058-4000-8000-000000000000,completed,2026-06-27 12:45:36.396494+00:00,2026-06-27 12:45:45.062726+00:00
00000012-0058-4000-8000-000000000000,completed,2026-06-27 12:45:36.297104+00:00,2026-06-27 12:45:44.949381+00:00
00000008-0051-4000-8000-000000000000,completed,2026-06-27 12:45:27.571806+00:00,2026-06-27 12:45:34.550483+00:00
00000040-0051-4000-8000-000000000000,completed,2026-06-27 12:45:28.295786+00:00,2026-06-27 12:45:35.475803+00:00
00000036-0052-4000-8000-000000000000,completed,2026-06-27 12:45:29.470694+00:00,2026-06-27 12:45:36.899266+00:00
00000016-0055-4000-8000-000000000000,completed,2026-06-27 12:45:32.695963+00:00,2026-06-27 12:45:40.762098+00:00
00000037-0055-4000-8000-000000000000,completed,2026-06-27 12:45:33.164445+00:00,2026-06-27 12:45:41.275300+00:00
00000031-0056-4000-8000-000000000000,completed,2026-06-27 12:45:34.496904+00:00,2026-06-27 12:45:42.851778+00:00
00000017-0058-4000-8000-000000000000,completed,2026-06-27 12:45:36.547781+00:00,2026-06-27 12:45:45.228732+00:00
00000043-0058-4000-8000-000000000000,completed,2026-06-27 12:45:37.308819+00:00,2026-06-27 12:45:46.145995+00:00
00000032-0059-4000-8000-000000000000,completed,2026-06-27 12:45:38.171366+00:00,2026-06-27 12:45:47.177740+00:00
00000041-0060-4000-8000-000000000000,completed,2026-06-27 12:45:39.647078+00:00,2026-06-27 12:45:48.978821+00:00
00000022-0065-4000-8000-000000000000,completed,2026-06-27 12:45:45.272468+00:00,2026-06-27 12:45:56.032688+00:00
00000010-0070-4000-8000-000000000000,completed,2026-06-27 12:45:51.221525+00:00,2026-06-27 12:46:03.193293+00:00
00000028-0071-4000-8000-000000000000,completed,2026-06-27 12:45:53.245180+00:00,2026-06-27 12:46:05.568003+00:00
00000014-0072-4000-8000-000000000000,completed,2026-06-27 12:45:54.124236+00:00,2026-06-27 12:46:06.623812+00:00
00000045-0072-4000-8000-000000000000,completed,2026-06-27 12:45:54.696287+00:00,2026-06-27 12:46:07.284056+00:00
00000023-0073-4000-8000-000000000000,completed,2026-06-27 12:45:55.321386+00:00,2026-06-27 12:46:08.074865+00:00
00000043-0075-4000-8000-000000000000,completed,2026-06-27 12:45:58.550659+00:00,2026-06-27 12:46:11.981903+00:00
00000009-0076-4000-8000-000000000000,completed,2026-06-27 12:45:58.671698+00:00,2026-06-27 12:46:12.173333+00:00
00000047-0081-4000-8000-000000000000,completed,2026-06-27 12:46:05.922482+00:00,2026-06-27 12:46:21.025965+00:00
00000009-0084-4000-8000-000000000000,completed,2026-06-27 12:46:08.847529+00:00,2026-06-27 12:46:24.357892+00:00
00000036-0051-4000-8000-000000000000,completed,2026-06-27 12:45:28.220993+00:00,2026-06-27 12:45:35.390702+00:00
00000008-0055-4000-8000-000000000000,completed,2026-06-27 12:45:32.573030+00:00,2026-06-27 12:45:40.570401+00:00
00000003-0056-4000-8000-000000000000,completed,2026-06-27 12:45:33.621689+00:00,2026-06-27 12:45:41.802922+00:00
00000037-0057-4000-8000-000000000000,completed,2026-06-27 12:45:35.676395+00:00,2026-06-27 12:45:44.122633+00:00
00000028-0057-4000-8000-000000000000,completed,2026-06-27 12:45:35.771095+00:00,2026-06-27 12:45:44.307328+00:00
00000038-0058-4000-8000-000000000000,completed,2026-06-27 12:45:37.070915+00:00,2026-06-27 12:45:45.879426+00:00
00000001-0062-4000-8000-000000000000,completed,2026-06-27 12:45:41.272319+00:00,2026-06-27 12:45:50.850736+00:00
00000003-0063-4000-8000-000000000000,completed,2026-06-27 12:45:42.371155+00:00,2026-06-27 12:45:52.279226+00:00
00000006-0064-4000-8000-000000000000,completed,2026-06-27 12:45:43.871460+00:00,2026-06-27 12:45:54.142779+00:00
00000007-0065-4000-8000-000000000000,completed,2026-06-27 12:45:44.947501+00:00,2026-06-27 12:45:55.385509+00:00
00000026-0068-4000-8000-000000000000,completed,2026-06-27 12:45:49.148680+00:00,2026-06-27 12:46:00.619850+00:00
00000021-0070-4000-8000-000000000000,completed,2026-06-27 12:45:51.824251+00:00,2026-06-27 12:46:03.913907+00:00
00000048-0074-4000-8000-000000000000,completed,2026-06-27 12:45:57.345852+00:00,2026-06-27 12:46:10.534950+00:00
00000021-0078-4000-8000-000000000000,completed,2026-06-27 12:46:01.821858+00:00,2026-06-27 12:46:15.895629+00:00
00000018-0079-4000-8000-000000000000,completed,2026-06-27 12:46:02.720913+00:00,2026-06-27 12:46:17.153988+00:00
00000026-0058-4000-8000-000000000000,completed,2026-06-27 12:45:36.645909+00:00,2026-06-27 12:45:45.337409+00:00
00000025-0058-4000-8000-000000000000,completed,2026-06-27 12:45:36.697320+00:00,2026-06-27 12:45:45.399958+00:00
00000039-0058-4000-8000-000000000000,completed,2026-06-27 12:45:37.096283+00:00,2026-06-27 12:45:45.903929+00:00
00000023-0058-4000-8000-000000000000,completed,2026-06-27 12:45:36.596902+00:00,2026-06-27 12:45:45.300343+00:00
00000034-0058-4000-8000-000000000000,completed,2026-06-27 12:45:36.846204+00:00,2026-06-27 12:45:45.614672+00:00
00000037-0059-4000-8000-000000000000,completed,2026-06-27 12:45:38.148196+00:00,2026-06-27 12:45:47.177239+00:00
00000031-0058-4000-8000-000000000000,completed,2026-06-27 12:45:36.996894+00:00,2026-06-27 12:45:45.779318+00:00
00000012-0059-4000-8000-000000000000,completed,2026-06-27 12:45:37.549904+00:00,2026-06-27 12:45:46.427100+00:00
00000023-0059-4000-8000-000000000000,completed,2026-06-27 12:45:37.847965+00:00,2026-06-27 12:45:46.751613+00:00
00000016-0061-4000-8000-000000000000,completed,2026-06-27 12:45:40.196423+00:00,2026-06-27 12:45:49.594938+00:00
00000034-0059-4000-8000-000000000000,completed,2026-06-27 12:45:38.097591+00:00,2026-06-27 12:45:47.115064+00:00
00000016-0060-4000-8000-000000000000,completed,2026-06-27 12:45:38.946977+00:00,2026-06-27 12:45:48.073018+00:00
00000049-0059-4000-8000-000000000000,completed,2026-06-27 12:45:38.496617+00:00,2026-06-27 12:45:47.557056+00:00
00000040-0059-4000-8000-000000000000,completed,2026-06-27 12:45:38.297052+00:00,2026-06-27 12:45:47.373927+00:00
00000041-0059-4000-8000-000000000000,completed,2026-06-27 12:45:38.396522+00:00,2026-06-27 12:45:47.445672+00:00
00000045-0059-4000-8000-000000000000,completed,2026-06-27 12:45:38.447123+00:00,2026-06-27 12:45:47.487567+00:00
00000035-0060-4000-8000-000000000000,completed,2026-06-27 12:45:39.446540+00:00,2026-06-27 12:45:48.678928+00:00
00000015-0060-4000-8000-000000000000,completed,2026-06-27 12:45:38.847149+00:00,2026-06-27 12:45:47.984245+00:00
00000013-0060-4000-8000-000000000000,completed,2026-06-27 12:45:38.895360+00:00,2026-06-27 12:45:48.031056+00:00
00000018-0060-4000-8000-000000000000,completed,2026-06-27 12:45:38.995721+00:00,2026-06-27 12:45:48.170438+00:00
00000026-0060-4000-8000-000000000000,completed,2026-06-27 12:45:39.146270+00:00,2026-06-27 12:45:48.333254+00:00
00000025-0060-4000-8000-000000000000,completed,2026-06-27 12:45:39.196646+00:00,2026-06-27 12:45:48.390919+00:00
00000030-0060-4000-8000-000000000000,completed,2026-06-27 12:45:39.296523+00:00,2026-06-27 12:45:48.524805+00:00
00000004-0061-4000-8000-000000000000,completed,2026-06-27 12:45:39.896975+00:00,2026-06-27 12:45:49.205586+00:00
00000045-0061-4000-8000-000000000000,completed,2026-06-27 12:45:40.945655+00:00,2026-06-27 12:45:50.453010+00:00
00000012-0061-4000-8000-000000000000,completed,2026-06-27 12:45:40.049585+00:00,2026-06-27 12:45:49.398032+00:00
00000037-0061-4000-8000-000000000000,completed,2026-06-27 12:45:40.646005+00:00,2026-06-27 12:45:50.091880+00:00
00000027-0061-4000-8000-000000000000,completed,2026-06-27 12:45:40.496804+00:00,2026-06-27 12:45:49.921601+00:00
00000034-0061-4000-8000-000000000000,completed,2026-06-27 12:45:40.596087+00:00,2026-06-27 12:45:50.085210+00:00
00000039-0061-4000-8000-000000000000,completed,2026-06-27 12:45:40.847024+00:00,2026-06-27 12:45:50.423425+00:00
00000040-0052-4000-8000-000000000000,completed,2026-06-27 12:45:29.546521+00:00,2026-06-27 12:45:36.947250+00:00
00000038-0053-4000-8000-000000000000,completed,2026-06-27 12:45:30.821944+00:00,2026-06-27 12:45:38.514784+00:00
00000013-0055-4000-8000-000000000000,completed,2026-06-27 12:45:32.646829+00:00,2026-06-27 12:45:40.635509+00:00
00000033-0061-4000-8000-000000000000,completed,2026-06-27 12:45:40.620388+00:00,2026-06-27 12:45:50.099181+00:00
00000013-0062-4000-8000-000000000000,completed,2026-06-27 12:45:41.396582+00:00,2026-06-27 12:45:50.975961+00:00
00000016-0066-4000-8000-000000000000,completed,2026-06-27 12:45:46.447938+00:00,2026-06-27 12:45:57.305113+00:00
00000017-0067-4000-8000-000000000000,completed,2026-06-27 12:45:47.795673+00:00,2026-06-27 12:45:58.978447+00:00
00000040-0076-4000-8000-000000000000,completed,2026-06-27 12:45:59.546340+00:00,2026-06-27 12:46:13.212656+00:00
00000014-0077-4000-8000-000000000000,completed,2026-06-27 12:46:00.370869+00:00,2026-06-27 12:46:14.209205+00:00
00000028-0078-4000-8000-000000000000,completed,2026-06-27 12:46:01.995658+00:00,2026-06-27 12:46:16.110700+00:00
00000004-0080-4000-8000-000000000000,completed,2026-06-27 12:46:03.648103+00:00,2026-06-27 12:46:18.198871+00:00
00000020-0080-4000-8000-000000000000,completed,2026-06-27 12:46:04.046413+00:00,2026-06-27 12:46:18.724446+00:00
00000038-0081-4000-8000-000000000000,completed,2026-06-27 12:46:05.821476+00:00,2026-06-27 12:46:20.869928+00:00
00000014-0059-4000-8000-000000000000,completed,2026-06-27 12:45:37.670198+00:00,2026-06-27 12:45:46.585972+00:00
00000009-0059-4000-8000-000000000000,completed,2026-06-27 12:45:37.422142+00:00,2026-06-27 12:45:46.250318+00:00
00000024-0059-4000-8000-000000000000,completed,2026-06-27 12:45:37.871310+00:00,2026-06-27 12:45:46.831248+00:00
00000022-0060-4000-8000-000000000000,completed,2026-06-27 12:45:39.019968+00:00,2026-06-27 12:45:48.155070+00:00
00000006-0059-4000-8000-000000000000,completed,2026-06-27 12:45:37.621059+00:00,2026-06-27 12:45:46.545071+00:00
00000005-0059-4000-8000-000000000000,completed,2026-06-27 12:45:37.721239+00:00,2026-06-27 12:45:46.599040+00:00
00000020-0059-4000-8000-000000000000,completed,2026-06-27 12:45:37.824656+00:00,2026-06-27 12:45:46.781260+00:00
00000047-0059-4000-8000-000000000000,completed,2026-06-27 12:45:38.420512+00:00,2026-06-27 12:45:47.479251+00:00
00000001-0060-4000-8000-000000000000,completed,2026-06-27 12:45:38.771225+00:00,2026-06-27 12:45:47.889335+00:00
00000046-0059-4000-8000-000000000000,completed,2026-06-27 12:45:38.571937+00:00,2026-06-27 12:45:47.645915+00:00
00000009-0060-4000-8000-000000000000,completed,2026-06-27 12:45:38.670852+00:00,2026-06-27 12:45:47.764079+00:00
00000020-0060-4000-8000-000000000000,completed,2026-06-27 12:45:39.070508+00:00,2026-06-27 12:45:48.230532+00:00
00000038-0061-4000-8000-000000000000,completed,2026-06-27 12:45:40.821423+00:00,2026-06-27 12:45:50.307435+00:00
00000005-0060-4000-8000-000000000000,completed,2026-06-27 12:45:38.971346+00:00,2026-06-27 12:45:48.142029+00:00
00000032-0060-4000-8000-000000000000,completed,2026-06-27 12:45:39.420910+00:00,2026-06-27 12:45:48.626473+00:00
00000002-0060-4000-8000-000000000000,completed,2026-06-27 12:45:39.221578+00:00,2026-06-27 12:45:48.389462+00:00
00000038-0060-4000-8000-000000000000,completed,2026-06-27 12:45:39.569942+00:00,2026-06-27 12:45:48.800639+00:00
00000044-0060-4000-8000-000000000000,completed,2026-06-27 12:45:39.720456+00:00,2026-06-27 12:45:48.986685+00:00
00000003-0061-4000-8000-000000000000,completed,2026-06-27 12:45:39.877009+00:00,2026-06-27 12:45:49.182062+00:00
00000014-0061-4000-8000-000000000000,completed,2026-06-27 12:45:40.171955+00:00,2026-06-27 12:45:49.533211+00:00
00000020-0061-4000-8000-000000000000,completed,2026-06-27 12:45:40.321565+00:00,2026-06-27 12:45:49.743980+00:00
00000019-0061-4000-8000-000000000000,completed,2026-06-27 12:45:40.420727+00:00,2026-06-27 12:45:49.899173+00:00
00000021-0061-4000-8000-000000000000,completed,2026-06-27 12:45:40.571324+00:00,2026-06-27 12:45:50.078982+00:00
00000028-0061-4000-8000-000000000000,completed,2026-06-27 12:45:40.772435+00:00,2026-06-27 12:45:50.270471+00:00
00000042-0061-4000-8000-000000000000,completed,2026-06-27 12:45:40.871051+00:00,2026-06-27 12:45:50.441244+00:00
00000044-0061-4000-8000-000000000000,completed,2026-06-27 12:45:40.971575+00:00,2026-06-27 12:45:50.464996+00:00
00000046-0061-4000-8000-000000000000,completed,2026-06-27 12:45:41.072039+00:00,2026-06-27 12:45:50.607399+00:00
00000009-0062-4000-8000-000000000000,completed,2026-06-27 12:45:41.173283+00:00,2026-06-27 12:45:50.820724+00:00
00000003-0062-4000-8000-000000000000,completed,2026-06-27 12:45:41.120501+00:00,2026-06-27 12:45:50.655933+00:00
00000010-0062-4000-8000-000000000000,completed,2026-06-27 12:45:41.222421+00:00,2026-06-27 12:45:50.788103+00:00
00000050-0062-4000-8000-000000000000,completed,2026-06-27 12:45:42.270550+00:00,2026-06-27 12:45:52.130866+00:00
00000002-0062-4000-8000-000000000000,completed,2026-06-27 12:45:41.720933+00:00,2026-06-27 12:45:51.382974+00:00
00000020-0062-4000-8000-000000000000,completed,2026-06-27 12:45:41.570413+00:00,2026-06-27 12:45:51.222039+00:00
00000019-0062-4000-8000-000000000000,completed,2026-06-27 12:45:41.673660+00:00,2026-06-27 12:45:51.326728+00:00
00000046-0062-4000-8000-000000000000,completed,2026-06-27 12:45:42.320720+00:00,2026-06-27 12:45:52.246402+00:00
00000006-0063-4000-8000-000000000000,completed,2026-06-27 12:45:42.621853+00:00,2026-06-27 12:45:52.617581+00:00
00000024-0063-4000-8000-000000000000,completed,2026-06-27 12:45:42.872041+00:00,2026-06-27 12:45:52.904056+00:00
00000044-0062-4000-8000-000000000000,completed,2026-06-27 12:45:42.231228+00:00,2026-06-27 12:45:52.112763+00:00
00000001-0063-4000-8000-000000000000,completed,2026-06-27 12:45:42.521433+00:00,2026-06-27 12:45:52.459114+00:00
00000019-0063-4000-8000-000000000000,completed,2026-06-27 12:45:42.922280+00:00,2026-06-27 12:45:52.973423+00:00
00000042-0063-4000-8000-000000000000,completed,2026-06-27 12:45:43.376760+00:00,2026-06-27 12:45:53.519994+00:00
00000020-0063-4000-8000-000000000000,completed,2026-06-27 12:45:42.820290+00:00,2026-06-27 12:45:52.867205+00:00
00000033-0064-4000-8000-000000000000,completed,2026-06-27 12:45:44.372185+00:00,2026-06-27 12:45:54.690991+00:00
00000028-0063-4000-8000-000000000000,completed,2026-06-27 12:45:43.272655+00:00,2026-06-27 12:45:53.341894+00:00
00000046-0063-4000-8000-000000000000,completed,2026-06-27 12:45:43.579624+00:00,2026-06-27 12:45:53.735989+00:00
00000024-0064-4000-8000-000000000000,completed,2026-06-27 12:45:44.123450+00:00,2026-06-27 12:45:54.406398+00:00
00000047-0065-4000-8000-000000000000,completed,2026-06-27 12:45:45.922502+00:00,2026-06-27 12:45:56.740137+00:00
00000021-0064-4000-8000-000000000000,completed,2026-06-27 12:45:44.322666+00:00,2026-06-27 12:45:54.682793+00:00
00000008-0065-4000-8000-000000000000,completed,2026-06-27 12:45:45.094090+00:00,2026-06-27 12:45:55.543022+00:00
00000003-0065-4000-8000-000000000000,completed,2026-06-27 12:45:44.873179+00:00,2026-06-27 12:45:55.334246+00:00
00000010-0065-4000-8000-000000000000,completed,2026-06-27 12:45:44.970665+00:00,2026-06-27 12:45:55.462405+00:00
00000033-0065-4000-8000-000000000000,completed,2026-06-27 12:45:45.620490+00:00,2026-06-27 12:45:56.271678+00:00
00000005-0065-4000-8000-000000000000,completed,2026-06-27 12:45:45.221250+00:00,2026-06-27 12:45:55.700848+00:00
00000024-0065-4000-8000-000000000000,completed,2026-06-27 12:45:45.370884+00:00,2026-06-27 12:45:55.876406+00:00
00000028-0065-4000-8000-000000000000,completed,2026-06-27 12:45:45.770834+00:00,2026-06-27 12:45:56.591925+00:00
00000008-0066-4000-8000-000000000000,completed,2026-06-27 12:45:46.321015+00:00,2026-06-27 12:45:57.142527+00:00
00000022-0066-4000-8000-000000000000,completed,2026-06-27 12:45:46.521652+00:00,2026-06-27 12:45:57.470904+00:00
00000002-0066-4000-8000-000000000000,completed,2026-06-27 12:45:46.721344+00:00,2026-06-27 12:45:57.669440+00:00
00000020-0066-4000-8000-000000000000,completed,2026-06-27 12:45:46.571648+00:00,2026-06-27 12:45:57.465317+00:00
00000024-0066-4000-8000-000000000000,completed,2026-06-27 12:45:46.624063+00:00,2026-06-27 12:45:57.574417+00:00
00000026-0063-4000-8000-000000000000,completed,2026-06-27 12:45:42.896340+00:00,2026-06-27 12:45:52.918315+00:00
00000018-0062-4000-8000-000000000000,completed,2026-06-27 12:45:41.495876+00:00,2026-06-27 12:45:51.113887+00:00
00000023-0062-4000-8000-000000000000,completed,2026-06-27 12:45:41.596146+00:00,2026-06-27 12:45:51.300061+00:00
00000041-0062-4000-8000-000000000000,completed,2026-06-27 12:45:42.146360+00:00,2026-06-27 12:45:51.960998+00:00
00000027-0062-4000-8000-000000000000,completed,2026-06-27 12:45:41.748662+00:00,2026-06-27 12:45:51.728123+00:00
00000040-0062-4000-8000-000000000000,completed,2026-06-27 12:45:42.045424+00:00,2026-06-27 12:45:51.902422+00:00
00000048-0062-4000-8000-000000000000,completed,2026-06-27 12:45:42.346650+00:00,2026-06-27 12:45:52.243235+00:00
00000048-0063-4000-8000-000000000000,completed,2026-06-27 12:45:43.603266+00:00,2026-06-27 12:45:53.787208+00:00
00000023-0063-4000-8000-000000000000,completed,2026-06-27 12:45:42.847440+00:00,2026-06-27 12:45:52.869111+00:00
00000034-0063-4000-8000-000000000000,completed,2026-06-27 12:45:43.096672+00:00,2026-06-27 12:45:53.138272+00:00
00000012-0065-4000-8000-000000000000,completed,2026-06-27 12:45:45.048522+00:00,2026-06-27 12:45:55.492257+00:00
00000040-0063-4000-8000-000000000000,completed,2026-06-27 12:45:43.296738+00:00,2026-06-27 12:45:53.399174+00:00
00000041-0063-4000-8000-000000000000,completed,2026-06-27 12:45:43.396242+00:00,2026-06-27 12:45:53.522375+00:00
00000049-0063-4000-8000-000000000000,completed,2026-06-27 12:45:43.499843+00:00,2026-06-27 12:45:53.644522+00:00
00000011-0064-4000-8000-000000000000,completed,2026-06-27 12:45:43.749390+00:00,2026-06-27 12:45:53.974222+00:00
00000025-0064-4000-8000-000000000000,completed,2026-06-27 12:45:44.196498+00:00,2026-06-27 12:45:54.498798+00:00
00000037-0064-4000-8000-000000000000,completed,2026-06-27 12:45:44.396076+00:00,2026-06-27 12:45:54.783121+00:00
00000023-0064-4000-8000-000000000000,completed,2026-06-27 12:45:44.095465+00:00,2026-06-27 12:45:54.386950+00:00
00000026-0064-4000-8000-000000000000,completed,2026-06-27 12:45:44.145609+00:00,2026-06-27 12:45:54.494914+00:00
00000027-0064-4000-8000-000000000000,completed,2026-06-27 12:45:44.246108+00:00,2026-06-27 12:45:54.586821+00:00
00000034-0064-4000-8000-000000000000,completed,2026-06-27 12:45:44.350426+00:00,2026-06-27 12:45:54.690991+00:00
00000041-0064-4000-8000-000000000000,completed,2026-06-27 12:45:44.645311+00:00,2026-06-27 12:45:55.043902+00:00
00000027-0065-4000-8000-000000000000,completed,2026-06-27 12:45:45.499097+00:00,2026-06-27 12:45:56.368855+00:00
00000018-0065-4000-8000-000000000000,completed,2026-06-27 12:45:45.244908+00:00,2026-06-27 12:45:55.758095+00:00
00000004-0065-4000-8000-000000000000,completed,2026-06-27 12:45:44.898972+00:00,2026-06-27 12:45:55.373636+00:00
00000037-0065-4000-8000-000000000000,completed,2026-06-27 12:45:45.646561+00:00,2026-06-27 12:45:56.390112+00:00
00000025-0065-4000-8000-000000000000,completed,2026-06-27 12:45:45.446055+00:00,2026-06-27 12:45:56.060464+00:00
00000012-0066-4000-8000-000000000000,completed,2026-06-27 12:45:46.296537+00:00,2026-06-27 12:45:57.122332+00:00
00000034-0065-4000-8000-000000000000,completed,2026-06-27 12:45:45.596318+00:00,2026-06-27 12:45:56.285922+00:00
00000007-0066-4000-8000-000000000000,completed,2026-06-27 12:45:46.197706+00:00,2026-06-27 12:45:57.072209+00:00
00000025-0066-4000-8000-000000000000,completed,2026-06-27 12:45:46.696592+00:00,2026-06-27 12:45:57.655078+00:00
00000049-0066-4000-8000-000000000000,completed,2026-06-27 12:45:47.246611+00:00,2026-06-27 12:45:58.354560+00:00
00000026-0066-4000-8000-000000000000,completed,2026-06-27 12:45:46.645913+00:00,2026-06-27 12:45:57.639122+00:00
00000049-0067-4000-8000-000000000000,completed,2026-06-27 12:45:48.496581+00:00,2026-06-27 12:45:59.805869+00:00
00000041-0066-4000-8000-000000000000,completed,2026-06-27 12:45:47.147625+00:00,2026-06-27 12:45:58.203431+00:00
00000007-0067-4000-8000-000000000000,completed,2026-06-27 12:45:47.448438+00:00,2026-06-27 12:45:58.529274+00:00
00000025-0067-4000-8000-000000000000,completed,2026-06-27 12:45:47.946922+00:00,2026-06-27 12:45:59.144702+00:00
00000016-0067-4000-8000-000000000000,completed,2026-06-27 12:45:47.696995+00:00,2026-06-27 12:45:58.860418+00:00
00000043-0067-4000-8000-000000000000,completed,2026-06-27 12:45:48.546163+00:00,2026-06-27 12:45:59.885724+00:00
00000025-0068-4000-8000-000000000000,completed,2026-06-27 12:45:49.197124+00:00,2026-06-27 12:46:00.684203+00:00
00000045-0067-4000-8000-000000000000,completed,2026-06-27 12:45:48.446301+00:00,2026-06-27 12:45:59.777482+00:00
00000040-0068-4000-8000-000000000000,completed,2026-06-27 12:45:49.547807+00:00,2026-06-27 12:46:01.064777+00:00
00000034-0068-4000-8000-000000000000,completed,2026-06-27 12:45:49.346499+00:00,2026-06-27 12:46:00.845103+00:00
00000016-0068-4000-8000-000000000000,completed,2026-06-27 12:45:48.948343+00:00,2026-06-27 12:46:00.328142+00:00
00000018-0068-4000-8000-000000000000,completed,2026-06-27 12:45:48.996268+00:00,2026-06-27 12:46:00.454877+00:00
00000017-0068-4000-8000-000000000000,completed,2026-06-27 12:45:49.046005+00:00,2026-06-27 12:46:00.497450+00:00
00000023-0068-4000-8000-000000000000,completed,2026-06-27 12:45:49.097697+00:00,2026-06-27 12:46:00.510820+00:00
00000043-0069-4000-8000-000000000000,completed,2026-06-27 12:45:51.047578+00:00,2026-06-27 12:46:02.967443+00:00
00000031-0068-4000-8000-000000000000,completed,2026-06-27 12:45:49.496994+00:00,2026-06-27 12:46:01.025714+00:00
00000007-0069-4000-8000-000000000000,completed,2026-06-27 12:45:49.947296+00:00,2026-06-27 12:46:01.610254+00:00
00000026-0069-4000-8000-000000000000,completed,2026-06-27 12:45:50.402429+00:00,2026-06-27 12:46:02.129894+00:00
00000027-0069-4000-8000-000000000000,completed,2026-06-27 12:45:50.499107+00:00,2026-06-27 12:46:02.266285+00:00
00000018-0069-4000-8000-000000000000,completed,2026-06-27 12:45:50.246269+00:00,2026-06-27 12:46:01.947439+00:00
00000034-0069-4000-8000-000000000000,completed,2026-06-27 12:45:50.596837+00:00,2026-06-27 12:46:02.391178+00:00
00000023-0069-4000-8000-000000000000,completed,2026-06-27 12:45:50.347609+00:00,2026-06-27 12:46:02.122265+00:00
00000040-0069-4000-8000-000000000000,completed,2026-06-27 12:45:50.797338+00:00,2026-06-27 12:46:02.650144+00:00
00000018-0070-4000-8000-000000000000,completed,2026-06-27 12:45:51.497822+00:00,2026-06-27 12:46:03.520510+00:00
00000049-0069-4000-8000-000000000000,completed,2026-06-27 12:45:50.996082+00:00,2026-06-27 12:46:02.893482+00:00
00000013-0070-4000-8000-000000000000,completed,2026-06-27 12:45:51.396544+00:00,2026-06-27 12:46:03.357537+00:00
00000030-0070-4000-8000-000000000000,completed,2026-06-27 12:45:51.800563+00:00,2026-06-27 12:46:03.882841+00:00
00000019-0067-4000-8000-000000000000,completed,2026-06-27 12:45:47.922221+00:00,2026-06-27 12:45:59.119728+00:00
00000006-0067-4000-8000-000000000000,completed,2026-06-27 12:45:47.621508+00:00,2026-06-27 12:45:58.755655+00:00
00000046-0066-4000-8000-000000000000,completed,2026-06-27 12:45:47.320965+00:00,2026-06-27 12:45:58.371732+00:00
00000003-0067-4000-8000-000000000000,completed,2026-06-27 12:45:47.371644+00:00,2026-06-27 12:45:58.495522+00:00
00000010-0067-4000-8000-000000000000,completed,2026-06-27 12:45:47.470271+00:00,2026-06-27 12:45:58.562802+00:00
00000001-0067-4000-8000-000000000000,completed,2026-06-27 12:45:47.523069+00:00,2026-06-27 12:45:58.646710+00:00
00000003-0068-4000-8000-000000000000,completed,2026-06-27 12:45:48.624679+00:00,2026-06-27 12:45:59.940959+00:00
00000006-0068-4000-8000-000000000000,completed,2026-06-27 12:45:48.874566+00:00,2026-06-27 12:46:00.305207+00:00
00000020-0067-4000-8000-000000000000,completed,2026-06-27 12:45:47.821381+00:00,2026-06-27 12:45:59.060933+00:00
00000033-0067-4000-8000-000000000000,completed,2026-06-27 12:45:48.120901+00:00,2026-06-27 12:45:59.414723+00:00
00000036-0067-4000-8000-000000000000,completed,2026-06-27 12:45:48.222441+00:00,2026-06-27 12:45:59.466551+00:00
00000038-0067-4000-8000-000000000000,completed,2026-06-27 12:45:48.323632+00:00,2026-06-27 12:45:59.636975+00:00
00000044-0067-4000-8000-000000000000,completed,2026-06-27 12:45:48.470813+00:00,2026-06-27 12:45:59.787341+00:00
00000050-0067-4000-8000-000000000000,completed,2026-06-27 12:45:48.521941+00:00,2026-06-27 12:45:59.812247+00:00
00000009-0069-4000-8000-000000000000,completed,2026-06-27 12:45:49.923661+00:00,2026-06-27 12:46:01.561514+00:00
00000033-0068-4000-8000-000000000000,completed,2026-06-27 12:45:49.369940+00:00,2026-06-27 12:46:00.888506+00:00
00000001-0068-4000-8000-000000000000,completed,2026-06-27 12:45:48.774824+00:00,2026-06-27 12:46:00.156849+00:00
00000050-0068-4000-8000-000000000000,completed,2026-06-27 12:45:49.771352+00:00,2026-06-27 12:46:01.356982+00:00
00000014-0069-4000-8000-000000000000,completed,2026-06-27 12:45:50.171942+00:00,2026-06-27 12:46:01.873074+00:00
00000047-0068-4000-8000-000000000000,completed,2026-06-27 12:45:49.672100+00:00,2026-06-27 12:46:01.216656+00:00
00000044-0068-4000-8000-000000000000,completed,2026-06-27 12:45:49.720932+00:00,2026-06-27 12:46:01.293536+00:00
00000046-0068-4000-8000-000000000000,completed,2026-06-27 12:45:49.821246+00:00,2026-06-27 12:46:01.437989+00:00
00000033-0069-4000-8000-000000000000,completed,2026-06-27 12:45:50.621856+00:00,2026-06-27 12:46:02.467168+00:00
00000019-0069-4000-8000-000000000000,completed,2026-06-27 12:45:50.422167+00:00,2026-06-27 12:46:02.124731+00:00
00000008-0069-4000-8000-000000000000,completed,2026-06-27 12:45:50.071188+00:00,2026-06-27 12:46:01.711464+00:00
00000029-0069-4000-8000-000000000000,completed,2026-06-27 12:45:50.521688+00:00,2026-06-27 12:46:02.330073+00:00
00000021-0069-4000-8000-000000000000,completed,2026-06-27 12:45:50.572556+00:00,2026-06-27 12:46:02.324699+00:00
00000047-0069-4000-8000-000000000000,completed,2026-06-27 12:45:50.923039+00:00,2026-06-27 12:46:02.844757+00:00
00000044-0069-4000-8000-000000000000,completed,2026-06-27 12:45:50.971079+00:00,2026-06-27 12:46:02.822810+00:00
00000003-0070-4000-8000-000000000000,completed,2026-06-27 12:45:51.121519+00:00,2026-06-27 12:46:03.010095+00:00
00000005-0070-4000-8000-000000000000,completed,2026-06-27 12:45:51.471351+00:00,2026-06-27 12:46:03.377646+00:00
00000019-0070-4000-8000-000000000000,completed,2026-06-27 12:45:51.672244+00:00,2026-06-27 12:46:03.689771+00:00
00000014-0070-4000-8000-000000000000,completed,2026-06-27 12:45:51.421859+00:00,2026-06-27 12:46:03.399098+00:00
00000032-0070-4000-8000-000000000000,completed,2026-06-27 12:45:51.924081+00:00,2026-06-27 12:46:03.981244+00:00
00000006-0070-4000-8000-000000000000,completed,2026-06-27 12:45:51.373297+00:00,2026-06-27 12:46:03.375666+00:00
00000022-0070-4000-8000-000000000000,completed,2026-06-27 12:45:51.521421+00:00,2026-06-27 12:46:03.519289+00:00
00000024-0070-4000-8000-000000000000,completed,2026-06-27 12:45:51.623694+00:00,2026-06-27 12:46:03.561001+00:00
00000003-0071-4000-8000-000000000000,completed,2026-06-27 12:45:52.373140+00:00,2026-06-27 12:46:04.530006+00:00
00000042-0070-4000-8000-000000000000,completed,2026-06-27 12:45:52.120408+00:00,2026-06-27 12:46:04.249654+00:00
00000017-0071-4000-8000-000000000000,completed,2026-06-27 12:45:52.771570+00:00,2026-06-27 12:46:05.007225+00:00
00000050-0070-4000-8000-000000000000,completed,2026-06-27 12:45:52.272194+00:00,2026-06-27 12:46:04.445234+00:00
00000010-0072-4000-8000-000000000000,completed,2026-06-27 12:45:53.721197+00:00,2026-06-27 12:46:06.152829+00:00
00000019-0071-4000-8000-000000000000,completed,2026-06-27 12:45:52.922044+00:00,2026-06-27 12:46:05.198826+00:00
00000018-0071-4000-8000-000000000000,completed,2026-06-27 12:45:52.732622+00:00,2026-06-27 12:46:04.955962+00:00
00000023-0071-4000-8000-000000000000,completed,2026-06-27 12:45:52.821270+00:00,2026-06-27 12:46:05.078847+00:00
00000035-0071-4000-8000-000000000000,completed,2026-06-27 12:45:53.274687+00:00,2026-06-27 12:46:05.616231+00:00
00000038-0071-4000-8000-000000000000,completed,2026-06-27 12:45:53.321894+00:00,2026-06-27 12:46:05.696997+00:00
00000031-0071-4000-8000-000000000000,completed,2026-06-27 12:45:53.225337+00:00,2026-06-27 12:46:05.546389+00:00
00000016-0072-4000-8000-000000000000,completed,2026-06-27 12:45:53.922336+00:00,2026-06-27 12:46:06.430391+00:00
00000003-0072-4000-8000-000000000000,completed,2026-06-27 12:45:53.621920+00:00,2026-06-27 12:46:06.006147+00:00
00000018-0072-4000-8000-000000000000,completed,2026-06-27 12:45:53.972692+00:00,2026-06-27 12:46:06.449737+00:00
00000019-0072-4000-8000-000000000000,completed,2026-06-27 12:45:54.172716+00:00,2026-06-27 12:46:06.742435+00:00
00000006-0072-4000-8000-000000000000,completed,2026-06-27 12:45:53.871711+00:00,2026-06-27 12:46:06.345176+00:00
00000038-0072-4000-8000-000000000000,completed,2026-06-27 12:45:54.571469+00:00,2026-06-27 12:46:07.119416+00:00
00000032-0072-4000-8000-000000000000,completed,2026-06-27 12:45:54.422055+00:00,2026-06-27 12:46:06.965277+00:00
00000031-0072-4000-8000-000000000000,completed,2026-06-27 12:45:54.472115+00:00,2026-06-27 12:46:07.060652+00:00
00000003-0073-4000-8000-000000000000,completed,2026-06-27 12:45:54.872357+00:00,2026-06-27 12:46:07.468848+00:00
00000044-0072-4000-8000-000000000000,completed,2026-06-27 12:45:54.721691+00:00,2026-06-27 12:46:07.306382+00:00
00000050-0072-4000-8000-000000000000,completed,2026-06-27 12:45:54.772131+00:00,2026-06-27 12:46:07.396665+00:00
00000016-0073-4000-8000-000000000000,completed,2026-06-27 12:45:55.170966+00:00,2026-06-27 12:46:07.858717+00:00
00000045-0070-4000-8000-000000000000,completed,2026-06-27 12:45:52.196234+00:00,2026-06-27 12:46:04.322814+00:00
00000012-0072-4000-8000-000000000000,completed,2026-06-27 12:45:53.796473+00:00,2026-06-27 12:46:06.272326+00:00
00000039-0070-4000-8000-000000000000,completed,2026-06-27 12:45:52.095681+00:00,2026-06-27 12:46:04.265655+00:00
00000011-0071-4000-8000-000000000000,completed,2026-06-27 12:45:52.496688+00:00,2026-06-27 12:46:04.685536+00:00
00000005-0071-4000-8000-000000000000,completed,2026-06-27 12:45:52.698033+00:00,2026-06-27 12:46:04.949488+00:00
00000024-0071-4000-8000-000000000000,completed,2026-06-27 12:45:52.845861+00:00,2026-06-27 12:46:05.112412+00:00
00000027-0071-4000-8000-000000000000,completed,2026-06-27 12:45:52.995241+00:00,2026-06-27 12:46:05.306633+00:00
00000048-0072-4000-8000-000000000000,completed,2026-06-27 12:45:54.846656+00:00,2026-06-27 12:46:07.460295+00:00
00000011-0072-4000-8000-000000000000,completed,2026-06-27 12:45:53.748708+00:00,2026-06-27 12:46:06.211511+00:00
00000040-0072-4000-8000-000000000000,completed,2026-06-27 12:45:54.545577+00:00,2026-06-27 12:46:07.122544+00:00
00000027-0072-4000-8000-000000000000,completed,2026-06-27 12:45:54.246079+00:00,2026-06-27 12:46:06.814515+00:00
00000025-0072-4000-8000-000000000000,completed,2026-06-27 12:45:54.197685+00:00,2026-06-27 12:46:06.747260+00:00
00000030-0072-4000-8000-000000000000,completed,2026-06-27 12:45:54.297156+00:00,2026-06-27 12:46:06.788952+00:00
00000034-0072-4000-8000-000000000000,completed,2026-06-27 12:45:54.345429+00:00,2026-06-27 12:46:06.927511+00:00
00000036-0072-4000-8000-000000000000,completed,2026-06-27 12:45:54.445907+00:00,2026-06-27 12:46:06.966265+00:00
00000012-0073-4000-8000-000000000000,completed,2026-06-27 12:45:55.047285+00:00,2026-06-27 12:46:07.686288+00:00
00000049-0072-4000-8000-000000000000,completed,2026-06-27 12:45:54.746810+00:00,2026-06-27 12:46:07.327927+00:00
00000041-0073-4000-8000-000000000000,completed,2026-06-27 12:45:55.895236+00:00,2026-06-27 12:46:08.731327+00:00
00000007-0073-4000-8000-000000000000,completed,2026-06-27 12:45:54.947422+00:00,2026-06-27 12:46:07.646550+00:00
00000005-0073-4000-8000-000000000000,completed,2026-06-27 12:45:55.197936+00:00,2026-06-27 12:46:07.832757+00:00
00000024-0073-4000-8000-000000000000,completed,2026-06-27 12:45:55.345849+00:00,2026-06-27 12:46:08.077398+00:00
00000034-0073-4000-8000-000000000000,completed,2026-06-27 12:45:55.596300+00:00,2026-06-27 12:46:08.379594+00:00
00000048-0073-4000-8000-000000000000,completed,2026-06-27 12:45:56.096445+00:00,2026-06-27 12:46:09.025078+00:00
00000040-0073-4000-8000-000000000000,completed,2026-06-27 12:45:55.797069+00:00,2026-06-27 12:46:08.663445+00:00
00000043-0073-4000-8000-000000000000,completed,2026-06-27 12:45:56.045868+00:00,2026-06-27 12:46:08.872305+00:00
00000015-0074-4000-8000-000000000000,completed,2026-06-27 12:45:56.347066+00:00,2026-06-27 12:46:09.287145+00:00
00000027-0074-4000-8000-000000000000,completed,2026-06-27 12:45:56.745417+00:00,2026-06-27 12:46:09.722798+00:00
00000028-0074-4000-8000-000000000000,completed,2026-06-27 12:45:56.997273+00:00,2026-06-27 12:46:10.124928+00:00
00000039-0074-4000-8000-000000000000,completed,2026-06-27 12:45:57.096200+00:00,2026-06-27 12:46:10.262693+00:00
00000045-0074-4000-8000-000000000000,completed,2026-06-27 12:45:57.196882+00:00,2026-06-27 12:46:10.372825+00:00
00000029-0073-4000-8000-000000000000,completed,2026-06-27 12:45:55.522031+00:00,2026-06-27 12:46:08.294187+00:00
00000014-0073-4000-8000-000000000000,completed,2026-06-27 12:45:55.371747+00:00,2026-06-27 12:46:08.065187+00:00
00000046-0073-4000-8000-000000000000,completed,2026-06-27 12:45:56.070558+00:00,2026-06-27 12:46:08.947486+00:00
00000002-0073-4000-8000-000000000000,completed,2026-06-27 12:45:55.472060+00:00,2026-06-27 12:46:08.218949+00:00
00000050-0074-4000-8000-000000000000,completed,2026-06-27 12:45:57.271583+00:00,2026-06-27 12:46:10.487376+00:00
00000050-0073-4000-8000-000000000000,completed,2026-06-27 12:45:56.020790+00:00,2026-06-27 12:46:08.922755+00:00
00000019-0074-4000-8000-000000000000,completed,2026-06-27 12:45:56.672554+00:00,2026-06-27 12:46:09.674831+00:00
00000033-0075-4000-8000-000000000000,completed,2026-06-27 12:45:58.119730+00:00,2026-06-27 12:46:11.496058+00:00
00000044-0074-4000-8000-000000000000,completed,2026-06-27 12:45:57.220585+00:00,2026-06-27 12:46:10.338114+00:00
00000019-0075-4000-8000-000000000000,completed,2026-06-27 12:45:57.922150+00:00,2026-06-27 12:46:11.226742+00:00
00000003-0076-4000-8000-000000000000,completed,2026-06-27 12:45:58.622710+00:00,2026-06-27 12:46:12.087963+00:00
00000021-0075-4000-8000-000000000000,completed,2026-06-27 12:45:58.071005+00:00,2026-06-27 12:46:11.438876+00:00
00000038-0075-4000-8000-000000000000,completed,2026-06-27 12:45:58.321767+00:00,2026-06-27 12:46:11.730306+00:00
00000006-0076-4000-8000-000000000000,completed,2026-06-27 12:45:58.872060+00:00,2026-06-27 12:46:12.420400+00:00
00000023-0077-4000-8000-000000000000,completed,2026-06-27 12:46:00.321567+00:00,2026-06-27 12:46:14.202983+00:00
00000050-0075-4000-8000-000000000000,completed,2026-06-27 12:45:58.523048+00:00,2026-06-27 12:46:11.997667+00:00
00000008-0076-4000-8000-000000000000,completed,2026-06-27 12:45:58.821741+00:00,2026-06-27 12:46:12.362674+00:00
00000014-0076-4000-8000-000000000000,completed,2026-06-27 12:45:59.122468+00:00,2026-06-27 12:46:12.762754+00:00
00000033-0076-4000-8000-000000000000,completed,2026-06-27 12:45:59.370721+00:00,2026-06-27 12:46:13.033788+00:00
00000038-0076-4000-8000-000000000000,completed,2026-06-27 12:45:59.573078+00:00,2026-06-27 12:46:13.285146+00:00
00000029-0077-4000-8000-000000000000,completed,2026-06-27 12:46:00.520607+00:00,2026-06-27 12:46:14.390655+00:00
00000003-0077-4000-8000-000000000000,completed,2026-06-27 12:45:59.871565+00:00,2026-06-27 12:46:13.646514+00:00
00000010-0077-4000-8000-000000000000,completed,2026-06-27 12:45:59.971620+00:00,2026-06-27 12:46:13.718346+00:00
00000008-0077-4000-8000-000000000000,completed,2026-06-27 12:46:00.071537+00:00,2026-06-27 12:46:13.848761+00:00
00000021-0077-4000-8000-000000000000,completed,2026-06-27 12:46:00.571034+00:00,2026-06-27 12:46:14.392970+00:00
00000017-0077-4000-8000-000000000000,completed,2026-06-27 12:46:00.270649+00:00,2026-06-27 12:46:14.057237+00:00
00000002-0077-4000-8000-000000000000,completed,2026-06-27 12:46:00.475531+00:00,2026-06-27 12:46:14.372871+00:00
00000038-0077-4000-8000-000000000000,completed,2026-06-27 12:46:00.820501+00:00,2026-06-27 12:46:14.772725+00:00
00000032-0077-4000-8000-000000000000,completed,2026-06-27 12:46:00.674479+00:00,2026-06-27 12:46:14.566889+00:00
00000035-0077-4000-8000-000000000000,completed,2026-06-27 12:46:00.772117+00:00,2026-06-27 12:46:14.701244+00:00
00000012-0075-4000-8000-000000000000,completed,2026-06-27 12:45:57.548537+00:00,2026-06-27 12:46:10.774949+00:00
00000030-0075-4000-8000-000000000000,completed,2026-06-27 12:45:58.045830+00:00,2026-06-27 12:46:11.409221+00:00
00000011-0075-4000-8000-000000000000,completed,2026-06-27 12:45:57.496157+00:00,2026-06-27 12:46:10.746631+00:00
00000005-0075-4000-8000-000000000000,completed,2026-06-27 12:45:57.695617+00:00,2026-06-27 12:46:10.995622+00:00
00000030-0076-4000-8000-000000000000,completed,2026-06-27 12:45:59.299962+00:00,2026-06-27 12:46:12.955467+00:00
00000027-0075-4000-8000-000000000000,completed,2026-06-27 12:45:57.995507+00:00,2026-06-27 12:46:11.395249+00:00
00000036-0075-4000-8000-000000000000,completed,2026-06-27 12:45:58.197211+00:00,2026-06-27 12:46:11.629580+00:00
00000020-0078-4000-8000-000000000000,completed,2026-06-27 12:46:01.545320+00:00,2026-06-27 12:46:15.617076+00:00
00000005-0076-4000-8000-000000000000,completed,2026-06-27 12:45:58.946786+00:00,2026-06-27 12:46:12.491942+00:00
00000020-0076-4000-8000-000000000000,completed,2026-06-27 12:45:59.045705+00:00,2026-06-27 12:46:12.644117+00:00
00000004-0077-4000-8000-000000000000,completed,2026-06-27 12:45:59.896505+00:00,2026-06-27 12:46:13.651789+00:00
00000025-0076-4000-8000-000000000000,completed,2026-06-27 12:45:59.195880+00:00,2026-06-27 12:46:12.789771+00:00
00000027-0076-4000-8000-000000000000,completed,2026-06-27 12:45:59.246015+00:00,2026-06-27 12:46:12.856899+00:00
00000034-0076-4000-8000-000000000000,completed,2026-06-27 12:45:59.345997+00:00,2026-06-27 12:46:12.951560+00:00
00000037-0076-4000-8000-000000000000,completed,2026-06-27 12:45:59.396915+00:00,2026-06-27 12:46:13.034658+00:00
00000041-0076-4000-8000-000000000000,completed,2026-06-27 12:45:59.646291+00:00,2026-06-27 12:46:13.368345+00:00
00000028-0076-4000-8000-000000000000,completed,2026-06-27 12:45:59.499255+00:00,2026-06-27 12:46:13.175442+00:00
00000039-0076-4000-8000-000000000000,completed,2026-06-27 12:45:59.599730+00:00,2026-06-27 12:46:13.316553+00:00
00000045-0076-4000-8000-000000000000,completed,2026-06-27 12:45:59.697063+00:00,2026-06-27 12:46:13.394355+00:00
00000043-0076-4000-8000-000000000000,completed,2026-06-27 12:45:59.797172+00:00,2026-06-27 12:46:13.542473+00:00
00000030-0077-4000-8000-000000000000,completed,2026-06-27 12:46:00.545548+00:00,2026-06-27 12:46:14.439155+00:00
00000012-0077-4000-8000-000000000000,completed,2026-06-27 12:46:00.045697+00:00,2026-06-27 12:46:13.837760+00:00
00000013-0077-4000-8000-000000000000,completed,2026-06-27 12:46:00.145402+00:00,2026-06-27 12:46:13.942625+00:00
00000022-0077-4000-8000-000000000000,completed,2026-06-27 12:46:00.246198+00:00,2026-06-27 12:46:14.048516+00:00
00000040-0077-4000-8000-000000000000,completed,2026-06-27 12:46:00.798337+00:00,2026-06-27 12:46:14.751192+00:00
00000049-0077-4000-8000-000000000000,completed,2026-06-27 12:46:00.996580+00:00,2026-06-27 12:46:14.960174+00:00
00000004-0078-4000-8000-000000000000,completed,2026-06-27 12:46:01.148712+00:00,2026-06-27 12:46:15.151257+00:00
00000022-0078-4000-8000-000000000000,completed,2026-06-27 12:46:01.497254+00:00,2026-06-27 12:46:15.541913+00:00
00000027-0078-4000-8000-000000000000,completed,2026-06-27 12:46:01.746817+00:00,2026-06-27 12:46:15.843910+00:00
00000036-0078-4000-8000-000000000000,completed,2026-06-27 12:46:01.946788+00:00,2026-06-27 12:46:16.070294+00:00
00000018-0078-4000-8000-000000000000,completed,2026-06-27 12:46:01.470997+00:00,2026-06-27 12:46:15.492594+00:00
00000050-0077-4000-8000-000000000000,completed,2026-06-27 12:46:01.020516+00:00,2026-06-27 12:46:14.960986+00:00
00000016-0078-4000-8000-000000000000,completed,2026-06-27 12:46:01.422256+00:00,2026-06-27 12:46:15.448593+00:00
00000010-0078-4000-8000-000000000000,completed,2026-06-27 12:46:01.221222+00:00,2026-06-27 12:46:15.191565+00:00
00000032-0078-4000-8000-000000000000,completed,2026-06-27 12:46:01.921174+00:00,2026-06-27 12:46:16.054049+00:00
00000008-0078-4000-8000-000000000000,completed,2026-06-27 12:46:01.321654+00:00,2026-06-27 12:46:15.349263+00:00
00000019-0078-4000-8000-000000000000,completed,2026-06-27 12:46:01.672318+00:00,2026-06-27 12:46:15.738246+00:00
00000047-0078-4000-8000-000000000000,completed,2026-06-27 12:46:02.172818+00:00,2026-06-27 12:46:16.337868+00:00
00000033-0079-4000-8000-000000000000,completed,2026-06-27 12:46:03.121176+00:00,2026-06-27 12:46:17.623288+00:00
00000038-0078-4000-8000-000000000000,completed,2026-06-27 12:46:02.077521+00:00,2026-06-27 12:46:16.234660+00:00
00000008-0079-4000-8000-000000000000,completed,2026-06-27 12:46:02.571873+00:00,2026-06-27 12:46:16.884427+00:00
00000009-0079-4000-8000-000000000000,completed,2026-06-27 12:46:02.420513+00:00,2026-06-27 12:46:16.696858+00:00
00000047-0080-4000-8000-000000000000,completed,2026-06-27 12:46:04.670565+00:00,2026-06-27 12:46:19.478869+00:00
00000010-0079-4000-8000-000000000000,completed,2026-06-27 12:46:02.472530+00:00,2026-06-27 12:46:16.766132+00:00
00000006-0079-4000-8000-000000000000,completed,2026-06-27 12:46:02.620505+00:00,2026-06-27 12:46:16.893365+00:00
00000023-0079-4000-8000-000000000000,completed,2026-06-27 12:46:02.821230+00:00,2026-06-27 12:46:17.095035+00:00
00000021-0079-4000-8000-000000000000,completed,2026-06-27 12:46:03.072007+00:00,2026-06-27 12:46:17.468962+00:00
00000042-0079-4000-8000-000000000000,completed,2026-06-27 12:46:03.372791+00:00,2026-06-27 12:46:17.855421+00:00
00000009-0080-4000-8000-000000000000,completed,2026-06-27 12:46:03.670756+00:00,2026-06-27 12:46:18.286907+00:00
00000050-0079-4000-8000-000000000000,completed,2026-06-27 12:46:03.521644+00:00,2026-06-27 12:46:18.067149+00:00
00000046-0079-4000-8000-000000000000,completed,2026-06-27 12:46:03.570844+00:00,2026-06-27 12:46:18.094638+00:00
00000033-0080-4000-8000-000000000000,completed,2026-06-27 12:46:04.371952+00:00,2026-06-27 12:46:19.136273+00:00
00000017-0080-4000-8000-000000000000,completed,2026-06-27 12:46:04.022521+00:00,2026-06-27 12:46:18.700578+00:00
00000014-0080-4000-8000-000000000000,completed,2026-06-27 12:46:04.121240+00:00,2026-06-27 12:46:18.803509+00:00
00000001-0081-4000-8000-000000000000,completed,2026-06-27 12:46:05.021540+00:00,2026-06-27 12:46:19.971109+00:00
00000038-0080-4000-8000-000000000000,completed,2026-06-27 12:46:04.570632+00:00,2026-06-27 12:46:19.407887+00:00
00000009-0081-4000-8000-000000000000,completed,2026-06-27 12:46:04.920874+00:00,2026-06-27 12:46:19.817258+00:00
00000018-0081-4000-8000-000000000000,completed,2026-06-27 12:46:05.220109+00:00,2026-06-27 12:46:20.135973+00:00
00000002-0081-4000-8000-000000000000,completed,2026-06-27 12:46:05.472877+00:00,2026-06-27 12:46:20.491631+00:00
00000035-0081-4000-8000-000000000000,completed,2026-06-27 12:46:05.770927+00:00,2026-06-27 12:46:20.856608+00:00
00000043-0078-4000-8000-000000000000,completed,2026-06-27 12:46:02.296300+00:00,2026-06-27 12:46:16.439095+00:00
00000007-0080-4000-8000-000000000000,completed,2026-06-27 12:46:03.699842+00:00,2026-06-27 12:46:18.280181+00:00
00000045-0078-4000-8000-000000000000,completed,2026-06-27 12:46:02.196755+00:00,2026-06-27 12:46:16.333794+00:00
00000004-0079-4000-8000-000000000000,completed,2026-06-27 12:46:02.409654+00:00,2026-06-27 12:46:16.598941+00:00
00000012-0079-4000-8000-000000000000,completed,2026-06-27 12:46:02.547949+00:00,2026-06-27 12:46:16.751855+00:00
00000026-0079-4000-8000-000000000000,completed,2026-06-27 12:46:02.896096+00:00,2026-06-27 12:46:17.243167+00:00
00000030-0079-4000-8000-000000000000,completed,2026-06-27 12:46:03.046324+00:00,2026-06-27 12:46:17.450052+00:00
00000022-0080-4000-8000-000000000000,completed,2026-06-27 12:46:03.995174+00:00,2026-06-27 12:46:18.661732+00:00
00000040-0082-4000-8000-000000000000,completed,2026-06-27 12:46:07.085290+00:00,2026-06-27 12:46:22.398970+00:00
00000013-0080-4000-8000-000000000000,completed,2026-06-27 12:46:03.900651+00:00,2026-06-27 12:46:18.559492+00:00
00000027-0080-4000-8000-000000000000,completed,2026-06-27 12:46:04.247270+00:00,2026-06-27 12:46:18.970938+00:00
00000022-0081-4000-8000-000000000000,completed,2026-06-27 12:46:05.245076+00:00,2026-06-27 12:46:20.211017+00:00
00000004-0081-4000-8000-000000000000,completed,2026-06-27 12:46:04.897012+00:00,2026-06-27 12:46:19.755228+00:00
00000048-0080-4000-8000-000000000000,completed,2026-06-27 12:46:04.849380+00:00,2026-06-27 12:46:19.776556+00:00
00000011-0081-4000-8000-000000000000,completed,2026-06-27 12:46:04.998357+00:00,2026-06-27 12:46:19.906121+00:00
00000012-0081-4000-8000-000000000000,completed,2026-06-27 12:46:05.048005+00:00,2026-06-27 12:46:19.983871+00:00
00000013-0081-4000-8000-000000000000,completed,2026-06-27 12:46:05.146167+00:00,2026-06-27 12:46:20.072330+00:00
00000036-0081-4000-8000-000000000000,completed,2026-06-27 12:46:05.697328+00:00,2026-06-27 12:46:20.726668+00:00
00000015-0082-4000-8000-000000000000,completed,2026-06-27 12:46:06.359262+00:00,2026-06-27 12:46:21.599325+00:00
00000048-0081-4000-8000-000000000000,completed,2026-06-27 12:46:06.100453+00:00,2026-06-27 12:46:21.234272+00:00
00000011-0082-4000-8000-000000000000,completed,2026-06-27 12:46:06.252472+00:00,2026-06-27 12:46:21.406369+00:00
00000013-0082-4000-8000-000000000000,completed,2026-06-27 12:46:06.407576+00:00,2026-06-27 12:46:21.550958+00:00
00000027-0083-4000-8000-000000000000,completed,2026-06-27 12:46:08.101291+00:00,2026-06-27 12:46:23.438723+00:00
00000024-0082-4000-8000-000000000000,completed,2026-06-27 12:46:06.614395+00:00,2026-06-27 12:46:21.850818+00:00
00000028-0082-4000-8000-000000000000,completed,2026-06-27 12:46:07.032465+00:00,2026-06-27 12:46:22.326838+00:00
00000043-0082-4000-8000-000000000000,completed,2026-06-27 12:46:07.347194+00:00,2026-06-27 12:46:22.678489+00:00
00000015-0083-4000-8000-000000000000,completed,2026-06-27 12:46:07.667837+00:00,2026-06-27 12:46:23.024173+00:00
00000026-0083-4000-8000-000000000000,completed,2026-06-27 12:46:07.992370+00:00,2026-06-27 12:46:23.430435+00:00
00000034-0083-4000-8000-000000000000,completed,2026-06-27 12:46:08.209862+00:00,2026-06-27 12:46:23.597677+00:00
00000049-0083-4000-8000-000000000000,completed,2026-06-27 12:46:08.652413+00:00,2026-06-27 12:46:24.098130+00:00
00000044-0084-4000-8000-000000000000,completed,2026-06-27 12:46:10.052931+00:00,2026-06-27 12:46:25.618700+00:00
00000050-0084-4000-8000-000000000000,completed,2026-06-27 12:46:10.110970+00:00,2026-06-27 12:46:25.654962+00:00
00000046-0084-4000-8000-000000000000,completed,2026-06-27 12:46:10.169982+00:00,2026-06-27 12:46:25.692346+00:00
00000003-0082-4000-8000-000000000000,completed,2026-06-27 12:46:06.127437+00:00,2026-06-27 12:46:21.225359+00:00
00000033-0082-4000-8000-000000000000,completed,2026-06-27 12:46:06.899797+00:00,2026-06-27 12:46:22.140044+00:00
00000001-0082-4000-8000-000000000000,completed,2026-06-27 12:46:06.280434+00:00,2026-06-27 12:46:21.418230+00:00
00000050-0081-4000-8000-000000000000,completed,2026-06-27 12:46:06.024172+00:00,2026-06-27 12:46:21.170835+00:00
00000009-0082-4000-8000-000000000000,completed,2026-06-27 12:46:06.178834+00:00,2026-06-27 12:46:21.292349+00:00
00000032-0082-4000-8000-000000000000,completed,2026-06-27 12:46:06.951283+00:00,2026-06-27 12:46:22.236836+00:00
00000018-0082-4000-8000-000000000000,completed,2026-06-27 12:46:06.486385+00:00,2026-06-27 12:46:21.604938+00:00
00000010-0084-4000-8000-000000000000,completed,2026-06-27 12:46:08.902820+00:00,2026-06-27 12:46:24.374460+00:00
00000021-0082-4000-8000-000000000000,completed,2026-06-27 12:46:06.847709+00:00,2026-06-27 12:46:22.113946+00:00
00000050-0082-4000-8000-000000000000,completed,2026-06-27 12:46:07.320133+00:00,2026-06-27 12:46:22.630805+00:00
00000038-0082-4000-8000-000000000000,completed,2026-06-27 12:46:07.112025+00:00,2026-06-27 12:46:22.451681+00:00
00000047-0082-4000-8000-000000000000,completed,2026-06-27 12:46:07.214298+00:00,2026-06-27 12:46:22.535068+00:00
00000016-0083-4000-8000-000000000000,completed,2026-06-27 12:46:07.748876+00:00,2026-06-27 12:46:23.136794+00:00
00000014-0083-4000-8000-000000000000,completed,2026-06-27 12:46:07.964568+00:00,2026-06-27 12:46:23.395154+00:00
00000046-0083-4000-8000-000000000000,completed,2026-06-27 12:46:08.734420+00:00,2026-06-27 12:46:24.173900+00:00
00000001-0085-4000-8000-000000000000,completed,2026-06-27 12:46:10.406392+00:00,2026-06-27 12:46:25.895131+00:00
00000014-0084-4000-8000-000000000000,completed,2026-06-27 12:46:09.356465+00:00,2026-06-27 12:46:24.858643+00:00
00000029-0084-4000-8000-000000000000,completed,2026-06-27 12:46:09.528307+00:00,2026-06-27 12:46:25.039919+00:00
00000031-0084-4000-8000-000000000000,completed,2026-06-27 12:46:09.761508+00:00,2026-06-27 12:46:25.273666+00:00
00000008-0085-4000-8000-000000000000,completed,2026-06-27 12:46:10.467969+00:00,2026-06-27 12:46:26.014503+00:00
00000042-0084-4000-8000-000000000000,completed,2026-06-27 12:46:09.936288+00:00,2026-06-27 12:46:25.453804+00:00
00000032-0085-4000-8000-000000000000,completed,2026-06-27 12:46:11.192820+00:00,2026-06-27 12:46:26.684901+00:00
00000010-0085-4000-8000-000000000000,completed,2026-06-27 12:46:10.345656+00:00,2026-06-27 12:46:25.863386+00:00
00000017-0085-4000-8000-000000000000,completed,2026-06-27 12:46:10.706669+00:00,2026-06-27 12:46:26.199130+00:00
00000038-0085-4000-8000-000000000000,completed,2026-06-27 12:46:11.378281+00:00,2026-06-27 12:46:26.847463+00:00
00000033-0085-4000-8000-000000000000,completed,2026-06-27 12:46:11.133463+00:00,2026-06-27 12:46:26.623355+00:00
00000031-0085-4000-8000-000000000000,completed,2026-06-27 12:46:11.254189+00:00,2026-06-27 12:46:26.726599+00:00
00000050-0085-4000-8000-000000000000,completed,2026-06-27 12:46:11.626869+00:00,2026-06-27 12:46:27.123741+00:00
00000048-0084-4000-8000-000000000000,completed,2026-06-27 12:46:10.200776+00:00,2026-06-27 12:46:25.729588+00:00
00000020-0086-4000-8000-000000000000,completed,2026-06-27 12:46:12.294171+00:00,2026-06-27 12:46:27.684249+00:00
00000012-0085-4000-8000-000000000000,completed,2026-06-27 12:46:10.437665+00:00,2026-06-27 12:46:25.994174+00:00
00000040-0084-4000-8000-000000000000,completed,2026-06-27 12:46:09.848226+00:00,2026-06-27 12:46:25.351543+00:00
00000039-0084-4000-8000-000000000000,completed,2026-06-27 12:46:09.905524+00:00,2026-06-27 12:46:25.397426+00:00
00000045-0084-4000-8000-000000000000,completed,2026-06-27 12:46:10.027918+00:00,2026-06-27 12:46:25.502126+00:00
00000049-0084-4000-8000-000000000000,completed,2026-06-27 12:46:10.083991+00:00,2026-06-27 12:46:25.571874+00:00
00000048-0085-4000-8000-000000000000,completed,2026-06-27 12:46:11.721269+00:00,2026-06-27 12:46:27.159210+00:00
00000012-0086-4000-8000-000000000000,completed,2026-06-27 12:46:11.974959+00:00,2026-06-27 12:46:27.418309+00:00
00000026-0087-4000-8000-000000000000,completed,2026-06-27 12:46:14.104146+00:00,2026-06-27 12:46:29.323737+00:00
00000005-0086-4000-8000-000000000000,completed,2026-06-27 12:46:12.165623+00:00,2026-06-27 12:46:27.595824+00:00
00000025-0086-4000-8000-000000000000,completed,2026-06-27 12:46:12.490236+00:00,2026-06-27 12:46:27.912446+00:00
00000037-0086-4000-8000-000000000000,completed,2026-06-27 12:46:12.753080+00:00,2026-06-27 12:46:28.095495+00:00
00000028-0086-4000-8000-000000000000,completed,2026-06-27 12:46:12.881586+00:00,2026-06-27 12:46:28.243996+00:00
00000004-0087-4000-8000-000000000000,completed,2026-06-27 12:46:13.416070+00:00,2026-06-27 12:46:28.744810+00:00
00000041-0086-4000-8000-000000000000,completed,2026-06-27 12:46:13.078286+00:00,2026-06-27 12:46:28.443168+00:00
00000012-0087-4000-8000-000000000000,completed,2026-06-27 12:46:13.620168+00:00,2026-06-27 12:46:28.899909+00:00
00000025-0088-4000-8000-000000000000,completed,2026-06-27 12:46:16.003824+00:00,2026-06-27 12:46:30.911209+00:00
00000020-0087-4000-8000-000000000000,completed,2026-06-27 12:46:13.962299+00:00,2026-06-27 12:46:29.187667+00:00
00000030-0087-4000-8000-000000000000,completed,2026-06-27 12:46:14.312520+00:00,2026-06-27 12:46:29.503384+00:00
00000028-0087-4000-8000-000000000000,completed,2026-06-27 12:46:14.599075+00:00,2026-06-27 12:46:29.770363+00:00
00000045-0087-4000-8000-000000000000,completed,2026-06-27 12:46:14.901866+00:00,2026-06-27 12:46:30.014365+00:00
00000011-0088-4000-8000-000000000000,completed,2026-06-27 12:46:15.321888+00:00,2026-06-27 12:46:30.341113+00:00
00000037-0088-4000-8000-000000000000,completed,2026-06-27 12:46:16.308748+00:00,2026-06-27 12:46:31.192153+00:00
00000045-0088-4000-8000-000000000000,completed,2026-06-27 12:46:16.781865+00:00,2026-06-27 12:46:31.550036+00:00
00000034-0088-4000-8000-000000000000,completed,2026-06-27 12:46:16.231762+00:00,2026-06-27 12:46:31.072552+00:00
00000007-0089-4000-8000-000000000000,completed,2026-06-27 12:46:17.188362+00:00,2026-06-27 12:46:31.794625+00:00
00000039-0088-4000-8000-000000000000,completed,2026-06-27 12:46:16.623717+00:00,2026-06-27 12:46:31.410690+00:00
00000048-0088-4000-8000-000000000000,completed,2026-06-27 12:46:17.022608+00:00,2026-06-27 12:46:31.752051+00:00
00000005-0089-4000-8000-000000000000,completed,2026-06-27 12:46:17.596361+00:00,2026-06-27 12:46:32.134954+00:00
00000023-0086-4000-8000-000000000000,completed,2026-06-27 12:46:12.333040+00:00,2026-06-27 12:46:27.712573+00:00
00000006-0086-4000-8000-000000000000,completed,2026-06-27 12:46:12.078133+00:00,2026-06-27 12:46:27.513096+00:00
00000014-0086-4000-8000-000000000000,completed,2026-06-27 12:46:12.390224+00:00,2026-06-27 12:46:27.842381+00:00
00000017-0087-4000-8000-000000000000,completed,2026-06-27 12:46:13.928751+00:00,2026-06-27 12:46:29.187674+00:00
00000017-0086-4000-8000-000000000000,completed,2026-06-27 12:46:12.262096+00:00,2026-06-27 12:46:27.684071+00:00
00000021-0086-4000-8000-000000000000,completed,2026-06-27 12:46:12.649009+00:00,2026-06-27 12:46:28.055514+00:00
00000044-0086-4000-8000-000000000000,completed,2026-06-27 12:46:13.179511+00:00,2026-06-27 12:46:28.482630+00:00
00000031-0086-4000-8000-000000000000,completed,2026-06-27 12:46:12.847649+00:00,2026-06-27 12:46:28.274610+00:00
00000003-0087-4000-8000-000000000000,completed,2026-06-27 12:46:13.382423+00:00,2026-06-27 12:46:28.686287+00:00
00000032-0087-4000-8000-000000000000,completed,2026-06-27 12:46:14.490471+00:00,2026-06-27 12:46:29.636947+00:00
00000006-0087-4000-8000-000000000000,completed,2026-06-27 12:46:13.721089+00:00,2026-06-27 12:46:29.043593+00:00
00000042-0087-4000-8000-000000000000,completed,2026-06-27 12:46:14.776514+00:00,2026-06-27 12:46:29.880980+00:00
00000019-0087-4000-8000-000000000000,completed,2026-06-27 12:46:14.135931+00:00,2026-06-27 12:46:29.354538+00:00
00000029-0087-4000-8000-000000000000,completed,2026-06-27 12:46:14.276946+00:00,2026-06-27 12:46:29.453197+00:00
00000033-0087-4000-8000-000000000000,completed,2026-06-27 12:46:14.417680+00:00,2026-06-27 12:46:29.612164+00:00
00000032-0088-4000-8000-000000000000,completed,2026-06-27 12:46:16.350525+00:00,2026-06-27 12:46:31.211742+00:00
00000009-0088-4000-8000-000000000000,completed,2026-06-27 12:46:15.215118+00:00,2026-06-27 12:46:30.204532+00:00
00000050-0087-4000-8000-000000000000,completed,2026-06-27 12:46:14.993344+00:00,2026-06-27 12:46:30.051059+00:00
00000008-0088-4000-8000-000000000000,completed,2026-06-27 12:46:15.433710+00:00,2026-06-27 12:46:30.386362+00:00
00000003-0088-4000-8000-000000000000,completed,2026-06-27 12:46:15.139375+00:00,2026-06-27 12:46:30.202591+00:00
00000010-0088-4000-8000-000000000000,completed,2026-06-27 12:46:15.287513+00:00,2026-06-27 12:46:30.320037+00:00
00000010-0089-4000-8000-000000000000,completed,2026-06-27 12:46:17.228097+00:00,2026-06-27 12:46:31.908631+00:00
00000018-0088-4000-8000-000000000000,completed,2026-06-27 12:46:15.658664+00:00,2026-06-27 12:46:30.606114+00:00
00000023-0088-4000-8000-000000000000,completed,2026-06-27 12:46:15.809555+00:00,2026-06-27 12:46:30.788483+00:00
00000021-0088-4000-8000-000000000000,completed,2026-06-27 12:46:16.193264+00:00,2026-06-27 12:46:31.039404+00:00
00000044-0088-4000-8000-000000000000,completed,2026-06-27 12:46:16.820826+00:00,2026-06-27 12:46:31.605216+00:00
00000001-0089-4000-8000-000000000000,completed,2026-06-27 12:46:17.306922+00:00,2026-06-27 12:46:31.913094+00:00
00000050-0088-4000-8000-000000000000,completed,2026-06-27 12:46:16.901906+00:00,2026-06-27 12:46:31.598153+00:00
00000046-0088-4000-8000-000000000000,completed,2026-06-27 12:46:16.980800+00:00,2026-06-27 12:46:31.737236+00:00
00000009-0089-4000-8000-000000000000,completed,2026-06-27 12:46:17.143865+00:00,2026-06-27 12:46:31.822712+00:00
00000023-0089-4000-8000-000000000000,completed,2026-06-27 12:46:17.805857+00:00,2026-06-27 12:46:32.329906+00:00
00000010-0090-4000-8000-000000000000,completed,2026-06-27 12:46:19.394847+00:00,2026-06-27 12:46:33.415669+00:00
00000016-0089-4000-8000-000000000000,completed,2026-06-27 12:46:17.559474+00:00,2026-06-27 12:46:32.109613+00:00
00000002-0090-4000-8000-000000000000,completed,2026-06-27 12:46:20.350845+00:00,2026-06-27 12:46:34.064341+00:00
00000017-0089-4000-8000-000000000000,completed,2026-06-27 12:46:17.722586+00:00,2026-06-27 12:46:32.210493+00:00
00000046-0089-4000-8000-000000000000,completed,2026-06-27 12:46:19.125298+00:00,2026-06-27 12:46:33.265219+00:00
00000002-0089-4000-8000-000000000000,completed,2026-06-27 12:46:18.064949+00:00,2026-06-27 12:46:32.508493+00:00
00000029-0089-4000-8000-000000000000,completed,2026-06-27 12:46:18.146660+00:00,2026-06-27 12:46:32.555464+00:00
00000008-0090-4000-8000-000000000000,completed,2026-06-27 12:46:19.579998+00:00,2026-06-27 12:46:33.532642+00:00
00000009-0090-4000-8000-000000000000,completed,2026-06-27 12:46:19.301397+00:00,2026-06-27 12:46:33.349618+00:00
00000023-0090-4000-8000-000000000000,completed,2026-06-27 12:46:20.058964+00:00,2026-06-27 12:46:33.912272+00:00
00000042-0090-4000-8000-000000000000,completed,2026-06-27 12:46:21.156076+00:00,2026-06-27 12:46:34.494401+00:00
00000032-0091-4000-8000-000000000000,completed,2026-06-27 12:46:23.532930+00:00,2026-06-27 12:46:35.756423+00:00
00000018-0090-4000-8000-000000000000,completed,2026-06-27 12:46:19.865497+00:00,2026-06-27 12:46:33.737085+00:00
00000019-0090-4000-8000-000000000000,completed,2026-06-27 12:46:20.251201+00:00,2026-06-27 12:46:33.948054+00:00
00000050-0090-4000-8000-000000000000,completed,2026-06-27 12:46:21.471497+00:00,2026-06-27 12:46:34.680470+00:00
00000035-0090-4000-8000-000000000000,completed,2026-06-27 12:46:20.949535+00:00,2026-06-27 12:46:34.400632+00:00
00000009-0091-4000-8000-000000000000,completed,2026-06-27 12:46:21.793670+00:00,2026-06-27 12:46:34.876572+00:00
00000008-0091-4000-8000-000000000000,completed,2026-06-27 12:46:22.124632+00:00,2026-06-27 12:46:35.063829+00:00
00000017-0091-4000-8000-000000000000,completed,2026-06-27 12:46:22.576904+00:00,2026-06-27 12:46:35.237561+00:00
00000046-0090-4000-8000-000000000000,completed,2026-06-27 12:46:21.578678+00:00,2026-06-27 12:46:34.722214+00:00
00000003-0091-4000-8000-000000000000,completed,2026-06-27 12:46:21.687573+00:00,2026-06-27 12:46:34.818994+00:00
00000042-0091-4000-8000-000000000000,completed,2026-06-27 12:46:24.042463+00:00,2026-06-27 12:46:35.937269+00:00
00000050-0091-4000-8000-000000000000,completed,2026-06-27 12:46:24.438867+00:00,2026-06-27 12:46:36.121549+00:00
00000013-0092-4000-8000-000000000000,completed,2026-06-27 12:46:25.441382+00:00,2026-06-27 12:46:36.617445+00:00
00000047-0091-4000-8000-000000000000,completed,2026-06-27 12:46:24.172959+00:00,2026-06-27 12:46:36.062970+00:00
00000003-0092-4000-8000-000000000000,completed,2026-06-27 12:46:24.710892+00:00,2026-06-27 12:46:36.322233+00:00
00000045-0090-4000-8000-000000000000,completed,2026-06-27 12:46:21.317489+00:00,2026-06-27 12:46:34.585163+00:00
00000037-0089-4000-8000-000000000000,completed,2026-06-27 12:46:18.361457+00:00,2026-06-27 12:46:32.755244+00:00
00000028-0089-4000-8000-000000000000,completed,2026-06-27 12:46:18.538749+00:00,2026-06-27 12:46:32.846795+00:00
00000034-0090-4000-8000-000000000000,completed,2026-06-27 12:46:20.596495+00:00,2026-06-27 12:46:34.121698+00:00
00000041-0089-4000-8000-000000000000,completed,2026-06-27 12:46:18.803433+00:00,2026-06-27 12:46:33.005266+00:00
00000030-0090-4000-8000-000000000000,completed,2026-06-27 12:46:20.496690+00:00,2026-06-27 12:46:34.123936+00:00
00000048-0090-4000-8000-000000000000,completed,2026-06-27 12:46:21.634194+00:00,2026-06-27 12:46:34.772350+00:00
00000015-0090-4000-8000-000000000000,completed,2026-06-27 12:46:19.626732+00:00,2026-06-27 12:46:33.585214+00:00
00000037-0091-4000-8000-000000000000,completed,2026-06-27 12:46:23.474328+00:00,2026-06-27 12:46:35.734375+00:00
00000005-0090-4000-8000-000000000000,completed,2026-06-27 12:46:19.816096+00:00,2026-06-27 12:46:33.709307+00:00
00000020-0090-4000-8000-000000000000,completed,2026-06-27 12:46:20.008853+00:00,2026-06-27 12:46:33.770639+00:00
00000011-0091-4000-8000-000000000000,completed,2026-06-27 12:46:21.957850+00:00,2026-06-27 12:46:34.953976+00:00
00000036-0090-4000-8000-000000000000,completed,2026-06-27 12:46:20.796736+00:00,2026-06-27 12:46:34.316239+00:00
00000028-0090-4000-8000-000000000000,completed,2026-06-27 12:46:20.899652+00:00,2026-06-27 12:46:34.328215+00:00
00000040-0090-4000-8000-000000000000,completed,2026-06-27 12:46:21.002349+00:00,2026-06-27 12:46:34.426716+00:00
00000045-0091-4000-8000-000000000000,completed,2026-06-27 12:46:24.238923+00:00,2026-06-27 12:46:36.123559+00:00
00000022-0091-4000-8000-000000000000,completed,2026-06-27 12:46:22.518872+00:00,2026-06-27 12:46:35.258971+00:00
00000015-0092-4000-8000-000000000000,completed,2026-06-27 12:46:25.350068+00:00,2026-06-27 12:46:36.544774+00:00
00000026-0091-4000-8000-000000000000,completed,2026-06-27 12:46:22.868308+00:00,2026-06-27 12:46:35.433851+00:00
00000027-0091-4000-8000-000000000000,completed,2026-06-27 12:46:23.106188+00:00,2026-06-27 12:46:35.547823+00:00
00000024-0000-4000-8000-000000000000,completed,2026-06-27 12:43:42.741476+00:00,2026-06-27 12:43:42.893684+00:00
00000009-0000-4000-8000-000000000000,completed,2026-06-27 12:43:37.015647+00:00,2026-06-27 12:43:38.361652+00:00
00000007-0000-4000-8000-000000000000,completed,2026-06-27 12:43:37.410314+00:00,2026-06-27 12:43:38.777021+00:00
00000033-0000-4000-8000-000000000000,completed,2026-06-27 12:43:45.116437+00:00,2026-06-27 12:43:45.287179+00:00
00000008-0000-4000-8000-000000000000,completed,2026-06-27 12:43:38.904357+00:00,2026-06-27 12:43:39.054538+00:00
00000012-0000-4000-8000-000000000000,completed,2026-06-27 12:43:39.248598+00:00,2026-06-27 12:43:39.379203+00:00
00000007-0001-4000-8000-000000000000,completed,2026-06-27 12:43:49.578683+00:00,2026-06-27 12:43:49.722590+00:00
00000011-0000-4000-8000-000000000000,completed,2026-06-27 12:43:38.196135+00:00,2026-06-27 12:43:39.663851+00:00
00000015-0000-4000-8000-000000000000,completed,2026-06-27 12:43:39.579443+00:00,2026-06-27 12:43:39.722650+00:00
00000037-0000-4000-8000-000000000000,completed,2026-06-27 12:43:45.333099+00:00,2026-06-27 12:43:45.469152+00:00
00000006-0000-4000-8000-000000000000,completed,2026-06-27 12:43:39.903727+00:00,2026-06-27 12:43:40.039899+00:00
00000014-0000-4000-8000-000000000000,completed,2026-06-27 12:43:40.213129+00:00,2026-06-27 12:43:40.363315+00:00
00000022-0000-4000-8000-000000000000,completed,2026-06-27 12:43:41.677409+00:00,2026-06-27 12:43:41.816916+00:00
00000038-0000-4000-8000-000000000000,completed,2026-06-27 12:43:46.796470+00:00,2026-06-27 12:43:46.942325+00:00
00000017-0000-4000-8000-000000000000,completed,2026-06-27 12:43:41.955938+00:00,2026-06-27 12:43:42.105618+00:00
00000026-0001-4000-8000-000000000000,completed,2026-06-27 12:43:52.514539+00:00,2026-06-27 12:43:52.655093+00:00
00000008-0001-4000-8000-000000000000,completed,2026-06-27 12:43:50.486695+00:00,2026-06-27 12:43:50.624263+00:00
00000041-0000-4000-8000-000000000000,completed,2026-06-27 12:43:47.582119+00:00,2026-06-27 12:43:47.729261+00:00
00000050-0000-4000-8000-000000000000,completed,2026-06-27 12:43:48.524394+00:00,2026-06-27 12:43:48.664918+00:00
00000003-0001-4000-8000-000000000000,completed,2026-06-27 12:43:49.046586+00:00,2026-06-27 12:43:49.210243+00:00
00000015-0001-4000-8000-000000000000,completed,2026-06-27 12:43:50.822934+00:00,2026-06-27 12:43:50.950907+00:00
00000034-0001-4000-8000-000000000000,completed,2026-06-27 12:43:53.716042+00:00,2026-06-27 12:43:53.855432+00:00
00000017-0001-4000-8000-000000000000,completed,2026-06-27 12:43:51.893960+00:00,2026-06-27 12:43:52.026441+00:00
00000019-0001-4000-8000-000000000000,completed,2026-06-27 12:43:52.670089+00:00,2026-06-27 12:43:52.816820+00:00
00000030-0001-4000-8000-000000000000,completed,2026-06-27 12:43:53.421183+00:00,2026-06-27 12:43:53.571234+00:00
00000036-0001-4000-8000-000000000000,completed,2026-06-27 12:43:54.434256+00:00,2026-06-27 12:43:54.607187+00:00
00000033-0001-4000-8000-000000000000,completed,2026-06-27 12:43:53.861088+00:00,2026-06-27 12:43:54.031988+00:00
00000042-0001-4000-8000-000000000000,completed,2026-06-27 12:43:55.413712+00:00,2026-06-27 12:43:55.555973+00:00
00000049-0001-4000-8000-000000000000,completed,2026-06-27 12:43:56.093537+00:00,2026-06-27 12:43:56.236282+00:00
00000006-0002-4000-8000-000000000000,completed,2026-06-27 12:43:57.911000+00:00,2026-06-27 12:43:58.069219+00:00
00000014-0002-4000-8000-000000000000,completed,2026-06-27 12:43:58.159900+00:00,2026-06-27 12:43:58.299560+00:00
00000022-0003-4000-8000-000000000000,completed,2026-06-27 12:44:04.272854+00:00,2026-06-27 12:44:04.419758+00:00
00000016-0002-4000-8000-000000000000,completed,2026-06-27 12:43:58.407957+00:00,2026-06-27 12:43:58.564058+00:00
00000020-0002-4000-8000-000000000000,completed,2026-06-27 12:43:58.897539+00:00,2026-06-27 12:43:59.040452+00:00
00000024-0002-4000-8000-000000000000,completed,2026-06-27 12:43:59.142035+00:00,2026-06-27 12:43:59.286576+00:00
00000032-0003-4000-8000-000000000000,completed,2026-06-27 12:44:05.894075+00:00,2026-06-27 12:44:06.043172+00:00
00000033-0002-4000-8000-000000000000,completed,2026-06-27 12:44:00.325860+00:00,2026-06-27 12:44:00.466678+00:00
00000041-0002-4000-8000-000000000000,completed,2026-06-27 12:44:01.692634+00:00,2026-06-27 12:44:01.843524+00:00
00000006-0004-4000-8000-000000000000,completed,2026-06-27 12:44:08.487974+00:00,2026-06-27 12:44:08.631164+00:00
00000046-0002-4000-8000-000000000000,completed,2026-06-27 12:44:02.356481+00:00,2026-06-27 12:44:02.488847+00:00
00000036-0003-4000-8000-000000000000,completed,2026-06-27 12:44:06.089869+00:00,2026-06-27 12:44:06.228837+00:00
00000003-0003-4000-8000-000000000000,completed,2026-06-27 12:44:02.573364+00:00,2026-06-27 12:44:02.726838+00:00
00000010-0003-4000-8000-000000000000,completed,2026-06-27 12:44:03.006769+00:00,2026-06-27 12:44:03.161274+00:00
00000008-0003-4000-8000-000000000000,completed,2026-06-27 12:44:03.433416+00:00,2026-06-27 12:44:03.599108+00:00
00000041-0003-4000-8000-000000000000,completed,2026-06-27 12:44:06.858176+00:00,2026-06-27 12:44:06.991349+00:00
00000016-0003-4000-8000-000000000000,completed,2026-06-27 12:44:04.066531+00:00,2026-06-27 12:44:04.239893+00:00
00000029-0004-4000-8000-000000000000,completed,2026-06-27 12:44:09.843189+00:00,2026-06-27 12:44:09.990838+00:00
00000014-0004-4000-8000-000000000000,completed,2026-06-27 12:44:08.661574+00:00,2026-06-27 12:44:08.815258+00:00
00000045-0003-4000-8000-000000000000,completed,2026-06-27 12:44:07.042873+00:00,2026-06-27 12:44:07.198843+00:00
00000046-0003-4000-8000-000000000000,completed,2026-06-27 12:44:07.413834+00:00,2026-06-27 12:44:07.567921+00:00
00000009-0004-4000-8000-000000000000,completed,2026-06-27 12:44:07.776686+00:00,2026-06-27 12:44:07.909442+00:00
00000022-0004-4000-8000-000000000000,completed,2026-06-27 12:44:09.006144+00:00,2026-06-27 12:44:09.142683+00:00
00000041-0004-4000-8000-000000000000,completed,2026-06-27 12:44:11.130175+00:00,2026-06-27 12:44:11.277083+00:00
00000002-0004-4000-8000-000000000000,completed,2026-06-27 12:44:09.678579+00:00,2026-06-27 12:44:09.818722+00:00
00000021-0004-4000-8000-000000000000,completed,2026-06-27 12:44:10.008549+00:00,2026-06-27 12:44:10.165633+00:00
00000032-0004-4000-8000-000000000000,completed,2026-06-27 12:44:10.333446+00:00,2026-06-27 12:44:10.476092+00:00
00000010-0005-4000-8000-000000000000,completed,2026-06-27 12:44:12.054106+00:00,2026-06-27 12:44:12.194310+00:00
00000009-0005-4000-8000-000000000000,completed,2026-06-27 12:44:11.903626+00:00,2026-06-27 12:44:12.044118+00:00
00000008-0005-4000-8000-000000000000,completed,2026-06-27 12:44:12.352384+00:00,2026-06-27 12:44:12.494352+00:00
00000020-0005-4000-8000-000000000000,completed,2026-06-27 12:44:13.088452+00:00,2026-06-27 12:44:13.234365+00:00
00000024-0005-4000-8000-000000000000,completed,2026-06-27 12:44:13.237322+00:00,2026-06-27 12:44:13.378634+00:00
00000002-0005-4000-8000-000000000000,completed,2026-06-27 12:44:13.524380+00:00,2026-06-27 12:44:13.668584+00:00
00000012-0003-4000-8000-000000000000,completed,2026-06-27 12:44:03.328012+00:00,2026-06-27 12:44:03.465132+00:00
00000018-0002-4000-8000-000000000000,completed,2026-06-27 12:43:58.532817+00:00,2026-06-27 12:43:58.671234+00:00
00000017-0002-4000-8000-000000000000,completed,2026-06-27 12:43:58.777104+00:00,2026-06-27 12:43:58.944442+00:00
00000004-0005-4000-8000-000000000000,completed,2026-06-27 12:44:11.826834+00:00,2026-06-27 12:44:11.972525+00:00
00000026-0002-4000-8000-000000000000,completed,2026-06-27 12:43:59.261318+00:00,2026-06-27 12:43:59.409483+00:00
00000005-0003-4000-8000-000000000000,completed,2026-06-27 12:44:03.961756+00:00,2026-06-27 12:44:04.107106+00:00
00000034-0002-4000-8000-000000000000,completed,2026-06-27 12:44:00.207869+00:00,2026-06-27 12:44:00.362477+00:00
00000031-0002-4000-8000-000000000000,completed,2026-06-27 12:44:00.902875+00:00,2026-06-27 12:44:01.060919+00:00
00000042-0003-4000-8000-000000000000,completed,2026-06-27 12:44:06.762916+00:00,2026-06-27 12:44:06.913236+00:00
00000040-0002-4000-8000-000000000000,completed,2026-06-27 12:44:01.131701+00:00,2026-06-27 12:44:01.264366+00:00
00000017-0003-4000-8000-000000000000,completed,2026-06-27 12:44:04.374112+00:00,2026-06-27 12:44:04.515734+00:00
00000042-0002-4000-8000-000000000000,completed,2026-06-27 12:44:01.583860+00:00,2026-06-27 12:44:01.727090+00:00
00000044-0002-4000-8000-000000000000,completed,2026-06-27 12:44:02.025455+00:00,2026-06-27 12:44:02.173610+00:00
00000048-0002-4000-8000-000000000000,completed,2026-06-27 12:44:02.465948+00:00,2026-06-27 12:44:02.614699+00:00
00000026-0003-4000-8000-000000000000,completed,2026-06-27 12:44:04.788233+00:00,2026-06-27 12:44:04.942578+00:00
00000004-0003-4000-8000-000000000000,completed,2026-06-27 12:44:02.683278+00:00,2026-06-27 12:44:02.833825+00:00
00000005-0004-4000-8000-000000000000,completed,2026-06-27 12:44:08.749093+00:00,2026-06-27 12:44:08.897356+00:00
00000044-0003-4000-8000-000000000000,completed,2026-06-27 12:44:07.137030+00:00,2026-06-27 12:44:07.292026+00:00
00000027-0003-4000-8000-000000000000,completed,2026-06-27 12:44:05.195654+00:00,2026-06-27 12:44:05.333859+00:00
00000035-0003-4000-8000-000000000000,completed,2026-06-27 12:44:05.993851+00:00,2026-06-27 12:44:06.161448+00:00
00000039-0003-4000-8000-000000000000,completed,2026-06-27 12:44:06.573696+00:00,2026-06-27 12:44:06.722695+00:00
00000050-0003-4000-8000-000000000000,completed,2026-06-27 12:44:07.320536+00:00,2026-06-27 12:44:07.463622+00:00
00000030-0004-4000-8000-000000000000,completed,2026-06-27 12:44:09.926473+00:00,2026-06-27 12:44:10.069695+00:00
00000007-0004-4000-8000-000000000000,completed,2026-06-27 12:44:07.867360+00:00,2026-06-27 12:44:08.003967+00:00
00000018-0004-4000-8000-000000000000,completed,2026-06-27 12:44:08.920642+00:00,2026-06-27 12:44:09.063824+00:00
00000023-0004-4000-8000-000000000000,completed,2026-06-27 12:44:09.261233+00:00,2026-06-27 12:44:09.433666+00:00
00000040-0004-4000-8000-000000000000,completed,2026-06-27 12:44:10.735843+00:00,2026-06-27 12:44:10.883791+00:00
00000031-0004-4000-8000-000000000000,completed,2026-06-27 12:44:10.577955+00:00,2026-06-27 12:44:10.708429+00:00
00000042-0004-4000-8000-000000000000,completed,2026-06-27 12:44:11.052912+00:00,2026-06-27 12:44:11.184552+00:00
00000048-0004-4000-8000-000000000000,completed,2026-06-27 12:44:11.673758+00:00,2026-06-27 12:44:11.831291+00:00
00000007-0005-4000-8000-000000000000,completed,2026-06-27 12:44:11.979625+00:00,2026-06-27 12:44:12.114380+00:00
00000013-0006-4000-8000-000000000000,completed,2026-06-27 12:44:16.060252+00:00,2026-06-27 12:44:16.207147+00:00
00000015-0005-4000-8000-000000000000,completed,2026-06-27 12:44:12.429716+00:00,2026-06-27 12:44:12.565472+00:00
00000030-0007-4000-8000-000000000000,completed,2026-06-27 12:44:20.121116+00:00,2026-06-27 12:44:20.263579+00:00
00000027-0005-4000-8000-000000000000,completed,2026-06-27 12:44:13.596568+00:00,2026-06-27 12:44:13.746922+00:00
00000030-0005-4000-8000-000000000000,completed,2026-06-27 12:44:13.736343+00:00,2026-06-27 12:44:13.870972+00:00
00000035-0006-4000-8000-000000000000,completed,2026-06-27 12:44:17.470718+00:00,2026-06-27 12:44:17.616190+00:00
00000034-0005-4000-8000-000000000000,completed,2026-06-27 12:44:13.882289+00:00,2026-06-27 12:44:14.024374+00:00
00000035-0005-4000-8000-000000000000,completed,2026-06-27 12:44:14.163376+00:00,2026-06-27 12:44:14.291181+00:00
00000034-0007-4000-8000-000000000000,completed,2026-06-27 12:44:20.237030+00:00,2026-06-27 12:44:20.382546+00:00
00000042-0005-4000-8000-000000000000,completed,2026-06-27 12:44:14.716531+00:00,2026-06-27 12:44:14.867181+00:00
00000047-0005-4000-8000-000000000000,completed,2026-06-27 12:44:14.853335+00:00,2026-06-27 12:44:15.011230+00:00
00000044-0005-4000-8000-000000000000,completed,2026-06-27 12:44:14.989469+00:00,2026-06-27 12:44:15.121277+00:00
00000042-0006-4000-8000-000000000000,completed,2026-06-27 12:44:17.968629+00:00,2026-06-27 12:44:18.111135+00:00
00000050-0005-4000-8000-000000000000,completed,2026-06-27 12:44:15.125255+00:00,2026-06-27 12:44:15.273472+00:00
00000047-0006-4000-8000-000000000000,completed,2026-06-27 12:44:18.092809+00:00,2026-06-27 12:44:18.233324+00:00
00000004-0006-4000-8000-000000000000,completed,2026-06-27 12:44:15.395412+00:00,2026-06-27 12:44:15.540160+00:00
00000030-0008-4000-8000-000000000000,completed,2026-06-27 12:44:22.906260+00:00,2026-06-27 12:44:23.050893+00:00
00000018-0007-4000-8000-000000000000,completed,2026-06-27 12:44:19.418104+00:00,2026-06-27 12:44:19.570437+00:00
00000012-0008-4000-8000-000000000000,completed,2026-06-27 12:44:21.816802+00:00,2026-06-27 12:44:21.977707+00:00
00000027-0007-4000-8000-000000000000,completed,2026-06-27 12:44:20.005334+00:00,2026-06-27 12:44:20.154220+00:00
00000026-0008-4000-8000-000000000000,completed,2026-06-27 12:44:22.582213+00:00,2026-06-27 12:44:22.735365+00:00
00000031-0007-4000-8000-000000000000,completed,2026-06-27 12:44:20.584212+00:00,2026-06-27 12:44:20.717968+00:00
00000040-0007-4000-8000-000000000000,completed,2026-06-27 12:44:20.695637+00:00,2026-06-27 12:44:20.840829+00:00
00000013-0008-4000-8000-000000000000,completed,2026-06-27 12:44:22.037741+00:00,2026-06-27 12:44:22.176513+00:00
00000050-0007-4000-8000-000000000000,completed,2026-06-27 12:44:21.261240+00:00,2026-06-27 12:44:21.402883+00:00
00000025-0008-4000-8000-000000000000,completed,2026-06-27 12:44:22.691108+00:00,2026-06-27 12:44:22.827532+00:00
00000007-0009-4000-8000-000000000000,completed,2026-06-27 12:44:24.276190+00:00,2026-06-27 12:44:24.434225+00:00
00000035-0008-4000-8000-000000000000,completed,2026-06-27 12:44:23.233129+00:00,2026-06-27 12:44:23.366522+00:00
00000037-0008-4000-8000-000000000000,completed,2026-06-27 12:44:23.117173+00:00,2026-06-27 12:44:23.268212+00:00
00000044-0008-4000-8000-000000000000,completed,2026-06-27 12:44:23.857387+00:00,2026-06-27 12:44:23.991368+00:00
00000004-0009-4000-8000-000000000000,completed,2026-06-27 12:44:24.169682+00:00,2026-06-27 12:44:24.307548+00:00
00000014-0008-4000-8000-000000000000,completed,2026-06-27 12:44:22.091506+00:00,2026-06-27 12:44:22.223182+00:00
00000036-0005-4000-8000-000000000000,completed,2026-06-27 12:44:14.229071+00:00,2026-06-27 12:44:14.380378+00:00
00000014-0007-4000-8000-000000000000,completed,2026-06-27 12:44:19.241116+00:00,2026-06-27 12:44:19.422211+00:00
00000043-0005-4000-8000-000000000000,completed,2026-06-27 12:44:14.648689+00:00,2026-06-27 12:44:14.789008+00:00
00000016-0007-4000-8000-000000000000,completed,2026-06-27 12:44:19.358839+00:00,2026-06-27 12:44:19.500307+00:00
00000046-0005-4000-8000-000000000000,completed,2026-06-27 12:44:15.192930+00:00,2026-06-27 12:44:15.333368+00:00
00000008-0006-4000-8000-000000000000,completed,2026-06-27 12:44:15.861177+00:00,2026-06-27 12:44:16.026423+00:00
00000003-0008-4000-8000-000000000000,completed,2026-06-27 12:44:21.428409+00:00,2026-06-27 12:44:21.573297+00:00
00000016-0006-4000-8000-000000000000,completed,2026-06-27 12:44:16.253047+00:00,2026-06-27 12:44:16.417069+00:00
00000020-0007-4000-8000-000000000000,completed,2026-06-27 12:44:19.595109+00:00,2026-06-27 12:44:19.765324+00:00
00000024-0006-4000-8000-000000000000,completed,2026-06-27 12:44:16.645104+00:00,2026-06-27 12:44:16.793534+00:00
00000029-0006-4000-8000-000000000000,completed,2026-06-27 12:44:17.025600+00:00,2026-06-27 12:44:17.191324+00:00
00000038-0006-4000-8000-000000000000,completed,2026-06-27 12:44:17.782962+00:00,2026-06-27 12:44:17.937214+00:00
00000029-0007-4000-8000-000000000000,completed,2026-06-27 12:44:20.063334+00:00,2026-06-27 12:44:20.198401+00:00
00000046-0006-4000-8000-000000000000,completed,2026-06-27 12:44:18.395015+00:00,2026-06-27 12:44:18.543912+00:00
00000016-0008-4000-8000-000000000000,completed,2026-06-27 12:44:22.201737+00:00,2026-06-27 12:44:22.349599+00:00
00000006-0007-4000-8000-000000000000,completed,2026-06-27 12:44:19.121417+00:00,2026-06-27 12:44:19.297455+00:00
00000036-0007-4000-8000-000000000000,completed,2026-06-27 12:44:20.523627+00:00,2026-06-27 12:44:20.659926+00:00
00000001-0008-4000-8000-000000000000,completed,2026-06-27 12:44:21.761943+00:00,2026-06-27 12:44:21.914269+00:00
00000043-0007-4000-8000-000000000000,completed,2026-06-27 12:44:20.866276+00:00,2026-06-27 12:44:21.003104+00:00
00000041-0007-4000-8000-000000000000,completed,2026-06-27 12:44:20.979264+00:00,2026-06-27 12:44:21.154569+00:00
00000008-0008-4000-8000-000000000000,completed,2026-06-27 12:44:21.875018+00:00,2026-06-27 12:44:22.022237+00:00
00000001-0009-4000-8000-000000000000,completed,2026-06-27 12:44:24.428099+00:00,2026-06-27 12:44:24.586879+00:00
00000038-0008-4000-8000-000000000000,completed,2026-06-27 12:44:23.491098+00:00,2026-06-27 12:44:23.639412+00:00
00000032-0008-4000-8000-000000000000,completed,2026-06-27 12:44:23.172387+00:00,2026-06-27 12:44:23.324295+00:00
00000020-0008-4000-8000-000000000000,completed,2026-06-27 12:44:22.418943+00:00,2026-06-27 12:44:22.546747+00:00
00000024-0008-4000-8000-000000000000,completed,2026-06-27 12:44:22.528682+00:00,2026-06-27 12:44:22.665256+00:00
00000036-0008-4000-8000-000000000000,completed,2026-06-27 12:44:23.279065+00:00,2026-06-27 12:44:23.435201+00:00
00000049-0008-4000-8000-000000000000,completed,2026-06-27 12:44:23.910025+00:00,2026-06-27 12:44:24.057301+00:00
00000003-0009-4000-8000-000000000000,completed,2026-06-27 12:44:24.119104+00:00,2026-06-27 12:44:24.279319+00:00
00000010-0009-4000-8000-000000000000,completed,2026-06-27 12:44:24.324980+00:00,2026-06-27 12:44:24.469574+00:00
00000024-0085-4000-8000-000000000000,completed,2026-06-27 12:46:10.796915+00:00,2026-06-27 12:46:26.339651+00:00
00000011-0009-4000-8000-000000000000,completed,2026-06-27 12:44:24.375629+00:00,2026-06-27 12:44:24.542170+00:00
00000024-0088-4000-8000-000000000000,completed,2026-06-27 12:46:15.849562+00:00,2026-06-27 12:46:30.735366+00:00
00000013-0009-4000-8000-000000000000,completed,2026-06-27 12:44:24.686463+00:00,2026-06-27 12:44:24.840229+00:00
00000035-0089-4000-8000-000000000000,completed,2026-06-27 12:46:18.582514+00:00,2026-06-27 12:46:32.886399+00:00
00000025-0009-4000-8000-000000000000,completed,2026-06-27 12:44:25.294783+00:00,2026-06-27 12:44:25.453002+00:00
00000027-0092-4000-8000-000000000000,completed,2026-06-27 12:46:26.597146+00:00,2026-06-27 12:46:37.051019+00:00
00000038-0092-4000-8000-000000000000,completed,2026-06-27 12:46:27.753746+00:00,2026-06-27 12:46:37.414862+00:00
00000004-0093-4000-8000-000000000000,completed,2026-06-27 12:46:29.116025+00:00,2026-06-27 12:46:37.760979+00:00
00000034-0010-4000-8000-000000000000,completed,2026-06-27 12:44:28.021349+00:00,2026-06-27 12:44:28.175345+00:00
00000014-0009-4000-8000-000000000000,completed,2026-06-27 12:44:24.736656+00:00,2026-06-27 12:44:24.892299+00:00
00000005-0010-4000-8000-000000000000,completed,2026-06-27 12:44:27.258219+00:00,2026-06-27 12:44:27.424384+00:00
00000024-0009-4000-8000-000000000000,completed,2026-06-27 12:44:25.143804+00:00,2026-06-27 12:44:25.291986+00:00
00000022-0010-4000-8000-000000000000,completed,2026-06-27 12:44:27.405432+00:00,2026-06-27 12:44:27.560737+00:00
00000002-0009-4000-8000-000000000000,completed,2026-06-27 12:44:25.341987+00:00,2026-06-27 12:44:25.470974+00:00
00000037-0009-4000-8000-000000000000,completed,2026-06-27 12:44:25.696308+00:00,2026-06-27 12:44:25.852492+00:00
00000031-0009-4000-8000-000000000000,completed,2026-06-27 12:44:25.895269+00:00,2026-06-27 12:44:26.050418+00:00
00000050-0009-4000-8000-000000000000,completed,2026-06-27 12:44:26.485813+00:00,2026-06-27 12:44:26.641030+00:00
00000042-0010-4000-8000-000000000000,completed,2026-06-27 12:44:28.586386+00:00,2026-06-27 12:44:28.737117+00:00
00000004-0010-4000-8000-000000000000,completed,2026-06-27 12:44:26.680888+00:00,2026-06-27 12:44:26.834559+00:00
00000007-0010-4000-8000-000000000000,completed,2026-06-27 12:44:26.778372+00:00,2026-06-27 12:44:26.924315+00:00
00000032-0010-4000-8000-000000000000,completed,2026-06-27 12:44:28.163615+00:00,2026-06-27 12:44:28.302143+00:00
00000026-0010-4000-8000-000000000000,completed,2026-06-27 12:44:27.643968+00:00,2026-06-27 12:44:27.810568+00:00
00000012-0010-4000-8000-000000000000,completed,2026-06-27 12:44:26.972547+00:00,2026-06-27 12:44:27.126671+00:00
00000006-0010-4000-8000-000000000000,completed,2026-06-27 12:44:27.116678+00:00,2026-06-27 12:44:27.279723+00:00
00000025-0010-4000-8000-000000000000,completed,2026-06-27 12:44:27.739376+00:00,2026-06-27 12:44:27.885981+00:00
00000002-0010-4000-8000-000000000000,completed,2026-06-27 12:44:27.786137+00:00,2026-06-27 12:44:27.945730+00:00
00000029-0010-4000-8000-000000000000,completed,2026-06-27 12:44:27.877991+00:00,2026-06-27 12:44:28.048319+00:00
00000035-0010-4000-8000-000000000000,completed,2026-06-27 12:44:28.209726+00:00,2026-06-27 12:44:28.370807+00:00
00000028-0010-4000-8000-000000000000,completed,2026-06-27 12:44:28.351460+00:00,2026-06-27 12:44:28.516842+00:00
00000003-0011-4000-8000-000000000000,completed,2026-06-27 12:44:29.001284+00:00,2026-06-27 12:44:29.164332+00:00
00000006-0011-4000-8000-000000000000,completed,2026-06-27 12:44:29.458342+00:00,2026-06-27 12:44:29.628672+00:00
00000045-0010-4000-8000-000000000000,completed,2026-06-27 12:44:28.724909+00:00,2026-06-27 12:44:28.889800+00:00
00000049-0010-4000-8000-000000000000,completed,2026-06-27 12:44:28.817983+00:00,2026-06-27 12:44:28.983188+00:00
00000050-0010-4000-8000-000000000000,completed,2026-06-27 12:44:28.860620+00:00,2026-06-27 12:44:29.001570+00:00
00000010-0011-4000-8000-000000000000,completed,2026-06-27 12:44:29.183541+00:00,2026-06-27 12:44:29.326965+00:00
00000013-0011-4000-8000-000000000000,completed,2026-06-27 12:44:29.506229+00:00,2026-06-27 12:44:29.684400+00:00
00000012-0011-4000-8000-000000000000,completed,2026-06-27 12:44:29.320299+00:00,2026-06-27 12:44:29.487506+00:00
00000015-0011-4000-8000-000000000000,completed,2026-06-27 12:44:29.413076+00:00,2026-06-27 12:44:29.570436+00:00
00000022-0011-4000-8000-000000000000,completed,2026-06-27 12:44:29.732186+00:00,2026-06-27 12:44:29.920758+00:00
00000028-0014-4000-8000-000000000000,completed,2026-06-27 12:44:36.860112+00:00,2026-06-27 12:44:37.035768+00:00
00000020-0011-4000-8000-000000000000,completed,2026-06-27 12:44:29.820447+00:00,2026-06-27 12:44:29.964634+00:00
00000021-0012-4000-8000-000000000000,completed,2026-06-27 12:44:32.455206+00:00,2026-06-27 12:44:32.655852+00:00
00000043-0011-4000-8000-000000000000,completed,2026-06-27 12:44:30.803869+00:00,2026-06-27 12:44:30.977185+00:00
00000033-0012-4000-8000-000000000000,completed,2026-06-27 12:44:32.542782+00:00,2026-06-27 12:44:32.745657+00:00
00000045-0011-4000-8000-000000000000,completed,2026-06-27 12:44:30.982089+00:00,2026-06-27 12:44:31.171240+00:00
00000009-0012-4000-8000-000000000000,completed,2026-06-27 12:44:31.333238+00:00,2026-06-27 12:44:31.514975+00:00
00000009-0013-4000-8000-000000000000,completed,2026-06-27 12:44:33.469596+00:00,2026-06-27 12:44:33.639325+00:00
00000008-0012-4000-8000-000000000000,completed,2026-06-27 12:44:31.596457+00:00,2026-06-27 12:44:31.787450+00:00
00000006-0012-4000-8000-000000000000,completed,2026-06-27 12:44:31.680050+00:00,2026-06-27 12:44:31.839533+00:00
00000043-0013-4000-8000-000000000000,completed,2026-06-27 12:44:35.032510+00:00,2026-06-27 12:44:35.206824+00:00
00000022-0012-4000-8000-000000000000,completed,2026-06-27 12:44:31.942018+00:00,2026-06-27 12:44:32.098101+00:00
00000008-0013-4000-8000-000000000000,completed,2026-06-27 12:44:33.719655+00:00,2026-06-27 12:44:33.885514+00:00
00000020-0012-4000-8000-000000000000,completed,2026-06-27 12:44:32.025499+00:00,2026-06-27 12:44:32.187366+00:00
00000024-0012-4000-8000-000000000000,completed,2026-06-27 12:44:32.113938+00:00,2026-06-27 12:44:32.264024+00:00
00000029-0013-4000-8000-000000000000,completed,2026-06-27 12:44:34.462437+00:00,2026-06-27 12:44:34.626821+00:00
00000002-0012-4000-8000-000000000000,completed,2026-06-27 12:44:32.286053+00:00,2026-06-27 12:44:32.479454+00:00
00000021-0013-4000-8000-000000000000,completed,2026-06-27 12:44:34.544676+00:00,2026-06-27 12:44:34.709434+00:00
00000014-0013-4000-8000-000000000000,completed,2026-06-27 12:44:33.888305+00:00,2026-06-27 12:44:34.055622+00:00
00000022-0013-4000-8000-000000000000,completed,2026-06-27 12:44:34.050101+00:00,2026-06-27 12:44:34.227725+00:00
00000024-0013-4000-8000-000000000000,completed,2026-06-27 12:44:34.217308+00:00,2026-06-27 12:44:34.383962+00:00
00000032-0013-4000-8000-000000000000,completed,2026-06-27 12:44:34.708302+00:00,2026-06-27 12:44:34.857585+00:00
00000036-0013-4000-8000-000000000000,completed,2026-06-27 12:44:34.789028+00:00,2026-06-27 12:44:34.944576+00:00
00000002-0014-4000-8000-000000000000,completed,2026-06-27 12:44:36.390077+00:00,2026-06-27 12:44:36.553279+00:00
00000009-0014-4000-8000-000000000000,completed,2026-06-27 12:44:35.511936+00:00,2026-06-27 12:44:35.681098+00:00
00000010-0014-4000-8000-000000000000,completed,2026-06-27 12:44:35.591309+00:00,2026-06-27 12:44:35.816066+00:00
00000016-0014-4000-8000-000000000000,completed,2026-06-27 12:44:35.993987+00:00,2026-06-27 12:44:36.162912+00:00
00000022-0014-4000-8000-000000000000,completed,2026-06-27 12:44:36.073251+00:00,2026-06-27 12:44:36.251336+00:00
00000020-0014-4000-8000-000000000000,completed,2026-06-27 12:44:36.150814+00:00,2026-06-27 12:44:36.340284+00:00
00000036-0014-4000-8000-000000000000,completed,2026-06-27 12:44:36.781441+00:00,2026-06-27 12:44:36.931108+00:00
00000041-0014-4000-8000-000000000000,completed,2026-06-27 12:44:37.092502+00:00,2026-06-27 12:44:37.247298+00:00
00000039-0013-4000-8000-000000000000,completed,2026-06-27 12:44:34.992243+00:00,2026-06-27 12:44:35.148396+00:00
00000035-0011-4000-8000-000000000000,completed,2026-06-27 12:44:30.494968+00:00,2026-06-27 12:44:30.666621+00:00
00000018-0013-4000-8000-000000000000,completed,2026-06-27 12:44:34.013893+00:00,2026-06-27 12:44:34.154107+00:00
00000040-0011-4000-8000-000000000000,completed,2026-06-27 12:44:30.674432+00:00,2026-06-27 12:44:30.828917+00:00
00000017-0013-4000-8000-000000000000,completed,2026-06-27 12:44:34.091547+00:00,2026-06-27 12:44:34.234844+00:00
00000050-0011-4000-8000-000000000000,completed,2026-06-27 12:44:31.113272+00:00,2026-06-27 12:44:31.268102+00:00
00000042-0013-4000-8000-000000000000,completed,2026-06-27 12:44:35.073090+00:00,2026-06-27 12:44:35.223105+00:00
00000048-0011-4000-8000-000000000000,completed,2026-06-27 12:44:31.202048+00:00,2026-06-27 12:44:31.355748+00:00
00000004-0012-4000-8000-000000000000,completed,2026-06-27 12:44:31.289604+00:00,2026-06-27 12:44:31.451168+00:00
00000011-0012-4000-8000-000000000000,completed,2026-06-27 12:44:31.464474+00:00,2026-06-27 12:44:31.622206+00:00
00000012-0012-4000-8000-000000000000,completed,2026-06-27 12:44:31.553702+00:00,2026-06-27 12:44:31.708920+00:00
00000026-0013-4000-8000-000000000000,completed,2026-06-27 12:44:34.258536+00:00,2026-06-27 12:44:34.410391+00:00
00000026-0012-4000-8000-000000000000,completed,2026-06-27 12:44:32.158783+00:00,2026-06-27 12:44:32.356883+00:00
00000025-0013-4000-8000-000000000000,completed,2026-06-27 12:44:34.340773+00:00,2026-06-27 12:44:34.485431+00:00
00000031-0012-4000-8000-000000000000,completed,2026-06-27 12:44:32.755264+00:00,2026-06-27 12:44:32.932488+00:00
00000012-0013-4000-8000-000000000000,completed,2026-06-27 12:44:33.679625+00:00,2026-06-27 12:44:33.843531+00:00
00000004-0014-4000-8000-000000000000,completed,2026-06-27 12:44:35.477682+00:00,2026-06-27 12:44:35.632423+00:00
00000037-0013-4000-8000-000000000000,completed,2026-06-27 12:44:34.666967+00:00,2026-06-27 12:44:34.828235+00:00
00000035-0013-4000-8000-000000000000,completed,2026-06-27 12:44:34.748521+00:00,2026-06-27 12:44:34.916210+00:00
00000007-0014-4000-8000-000000000000,completed,2026-06-27 12:44:35.555794+00:00,2026-06-27 12:44:35.711342+00:00
00000050-0013-4000-8000-000000000000,completed,2026-06-27 12:44:35.316089+00:00,2026-06-27 12:44:35.483153+00:00
00000048-0013-4000-8000-000000000000,completed,2026-06-27 12:44:35.395659+00:00,2026-06-27 12:44:35.552658+00:00
00000030-0014-4000-8000-000000000000,completed,2026-06-27 12:44:36.506305+00:00,2026-06-27 12:44:36.661432+00:00
00000017-0014-4000-8000-000000000000,completed,2026-06-27 12:44:36.112578+00:00,2026-06-27 12:44:36.277306+00:00
00000011-0014-4000-8000-000000000000,completed,2026-06-27 12:44:35.635157+00:00,2026-06-27 12:44:35.778207+00:00
00000012-0014-4000-8000-000000000000,completed,2026-06-27 12:44:35.714564+00:00,2026-06-27 12:44:35.866066+00:00
00000023-0014-4000-8000-000000000000,completed,2026-06-27 12:44:36.192759+00:00,2026-06-27 12:44:36.356877+00:00
00000025-0014-4000-8000-000000000000,completed,2026-06-27 12:44:36.348596+00:00,2026-06-27 12:44:36.499178+00:00
00000027-0014-4000-8000-000000000000,completed,2026-06-27 12:44:36.428973+00:00,2026-06-27 12:44:36.575302+00:00
00000031-0014-4000-8000-000000000000,completed,2026-06-27 12:44:36.821123+00:00,2026-06-27 12:44:36.975910+00:00
00000047-0014-4000-8000-000000000000,completed,2026-06-27 12:44:37.132612+00:00,2026-06-27 12:44:37.278037+00:00
00000008-0016-4000-8000-000000000000,completed,2026-06-27 12:44:39.595333+00:00,2026-06-27 12:44:39.759051+00:00
00000049-0014-4000-8000-000000000000,completed,2026-06-27 12:44:37.248429+00:00,2026-06-27 12:44:37.423325+00:00
00000046-0014-4000-8000-000000000000,completed,2026-06-27 12:44:37.331317+00:00,2026-06-27 12:44:37.499452+00:00
00000010-0017-4000-8000-000000000000,completed,2026-06-27 12:44:41.273735+00:00,2026-06-27 12:44:41.450116+00:00
00000001-0015-4000-8000-000000000000,completed,2026-06-27 12:44:37.633899+00:00,2026-06-27 12:44:37.801832+00:00
00000008-0017-4000-8000-000000000000,completed,2026-06-27 12:44:41.416156+00:00,2026-06-27 12:44:41.578610+00:00
00000006-0015-4000-8000-000000000000,completed,2026-06-27 12:44:37.788411+00:00,2026-06-27 12:44:37.947920+00:00
00000016-0015-4000-8000-000000000000,completed,2026-06-27 12:44:37.940309+00:00,2026-06-27 12:44:38.124979+00:00
00000020-0016-4000-8000-000000000000,completed,2026-06-27 12:44:39.963952+00:00,2026-06-27 12:44:40.135502+00:00
00000019-0015-4000-8000-000000000000,completed,2026-06-27 12:44:38.248685+00:00,2026-06-27 12:44:38.409849+00:00
00000019-0016-4000-8000-000000000000,completed,2026-06-27 12:44:40.111306+00:00,2026-06-27 12:44:40.274786+00:00
00000033-0015-4000-8000-000000000000,completed,2026-06-27 12:44:38.547594+00:00,2026-06-27 12:44:38.693626+00:00
00000038-0015-4000-8000-000000000000,completed,2026-06-27 12:44:38.849493+00:00,2026-06-27 12:44:39.020551+00:00
00000043-0015-4000-8000-000000000000,completed,2026-06-27 12:44:38.922869+00:00,2026-06-27 12:44:39.075533+00:00
00000006-0018-4000-8000-000000000000,completed,2026-06-27 12:44:43.248911+00:00,2026-06-27 12:44:43.429058+00:00
00000010-0016-4000-8000-000000000000,completed,2026-06-27 12:44:39.448378+00:00,2026-06-27 12:44:39.618681+00:00
00000024-0017-4000-8000-000000000000,completed,2026-06-27 12:44:41.844049+00:00,2026-06-27 12:44:41.987613+00:00
00000032-0016-4000-8000-000000000000,completed,2026-06-27 12:44:40.475771+00:00,2026-06-27 12:44:40.626061+00:00
00000036-0016-4000-8000-000000000000,completed,2026-06-27 12:44:40.549778+00:00,2026-06-27 12:44:40.743161+00:00
00000009-0017-4000-8000-000000000000,completed,2026-06-27 12:44:41.200562+00:00,2026-06-27 12:44:41.385056+00:00
00000033-0018-4000-8000-000000000000,completed,2026-06-27 12:44:43.938330+00:00,2026-06-27 12:44:44.086289+00:00
00000014-0018-4000-8000-000000000000,completed,2026-06-27 12:44:43.319866+00:00,2026-06-27 12:44:43.483327+00:00
00000020-0018-4000-8000-000000000000,completed,2026-06-27 12:44:43.529944+00:00,2026-06-27 12:44:43.699423+00:00
00000001-0018-4000-8000-000000000000,completed,2026-06-27 12:44:43.111437+00:00,2026-06-27 12:44:43.277113+00:00
00000019-0018-4000-8000-000000000000,completed,2026-06-27 12:44:43.664238+00:00,2026-06-27 12:44:43.833320+00:00
00000022-0018-4000-8000-000000000000,completed,2026-06-27 12:44:43.456635+00:00,2026-06-27 12:44:43.623612+00:00
00000003-0019-4000-8000-000000000000,completed,2026-06-27 12:44:44.623469+00:00,2026-06-27 12:44:44.792263+00:00
00000028-0018-4000-8000-000000000000,completed,2026-06-27 12:44:44.144227+00:00,2026-06-27 12:44:44.307675+00:00
00000046-0018-4000-8000-000000000000,completed,2026-06-27 12:44:44.551875+00:00,2026-06-27 12:44:44.710781+00:00
00000041-0018-4000-8000-000000000000,completed,2026-06-27 12:44:44.348363+00:00,2026-06-27 12:44:44.497965+00:00
00000049-0018-4000-8000-000000000000,completed,2026-06-27 12:44:44.486065+00:00,2026-06-27 12:44:44.651856+00:00
00000005-0016-4000-8000-000000000000,completed,2026-06-27 12:44:39.778231+00:00,2026-06-27 12:44:39.935429+00:00
00000031-0017-4000-8000-000000000000,completed,2026-06-27 12:44:42.376544+00:00,2026-06-27 12:44:42.516800+00:00
00000018-0015-4000-8000-000000000000,completed,2026-06-27 12:44:37.978936+00:00,2026-06-27 12:44:38.138572+00:00
00000017-0015-4000-8000-000000000000,completed,2026-06-27 12:44:38.052548+00:00,2026-06-27 12:44:38.207909+00:00
00000026-0015-4000-8000-000000000000,completed,2026-06-27 12:44:38.204516+00:00,2026-06-27 12:44:38.345257+00:00
00000025-0015-4000-8000-000000000000,completed,2026-06-27 12:44:38.281835+00:00,2026-06-27 12:44:38.434493+00:00
00000037-0015-4000-8000-000000000000,completed,2026-06-27 12:44:38.583206+00:00,2026-06-27 12:44:38.741593+00:00
00000017-0016-4000-8000-000000000000,completed,2026-06-27 12:44:39.931868+00:00,2026-06-27 12:44:40.081026+00:00
00000039-0015-4000-8000-000000000000,completed,2026-06-27 12:44:38.887035+00:00,2026-06-27 12:44:39.039866+00:00
00000042-0015-4000-8000-000000000000,completed,2026-06-27 12:44:38.960325+00:00,2026-06-27 12:44:39.116723+00:00
00000044-0015-4000-8000-000000000000,completed,2026-06-27 12:44:39.112624+00:00,2026-06-27 12:44:39.267891+00:00
00000047-0016-4000-8000-000000000000,completed,2026-06-27 12:44:40.877344+00:00,2026-06-27 12:44:41.031287+00:00
00000012-0016-4000-8000-000000000000,completed,2026-06-27 12:44:39.556810+00:00,2026-06-27 12:44:39.711599+00:00
00000023-0016-4000-8000-000000000000,completed,2026-06-27 12:44:40.000616+00:00,2026-06-27 12:44:40.152625+00:00
00000044-0016-4000-8000-000000000000,completed,2026-06-27 12:44:40.948103+00:00,2026-06-27 12:44:41.136890+00:00
00000013-0016-4000-8000-000000000000,completed,2026-06-27 12:44:39.708080+00:00,2026-06-27 12:44:39.870008+00:00
00000026-0016-4000-8000-000000000000,completed,2026-06-27 12:44:40.074234+00:00,2026-06-27 12:44:40.238765+00:00
00000025-0016-4000-8000-000000000000,completed,2026-06-27 12:44:40.147249+00:00,2026-06-27 12:44:40.307343+00:00
00000030-0016-4000-8000-000000000000,completed,2026-06-27 12:44:40.294521+00:00,2026-06-27 12:44:40.455503+00:00
00000030-0017-4000-8000-000000000000,completed,2026-06-27 12:44:42.097873+00:00,2026-06-27 12:44:42.261836+00:00
00000040-0016-4000-8000-000000000000,completed,2026-06-27 12:44:40.659360+00:00,2026-06-27 12:44:40.849157+00:00
00000011-0017-4000-8000-000000000000,completed,2026-06-27 12:44:41.308781+00:00,2026-06-27 12:44:41.460983+00:00
00000017-0017-4000-8000-000000000000,completed,2026-06-27 12:44:41.738353+00:00,2026-06-27 12:44:41.896905+00:00
00000013-0017-4000-8000-000000000000,completed,2026-06-27 12:44:41.523603+00:00,2026-06-27 12:44:41.674529+00:00
00000026-0017-4000-8000-000000000000,completed,2026-06-27 12:44:41.880199+00:00,2026-06-27 12:44:42.044779+00:00
00000037-0017-4000-8000-000000000000,completed,2026-06-27 12:44:42.234807+00:00,2026-06-27 12:44:42.377117+00:00
00000015-0018-4000-8000-000000000000,completed,2026-06-27 12:44:43.215406+00:00,2026-06-27 12:44:43.366365+00:00
00000004-0018-4000-8000-000000000000,completed,2026-06-27 12:44:42.936427+00:00,2026-06-27 12:44:43.108000+00:00
00000017-0018-4000-8000-000000000000,completed,2026-06-27 12:44:43.491982+00:00,2026-06-27 12:44:43.654237+00:00
00000012-0018-4000-8000-000000000000,completed,2026-06-27 12:44:43.144654+00:00,2026-06-27 12:44:43.306671+00:00
00000018-0018-4000-8000-000000000000,completed,2026-06-27 12:44:43.422901+00:00,2026-06-27 12:44:43.594509+00:00
00000050-0021-4000-8000-000000000000,completed,2026-06-27 12:44:49.406863+00:00,2026-06-27 12:44:49.583046+00:00
00000034-0018-4000-8000-000000000000,completed,2026-06-27 12:44:43.906278+00:00,2026-06-27 12:44:44.070958+00:00
00000050-0019-4000-8000-000000000000,completed,2026-06-27 12:44:46.195942+00:00,2026-06-27 12:44:46.360796+00:00
00000048-0019-4000-8000-000000000000,completed,2026-06-27 12:44:46.259106+00:00,2026-06-27 12:44:46.425375+00:00
00000040-0018-4000-8000-000000000000,completed,2026-06-27 12:44:44.178087+00:00,2026-06-27 12:44:44.335526+00:00
00000004-0020-4000-8000-000000000000,completed,2026-06-27 12:44:46.327902+00:00,2026-06-27 12:44:46.513337+00:00
00000042-0018-4000-8000-000000000000,completed,2026-06-27 12:44:44.314472+00:00,2026-06-27 12:44:44.477883+00:00
00000044-0018-4000-8000-000000000000,completed,2026-06-27 12:44:44.450375+00:00,2026-06-27 12:44:44.628759+00:00
00000007-0019-4000-8000-000000000000,completed,2026-06-27 12:44:44.722744+00:00,2026-06-27 12:44:44.888381+00:00
00000011-0019-4000-8000-000000000000,completed,2026-06-27 12:44:44.789195+00:00,2026-06-27 12:44:44.959648+00:00
00000017-0019-4000-8000-000000000000,completed,2026-06-27 12:44:45.194055+00:00,2026-06-27 12:44:45.379606+00:00
00000026-0019-4000-8000-000000000000,completed,2026-06-27 12:44:45.330525+00:00,2026-06-27 12:44:45.509613+00:00
00000013-0020-4000-8000-000000000000,completed,2026-06-27 12:44:46.652224+00:00,2026-06-27 12:44:46.828395+00:00
00000035-0019-4000-8000-000000000000,completed,2026-06-27 12:44:45.728277+00:00,2026-06-27 12:44:45.928810+00:00
00000035-0021-4000-8000-000000000000,completed,2026-06-27 12:44:48.965540+00:00,2026-06-27 12:44:49.177437+00:00
00000018-0020-4000-8000-000000000000,completed,2026-06-27 12:44:46.783853+00:00,2026-06-27 12:44:46.948602+00:00
00000018-0022-4000-8000-000000000000,completed,2026-06-27 12:44:49.969774+00:00,2026-06-27 12:44:50.176022+00:00
00000039-0020-4000-8000-000000000000,completed,2026-06-27 12:44:47.562449+00:00,2026-06-27 12:44:47.715981+00:00
00000039-0021-4000-8000-000000000000,completed,2026-06-27 12:44:49.157027+00:00,2026-06-27 12:44:49.344542+00:00
00000005-0021-4000-8000-000000000000,completed,2026-06-27 12:44:48.331663+00:00,2026-06-27 12:44:48.500804+00:00
00000042-0021-4000-8000-000000000000,completed,2026-06-27 12:44:49.219491+00:00,2026-06-27 12:44:49.395023+00:00
00000023-0021-4000-8000-000000000000,completed,2026-06-27 12:44:48.525852+00:00,2026-06-27 12:44:48.683881+00:00
00000035-0022-4000-8000-000000000000,completed,2026-06-27 12:44:50.524786+00:00,2026-06-27 12:44:50.726494+00:00
00000004-0022-4000-8000-000000000000,completed,2026-06-27 12:44:49.532166+00:00,2026-06-27 12:44:49.731989+00:00
00000007-0022-4000-8000-000000000000,completed,2026-06-27 12:44:49.595992+00:00,2026-06-27 12:44:49.783442+00:00
00000013-0022-4000-8000-000000000000,completed,2026-06-27 12:44:49.845690+00:00,2026-06-27 12:44:50.015118+00:00
00000005-0022-4000-8000-000000000000,completed,2026-06-27 12:44:49.907419+00:00,2026-06-27 12:44:50.151886+00:00
00000030-0022-4000-8000-000000000000,completed,2026-06-27 12:44:50.341510+00:00,2026-06-27 12:44:50.506457+00:00
00000034-0022-4000-8000-000000000000,completed,2026-06-27 12:44:50.404048+00:00,2026-06-27 12:44:50.619430+00:00
00000042-0022-4000-8000-000000000000,completed,2026-06-27 12:44:50.771823+00:00,2026-06-27 12:44:50.954787+00:00
00000050-0022-4000-8000-000000000000,completed,2026-06-27 12:44:50.955865+00:00,2026-06-27 12:44:51.182224+00:00
00000022-0020-4000-8000-000000000000,completed,2026-06-27 12:44:46.822280+00:00,2026-06-27 12:44:46.996420+00:00
00000010-0019-4000-8000-000000000000,completed,2026-06-27 12:44:44.756598+00:00,2026-06-27 12:44:44.930486+00:00
00000032-0021-4000-8000-000000000000,completed,2026-06-27 12:44:48.935579+00:00,2026-06-27 12:44:49.102528+00:00
00000019-0020-4000-8000-000000000000,completed,2026-06-27 12:44:47.012353+00:00,2026-06-27 12:44:47.194618+00:00
00000022-0019-4000-8000-000000000000,completed,2026-06-27 12:44:45.159674+00:00,2026-06-27 12:44:45.328849+00:00
00000020-0019-4000-8000-000000000000,completed,2026-06-27 12:44:45.225446+00:00,2026-06-27 12:44:45.392069+00:00
00000024-0019-4000-8000-000000000000,completed,2026-06-27 12:44:45.293322+00:00,2026-06-27 12:44:45.455256+00:00
00000043-0019-4000-8000-000000000000,completed,2026-06-27 12:44:45.961151+00:00,2026-06-27 12:44:46.120242+00:00
00000045-0019-4000-8000-000000000000,completed,2026-06-27 12:44:46.093712+00:00,2026-06-27 12:44:46.244748+00:00
00000009-0020-4000-8000-000000000000,completed,2026-06-27 12:44:46.356001+00:00,2026-06-27 12:44:46.510694+00:00
00000033-0020-4000-8000-000000000000,completed,2026-06-27 12:44:47.270816+00:00,2026-06-27 12:44:47.430878+00:00
00000010-0020-4000-8000-000000000000,completed,2026-06-27 12:44:46.422644+00:00,2026-06-27 12:44:46.575745+00:00
00000008-0020-4000-8000-000000000000,completed,2026-06-27 12:44:46.554608+00:00,2026-06-27 12:44:46.739408+00:00
00000032-0020-4000-8000-000000000000,completed,2026-06-27 12:44:47.335568+00:00,2026-06-27 12:44:47.541753+00:00
00000014-0021-4000-8000-000000000000,completed,2026-06-27 12:44:48.302041+00:00,2026-06-27 12:44:48.470941+00:00
00000016-0020-4000-8000-000000000000,completed,2026-06-27 12:44:46.752344+00:00,2026-06-27 12:44:46.933542+00:00
00000016-0021-4000-8000-000000000000,completed,2026-06-27 12:44:48.363981+00:00,2026-06-27 12:44:48.522418+00:00
00000043-0020-4000-8000-000000000000,completed,2026-06-27 12:44:47.595788+00:00,2026-06-27 12:44:47.758724+00:00
00000041-0020-4000-8000-000000000000,completed,2026-06-27 12:44:47.659511+00:00,2026-06-27 12:44:47.874967+00:00
00000001-0022-4000-8000-000000000000,completed,2026-06-27 12:44:49.688302+00:00,2026-06-27 12:44:49.853537+00:00
00000001-0021-4000-8000-000000000000,completed,2026-06-27 12:44:48.110051+00:00,2026-06-27 12:44:48.276576+00:00
00000019-0021-4000-8000-000000000000,completed,2026-06-27 12:44:48.618296+00:00,2026-06-27 12:44:48.794995+00:00
00000003-0022-4000-8000-000000000000,completed,2026-06-27 12:44:49.500350+00:00,2026-06-27 12:44:49.682723+00:00
00000028-0021-4000-8000-000000000000,completed,2026-06-27 12:44:49.061879+00:00,2026-06-27 12:44:49.245423+00:00
00000043-0021-4000-8000-000000000000,completed,2026-06-27 12:44:49.187984+00:00,2026-06-27 12:44:49.370375+00:00
00000009-0022-4000-8000-000000000000,completed,2026-06-27 12:44:49.563809+00:00,2026-06-27 12:44:49.778178+00:00
00000024-0022-4000-8000-000000000000,completed,2026-06-27 12:44:50.123845+00:00,2026-06-27 12:44:50.325611+00:00
00000029-0022-4000-8000-000000000000,completed,2026-06-27 12:44:50.311052+00:00,2026-06-27 12:44:50.523963+00:00
00000020-0022-4000-8000-000000000000,completed,2026-06-27 12:44:50.061254+00:00,2026-06-27 12:44:50.258607+00:00
00000019-0022-4000-8000-000000000000,completed,2026-06-27 12:44:50.194859+00:00,2026-06-27 12:44:50.407382+00:00
00000038-0022-4000-8000-000000000000,completed,2026-06-27 12:44:50.680535+00:00,2026-06-27 12:44:50.908694+00:00
00000045-0023-4000-8000-000000000000,completed,2026-06-27 12:44:52.378619+00:00,2026-06-27 12:44:52.570727+00:00
00000049-0024-4000-8000-000000000000,completed,2026-06-27 12:44:53.917979+00:00,2026-06-27 12:44:54.139385+00:00
00000041-0022-4000-8000-000000000000,completed,2026-06-27 12:44:50.803534+00:00,2026-06-27 12:44:51.006435+00:00
00000045-0022-4000-8000-000000000000,completed,2026-06-27 12:44:50.863807+00:00,2026-06-27 12:44:51.082989+00:00
00000046-0022-4000-8000-000000000000,completed,2026-06-27 12:44:50.985838+00:00,2026-06-27 12:44:51.249118+00:00
00000046-0023-4000-8000-000000000000,completed,2026-06-27 12:44:52.498473+00:00,2026-06-27 12:44:52.693354+00:00
00000029-0024-4000-8000-000000000000,completed,2026-06-27 12:44:53.330995+00:00,2026-06-27 12:44:53.533656+00:00
00000001-0023-4000-8000-000000000000,completed,2026-06-27 12:44:51.230742+00:00,2026-06-27 12:44:51.455402+00:00
00000008-0023-4000-8000-000000000000,completed,2026-06-27 12:44:51.291690+00:00,2026-06-27 12:44:51.489042+00:00
00000003-0024-4000-8000-000000000000,completed,2026-06-27 12:44:52.558202+00:00,2026-06-27 12:44:52.779987+00:00
00000010-0024-4000-8000-000000000000,completed,2026-06-27 12:44:52.678138+00:00,2026-06-27 12:44:52.867890+00:00
00000020-0023-4000-8000-000000000000,completed,2026-06-27 12:44:51.598038+00:00,2026-06-27 12:44:51.827079+00:00
00000019-0023-4000-8000-000000000000,completed,2026-06-27 12:44:51.719596+00:00,2026-06-27 12:44:51.957725+00:00
00000032-0023-4000-8000-000000000000,completed,2026-06-27 12:44:52.017519+00:00,2026-06-27 12:44:52.242824+00:00
00000036-0023-4000-8000-000000000000,completed,2026-06-27 12:44:52.078128+00:00,2026-06-27 12:44:52.323994+00:00
00000038-0024-4000-8000-000000000000,completed,2026-06-27 12:44:53.683303+00:00,2026-06-27 12:44:53.896074+00:00
00000014-0024-4000-8000-000000000000,completed,2026-06-27 12:44:52.915496+00:00,2026-06-27 12:44:53.153420+00:00
00000021-0024-4000-8000-000000000000,completed,2026-06-27 12:44:53.389701+00:00,2026-06-27 12:44:53.629389+00:00
00000024-0024-4000-8000-000000000000,completed,2026-06-27 12:44:53.153122+00:00,2026-06-27 12:44:53.321388+00:00
00000029-0025-4000-8000-000000000000,completed,2026-06-27 12:44:54.790913+00:00,2026-06-27 12:44:55.024238+00:00
00000019-0024-4000-8000-000000000000,completed,2026-06-27 12:44:53.214521+00:00,2026-06-27 12:44:53.447957+00:00
00000036-0024-4000-8000-000000000000,completed,2026-06-27 12:44:53.565932+00:00,2026-06-27 12:44:53.770264+00:00
00000028-0024-4000-8000-000000000000,completed,2026-06-27 12:44:53.625055+00:00,2026-06-27 12:44:53.823691+00:00
00000041-0024-4000-8000-000000000000,completed,2026-06-27 12:44:53.801068+00:00,2026-06-27 12:44:53.998212+00:00
00000003-0025-4000-8000-000000000000,completed,2026-06-27 12:44:54.043431+00:00,2026-06-27 12:44:54.274761+00:00
00000009-0025-4000-8000-000000000000,completed,2026-06-27 12:44:54.092561+00:00,2026-06-27 12:44:54.311195+00:00
00000008-0025-4000-8000-000000000000,completed,2026-06-27 12:44:54.267818+00:00,2026-06-27 12:44:54.503678+00:00
00000006-0025-4000-8000-000000000000,completed,2026-06-27 12:44:54.326194+00:00,2026-06-27 12:44:54.522635+00:00
00000022-0025-4000-8000-000000000000,completed,2026-06-27 12:44:54.500125+00:00,2026-06-27 12:44:54.678463+00:00
00000019-0025-4000-8000-000000000000,completed,2026-06-27 12:44:54.676110+00:00,2026-06-27 12:44:54.854940+00:00
00000036-0025-4000-8000-000000000000,completed,2026-06-27 12:44:55.021867+00:00,2026-06-27 12:44:55.188913+00:00
00000023-0024-4000-8000-000000000000,completed,2026-06-27 12:44:53.125076+00:00,2026-06-27 12:44:53.310557+00:00
00000048-0022-4000-8000-000000000000,completed,2026-06-27 12:44:51.016888+00:00,2026-06-27 12:44:51.195126+00:00
00000017-0024-4000-8000-000000000000,completed,2026-06-27 12:44:53.065654+00:00,2026-06-27 12:44:53.314649+00:00
00000026-0024-4000-8000-000000000000,completed,2026-06-27 12:44:53.182011+00:00,2026-06-27 12:44:53.366068+00:00
00000012-0023-4000-8000-000000000000,completed,2026-06-27 12:44:51.262662+00:00,2026-06-27 12:44:51.462017+00:00
00000013-0023-4000-8000-000000000000,completed,2026-06-27 12:44:51.382848+00:00,2026-06-27 12:44:51.662163+00:00
00000030-0023-4000-8000-000000000000,completed,2026-06-27 12:44:51.868257+00:00,2026-06-27 12:44:52.131076+00:00
00000025-0024-4000-8000-000000000000,completed,2026-06-27 12:44:53.241571+00:00,2026-06-27 12:44:53.451005+00:00
00000042-0023-4000-8000-000000000000,completed,2026-06-27 12:44:52.292104+00:00,2026-06-27 12:44:52.497846+00:00
00000012-0026-4000-8000-000000000000,completed,2026-06-27 12:44:55.683640+00:00,2026-06-27 12:44:55.926794+00:00
00000050-0023-4000-8000-000000000000,completed,2026-06-27 12:44:52.469120+00:00,2026-06-27 12:44:52.695092+00:00
00000034-0024-4000-8000-000000000000,completed,2026-06-27 12:44:53.419835+00:00,2026-06-27 12:44:53.609629+00:00
00000007-0024-4000-8000-000000000000,completed,2026-06-27 12:44:52.652438+00:00,2026-06-27 12:44:52.854283+00:00
00000015-0024-4000-8000-000000000000,completed,2026-06-27 12:44:52.827793+00:00,2026-06-27 12:44:53.020584+00:00
00000015-0026-4000-8000-000000000000,completed,2026-06-27 12:44:55.739347+00:00,2026-06-27 12:44:56.023104+00:00
00000040-0025-4000-8000-000000000000,completed,2026-06-27 12:44:55.106483+00:00,2026-06-27 12:44:55.383079+00:00
00000042-0025-4000-8000-000000000000,completed,2026-06-27 12:44:55.226730+00:00,2026-06-27 12:44:55.393011+00:00
00000015-0025-4000-8000-000000000000,completed,2026-06-27 12:44:54.298249+00:00,2026-06-27 12:44:54.492877+00:00
00000013-0025-4000-8000-000000000000,completed,2026-06-27 12:44:54.355572+00:00,2026-06-27 12:44:54.547205+00:00
00000018-0025-4000-8000-000000000000,completed,2026-06-27 12:44:54.472350+00:00,2026-06-27 12:44:54.677294+00:00
00000030-0025-4000-8000-000000000000,completed,2026-06-27 12:44:54.819183+00:00,2026-06-27 12:44:55.022872+00:00
00000004-0026-4000-8000-000000000000,completed,2026-06-27 12:44:55.511717+00:00,2026-06-27 12:44:55.759097+00:00
00000047-0026-4000-8000-000000000000,completed,2026-06-27 12:44:56.700461+00:00,2026-06-27 12:44:56.976326+00:00
00000034-0026-4000-8000-000000000000,completed,2026-06-27 12:44:56.308395+00:00,2026-06-27 12:44:56.551594+00:00
00000037-0026-4000-8000-000000000000,completed,2026-06-27 12:44:56.365287+00:00,2026-06-27 12:44:56.626625+00:00
00000025-0026-4000-8000-000000000000,completed,2026-06-27 12:44:56.136274+00:00,2026-06-27 12:44:56.384149+00:00
00000026-0027-4000-8000-000000000000,completed,2026-06-27 12:44:57.484217+00:00,2026-06-27 12:44:57.797907+00:00
00000035-0027-4000-8000-000000000000,completed,2026-06-27 12:44:57.819663+00:00,2026-06-27 12:44:58.211795+00:00
00000049-0027-4000-8000-000000000000,completed,2026-06-27 12:44:58.149200+00:00,2026-06-27 12:44:58.550896+00:00
00000037-0027-4000-8000-000000000000,completed,2026-06-27 12:44:57.761666+00:00,2026-06-27 12:44:58.100826+00:00
00000041-0027-4000-8000-000000000000,completed,2026-06-27 12:44:58.044480+00:00,2026-06-27 12:44:58.416351+00:00
00000029-0027-4000-8000-000000000000,completed,2026-06-27 12:44:57.623097+00:00,2026-06-27 12:44:58.005280+00:00
00000041-0025-4000-8000-000000000000,completed,2026-06-27 12:44:55.252654+00:00,2026-06-27 12:44:55.479727+00:00
00000049-0025-4000-8000-000000000000,completed,2026-06-27 12:44:55.366268+00:00,2026-06-27 12:44:55.546221+00:00
00000045-0025-4000-8000-000000000000,completed,2026-06-27 12:44:55.311247+00:00,2026-06-27 12:44:55.596368+00:00
00000010-0026-4000-8000-000000000000,completed,2026-06-27 12:44:55.596181+00:00,2026-06-27 12:44:55.836361+00:00
00000020-0026-4000-8000-000000000000,completed,2026-06-27 12:44:55.994218+00:00,2026-06-27 12:44:56.220606+00:00
00000022-0028-4000-8000-000000000000,completed,2026-06-27 12:44:58.725162+00:00,2026-06-27 12:44:59.175841+00:00
00000002-0026-4000-8000-000000000000,completed,2026-06-27 12:44:56.164039+00:00,2026-06-27 12:44:56.406718+00:00
00000028-0026-4000-8000-000000000000,completed,2026-06-27 12:44:56.505452+00:00,2026-06-27 12:44:56.737977+00:00
00000003-0027-4000-8000-000000000000,completed,2026-06-27 12:44:56.899139+00:00,2026-06-27 12:44:57.170867+00:00
00000009-0027-4000-8000-000000000000,completed,2026-06-27 12:44:56.954921+00:00,2026-06-27 12:44:57.236251+00:00
00000006-0027-4000-8000-000000000000,completed,2026-06-27 12:44:57.178054+00:00,2026-06-27 12:44:57.495371+00:00
00000033-0028-4000-8000-000000000000,completed,2026-06-27 12:44:59.107325+00:00,2026-06-27 12:44:59.565289+00:00
00000020-0028-4000-8000-000000000000,completed,2026-06-27 12:44:58.779759+00:00,2026-06-27 12:44:59.258820+00:00
00000008-0028-4000-8000-000000000000,completed,2026-06-27 12:44:58.505844+00:00,2026-06-27 12:44:58.905989+00:00
00000006-0028-4000-8000-000000000000,completed,2026-06-27 12:44:58.561949+00:00,2026-06-27 12:44:58.986099+00:00
00000014-0028-4000-8000-000000000000,completed,2026-06-27 12:44:58.616140+00:00,2026-06-27 12:44:59.071976+00:00
00000036-0028-4000-8000-000000000000,completed,2026-06-27 12:44:59.217373+00:00,2026-06-27 12:44:59.704831+00:00
00000016-0030-4000-8000-000000000000,completed,2026-06-27 12:45:01.358500+00:00,2026-06-27 12:45:02.343264+00:00
00000024-0028-4000-8000-000000000000,completed,2026-06-27 12:44:58.837832+00:00,2026-06-27 12:44:59.267181+00:00
00000019-0028-4000-8000-000000000000,completed,2026-06-27 12:44:58.890332+00:00,2026-06-27 12:44:59.355955+00:00
00000002-0028-4000-8000-000000000000,completed,2026-06-27 12:44:58.945527+00:00,2026-06-27 12:44:59.394140+00:00
00000002-0029-4000-8000-000000000000,completed,2026-06-27 12:45:00.295964+00:00,2026-06-27 12:45:00.925971+00:00
00000009-0029-4000-8000-000000000000,completed,2026-06-27 12:44:59.703441+00:00,2026-06-27 12:45:00.238204+00:00
00000022-0029-4000-8000-000000000000,completed,2026-06-27 12:45:00.079810+00:00,2026-06-27 12:45:00.662113+00:00
00000024-0029-4000-8000-000000000000,completed,2026-06-27 12:45:00.188849+00:00,2026-06-27 12:45:00.815614+00:00
00000021-0029-4000-8000-000000000000,completed,2026-06-27 12:45:00.402058+00:00,2026-06-27 12:45:01.122096+00:00
00000028-0029-4000-8000-000000000000,completed,2026-06-27 12:45:00.615815+00:00,2026-06-27 12:45:01.354056+00:00
00000003-0030-4000-8000-000000000000,completed,2026-06-27 12:45:00.987940+00:00,2026-06-27 12:45:01.827673+00:00
00000001-0030-4000-8000-000000000000,completed,2026-06-27 12:45:01.147604+00:00,2026-06-27 12:45:02.073392+00:00
00000014-0030-4000-8000-000000000000,completed,2026-06-27 12:45:01.305082+00:00,2026-06-27 12:45:02.328035+00:00
00000043-0028-4000-8000-000000000000,completed,2026-06-27 12:44:59.569031+00:00,2026-06-27 12:45:00.060342+00:00
00000043-0027-4000-8000-000000000000,completed,2026-06-27 12:44:58.205029+00:00,2026-06-27 12:44:58.558619+00:00
00000005-0028-4000-8000-000000000000,completed,2026-06-27 12:44:58.645098+00:00,2026-06-27 12:44:59.081322+00:00
00000048-0028-4000-8000-000000000000,completed,2026-06-27 12:44:59.622905+00:00,2026-06-27 12:45:00.106863+00:00
00000023-0028-4000-8000-000000000000,completed,2026-06-27 12:44:58.806832+00:00,2026-06-27 12:44:59.230690+00:00
00000045-0029-4000-8000-000000000000,completed,2026-06-27 12:45:00.803752+00:00,2026-06-27 12:45:01.549324+00:00
00000026-0028-4000-8000-000000000000,completed,2026-06-27 12:44:58.865135+00:00,2026-06-27 12:44:59.287908+00:00
00000027-0028-4000-8000-000000000000,completed,2026-06-27 12:44:58.971225+00:00,2026-06-27 12:44:59.412994+00:00
00000030-0028-4000-8000-000000000000,completed,2026-06-27 12:44:59.025679+00:00,2026-06-27 12:44:59.455846+00:00
00000015-0029-4000-8000-000000000000,completed,2026-06-27 12:44:59.893392+00:00,2026-06-27 12:45:00.441900+00:00
00000034-0028-4000-8000-000000000000,completed,2026-06-27 12:44:59.080407+00:00,2026-06-27 12:44:59.549010+00:00
00000035-0028-4000-8000-000000000000,completed,2026-06-27 12:44:59.188827+00:00,2026-06-27 12:44:59.604957+00:00
00000040-0028-4000-8000-000000000000,completed,2026-06-27 12:44:59.297098+00:00,2026-06-27 12:44:59.779265+00:00
00000034-0029-4000-8000-000000000000,completed,2026-06-27 12:45:00.431478+00:00,2026-06-27 12:45:01.091914+00:00
00000037-0029-4000-8000-000000000000,completed,2026-06-27 12:45:00.487848+00:00,2026-06-27 12:45:01.250368+00:00
00000017-0029-4000-8000-000000000000,completed,2026-06-27 12:45:00.106942+00:00,2026-06-27 12:45:00.722243+00:00
00000011-0030-4000-8000-000000000000,completed,2026-06-27 12:45:01.124975+00:00,2026-06-27 12:45:02.031214+00:00
00000023-0029-4000-8000-000000000000,completed,2026-06-27 12:45:00.163973+00:00,2026-06-27 12:45:00.729389+00:00
00000039-0029-4000-8000-000000000000,completed,2026-06-27 12:45:00.699294+00:00,2026-06-27 12:45:01.555126+00:00
00000025-0029-4000-8000-000000000000,completed,2026-06-27 12:45:00.270765+00:00,2026-06-27 12:45:00.932523+00:00
00000031-0031-4000-8000-000000000000,completed,2026-06-27 12:45:03.209856+00:00,2026-06-27 12:45:04.945141+00:00
00000041-0029-4000-8000-000000000000,completed,2026-06-27 12:45:00.748893+00:00,2026-06-27 12:45:01.545137+00:00
00000017-0030-4000-8000-000000000000,completed,2026-06-27 12:45:01.437539+00:00,2026-06-27 12:45:02.502463+00:00
00000004-0030-4000-8000-000000000000,completed,2026-06-27 12:45:01.015584+00:00,2026-06-27 12:45:01.904687+00:00
00000037-0030-4000-8000-000000000000,completed,2026-06-27 12:45:01.809270+00:00,2026-06-27 12:45:03.019667+00:00
00000023-0030-4000-8000-000000000000,completed,2026-06-27 12:45:01.493414+00:00,2026-06-27 12:45:02.579317+00:00
00000031-0030-4000-8000-000000000000,completed,2026-06-27 12:45:01.911051+00:00,2026-06-27 12:45:03.113358+00:00
00000045-0030-4000-8000-000000000000,completed,2026-06-27 12:45:02.119663+00:00,2026-06-27 12:45:03.378973+00:00
00000040-0031-4000-8000-000000000000,completed,2026-06-27 12:45:03.263522+00:00,2026-06-27 12:45:04.968859+00:00
00000035-0031-4000-8000-000000000000,completed,2026-06-27 12:45:03.160555+00:00,2026-06-27 12:45:04.908541+00:00
00000023-0032-4000-8000-000000000000,completed,2026-06-27 12:45:04.082140+00:00,2026-06-27 12:45:06.061898+00:00
00000006-0031-4000-8000-000000000000,completed,2026-06-27 12:45:02.565215+00:00,2026-06-27 12:45:03.991126+00:00
00000032-0031-4000-8000-000000000000,completed,2026-06-27 12:45:03.133755+00:00,2026-06-27 12:45:04.885652+00:00
00000022-0030-4000-8000-000000000000,completed,2026-06-27 12:45:01.410864+00:00,2026-06-27 12:45:02.464572+00:00
00000014-0031-4000-8000-000000000000,completed,2026-06-27 12:45:02.617455+00:00,2026-06-27 12:45:04.104295+00:00
00000033-0032-4000-8000-000000000000,completed,2026-06-27 12:45:04.363925+00:00,2026-06-27 12:45:06.392444+00:00
00000020-0030-4000-8000-000000000000,completed,2026-06-27 12:45:01.467822+00:00,2026-06-27 12:45:02.599034+00:00
00000019-0030-4000-8000-000000000000,completed,2026-06-27 12:45:01.569560+00:00,2026-06-27 12:45:02.642053+00:00
00000002-0030-4000-8000-000000000000,completed,2026-06-27 12:45:01.622228+00:00,2026-06-27 12:45:02.760126+00:00
00000022-0031-4000-8000-000000000000,completed,2026-06-27 12:45:02.718849+00:00,2026-06-27 12:45:04.228102+00:00
00000039-0085-4000-8000-000000000000,completed,2026-06-27 12:46:11.430700+00:00,2026-06-27 12:46:26.903453+00:00
00000038-0030-4000-8000-000000000000,completed,2026-06-27 12:45:01.990936+00:00,2026-06-27 12:45:03.263453+00:00
00000042-0030-4000-8000-000000000000,completed,2026-06-27 12:45:02.055109+00:00,2026-06-27 12:45:03.347089+00:00
00000046-0030-4000-8000-000000000000,completed,2026-06-27 12:45:02.251295+00:00,2026-06-27 12:45:03.576681+00:00
00000019-0031-4000-8000-000000000000,completed,2026-06-27 12:45:02.873858+00:00,2026-06-27 12:45:04.433210+00:00
00000024-0031-4000-8000-000000000000,completed,2026-06-27 12:45:02.823897+00:00,2026-06-27 12:45:04.441412+00:00
00000047-0031-4000-8000-000000000000,completed,2026-06-27 12:45:03.390710+00:00,2026-06-27 12:45:05.136305+00:00
00000044-0031-4000-8000-000000000000,completed,2026-06-27 12:45:03.441453+00:00,2026-06-27 12:45:05.308489+00:00
00000014-0032-4000-8000-000000000000,completed,2026-06-27 12:45:03.903303+00:00,2026-06-27 12:45:05.855193+00:00
00000019-0033-4000-8000-000000000000,completed,2026-06-27 12:45:05.420358+00:00,2026-06-27 12:45:07.853202+00:00
00000021-0032-4000-8000-000000000000,completed,2026-06-27 12:45:04.311842+00:00,2026-06-27 12:45:06.383856+00:00
00000028-0032-4000-8000-000000000000,completed,2026-06-27 12:45:04.513338+00:00,2026-06-27 12:45:06.590623+00:00
00000050-0032-4000-8000-000000000000,completed,2026-06-27 12:45:04.766124+00:00,2026-06-27 12:45:06.955377+00:00
00000042-0032-4000-8000-000000000000,completed,2026-06-27 12:45:04.616496+00:00,2026-06-27 12:45:06.753375+00:00
00000047-0032-4000-8000-000000000000,completed,2026-06-27 12:45:04.665075+00:00,2026-06-27 12:45:06.871684+00:00
00000016-0033-4000-8000-000000000000,completed,2026-06-27 12:45:05.219578+00:00,2026-06-27 12:45:07.550104+00:00
00000006-0033-4000-8000-000000000000,completed,2026-06-27 12:45:05.119243+00:00,2026-06-27 12:45:07.495164+00:00
00000036-0033-4000-8000-000000000000,completed,2026-06-27 12:45:05.722762+00:00,2026-06-27 12:45:08.215379+00:00
00000024-0033-4000-8000-000000000000,completed,2026-06-27 12:45:05.371531+00:00,2026-06-27 12:45:07.739258+00:00
00000042-0033-4000-8000-000000000000,completed,2026-06-27 12:45:05.871401+00:00,2026-06-27 12:45:08.399769+00:00
00000032-0033-4000-8000-000000000000,completed,2026-06-27 12:45:05.670031+00:00,2026-06-27 12:45:08.171504+00:00
00000038-0033-4000-8000-000000000000,completed,2026-06-27 12:45:05.821531+00:00,2026-06-27 12:45:08.349520+00:00
00000011-0034-4000-8000-000000000000,completed,2026-06-27 12:45:06.245667+00:00,2026-06-27 12:45:08.853542+00:00
00000035-0033-4000-8000-000000000000,completed,2026-06-27 12:45:05.697391+00:00,2026-06-27 12:45:08.147005+00:00
00000049-0032-4000-8000-000000000000,completed,2026-06-27 12:45:04.741069+00:00,2026-06-27 12:45:06.928525+00:00
00000043-0032-4000-8000-000000000000,completed,2026-06-27 12:45:04.793365+00:00,2026-06-27 12:45:07.119907+00:00
00000011-0033-4000-8000-000000000000,completed,2026-06-27 12:45:04.993975+00:00,2026-06-27 12:45:07.274829+00:00
00000005-0033-4000-8000-000000000000,completed,2026-06-27 12:45:05.195443+00:00,2026-06-27 12:45:07.502536+00:00
00000018-0033-4000-8000-000000000000,completed,2026-06-27 12:45:05.246164+00:00,2026-06-27 12:45:07.607436+00:00
00000026-0033-4000-8000-000000000000,completed,2026-06-27 12:45:05.394555+00:00,2026-06-27 12:45:07.789692+00:00
00000015-0034-4000-8000-000000000000,completed,2026-06-27 12:45:06.345873+00:00,2026-06-27 12:45:09.009657+00:00
00000045-0033-4000-8000-000000000000,completed,2026-06-27 12:45:05.947863+00:00,2026-06-27 12:45:08.513580+00:00
00000007-0034-4000-8000-000000000000,completed,2026-06-27 12:45:06.196757+00:00,2026-06-27 12:45:08.803110+00:00
00000049-0033-4000-8000-000000000000,completed,2026-06-27 12:45:05.996532+00:00,2026-06-27 12:45:08.529272+00:00
00000048-0033-4000-8000-000000000000,completed,2026-06-27 12:45:06.099079+00:00,2026-06-27 12:45:08.699577+00:00
00000011-0035-4000-8000-000000000000,completed,2026-06-27 12:45:07.495729+00:00,2026-06-27 12:45:10.432608+00:00
00000012-0034-4000-8000-000000000000,completed,2026-06-27 12:45:06.296218+00:00,2026-06-27 12:45:08.876267+00:00
00000017-0034-4000-8000-000000000000,completed,2026-06-27 12:45:06.547984+00:00,2026-06-27 12:45:09.223113+00:00
00000041-0035-4000-8000-000000000000,completed,2026-06-27 12:45:08.396214+00:00,2026-06-27 12:45:11.583707+00:00
00000045-0034-4000-8000-000000000000,completed,2026-06-27 12:45:07.195887+00:00,2026-06-27 12:45:10.065383+00:00
00000043-0034-4000-8000-000000000000,completed,2026-06-27 12:45:07.296683+00:00,2026-06-27 12:45:10.171111+00:00
00000004-0035-4000-8000-000000000000,completed,2026-06-27 12:45:07.397296+00:00,2026-06-27 12:45:10.273942+00:00
00000016-0035-4000-8000-000000000000,completed,2026-06-27 12:45:07.696456+00:00,2026-06-27 12:45:10.668640+00:00
00000015-0036-4000-8000-000000000000,completed,2026-06-27 12:45:08.847687+00:00,2026-06-27 12:45:12.048369+00:00
00000031-0035-4000-8000-000000000000,completed,2026-06-27 12:45:08.246329+00:00,2026-06-27 12:45:11.322791+00:00
00000040-0035-4000-8000-000000000000,completed,2026-06-27 12:45:08.296160+00:00,2026-06-27 12:45:11.394496+00:00
00000048-0035-4000-8000-000000000000,completed,2026-06-27 12:45:08.596323+00:00,2026-06-27 12:45:11.769064+00:00
00000016-0036-4000-8000-000000000000,completed,2026-06-27 12:45:08.946127+00:00,2026-06-27 12:45:12.242792+00:00
00000004-0036-4000-8000-000000000000,completed,2026-06-27 12:45:08.645391+00:00,2026-06-27 12:45:11.879647+00:00
00000011-0036-4000-8000-000000000000,completed,2026-06-27 12:45:08.746938+00:00,2026-06-27 12:45:11.983907+00:00
00000012-0036-4000-8000-000000000000,completed,2026-06-27 12:45:08.796485+00:00,2026-06-27 12:45:12.067233+00:00
00000026-0036-4000-8000-000000000000,completed,2026-06-27 12:45:09.145858+00:00,2026-06-27 12:45:12.405149+00:00
00000034-0036-4000-8000-000000000000,completed,2026-06-27 12:45:09.345505+00:00,2026-06-27 12:45:12.665701+00:00
00000001-0033-4000-8000-000000000000,completed,2026-06-27 12:45:05.019053+00:00,2026-06-27 12:45:07.303471+00:00
00000021-0033-4000-8000-000000000000,completed,2026-06-27 12:45:05.574057+00:00,2026-06-27 12:45:08.022333+00:00
00000032-0035-4000-8000-000000000000,completed,2026-06-27 12:45:08.170521+00:00,2026-06-27 12:45:11.332892+00:00
00000044-0033-4000-8000-000000000000,completed,2026-06-27 12:45:05.972159+00:00,2026-06-27 12:45:08.536165+00:00
00000014-0034-4000-8000-000000000000,completed,2026-06-27 12:45:06.426235+00:00,2026-06-27 12:45:09.051525+00:00
00000009-0034-4000-8000-000000000000,completed,2026-06-27 12:45:06.169921+00:00,2026-06-27 12:45:08.773912+00:00
00000016-0034-4000-8000-000000000000,completed,2026-06-27 12:45:06.469733+00:00,2026-06-27 12:45:09.161369+00:00
00000022-0035-4000-8000-000000000000,completed,2026-06-27 12:45:07.771098+00:00,2026-06-27 12:45:10.778682+00:00
00000010-0035-4000-8000-000000000000,completed,2026-06-27 12:45:07.471555+00:00,2026-06-27 12:45:10.398817+00:00
00000006-0034-4000-8000-000000000000,completed,2026-06-27 12:45:06.371392+00:00,2026-06-27 12:45:09.010496+00:00
00000022-0034-4000-8000-000000000000,completed,2026-06-27 12:45:06.520667+00:00,2026-06-27 12:45:09.171717+00:00
00000001-0035-4000-8000-000000000000,completed,2026-06-27 12:45:07.525286+00:00,2026-06-27 12:45:10.459082+00:00
00000028-0034-4000-8000-000000000000,completed,2026-06-27 12:45:07.023119+00:00,2026-06-27 12:45:09.785492+00:00
00000029-0035-4000-8000-000000000000,completed,2026-06-27 12:45:08.023528+00:00,2026-06-27 12:45:11.108887+00:00
00000019-0035-4000-8000-000000000000,completed,2026-06-27 12:45:07.921049+00:00,2026-06-27 12:45:10.979123+00:00
00000003-0036-4000-8000-000000000000,completed,2026-06-27 12:45:08.621171+00:00,2026-06-27 12:45:11.790812+00:00
00000021-0036-4000-8000-000000000000,completed,2026-06-27 12:45:09.321708+00:00,2026-06-27 12:45:12.651052+00:00
00000033-0035-4000-8000-000000000000,completed,2026-06-27 12:45:08.120885+00:00,2026-06-27 12:45:11.149502+00:00
00000042-0035-4000-8000-000000000000,completed,2026-06-27 12:45:08.370579+00:00,2026-06-27 12:45:11.492146+00:00
00000046-0035-4000-8000-000000000000,completed,2026-06-27 12:45:08.570333+00:00,2026-06-27 12:45:11.727387+00:00
00000006-0036-4000-8000-000000000000,completed,2026-06-27 12:45:08.870446+00:00,2026-06-27 12:45:12.102256+00:00
00000005-0036-4000-8000-000000000000,completed,2026-06-27 12:45:08.971224+00:00,2026-06-27 12:45:12.213721+00:00
00000001-0036-4000-8000-000000000000,completed,2026-06-27 12:45:08.771227+00:00,2026-06-27 12:45:11.938330+00:00
00000008-0036-4000-8000-000000000000,completed,2026-06-27 12:45:08.820662+00:00,2026-06-27 12:45:12.061918+00:00
00000046-0036-4000-8000-000000000000,completed,2026-06-27 12:45:09.821114+00:00,2026-06-27 12:45:13.254703+00:00
00000047-0036-4000-8000-000000000000,completed,2026-06-27 12:45:09.674227+00:00,2026-06-27 12:45:13.055286+00:00
00000044-0036-4000-8000-000000000000,completed,2026-06-27 12:45:09.720567+00:00,2026-06-27 12:45:13.108137+00:00
00000010-0037-4000-8000-000000000000,completed,2026-06-27 12:45:09.970939+00:00,2026-06-27 12:45:13.428566+00:00
00000041-0039-4000-8000-000000000000,completed,2026-06-27 12:45:13.397490+00:00,2026-06-27 12:45:17.712039+00:00
00000013-0041-4000-8000-000000000000,completed,2026-06-27 12:45:15.146363+00:00,2026-06-27 12:45:19.847584+00:00
00000024-0042-4000-8000-000000000000,completed,2026-06-27 12:45:16.620661+00:00,2026-06-27 12:45:21.602739+00:00
00000009-0086-4000-8000-000000000000,completed,2026-06-27 12:46:11.815873+00:00,2026-06-27 12:46:27.263351+00:00
00000043-0037-4000-8000-000000000000,completed,2026-06-27 12:45:11.046345+00:00,2026-06-27 12:45:14.768438+00:00
00000035-0036-4000-8000-000000000000,completed,2026-06-27 12:45:09.446460+00:00,2026-06-27 12:45:12.777180+00:00
00000031-0036-4000-8000-000000000000,completed,2026-06-27 12:45:09.495921+00:00,2026-06-27 12:45:12.850917+00:00
00000026-0037-4000-8000-000000000000,completed,2026-06-27 12:45:10.399642+00:00,2026-06-27 12:45:13.968604+00:00
00000048-0036-4000-8000-000000000000,completed,2026-06-27 12:45:09.845404+00:00,2026-06-27 12:45:13.298462+00:00
00000007-0037-4000-8000-000000000000,completed,2026-06-27 12:45:09.944978+00:00,2026-06-27 12:45:13.421867+00:00
00000027-0037-4000-8000-000000000000,completed,2026-06-27 12:45:10.495608+00:00,2026-06-27 12:45:14.062200+00:00
00000025-0038-4000-8000-000000000000,completed,2026-06-27 12:45:11.703982+00:00,2026-06-27 12:45:15.551318+00:00
00000037-0037-4000-8000-000000000000,completed,2026-06-27 12:45:10.646429+00:00,2026-06-27 12:45:14.219308+00:00
00000035-0037-4000-8000-000000000000,completed,2026-06-27 12:45:10.695792+00:00,2026-06-27 12:45:14.335270+00:00
00000041-0037-4000-8000-000000000000,completed,2026-06-27 12:45:10.895998+00:00,2026-06-27 12:45:14.606658+00:00
00000011-0038-4000-8000-000000000000,completed,2026-06-27 12:45:11.245589+00:00,2026-06-27 12:45:15.019594+00:00
00000041-0038-4000-8000-000000000000,completed,2026-06-27 12:45:12.145470+00:00,2026-06-27 12:45:16.138760+00:00
00000026-0038-4000-8000-000000000000,completed,2026-06-27 12:45:11.646281+00:00,2026-06-27 12:45:15.554319+00:00
00000023-0038-4000-8000-000000000000,completed,2026-06-27 12:45:11.595189+00:00,2026-06-27 12:45:15.511633+00:00
00000023-0039-4000-8000-000000000000,completed,2026-06-27 12:45:12.846253+00:00,2026-06-27 12:45:17.074896+00:00
00000039-0038-4000-8000-000000000000,completed,2026-06-27 12:45:12.096162+00:00,2026-06-27 12:45:16.104816+00:00
00000043-0038-4000-8000-000000000000,completed,2026-06-27 12:45:12.297685+00:00,2026-06-27 12:45:16.310144+00:00
00000015-0039-4000-8000-000000000000,completed,2026-06-27 12:45:12.597315+00:00,2026-06-27 12:45:16.777159+00:00
00000017-0039-4000-8000-000000000000,completed,2026-06-27 12:45:12.797156+00:00,2026-06-27 12:45:17.002576+00:00
00000037-0039-4000-8000-000000000000,completed,2026-06-27 12:45:13.145746+00:00,2026-06-27 12:45:17.432870+00:00
00000043-0039-4000-8000-000000000000,completed,2026-06-27 12:45:13.546289+00:00,2026-06-27 12:45:17.917333+00:00
00000040-0039-4000-8000-000000000000,completed,2026-06-27 12:45:13.295287+00:00,2026-06-27 12:45:17.615792+00:00
00000026-0040-4000-8000-000000000000,completed,2026-06-27 12:45:14.145302+00:00,2026-06-27 12:45:18.599280+00:00
00000018-0040-4000-8000-000000000000,completed,2026-06-27 12:45:13.995332+00:00,2026-06-27 12:45:18.419899+00:00
00000034-0040-4000-8000-000000000000,completed,2026-06-27 12:45:14.346714+00:00,2026-06-27 12:45:18.929128+00:00
00000023-0040-4000-8000-000000000000,completed,2026-06-27 12:45:14.096372+00:00,2026-06-27 12:45:18.585498+00:00
00000025-0040-4000-8000-000000000000,completed,2026-06-27 12:45:14.197452+00:00,2026-06-27 12:45:18.791864+00:00
00000041-0040-4000-8000-000000000000,completed,2026-06-27 12:45:14.646387+00:00,2026-06-27 12:45:19.249910+00:00
00000007-0041-4000-8000-000000000000,completed,2026-06-27 12:45:14.946425+00:00,2026-06-27 12:45:19.659235+00:00
00000039-0035-4000-8000-000000000000,completed,2026-06-27 12:45:08.349028+00:00,2026-06-27 12:45:11.550153+00:00
00000024-0037-4000-8000-000000000000,completed,2026-06-27 12:45:10.371014+00:00,2026-06-27 12:45:13.892972+00:00
00000001-0037-4000-8000-000000000000,completed,2026-06-27 12:45:10.023699+00:00,2026-06-27 12:45:13.461962+00:00
00000019-0037-4000-8000-000000000000,completed,2026-06-27 12:45:10.421176+00:00,2026-06-27 12:45:13.986545+00:00
00000005-0037-4000-8000-000000000000,completed,2026-06-27 12:45:10.222934+00:00,2026-06-27 12:45:13.721298+00:00
00000009-0038-4000-8000-000000000000,completed,2026-06-27 12:45:11.171807+00:00,2026-06-27 12:45:14.958559+00:00
00000022-0037-4000-8000-000000000000,completed,2026-06-27 12:45:10.281948+00:00,2026-06-27 12:45:13.795638+00:00
00000021-0037-4000-8000-000000000000,completed,2026-06-27 12:45:10.569747+00:00,2026-06-27 12:45:14.163072+00:00
00000038-0037-4000-8000-000000000000,completed,2026-06-27 12:45:10.821117+00:00,2026-06-27 12:45:14.511401+00:00
00000028-0037-4000-8000-000000000000,completed,2026-06-27 12:45:10.772014+00:00,2026-06-27 12:45:14.389276+00:00
00000032-0038-4000-8000-000000000000,completed,2026-06-27 12:45:11.923459+00:00,2026-06-27 12:45:15.890805+00:00
00000003-0038-4000-8000-000000000000,completed,2026-06-27 12:45:11.122714+00:00,2026-06-27 12:45:14.838843+00:00
00000014-0038-4000-8000-000000000000,completed,2026-06-27 12:45:11.421823+00:00,2026-06-27 12:45:15.206381+00:00
00000003-0039-4000-8000-000000000000,completed,2026-06-27 12:45:12.374038+00:00,2026-06-27 12:45:16.441829+00:00
00000021-0038-4000-8000-000000000000,completed,2026-06-27 12:45:11.820292+00:00,2026-06-27 12:45:15.739771+00:00
00000033-0039-4000-8000-000000000000,completed,2026-06-27 12:45:13.120503+00:00,2026-06-27 12:45:17.364373+00:00
00000005-0039-4000-8000-000000000000,completed,2026-06-27 12:45:12.721199+00:00,2026-06-27 12:45:16.898123+00:00
00000022-0040-4000-8000-000000000000,completed,2026-06-27 12:45:14.020250+00:00,2026-06-27 12:45:18.423849+00:00
00000021-0039-4000-8000-000000000000,completed,2026-06-27 12:45:13.072122+00:00,2026-06-27 12:45:17.331501+00:00
00000050-0039-4000-8000-000000000000,completed,2026-06-27 12:45:13.520644+00:00,2026-06-27 12:45:17.856081+00:00
00000038-0039-4000-8000-000000000000,completed,2026-06-27 12:45:13.320738+00:00,2026-06-27 12:45:17.675745+00:00
00000047-0039-4000-8000-000000000000,completed,2026-06-27 12:45:13.420801+00:00,2026-06-27 12:45:17.727115+00:00
00000010-0040-4000-8000-000000000000,completed,2026-06-27 12:45:13.721151+00:00,2026-06-27 12:45:18.082440+00:00
00000005-0040-4000-8000-000000000000,completed,2026-06-27 12:45:13.972261+00:00,2026-06-27 12:45:18.370225+00:00
00000032-0040-4000-8000-000000000000,completed,2026-06-27 12:45:14.421897+00:00,2026-06-27 12:45:18.950844+00:00
00000021-0040-4000-8000-000000000000,completed,2026-06-27 12:45:14.322839+00:00,2026-06-27 12:45:18.744410+00:00
00000029-0040-4000-8000-000000000000,completed,2026-06-27 12:45:14.270365+00:00,2026-06-27 12:45:18.770004+00:00
00000038-0040-4000-8000-000000000000,completed,2026-06-27 12:45:14.570985+00:00,2026-06-27 12:45:19.147776+00:00
00000033-0040-4000-8000-000000000000,completed,2026-06-27 12:45:14.370873+00:00,2026-06-27 12:45:18.930299+00:00
00000036-0040-4000-8000-000000000000,completed,2026-06-27 12:45:14.471777+00:00,2026-06-27 12:45:18.980766+00:00
00000044-0040-4000-8000-000000000000,completed,2026-06-27 12:45:14.721671+00:00,2026-06-27 12:45:19.321689+00:00
00000005-0041-4000-8000-000000000000,completed,2026-06-27 12:45:15.220866+00:00,2026-06-27 12:45:19.900120+00:00
00000028-0041-4000-8000-000000000000,completed,2026-06-27 12:45:15.769926+00:00,2026-06-27 12:45:20.581026+00:00
00000010-0041-4000-8000-000000000000,completed,2026-06-27 12:45:14.970697+00:00,2026-06-27 12:45:19.669899+00:00
00000001-0041-4000-8000-000000000000,completed,2026-06-27 12:45:15.020795+00:00,2026-06-27 12:45:19.689262+00:00
00000022-0041-4000-8000-000000000000,completed,2026-06-27 12:45:15.271076+00:00,2026-06-27 12:45:20.031029+00:00
00000014-0041-4000-8000-000000000000,completed,2026-06-27 12:45:15.171498+00:00,2026-06-27 12:45:19.847574+00:00
00000021-0041-4000-8000-000000000000,completed,2026-06-27 12:45:15.570802+00:00,2026-06-27 12:45:20.366403+00:00
00000038-0041-4000-8000-000000000000,completed,2026-06-27 12:45:15.820389+00:00,2026-06-27 12:45:20.645961+00:00
00000042-0041-4000-8000-000000000000,completed,2026-06-27 12:45:15.894767+00:00,2026-06-27 12:45:20.703433+00:00
00000008-0042-4000-8000-000000000000,completed,2026-06-27 12:45:16.320441+00:00,2026-06-27 12:45:21.237676+00:00
00000036-0041-4000-8000-000000000000,completed,2026-06-27 12:45:15.724372+00:00,2026-06-27 12:45:20.566297+00:00
00000050-0042-4000-8000-000000000000,completed,2026-06-27 12:45:17.271563+00:00,2026-06-27 12:45:22.375063+00:00
00000001-0042-4000-8000-000000000000,completed,2026-06-27 12:45:16.271226+00:00,2026-06-27 12:45:21.204393+00:00
00000021-0042-4000-8000-000000000000,completed,2026-06-27 12:45:16.823670+00:00,2026-06-27 12:45:21.859506+00:00
00000005-0042-4000-8000-000000000000,completed,2026-06-27 12:45:16.471550+00:00,2026-06-27 12:45:21.409226+00:00
00000022-0042-4000-8000-000000000000,completed,2026-06-27 12:45:16.522598+00:00,2026-06-27 12:45:21.511642+00:00
00000028-0042-4000-8000-000000000000,completed,2026-06-27 12:45:17.025208+00:00,2026-06-27 12:45:22.079863+00:00
00000005-0043-4000-8000-000000000000,completed,2026-06-27 12:45:17.722454+00:00,2026-06-27 12:45:22.910634+00:00
00000009-0043-4000-8000-000000000000,completed,2026-06-27 12:45:17.421185+00:00,2026-06-27 12:45:22.553766+00:00
00000044-0042-4000-8000-000000000000,completed,2026-06-27 12:45:17.220568+00:00,2026-06-27 12:45:22.304654+00:00
00000046-0042-4000-8000-000000000000,completed,2026-06-27 12:45:17.320778+00:00,2026-06-27 12:45:22.412614+00:00
00000038-0043-4000-8000-000000000000,completed,2026-06-27 12:45:18.321297+00:00,2026-06-27 12:45:23.623080+00:00
00000024-0043-4000-8000-000000000000,completed,2026-06-27 12:45:17.871253+00:00,2026-06-27 12:45:23.091168+00:00
00000014-0043-4000-8000-000000000000,completed,2026-06-27 12:45:17.670764+00:00,2026-06-27 12:45:22.822954+00:00
00000021-0043-4000-8000-000000000000,completed,2026-06-27 12:45:18.071982+00:00,2026-06-27 12:45:23.297476+00:00
00000032-0043-4000-8000-000000000000,completed,2026-06-27 12:45:18.170703+00:00,2026-06-27 12:45:23.450043+00:00
00000028-0043-4000-8000-000000000000,completed,2026-06-27 12:45:18.271487+00:00,2026-06-27 12:45:23.522617+00:00
00000008-0044-4000-8000-000000000000,completed,2026-06-27 12:45:18.822408+00:00,2026-06-27 12:45:24.253590+00:00
00000006-0044-4000-8000-000000000000,completed,2026-06-27 12:45:18.874017+00:00,2026-06-27 12:45:24.285584+00:00
00000020-0044-4000-8000-000000000000,completed,2026-06-27 12:45:19.070303+00:00,2026-06-27 12:45:24.461776+00:00
00000049-0041-4000-8000-000000000000,completed,2026-06-27 12:45:15.995615+00:00,2026-06-27 12:45:20.863324+00:00
00000026-0041-4000-8000-000000000000,completed,2026-06-27 12:45:15.396010+00:00,2026-06-27 12:45:20.222962+00:00
00000017-0041-4000-8000-000000000000,completed,2026-06-27 12:45:15.297969+00:00,2026-06-27 12:45:20.062516+00:00
00000023-0041-4000-8000-000000000000,completed,2026-06-27 12:45:15.344938+00:00,2026-06-27 12:45:20.010604+00:00
00000013-0043-4000-8000-000000000000,completed,2026-06-27 12:45:17.645640+00:00,2026-06-27 12:45:22.812449+00:00
00000041-0041-4000-8000-000000000000,completed,2026-06-27 12:45:15.895426+00:00,2026-06-27 12:45:20.763831+00:00
00000023-0042-4000-8000-000000000000,completed,2026-06-27 12:45:16.596549+00:00,2026-06-27 12:45:21.552186+00:00
00000025-0042-4000-8000-000000000000,completed,2026-06-27 12:45:16.695561+00:00,2026-06-27 12:45:21.700602+00:00
00000016-0043-4000-8000-000000000000,completed,2026-06-27 12:45:17.696218+00:00,2026-06-27 12:45:22.833910+00:00
00000045-0042-4000-8000-000000000000,completed,2026-06-27 12:45:17.198252+00:00,2026-06-27 12:45:22.282762+00:00
00000043-0042-4000-8000-000000000000,completed,2026-06-27 12:45:17.296525+00:00,2026-06-27 12:45:22.412426+00:00
00000004-0043-4000-8000-000000000000,completed,2026-06-27 12:45:17.395300+00:00,2026-06-27 12:45:22.484661+00:00
00000011-0043-4000-8000-000000000000,completed,2026-06-27 12:45:17.497583+00:00,2026-06-27 12:45:22.646554+00:00
00000040-0043-4000-8000-000000000000,completed,2026-06-27 12:45:18.297314+00:00,2026-06-27 12:45:23.573708+00:00
00000015-0043-4000-8000-000000000000,completed,2026-06-27 12:45:17.596758+00:00,2026-06-27 12:45:22.769021+00:00
00000039-0043-4000-8000-000000000000,completed,2026-06-27 12:45:18.345317+00:00,2026-06-27 12:45:23.607187+00:00
00000025-0043-4000-8000-000000000000,completed,2026-06-27 12:45:17.947698+00:00,2026-06-27 12:45:23.178979+00:00
00000034-0043-4000-8000-000000000000,completed,2026-06-27 12:45:18.098338+00:00,2026-06-27 12:45:23.340698+00:00
00000037-0043-4000-8000-000000000000,completed,2026-06-27 12:45:18.146575+00:00,2026-06-27 12:45:23.375206+00:00
00000030-0044-4000-8000-000000000000,completed,2026-06-27 12:45:19.295683+00:00,2026-06-27 12:45:24.779820+00:00
00000031-0043-4000-8000-000000000000,completed,2026-06-27 12:45:18.247901+00:00,2026-06-27 12:45:23.539583+00:00
00000049-0043-4000-8000-000000000000,completed,2026-06-27 12:45:18.496197+00:00,2026-06-27 12:45:23.806174+00:00
00000004-0044-4000-8000-000000000000,completed,2026-06-27 12:45:18.645621+00:00,2026-06-27 12:45:23.988638+00:00
00000027-0044-4000-8000-000000000000,completed,2026-06-27 12:45:19.244938+00:00,2026-06-27 12:45:24.734799+00:00
00000015-0044-4000-8000-000000000000,completed,2026-06-27 12:45:18.845891+00:00,2026-06-27 12:45:24.270416+00:00
00000016-0044-4000-8000-000000000000,completed,2026-06-27 12:45:18.945457+00:00,2026-06-27 12:45:24.343031+00:00
00000018-0044-4000-8000-000000000000,completed,2026-06-27 12:45:18.999106+00:00,2026-06-27 12:45:24.453437+00:00
00000023-0044-4000-8000-000000000000,completed,2026-06-27 12:45:19.096177+00:00,2026-06-27 12:45:24.547156+00:00
00000025-0044-4000-8000-000000000000,completed,2026-06-27 12:45:19.196766+00:00,2026-06-27 12:45:24.648686+00:00
00000031-0044-4000-8000-000000000000,completed,2026-06-27 12:45:19.516486+00:00,2026-06-27 12:45:25.036882+00:00
00000035-0038-4000-8000-000000000000,completed,2026-06-27 12:45:11.945762+00:00,2026-06-27 12:45:15.896957+00:00
00000046-0038-4000-8000-000000000000,completed,2026-06-27 12:45:12.320632+00:00,2026-06-27 12:45:16.433832+00:00
00000001-0040-4000-8000-000000000000,completed,2026-06-27 12:45:13.771493+00:00,2026-06-27 12:45:18.210573+00:00
00000016-0041-4000-8000-000000000000,completed,2026-06-27 12:45:15.197111+00:00,2026-06-27 12:45:19.860631+00:00
00000040-0044-4000-8000-000000000000,completed,2026-06-27 12:45:19.546183+00:00,2026-06-27 12:45:25.129102+00:00
00000013-0093-4000-8000-000000000000,completed,2026-06-27 12:46:30.258819+00:00,2026-06-27 12:46:38.043412+00:00
00000042-0092-4000-8000-000000000000,completed,2026-06-27 12:46:27.947012+00:00,2026-06-27 12:46:37.486780+00:00
00000047-0092-4000-8000-000000000000,completed,2026-06-27 12:46:28.146942+00:00,2026-06-27 12:46:37.497130+00:00
00000018-0093-4000-8000-000000000000,completed,2026-06-27 12:46:30.859588+00:00,2026-06-27 12:46:38.209730+00:00
00000017-0093-4000-8000-000000000000,completed,2026-06-27 12:46:31.183582+00:00,2026-06-27 12:46:38.226824+00:00
00000003-0093-4000-8000-000000000000,completed,2026-06-27 12:46:29.001341+00:00,2026-06-27 12:46:37.724593+00:00
00000009-0093-4000-8000-000000000000,completed,2026-06-27 12:46:29.231777+00:00,2026-06-27 12:46:37.849629+00:00
00000001-0093-4000-8000-000000000000,completed,2026-06-27 12:46:29.723692+00:00,2026-06-27 12:46:37.864532+00:00
00000010-0093-4000-8000-000000000000,completed,2026-06-27 12:46:29.474082+00:00,2026-06-27 12:46:37.880365+00:00
00000008-0093-4000-8000-000000000000,completed,2026-06-27 12:46:29.988197+00:00,2026-06-27 12:46:38.040531+00:00
00000046-0040-4000-8000-000000000000,completed,2026-06-27 12:45:14.823318+00:00,2026-06-27 12:45:19.484970+00:00
00000006-0041-4000-8000-000000000000,completed,2026-06-27 12:45:15.121588+00:00,2026-06-27 12:45:19.852985+00:00
00000019-0044-4000-8000-000000000000,completed,2026-06-27 12:45:19.172110+00:00,2026-06-27 12:45:24.628157+00:00
00000032-0044-4000-8000-000000000000,completed,2026-06-27 12:45:19.421488+00:00,2026-06-27 12:45:24.956555+00:00
00000024-0044-4000-8000-000000000000,completed,2026-06-27 12:45:19.122477+00:00,2026-06-27 12:45:24.582552+00:00
00000046-0044-4000-8000-000000000000,completed,2026-06-27 12:45:19.821552+00:00,2026-06-27 12:45:25.415241+00:00
00000033-0044-4000-8000-000000000000,completed,2026-06-27 12:45:19.370324+00:00,2026-06-27 12:45:24.884500+00:00
00000020-0045-4000-8000-000000000000,completed,2026-06-27 12:45:20.320044+00:00,2026-06-27 12:45:26.013256+00:00
00000044-0044-4000-8000-000000000000,completed,2026-06-27 12:45:19.720334+00:00,2026-06-27 12:45:25.278753+00:00
00000010-0045-4000-8000-000000000000,completed,2026-06-27 12:45:19.970987+00:00,2026-06-27 12:45:25.597446+00:00
00000006-0045-4000-8000-000000000000,completed,2026-06-27 12:45:20.121297+00:00,2026-06-27 12:45:25.747924+00:00
00000028-0045-4000-8000-000000000000,completed,2026-06-27 12:45:20.775212+00:00,2026-06-27 12:45:26.572482+00:00
00000022-0045-4000-8000-000000000000,completed,2026-06-27 12:45:20.282515+00:00,2026-06-27 12:45:25.923479+00:00
00000022-0046-4000-8000-000000000000,completed,2026-06-27 12:45:21.521362+00:00,2026-06-27 12:45:27.404361+00:00
00000021-0045-4000-8000-000000000000,completed,2026-06-27 12:45:20.573757+00:00,2026-06-27 12:45:26.295037+00:00
00000032-0045-4000-8000-000000000000,completed,2026-06-27 12:45:20.671529+00:00,2026-06-27 12:45:26.387502+00:00
00000001-0046-4000-8000-000000000000,completed,2026-06-27 12:45:21.273012+00:00,2026-06-27 12:45:27.107209+00:00
00000046-0045-4000-8000-000000000000,completed,2026-06-27 12:45:21.072615+00:00,2026-06-27 12:45:26.882226+00:00
00000009-0046-4000-8000-000000000000,completed,2026-06-27 12:45:21.172194+00:00,2026-06-27 12:45:27.016527+00:00
00000002-0046-4000-8000-000000000000,completed,2026-06-27 12:45:21.722057+00:00,2026-06-27 12:45:27.632683+00:00
00000005-0046-4000-8000-000000000000,completed,2026-06-27 12:45:21.472401+00:00,2026-06-27 12:45:27.355499+00:00
00000009-0047-4000-8000-000000000000,completed,2026-06-27 12:45:22.421606+00:00,2026-06-27 12:45:28.457704+00:00
00000019-0046-4000-8000-000000000000,completed,2026-06-27 12:45:21.672473+00:00,2026-06-27 12:45:27.571838+00:00
00000038-0046-4000-8000-000000000000,completed,2026-06-27 12:45:22.071480+00:00,2026-06-27 12:45:28.071103+00:00
00000042-0046-4000-8000-000000000000,completed,2026-06-27 12:45:22.122149+00:00,2026-06-27 12:45:28.079731+00:00
00000044-0046-4000-8000-000000000000,completed,2026-06-27 12:45:22.220386+00:00,2026-06-27 12:45:28.231528+00:00
00000046-0046-4000-8000-000000000000,completed,2026-06-27 12:45:22.320932+00:00,2026-06-27 12:45:28.291614+00:00
00000005-0047-4000-8000-000000000000,completed,2026-06-27 12:45:22.721037+00:00,2026-06-27 12:45:28.806440+00:00
00000020-0047-4000-8000-000000000000,completed,2026-06-27 12:45:22.821286+00:00,2026-06-27 12:45:28.938303+00:00
00000019-0047-4000-8000-000000000000,completed,2026-06-27 12:45:22.921954+00:00,2026-06-27 12:45:29.041005+00:00
00000018-0041-4000-8000-000000000000,completed,2026-06-27 12:45:15.245453+00:00,2026-06-27 12:45:20.011107+00:00
00000049-0044-4000-8000-000000000000,completed,2026-06-27 12:45:19.748268+00:00,2026-06-27 12:45:25.318489+00:00
00000027-0046-4000-8000-000000000000,completed,2026-06-27 12:45:21.749508+00:00,2026-06-27 12:45:27.660569+00:00
00000007-0045-4000-8000-000000000000,completed,2026-06-27 12:45:19.945880+00:00,2026-06-27 12:45:25.588313+00:00
00000045-0044-4000-8000-000000000000,completed,2026-06-27 12:45:19.696614+00:00,2026-06-27 12:45:25.299392+00:00
00000043-0044-4000-8000-000000000000,completed,2026-06-27 12:45:19.796828+00:00,2026-06-27 12:45:25.443261+00:00
00000034-0045-4000-8000-000000000000,completed,2026-06-27 12:45:20.596152+00:00,2026-06-27 12:45:26.342440+00:00
00000025-0045-4000-8000-000000000000,completed,2026-06-27 12:45:20.445656+00:00,2026-06-27 12:45:26.147999+00:00
00000045-0045-4000-8000-000000000000,completed,2026-06-27 12:45:20.946253+00:00,2026-06-27 12:45:26.757610+00:00
00000030-0046-4000-8000-000000000000,completed,2026-06-27 12:45:21.795051+00:00,2026-06-27 12:45:27.748724+00:00
00000031-0046-4000-8000-000000000000,completed,2026-06-27 12:45:21.996642+00:00,2026-06-27 12:45:27.949909+00:00
00000026-0046-4000-8000-000000000000,completed,2026-06-27 12:45:21.644957+00:00,2026-06-27 12:45:27.597593+00:00
00000023-0047-4000-8000-000000000000,completed,2026-06-27 12:45:22.847125+00:00,2026-06-27 12:45:28.942298+00:00
00000035-0046-4000-8000-000000000000,completed,2026-06-27 12:45:21.946604+00:00,2026-06-27 12:45:27.916758+00:00
00000043-0046-4000-8000-000000000000,completed,2026-06-27 12:45:22.297481+00:00,2026-06-27 12:45:28.303370+00:00
00000026-0047-4000-8000-000000000000,completed,2026-06-27 12:45:22.895679+00:00,2026-06-27 12:45:28.996402+00:00
00000049-0047-4000-8000-000000000000,completed,2026-06-27 12:45:23.496047+00:00,2026-06-27 12:45:29.726101+00:00
00000018-0047-4000-8000-000000000000,completed,2026-06-27 12:45:22.745741+00:00,2026-06-27 12:45:28.828004+00:00
00000034-0047-4000-8000-000000000000,completed,2026-06-27 12:45:23.097353+00:00,2026-06-27 12:45:29.239713+00:00
00000040-0047-4000-8000-000000000000,completed,2026-06-27 12:45:23.296336+00:00,2026-06-27 12:45:29.453896+00:00
00000043-0047-4000-8000-000000000000,completed,2026-06-27 12:45:23.548111+00:00,2026-06-27 12:45:29.805959+00:00
00000013-0048-4000-8000-000000000000,completed,2026-06-27 12:45:23.895565+00:00,2026-06-27 12:45:30.157570+00:00
00000045-0047-4000-8000-000000000000,completed,2026-06-27 12:45:23.447067+00:00,2026-06-27 12:45:29.635032+00:00
00000030-0048-4000-8000-000000000000,completed,2026-06-27 12:45:24.297229+00:00,2026-06-27 12:45:30.655007+00:00
00000023-0048-4000-8000-000000000000,completed,2026-06-27 12:45:24.096760+00:00,2026-06-27 12:45:30.414981+00:00
00000025-0048-4000-8000-000000000000,completed,2026-06-27 12:45:24.196451+00:00,2026-06-27 12:45:30.555465+00:00
00000045-0048-4000-8000-000000000000,completed,2026-06-27 12:45:24.697382+00:00,2026-06-27 12:45:31.159281+00:00
00000048-0048-4000-8000-000000000000,completed,2026-06-27 12:45:24.855151+00:00,2026-06-27 12:45:31.327354+00:00
00000012-0049-4000-8000-000000000000,completed,2026-06-27 12:45:25.048418+00:00,2026-06-27 12:45:31.590911+00:00
00000016-0049-4000-8000-000000000000,completed,2026-06-27 12:45:25.196521+00:00,2026-06-27 12:45:31.714017+00:00
00000022-0043-4000-8000-000000000000,completed,2026-06-27 12:45:17.775368+00:00,2026-06-27 12:45:22.941251+00:00
00000012-0044-4000-8000-000000000000,completed,2026-06-27 12:45:18.797150+00:00,2026-06-27 12:45:24.161287+00:00
00000007-0087-4000-8000-000000000000,completed,2026-06-27 12:46:13.485223+00:00,2026-06-27 12:46:28.758990+00:00
00000031-0088-4000-8000-000000000000,completed,2026-06-27 12:46:16.426211+00:00,2026-06-27 12:46:31.215986+00:00
00000002-0092-4000-8000-000000000000,completed,2026-06-27 12:46:26.513099+00:00,2026-06-27 12:46:36.980303+00:00
00000031-0092-4000-8000-000000000000,completed,2026-06-27 12:46:27.383835+00:00,2026-06-27 12:46:37.296070+00:00
00000023-0043-4000-8000-000000000000,completed,2026-06-27 12:45:17.846115+00:00,2026-06-27 12:45:23.006948+00:00
00000022-0044-4000-8000-000000000000,completed,2026-06-27 12:45:19.020581+00:00,2026-06-27 12:45:24.468257+00:00
00000009-0087-4000-8000-000000000000,completed,2026-06-27 12:46:13.448504+00:00,2026-06-27 12:46:28.763152+00:00
00000026-0089-4000-8000-000000000000,completed,2026-06-27 12:46:17.933091+00:00,2026-06-27 12:46:32.429225+00:00
00000022-0092-4000-8000-000000000000,completed,2026-06-27 12:46:25.799191+00:00,2026-06-27 12:46:36.707372+00:00
00000040-0092-4000-8000-000000000000,completed,2026-06-27 12:46:27.660655+00:00,2026-06-27 12:46:37.350852+00:00
00000043-0092-4000-8000-000000000000,completed,2026-06-27 12:46:28.667800+00:00,2026-06-27 12:46:37.693397+00:00
00000042-0048-4000-8000-000000000000,completed,2026-06-27 12:45:24.621113+00:00,2026-06-27 12:45:31.040035+00:00
00000032-0047-4000-8000-000000000000,completed,2026-06-27 12:45:23.169898+00:00,2026-06-27 12:45:29.342165+00:00
00000044-0048-4000-8000-000000000000,completed,2026-06-27 12:45:24.720839+00:00,2026-06-27 12:45:31.187057+00:00
00000028-0047-4000-8000-000000000000,completed,2026-06-27 12:45:23.271247+00:00,2026-06-27 12:45:29.441003+00:00
00000042-0047-4000-8000-000000000000,completed,2026-06-27 12:45:23.371320+00:00,2026-06-27 12:45:29.575259+00:00
00000046-0048-4000-8000-000000000000,completed,2026-06-27 12:45:24.820633+00:00,2026-06-27 12:45:31.301159+00:00
00000009-0048-4000-8000-000000000000,completed,2026-06-27 12:45:23.670302+00:00,2026-06-27 12:45:29.931717+00:00
00000010-0048-4000-8000-000000000000,completed,2026-06-27 12:45:23.722661+00:00,2026-06-27 12:45:29.960608+00:00
00000014-0049-4000-8000-000000000000,completed,2026-06-27 12:45:25.170861+00:00,2026-06-27 12:45:31.716327+00:00
00000020-0048-4000-8000-000000000000,completed,2026-06-27 12:45:24.070899+00:00,2026-06-27 12:45:30.380772+00:00
00000019-0048-4000-8000-000000000000,completed,2026-06-27 12:45:24.172065+00:00,2026-06-27 12:45:30.563510+00:00
00000011-0093-4000-8000-000000000000,completed,2026-06-27 12:46:29.596872+00:00,2026-06-27 12:46:37.849167+00:00
00000028-0048-4000-8000-000000000000,completed,2026-06-27 12:45:24.520840+00:00,2026-06-27 12:45:30.931232+00:00
00000005-0049-4000-8000-000000000000,completed,2026-06-27 12:45:25.221912+00:00,2026-06-27 12:45:31.789358+00:00
00000020-0049-4000-8000-000000000000,completed,2026-06-27 12:45:25.322022+00:00,2026-06-27 12:45:31.883238+00:00
00000006-0093-4000-8000-000000000000,completed,2026-06-27 12:46:30.400361+00:00,2026-06-27 12:46:38.050131+00:00
00000025-0093-4000-8000-000000000000,completed,2026-06-27 12:46:32.598336+00:00,2026-06-27 12:46:38.372717+00:00
00000042-0044-4000-8000-000000000000,completed,2026-06-27 12:45:19.620529+00:00,2026-06-27 12:45:25.132304+00:00
00000018-0092-4000-8000-000000000000,completed,2026-06-27 12:46:25.721710+00:00,2026-06-27 12:46:36.709912+00:00
00000030-0045-4000-8000-000000000000,completed,2026-06-27 12:45:20.547346+00:00,2026-06-27 12:45:26.233101+00:00
00000036-0045-4000-8000-000000000000,completed,2026-06-27 12:45:20.719908+00:00,2026-06-27 12:45:26.470991+00:00
00000048-0045-4000-8000-000000000000,completed,2026-06-27 12:45:21.096172+00:00,2026-06-27 12:45:26.953529+00:00
00000029-0046-4000-8000-000000000000,completed,2026-06-27 12:45:21.771120+00:00,2026-06-27 12:45:27.691247+00:00
00000049-0049-4000-8000-000000000000,completed,2026-06-27 12:45:25.996876+00:00,2026-06-27 12:45:32.711072+00:00
00000027-0049-4000-8000-000000000000,completed,2026-06-27 12:45:25.496592+00:00,2026-06-27 12:45:32.063159+00:00
00000008-0050-4000-8000-000000000000,completed,2026-06-27 12:45:26.320658+00:00,2026-06-27 12:45:33.128782+00:00
00000045-0049-4000-8000-000000000000,completed,2026-06-27 12:45:25.946535+00:00,2026-06-27 12:45:32.661102+00:00
00000034-0049-4000-8000-000000000000,completed,2026-06-27 12:45:25.599111+00:00,2026-06-27 12:45:32.247037+00:00
00000036-0049-4000-8000-000000000000,completed,2026-06-27 12:45:25.721487+00:00,2026-06-27 12:45:32.372067+00:00
00000040-0049-4000-8000-000000000000,completed,2026-06-27 12:45:25.799156+00:00,2026-06-27 12:45:32.477337+00:00
00000038-0049-4000-8000-000000000000,completed,2026-06-27 12:45:25.821776+00:00,2026-06-27 12:45:32.494828+00:00
00000042-0049-4000-8000-000000000000,completed,2026-06-27 12:45:25.872417+00:00,2026-06-27 12:45:32.559687+00:00
00000006-0050-4000-8000-000000000000,completed,2026-06-27 12:45:26.372645+00:00,2026-06-27 12:45:33.187027+00:00
00000036-0050-4000-8000-000000000000,completed,2026-06-27 12:45:26.970616+00:00,2026-06-27 12:45:33.872753+00:00
00000012-0050-4000-8000-000000000000,completed,2026-06-27 12:45:26.298983+00:00,2026-06-27 12:45:33.074171+00:00
00000009-0051-4000-8000-000000000000,completed,2026-06-27 12:45:27.422617+00:00,2026-06-27 12:45:34.393026+00:00
00000026-0050-4000-8000-000000000000,completed,2026-06-27 12:45:26.645664+00:00,2026-06-27 12:45:33.472006+00:00
00000044-0050-4000-8000-000000000000,completed,2026-06-27 12:45:27.221971+00:00,2026-06-27 12:45:34.202515+00:00
00000032-0050-4000-8000-000000000000,completed,2026-06-27 12:45:26.922997+00:00,2026-06-27 12:45:33.814511+00:00
00000027-0050-4000-8000-000000000000,completed,2026-06-27 12:45:26.748009+00:00,2026-06-27 12:45:33.638779+00:00
00000021-0050-4000-8000-000000000000,completed,2026-06-27 12:45:26.822042+00:00,2026-06-27 12:45:33.683610+00:00
00000033-0050-4000-8000-000000000000,completed,2026-06-27 12:45:26.872010+00:00,2026-06-27 12:45:33.727178+00:00
00000037-0050-4000-8000-000000000000,completed,2026-06-27 12:45:26.896524+00:00,2026-06-27 12:45:33.815874+00:00
00000003-0051-4000-8000-000000000000,completed,2026-06-27 12:45:27.371594+00:00,2026-06-27 12:45:34.389927+00:00
00000020-0051-4000-8000-000000000000,completed,2026-06-27 12:45:27.820829+00:00,2026-06-27 12:45:34.839147+00:00
00000004-0051-4000-8000-000000000000,completed,2026-06-27 12:45:27.395206+00:00,2026-06-27 12:45:34.358557+00:00
00000011-0051-4000-8000-000000000000,completed,2026-06-27 12:45:27.496273+00:00,2026-06-27 12:45:34.519180+00:00
00000012-0051-4000-8000-000000000000,completed,2026-06-27 12:45:27.546904+00:00,2026-06-27 12:45:34.576662+00:00
00000014-0051-4000-8000-000000000000,completed,2026-06-27 12:45:27.672288+00:00,2026-06-27 12:45:34.675220+00:00
00000005-0051-4000-8000-000000000000,completed,2026-06-27 12:45:27.721527+00:00,2026-06-27 12:45:34.746551+00:00
00000019-0092-4000-8000-000000000000,completed,2026-06-27 12:46:26.352664+00:00,2026-06-27 12:46:36.979419+00:00
00000013-0052-4000-8000-000000000000,completed,2026-06-27 12:45:28.896411+00:00,2026-06-27 12:45:36.172040+00:00
00000027-0051-4000-8000-000000000000,completed,2026-06-27 12:45:27.997745+00:00,2026-06-27 12:45:35.102822+00:00
00000035-0051-4000-8000-000000000000,completed,2026-06-27 12:45:28.196339+00:00,2026-06-27 12:45:35.369847+00:00
00000026-0052-4000-8000-000000000000,completed,2026-06-27 12:45:29.145611+00:00,2026-06-27 12:45:36.457705+00:00
00000012-0052-4000-8000-000000000000,completed,2026-06-27 12:45:28.796598+00:00,2026-06-27 12:45:36.043257+00:00
00000045-0052-4000-8000-000000000000,completed,2026-06-27 12:45:29.696283+00:00,2026-06-27 12:45:37.115867+00:00
00000023-0052-4000-8000-000000000000,completed,2026-06-27 12:45:29.095286+00:00,2026-06-27 12:45:36.412300+00:00
00000030-0053-4000-8000-000000000000,completed,2026-06-27 12:45:30.546893+00:00,2026-06-27 12:45:38.155898+00:00
00000031-0052-4000-8000-000000000000,completed,2026-06-27 12:45:29.498001+00:00,2026-06-27 12:45:36.910418+00:00
00000039-0052-4000-8000-000000000000,completed,2026-06-27 12:45:29.597893+00:00,2026-06-27 12:45:36.990121+00:00
00000048-0052-4000-8000-000000000000,completed,2026-06-27 12:45:29.845998+00:00,2026-06-27 12:45:37.294955+00:00
00000012-0053-4000-8000-000000000000,completed,2026-06-27 12:45:30.047658+00:00,2026-06-27 12:45:37.566100+00:00
00000037-0054-4000-8000-000000000000,completed,2026-06-27 12:45:31.895939+00:00,2026-06-27 12:45:39.758765+00:00
00000041-0053-4000-8000-000000000000,completed,2026-06-27 12:45:30.896025+00:00,2026-06-27 12:45:38.592200+00:00
00000027-0053-4000-8000-000000000000,completed,2026-06-27 12:45:30.496321+00:00,2026-06-27 12:45:38.134574+00:00
00000007-0054-4000-8000-000000000000,completed,2026-06-27 12:45:31.197023+00:00,2026-06-27 12:45:38.958304+00:00
00000025-0054-4000-8000-000000000000,completed,2026-06-27 12:45:31.694667+00:00,2026-06-27 12:45:39.540629+00:00
00000018-0054-4000-8000-000000000000,completed,2026-06-27 12:45:31.502843+00:00,2026-06-27 12:45:39.300411+00:00
00000023-0054-4000-8000-000000000000,completed,2026-06-27 12:45:31.599692+00:00,2026-06-27 12:45:39.436009+00:00
00000035-0054-4000-8000-000000000000,completed,2026-06-27 12:45:31.946723+00:00,2026-06-27 12:45:39.861945+00:00
00000015-0055-4000-8000-000000000000,completed,2026-06-27 12:45:32.597163+00:00,2026-06-27 12:45:40.554788+00:00
00000034-0054-4000-8000-000000000000,completed,2026-06-27 12:45:31.849480+00:00,2026-06-27 12:45:39.704579+00:00
00000049-0054-4000-8000-000000000000,completed,2026-06-27 12:45:32.246050+00:00,2026-06-27 12:45:40.218907+00:00
00000039-0054-4000-8000-000000000000,completed,2026-06-27 12:45:32.096266+00:00,2026-06-27 12:45:40.022408+00:00
00000041-0054-4000-8000-000000000000,completed,2026-06-27 12:45:32.145611+00:00,2026-06-27 12:45:40.049597+00:00
00000011-0055-4000-8000-000000000000,completed,2026-06-27 12:45:32.496785+00:00,2026-06-27 12:45:40.458424+00:00
00000030-0055-4000-8000-000000000000,completed,2026-06-27 12:45:33.045655+00:00,2026-06-27 12:45:41.106307+00:00
00000040-0055-4000-8000-000000000000,completed,2026-06-27 12:45:33.296931+00:00,2026-06-27 12:45:41.411474+00:00
00000035-0055-4000-8000-000000000000,completed,2026-06-27 12:45:33.196146+00:00,2026-06-27 12:45:41.284615+00:00
00000031-0055-4000-8000-000000000000,completed,2026-06-27 12:45:33.247197+00:00,2026-06-27 12:45:41.332968+00:00
00000002-0047-4000-8000-000000000000,completed,2026-06-27 12:45:22.971657+00:00,2026-06-27 12:45:29.096438+00:00
00000012-0048-4000-8000-000000000000,completed,2026-06-27 12:45:23.796657+00:00,2026-06-27 12:45:30.055858+00:00
00000017-0049-4000-8000-000000000000,completed,2026-06-27 12:45:25.296473+00:00,2026-06-27 12:45:31.862820+00:00
00000032-0049-4000-8000-000000000000,completed,2026-06-27 12:45:25.678614+00:00,2026-06-27 12:45:32.346599+00:00
00000009-0052-4000-8000-000000000000,completed,2026-06-27 12:45:28.670807+00:00,2026-06-27 12:45:35.889524+00:00
00000002-0051-4000-8000-000000000000,completed,2026-06-27 12:45:27.970773+00:00,2026-06-27 12:45:35.008409+00:00
00000038-0051-4000-8000-000000000000,completed,2026-06-27 12:45:28.321868+00:00,2026-06-27 12:45:35.490383+00:00
00000020-0052-4000-8000-000000000000,completed,2026-06-27 12:45:29.070976+00:00,2026-06-27 12:45:36.390269+00:00
00000046-0051-4000-8000-000000000000,completed,2026-06-27 12:45:28.571288+00:00,2026-06-27 12:45:35.806894+00:00
00000001-0053-4000-8000-000000000000,completed,2026-06-27 12:45:30.021982+00:00,2026-06-27 12:45:37.537973+00:00
00000022-0052-4000-8000-000000000000,completed,2026-06-27 12:45:29.020896+00:00,2026-06-27 12:45:36.361475+00:00
00000029-0052-4000-8000-000000000000,completed,2026-06-27 12:45:29.270931+00:00,2026-06-27 12:45:36.630878+00:00
00000038-0052-4000-8000-000000000000,completed,2026-06-27 12:45:29.570817+00:00,2026-06-27 12:45:36.983121+00:00
00000046-0052-4000-8000-000000000000,completed,2026-06-27 12:45:29.821767+00:00,2026-06-27 12:45:37.270906+00:00
00000021-0053-4000-8000-000000000000,completed,2026-06-27 12:45:30.571706+00:00,2026-06-27 12:45:38.206665+00:00
00000010-0053-4000-8000-000000000000,completed,2026-06-27 12:45:29.970375+00:00,2026-06-27 12:45:37.460478+00:00
00000050-0053-4000-8000-000000000000,completed,2026-06-27 12:45:31.021121+00:00,2026-06-27 12:45:38.741678+00:00
00000019-0053-4000-8000-000000000000,completed,2026-06-27 12:45:30.423287+00:00,2026-06-27 12:45:37.974487+00:00
00000002-0053-4000-8000-000000000000,completed,2026-06-27 12:45:30.472411+00:00,2026-06-27 12:45:38.116250+00:00
00000006-0054-4000-8000-000000000000,completed,2026-06-27 12:45:31.376016+00:00,2026-06-27 12:45:39.130758+00:00
00000044-0053-4000-8000-000000000000,completed,2026-06-27 12:45:30.975155+00:00,2026-06-27 12:45:38.722975+00:00
00000014-0054-4000-8000-000000000000,completed,2026-06-27 12:45:31.421846+00:00,2026-06-27 12:45:39.225138+00:00
00000009-0055-4000-8000-000000000000,completed,2026-06-27 12:45:32.421926+00:00,2026-06-27 12:45:40.393304+00:00
00000001-0054-4000-8000-000000000000,completed,2026-06-27 12:45:31.271668+00:00,2026-06-27 12:45:39.077507+00:00
00000042-0054-4000-8000-000000000000,completed,2026-06-27 12:45:32.121967+00:00,2026-06-27 12:45:40.045755+00:00
00000019-0054-4000-8000-000000000000,completed,2026-06-27 12:45:31.672701+00:00,2026-06-27 12:45:39.507259+00:00
00000002-0054-4000-8000-000000000000,completed,2026-06-27 12:45:31.723270+00:00,2026-06-27 12:45:39.566494+00:00
00000021-0054-4000-8000-000000000000,completed,2026-06-27 12:45:31.821408+00:00,2026-06-27 12:45:39.682638+00:00
00000032-0054-4000-8000-000000000000,completed,2026-06-27 12:45:31.929833+00:00,2026-06-27 12:45:39.817353+00:00
00000028-0054-4000-8000-000000000000,completed,2026-06-27 12:45:32.033735+00:00,2026-06-27 12:45:39.908416+00:00
00000050-0054-4000-8000-000000000000,completed,2026-06-27 12:45:32.271566+00:00,2026-06-27 12:45:40.232258+00:00
00000028-0092-4000-8000-000000000000,completed,2026-06-27 12:46:27.472652+00:00,2026-06-27 12:46:37.327283+00:00
00000044-0055-4000-8000-000000000000,completed,2026-06-27 12:45:33.470097+00:00,2026-06-27 12:45:41.643014+00:00
00000020-0055-4000-8000-000000000000,completed,2026-06-27 12:45:32.824598+00:00,2026-06-27 12:45:40.854758+00:00
00000033-0056-4000-8000-000000000000,completed,2026-06-27 12:45:34.373984+00:00,2026-06-27 12:45:42.692250+00:00
00000047-0055-4000-8000-000000000000,completed,2026-06-27 12:45:33.421506+00:00,2026-06-27 12:45:41.527056+00:00
00000028-0055-4000-8000-000000000000,completed,2026-06-27 12:45:33.270172+00:00,2026-06-27 12:45:41.347274+00:00
00000038-0055-4000-8000-000000000000,completed,2026-06-27 12:45:33.323339+00:00,2026-06-27 12:45:41.454065+00:00
00000042-0055-4000-8000-000000000000,completed,2026-06-27 12:45:33.372364+00:00,2026-06-27 12:45:41.476783+00:00
00000005-0056-4000-8000-000000000000,completed,2026-06-27 12:45:33.970986+00:00,2026-06-27 12:45:42.211328+00:00
00000021-0056-4000-8000-000000000000,completed,2026-06-27 12:45:34.323754+00:00,2026-06-27 12:45:42.578796+00:00
00000019-0056-4000-8000-000000000000,completed,2026-06-27 12:45:34.171735+00:00,2026-06-27 12:45:42.406760+00:00
00000042-0056-4000-8000-000000000000,completed,2026-06-27 12:45:34.622079+00:00,2026-06-27 12:45:42.955391+00:00
00000029-0056-4000-8000-000000000000,completed,2026-06-27 12:45:34.271595+00:00,2026-06-27 12:45:42.539566+00:00
00000002-0057-4000-8000-000000000000,completed,2026-06-27 12:45:35.476395+00:00,2026-06-27 12:45:43.951824+00:00
00000038-0056-4000-8000-000000000000,completed,2026-06-27 12:45:34.574708+00:00,2026-06-27 12:45:42.904376+00:00
00000001-0057-4000-8000-000000000000,completed,2026-06-27 12:45:35.021078+00:00,2026-06-27 12:45:43.422729+00:00
00000046-0056-4000-8000-000000000000,completed,2026-06-27 12:45:34.823561+00:00,2026-06-27 12:45:43.195280+00:00
00000005-0057-4000-8000-000000000000,completed,2026-06-27 12:45:35.222057+00:00,2026-06-27 12:45:43.679748+00:00
00000001-0058-4000-8000-000000000000,completed,2026-06-27 12:45:36.271463+00:00,2026-06-27 12:45:44.919524+00:00
00000019-0057-4000-8000-000000000000,completed,2026-06-27 12:45:35.428373+00:00,2026-06-27 12:45:43.935280+00:00
00000036-0057-4000-8000-000000000000,completed,2026-06-27 12:45:35.725756+00:00,2026-06-27 12:45:44.280266+00:00
00000047-0057-4000-8000-000000000000,completed,2026-06-27 12:45:35.920950+00:00,2026-06-27 12:45:44.470166+00:00
00000019-0058-4000-8000-000000000000,completed,2026-06-27 12:45:36.672093+00:00,2026-06-27 12:45:45.381433+00:00
00000009-0058-4000-8000-000000000000,completed,2026-06-27 12:45:36.172174+00:00,2026-06-27 12:45:44.811612+00:00
00000038-0059-4000-8000-000000000000,completed,2026-06-27 12:45:38.321366+00:00,2026-06-27 12:45:47.362388+00:00
00000036-0058-4000-8000-000000000000,completed,2026-06-27 12:45:36.970224+00:00,2026-06-27 12:45:45.741518+00:00
00000050-0058-4000-8000-000000000000,completed,2026-06-27 12:45:37.281521+00:00,2026-06-27 12:45:46.053844+00:00
00000010-0059-4000-8000-000000000000,completed,2026-06-27 12:45:37.471536+00:00,2026-06-27 12:45:46.374726+00:00
00000033-0059-4000-8000-000000000000,completed,2026-06-27 12:45:38.125938+00:00,2026-06-27 12:45:47.134553+00:00
00000036-0059-4000-8000-000000000000,completed,2026-06-27 12:45:38.220746+00:00,2026-06-27 12:45:47.251105+00:00
00000028-0059-4000-8000-000000000000,completed,2026-06-27 12:45:38.271059+00:00,2026-06-27 12:45:47.285853+00:00
00000046-0049-4000-8000-000000000000,completed,2026-06-27 12:45:26.070657+00:00,2026-06-27 12:45:32.813754+00:00
00000025-0051-4000-8000-000000000000,completed,2026-06-27 12:45:27.947136+00:00,2026-06-27 12:45:34.964453+00:00
00000020-0054-4000-8000-000000000000,completed,2026-06-27 12:45:31.570815+00:00,2026-06-27 12:45:39.422292+00:00
00000039-0055-4000-8000-000000000000,completed,2026-06-27 12:45:33.345376+00:00,2026-06-27 12:45:41.452164+00:00
00000049-0058-4000-8000-000000000000,completed,2026-06-27 12:45:37.246357+00:00,2026-06-27 12:45:46.063865+00:00
00000036-0065-4000-8000-000000000000,completed,2026-06-27 12:45:45.729461+00:00,2026-06-27 12:45:56.437917+00:00
00000017-0066-4000-8000-000000000000,completed,2026-06-27 12:45:46.548683+00:00,2026-06-27 12:45:57.491729+00:00
00000035-0068-4000-8000-000000000000,completed,2026-06-27 12:45:49.447336+00:00,2026-06-27 12:46:01.011996+00:00
00000031-0070-4000-8000-000000000000,completed,2026-06-27 12:45:51.979461+00:00,2026-06-27 12:46:04.060177+00:00
00000009-0073-4000-8000-000000000000,completed,2026-06-27 12:45:54.921469+00:00,2026-06-27 12:46:07.556469+00:00
00000016-0074-4000-8000-000000000000,completed,2026-06-27 12:45:56.422065+00:00,2026-06-27 12:46:09.370950+00:00
00000044-0075-4000-8000-000000000000,completed,2026-06-27 12:45:58.471161+00:00,2026-06-27 12:46:11.917989+00:00
00000035-0079-4000-8000-000000000000,completed,2026-06-27 12:46:03.271094+00:00,2026-06-27 12:46:17.771025+00:00
00000010-0081-4000-8000-000000000000,completed,2026-06-27 12:46:04.970801+00:00,2026-06-27 12:46:19.812838+00:00
00000032-0084-4000-8000-000000000000,completed,2026-06-27 12:46:09.702182+00:00,2026-06-27 12:46:25.222750+00:00
00000041-0092-4000-8000-000000000000,completed,2026-06-27 12:46:28.048976+00:00,2026-06-27 12:46:37.507973+00:00
00000030-0050-4000-8000-000000000000,completed,2026-06-27 12:45:26.797917+00:00,2026-06-27 12:45:33.640380+00:00
00000010-0052-4000-8000-000000000000,completed,2026-06-27 12:45:28.724277+00:00,2026-06-27 12:45:35.995079+00:00
00000007-0056-4000-8000-000000000000,completed,2026-06-27 12:45:33.698154+00:00,2026-06-27 12:45:41.874846+00:00
00000042-0059-4000-8000-000000000000,completed,2026-06-27 12:45:38.371289+00:00,2026-06-27 12:45:47.445928+00:00
00000043-0063-4000-8000-000000000000,completed,2026-06-27 12:45:43.545941+00:00,2026-06-27 12:45:53.710888+00:00
00000030-0067-4000-8000-000000000000,completed,2026-06-27 12:45:48.048874+00:00,2026-06-27 12:45:59.264935+00:00
00000015-0069-4000-8000-000000000000,completed,2026-06-27 12:45:50.101007+00:00,2026-06-27 12:46:01.780311+00:00
00000033-0070-4000-8000-000000000000,completed,2026-06-27 12:45:51.872218+00:00,2026-06-27 12:46:03.909986+00:00
00000006-0075-4000-8000-000000000000,completed,2026-06-27 12:45:57.621201+00:00,2026-06-27 12:46:10.850957+00:00
00000048-0075-4000-8000-000000000000,completed,2026-06-27 12:45:58.597001+00:00,2026-06-27 12:46:12.063211+00:00
00000015-0078-4000-8000-000000000000,completed,2026-06-27 12:46:01.346929+00:00,2026-06-27 12:46:15.316672+00:00
00000011-0079-4000-8000-000000000000,completed,2026-06-27 12:46:02.497693+00:00,2026-06-27 12:46:16.718971+00:00
00000039-0081-4000-8000-000000000000,completed,2026-06-27 12:46:05.847851+00:00,2026-06-27 12:46:20.881374+00:00
00000049-0081-4000-8000-000000000000,completed,2026-06-27 12:46:05.999391+00:00,2026-06-27 12:46:21.048829+00:00
00000042-0082-4000-8000-000000000000,completed,2026-06-27 12:46:07.161998+00:00,2026-06-27 12:46:22.463625+00:00
00000038-0083-4000-8000-000000000000,completed,2026-06-27 12:46:08.458541+00:00,2026-06-27 12:46:23.935072+00:00
00000004-0084-4000-8000-000000000000,completed,2026-06-27 12:46:08.819494+00:00,2026-06-27 12:46:24.291615+00:00
00000045-0092-4000-8000-000000000000,completed,2026-06-27 12:46:28.250282+00:00,2026-06-27 12:46:37.520552+00:00
00000023-0056-4000-8000-000000000000,completed,2026-06-27 12:45:34.097279+00:00,2026-06-27 12:45:42.329200+00:00
00000049-0056-4000-8000-000000000000,completed,2026-06-27 12:45:34.759721+00:00,2026-06-27 12:45:43.082697+00:00
00000017-0056-4000-8000-000000000000,completed,2026-06-27 12:45:34.047974+00:00,2026-06-27 12:45:42.323374+00:00
00000030-0056-4000-8000-000000000000,completed,2026-06-27 12:45:34.296968+00:00,2026-06-27 12:45:42.549008+00:00
00000025-0057-4000-8000-000000000000,completed,2026-06-27 12:45:35.451902+00:00,2026-06-27 12:45:43.949940+00:00
00000045-0056-4000-8000-000000000000,completed,2026-06-27 12:45:34.697961+00:00,2026-06-27 12:45:43.046586+00:00
00000004-0057-4000-8000-000000000000,completed,2026-06-27 12:45:34.900132+00:00,2026-06-27 12:45:43.250263+00:00
00000040-0058-4000-8000-000000000000,completed,2026-06-27 12:45:37.046281+00:00,2026-06-27 12:45:45.855664+00:00
00000018-0057-4000-8000-000000000000,completed,2026-06-27 12:45:35.249764+00:00,2026-06-27 12:45:43.747921+00:00
00000023-0057-4000-8000-000000000000,completed,2026-06-27 12:45:35.346052+00:00,2026-06-27 12:45:43.793438+00:00
00000041-0057-4000-8000-000000000000,completed,2026-06-27 12:45:35.897241+00:00,2026-06-27 12:45:44.475399+00:00
00000043-0057-4000-8000-000000000000,completed,2026-06-27 12:45:36.047859+00:00,2026-06-27 12:45:44.642664+00:00
00000011-0058-4000-8000-000000000000,completed,2026-06-27 12:45:36.246272+00:00,2026-06-27 12:45:44.909311+00:00
00000030-0059-4000-8000-000000000000,completed,2026-06-27 12:45:38.047812+00:00,2026-06-27 12:45:47.021250+00:00
00000035-0058-4000-8000-000000000000,completed,2026-06-27 12:45:36.945749+00:00,2026-06-27 12:45:45.727391+00:00
00000004-0059-4000-8000-000000000000,completed,2026-06-27 12:45:37.396468+00:00,2026-06-27 12:45:46.251925+00:00
00000015-0059-4000-8000-000000000000,completed,2026-06-27 12:45:37.596733+00:00,2026-06-27 12:45:46.483669+00:00
00000037-0060-4000-8000-000000000000,completed,2026-06-27 12:45:39.396228+00:00,2026-06-27 12:45:48.633571+00:00
00000017-0059-4000-8000-000000000000,completed,2026-06-27 12:45:37.797337+00:00,2026-06-27 12:45:46.780997+00:00
00000039-0059-4000-8000-000000000000,completed,2026-06-27 12:45:38.349568+00:00,2026-06-27 12:45:47.326124+00:00
00000025-0059-4000-8000-000000000000,completed,2026-06-27 12:45:37.946689+00:00,2026-06-27 12:45:46.935054+00:00
00000035-0059-4000-8000-000000000000,completed,2026-06-27 12:45:38.206171+00:00,2026-06-27 12:45:47.181852+00:00
00000031-0059-4000-8000-000000000000,completed,2026-06-27 12:45:38.247978+00:00,2026-06-27 12:45:47.295004+00:00
00000048-0059-4000-8000-000000000000,completed,2026-06-27 12:45:38.597272+00:00,2026-06-27 12:45:47.721171+00:00
00000012-0060-4000-8000-000000000000,completed,2026-06-27 12:45:38.796418+00:00,2026-06-27 12:45:47.901112+00:00
00000017-0060-4000-8000-000000000000,completed,2026-06-27 12:45:39.047102+00:00,2026-06-27 12:45:48.214257+00:00
00000039-0060-4000-8000-000000000000,completed,2026-06-27 12:45:39.598362+00:00,2026-06-27 12:45:48.831806+00:00
00000034-0060-4000-8000-000000000000,completed,2026-06-27 12:45:39.347987+00:00,2026-06-27 12:45:48.567155+00:00
00000031-0060-4000-8000-000000000000,completed,2026-06-27 12:45:39.496523+00:00,2026-06-27 12:45:48.751976+00:00
00000049-0060-4000-8000-000000000000,completed,2026-06-27 12:45:39.747825+00:00,2026-06-27 12:45:49.015749+00:00
00000035-0052-4000-8000-000000000000,completed,2026-06-27 12:45:29.452960+00:00,2026-06-27 12:45:36.814774+00:00
00000022-0053-4000-8000-000000000000,completed,2026-06-27 12:45:30.271553+00:00,2026-06-27 12:45:37.826334+00:00
00000034-0053-4000-8000-000000000000,completed,2026-06-27 12:45:30.596375+00:00,2026-06-27 12:45:38.156613+00:00
00000015-0054-4000-8000-000000000000,completed,2026-06-27 12:45:31.346840+00:00,2026-06-27 12:45:39.126890+00:00
00000005-0055-4000-8000-000000000000,completed,2026-06-27 12:45:32.720859+00:00,2026-06-27 12:45:40.738025+00:00
00000003-0057-4000-8000-000000000000,completed,2026-06-27 12:45:34.874808+00:00,2026-06-27 12:45:43.259037+00:00
00000016-0057-4000-8000-000000000000,completed,2026-06-27 12:45:35.197957+00:00,2026-06-27 12:45:43.636823+00:00
00000027-0059-4000-8000-000000000000,completed,2026-06-27 12:45:38.001811+00:00,2026-06-27 12:45:46.936090+00:00
00000008-0060-4000-8000-000000000000,completed,2026-06-27 12:45:38.820644+00:00,2026-06-27 12:45:47.965049+00:00
00000046-0060-4000-8000-000000000000,completed,2026-06-27 12:45:39.823678+00:00,2026-06-27 12:45:49.156660+00:00
00000040-0061-4000-8000-000000000000,completed,2026-06-27 12:45:40.797334+00:00,2026-06-27 12:45:50.267267+00:00
00000022-0064-4000-8000-000000000000,completed,2026-06-27 12:45:44.021199+00:00,2026-06-27 12:45:54.333291+00:00
00000023-0065-4000-8000-000000000000,completed,2026-06-27 12:45:45.347028+00:00,2026-06-27 12:45:55.888872+00:00
00000032-0065-4000-8000-000000000000,completed,2026-06-27 12:45:45.671746+00:00,2026-06-27 12:45:56.399758+00:00
00000001-0066-4000-8000-000000000000,completed,2026-06-27 12:45:46.273765+00:00,2026-06-27 12:45:57.158669+00:00
00000008-0067-4000-8000-000000000000,completed,2026-06-27 12:45:47.572298+00:00,2026-06-27 12:45:58.722722+00:00
00000036-0068-4000-8000-000000000000,completed,2026-06-27 12:45:49.471871+00:00,2026-06-27 12:46:01.038128+00:00
00000037-0070-4000-8000-000000000000,completed,2026-06-27 12:45:51.896337+00:00,2026-06-27 12:46:03.942623+00:00
00000037-0071-4000-8000-000000000000,completed,2026-06-27 12:45:53.147795+00:00,2026-06-27 12:46:05.497759+00:00
00000049-0074-4000-8000-000000000000,completed,2026-06-27 12:45:57.245770+00:00,2026-06-27 12:46:10.426616+00:00
00000016-0075-4000-8000-000000000000,completed,2026-06-27 12:45:57.673158+00:00,2026-06-27 12:46:10.950826+00:00
00000015-0077-4000-8000-000000000000,completed,2026-06-27 12:46:00.097176+00:00,2026-06-27 12:46:13.858956+00:00
00000036-0077-4000-8000-000000000000,completed,2026-06-27 12:46:00.696273+00:00,2026-06-27 12:46:14.567866+00:00
00000042-0060-4000-8000-000000000000,completed,2026-06-27 12:45:39.622886+00:00,2026-06-27 12:45:48.854300+00:00
00000006-0060-4000-8000-000000000000,completed,2026-06-27 12:45:38.871226+00:00,2026-06-27 12:45:47.998032+00:00
00000024-0060-4000-8000-000000000000,completed,2026-06-27 12:45:39.120633+00:00,2026-06-27 12:45:48.293710+00:00
00000047-0062-4000-8000-000000000000,completed,2026-06-27 12:45:42.172660+00:00,2026-06-27 12:45:52.058485+00:00
00000033-0060-4000-8000-000000000000,completed,2026-06-27 12:45:39.373049+00:00,2026-06-27 12:45:48.557438+00:00
00000036-0060-4000-8000-000000000000,completed,2026-06-27 12:45:39.471455+00:00,2026-06-27 12:45:48.681253+00:00
00000028-0060-4000-8000-000000000000,completed,2026-06-27 12:45:39.522281+00:00,2026-06-27 12:45:48.761175+00:00
00000010-0061-4000-8000-000000000000,completed,2026-06-27 12:45:39.971856+00:00,2026-06-27 12:45:49.341381+00:00
00000022-0061-4000-8000-000000000000,completed,2026-06-27 12:45:40.271752+00:00,2026-06-27 12:45:49.653756+00:00
00000047-0061-4000-8000-000000000000,completed,2026-06-27 12:45:40.920938+00:00,2026-06-27 12:45:50.418730+00:00
00000024-0062-4000-8000-000000000000,completed,2026-06-27 12:45:41.625038+00:00,2026-06-27 12:45:51.324326+00:00
00000014-0063-4000-8000-000000000000,completed,2026-06-27 12:45:42.672635+00:00,2026-06-27 12:45:52.665304+00:00
00000029-0062-4000-8000-000000000000,completed,2026-06-27 12:45:41.771601+00:00,2026-06-27 12:45:51.530117+00:00
00000042-0062-4000-8000-000000000000,completed,2026-06-27 12:45:42.121426+00:00,2026-06-27 12:45:51.938144+00:00
00000002-0064-4000-8000-000000000000,completed,2026-06-27 12:45:44.221312+00:00,2026-06-27 12:45:54.537249+00:00
00000009-0063-4000-8000-000000000000,completed,2026-06-27 12:45:42.421137+00:00,2026-06-27 12:45:52.548660+00:00
00000029-0063-4000-8000-000000000000,completed,2026-06-27 12:45:43.021946+00:00,2026-06-27 12:45:53.087486+00:00
00000047-0063-4000-8000-000000000000,completed,2026-06-27 12:45:43.422176+00:00,2026-06-27 12:45:53.543166+00:00
00000036-0063-4000-8000-000000000000,completed,2026-06-27 12:45:43.222428+00:00,2026-06-27 12:45:53.304424+00:00
00000038-0063-4000-8000-000000000000,completed,2026-06-27 12:45:43.323071+00:00,2026-06-27 12:45:53.421904+00:00
00000009-0064-4000-8000-000000000000,completed,2026-06-27 12:45:43.672403+00:00,2026-06-27 12:45:53.898309+00:00
00000008-0064-4000-8000-000000000000,completed,2026-06-27 12:45:43.822005+00:00,2026-06-27 12:45:54.066719+00:00
00000020-0064-4000-8000-000000000000,completed,2026-06-27 12:45:44.072158+00:00,2026-06-27 12:45:54.351471+00:00
00000005-0064-4000-8000-000000000000,completed,2026-06-27 12:45:43.978718+00:00,2026-06-27 12:45:54.223261+00:00
00000019-0064-4000-8000-000000000000,completed,2026-06-27 12:45:44.171830+00:00,2026-06-27 12:45:54.486957+00:00
00000028-0064-4000-8000-000000000000,completed,2026-06-27 12:45:44.522468+00:00,2026-06-27 12:45:54.846743+00:00
00000047-0064-4000-8000-000000000000,completed,2026-06-27 12:45:44.673901+00:00,2026-06-27 12:45:55.083378+00:00
00000046-0064-4000-8000-000000000000,completed,2026-06-27 12:45:44.820522+00:00,2026-06-27 12:45:55.300074+00:00
00000006-0065-4000-8000-000000000000,completed,2026-06-27 12:45:45.120804+00:00,2026-06-27 12:45:55.643193+00:00
00000020-0065-4000-8000-000000000000,completed,2026-06-27 12:45:45.321612+00:00,2026-06-27 12:45:55.926005+00:00
00000013-0061-4000-8000-000000000000,completed,2026-06-27 12:45:40.147677+00:00,2026-06-27 12:45:49.539835+00:00
00000007-0061-4000-8000-000000000000,completed,2026-06-27 12:45:39.946739+00:00,2026-06-27 12:45:49.291883+00:00
00000026-0061-4000-8000-000000000000,completed,2026-06-27 12:45:40.396637+00:00,2026-06-27 12:45:49.830112+00:00
00000015-0061-4000-8000-000000000000,completed,2026-06-27 12:45:40.096640+00:00,2026-06-27 12:45:49.489507+00:00
00000007-0062-4000-8000-000000000000,completed,2026-06-27 12:45:41.196747+00:00,2026-06-27 12:45:50.786560+00:00
00000023-0061-4000-8000-000000000000,completed,2026-06-27 12:45:40.351794+00:00,2026-06-27 12:45:49.746834+00:00
00000041-0061-4000-8000-000000000000,completed,2026-06-27 12:45:40.897353+00:00,2026-06-27 12:45:50.442353+00:00
00000035-0061-4000-8000-000000000000,completed,2026-06-27 12:45:40.697029+00:00,2026-06-27 12:45:50.229271+00:00
00000035-0062-4000-8000-000000000000,completed,2026-06-27 12:45:41.948686+00:00,2026-06-27 12:45:51.715842+00:00
00000048-0061-4000-8000-000000000000,completed,2026-06-27 12:45:41.096568+00:00,2026-06-27 12:45:50.630071+00:00
00000015-0062-4000-8000-000000000000,completed,2026-06-27 12:45:41.346281+00:00,2026-06-27 12:45:50.948097+00:00
00000026-0062-4000-8000-000000000000,completed,2026-06-27 12:45:41.646435+00:00,2026-06-27 12:45:51.330742+00:00
00000031-0062-4000-8000-000000000000,completed,2026-06-27 12:45:41.996514+00:00,2026-06-27 12:45:51.743658+00:00
00000018-0064-4000-8000-000000000000,completed,2026-06-27 12:45:43.997685+00:00,2026-06-27 12:45:54.299162+00:00
00000037-0062-4000-8000-000000000000,completed,2026-06-27 12:45:41.897391+00:00,2026-06-27 12:45:51.616055+00:00
00000049-0062-4000-8000-000000000000,completed,2026-06-27 12:45:42.245667+00:00,2026-06-27 12:45:52.096061+00:00
00000018-0063-4000-8000-000000000000,completed,2026-06-27 12:45:42.747758+00:00,2026-06-27 12:45:52.729952+00:00
00000017-0063-4000-8000-000000000000,completed,2026-06-27 12:45:42.798954+00:00,2026-06-27 12:45:52.799292+00:00
00000013-0063-4000-8000-000000000000,completed,2026-06-27 12:45:42.645596+00:00,2026-06-27 12:45:52.644499+00:00
00000016-0063-4000-8000-000000000000,completed,2026-06-27 12:45:42.696637+00:00,2026-06-27 12:45:52.707868+00:00
00000004-0064-4000-8000-000000000000,completed,2026-06-27 12:45:43.645770+00:00,2026-06-27 12:45:53.814093+00:00
00000031-0063-4000-8000-000000000000,completed,2026-06-27 12:45:43.249965+00:00,2026-06-27 12:45:53.349969+00:00
00000039-0063-4000-8000-000000000000,completed,2026-06-27 12:45:43.349679+00:00,2026-06-27 12:45:53.467621+00:00
00000045-0063-4000-8000-000000000000,completed,2026-06-27 12:45:43.446834+00:00,2026-06-27 12:45:53.570596+00:00
00000017-0064-4000-8000-000000000000,completed,2026-06-27 12:45:44.045989+00:00,2026-06-27 12:45:54.320975+00:00
00000040-0064-4000-8000-000000000000,completed,2026-06-27 12:45:44.546692+00:00,2026-06-27 12:45:54.974325+00:00
00000016-0064-4000-8000-000000000000,completed,2026-06-27 12:45:43.948198+00:00,2026-06-27 12:45:54.197181+00:00
00000030-0064-4000-8000-000000000000,completed,2026-06-27 12:45:44.296799+00:00,2026-06-27 12:45:54.646454+00:00
00000031-0064-4000-8000-000000000000,completed,2026-06-27 12:45:44.497846+00:00,2026-06-27 12:45:54.878929+00:00
00000043-0064-4000-8000-000000000000,completed,2026-06-27 12:45:44.796726+00:00,2026-06-27 12:45:55.194865+00:00
00000001-0056-4000-8000-000000000000,completed,2026-06-27 12:45:33.771312+00:00,2026-06-27 12:45:41.978693+00:00
00000048-0060-4000-8000-000000000000,completed,2026-06-27 12:45:39.846196+00:00,2026-06-27 12:45:49.165387+00:00
00000007-0072-4000-8000-000000000000,completed,2026-06-27 12:45:53.696769+00:00,2026-06-27 12:46:06.069622+00:00
00000045-0073-4000-8000-000000000000,completed,2026-06-27 12:45:55.947651+00:00,2026-06-27 12:46:08.851172+00:00
00000014-0078-4000-8000-000000000000,completed,2026-06-27 12:46:01.621321+00:00,2026-06-27 12:46:15.683191+00:00
00000038-0079-4000-8000-000000000000,completed,2026-06-27 12:46:03.321560+00:00,2026-06-27 12:46:17.830796+00:00
00000012-0080-4000-8000-000000000000,completed,2026-06-27 12:46:03.798347+00:00,2026-06-27 12:46:18.435775+00:00
00000033-0084-4000-8000-000000000000,completed,2026-06-27 12:46:09.646506+00:00,2026-06-27 12:46:25.144752+00:00
00000020-0058-4000-8000-000000000000,completed,2026-06-27 12:45:36.571556+00:00,2026-06-27 12:45:45.304620+00:00
00000043-0060-4000-8000-000000000000,completed,2026-06-27 12:45:39.797670+00:00,2026-06-27 12:45:49.107377+00:00
00000021-0062-4000-8000-000000000000,completed,2026-06-27 12:45:41.821943+00:00,2026-06-27 12:45:51.531178+00:00
00000039-0062-4000-8000-000000000000,completed,2026-06-27 12:45:42.095828+00:00,2026-06-27 12:45:51.885566+00:00
00000013-0065-4000-8000-000000000000,completed,2026-06-27 12:45:45.146841+00:00,2026-06-27 12:45:55.670898+00:00
00000041-0069-4000-8000-000000000000,completed,2026-06-27 12:45:50.896934+00:00,2026-06-27 12:46:02.762009+00:00
00000044-0071-4000-8000-000000000000,completed,2026-06-27 12:45:53.471711+00:00,2026-06-27 12:46:05.885092+00:00
00000039-0073-4000-8000-000000000000,completed,2026-06-27 12:45:55.846182+00:00,2026-06-27 12:46:08.724086+00:00
00000042-0076-4000-8000-000000000000,completed,2026-06-27 12:45:59.620539+00:00,2026-06-27 12:46:13.307522+00:00
00000007-0081-4000-8000-000000000000,completed,2026-06-27 12:46:04.947845+00:00,2026-06-27 12:46:19.818017+00:00
00000027-0082-4000-8000-000000000000,completed,2026-06-27 12:46:06.768663+00:00,2026-06-27 12:46:22.051630+00:00
00000022-0083-4000-8000-000000000000,completed,2026-06-27 12:46:07.828922+00:00,2026-06-27 12:46:23.242508+00:00
00000049-0065-4000-8000-000000000000,completed,2026-06-27 12:45:45.997584+00:00,2026-06-27 12:45:56.762797+00:00
00000026-0065-4000-8000-000000000000,completed,2026-06-27 12:45:45.402039+00:00,2026-06-27 12:45:55.944263+00:00
00000030-0065-4000-8000-000000000000,completed,2026-06-27 12:45:45.545598+00:00,2026-06-27 12:45:56.219230+00:00
00000015-0067-4000-8000-000000000000,completed,2026-06-27 12:45:47.597418+00:00,2026-06-27 12:45:58.734102+00:00
00000039-0065-4000-8000-000000000000,completed,2026-06-27 12:45:45.849592+00:00,2026-06-27 12:45:56.565694+00:00
00000040-0065-4000-8000-000000000000,completed,2026-06-27 12:45:45.795292+00:00,2026-06-27 12:45:56.614960+00:00
00000004-0066-4000-8000-000000000000,completed,2026-06-27 12:45:46.145880+00:00,2026-06-27 12:45:56.929550+00:00
00000027-0066-4000-8000-000000000000,completed,2026-06-27 12:45:46.746858+00:00,2026-06-27 12:45:57.731879+00:00
00000037-0066-4000-8000-000000000000,completed,2026-06-27 12:45:46.897056+00:00,2026-06-27 12:45:57.936963+00:00
00000039-0066-4000-8000-000000000000,completed,2026-06-27 12:45:47.096573+00:00,2026-06-27 12:45:58.141943+00:00
00000043-0066-4000-8000-000000000000,completed,2026-06-27 12:45:47.296299+00:00,2026-06-27 12:45:58.389953+00:00
00000013-0067-4000-8000-000000000000,completed,2026-06-27 12:45:47.648657+00:00,2026-06-27 12:45:58.815142+00:00
00000035-0067-4000-8000-000000000000,completed,2026-06-27 12:45:48.196718+00:00,2026-06-27 12:45:59.475332+00:00
00000012-0067-4000-8000-000000000000,completed,2026-06-27 12:45:47.547033+00:00,2026-06-27 12:45:58.694961+00:00
00000004-0068-4000-8000-000000000000,completed,2026-06-27 12:45:48.646945+00:00,2026-06-27 12:45:59.978616+00:00
00000027-0067-4000-8000-000000000000,completed,2026-06-27 12:45:48.005612+00:00,2026-06-27 12:45:59.245553+00:00
00000041-0067-4000-8000-000000000000,completed,2026-06-27 12:45:48.396653+00:00,2026-06-27 12:45:59.706733+00:00
00000037-0067-4000-8000-000000000000,completed,2026-06-27 12:45:48.147436+00:00,2026-06-27 12:45:59.440607+00:00
00000040-0067-4000-8000-000000000000,completed,2026-06-27 12:45:48.298543+00:00,2026-06-27 12:45:59.608594+00:00
00000013-0068-4000-8000-000000000000,completed,2026-06-27 12:45:48.897753+00:00,2026-06-27 12:46:00.330470+00:00
00000048-0067-4000-8000-000000000000,completed,2026-06-27 12:45:48.596793+00:00,2026-06-27 12:45:59.974939+00:00
00000049-0068-4000-8000-000000000000,completed,2026-06-27 12:45:49.747016+00:00,2026-06-27 12:46:01.384314+00:00
00000012-0068-4000-8000-000000000000,completed,2026-06-27 12:45:48.796457+00:00,2026-06-27 12:46:00.145550+00:00
00000043-0068-4000-8000-000000000000,completed,2026-06-27 12:45:49.798236+00:00,2026-06-27 12:46:01.413056+00:00
00000016-0069-4000-8000-000000000000,completed,2026-06-27 12:45:50.196934+00:00,2026-06-27 12:46:01.925522+00:00
00000045-0068-4000-8000-000000000000,completed,2026-06-27 12:45:49.697661+00:00,2026-06-27 12:46:01.255204+00:00
00000030-0069-4000-8000-000000000000,completed,2026-06-27 12:45:50.546503+00:00,2026-06-27 12:46:02.331493+00:00
00000013-0069-4000-8000-000000000000,completed,2026-06-27 12:45:50.147414+00:00,2026-06-27 12:46:01.779508+00:00
00000035-0069-4000-8000-000000000000,completed,2026-06-27 12:45:50.697231+00:00,2026-06-27 12:46:02.491772+00:00
00000039-0069-4000-8000-000000000000,completed,2026-06-27 12:45:50.845753+00:00,2026-06-27 12:46:02.682636+00:00
00000042-0065-4000-8000-000000000000,completed,2026-06-27 12:45:45.871810+00:00,2026-06-27 12:45:56.591965+00:00
00000010-0066-4000-8000-000000000000,completed,2026-06-27 12:45:46.221598+00:00,2026-06-27 12:45:57.068704+00:00
00000038-0065-4000-8000-000000000000,completed,2026-06-27 12:45:45.821553+00:00,2026-06-27 12:45:56.577279+00:00
00000006-0066-4000-8000-000000000000,completed,2026-06-27 12:45:46.373845+00:00,2026-06-27 12:45:57.267791+00:00
00000050-0065-4000-8000-000000000000,completed,2026-06-27 12:45:46.022098+00:00,2026-06-27 12:45:56.757267+00:00
00000014-0066-4000-8000-000000000000,completed,2026-06-27 12:45:46.423113+00:00,2026-06-27 12:45:57.307427+00:00
00000046-0065-4000-8000-000000000000,completed,2026-06-27 12:45:46.071443+00:00,2026-06-27 12:45:56.928076+00:00
00000009-0066-4000-8000-000000000000,completed,2026-06-27 12:45:46.171539+00:00,2026-06-27 12:45:56.944526+00:00
00000021-0066-4000-8000-000000000000,completed,2026-06-27 12:45:46.822057+00:00,2026-06-27 12:45:57.821204+00:00
00000044-0066-4000-8000-000000000000,completed,2026-06-27 12:45:47.221231+00:00,2026-06-27 12:45:58.324121+00:00
00000029-0066-4000-8000-000000000000,completed,2026-06-27 12:45:46.773079+00:00,2026-06-27 12:45:57.789572+00:00
00000036-0066-4000-8000-000000000000,completed,2026-06-27 12:45:46.974252+00:00,2026-06-27 12:45:57.984911+00:00
00000008-0068-4000-8000-000000000000,completed,2026-06-27 12:45:48.822386+00:00,2026-06-27 12:46:00.185442+00:00
00000042-0066-4000-8000-000000000000,completed,2026-06-27 12:45:47.122188+00:00,2026-06-27 12:45:58.193285+00:00
00000009-0067-4000-8000-000000000000,completed,2026-06-27 12:45:47.422050+00:00,2026-06-27 12:45:58.536176+00:00
00000002-0067-4000-8000-000000000000,completed,2026-06-27 12:45:47.971280+00:00,2026-06-27 12:45:59.259595+00:00
00000047-0067-4000-8000-000000000000,completed,2026-06-27 12:45:48.422577+00:00,2026-06-27 12:45:59.771141+00:00
00000028-0068-4000-8000-000000000000,completed,2026-06-27 12:45:49.525871+00:00,2026-06-27 12:46:01.099820+00:00
00000010-0068-4000-8000-000000000000,completed,2026-06-27 12:45:48.721949+00:00,2026-06-27 12:46:00.128324+00:00
00000002-0069-4000-8000-000000000000,completed,2026-06-27 12:45:50.470756+00:00,2026-06-27 12:46:02.238950+00:00
00000019-0068-4000-8000-000000000000,completed,2026-06-27 12:45:49.172158+00:00,2026-06-27 12:46:00.639123+00:00
00000029-0068-4000-8000-000000000000,completed,2026-06-27 12:45:49.271020+00:00,2026-06-27 12:46:00.726652+00:00
00000021-0068-4000-8000-000000000000,completed,2026-06-27 12:45:49.320839+00:00,2026-06-27 12:46:00.831304+00:00
00000003-0069-4000-8000-000000000000,completed,2026-06-27 12:45:49.871989+00:00,2026-06-27 12:46:01.462389+00:00
00000032-0068-4000-8000-000000000000,completed,2026-06-27 12:45:49.421675+00:00,2026-06-27 12:46:00.905903+00:00
00000042-0069-4000-8000-000000000000,completed,2026-06-27 12:45:50.871272+00:00,2026-06-27 12:46:02.684483+00:00
00000024-0069-4000-8000-000000000000,completed,2026-06-27 12:45:50.371507+00:00,2026-06-27 12:46:02.099449+00:00
00000028-0069-4000-8000-000000000000,completed,2026-06-27 12:45:50.771818+00:00,2026-06-27 12:46:02.659598+00:00
00000038-0069-4000-8000-000000000000,completed,2026-06-27 12:45:50.821873+00:00,2026-06-27 12:46:02.643515+00:00
00000001-0070-4000-8000-000000000000,completed,2026-06-27 12:45:51.271621+00:00,2026-06-27 12:46:03.203438+00:00
00000016-0070-4000-8000-000000000000,completed,2026-06-27 12:45:51.449855+00:00,2026-06-27 12:46:03.380926+00:00
00000026-0070-4000-8000-000000000000,completed,2026-06-27 12:45:51.651230+00:00,2026-06-27 12:46:03.722312+00:00
00000004-0070-4000-8000-000000000000,completed,2026-06-27 12:45:51.145991+00:00,2026-06-27 12:46:03.037756+00:00
00000011-0070-4000-8000-000000000000,completed,2026-06-27 12:45:51.246823+00:00,2026-06-27 12:46:03.204835+00:00
00000015-0070-4000-8000-000000000000,completed,2026-06-27 12:45:51.346240+00:00,2026-06-27 12:46:03.324182+00:00
00000036-0070-4000-8000-000000000000,completed,2026-06-27 12:45:51.946423+00:00,2026-06-27 12:46:04.059467+00:00
00000023-0070-4000-8000-000000000000,completed,2026-06-27 12:45:51.597204+00:00,2026-06-27 12:46:03.566074+00:00
00000026-0071-4000-8000-000000000000,completed,2026-06-27 12:45:52.896653+00:00,2026-06-27 12:46:05.139801+00:00
00000041-0070-4000-8000-000000000000,completed,2026-06-27 12:45:52.148026+00:00,2026-06-27 12:46:04.251757+00:00
00000012-0071-4000-8000-000000000000,completed,2026-06-27 12:45:52.547346+00:00,2026-06-27 12:46:04.795891+00:00
00000015-0071-4000-8000-000000000000,completed,2026-06-27 12:45:52.596866+00:00,2026-06-27 12:46:04.781074+00:00
00000034-0071-4000-8000-000000000000,completed,2026-06-27 12:45:53.096952+00:00,2026-06-27 12:46:05.388707+00:00
00000020-0071-4000-8000-000000000000,completed,2026-06-27 12:45:52.795085+00:00,2026-06-27 12:46:05.051577+00:00
00000024-0072-4000-8000-000000000000,completed,2026-06-27 12:45:54.099586+00:00,2026-06-27 12:46:06.610733+00:00
00000004-0072-4000-8000-000000000000,completed,2026-06-27 12:45:53.647586+00:00,2026-06-27 12:46:06.068732+00:00
00000030-0071-4000-8000-000000000000,completed,2026-06-27 12:45:53.046683+00:00,2026-06-27 12:46:05.343539+00:00
00000039-0071-4000-8000-000000000000,completed,2026-06-27 12:45:53.345677+00:00,2026-06-27 12:46:05.701258+00:00
00000041-0071-4000-8000-000000000000,completed,2026-06-27 12:45:53.396844+00:00,2026-06-27 12:46:05.734313+00:00
00000049-0071-4000-8000-000000000000,completed,2026-06-27 12:45:53.496841+00:00,2026-06-27 12:46:05.857873+00:00
00000026-0072-4000-8000-000000000000,completed,2026-06-27 12:45:54.147274+00:00,2026-06-27 12:46:06.635938+00:00
00000048-0071-4000-8000-000000000000,completed,2026-06-27 12:45:53.598174+00:00,2026-06-27 12:46:06.036471+00:00
00000037-0073-4000-8000-000000000000,completed,2026-06-27 12:45:55.646808+00:00,2026-06-27 12:46:08.511443+00:00
00000013-0072-4000-8000-000000000000,completed,2026-06-27 12:45:53.913767+00:00,2026-06-27 12:46:06.374478+00:00
00000005-0072-4000-8000-000000000000,completed,2026-06-27 12:45:53.946394+00:00,2026-06-27 12:46:06.438655+00:00
00000022-0072-4000-8000-000000000000,completed,2026-06-27 12:45:53.998013+00:00,2026-06-27 12:46:06.466366+00:00
00000020-0072-4000-8000-000000000000,completed,2026-06-27 12:45:54.047608+00:00,2026-06-27 12:46:06.542338+00:00
00000043-0072-4000-8000-000000000000,completed,2026-06-27 12:45:54.797013+00:00,2026-06-27 12:46:07.463120+00:00
00000015-0073-4000-8000-000000000000,completed,2026-06-27 12:45:55.096545+00:00,2026-06-27 12:46:07.798134+00:00
00000026-0073-4000-8000-000000000000,completed,2026-06-27 12:45:55.395054+00:00,2026-06-27 12:46:08.159681+00:00
00000030-0073-4000-8000-000000000000,completed,2026-06-27 12:45:55.556101+00:00,2026-06-27 12:46:08.351899+00:00
00000008-0071-4000-8000-000000000000,completed,2026-06-27 12:45:52.571741+00:00,2026-06-27 12:46:04.788292+00:00
00000044-0070-4000-8000-000000000000,completed,2026-06-27 12:45:52.222121+00:00,2026-06-27 12:46:04.339685+00:00
00000029-0071-4000-8000-000000000000,completed,2026-06-27 12:45:53.021561+00:00,2026-06-27 12:46:05.331549+00:00
00000010-0071-4000-8000-000000000000,completed,2026-06-27 12:45:52.472818+00:00,2026-06-27 12:46:04.630516+00:00
00000033-0072-4000-8000-000000000000,completed,2026-06-27 12:45:54.373329+00:00,2026-06-27 12:46:06.924428+00:00
00000002-0071-4000-8000-000000000000,completed,2026-06-27 12:45:52.989005+00:00,2026-06-27 12:46:05.229516+00:00
00000046-0071-4000-8000-000000000000,completed,2026-06-27 12:45:53.571298+00:00,2026-06-27 12:46:05.986930+00:00
00000047-0071-4000-8000-000000000000,completed,2026-06-27 12:45:53.421379+00:00,2026-06-27 12:46:05.793669+00:00
00000001-0072-4000-8000-000000000000,completed,2026-06-27 12:45:53.771750+00:00,2026-06-27 12:46:06.238876+00:00
00000017-0072-4000-8000-000000000000,completed,2026-06-27 12:45:54.022714+00:00,2026-06-27 12:46:06.555316+00:00
00000010-0073-4000-8000-000000000000,completed,2026-06-27 12:45:54.971534+00:00,2026-06-27 12:46:07.674105+00:00
00000029-0072-4000-8000-000000000000,completed,2026-06-27 12:45:54.273168+00:00,2026-06-27 12:46:06.793616+00:00
00000047-0072-4000-8000-000000000000,completed,2026-06-27 12:45:54.671163+00:00,2026-06-27 12:46:07.280234+00:00
00000035-0072-4000-8000-000000000000,completed,2026-06-27 12:45:54.521211+00:00,2026-06-27 12:46:07.103683+00:00
00000042-0072-4000-8000-000000000000,completed,2026-06-27 12:45:54.621988+00:00,2026-06-27 12:46:07.237665+00:00
00000031-0073-4000-8000-000000000000,completed,2026-06-27 12:45:55.721386+00:00,2026-06-27 12:46:08.578217+00:00
00000018-0073-4000-8000-000000000000,completed,2026-06-27 12:45:55.221766+00:00,2026-06-27 12:46:07.889519+00:00
00000019-0073-4000-8000-000000000000,completed,2026-06-27 12:45:55.421298+00:00,2026-06-27 12:46:08.196394+00:00
00000018-0074-4000-8000-000000000000,completed,2026-06-27 12:45:56.471255+00:00,2026-06-27 12:46:09.494096+00:00
00000032-0073-4000-8000-000000000000,completed,2026-06-27 12:45:55.672222+00:00,2026-06-27 12:46:08.486920+00:00
00000047-0073-4000-8000-000000000000,completed,2026-06-27 12:45:55.921209+00:00,2026-06-27 12:46:08.760354+00:00
00000021-0074-4000-8000-000000000000,completed,2026-06-27 12:45:56.821888+00:00,2026-06-27 12:46:09.865077+00:00
00000009-0074-4000-8000-000000000000,completed,2026-06-27 12:45:56.171448+00:00,2026-06-27 12:46:09.142694+00:00
00000008-0074-4000-8000-000000000000,completed,2026-06-27 12:45:56.322445+00:00,2026-06-27 12:46:09.268374+00:00
00000002-0074-4000-8000-000000000000,completed,2026-06-27 12:45:56.721855+00:00,2026-06-27 12:46:09.716347+00:00
00000042-0074-4000-8000-000000000000,completed,2026-06-27 12:45:57.120838+00:00,2026-06-27 12:46:10.259863+00:00
00000035-0074-4000-8000-000000000000,completed,2026-06-27 12:45:57.027351+00:00,2026-06-27 12:46:10.060032+00:00
00000038-0074-4000-8000-000000000000,completed,2026-06-27 12:45:57.073212+00:00,2026-06-27 12:46:10.162402+00:00
00000003-0075-4000-8000-000000000000,completed,2026-06-27 12:45:57.371715+00:00,2026-06-27 12:46:10.589765+00:00
00000001-0075-4000-8000-000000000000,completed,2026-06-27 12:45:57.521136+00:00,2026-06-27 12:46:10.778473+00:00
00000025-0074-4000-8000-000000000000,completed,2026-06-27 12:45:56.697084+00:00,2026-06-27 12:46:09.713759+00:00
00000004-0074-4000-8000-000000000000,completed,2026-06-27 12:45:56.145818+00:00,2026-06-27 12:46:09.047507+00:00
00000025-0075-4000-8000-000000000000,completed,2026-06-27 12:45:57.945608+00:00,2026-06-27 12:46:11.279821+00:00
00000013-0074-4000-8000-000000000000,completed,2026-06-27 12:45:56.396842+00:00,2026-06-27 12:46:09.357695+00:00
00000022-0074-4000-8000-000000000000,completed,2026-06-27 12:45:56.497338+00:00,2026-06-27 12:46:09.450881+00:00
00000024-0074-4000-8000-000000000000,completed,2026-06-27 12:45:56.596664+00:00,2026-06-27 12:46:09.553354+00:00
00000036-0074-4000-8000-000000000000,completed,2026-06-27 12:45:56.953876+00:00,2026-06-27 12:46:10.061433+00:00
00000015-0075-4000-8000-000000000000,completed,2026-06-27 12:45:57.597363+00:00,2026-06-27 12:46:10.842006+00:00
00000026-0075-4000-8000-000000000000,completed,2026-06-27 12:45:57.897024+00:00,2026-06-27 12:46:11.246450+00:00
00000022-0075-4000-8000-000000000000,completed,2026-06-27 12:45:57.746110+00:00,2026-06-27 12:46:11.037893+00:00
00000012-0076-4000-8000-000000000000,completed,2026-06-27 12:45:58.796951+00:00,2026-06-27 12:46:12.306838+00:00
00000024-0075-4000-8000-000000000000,completed,2026-06-27 12:45:57.849731+00:00,2026-06-27 12:46:11.203865+00:00
00000037-0075-4000-8000-000000000000,completed,2026-06-27 12:45:58.145370+00:00,2026-06-27 12:46:11.570666+00:00
00000015-0076-4000-8000-000000000000,completed,2026-06-27 12:45:58.846916+00:00,2026-06-27 12:46:12.353295+00:00
00000041-0075-4000-8000-000000000000,completed,2026-06-27 12:45:58.396287+00:00,2026-06-27 12:46:11.827612+00:00
00000049-0075-4000-8000-000000000000,completed,2026-06-27 12:45:58.496555+00:00,2026-06-27 12:46:11.973699+00:00
00000004-0076-4000-8000-000000000000,completed,2026-06-27 12:45:58.646778+00:00,2026-06-27 12:46:12.139001+00:00
00000013-0076-4000-8000-000000000000,completed,2026-06-27 12:45:58.896541+00:00,2026-06-27 12:46:12.449328+00:00
00000048-0076-4000-8000-000000000000,completed,2026-06-27 12:45:59.847509+00:00,2026-06-27 12:46:13.538962+00:00
00000011-0076-4000-8000-000000000000,completed,2026-06-27 12:45:58.747694+00:00,2026-06-27 12:46:12.277440+00:00
00000026-0076-4000-8000-000000000000,completed,2026-06-27 12:45:59.147347+00:00,2026-06-27 12:46:12.765297+00:00
00000026-0077-4000-8000-000000000000,completed,2026-06-27 12:46:00.396637+00:00,2026-06-27 12:46:14.243949+00:00
00000049-0076-4000-8000-000000000000,completed,2026-06-27 12:45:59.745536+00:00,2026-06-27 12:46:13.484014+00:00
00000025-0077-4000-8000-000000000000,completed,2026-06-27 12:46:00.447108+00:00,2026-06-27 12:46:14.269305+00:00
00000024-0077-4000-8000-000000000000,completed,2026-06-27 12:46:00.346356+00:00,2026-06-27 12:46:14.213162+00:00
00000037-0077-4000-8000-000000000000,completed,2026-06-27 12:46:00.647126+00:00,2026-06-27 12:46:14.568894+00:00
00000039-0077-4000-8000-000000000000,completed,2026-06-27 12:46:00.846413+00:00,2026-06-27 12:46:14.751316+00:00
00000007-0078-4000-8000-000000000000,completed,2026-06-27 12:46:01.196587+00:00,2026-06-27 12:46:15.154910+00:00
00000043-0077-4000-8000-000000000000,completed,2026-06-27 12:46:01.046098+00:00,2026-06-27 12:46:14.974832+00:00
00000048-0077-4000-8000-000000000000,completed,2026-06-27 12:46:01.097179+00:00,2026-06-27 12:46:15.092429+00:00
00000031-0076-4000-8000-000000000000,completed,2026-06-27 12:45:59.473046+00:00,2026-06-27 12:46:13.155260+00:00
00000023-0075-4000-8000-000000000000,completed,2026-06-27 12:45:57.820876+00:00,2026-06-27 12:46:11.153894+00:00
00000014-0075-4000-8000-000000000000,completed,2026-06-27 12:45:57.871047+00:00,2026-06-27 12:46:11.194719+00:00
00000018-0075-4000-8000-000000000000,completed,2026-06-27 12:45:57.725569+00:00,2026-06-27 12:46:11.017902+00:00
00000017-0075-4000-8000-000000000000,completed,2026-06-27 12:45:57.770472+00:00,2026-06-27 12:46:11.043486+00:00
00000023-0076-4000-8000-000000000000,completed,2026-06-27 12:45:59.070801+00:00,2026-06-27 12:46:12.609577+00:00
00000035-0075-4000-8000-000000000000,completed,2026-06-27 12:45:58.271509+00:00,2026-06-27 12:46:11.680770+00:00
00000042-0075-4000-8000-000000000000,completed,2026-06-27 12:45:58.370892+00:00,2026-06-27 12:46:11.793871+00:00
00000016-0076-4000-8000-000000000000,completed,2026-06-27 12:45:58.922765+00:00,2026-06-27 12:46:12.450736+00:00
00000018-0076-4000-8000-000000000000,completed,2026-06-27 12:45:58.971717+00:00,2026-06-27 12:46:12.555068+00:00
00000019-0076-4000-8000-000000000000,completed,2026-06-27 12:45:59.171865+00:00,2026-06-27 12:46:12.783613+00:00
00000021-0076-4000-8000-000000000000,completed,2026-06-27 12:45:59.321450+00:00,2026-06-27 12:46:12.938142+00:00
00000046-0076-4000-8000-000000000000,completed,2026-06-27 12:45:59.821945+00:00,2026-06-27 12:46:13.590033+00:00
00000046-0077-4000-8000-000000000000,completed,2026-06-27 12:46:01.070092+00:00,2026-06-27 12:46:15.029339+00:00
00000032-0076-4000-8000-000000000000,completed,2026-06-27 12:45:59.421922+00:00,2026-06-27 12:46:13.132537+00:00
00000035-0076-4000-8000-000000000000,completed,2026-06-27 12:45:59.522629+00:00,2026-06-27 12:46:13.224259+00:00
00000050-0076-4000-8000-000000000000,completed,2026-06-27 12:45:59.772246+00:00,2026-06-27 12:46:13.519096+00:00
00000001-0077-4000-8000-000000000000,completed,2026-06-27 12:46:00.022189+00:00,2026-06-27 12:46:13.816500+00:00
00000019-0077-4000-8000-000000000000,completed,2026-06-27 12:46:00.421465+00:00,2026-06-27 12:46:14.240665+00:00
00000033-0077-4000-8000-000000000000,completed,2026-06-27 12:46:00.621310+00:00,2026-06-27 12:46:14.546072+00:00
00000031-0078-4000-8000-000000000000,completed,2026-06-27 12:46:01.972490+00:00,2026-06-27 12:46:16.058570+00:00
00000044-0077-4000-8000-000000000000,completed,2026-06-27 12:46:00.982521+00:00,2026-06-27 12:46:14.947817+00:00
00000023-0078-4000-8000-000000000000,completed,2026-06-27 12:46:01.572624+00:00,2026-06-27 12:46:15.610360+00:00
00000033-0078-4000-8000-000000000000,completed,2026-06-27 12:46:01.871637+00:00,2026-06-27 12:46:15.990587+00:00
00000042-0078-4000-8000-000000000000,completed,2026-06-27 12:46:02.122824+00:00,2026-06-27 12:46:16.255048+00:00
00000050-0078-4000-8000-000000000000,completed,2026-06-27 12:46:02.271113+00:00,2026-06-27 12:46:16.459629+00:00
00000002-0079-4000-8000-000000000000,completed,2026-06-27 12:46:02.971062+00:00,2026-06-27 12:46:17.406944+00:00
00000017-0079-4000-8000-000000000000,completed,2026-06-27 12:46:02.772578+00:00,2026-06-27 12:46:17.180540+00:00
00000019-0079-4000-8000-000000000000,completed,2026-06-27 12:46:02.929964+00:00,2026-06-27 12:46:17.292112+00:00
00000032-0079-4000-8000-000000000000,completed,2026-06-27 12:46:03.172136+00:00,2026-06-27 12:46:17.663151+00:00
00000034-0078-4000-8000-000000000000,completed,2026-06-27 12:46:01.848770+00:00,2026-06-27 12:46:15.935475+00:00
00000037-0078-4000-8000-000000000000,completed,2026-06-27 12:46:01.896847+00:00,2026-06-27 12:46:16.007452+00:00
00000041-0078-4000-8000-000000000000,completed,2026-06-27 12:46:02.146035+00:00,2026-06-27 12:46:16.272758+00:00
00000030-0078-4000-8000-000000000000,completed,2026-06-27 12:46:01.796424+00:00,2026-06-27 12:46:15.877218+00:00
00000024-0079-4000-8000-000000000000,completed,2026-06-27 12:46:02.847113+00:00,2026-06-27 12:46:17.204711+00:00
00000039-0078-4000-8000-000000000000,completed,2026-06-27 12:46:02.095801+00:00,2026-06-27 12:46:16.264028+00:00
00000020-0079-4000-8000-000000000000,completed,2026-06-27 12:46:02.795958+00:00,2026-06-27 12:46:17.114793+00:00
00000007-0079-4000-8000-000000000000,completed,2026-06-27 12:46:02.447036+00:00,2026-06-27 12:46:16.701697+00:00
00000005-0079-4000-8000-000000000000,completed,2026-06-27 12:46:02.699531+00:00,2026-06-27 12:46:16.930051+00:00
00000025-0080-4000-8000-000000000000,completed,2026-06-27 12:46:04.196553+00:00,2026-06-27 12:46:18.900287+00:00
00000022-0079-4000-8000-000000000000,completed,2026-06-27 12:46:02.745214+00:00,2026-06-27 12:46:17.075197+00:00
00000034-0079-4000-8000-000000000000,completed,2026-06-27 12:46:03.096804+00:00,2026-06-27 12:46:17.586370+00:00
00000040-0079-4000-8000-000000000000,completed,2026-06-27 12:46:03.296110+00:00,2026-06-27 12:46:17.767516+00:00
00000049-0079-4000-8000-000000000000,completed,2026-06-27 12:46:03.496416+00:00,2026-06-27 12:46:18.023732+00:00
00000005-0080-4000-8000-000000000000,completed,2026-06-27 12:46:03.947920+00:00,2026-06-27 12:46:18.607191+00:00
00000011-0080-4000-8000-000000000000,completed,2026-06-27 12:46:03.749893+00:00,2026-06-27 12:46:18.350130+00:00
00000036-0080-4000-8000-000000000000,completed,2026-06-27 12:46:04.447005+00:00,2026-06-27 12:46:19.241848+00:00
00000026-0080-4000-8000-000000000000,completed,2026-06-27 12:46:04.146137+00:00,2026-06-27 12:46:18.862900+00:00
00000030-0081-4000-8000-000000000000,completed,2026-06-27 12:46:05.547433+00:00,2026-06-27 12:46:20.599559+00:00
00000037-0080-4000-8000-000000000000,completed,2026-06-27 12:46:04.397072+00:00,2026-06-27 12:46:19.150595+00:00
00000043-0080-4000-8000-000000000000,completed,2026-06-27 12:46:04.796991+00:00,2026-06-27 12:46:19.607288+00:00
00000041-0080-4000-8000-000000000000,completed,2026-06-27 12:46:04.650461+00:00,2026-06-27 12:46:19.414714+00:00
00000049-0080-4000-8000-000000000000,completed,2026-06-27 12:46:04.745289+00:00,2026-06-27 12:46:19.582075+00:00
00000015-0081-4000-8000-000000000000,completed,2026-06-27 12:46:05.097119+00:00,2026-06-27 12:46:20.021592+00:00
00000026-0081-4000-8000-000000000000,completed,2026-06-27 12:46:05.396037+00:00,2026-06-27 12:46:20.402949+00:00
00000020-0081-4000-8000-000000000000,completed,2026-06-27 12:46:05.297169+00:00,2026-06-27 12:46:20.247340+00:00
00000024-0081-4000-8000-000000000000,completed,2026-06-27 12:46:05.346618+00:00,2026-06-27 12:46:20.315551+00:00
00000025-0081-4000-8000-000000000000,completed,2026-06-27 12:46:05.447328+00:00,2026-06-27 12:46:20.433036+00:00
00000034-0081-4000-8000-000000000000,completed,2026-06-27 12:46:05.598576+00:00,2026-06-27 12:46:20.575522+00:00
00000040-0081-4000-8000-000000000000,completed,2026-06-27 12:46:05.796932+00:00,2026-06-27 12:46:20.822578+00:00
00000001-0080-4000-8000-000000000000,completed,2026-06-27 12:46:03.772738+00:00,2026-06-27 12:46:18.363458+00:00
00000044-0079-4000-8000-000000000000,completed,2026-06-27 12:46:03.471467+00:00,2026-06-27 12:46:18.013301+00:00
00000031-0081-4000-8000-000000000000,completed,2026-06-27 12:46:05.721217+00:00,2026-06-27 12:46:20.783557+00:00
00000003-0080-4000-8000-000000000000,completed,2026-06-27 12:46:03.623214+00:00,2026-06-27 12:46:18.223182+00:00
00000018-0080-4000-8000-000000000000,completed,2026-06-27 12:46:03.970460+00:00,2026-06-27 12:46:18.622263+00:00
00000021-0080-4000-8000-000000000000,completed,2026-06-27 12:46:04.324294+00:00,2026-06-27 12:46:19.057427+00:00
00000035-0080-4000-8000-000000000000,completed,2026-06-27 12:46:04.521152+00:00,2026-06-27 12:46:19.388349+00:00
00000023-0081-4000-8000-000000000000,completed,2026-06-27 12:46:05.321112+00:00,2026-06-27 12:46:20.324171+00:00
00000044-0081-4000-8000-000000000000,completed,2026-06-27 12:46:05.972960+00:00,2026-06-27 12:46:21.044941+00:00
00000033-0081-4000-8000-000000000000,completed,2026-06-27 12:46:05.620684+00:00,2026-06-27 12:46:20.667439+00:00
00000018-0083-4000-8000-000000000000,completed,2026-06-27 12:46:07.803921+00:00,2026-06-27 12:46:23.206496+00:00
00000042-0081-4000-8000-000000000000,completed,2026-06-27 12:46:05.872924+00:00,2026-06-27 12:46:20.977063+00:00
00000019-0082-4000-8000-000000000000,completed,2026-06-27 12:46:06.692631+00:00,2026-06-27 12:46:21.954911+00:00
00000046-0082-4000-8000-000000000000,completed,2026-06-27 12:46:07.374839+00:00,2026-06-27 12:46:22.759459+00:00
00000035-0082-4000-8000-000000000000,completed,2026-06-27 12:46:07.058316+00:00,2026-06-27 12:46:22.308879+00:00
00000031-0082-4000-8000-000000000000,completed,2026-06-27 12:46:07.007818+00:00,2026-06-27 12:46:22.331787+00:00
00000031-0083-4000-8000-000000000000,completed,2026-06-27 12:46:08.348327+00:00,2026-06-27 12:46:23.793054+00:00
00000006-0083-4000-8000-000000000000,completed,2026-06-27 12:46:07.695321+00:00,2026-06-27 12:46:23.065602+00:00
00000019-0083-4000-8000-000000000000,completed,2026-06-27 12:46:08.021063+00:00,2026-06-27 12:46:23.427374+00:00
00000006-0084-4000-8000-000000000000,completed,2026-06-27 12:46:09.072542+00:00,2026-06-27 12:46:24.542679+00:00
00000042-0083-4000-8000-000000000000,completed,2026-06-27 12:46:08.512312+00:00,2026-06-27 12:46:23.999635+00:00
00000032-0083-4000-8000-000000000000,completed,2026-06-27 12:46:08.292874+00:00,2026-06-27 12:46:23.764983+00:00
00000035-0083-4000-8000-000000000000,completed,2026-06-27 12:46:08.402789+00:00,2026-06-27 12:46:23.843227+00:00
00000003-0084-4000-8000-000000000000,completed,2026-06-27 12:46:08.799661+00:00,2026-06-27 12:46:24.279645+00:00
00000017-0084-4000-8000-000000000000,completed,2026-06-27 12:46:09.243150+00:00,2026-06-27 12:46:24.736122+00:00
00000008-0084-4000-8000-000000000000,completed,2026-06-27 12:46:09.019132+00:00,2026-06-27 12:46:24.520640+00:00
00000016-0084-4000-8000-000000000000,completed,2026-06-27 12:46:09.130905+00:00,2026-06-27 12:46:24.615807+00:00
00000019-0084-4000-8000-000000000000,completed,2026-06-27 12:46:09.413882+00:00,2026-06-27 12:46:24.893109+00:00
00000002-0084-4000-8000-000000000000,completed,2026-06-27 12:46:09.472760+00:00,2026-06-27 12:46:24.946933+00:00
00000021-0084-4000-8000-000000000000,completed,2026-06-27 12:46:09.587386+00:00,2026-06-27 12:46:25.061261+00:00
00000043-0084-4000-8000-000000000000,completed,2026-06-27 12:46:10.140690+00:00,2026-06-27 12:46:25.643295+00:00
00000013-0085-4000-8000-000000000000,completed,2026-06-27 12:46:10.556400+00:00,2026-06-27 12:46:26.053354+00:00
00000007-0085-4000-8000-000000000000,completed,2026-06-27 12:46:10.316776+00:00,2026-06-27 12:46:25.840105+00:00
00000004-0082-4000-8000-000000000000,completed,2026-06-27 12:46:06.151253+00:00,2026-06-27 12:46:21.227529+00:00
00000007-0082-4000-8000-000000000000,completed,2026-06-27 12:46:06.202339+00:00,2026-06-27 12:46:21.361430+00:00
00000024-0083-4000-8000-000000000000,completed,2026-06-27 12:46:07.938067+00:00,2026-06-27 12:46:23.289590+00:00
00000043-0081-4000-8000-000000000000,completed,2026-06-27 12:46:06.049912+00:00,2026-06-27 12:46:21.190924+00:00
00000037-0082-4000-8000-000000000000,completed,2026-06-27 12:46:06.928173+00:00,2026-06-27 12:46:22.224492+00:00
00000005-0082-4000-8000-000000000000,completed,2026-06-27 12:46:06.460513+00:00,2026-06-27 12:46:21.649193+00:00
00000020-0082-4000-8000-000000000000,completed,2026-06-27 12:46:06.562540+00:00,2026-06-27 12:46:21.780983+00:00
00000026-0082-4000-8000-000000000000,completed,2026-06-27 12:46:06.664386+00:00,2026-06-27 12:46:21.892072+00:00
00000045-0082-4000-8000-000000000000,completed,2026-06-27 12:46:07.242296+00:00,2026-06-27 12:46:22.564572+00:00
00000039-0082-4000-8000-000000000000,completed,2026-06-27 12:46:07.140679+00:00,2026-06-27 12:46:22.391280+00:00
00000041-0082-4000-8000-000000000000,completed,2026-06-27 12:46:07.187772+00:00,2026-06-27 12:46:22.515673+00:00
00000007-0083-4000-8000-000000000000,completed,2026-06-27 12:46:07.506992+00:00,2026-06-27 12:46:22.840079+00:00
00000011-0083-4000-8000-000000000000,completed,2026-06-27 12:46:07.561377+00:00,2026-06-27 12:46:22.939371+00:00
00000048-0082-4000-8000-000000000000,completed,2026-06-27 12:46:07.401430+00:00,2026-06-27 12:46:22.716378+00:00
00000004-0083-4000-8000-000000000000,completed,2026-06-27 12:46:07.454456+00:00,2026-06-27 12:46:22.801259+00:00
00000037-0083-4000-8000-000000000000,completed,2026-06-27 12:46:08.265938+00:00,2026-06-27 12:46:23.679108+00:00
00000020-0083-4000-8000-000000000000,completed,2026-06-27 12:46:07.885838+00:00,2026-06-27 12:46:23.292547+00:00
00000022-0084-4000-8000-000000000000,completed,2026-06-27 12:46:09.213711+00:00,2026-06-27 12:46:24.727430+00:00
00000030-0083-4000-8000-000000000000,completed,2026-06-27 12:46:08.157049+00:00,2026-06-27 12:46:23.625043+00:00
00000045-0083-4000-8000-000000000000,completed,2026-06-27 12:46:08.596538+00:00,2026-06-27 12:46:24.016075+00:00
00000040-0083-4000-8000-000000000000,completed,2026-06-27 12:46:08.433255+00:00,2026-06-27 12:46:23.860737+00:00
00000041-0083-4000-8000-000000000000,completed,2026-06-27 12:46:08.539732+00:00,2026-06-27 12:46:24.009571+00:00
00000011-0084-4000-8000-000000000000,completed,2026-06-27 12:46:08.931662+00:00,2026-06-27 12:46:24.376146+00:00
00000048-0083-4000-8000-000000000000,completed,2026-06-27 12:46:08.764918+00:00,2026-06-27 12:46:24.189924+00:00
00000011-0085-4000-8000-000000000000,completed,2026-06-27 12:46:10.376987+00:00,2026-06-27 12:46:25.919024+00:00
00000013-0084-4000-8000-000000000000,completed,2026-06-27 12:46:09.101711+00:00,2026-06-27 12:46:24.559050+00:00
00000027-0084-4000-8000-000000000000,completed,2026-06-27 12:46:09.499051+00:00,2026-06-27 12:46:25.007206+00:00
00000020-0085-4000-8000-000000000000,completed,2026-06-27 12:46:10.736875+00:00,2026-06-27 12:46:26.235296+00:00
00000047-0086-4000-8000-000000000000,completed,2026-06-27 12:46:13.113273+00:00,2026-06-27 12:46:28.479551+00:00
00000009-0085-4000-8000-000000000000,completed,2026-06-27 12:46:10.288171+00:00,2026-06-27 12:46:25.823535+00:00
00000047-0084-4000-8000-000000000000,completed,2026-06-27 12:46:09.992949+00:00,2026-06-27 12:46:25.527265+00:00
00000006-0085-4000-8000-000000000000,completed,2026-06-27 12:46:10.526384+00:00,2026-06-27 12:46:26.054473+00:00
00000023-0085-4000-8000-000000000000,completed,2026-06-27 12:46:10.766077+00:00,2026-06-27 12:46:26.257843+00:00
00000021-0085-4000-8000-000000000000,completed,2026-06-27 12:46:11.070088+00:00,2026-06-27 12:46:26.570001+00:00
00000001-0086-4000-8000-000000000000,completed,2026-06-27 12:46:11.941552+00:00,2026-06-27 12:46:27.356009+00:00
00000003-0086-4000-8000-000000000000,completed,2026-06-27 12:46:11.752544+00:00,2026-06-27 12:46:27.173480+00:00
00000016-0086-4000-8000-000000000000,completed,2026-06-27 12:46:12.132847+00:00,2026-06-27 12:46:27.546868+00:00
00000033-0086-4000-8000-000000000000,completed,2026-06-27 12:46:12.716240+00:00,2026-06-27 12:46:28.092221+00:00
00000019-0086-4000-8000-000000000000,completed,2026-06-27 12:46:12.456306+00:00,2026-06-27 12:46:27.887271+00:00
00000029-0086-4000-8000-000000000000,completed,2026-06-27 12:46:12.586310+00:00,2026-06-27 12:46:28.003136+00:00
00000001-0087-4000-8000-000000000000,completed,2026-06-27 12:46:13.584647+00:00,2026-06-27 12:46:28.854339+00:00
00000042-0086-4000-8000-000000000000,completed,2026-06-27 12:46:13.046038+00:00,2026-06-27 12:46:28.414164+00:00
00000008-0087-4000-8000-000000000000,completed,2026-06-27 12:46:13.653355+00:00,2026-06-27 12:46:28.919340+00:00
00000029-0088-4000-8000-000000000000,completed,2026-06-27 12:46:16.116711+00:00,2026-06-27 12:46:30.997090+00:00
00000031-0087-4000-8000-000000000000,completed,2026-06-27 12:46:14.560932+00:00,2026-06-27 12:46:29.692377+00:00
00000046-0087-4000-8000-000000000000,completed,2026-06-27 12:46:15.064985+00:00,2026-06-27 12:46:30.139898+00:00
00000006-0088-4000-8000-000000000000,completed,2026-06-27 12:46:15.509241+00:00,2026-06-27 12:46:30.490614+00:00
00000047-0088-4000-8000-000000000000,completed,2026-06-27 12:46:16.742988+00:00,2026-06-27 12:46:31.574239+00:00
00000017-0088-4000-8000-000000000000,completed,2026-06-27 12:46:15.734904+00:00,2026-06-27 12:46:30.681982+00:00
00000014-0088-4000-8000-000000000000,completed,2026-06-27 12:46:15.886887+00:00,2026-06-27 12:46:30.797111+00:00
00000002-0088-4000-8000-000000000000,completed,2026-06-27 12:46:16.037774+00:00,2026-06-27 12:46:30.967173+00:00
00000019-0089-4000-8000-000000000000,completed,2026-06-27 12:46:17.976233+00:00,2026-06-27 12:46:32.421417+00:00
00000035-0088-4000-8000-000000000000,completed,2026-06-27 12:46:16.504193+00:00,2026-06-27 12:46:31.362654+00:00
00000042-0088-4000-8000-000000000000,completed,2026-06-27 12:46:16.662758+00:00,2026-06-27 12:46:31.386515+00:00
00000003-0089-4000-8000-000000000000,completed,2026-06-27 12:46:17.072935+00:00,2026-06-27 12:46:31.768450+00:00
00000006-0089-4000-8000-000000000000,completed,2026-06-27 12:46:17.472530+00:00,2026-06-27 12:46:32.099098+00:00
00000018-0089-4000-8000-000000000000,completed,2026-06-27 12:46:17.638487+00:00,2026-06-27 12:46:32.224480+00:00
00000014-0089-4000-8000-000000000000,completed,2026-06-27 12:46:17.890989+00:00,2026-06-27 12:46:32.378675+00:00
00000025-0085-4000-8000-000000000000,completed,2026-06-27 12:46:10.919003+00:00,2026-06-27 12:46:26.397331+00:00
00000037-0085-4000-8000-000000000000,completed,2026-06-27 12:46:11.163465+00:00,2026-06-27 12:46:26.654018+00:00
00000026-0085-4000-8000-000000000000,completed,2026-06-27 12:46:10.857570+00:00,2026-06-27 12:46:26.380160+00:00
00000013-0086-4000-8000-000000000000,completed,2026-06-27 12:46:12.102437+00:00,2026-06-27 12:46:27.520246+00:00
00000040-0085-4000-8000-000000000000,completed,2026-06-27 12:46:11.348938+00:00,2026-06-27 12:46:26.806834+00:00
00000034-0085-4000-8000-000000000000,completed,2026-06-27 12:46:11.101334+00:00,2026-06-27 12:46:26.584556+00:00
00000007-0086-4000-8000-000000000000,completed,2026-06-27 12:46:11.848939+00:00,2026-06-27 12:46:27.308143+00:00
00000036-0085-4000-8000-000000000000,completed,2026-06-27 12:46:11.224757+00:00,2026-06-27 12:46:26.760195+00:00
00000045-0086-4000-8000-000000000000,completed,2026-06-27 12:46:13.146461+00:00,2026-06-27 12:46:28.530662+00:00
00000015-0086-4000-8000-000000000000,completed,2026-06-27 12:46:12.041014+00:00,2026-06-27 12:46:27.499922+00:00
00000036-0086-4000-8000-000000000000,completed,2026-06-27 12:46:12.815463+00:00,2026-06-27 12:46:28.220961+00:00
00000027-0086-4000-8000-000000000000,completed,2026-06-27 12:46:12.552982+00:00,2026-06-27 12:46:27.943007+00:00
00000030-0086-4000-8000-000000000000,completed,2026-06-27 12:46:12.622389+00:00,2026-06-27 12:46:28.064198+00:00
00000013-0089-4000-8000-000000000000,completed,2026-06-27 12:46:17.514425+00:00,2026-06-27 12:46:32.069982+00:00
00000039-0086-4000-8000-000000000000,completed,2026-06-27 12:46:13.013984+00:00,2026-06-27 12:46:28.381695+00:00
00000024-0087-4000-8000-000000000000,completed,2026-06-27 12:46:14.033697+00:00,2026-06-27 12:46:29.226405+00:00
00000011-0087-4000-8000-000000000000,completed,2026-06-27 12:46:13.550331+00:00,2026-06-27 12:46:28.872005+00:00
00000013-0087-4000-8000-000000000000,completed,2026-06-27 12:46:13.758293+00:00,2026-06-27 12:46:29.019461+00:00
00000022-0087-4000-8000-000000000000,completed,2026-06-27 12:46:13.893635+00:00,2026-06-27 12:46:29.130896+00:00
00000037-0087-4000-8000-000000000000,completed,2026-06-27 12:46:14.456140+00:00,2026-06-27 12:46:29.614493+00:00
00000040-0087-4000-8000-000000000000,completed,2026-06-27 12:46:14.669653+00:00,2026-06-27 12:46:29.769944+00:00
00000049-0087-4000-8000-000000000000,completed,2026-06-27 12:46:14.959699+00:00,2026-06-27 12:46:30.026767+00:00
00000007-0088-4000-8000-000000000000,completed,2026-06-27 12:46:15.250781+00:00,2026-06-27 12:46:30.310496+00:00
00000020-0088-4000-8000-000000000000,completed,2026-06-27 12:46:15.774281+00:00,2026-06-27 12:46:30.748307+00:00
00000027-0088-4000-8000-000000000000,completed,2026-06-27 12:46:16.081392+00:00,2026-06-27 12:46:30.949774+00:00
00000040-0088-4000-8000-000000000000,completed,2026-06-27 12:46:16.543892+00:00,2026-06-27 12:46:31.377454+00:00
00000036-0088-4000-8000-000000000000,completed,2026-06-27 12:46:16.403000+00:00,2026-06-27 12:46:31.192782+00:00
00000028-0088-4000-8000-000000000000,completed,2026-06-27 12:46:16.466876+00:00,2026-06-27 12:46:31.251903+00:00
00000049-0088-4000-8000-000000000000,completed,2026-06-27 12:46:16.861446+00:00,2026-06-27 12:46:31.559733+00:00
00000012-0089-4000-8000-000000000000,completed,2026-06-27 12:46:17.350715+00:00,2026-06-27 12:46:31.930873+00:00
00000039-0089-4000-8000-000000000000,completed,2026-06-27 12:46:18.714108+00:00,2026-06-27 12:46:32.968947+00:00
00000026-0090-4000-8000-000000000000,completed,2026-06-27 12:46:20.202053+00:00,2026-06-27 12:46:33.905930+00:00
00000027-0089-4000-8000-000000000000,completed,2026-06-27 12:46:18.109152+00:00,2026-06-27 12:46:32.545764+00:00
00000030-0089-4000-8000-000000000000,completed,2026-06-27 12:46:18.190923+00:00,2026-06-27 12:46:32.639882+00:00
00000045-0089-4000-8000-000000000000,completed,2026-06-27 12:46:18.893033+00:00,2026-06-27 12:46:33.086475+00:00
00000011-0090-4000-8000-000000000000,completed,2026-06-27 12:46:19.442565+00:00,2026-06-27 12:46:33.431821+00:00
00000040-0089-4000-8000-000000000000,completed,2026-06-27 12:46:18.625696+00:00,2026-06-27 12:46:32.897513+00:00
00000007-0090-4000-8000-000000000000,completed,2026-06-27 12:46:19.348982+00:00,2026-06-27 12:46:33.432743+00:00
00000049-0089-4000-8000-000000000000,completed,2026-06-27 12:46:18.982562+00:00,2026-06-27 12:46:33.186015+00:00
00000048-0089-4000-8000-000000000000,completed,2026-06-27 12:46:19.165176+00:00,2026-06-27 12:46:33.240340+00:00
00000027-0090-4000-8000-000000000000,completed,2026-06-27 12:46:20.399712+00:00,2026-06-27 12:46:34.086574+00:00
00000039-0091-4000-8000-000000000000,completed,2026-06-27 12:46:23.977100+00:00,2026-06-27 12:46:35.938669+00:00
00000012-0090-4000-8000-000000000000,completed,2026-06-27 12:46:19.534379+00:00,2026-06-27 12:46:33.546905+00:00
00000006-0090-4000-8000-000000000000,completed,2026-06-27 12:46:19.724979+00:00,2026-06-27 12:46:33.615664+00:00
00000006-0091-4000-8000-000000000000,completed,2026-06-27 12:46:22.293618+00:00,2026-06-27 12:46:35.115598+00:00
00000039-0090-4000-8000-000000000000,completed,2026-06-27 12:46:21.105666+00:00,2026-06-27 12:46:34.459210+00:00
00000005-0091-4000-8000-000000000000,completed,2026-06-27 12:46:22.406249+00:00,2026-06-27 12:46:35.161184+00:00
00000043-0090-4000-8000-000000000000,completed,2026-06-27 12:46:21.527090+00:00,2026-06-27 12:46:34.692029+00:00
00000040-0091-4000-8000-000000000000,completed,2026-06-27 12:46:23.848983+00:00,2026-06-27 12:46:35.973308+00:00
00000034-0091-4000-8000-000000000000,completed,2026-06-27 12:46:23.348802+00:00,2026-06-27 12:46:35.598752+00:00
00000011-0092-4000-8000-000000000000,completed,2026-06-27 12:46:25.062667+00:00,2026-06-27 12:46:36.439548+00:00
00000048-0091-4000-8000-000000000000,completed,2026-06-27 12:46:24.642221+00:00,2026-06-27 12:46:36.258740+00:00
00000012-0092-4000-8000-000000000000,completed,2026-06-27 12:46:25.203357+00:00,2026-06-27 12:46:36.532418+00:00
00000006-0092-4000-8000-000000000000,completed,2026-06-27 12:46:25.497467+00:00,2026-06-27 12:46:36.641692+00:00
00000016-0090-4000-8000-000000000000,completed,2026-06-27 12:46:19.770413+00:00,2026-06-27 12:46:33.708132+00:00
00000017-0090-4000-8000-000000000000,completed,2026-06-27 12:46:19.960420+00:00,2026-06-27 12:46:33.768952+00:00
00000042-0089-4000-8000-000000000000,completed,2026-06-27 12:46:18.759498+00:00,2026-06-27 12:46:33.062637+00:00
00000044-0089-4000-8000-000000000000,completed,2026-06-27 12:46:18.941887+00:00,2026-06-27 12:46:33.147709+00:00
00000032-0090-4000-8000-000000000000,completed,2026-06-27 12:46:20.748040+00:00,2026-06-27 12:46:34.271438+00:00
00000031-0090-4000-8000-000000000000,completed,2026-06-27 12:46:20.848248+00:00,2026-06-27 12:46:34.278792+00:00
00000013-0090-4000-8000-000000000000,completed,2026-06-27 12:46:19.677224+00:00,2026-06-27 12:46:33.587460+00:00
00000010-0091-4000-8000-000000000000,completed,2026-06-27 12:46:21.902727+00:00,2026-06-27 12:46:34.869386+00:00
00000038-0090-4000-8000-000000000000,completed,2026-06-27 12:46:21.053217+00:00,2026-06-27 12:46:34.449351+00:00
00000029-0090-4000-8000-000000000000,completed,2026-06-27 12:46:20.448153+00:00,2026-06-27 12:46:34.096938+00:00
00000013-0091-4000-8000-000000000000,completed,2026-06-27 12:46:22.242762+00:00,2026-06-27 12:46:35.064332+00:00
00000021-0090-4000-8000-000000000000,completed,2026-06-27 12:46:20.546908+00:00,2026-06-27 12:46:34.136190+00:00
00000035-0091-4000-8000-000000000000,completed,2026-06-27 12:46:23.788268+00:00,2026-06-27 12:46:35.873535+00:00
00000044-0090-4000-8000-000000000000,completed,2026-06-27 12:46:21.366472+00:00,2026-06-27 12:46:34.635737+00:00
00000029-0091-4000-8000-000000000000,completed,2026-06-27 12:46:23.167515+00:00,2026-06-27 12:46:35.576315+00:00
00000038-0091-4000-8000-000000000000,completed,2026-06-27 12:46:23.913420+00:00,2026-06-27 12:46:35.938113+00:00
00000023-0091-4000-8000-000000000000,completed,2026-06-27 12:46:22.692857+00:00,2026-06-27 12:46:35.338160+00:00
00000014-0091-4000-8000-000000000000,completed,2026-06-27 12:46:22.812866+00:00,2026-06-27 12:46:35.420310+00:00
00000033-0091-4000-8000-000000000000,completed,2026-06-27 12:46:23.409700+00:00,2026-06-27 12:46:35.685777+00:00
00000010-0092-4000-8000-000000000000,completed,2026-06-27 12:46:24.989120+00:00,2026-06-27 12:46:36.439112+00:00
00000031-0091-4000-8000-000000000000,completed,2026-06-27 12:46:23.659419+00:00,2026-06-27 12:46:35.746188+00:00
00000009-0092-4000-8000-000000000000,completed,2026-06-27 12:46:24.848688+00:00,2026-06-27 12:46:36.292767+00:00
00000008-0092-4000-8000-000000000000,completed,2026-06-27 12:46:25.277044+00:00,2026-06-27 12:46:36.488689+00:00
00000016-0092-4000-8000-000000000000,completed,2026-06-27 12:46:25.571347+00:00,2026-06-27 12:46:36.653176+00:00
