id,status,created_at,finished_at
76195976-482a-473f-8e3d-005b6c9b1d7e,completed,2026-06-19 17:46:46.023537+00:00,2026-06-19 17:46:46.159967+00:00
e7a0013a-8dc9-4a34-8021-ece5602ab302,completed,2026-06-19 17:46:42.243635+00:00,2026-06-19 17:46:43.593729+00:00
c6716436-92c1-4f60-913f-17201af183eb,completed,2026-06-19 17:46:42.694452+00:00,2026-06-19 17:46:43.735958+00:00
dc9f5f44-a3d7-4d6c-b8ed-2dc06f52c126,completed,2026-06-19 17:46:43.130223+00:00,2026-06-19 17:46:43.880146+00:00
52aef9d9-8461-482b-a13f-4e8eabcfc716,completed,2026-06-19 17:46:46.339077+00:00,2026-06-19 17:46:46.471629+00:00
efad8e91-7379-40ff-8c43-7fcfa36418ef,completed,2026-06-19 17:46:43.523565+00:00,2026-06-19 17:46:44.033729+00:00
4fb77249-1938-41b5-9172-5a21da39b3d2,completed,2026-06-19 17:46:43.937304+00:00,2026-06-19 17:46:44.171350+00:00
d86d216d-ad9b-4a13-ac1d-196026cf21c6,completed,2026-06-19 17:46:48.077410+00:00,2026-06-19 17:46:48.213089+00:00
45346ccc-586b-4095-a843-19e6e8eeb727,completed,2026-06-19 17:46:44.307553+00:00,2026-06-19 17:46:44.442860+00:00
f4901352-73ca-4981-88cf-b77f592a7898,completed,2026-06-19 17:46:46.643298+00:00,2026-06-19 17:46:46.776458+00:00
5c96c956-fe50-4668-a1a9-1e755e3e01f2,completed,2026-06-19 17:46:44.676142+00:00,2026-06-19 17:46:44.816419+00:00
5d4aca56-ce07-43fe-b398-dcca9551a9cc,completed,2026-06-19 17:46:45.025487+00:00,2026-06-19 17:46:45.170113+00:00
0ef0b0d0-0418-4212-a260-67fdf487f044,completed,2026-06-19 17:46:45.365941+00:00,2026-06-19 17:46:45.518393+00:00
d4c7eba4-a620-449f-b7ae-2bd6c95f0b6a,completed,2026-06-19 17:46:46.940306+00:00,2026-06-19 17:46:47.075873+00:00
fa01d978-d703-4acb-8f1e-132b8ef50398,completed,2026-06-19 17:46:45.702245+00:00,2026-06-19 17:46:45.846297+00:00
e8dd402b-7571-41e3-8ead-27212dcf572d,completed,2026-06-19 17:46:49.114184+00:00,2026-06-19 17:46:49.244098+00:00
0fd78848-320e-44dd-a049-9a51e1fe80b2,completed,2026-06-19 17:46:48.346587+00:00,2026-06-19 17:46:48.491339+00:00
cc1ec918-ef5d-46b1-9ff5-2404a0e048b2,completed,2026-06-19 17:46:47.235843+00:00,2026-06-19 17:46:47.382573+00:00
25f73f00-b47d-4844-bfc7-b9ae6aa29871,completed,2026-06-19 17:46:47.521282+00:00,2026-06-19 17:46:47.661005+00:00
16676c52-ca97-439d-8ddd-f438dfea594a,completed,2026-06-19 17:46:47.801995+00:00,2026-06-19 17:46:47.945142+00:00
71b1d00e-1a6f-4642-8f0b-586af76defec,completed,2026-06-19 17:46:48.604719+00:00,2026-06-19 17:46:48.741982+00:00
3c25259d-6d65-4880-8f98-cac8eb4b5bcd,completed,2026-06-19 17:46:49.857372+00:00,2026-06-19 17:46:50.006245+00:00
608a01fd-4baf-46c0-aeaa-c77520c97bd5,completed,2026-06-19 17:46:48.868541+00:00,2026-06-19 17:46:49.013647+00:00
145236ae-1719-4f1c-be83-9fc9f32696c6,completed,2026-06-19 17:46:49.370406+00:00,2026-06-19 17:46:49.527414+00:00
0d199ae3-8c53-47cf-b145-7d8bd3a5395b,completed,2026-06-19 17:46:49.615630+00:00,2026-06-19 17:46:49.758504+00:00
c749a1f8-473a-4103-bcd7-53afcc7461e4,completed,2026-06-19 17:46:50.331552+00:00,2026-06-19 17:46:50.471695+00:00
f6ed185e-746c-4a21-a57e-30f05bc4005a,completed,2026-06-19 17:46:50.099590+00:00,2026-06-19 17:46:50.246595+00:00
54775eb2-8063-412c-83e6-9fa84ebe1c1e,completed,2026-06-19 17:46:50.557754+00:00,2026-06-19 17:46:50.703328+00:00
55a4f6bc-b121-4f01-ace5-11ec986bc91d,completed,2026-06-19 17:46:50.786746+00:00,2026-06-19 17:46:50.925329+00:00
db46f0d1-9039-4e84-baf0-550aca042808,completed,2026-06-19 17:46:51.013092+00:00,2026-06-19 17:46:51.145180+00:00
3a99e366-5fc6-4b0b-a4bc-1a9fac2b3950,completed,2026-06-19 17:46:51.235884+00:00,2026-06-19 17:46:51.371761+00:00
81f73b4a-1a57-4c05-b6de-78459347d13a,completed,2026-06-19 17:46:53.530656+00:00,2026-06-19 17:46:53.671898+00:00
de71a010-98f7-471a-9209-f59a9deee979,completed,2026-06-19 17:46:51.452649+00:00,2026-06-19 17:46:51.603142+00:00
deac5e09-9994-4772-ac33-620c474c0a42,completed,2026-06-19 17:46:51.677058+00:00,2026-06-19 17:46:51.814428+00:00
ed2fb56b-3660-4984-8693-8c2171624ddd,completed,2026-06-19 17:46:51.889813+00:00,2026-06-19 17:46:52.030679+00:00
99de1dd9-230b-4b4f-a383-5ad0c0fce958,completed,2026-06-19 17:46:53.698364+00:00,2026-06-19 17:46:53.825948+00:00
73de4353-e875-45f2-ba97-9917b4dbb857,completed,2026-06-19 17:46:52.095272+00:00,2026-06-19 17:46:52.223007+00:00
8614b92d-38d3-43cd-9484-a3ad52fd8f8c,completed,2026-06-19 17:46:52.310992+00:00,2026-06-19 17:46:52.458114+00:00
771b85ef-aa97-441f-aded-9f05ec993985,completed,2026-06-19 17:46:54.839197+00:00,2026-06-19 17:46:54.983834+00:00
45bbd7de-bb62-413f-94e6-b028b14aaa9b,completed,2026-06-19 17:46:52.518361+00:00,2026-06-19 17:46:52.674534+00:00
3564b951-2334-4e47-9d18-ec4dea25dd39,completed,2026-06-19 17:46:53.897771+00:00,2026-06-19 17:46:54.025499+00:00
a5faf1b1-79bf-4c0c-a0da-819a62ab85c6,completed,2026-06-19 17:46:52.716874+00:00,2026-06-19 17:46:52.870508+00:00
89764728-c4f7-477e-99d0-cca3614c5f18,completed,2026-06-19 17:46:52.918392+00:00,2026-06-19 17:46:53.070407+00:00
e9e4700a-a507-4944-ba70-87ee54e095eb,completed,2026-06-19 17:46:53.120276+00:00,2026-06-19 17:46:53.258054+00:00
57034ade-a685-47b6-81f6-bb7515cef752,completed,2026-06-19 17:46:54.086299+00:00,2026-06-19 17:46:54.220274+00:00
58035162-d858-4325-b23a-b5fe93324fcc,completed,2026-06-19 17:46:53.317051+00:00,2026-06-19 17:46:53.454868+00:00
952cee59-a090-46e6-88fb-5c6e4458e8bc,completed,2026-06-19 17:46:55.525210+00:00,2026-06-19 17:46:55.664516+00:00
ad8e9d25-b31f-413e-b458-10671852add0,completed,2026-06-19 17:46:55.011620+00:00,2026-06-19 17:46:55.158849+00:00
f9603d0d-76a2-4628-bb4f-6eec9a63d232,completed,2026-06-19 17:46:54.275480+00:00,2026-06-19 17:46:54.408985+00:00
99969813-bcd6-4292-adef-27f36362812f,completed,2026-06-19 17:46:54.459964+00:00,2026-06-19 17:46:54.603412+00:00
a1054200-fac1-4090-963b-c4a7069f44b7,completed,2026-06-19 17:46:54.644883+00:00,2026-06-19 17:46:54.784153+00:00
ef331183-0d0f-4e30-b076-492e0a6f004a,completed,2026-06-19 17:46:55.166570+00:00,2026-06-19 17:46:55.305131+00:00
269ea746-3fc0-4524-892f-51e2acddca0f,completed,2026-06-19 17:46:55.347459+00:00,2026-06-19 17:46:55.483557+00:00
726d0242-a954-4518-92be-54013638d8c8,completed,2026-06-19 17:46:55.698861+00:00,2026-06-19 17:46:55.844649+00:00
ec598e1a-4c67-4e97-bf2f-7e7f7ebc480d,completed,2026-06-19 17:46:56.216537+00:00,2026-06-19 17:46:56.366947+00:00
0aa07154-cd07-4904-b5b8-eb5c7ebf8e09,completed,2026-06-19 17:46:55.872307+00:00,2026-06-19 17:46:56.011663+00:00
8e25b52b-f111-493e-99ab-0d58ec4abd6e,completed,2026-06-19 17:46:56.275335+00:00,2026-06-19 17:46:56.513376+00:00
96d00993-52c4-4893-aaf6-e7c914abef51,completed,2026-06-19 17:46:56.611511+00:00,2026-06-19 17:46:56.755368+00:00
e5302b0d-c8f9-4fbf-b33f-1ffe65e74023,completed,2026-06-19 17:46:56.719018+00:00,2026-06-19 17:46:56.899529+00:00
52c67417-08fe-4c67-8a3f-cb11f4dea899,completed,2026-06-19 17:46:56.777112+00:00,2026-06-19 17:46:57.044439+00:00
299776ff-46c1-43ed-b28d-cb74eab2f8bf,completed,2026-06-19 17:46:57.049951+00:00,2026-06-19 17:46:57.197357+00:00
7cc2180b-60e2-4989-8a30-2000f6f4d7f0,completed,2026-06-19 17:46:57.116886+00:00,2026-06-19 17:46:57.334880+00:00
2f6edb39-e539-4a84-a98b-c59894183723,completed,2026-06-19 17:46:58.791566+00:00,2026-06-19 17:46:59.016282+00:00
39f027f1-5208-4562-9750-c3a98aba7367,completed,2026-06-19 17:46:57.215131+00:00,2026-06-19 17:46:57.515214+00:00
c99b5031-b29e-4708-9540-6a019533a6dd,completed,2026-06-19 17:47:00.699213+00:00,2026-06-19 17:47:00.880313+00:00
6d650c0b-bc95-4a56-9e61-560f6bae7b17,completed,2026-06-19 17:46:57.384740+00:00,2026-06-19 17:46:57.664089+00:00
1518b6f3-6562-4231-a8f3-29261ef755c7,completed,2026-06-19 17:46:57.699754+00:00,2026-06-19 17:46:57.845622+00:00
d8e8d69f-672c-4c7e-89da-6d41ccf2deec,completed,2026-06-19 17:46:58.944814+00:00,2026-06-19 17:46:59.165950+00:00
040eb9b8-829b-43c9-8a53-cc3920af451f,completed,2026-06-19 17:46:57.761235+00:00,2026-06-19 17:46:57.994501+00:00
f6cd1fc0-93c2-4d6f-a90d-8b50994ab6f3,completed,2026-06-19 17:46:57.857916+00:00,2026-06-19 17:46:58.127261+00:00
c162189e-010f-4ae6-8dd3-97cc1635db3c,completed,2026-06-19 17:46:58.016988+00:00,2026-06-19 17:46:58.263604+00:00
6adb936a-7ca6-4c69-82ec-759d1b9c9b40,completed,2026-06-19 17:46:59.094799+00:00,2026-06-19 17:46:59.303747+00:00
a482c269-bc42-4c08-b341-97e8a77f8a9f,completed,2026-06-19 17:46:58.169957+00:00,2026-06-19 17:46:58.400973+00:00
a00b0711-9100-4b57-a694-75d9a2cb3f02,completed,2026-06-19 17:46:59.835561+00:00,2026-06-19 17:47:00.012902+00:00
c1316bf8-36be-4038-931e-0a451b7fb3ff,completed,2026-06-19 17:46:58.329475+00:00,2026-06-19 17:46:58.545808+00:00
e847949a-79ea-4999-8160-add6830a5f86,completed,2026-06-19 17:46:58.485139+00:00,2026-06-19 17:46:58.695234+00:00
e9a672cc-7256-4b7c-8f28-9892dca537ab,completed,2026-06-19 17:46:59.244431+00:00,2026-06-19 17:46:59.442012+00:00
1678d783-345e-4416-befe-83cc8f22bc31,completed,2026-06-19 17:46:58.639234+00:00,2026-06-19 17:46:58.875685+00:00
d760f17c-8896-43ae-b98a-8a315d92a690,completed,2026-06-19 17:46:59.396160+00:00,2026-06-19 17:46:59.592854+00:00
2f4e2733-b004-4625-8f9f-28e3c2a79049,completed,2026-06-19 17:46:59.983174+00:00,2026-06-19 17:47:00.151304+00:00
f5a6fd2d-23d6-4364-a984-6f90805d98c9,completed,2026-06-19 17:46:59.545336+00:00,2026-06-19 17:46:59.728599+00:00
d28a110e-55ff-4e30-83e8-81866370c91b,completed,2026-06-19 17:47:00.415828+00:00,2026-06-19 17:47:00.567026+00:00
7feb94c6-5745-47b5-9ee1-7b72ad20461e,completed,2026-06-19 17:46:59.691462+00:00,2026-06-19 17:46:59.862542+00:00
06e7d804-c3a9-47a6-bf00-93598463eb59,completed,2026-06-19 17:47:00.130394+00:00,2026-06-19 17:47:00.288020+00:00
00994263-6f27-462f-94af-f6de66a03eaf,completed,2026-06-19 17:47:00.982689+00:00,2026-06-19 17:47:01.162213+00:00
5a695214-c62b-42f7-83c4-1447e83f2c52,completed,2026-06-19 17:47:00.273615+00:00,2026-06-19 17:47:00.429939+00:00
be24e608-b74a-43d9-86cd-f12a5297d4dc,completed,2026-06-19 17:47:00.560753+00:00,2026-06-19 17:47:00.727556+00:00
cb318752-93ab-4419-9204-39dc1dd99562,completed,2026-06-19 17:47:00.843565+00:00,2026-06-19 17:47:01.019012+00:00
8214cc8a-e9de-44c3-aaf5-8565a57a53a5,completed,2026-06-19 17:47:01.123590+00:00,2026-06-19 17:47:01.297214+00:00
12132d4b-205e-4f2b-a74d-ea3a7d111948,completed,2026-06-19 17:47:01.262527+00:00,2026-06-19 17:47:01.444011+00:00
3d33d7dd-15c8-4cec-a31d-eae2525d7b7a,completed,2026-06-19 17:47:01.400828+00:00,2026-06-19 17:47:01.588982+00:00
7715db01-fdae-4f20-85b3-65069ca66be4,completed,2026-06-19 17:47:01.538951+00:00,2026-06-19 17:47:01.741573+00:00
f9f90707-7bc4-4cae-b435-689e764bbcd2,completed,2026-06-19 17:47:01.675624+00:00,2026-06-19 17:47:01.898112+00:00
4ed21758-2bdd-4ad1-b5b9-34bf7c974bf8,completed,2026-06-19 17:47:03.006997+00:00,2026-06-19 17:47:03.414964+00:00
f38418d7-c404-481b-ad2f-eeae6e8e8538,completed,2026-06-19 17:47:01.810860+00:00,2026-06-19 17:47:02.066817+00:00
25aa6721-b5f8-4c6d-afaa-b5a51fd90b35,completed,2026-06-19 17:47:03.779539+00:00,2026-06-19 17:47:04.292233+00:00
7f78865f-c9cf-41cb-9aa2-09c4f8c95190,completed,2026-06-19 17:47:01.946432+00:00,2026-06-19 17:47:02.224739+00:00
bbbf3af3-b84d-44f0-b633-aec0bf4d0b19,completed,2026-06-19 17:47:02.087822+00:00,2026-06-19 17:47:02.379593+00:00
0b3e56e5-ce77-4c50-b999-ae20665912d5,completed,2026-06-19 17:47:03.139153+00:00,2026-06-19 17:47:03.548911+00:00
1ff13a0c-0603-45c8-b46c-0ff2a553f2bf,completed,2026-06-19 17:47:02.214071+00:00,2026-06-19 17:47:02.542219+00:00
0233e738-d6ef-4fa5-bf0e-ac8c0bc5d4fe,completed,2026-06-19 17:47:04.530446+00:00,2026-06-19 17:47:05.102099+00:00
3a2de897-e9ea-452d-ae0c-893f579957c2,completed,2026-06-19 17:47:02.348427+00:00,2026-06-19 17:47:02.684593+00:00
609eb854-7e98-4140-8773-7e69f4fe85f7,completed,2026-06-19 17:47:02.479953+00:00,2026-06-19 17:47:02.822616+00:00
4ac3904e-6fe5-4d2e-a397-f8ffc0ab197c,completed,2026-06-19 17:47:03.267390+00:00,2026-06-19 17:47:03.713809+00:00
716dca3b-ded1-421a-81c7-3e4f63a8839b,completed,2026-06-19 17:47:02.612259+00:00,2026-06-19 17:47:02.971180+00:00
0983b1a0-cbe0-4bdd-b329-f248f3dc9aed,completed,2026-06-19 17:47:02.747823+00:00,2026-06-19 17:47:03.113355+00:00
b6737ac2-7506-45be-85de-fa2d3e31ab1d,completed,2026-06-19 17:47:02.878318+00:00,2026-06-19 17:47:03.262498+00:00
e435ca00-51ce-43f6-90d9-2d682db55e46,completed,2026-06-19 17:47:03.907072+00:00,2026-06-19 17:47:04.423854+00:00
61b1aa70-814c-4442-979b-db278477f2e0,completed,2026-06-19 17:47:03.396004+00:00,2026-06-19 17:47:03.855401+00:00
80745f42-cc42-4d38-a77f-b01d25ccaa9b,completed,2026-06-19 17:47:03.527749+00:00,2026-06-19 17:47:03.999704+00:00
14498f70-b1b2-4d65-9040-b32cd7d333dc,completed,2026-06-19 17:47:03.656565+00:00,2026-06-19 17:47:04.140269+00:00
e68acde0-1bf8-49d3-b582-414735dcb399,completed,2026-06-19 17:47:04.281188+00:00,2026-06-19 17:47:04.835400+00:00
19f01df6-3487-4c32-8432-6a19b62bb766,completed,2026-06-19 17:47:04.030815+00:00,2026-06-19 17:47:04.563614+00:00
e7a3cde0-3afa-4511-964d-db6371fc2d7e,completed,2026-06-19 17:47:04.158250+00:00,2026-06-19 17:47:04.698347+00:00
77bbe8f1-dbc5-48c0-a0b4-473501aa90ff,completed,2026-06-19 17:47:04.407274+00:00,2026-06-19 17:47:04.970658+00:00
8206171f-3c6d-4e7a-bce4-4d615af964aa,completed,2026-06-19 17:47:04.654240+00:00,2026-06-19 17:47:05.254519+00:00
cee46de1-a9bc-43d3-809d-13655044d42a,completed,2026-06-19 17:47:04.775013+00:00,2026-06-19 17:47:05.397363+00:00
d913e6eb-a8c3-4936-ac02-9687f0bee3cf,completed,2026-06-19 17:47:04.899371+00:00,2026-06-19 17:47:05.548082+00:00
a06a4aad-e121-49d6-bd98-0224196769dd,completed,2026-06-19 17:47:05.019947+00:00,2026-06-19 17:47:05.691637+00:00
3cb84348-b119-4c85-baee-1cbded25b4bf,completed,2026-06-19 17:47:05.143346+00:00,2026-06-19 17:47:05.846123+00:00
39b09953-3e2d-469b-999f-be884a7e0f3c,completed,2026-06-19 17:47:05.263627+00:00,2026-06-19 17:47:05.998809+00:00
e22a2229-83b3-47db-819d-c42fef4d8930,completed,2026-06-19 17:47:05.382635+00:00,2026-06-19 17:47:06.136640+00:00
b37cf03b-39a2-447c-af82-aa36f94c95e1,completed,2026-06-19 17:47:05.504219+00:00,2026-06-19 17:47:06.284721+00:00
67f1fe38-4b46-4437-ae49-aeb0e4bddaad,completed,2026-06-19 17:47:05.624656+00:00,2026-06-19 17:47:06.432829+00:00
c5041481-16cd-48fd-881a-3a2e9226bceb,completed,2026-06-19 17:47:07.139685+00:00,2026-06-19 17:47:08.272297+00:00
558fa85c-480a-4a72-bb0c-1b7e962dc4a2,completed,2026-06-19 17:47:05.744120+00:00,2026-06-19 17:47:06.573929+00:00
b2886b00-8e2f-4d03-8f49-db2595f87273,completed,2026-06-19 17:47:05.862189+00:00,2026-06-19 17:47:06.720845+00:00
8da530c1-c038-468c-80ef-938f9c0c789a,completed,2026-06-19 17:47:05.979304+00:00,2026-06-19 17:47:06.863612+00:00
9eb97d0c-63ba-4ae1-abc1-49d5cb842948,completed,2026-06-19 17:47:06.679036+00:00,2026-06-19 17:47:07.715958+00:00
807e4a08-250c-4862-ac4b-385b43260bde,completed,2026-06-19 17:47:06.098535+00:00,2026-06-19 17:47:07.008564+00:00
24636f63-ce80-4a25-9f2a-7c5fee414dbd,completed,2026-06-19 17:47:07.483394+00:00,2026-06-19 17:47:08.705190+00:00
26f7726d-7cc3-43ee-b026-e119d3f6146a,completed,2026-06-19 17:47:06.217725+00:00,2026-06-19 17:47:07.161748+00:00
ce48267b-4119-436f-b48d-227a01cd52c7,completed,2026-06-19 17:47:06.332484+00:00,2026-06-19 17:47:07.301253+00:00
2f54b5aa-4b43-4bd1-b609-dec979ae5374,completed,2026-06-19 17:47:06.797649+00:00,2026-06-19 17:47:07.858940+00:00
7f311f3c-ec20-479a-bf1a-0a09b0f59d42,completed,2026-06-19 17:47:06.450140+00:00,2026-06-19 17:47:07.439293+00:00
c8e92671-c8c3-4cfd-a178-a1d5b12f6c31,completed,2026-06-19 17:47:06.566018+00:00,2026-06-19 17:47:07.576227+00:00
4e8dc20f-4293-4f62-b817-a733328b46c7,completed,2026-06-19 17:47:06.913112+00:00,2026-06-19 17:47:07.996198+00:00
051afacb-191f-4c79-8ec5-957e46b2b826,completed,2026-06-19 17:47:07.255704+00:00,2026-06-19 17:47:08.421083+00:00
7388511b-97d6-4822-998b-7623d45a474b,completed,2026-06-19 17:47:07.027651+00:00,2026-06-19 17:47:08.125762+00:00
d32ff8f8-e496-4514-85d0-efeb472f677e,completed,2026-06-19 17:47:07.374285+00:00,2026-06-19 17:47:08.566968+00:00
96e87db0-7e98-42f5-b2bb-dcb2cee64096,completed,2026-06-19 17:47:07.599094+00:00,2026-06-19 17:47:08.843213+00:00
010d701f-8c1a-4792-a6d8-ac6ea92d181e,completed,2026-06-19 17:47:07.703333+00:00,2026-06-19 17:47:08.980384+00:00
9d9ccad6-9f49-4438-8c7f-51a08f225fdf,completed,2026-06-19 17:47:07.817646+00:00,2026-06-19 17:47:09.115791+00:00
1859335f-aa8d-4ae8-aa9f-e9939fa61695,completed,2026-06-19 17:47:07.929673+00:00,2026-06-19 17:47:09.253338+00:00
c3347df0-d3ba-4a8a-ae82-41fc3024a27b,completed,2026-06-19 17:47:08.036478+00:00,2026-06-19 17:47:09.390348+00:00
1a46b0b8-1ab8-4efa-aa99-b0997ee537f9,completed,2026-06-19 17:47:08.147951+00:00,2026-06-19 17:47:09.524904+00:00
fd49416f-4bb6-405b-b068-805ea6db0ea6,completed,2026-06-19 17:47:08.259923+00:00,2026-06-19 17:47:09.663226+00:00
2f77a017-53e6-48d5-a5d8-d7dff0cd0f62,completed,2026-06-19 17:47:08.479823+00:00,2026-06-19 17:47:09.938867+00:00
75c9629e-74eb-48c0-bede-70da07e925cf,completed,2026-06-19 17:47:08.588876+00:00,2026-06-19 17:47:10.079491+00:00
fae56efd-2891-493d-99b4-ad83ba98afab,completed,2026-06-19 17:47:08.698627+00:00,2026-06-19 17:47:10.213435+00:00
55c7fae5-1efd-45ca-887f-7e75faff3d38,completed,2026-06-19 17:47:08.805784+00:00,2026-06-19 17:47:10.358169+00:00
b6883b6f-6713-41db-bd42-ae65d2425e86,completed,2026-06-19 17:47:08.914202+00:00,2026-06-19 17:47:10.496763+00:00
f5412440-7b55-46d8-b1f7-1dd70166cad7,completed,2026-06-19 17:47:09.021536+00:00,2026-06-19 17:47:10.638414+00:00
07613d5b-92d4-45e7-a028-876c0444f067,completed,2026-06-19 17:47:09.130239+00:00,2026-06-19 17:47:10.783940+00:00
5a24a225-6590-483f-8a69-e2df7bddaff6,completed,2026-06-19 17:47:09.234537+00:00,2026-06-19 17:47:10.924688+00:00
9e185a85-01eb-4c20-a0f5-fded9cd3b4eb,completed,2026-06-19 17:47:08.368415+00:00,2026-06-19 17:47:09.810090+00:00
e078eaff-bd64-4079-9f1b-2ae62eca74ef,completed,2026-06-19 17:48:10.969680+00:00,2026-06-19 17:48:40.993248+00:00
6af89b4d-b013-4031-bc5f-853a059fadcc,completed,2026-06-19 17:47:09.769254+00:00,2026-06-19 17:47:11.627260+00:00
b2c20e76-9326-4ee8-a80c-20e62c44d4db,completed,2026-06-19 17:47:09.343592+00:00,2026-06-19 17:47:11.061353+00:00
7e868800-0bb8-4623-b49a-4a09d60be7db,completed,2026-06-19 17:47:10.185675+00:00,2026-06-19 17:47:12.209843+00:00
cd0e05ce-579b-4528-91fd-549268ad1a23,completed,2026-06-19 17:47:09.449219+00:00,2026-06-19 17:47:11.196952+00:00
cb3013f0-eb2a-49d8-a652-a0ee1710f6d2,completed,2026-06-19 17:47:09.554361+00:00,2026-06-19 17:47:11.354213+00:00
9ab4bd74-ad93-401c-ba9f-bfe45cc492a7,completed,2026-06-19 17:47:09.872906+00:00,2026-06-19 17:47:11.772940+00:00
3a839460-41e2-40d3-a27c-ee59ca6f5c2e,completed,2026-06-19 17:47:09.665123+00:00,2026-06-19 17:47:11.486950+00:00
2429b0bf-a425-4f1c-b077-d59df9713a87,completed,2026-06-19 17:47:10.085627+00:00,2026-06-19 17:47:12.062703+00:00
2e0dc427-25c1-4834-b1e6-f491f079854b,completed,2026-06-19 17:47:09.980019+00:00,2026-06-19 17:47:11.918173+00:00
f24bca8d-21eb-459b-8ae1-3b3d069fa2b8,completed,2026-06-19 17:47:10.291931+00:00,2026-06-19 17:47:12.356271+00:00
26dbfad0-9b8b-4639-b4b6-192057b9a7da,completed,2026-06-19 17:47:10.395578+00:00,2026-06-19 17:47:12.490882+00:00
3b266b32-0976-4250-a71e-58ec46d288f6,completed,2026-06-19 17:47:10.499876+00:00,2026-06-19 17:47:12.632538+00:00
6f74cbdc-f823-40cc-bf4c-ab4de25b20a1,completed,2026-06-19 17:47:10.603249+00:00,2026-06-19 17:47:12.767442+00:00
ab546dae-00cf-4ef3-aeda-820cba55954c,completed,2026-06-19 17:47:10.809191+00:00,2026-06-19 17:47:13.056988+00:00
abdce3d7-3b7e-4bbd-87c7-8c6ce237179e,completed,2026-06-19 17:47:10.910341+00:00,2026-06-19 17:47:13.198480+00:00
7d926651-ebb6-496f-99c1-706729a7ff09,completed,2026-06-19 17:47:11.011352+00:00,2026-06-19 17:47:13.348588+00:00
f1a8650e-6421-468b-8dc1-4bc62d8ccb13,completed,2026-06-19 17:47:11.114843+00:00,2026-06-19 17:47:13.496983+00:00
bf5a3ecb-c74f-4651-a20b-ad9f10398dca,completed,2026-06-19 17:47:11.216611+00:00,2026-06-19 17:47:13.638098+00:00
04b285b7-ff14-4cbf-b239-6eb4096c522c,completed,2026-06-19 17:47:11.317224+00:00,2026-06-19 17:47:13.786973+00:00
2bdb3c81-3842-4c34-8659-e67a872df424,completed,2026-06-19 17:47:11.416255+00:00,2026-06-19 17:47:13.925412+00:00
99cc112f-afa2-48b0-84b7-c2de3bfdc22b,completed,2026-06-19 17:47:11.519782+00:00,2026-06-19 17:47:14.064394+00:00
7a25a55f-3cb4-442d-9848-3dac670107e8,completed,2026-06-19 17:47:11.718981+00:00,2026-06-19 17:47:14.356740+00:00
590494ba-eed5-4ad4-9523-81a373877cba,completed,2026-06-19 17:47:11.823207+00:00,2026-06-19 17:47:14.506348+00:00
9a4c2cdd-b374-490d-8c28-1cd85ebe7b2e,completed,2026-06-19 17:47:11.916369+00:00,2026-06-19 17:47:14.644500+00:00
1803f6a8-c229-43a1-8aef-1dcfca9a4ff5,completed,2026-06-19 17:47:12.014709+00:00,2026-06-19 17:47:14.796115+00:00
22f4dda8-fef4-4ccc-a244-db56fe360f45,completed,2026-06-19 17:47:12.116168+00:00,2026-06-19 17:47:14.945730+00:00
305be1b2-f323-4090-9634-70f6c289d70c,completed,2026-06-19 17:47:12.213693+00:00,2026-06-19 17:47:15.085232+00:00
6f7e646e-10dd-4b25-8989-41d2428f9619,completed,2026-06-19 17:47:12.311914+00:00,2026-06-19 17:47:15.228590+00:00
78fcb959-af6e-4bc5-bdee-6391f36511be,completed,2026-06-19 17:47:12.409619+00:00,2026-06-19 17:47:15.364652+00:00
8e474975-9aaa-45ec-9a91-8121e1652ca3,completed,2026-06-19 17:47:12.601068+00:00,2026-06-19 17:47:15.652356+00:00
224f3c47-c4d9-4c65-8861-976a2756f07d,completed,2026-06-19 17:47:12.696199+00:00,2026-06-19 17:47:15.850226+00:00
7600cf07-65eb-4185-8528-cb2e28d1c4d4,completed,2026-06-19 17:47:12.791257+00:00,2026-06-19 17:47:15.995828+00:00
6b368e19-5c13-432f-9a50-9f4766f89c95,completed,2026-06-19 17:47:12.894720+00:00,2026-06-19 17:47:16.147899+00:00
2b53f9b9-4e36-4110-a1ce-8da188b541c0,completed,2026-06-19 17:47:12.978182+00:00,2026-06-19 17:47:16.284837+00:00
6829bd4c-128b-4eac-87fd-2b947d839f32,completed,2026-06-19 17:47:13.074656+00:00,2026-06-19 17:47:16.434460+00:00
21cd1173-8f28-4e46-8942-e157fbcb8a8b,completed,2026-06-19 17:47:13.260610+00:00,2026-06-19 17:47:16.719867+00:00
e779ce1e-8732-430a-b418-948949dd1fe5,completed,2026-06-19 17:47:13.353784+00:00,2026-06-19 17:47:16.852234+00:00
4c9b3e9b-4b9c-4d93-98ce-b0ad4aeffe87,completed,2026-06-19 17:47:13.447354+00:00,2026-06-19 17:47:16.985901+00:00
72a818eb-ca5f-4106-b5fb-a9006f2b6947,completed,2026-06-19 17:47:13.538724+00:00,2026-06-19 17:47:17.120349+00:00
fc8a1eb1-0fa8-47fb-b035-6081aadf57da,completed,2026-06-19 17:47:13.628003+00:00,2026-06-19 17:47:17.256312+00:00
7931e7bd-5c8b-4ee0-9ba8-e82ece6ddc62,completed,2026-06-19 17:47:13.720004+00:00,2026-06-19 17:47:17.388193+00:00
47639797-796d-4f07-b375-ae90e2ecfa5f,completed,2026-06-19 17:47:13.815955+00:00,2026-06-19 17:47:17.525249+00:00
1914a638-8423-4d1e-89e8-a5b24ccb0b5d,completed,2026-06-19 17:47:13.902837+00:00,2026-06-19 17:47:17.665289+00:00
20b0128d-02aa-4349-ac48-1e3f5da86f88,completed,2026-06-19 17:47:14.080916+00:00,2026-06-19 17:47:17.934834+00:00
1bedd5e7-aed9-4f06-abc7-ccbd75727e67,completed,2026-06-19 17:47:14.167992+00:00,2026-06-19 17:47:18.083670+00:00
1f4f0a92-5add-4b7a-886a-7cfb58687f44,completed,2026-06-19 17:47:14.259574+00:00,2026-06-19 17:47:18.215468+00:00
bf262933-620f-427b-a435-bc81b5facaff,completed,2026-06-19 17:47:14.347260+00:00,2026-06-19 17:47:18.350248+00:00
10907efa-af86-48bf-9e16-6230e92dfa39,completed,2026-06-19 17:47:14.438091+00:00,2026-06-19 17:47:18.493006+00:00
98346f77-d449-4723-b17a-c89cf6fb5d5c,completed,2026-06-19 17:47:14.523594+00:00,2026-06-19 17:47:18.630812+00:00
fa3958d0-c740-411c-ad7f-c2dc1b5eaddd,completed,2026-06-19 17:47:14.611495+00:00,2026-06-19 17:47:18.765154+00:00
7d4ccc2b-632b-4238-a53d-dfd2781848b6,completed,2026-06-19 17:47:14.712238+00:00,2026-06-19 17:47:18.894053+00:00
9ee0481a-461f-46e3-8c58-c148cba5dd71,completed,2026-06-19 17:47:14.873816+00:00,2026-06-19 17:47:19.164664+00:00
6eb4c3f1-632a-42f2-afb8-86720fb03807,completed,2026-06-19 17:47:14.960834+00:00,2026-06-19 17:47:19.302156+00:00
827ce952-731e-4914-a1ee-1f319a789f39,completed,2026-06-19 17:47:15.042469+00:00,2026-06-19 17:47:19.434758+00:00
e7559294-f025-49ed-951b-7523e308baca,completed,2026-06-19 17:47:15.130177+00:00,2026-06-19 17:47:19.579390+00:00
ea82624c-3b95-4bbf-97d7-61f5be5f6f65,completed,2026-06-19 17:47:15.214215+00:00,2026-06-19 17:47:19.718480+00:00
cf76bf19-f1ed-4a8f-8198-9315710108de,completed,2026-06-19 17:47:15.298441+00:00,2026-06-19 17:47:19.857550+00:00
f6f4fc44-d0dd-4b51-ab24-e5784efca56a,completed,2026-06-19 17:47:15.382745+00:00,2026-06-19 17:47:19.988089+00:00
35266c66-58b8-4eb9-8c6f-c6538d0a3599,completed,2026-06-19 17:47:15.469330+00:00,2026-06-19 17:47:20.135763+00:00
e00e6b34-31ba-428b-bb8c-e4ed45989231,completed,2026-06-19 17:47:10.707090+00:00,2026-06-19 17:47:12.922694+00:00
69fdf144-381e-4bb2-a44f-28e8af5cf010,completed,2026-06-19 17:47:11.620508+00:00,2026-06-19 17:47:14.202407+00:00
748fc02a-7192-41c8-9e98-3c9dde09412b,completed,2026-06-19 17:47:12.513766+00:00,2026-06-19 17:47:15.503063+00:00
fe274285-d62e-4c09-ae52-8023dad932e3,completed,2026-06-19 17:47:13.168259+00:00,2026-06-19 17:47:16.583762+00:00
44600b82-aa3f-4b07-8629-668a30da3b1e,completed,2026-06-19 17:47:13.998357+00:00,2026-06-19 17:47:17.807294+00:00
ac30853a-2e32-4120-933a-102a482a9740,completed,2026-06-19 17:47:14.784338+00:00,2026-06-19 17:47:19.034771+00:00
5eea94cb-f19c-4787-8a77-35d98a1e55f2,completed,2026-06-19 17:47:15.553966+00:00,2026-06-19 17:47:20.270571+00:00
bbe5cdb6-5710-4249-81a1-55a0017b0b8c,completed,2026-06-19 17:47:15.637420+00:00,2026-06-19 17:47:20.405605+00:00
69df50ab-1712-4d2a-949e-0c0c89d2a118,completed,2026-06-19 17:47:15.721646+00:00,2026-06-19 17:47:20.543889+00:00
ace3e349-2b5b-45ee-af5e-a49cb91fc8ef,completed,2026-06-19 17:47:16.296533+00:00,2026-06-19 17:47:21.541180+00:00
538743a3-ea1e-41f9-8848-c7a552786ed5,completed,2026-06-19 17:47:17.018206+00:00,2026-06-19 17:47:22.795755+00:00
39960268-58b4-417b-baff-79e07fb901b2,completed,2026-06-19 17:47:17.720521+00:00,2026-06-19 17:47:24.096127+00:00
d720a0a1-48ce-43e9-a300-8d44689ae6cc,completed,2026-06-19 17:47:18.406213+00:00,2026-06-19 17:47:25.471211+00:00
e7a58563-e23b-4f1f-bcac-90290e572440,completed,2026-06-19 17:47:18.488220+00:00,2026-06-19 17:47:25.613734+00:00
223a1fb2-43c2-4a06-bc33-b70018f73aad,completed,2026-06-19 17:47:18.995791+00:00,2026-06-19 17:47:26.686255+00:00
f68c33d8-83dc-43ce-ba9d-622c08c3c70c,completed,2026-06-19 17:47:19.651928+00:00,2026-06-19 17:47:28.026637+00:00
a8e21ae0-e4db-4036-be94-994322e63c68,completed,2026-06-19 17:47:20.286297+00:00,2026-06-19 17:47:29.360180+00:00
a1323f23-7ee7-4db1-977c-29bc60ee182a,completed,2026-06-19 17:47:20.910534+00:00,2026-06-19 17:47:30.803552+00:00
98dd5f02-22de-4cf5-9868-9e4f13935525,completed,2026-06-19 17:47:20.978503+00:00,2026-06-19 17:47:30.955191+00:00
3a5902e2-39fc-45fc-a60d-cae09d0c3fb1,completed,2026-06-19 17:47:21.453181+00:00,2026-06-19 17:47:31.999111+00:00
eb75feca-4209-448e-a6a6-ff8a51ff4fa6,completed,2026-06-19 17:47:22.050405+00:00,2026-06-19 17:47:33.379924+00:00
8cfdafad-f357-42e9-ac33-2a23c28ad2a6,completed,2026-06-19 17:47:22.642298+00:00,2026-06-19 17:47:34.720328+00:00
638d32ff-df8e-45a3-8e58-c7a777f320ba,completed,2026-06-19 17:47:23.218735+00:00,2026-06-19 17:47:36.016098+00:00
d416965c-6e13-4342-8f9c-611da52bac71,completed,2026-06-19 17:47:23.280412+00:00,2026-06-19 17:47:36.159230+00:00
adb83af7-765c-410b-b5ef-e610f0dd6fd4,completed,2026-06-19 17:47:23.721753+00:00,2026-06-19 17:47:37.226740+00:00
4bcaa0c3-e9cb-45af-80c2-0f723bc98a21,completed,2026-06-19 17:47:24.280141+00:00,2026-06-19 17:47:38.621664+00:00
5d887a86-3118-446e-8a59-52b7086f0122,completed,2026-06-19 17:47:24.827473+00:00,2026-06-19 17:47:39.959051+00:00
855ff476-47f0-4af4-b08e-f464f24dc917,completed,2026-06-19 17:48:41.444333+00:00,2026-06-19 17:49:11.485352+00:00
d49c3ef5-32b9-48aa-a7dc-7366abaa62b1,completed,2026-06-19 17:48:41.598046+00:00,2026-06-19 17:49:11.630259+00:00
ab31ed6f-a378-4bf4-8ab4-795a0a48d0d7,completed,2026-06-19 17:48:41.746043+00:00,2026-06-19 17:49:11.788085+00:00
ad33617a-4ced-4af2-8f02-0a566a0ece2c,completed,2026-06-19 17:48:41.896109+00:00,2026-06-19 17:49:11.935220+00:00
00f86d5d-003a-4a1a-9f94-e0b716a7ed12,completed,2026-06-19 17:47:15.804504+00:00,2026-06-19 17:47:20.677760+00:00
8c5221b7-68af-49a9-9df3-49cc568a4073,completed,2026-06-19 17:47:15.886228+00:00,2026-06-19 17:47:20.824760+00:00
4f078efc-f61d-4c36-b48a-bc06e3d283c8,completed,2026-06-19 17:47:15.968936+00:00,2026-06-19 17:47:20.963736+00:00
b146a15f-ba64-419a-90e4-d77455ce5346,completed,2026-06-19 17:47:16.049037+00:00,2026-06-19 17:47:21.106209+00:00
0fff4059-e6c0-429c-abfa-d853a1007533,completed,2026-06-19 17:47:16.132599+00:00,2026-06-19 17:47:21.252151+00:00
d97ea99f-7b09-4039-b4d8-e3ede05f41fe,completed,2026-06-19 17:47:16.217429+00:00,2026-06-19 17:47:21.394282+00:00
4e964b82-7ff3-4b26-b0bf-b65278390080,completed,2026-06-19 17:47:16.377032+00:00,2026-06-19 17:47:21.685297+00:00
f1d5cd32-514a-4e41-99c4-a4a05ec704d3,completed,2026-06-19 17:47:16.458500+00:00,2026-06-19 17:47:21.821988+00:00
46e21813-ed75-4500-aa81-b1a7c86820aa,completed,2026-06-19 17:47:16.538077+00:00,2026-06-19 17:47:21.970098+00:00
1ed2cbd7-9a65-44b9-b875-be50efdb4630,completed,2026-06-19 17:47:16.618787+00:00,2026-06-19 17:47:22.101782+00:00
1e5269b7-9eb1-4795-9da2-2e57625fd912,completed,2026-06-19 17:47:16.699799+00:00,2026-06-19 17:47:22.235096+00:00
f8f3f4b0-3cfd-4cc1-9404-707e67863b40,completed,2026-06-19 17:47:16.778572+00:00,2026-06-19 17:47:22.372646+00:00
9f65d3b9-3c91-442f-b488-fb0ac975091e,completed,2026-06-19 17:47:16.858310+00:00,2026-06-19 17:47:22.504650+00:00
7c8e0199-8aac-424b-b167-7d3e53dfcb39,completed,2026-06-19 17:47:16.939144+00:00,2026-06-19 17:47:22.650481+00:00
adbfa658-e610-4940-b3b4-9c1f3d18ff24,completed,2026-06-19 17:47:17.094278+00:00,2026-06-19 17:47:22.940333+00:00
c0747948-8f28-4285-b92a-f0ddfc25da72,completed,2026-06-19 17:47:17.175957+00:00,2026-06-19 17:47:23.084426+00:00
2ce93e67-a0ee-41ef-ade8-08f881076796,completed,2026-06-19 17:47:17.250953+00:00,2026-06-19 17:47:23.232610+00:00
1746fb81-c8e5-4874-840b-c7616152e133,completed,2026-06-19 17:47:17.333434+00:00,2026-06-19 17:47:23.373342+00:00
33cdd109-5bd9-4850-8289-4ad79f9de0d9,completed,2026-06-19 17:47:17.411096+00:00,2026-06-19 17:47:23.513066+00:00
bbd52bc3-bf72-46a1-938d-9e224a5f8b68,completed,2026-06-19 17:47:17.489766+00:00,2026-06-19 17:47:23.661903+00:00
b2b43df6-2fd4-4cf4-8465-9b881e45fcad,completed,2026-06-19 17:47:17.566877+00:00,2026-06-19 17:47:23.818780+00:00
6ef49a08-33f4-40ab-93be-7fffc5a935d5,completed,2026-06-19 17:47:17.643736+00:00,2026-06-19 17:47:23.952469+00:00
a0ff136d-1066-4f9c-8cfa-10475714d473,completed,2026-06-19 17:47:17.798458+00:00,2026-06-19 17:47:24.228571+00:00
4ff0c214-ec6d-4e4a-b603-5fbbb68550c0,completed,2026-06-19 17:47:17.879823+00:00,2026-06-19 17:47:24.388823+00:00
e5f51bc8-adcd-4fc7-9931-fc59dedc6243,completed,2026-06-19 17:47:17.952134+00:00,2026-06-19 17:47:24.530068+00:00
857c7d50-4ed4-4687-9c50-7205f29328ae,completed,2026-06-19 17:47:18.026974+00:00,2026-06-19 17:47:24.666987+00:00
ae086a9a-ce34-4f6f-94c0-003ace36400a,completed,2026-06-19 17:47:18.103010+00:00,2026-06-19 17:47:24.803094+00:00
783c4161-3c16-432c-bf04-386236ce680e,completed,2026-06-19 17:47:18.178901+00:00,2026-06-19 17:47:24.936888+00:00
a39f3f33-0f68-46c0-84b5-46888f4743a2,completed,2026-06-19 17:47:18.255994+00:00,2026-06-19 17:47:25.123632+00:00
6054b2f9-cb49-4891-b580-cad2e2dab031,completed,2026-06-19 17:47:18.338084+00:00,2026-06-19 17:47:25.336344+00:00
52ae132f-ddaf-424c-be37-d4742b88e8de,completed,2026-06-19 17:48:12.272606+00:00,2026-06-19 17:48:42.348570+00:00
2e52c191-d01b-4540-8392-2a8e70824c21,completed,2026-06-19 17:47:18.553079+00:00,2026-06-19 17:47:25.755855+00:00
908461f3-1c14-4a74-a433-dee4280c2267,completed,2026-06-19 17:47:18.628937+00:00,2026-06-19 17:47:25.898400+00:00
370d3703-6759-4478-85be-2dbaa5fd98d8,completed,2026-06-19 17:47:18.701384+00:00,2026-06-19 17:47:26.083247+00:00
8fa86584-0bdf-48f9-bad6-4d43ebfde096,completed,2026-06-19 17:47:18.773214+00:00,2026-06-19 17:47:26.233444+00:00
b7ca154f-6f6c-4fc1-83c7-98dc35dc297d,completed,2026-06-19 17:47:18.849022+00:00,2026-06-19 17:47:26.389510+00:00
f811f141-8b60-4cc3-826c-e735ed3d52d7,completed,2026-06-19 17:47:18.919746+00:00,2026-06-19 17:47:26.528635+00:00
75d36854-e8ae-4284-8f32-df077f047b78,completed,2026-06-19 17:47:19.070794+00:00,2026-06-19 17:47:26.851437+00:00
f6f55114-4f34-4b0d-8c0d-24dc914ba6fd,completed,2026-06-19 17:47:19.140636+00:00,2026-06-19 17:47:27.001262+00:00
c327a220-1c84-4c95-b34a-f154c19b80f6,completed,2026-06-19 17:47:19.215637+00:00,2026-06-19 17:47:27.146754+00:00
d27f3b4e-0021-4bba-a4f6-4e7e8d87a1ff,completed,2026-06-19 17:47:19.288340+00:00,2026-06-19 17:47:27.288924+00:00
7232e825-6e28-42bc-beb4-976b95a605b1,completed,2026-06-19 17:47:19.357802+00:00,2026-06-19 17:47:27.424398+00:00
6dbf1fda-01a8-4311-82b0-85485db3d104,completed,2026-06-19 17:47:19.434429+00:00,2026-06-19 17:47:27.581018+00:00
7734c4d2-bc6b-4dd2-a433-09ff4febd039,completed,2026-06-19 17:47:19.509740+00:00,2026-06-19 17:47:27.726923+00:00
6b189379-70a4-4eb3-b986-a414b693e786,completed,2026-06-19 17:47:19.578200+00:00,2026-06-19 17:47:27.889533+00:00
f495628e-e8ea-4339-8294-cb16518a4fdb,completed,2026-06-19 17:47:19.721514+00:00,2026-06-19 17:47:28.175908+00:00
dfdc23fb-46ea-4fbb-b122-3a32fe2a087f,completed,2026-06-19 17:47:19.794594+00:00,2026-06-19 17:47:28.315971+00:00
f8456cc6-cf12-4689-a6f2-3485ffe3264d,completed,2026-06-19 17:47:19.863059+00:00,2026-06-19 17:47:28.463739+00:00
db8db7db-404f-4d28-9651-3b58afe29909,completed,2026-06-19 17:47:19.935501+00:00,2026-06-19 17:47:28.612128+00:00
6b3a2e89-1e23-48fc-a375-4f49d925e235,completed,2026-06-19 17:47:20.003485+00:00,2026-06-19 17:47:28.749863+00:00
ba222a77-87f1-4abf-9cd9-87e56994e853,completed,2026-06-19 17:47:20.076547+00:00,2026-06-19 17:47:28.891125+00:00
08eed242-4ba0-4c63-b5e4-35b4a11aec29,completed,2026-06-19 17:47:20.145424+00:00,2026-06-19 17:47:29.041791+00:00
e26e3234-076a-44b7-804b-496bf6697e2d,completed,2026-06-19 17:47:20.215347+00:00,2026-06-19 17:47:29.217118+00:00
0f89d4bc-1ffc-4fe8-a874-1e47e85eda9a,completed,2026-06-19 17:47:20.358810+00:00,2026-06-19 17:47:29.534089+00:00
5a58c94f-9726-4c2b-a178-a922d6d56755,completed,2026-06-19 17:47:20.426119+00:00,2026-06-19 17:47:29.690297+00:00
3c0ec1ee-0578-4d3a-9e80-7cecb63f0262,completed,2026-06-19 17:47:20.494730+00:00,2026-06-19 17:47:29.853484+00:00
ccb74d47-ff88-4632-ba33-b56e2838dc73,completed,2026-06-19 17:47:20.567428+00:00,2026-06-19 17:47:30.013371+00:00
51a50bff-fe15-4376-8bdc-6e3050da3025,completed,2026-06-19 17:47:20.641046+00:00,2026-06-19 17:47:30.166588+00:00
453d18e0-f105-4cdb-9c5e-d1ac52b18c7f,completed,2026-06-19 17:47:20.710378+00:00,2026-06-19 17:47:30.314346+00:00
dc6d0575-38f6-4033-ad60-e8dd8658faca,completed,2026-06-19 17:47:20.774962+00:00,2026-06-19 17:47:30.469683+00:00
d5138d0b-1ece-4f77-96cc-db95f190b52e,completed,2026-06-19 17:47:20.847635+00:00,2026-06-19 17:47:30.658928+00:00
6b51d2c0-fdfb-45dd-810f-53901e7de1cb,completed,2026-06-19 17:47:21.043497+00:00,2026-06-19 17:47:31.103388+00:00
2b0619f6-6e40-4041-9518-97f819a8ae63,completed,2026-06-19 17:47:21.114869+00:00,2026-06-19 17:47:31.256811+00:00
6e3c07f2-3017-4a5b-8cb8-27c764ccb807,completed,2026-06-19 17:47:21.183024+00:00,2026-06-19 17:47:31.402410+00:00
5dba8106-d180-4964-845a-bfa47332cfe1,completed,2026-06-19 17:47:21.250713+00:00,2026-06-19 17:47:31.550139+00:00
a00365c3-2592-4842-ad32-a84baed74345,completed,2026-06-19 17:47:21.325815+00:00,2026-06-19 17:47:31.704644+00:00
72a3f218-8e59-4efb-b8d2-229091b05a1c,completed,2026-06-19 17:47:21.386085+00:00,2026-06-19 17:47:31.850863+00:00
02797e97-51b6-4060-8c42-898f43403f98,completed,2026-06-19 17:47:21.523990+00:00,2026-06-19 17:47:32.144472+00:00
6f7aa87f-ecca-43e6-b1f2-6ea8e844841e,completed,2026-06-19 17:47:21.586811+00:00,2026-06-19 17:47:32.289955+00:00
161c1ff2-e920-4ef1-9b39-d614a128a895,completed,2026-06-19 17:47:21.655712+00:00,2026-06-19 17:47:32.438877+00:00
a104ace4-38ab-4985-8969-9c25ffb44a2c,completed,2026-06-19 17:47:21.721970+00:00,2026-06-19 17:47:32.590585+00:00
ee2e887b-a4d5-4ada-94b3-49529a13dcc1,completed,2026-06-19 17:47:21.791576+00:00,2026-06-19 17:47:32.740552+00:00
ba3cfce6-700b-4dee-9b5a-34cb30795877,completed,2026-06-19 17:47:21.856161+00:00,2026-06-19 17:47:32.901275+00:00
af52de11-3f5c-400e-bb7f-571ac70794c6,completed,2026-06-19 17:47:21.918458+00:00,2026-06-19 17:47:33.072633+00:00
689438d5-e3f6-4c60-85f0-b1a1a429593a,completed,2026-06-19 17:47:21.991761+00:00,2026-06-19 17:47:33.217313+00:00
a0973c3c-e2a1-4fc2-87e6-1880ebb5edfb,completed,2026-06-19 17:47:22.117628+00:00,2026-06-19 17:47:33.537531+00:00
53d4d17d-3e75-424f-8e24-0db386ed0176,completed,2026-06-19 17:47:22.184378+00:00,2026-06-19 17:47:33.690770+00:00
70a1d2dc-2a03-40e8-80fa-47cbfcf89c75,completed,2026-06-19 17:47:22.252199+00:00,2026-06-19 17:47:33.834199+00:00
74bd2bb3-b6c3-4d8f-9ede-57ed04813a4a,completed,2026-06-19 17:47:22.315134+00:00,2026-06-19 17:47:33.978006+00:00
34050b74-95b3-4504-a6d0-88bde382f671,completed,2026-06-19 17:47:22.380107+00:00,2026-06-19 17:47:34.131231+00:00
41a0c6ef-f8c4-4fc8-8a4c-de5c108469f1,completed,2026-06-19 17:47:22.443950+00:00,2026-06-19 17:47:34.283799+00:00
95f27719-9d15-45a3-8666-4a85ad5e022a,completed,2026-06-19 17:47:22.509311+00:00,2026-06-19 17:47:34.432445+00:00
b693a2d9-f6da-46e6-9fe9-de709d845663,completed,2026-06-19 17:47:22.574029+00:00,2026-06-19 17:47:34.572220+00:00
548c64e3-989c-4608-973e-dd037554a9f0,completed,2026-06-19 17:47:22.710993+00:00,2026-06-19 17:47:34.861582+00:00
4474ed41-a547-4064-a576-713861f90a2b,completed,2026-06-19 17:47:22.767650+00:00,2026-06-19 17:47:34.998882+00:00
c2e1dc0c-defe-440f-a1cf-c063d5cf389b,completed,2026-06-19 17:47:22.832081+00:00,2026-06-19 17:47:35.145106+00:00
c42d95ba-3110-4695-938a-6b818234716c,completed,2026-06-19 17:47:22.901742+00:00,2026-06-19 17:47:35.286328+00:00
c1fa5d01-9ea9-41e6-8812-1ca5e60a77ca,completed,2026-06-19 17:47:22.963800+00:00,2026-06-19 17:47:35.430858+00:00
6a636b5a-6534-447f-977d-6cf2f0f1c695,completed,2026-06-19 17:47:23.026004+00:00,2026-06-19 17:47:35.573260+00:00
64c9d1dc-6826-419a-a212-63e13312cf99,completed,2026-06-19 17:47:23.090249+00:00,2026-06-19 17:47:35.713937+00:00
c253dbb7-9161-4444-b48e-e740baa24b7b,completed,2026-06-19 17:47:23.149882+00:00,2026-06-19 17:47:35.867876+00:00
ac7150c1-7441-4f3f-a9f4-b2a6aa3468ae,completed,2026-06-19 17:47:23.343666+00:00,2026-06-19 17:47:36.318566+00:00
432e062d-e62c-450c-844b-edc1a0de6af6,completed,2026-06-19 17:47:23.406617+00:00,2026-06-19 17:47:36.494486+00:00
799f8cbc-c1d1-4491-adae-9b91ee71d209,completed,2026-06-19 17:47:23.469712+00:00,2026-06-19 17:47:36.639763+00:00
d8b9ace3-205e-405e-b013-4c1c0d11e534,completed,2026-06-19 17:47:23.567422+00:00,2026-06-19 17:47:36.781321+00:00
4c6143f7-2524-4a1b-840f-d37509b1e9be,completed,2026-06-19 17:47:23.601610+00:00,2026-06-19 17:47:36.928620+00:00
926d6e4b-b84b-4024-8578-68b725282981,completed,2026-06-19 17:47:23.678824+00:00,2026-06-19 17:47:37.076825+00:00
c98f4a5c-9e1a-4ab2-b109-721b38c0b71e,completed,2026-06-19 17:47:23.785130+00:00,2026-06-19 17:47:37.386309+00:00
baeb1c73-4aa2-4103-be94-91705877b457,completed,2026-06-19 17:47:23.846602+00:00,2026-06-19 17:47:37.536117+00:00
ad98e3c8-50ab-4e9e-9387-92005b154144,completed,2026-06-19 17:47:23.907367+00:00,2026-06-19 17:47:37.684194+00:00
e96f545c-a382-4111-bdc3-dd9b048d00eb,completed,2026-06-19 17:47:23.970365+00:00,2026-06-19 17:47:37.853484+00:00
aa8883d1-515c-4dd7-977a-95e675bd0e62,completed,2026-06-19 17:47:24.035183+00:00,2026-06-19 17:47:37.998273+00:00
dbeb15cd-be8b-42ac-af4d-c8384d764cf1,completed,2026-06-19 17:47:24.097384+00:00,2026-06-19 17:47:38.145305+00:00
b035ad93-e14c-4297-99d2-b85306a787ac,completed,2026-06-19 17:47:24.161615+00:00,2026-06-19 17:47:38.335907+00:00
4811ad06-5abd-485d-9afb-cc5602d36f22,completed,2026-06-19 17:47:24.227112+00:00,2026-06-19 17:47:38.479734+00:00
f2806d19-da2a-406c-a6ab-b8a0ffbf579d,completed,2026-06-19 17:47:24.343559+00:00,2026-06-19 17:47:38.769280+00:00
8434b7f0-0169-4b0c-aa2e-7f905526e468,completed,2026-06-19 17:47:24.405747+00:00,2026-06-19 17:47:38.914215+00:00
9be1db4b-e259-4965-83cd-d05f2fcfea4d,completed,2026-06-19 17:47:24.462773+00:00,2026-06-19 17:47:39.056957+00:00
b03b1f7e-b92c-45ef-9ff9-9b3dcab83060,completed,2026-06-19 17:47:24.522346+00:00,2026-06-19 17:47:39.207423+00:00
c604f41b-3e16-4145-aee0-f280089364b7,completed,2026-06-19 17:47:24.583761+00:00,2026-06-19 17:47:39.355968+00:00
0bf70958-cc44-47e2-815e-f2b6a3e58f8a,completed,2026-06-19 17:47:24.644715+00:00,2026-06-19 17:47:39.507168+00:00
7a3c30b5-bd91-4c4b-a208-c4ea370c1e2e,completed,2026-06-19 17:47:24.707323+00:00,2026-06-19 17:47:39.655126+00:00
259252df-937e-4ace-a28f-968614a6db8f,completed,2026-06-19 17:47:24.767471+00:00,2026-06-19 17:47:39.806919+00:00
b852f34d-b435-4df2-88ad-0c9953f66d24,completed,2026-06-19 17:47:24.889804+00:00,2026-06-19 17:47:40.105904+00:00
13bdf169-bc57-45f0-85b5-0905744a17e0,completed,2026-06-19 17:47:24.948091+00:00,2026-06-19 17:47:40.247559+00:00
bcc2505c-201a-44cf-a106-fe68056c44be,completed,2026-06-19 17:47:25.008624+00:00,2026-06-19 17:47:40.389264+00:00
f2f6d72a-041f-4d8b-8020-d570a016585f,completed,2026-06-19 17:47:25.067224+00:00,2026-06-19 17:47:40.524303+00:00
7656da60-0004-4ece-94da-5599ed33370c,completed,2026-06-19 17:47:25.126718+00:00,2026-06-19 17:47:40.682551+00:00
91bfab60-515b-4af3-9b52-8a19332757c1,completed,2026-06-19 17:47:25.188253+00:00,2026-06-19 17:47:40.839953+00:00
b65adc23-2f80-46b9-9927-2cfcb77e7ba0,completed,2026-06-19 17:47:25.246436+00:00,2026-06-19 17:47:40.985886+00:00
d58f5adb-7a34-4e0d-87e4-825e5056d233,completed,2026-06-19 17:47:25.306480+00:00,2026-06-19 17:47:41.138305+00:00
76bd3696-1f31-4565-a3c7-79a4a09590b4,completed,2026-06-19 17:47:25.485256+00:00,2026-06-19 17:47:41.592804+00:00
bc96c437-c105-4b3c-8532-81af17ac0209,completed,2026-06-19 17:47:25.542743+00:00,2026-06-19 17:47:41.744788+00:00
390e8562-17c5-4443-81a3-e78bb4de601c,completed,2026-06-19 17:47:25.602241+00:00,2026-06-19 17:47:41.893734+00:00
637328e3-eec6-4702-99fc-f36eef882935,completed,2026-06-19 17:47:25.662157+00:00,2026-06-19 17:47:42.028512+00:00
cef84b1c-f6fa-4931-9832-95f7e29a7669,completed,2026-06-19 17:47:25.728230+00:00,2026-06-19 17:47:42.176952+00:00
2bfe754b-1a01-4abb-ac46-571f3c0d65c4,completed,2026-06-19 17:47:25.776729+00:00,2026-06-19 17:47:42.321026+00:00
a1df3236-0e9c-48e9-8ab2-5d85e66aeeec,completed,2026-06-19 17:47:25.896912+00:00,2026-06-19 17:47:42.606037+00:00
8928dbce-3330-420f-9e5e-af0ef10c06ef,completed,2026-06-19 17:47:25.958654+00:00,2026-06-19 17:47:42.740215+00:00
a6e83a26-a93a-4187-8be3-760b34b2a26c,completed,2026-06-19 17:47:26.030615+00:00,2026-06-19 17:47:42.887688+00:00
d2184b51-6e2a-45c0-b0c3-b1772b711a1a,completed,2026-06-19 17:47:26.073466+00:00,2026-06-19 17:47:43.071023+00:00
17d1b4e4-bb0c-451e-8833-9ba92430391a,completed,2026-06-19 17:47:26.132341+00:00,2026-06-19 17:47:43.225267+00:00
9fdf1732-6788-4865-b445-542024f9e3b1,completed,2026-06-19 17:47:26.187341+00:00,2026-06-19 17:47:43.381725+00:00
861b95c5-3363-4b16-b78c-aa21a2c6ed28,completed,2026-06-19 17:47:26.248249+00:00,2026-06-19 17:47:43.537547+00:00
944bfe33-8d92-4367-a248-9a7c701ce387,completed,2026-06-19 17:47:26.305347+00:00,2026-06-19 17:47:43.697179+00:00
fe236fc4-e157-43d2-91f7-98434047bc8d,completed,2026-06-19 17:47:26.418219+00:00,2026-06-19 17:47:43.978631+00:00
391a9b26-297c-41b8-b24e-ff24b0f5389e,completed,2026-06-19 17:47:26.477672+00:00,2026-06-19 17:47:44.160206+00:00
24d5394d-f92d-4467-8952-cd201915314b,completed,2026-06-19 17:47:26.535861+00:00,2026-06-19 17:47:44.297162+00:00
d290757c-0dad-4d34-b157-3a1d020906e8,completed,2026-06-19 17:47:26.591317+00:00,2026-06-19 17:47:44.440148+00:00
0adf5a6d-7f27-497f-888d-cfd1ec613c03,completed,2026-06-19 17:47:26.646855+00:00,2026-06-19 17:47:44.635990+00:00
a233dde8-bc23-4923-97c8-39aed75c7657,completed,2026-06-19 17:47:26.704871+00:00,2026-06-19 17:47:44.784737+00:00
e76b4dab-cbb4-406e-ae6f-680e1e3b5d8f,completed,2026-06-19 17:47:26.763833+00:00,2026-06-19 17:47:44.949489+00:00
515f1028-0cee-4aa3-8d7d-0eeb4949c276,completed,2026-06-19 17:47:26.818252+00:00,2026-06-19 17:47:45.093962+00:00
16c8cb76-b2c4-48d7-9e68-0f62fbf8c625,completed,2026-06-19 17:47:26.934571+00:00,2026-06-19 17:47:45.431873+00:00
b47903ab-5202-4e90-8bfc-b31287ff5919,completed,2026-06-19 17:47:26.990813+00:00,2026-06-19 17:47:45.585577+00:00
ccb397bf-f682-4d6d-901f-7f1e75ff3448,completed,2026-06-19 17:47:27.047147+00:00,2026-06-19 17:47:45.735265+00:00
723b4297-f7f0-4dc4-9bc5-1f14685fb3a8,completed,2026-06-19 17:47:27.103939+00:00,2026-06-19 17:47:45.888020+00:00
3468e748-7a17-4aaf-ba56-827dd6b1fa1f,completed,2026-06-19 17:47:27.162062+00:00,2026-06-19 17:47:46.038378+00:00
c58d6117-6933-4739-8f37-fa5c39f252aa,completed,2026-06-19 17:47:27.216459+00:00,2026-06-19 17:47:46.243597+00:00
f2ec8957-6bd0-47a3-9835-20d404168639,completed,2026-06-19 17:47:27.273108+00:00,2026-06-19 17:47:46.395258+00:00
561769f1-489a-46d0-a93d-68741680657a,completed,2026-06-19 17:47:27.327286+00:00,2026-06-19 17:47:46.540914+00:00
09a1c8be-6ea4-409a-b395-95ee63c5a548,completed,2026-06-19 17:47:27.498016+00:00,2026-06-19 17:47:47.013714+00:00
de2c2910-d950-45ed-9807-46c4b7efb400,completed,2026-06-19 17:47:27.549664+00:00,2026-06-19 17:47:47.166750+00:00
506760c1-8200-4149-bfd6-f9f47b8a1d8a,completed,2026-06-19 17:47:27.607850+00:00,2026-06-19 17:47:47.319031+00:00
a547f579-8308-4277-9e12-c86aabef4f42,completed,2026-06-19 17:47:27.666284+00:00,2026-06-19 17:47:47.476283+00:00
4fd38898-ae69-4241-b42f-758977f7e947,completed,2026-06-19 17:47:27.720761+00:00,2026-06-19 17:47:47.710245+00:00
db918cf4-2f12-4785-8250-8d3df985b2d2,completed,2026-06-19 17:47:27.777779+00:00,2026-06-19 17:47:47.870624+00:00
9c691cf3-b113-4a82-ab18-974b24cc196e,completed,2026-06-19 17:47:27.884244+00:00,2026-06-19 17:47:48.194007+00:00
51b8c25e-7a24-4d2c-ad0a-cd2bbcdf4e80,completed,2026-06-19 17:47:27.940667+00:00,2026-06-19 17:47:48.417772+00:00
8d60a599-d745-4270-abcb-cdd039a74e71,completed,2026-06-19 17:47:27.993402+00:00,2026-06-19 17:47:48.623993+00:00
99cbf2fd-b8fa-42a2-92f7-887d94c6d7cb,completed,2026-06-19 17:47:28.048627+00:00,2026-06-19 17:47:48.804872+00:00
161df0eb-ba9f-4c1b-a0e2-f29d5cf53f9e,completed,2026-06-19 17:47:28.108854+00:00,2026-06-19 17:47:48.970348+00:00
63ffeca8-01ae-4ea7-888d-b3c19567a170,completed,2026-06-19 17:47:28.160797+00:00,2026-06-19 17:47:49.118276+00:00
ff9f1d79-ea7f-471a-83a1-9ff248aa2f98,completed,2026-06-19 17:47:28.215171+00:00,2026-06-19 17:47:49.268814+00:00
b05e9457-62f3-4b8e-9156-269ef4cdb809,completed,2026-06-19 17:47:28.273235+00:00,2026-06-19 17:47:49.421865+00:00
3de427ab-73bd-4a0d-8fd7-5e937e7cc5e2,completed,2026-06-19 17:47:28.380888+00:00,2026-06-19 17:47:49.704630+00:00
99280985-5b01-4fc3-88ad-f0ad07d8ded7,completed,2026-06-19 17:47:28.432999+00:00,2026-06-19 17:47:49.850974+00:00
da4032c3-1b50-4800-894a-cf0d4b5cb7e4,completed,2026-06-19 17:47:28.492708+00:00,2026-06-19 17:47:50.001472+00:00
8b54dae4-fd3b-4592-8b34-e13fc06e6bde,completed,2026-06-19 17:47:28.544486+00:00,2026-06-19 17:47:50.148673+00:00
091173a0-8f0a-4b19-bbc9-3272ff18ed75,completed,2026-06-19 17:47:28.599567+00:00,2026-06-19 17:47:50.290389+00:00
1f301e4a-3d9b-48b1-89ce-f4d5ce117e5d,completed,2026-06-19 17:47:28.654695+00:00,2026-06-19 17:47:50.454897+00:00
d5afb6e5-a46b-4411-a75f-86f97a474103,completed,2026-06-19 17:47:28.707162+00:00,2026-06-19 17:47:50.605838+00:00
3bf8b976-b57b-495d-9031-9958eb1283c6,completed,2026-06-19 17:47:28.762503+00:00,2026-06-19 17:47:50.773789+00:00
3fddd050-2eb2-45fb-a481-013c2ce35f97,completed,2026-06-19 17:47:28.869575+00:00,2026-06-19 17:47:51.063951+00:00
d7d7b937-edd7-4f06-8eee-fa45fc632e16,completed,2026-06-19 17:47:28.922744+00:00,2026-06-19 17:47:51.225223+00:00
73c6a28c-610c-44c0-9e82-75114c05c014,completed,2026-06-19 17:47:28.976277+00:00,2026-06-19 17:47:51.385141+00:00
4cc4148c-8c0b-42e5-93e0-a6442d31b46a,completed,2026-06-19 17:47:29.031607+00:00,2026-06-19 17:47:51.533453+00:00
e0f0a327-7263-46b9-ab02-65281fbbb8ab,completed,2026-06-19 17:47:29.081003+00:00,2026-06-19 17:47:51.681838+00:00
3fd445c1-f1d1-4b93-9461-6cdf6cc441b9,completed,2026-06-19 17:47:29.135600+00:00,2026-06-19 17:47:51.831541+00:00
1515f8e2-1e8c-408f-886f-a1224fb13ac9,completed,2026-06-19 17:47:29.192329+00:00,2026-06-19 17:47:51.992148+00:00
cc897064-f3fe-4bef-9a4f-5b3f56c3296f,completed,2026-06-19 17:47:29.242881+00:00,2026-06-19 17:47:52.167956+00:00
e82aded5-9004-49bb-8cbe-68a060f9574d,completed,2026-06-19 17:47:29.405038+00:00,2026-06-19 17:47:52.605851+00:00
910db2f8-acfa-4631-8665-cc04b2697e01,completed,2026-06-19 17:47:29.457426+00:00,2026-06-19 17:47:52.749605+00:00
59e49cb6-2b83-4e79-a936-d750743cb577,completed,2026-06-19 17:47:29.510792+00:00,2026-06-19 17:47:52.895673+00:00
431a45d0-18aa-49a1-a91a-d7c86aec5ba6,completed,2026-06-19 17:47:29.559970+00:00,2026-06-19 17:47:53.040998+00:00
9fa90df6-82d6-49fd-93f0-f2dad91d25d1,completed,2026-06-19 17:47:29.614669+00:00,2026-06-19 17:47:53.176555+00:00
de618483-f7ae-479d-8e60-ea5f3f839f37,completed,2026-06-19 17:47:29.664996+00:00,2026-06-19 17:47:53.318971+00:00
f38cc0ec-5a7b-440c-bf78-9a89913d73e5,completed,2026-06-19 17:47:29.772339+00:00,2026-06-19 17:47:53.607341+00:00
c11ffee0-89de-4577-b758-fdd835a18fae,completed,2026-06-19 17:47:29.826483+00:00,2026-06-19 17:47:53.766788+00:00
9c40ac80-b1f7-4578-a2e9-cf64172dfae6,completed,2026-06-19 17:47:29.877763+00:00,2026-06-19 17:47:53.917966+00:00
4f7702ed-fa6f-47b7-aa02-a0909632cf8d,completed,2026-06-19 17:47:29.929927+00:00,2026-06-19 17:47:54.057303+00:00
94137d96-51cf-43e1-bd0b-5250a5248590,completed,2026-06-19 17:47:29.981632+00:00,2026-06-19 17:47:54.220219+00:00
92544ffa-725d-4d4d-a55d-5d0d92666b68,completed,2026-06-19 17:47:30.035072+00:00,2026-06-19 17:47:54.373596+00:00
5e6fadc9-7236-4c28-9199-7c5177aa2203,completed,2026-06-19 17:47:30.086137+00:00,2026-06-19 17:47:54.513344+00:00
f2158400-127f-45d7-a147-d3fa556520f7,completed,2026-06-19 17:47:30.140460+00:00,2026-06-19 17:47:54.663997+00:00
d9712250-ee29-43df-ba0f-89c7d0f7a38c,completed,2026-06-19 17:47:30.245444+00:00,2026-06-19 17:47:54.959923+00:00
b64059b0-c7f4-4c9e-856d-ccfe90b36cb4,completed,2026-06-19 17:47:30.293099+00:00,2026-06-19 17:47:55.112487+00:00
c31266e6-bbad-44d9-b4ff-da12dc82ea68,completed,2026-06-19 17:47:30.346734+00:00,2026-06-19 17:47:55.260946+00:00
b3f91df7-c8b5-4fba-9be6-de03a91de586,completed,2026-06-19 17:47:30.398327+00:00,2026-06-19 17:47:55.416871+00:00
a6656f7a-ded0-40bd-9ffc-3e6797eb87d9,completed,2026-06-19 17:47:30.451638+00:00,2026-06-19 17:47:55.592096+00:00
55f054cc-1bbd-4d8d-b028-c659e3f714f3,completed,2026-06-19 17:47:30.499625+00:00,2026-06-19 17:47:55.751062+00:00
a0f84b07-c02a-4924-8032-b1f96edb6ade,completed,2026-06-19 17:47:30.553123+00:00,2026-06-19 17:47:55.969900+00:00
f8c7c622-ca3d-4020-b0c8-72a2a1799057,completed,2026-06-19 17:47:30.604847+00:00,2026-06-19 17:47:56.136475+00:00
2500cae5-817a-42c4-95f7-fa87ff620ab4,completed,2026-06-19 17:47:30.708972+00:00,2026-06-19 17:47:56.429324+00:00
62b3261e-20ea-4408-bb04-a8f80e4ad5e8,completed,2026-06-19 17:47:30.759287+00:00,2026-06-19 17:47:56.609585+00:00
d511984f-99fd-428e-b88a-4e49a13c58d5,completed,2026-06-19 17:47:30.809580+00:00,2026-06-19 17:47:56.769341+00:00
8cece4c5-13c2-490f-979f-0bc327e20645,completed,2026-06-19 17:47:30.862303+00:00,2026-06-19 17:47:56.920863+00:00
5fc4bffd-ef95-4222-a055-179dd25e10a9,completed,2026-06-19 17:47:30.910015+00:00,2026-06-19 17:47:57.070926+00:00
52011b64-639c-42b9-823f-740d338c822b,completed,2026-06-19 17:47:30.965069+00:00,2026-06-19 17:47:57.223242+00:00
afbfdc32-5281-4bb2-a754-335b0b8f8cbe,completed,2026-06-19 17:47:31.014510+00:00,2026-06-19 17:47:57.382969+00:00
20bbeed6-36e7-4f1b-a109-1ef107d1da8a,completed,2026-06-19 17:47:31.066684+00:00,2026-06-19 17:47:57.540794+00:00
19e71490-7338-42e6-8422-9b85959b17da,completed,2026-06-19 17:48:13.576975+00:00,2026-06-19 17:48:43.545516+00:00
2af1243b-ca33-4bfb-a7e3-4e947c9b2a7c,failed,2026-06-19 17:47:32.806659+00:00,2026-06-19 17:48:02.876949+00:00
e94247ad-1a29-4a16-8578-3e8838d0cee8,completed,2026-06-19 17:47:31.218349+00:00,2026-06-19 17:47:58.019707+00:00
d23d68e4-54d2-4203-aebf-4aaf5cd9d049,completed,2026-06-19 17:47:31.268596+00:00,2026-06-19 17:47:58.161933+00:00
14eb4225-7b1b-4971-943a-f0056f8d7bb4,completed,2026-06-19 17:47:31.319778+00:00,2026-06-19 17:47:58.317541+00:00
2ddea5cb-9ad9-4850-b1fd-9d7c119e34c7,completed,2026-06-19 17:47:31.368860+00:00,2026-06-19 17:47:58.460843+00:00
49c0451e-ab5f-411c-961e-36c0bd784ea5,completed,2026-06-19 17:47:31.419252+00:00,2026-06-19 17:47:58.613299+00:00
b7709767-0f3c-4616-a504-ff5451a75352,completed,2026-06-19 17:47:31.470937+00:00,2026-06-19 17:47:58.753646+00:00
d3503efa-6fdc-4659-a96c-8f2cc2ee424d,completed,2026-06-19 17:47:31.570816+00:00,2026-06-19 17:47:59.051107+00:00
eec5b3ed-2fa6-4a9c-bbfd-5f2f6e996c4f,completed,2026-06-19 17:47:31.618987+00:00,2026-06-19 17:47:59.202696+00:00
a3f89ea4-0348-4c53-b077-bf7f6d72f59d,completed,2026-06-19 17:47:31.672182+00:00,2026-06-19 17:47:59.355670+00:00
c38f65aa-b907-4f02-8a02-b441bcb56096,completed,2026-06-19 17:47:31.721674+00:00,2026-06-19 17:47:59.509823+00:00
b5c42f3b-64f3-4922-ab4c-a6077196b7c6,completed,2026-06-19 17:47:31.772706+00:00,2026-06-19 17:47:59.668825+00:00
03d6b694-c8fe-4458-a6c7-a5311c64857c,completed,2026-06-19 17:47:31.818272+00:00,2026-06-19 17:47:59.822341+00:00
316df786-7aef-49bb-8efc-b8979d807fb2,completed,2026-06-19 17:47:31.870703+00:00,2026-06-19 17:47:59.988293+00:00
98824193-6f2f-4501-beb8-2a63f7a24532,completed,2026-06-19 17:47:31.918645+00:00,2026-06-19 17:48:00.127590+00:00
580e3f10-ceb5-4ea9-a36c-7073cc104c0b,completed,2026-06-19 17:47:32.020099+00:00,2026-06-19 17:48:00.430069+00:00
57d7aeed-2731-4868-b81b-a6172048e9de,completed,2026-06-19 17:47:32.070636+00:00,2026-06-19 17:48:00.585988+00:00
bfaab2e0-c884-4e3b-95c5-67e1e94fd15e,completed,2026-06-19 17:47:32.119369+00:00,2026-06-19 17:48:00.743568+00:00
95209252-6dc5-4492-8b32-bd689a6f4137,completed,2026-06-19 17:47:32.171303+00:00,2026-06-19 17:48:00.911085+00:00
475a6bb7-1fa3-4e3d-bd2f-bd93c3998a60,completed,2026-06-19 17:47:32.217446+00:00,2026-06-19 17:48:01.083843+00:00
002254bd-fb28-47ff-b103-f1ec686b9829,completed,2026-06-19 17:47:32.266978+00:00,2026-06-19 17:48:01.232703+00:00
2b205a8e-d594-42d9-8179-6bfd17faff99,completed,2026-06-19 17:47:32.313578+00:00,2026-06-19 17:48:01.418802+00:00
aac7d325-4854-43d5-b582-1473fb730610,completed,2026-06-19 17:47:32.364706+00:00,2026-06-19 17:48:01.579816+00:00
35471cbc-43a1-4981-8f2b-81d1b9022ecc,completed,2026-06-19 17:47:32.463184+00:00,2026-06-19 17:48:01.926080+00:00
91aff290-0acf-4d86-bd67-511b0d3cbbd7,completed,2026-06-19 17:47:32.510336+00:00,2026-06-19 17:48:02.076501+00:00
02c9a63e-a6c0-46cf-9a47-5dade8fd0c81,completed,2026-06-19 17:47:32.563015+00:00,2026-06-19 17:48:02.228223+00:00
5889d3a9-7611-48ff-a3fa-f3393eb125ba,completed,2026-06-19 17:47:32.613763+00:00,2026-06-19 17:48:02.381043+00:00
b3b792d0-4fc9-4d18-87f5-b237f6e87626,completed,2026-06-19 17:47:32.663603+00:00,2026-06-19 17:48:02.535337+00:00
a2945359-2d89-49ea-86b6-d2640ecda753,completed,2026-06-19 17:47:32.708254+00:00,2026-06-19 17:48:02.712634+00:00
9ae30a96-f42f-4809-a80a-5c13b23a1e2e,completed,2026-06-19 17:47:32.755053+00:00,2026-06-19 17:48:02.872442+00:00
22dc06d9-8252-47b9-9181-3fd4d887c128,failed,2026-06-19 17:47:32.952115+00:00,2026-06-19 17:48:03.045065+00:00
697f18de-9cfc-4075-ab10-3528cd2ce150,failed,2026-06-19 17:47:33.004589+00:00,2026-06-19 17:48:03.048455+00:00
3976b879-a49e-4e97-ba01-d53874b8d03e,failed,2026-06-19 17:47:33.049242+00:00,2026-06-19 17:48:03.053863+00:00
274fbc85-92df-493a-9cbd-d5bd13dba9fc,failed,2026-06-19 17:47:33.144344+00:00,2026-06-19 17:48:03.204016+00:00
9c359f74-be67-444d-818c-7fdb8ed27032,completed,2026-06-19 17:47:33.095514+00:00,2026-06-19 17:48:03.200588+00:00
b97cb21a-220c-4d6b-b1a9-f35142928668,failed,2026-06-19 17:47:33.193154+00:00,2026-06-19 17:48:03.208792+00:00
2783c925-62e4-4470-9d61-13ca5de98c57,failed,2026-06-19 17:47:33.287072+00:00,2026-06-19 17:48:03.376185+00:00
69c355f5-62c0-4414-a5f9-8b660ad6b916,failed,2026-06-19 17:47:33.338495+00:00,2026-06-19 17:48:03.381234+00:00
c3ee1918-622d-4837-9748-f2e164837f46,failed,2026-06-19 17:47:33.433730+00:00,2026-06-19 17:48:03.545837+00:00
60aa4cb2-2cea-42e8-868f-fd6b02b625a6,completed,2026-06-19 17:47:33.386709+00:00,2026-06-19 17:48:03.541953+00:00
287c3bbd-dfa5-47bd-93db-8e1218aa9978,failed,2026-06-19 17:47:33.483269+00:00,2026-06-19 17:48:03.549265+00:00
0e627002-2bc7-4775-a679-7d3ec97c2520,failed,2026-06-19 17:47:33.530874+00:00,2026-06-19 17:48:03.552686+00:00
1fc728a3-47fc-42f1-838c-88f780e542ee,failed,2026-06-19 17:47:33.627637+00:00,2026-06-19 17:48:03.705607+00:00
2ec81049-f8f3-424f-994b-6a5f0631497c,completed,2026-06-19 17:47:33.578233+00:00,2026-06-19 17:48:03.702085+00:00
bf8c0ccf-3671-41fa-a734-469c8fe2ebbc,failed,2026-06-19 17:47:33.769232+00:00,2026-06-19 17:48:03.874237+00:00
afa72922-8f79-417a-9124-a294b6de4285,completed,2026-06-19 17:47:33.720974+00:00,2026-06-19 17:48:03.869699+00:00
66e61715-03f3-445e-a71f-71472a5d8aea,failed,2026-06-19 17:47:33.814152+00:00,2026-06-19 17:48:03.878282+00:00
26c5036e-1e00-4575-b1cc-a9f82872112e,failed,2026-06-19 17:47:33.861314+00:00,2026-06-19 17:48:03.881845+00:00
52795c25-af48-4d2e-be70-6ab4066fafa0,failed,2026-06-19 17:47:33.957115+00:00,2026-06-19 17:48:04.047128+00:00
d3e5a171-7681-48e4-b442-52d497d19037,completed,2026-06-19 17:47:33.910098+00:00,2026-06-19 17:48:04.043995+00:00
2566505b-b0ed-4dc1-9905-55f8b60d28ce,failed,2026-06-19 17:47:34.004690+00:00,2026-06-19 17:48:04.050672+00:00
f7e43b5f-1aa8-4c8a-bcc3-2d343d8214a5,failed,2026-06-19 17:47:34.050842+00:00,2026-06-19 17:48:04.055077+00:00
18fb06b5-262e-4341-ad07-8d89feaf77a5,failed,2026-06-19 17:47:34.147810+00:00,2026-06-19 17:48:04.219470+00:00
280c1009-79f5-46fd-a357-7a6b11401051,failed,2026-06-19 17:47:34.193701+00:00,2026-06-19 17:48:04.222608+00:00
cfeac81e-0b33-4480-bcda-acff4ea73b73,failed,2026-06-19 17:47:34.288120+00:00,2026-06-19 17:48:04.381070+00:00
21d8ef7e-ff7c-4ab6-a44b-f1a50cb2d6b3,completed,2026-06-19 17:47:34.242779+00:00,2026-06-19 17:48:04.375600+00:00
ce373e3c-e920-4fd0-945a-c818581dc421,failed,2026-06-19 17:47:34.333104+00:00,2026-06-19 17:48:04.384735+00:00
330e4507-225c-4faf-b08f-7166c59d269d,failed,2026-06-19 17:47:34.380020+00:00,2026-06-19 17:48:04.388880+00:00
a2cc94ec-c453-4fb4-a665-8e90ac856853,failed,2026-06-19 17:47:34.473634+00:00,2026-06-19 17:48:04.566972+00:00
8d7aadb0-c169-47c9-a18c-7cbd04a2071c,completed,2026-06-19 17:47:34.428181+00:00,2026-06-19 17:48:04.563329+00:00
600347ca-4128-4886-bfb0-57a6f0ce5ef4,failed,2026-06-19 17:47:34.661866+00:00,2026-06-19 17:48:04.731632+00:00
2b3bc894-09a0-49be-87c8-50c8594fbe51,completed,2026-06-19 17:47:34.616883+00:00,2026-06-19 17:48:04.727930+00:00
ac79948d-ea2d-4a71-9df8-f64d0da11e2e,failed,2026-06-19 17:47:34.709629+00:00,2026-06-19 17:48:04.735159+00:00
cd722cf1-85b3-4bf3-b7a5-1f9160fefdca,failed,2026-06-19 17:47:34.800433+00:00,2026-06-19 17:48:04.894607+00:00
8ac43a51-64d4-47ec-8035-c7ca49a93d83,completed,2026-06-19 17:47:34.754937+00:00,2026-06-19 17:48:04.890721+00:00
8257a932-4a59-46fc-a5b7-13a416bc26e9,failed,2026-06-19 17:47:34.848150+00:00,2026-06-19 17:48:04.898387+00:00
b0337b8e-ad3c-479b-b2b0-8ec9f2a213b5,failed,2026-06-19 17:47:34.986657+00:00,2026-06-19 17:48:05.061649+00:00
4b84beba-fd56-45b3-b740-b4f99b962b97,completed,2026-06-19 17:47:34.940190+00:00,2026-06-19 17:48:05.057687+00:00
86205950-4502-485c-978a-5c3a7d1a33be,failed,2026-06-19 17:47:35.034404+00:00,2026-06-19 17:48:05.064623+00:00
5805f6ea-ae8b-459b-bb8b-c99712c70413,failed,2026-06-19 17:47:35.127149+00:00,2026-06-19 17:48:05.221236+00:00
694ce1a0-8173-4a1c-aaae-8b12a8ab2761,completed,2026-06-19 17:47:35.080032+00:00,2026-06-19 17:48:05.217086+00:00
092401db-8ffa-4aff-9369-1b1124ab05f9,failed,2026-06-19 17:47:35.172307+00:00,2026-06-19 17:48:05.224224+00:00
d2288466-1c49-4145-8e86-4d10987efa07,failed,2026-06-19 17:47:35.219117+00:00,2026-06-19 17:48:05.227467+00:00
59f457b7-0df3-4bd2-ab31-c07d997fab5e,failed,2026-06-19 17:47:35.357615+00:00,2026-06-19 17:48:05.389244+00:00
cb50b62d-32ed-414f-9bc3-1da014143a4c,completed,2026-06-19 17:47:35.264924+00:00,2026-06-19 17:48:05.381217+00:00
952fe3ee-5842-4dd2-b3dd-b3d7e1a6c490,failed,2026-06-19 17:47:35.449357+00:00,2026-06-19 17:48:05.553399+00:00
c7b6a5dd-9350-436b-873e-680d075eb6e5,completed,2026-06-19 17:47:35.401953+00:00,2026-06-19 17:48:05.549067+00:00
17fb0a56-8b07-4278-bbda-5d7cd0e96384,failed,2026-06-19 17:47:35.492884+00:00,2026-06-19 17:48:05.558906+00:00
ec7b2fda-90a7-47c0-b275-effdadc11474,failed,2026-06-19 17:47:35.539363+00:00,2026-06-19 17:48:05.563172+00:00
63e2241e-3437-486d-bfad-ac9ad21c4f9e,failed,2026-06-19 17:47:35.631008+00:00,2026-06-19 17:48:05.708241+00:00
2a6a20f6-854f-4d6a-92b5-7c5c9836c3fa,completed,2026-06-19 17:47:35.584346+00:00,2026-06-19 17:48:05.703533+00:00
bcbb32f4-467c-478f-a40e-f1d390c95192,failed,2026-06-19 17:47:35.676405+00:00,2026-06-19 17:48:05.711306+00:00
6d11714a-d7f1-46b0-874d-2bff03c758d8,failed,2026-06-19 17:47:35.762553+00:00,2026-06-19 17:48:05.869557+00:00
67a15634-0a96-4f5b-b1aa-80b9e5bb7612,failed,2026-06-19 17:47:35.812920+00:00,2026-06-19 17:48:05.874118+00:00
950b49a6-eb07-45db-83f7-0f97f4c0d2d2,failed,2026-06-19 17:47:35.855940+00:00,2026-06-19 17:48:05.878051+00:00
e883d85e-bb1b-44d6-8b17-4bb166188e12,failed,2026-06-19 17:47:35.946030+00:00,2026-06-19 17:48:06.061065+00:00
582a1ac7-8248-4da2-8fc2-e58949174f71,completed,2026-06-19 17:47:35.902642+00:00,2026-06-19 17:48:06.057092+00:00
57778de0-c0c6-4cfe-9167-429c2c2a3181,failed,2026-06-19 17:47:35.993544+00:00,2026-06-19 17:48:06.065101+00:00
a3fe9e2f-26cd-4cdd-a94c-dab230a39342,failed,2026-06-19 17:47:36.038674+00:00,2026-06-19 17:48:06.070246+00:00
dde4fdc6-d91d-44f8-9b2b-8e60dca1a2fd,completed,2026-06-19 17:47:36.081295+00:00,2026-06-19 17:48:06.208527+00:00
cf6f2eea-1983-406d-9393-40890b3ee03b,failed,2026-06-19 17:47:36.262957+00:00,2026-06-19 17:48:06.382076+00:00
b4387547-5743-4867-8891-7ce225230d81,completed,2026-06-19 17:47:36.219313+00:00,2026-06-19 17:48:06.377568+00:00
a490c117-99cf-4d7a-aff3-540e4db7dd0c,failed,2026-06-19 17:47:36.307803+00:00,2026-06-19 17:48:06.385836+00:00
24378a5c-b121-4c98-bbe1-2266c94c2b14,failed,2026-06-19 17:47:36.351435+00:00,2026-06-19 17:48:06.389226+00:00
93a2992b-9657-4c43-8d49-892521702906,failed,2026-06-19 17:47:36.442099+00:00,2026-06-19 17:48:06.559299+00:00
b4ea9dae-776c-4b1c-beb4-0cace9f9daa3,completed,2026-06-19 17:47:36.395325+00:00,2026-06-19 17:48:06.552524+00:00
83375ed7-aa67-414b-aa6f-13beea6a1e61,failed,2026-06-19 17:47:36.531012+00:00,2026-06-19 17:48:06.566679+00:00
e5c373d3-9b59-4cd6-b62b-6ff07a690787,failed,2026-06-19 17:47:36.618600+00:00,2026-06-19 17:48:06.737527+00:00
0234babe-8b9e-4af0-b4d3-634d7969d0d0,completed,2026-06-19 17:47:36.576639+00:00,2026-06-19 17:48:06.733794+00:00
c7d02788-3284-40c6-b8d5-52274a96976d,failed,2026-06-19 17:47:36.665309+00:00,2026-06-19 17:48:06.742416+00:00
a1c297e4-391b-4c7a-9c96-fb3aebc653a5,failed,2026-06-19 17:47:36.711947+00:00,2026-06-19 17:48:06.746028+00:00
30e77a6f-abc1-4234-bcdb-39c4f08fe1b7,failed,2026-06-19 17:47:36.798564+00:00,2026-06-19 17:48:06.902879+00:00
89ad1665-90f7-4af8-b850-f09f42bd0185,completed,2026-06-19 17:47:36.751610+00:00,2026-06-19 17:48:06.897286+00:00
2b716b05-d385-4c15-a249-3aee3f1c8a75,failed,2026-06-19 17:47:36.842621+00:00,2026-06-19 17:48:06.907471+00:00
aeea895b-53ee-4000-b0d8-eed2b5f5f882,failed,2026-06-19 17:47:36.974755+00:00,2026-06-19 17:48:07.062989+00:00
f57f2bbc-f6bc-4c4b-8f2a-4401cbe61a0f,completed,2026-06-19 17:47:36.930950+00:00,2026-06-19 17:48:07.057645+00:00
524dfbaf-ef21-45d7-8694-5013b20f6004,failed,2026-06-19 17:47:37.019963+00:00,2026-06-19 17:48:07.068601+00:00
6a70e6fb-14d5-4f12-ae58-c84750823a9b,failed,2026-06-19 17:47:37.064164+00:00,2026-06-19 17:48:07.072248+00:00
836939e0-587a-40df-a04f-579881f2f06c,failed,2026-06-19 17:47:37.153825+00:00,2026-06-19 17:48:07.232558+00:00
550ead88-5af6-4263-8319-f149ad5bc6ff,completed,2026-06-19 17:47:37.107003+00:00,2026-06-19 17:48:07.228632+00:00
e6f8c1d5-0b9d-4a23-a960-71a75fe8a662,failed,2026-06-19 17:47:37.196718+00:00,2026-06-19 17:48:07.235823+00:00
3f8fa2a2-6d93-43b9-93c1-640d1bca2b07,failed,2026-06-19 17:47:37.328169+00:00,2026-06-19 17:48:07.388688+00:00
a644456e-eb79-46e7-934b-67053b92185a,completed,2026-06-19 17:47:37.239112+00:00,2026-06-19 17:48:07.382064+00:00
ce488785-c99a-47e9-81e0-31ce209c24c1,failed,2026-06-19 17:47:37.372403+00:00,2026-06-19 17:48:07.392084+00:00
9e46e4a7-4f4f-48c8-b3f7-72fe2d9e3ef2,failed,2026-06-19 17:47:37.460387+00:00,2026-06-19 17:48:07.547050+00:00
86177fac-cb1e-4f8b-8568-eb6156acdc0e,completed,2026-06-19 17:47:37.416261+00:00,2026-06-19 17:48:07.543032+00:00
2678de6c-9ce2-4953-a362-d3c8e0a84603,failed,2026-06-19 17:47:37.502473+00:00,2026-06-19 17:48:07.550260+00:00
3ab2591d-f119-442a-94e2-dfa4dc3950fa,failed,2026-06-19 17:47:37.549241+00:00,2026-06-19 17:48:07.554310+00:00
c3d5adec-607f-438c-998e-b64a47cc4802,failed,2026-06-19 17:47:37.634880+00:00,2026-06-19 17:48:07.702503+00:00
97922532-669c-462f-be6d-8bd76ea40810,completed,2026-06-19 17:47:37.587814+00:00,2026-06-19 17:48:07.698793+00:00
5ad78833-bc97-45d7-9086-3eae91f15260,failed,2026-06-19 17:47:37.763998+00:00,2026-06-19 17:48:07.852377+00:00
ce9d3971-5300-4ea7-a0bf-d0db33aa993d,failed,2026-06-19 17:47:37.808072+00:00,2026-06-19 17:48:07.855382+00:00
f39aaa11-fb0f-4ed9-ac02-22fc11165345,failed,2026-06-19 17:47:37.851897+00:00,2026-06-19 17:48:07.861663+00:00
9412bf78-ff70-4ca9-9c0e-a6b2d6d274fe,failed,2026-06-19 17:47:37.937526+00:00,2026-06-19 17:48:08.023377+00:00
4411be12-428b-49ea-bf48-6a8bd7b22ee7,completed,2026-06-19 17:47:37.895302+00:00,2026-06-19 17:48:08.019671+00:00
8e509de9-7175-48ea-83dc-0835f7b5b7ab,failed,2026-06-19 17:47:37.988290+00:00,2026-06-19 17:48:08.027207+00:00
7293bae4-1822-452d-b46d-baf01ff46238,failed,2026-06-19 17:47:38.109714+00:00,2026-06-19 17:48:08.180195+00:00
815c8234-593a-49bc-bedb-de16fc62e58b,completed,2026-06-19 17:47:38.067347+00:00,2026-06-19 17:48:08.176687+00:00
d4d88301-04de-45e1-9dd2-8ce6f911e0f3,failed,2026-06-19 17:47:38.153947+00:00,2026-06-19 17:48:08.183521+00:00
349ebccd-666f-4f1d-9786-9d0534faf9ce,failed,2026-06-19 17:47:38.241446+00:00,2026-06-19 17:48:08.345461+00:00
cd40c63a-2ad0-4b49-99fb-5c5fac6737c4,completed,2026-06-19 17:47:38.198159+00:00,2026-06-19 17:48:08.341418+00:00
618d71d6-1946-4ad5-9b8f-d29275b2227c,failed,2026-06-19 17:47:38.284228+00:00,2026-06-19 17:48:08.348657+00:00
7b8c1e91-98f4-4c9d-9f4f-2a6bf145aaf9,failed,2026-06-19 17:47:38.329838+00:00,2026-06-19 17:48:08.351917+00:00
a4d8462b-ae75-4950-940d-e99096f9c39f,failed,2026-06-19 17:47:38.452307+00:00,2026-06-19 17:48:08.735203+00:00
79f06e36-0e09-4e92-a507-3f73f872dc3f,completed,2026-06-19 17:47:38.366538+00:00,2026-06-19 17:48:08.728199+00:00
9a1bc3d2-cc6d-4a8e-9ec3-3678bf810f14,failed,2026-06-19 17:47:38.498340+00:00,2026-06-19 17:48:08.738625+00:00
c4303903-037b-4f85-a52d-d35622c4dddc,failed,2026-06-19 17:47:38.540328+00:00,2026-06-19 17:48:08.742762+00:00
882701aa-1ed1-4eac-aeb4-7d0743e8ba81,failed,2026-06-19 17:47:38.583388+00:00,2026-06-19 17:48:08.746894+00:00
1be56115-7eb5-45e7-af76-5102952142e0,failed,2026-06-19 17:47:38.626266+00:00,2026-06-19 17:48:08.750671+00:00
17856c3d-0c25-4210-9425-22f0068fa600,failed,2026-06-19 17:47:38.668291+00:00,2026-06-19 17:48:08.754514+00:00
c171f855-c5ae-423c-b942-b90bf6dac9d4,failed,2026-06-19 17:47:38.710457+00:00,2026-06-19 17:48:08.757894+00:00
9f8209ef-4d0a-4615-a090-135a62945f5a,failed,2026-06-19 17:47:38.750664+00:00,2026-06-19 17:48:08.761347+00:00
8d591670-3975-40c6-8e2e-da94e11741f8,failed,2026-06-19 17:47:38.837135+00:00,2026-06-19 17:48:08.936190+00:00
085bd1f8-4a91-4605-8527-7cf6999026c0,failed,2026-06-19 17:47:38.880698+00:00,2026-06-19 17:48:08.941852+00:00
dc02dbe7-bf58-4e11-8759-35f2e9164413,failed,2026-06-19 17:47:38.923131+00:00,2026-06-19 17:48:08.945022+00:00
9e2050d5-27b7-4194-9479-c74ba93cef6c,failed,2026-06-19 17:47:39.007373+00:00,2026-06-19 17:48:09.129878+00:00
f16dbb2d-399a-4542-a3d8-4aadc8d6cdef,completed,2026-06-19 17:47:38.962494+00:00,2026-06-19 17:48:09.123947+00:00
e8798f30-f768-40e6-9a65-1afe98df14c1,failed,2026-06-19 17:47:39.048273+00:00,2026-06-19 17:48:09.134033+00:00
cc236369-7e18-40e7-8983-b835e542a58b,failed,2026-06-19 17:47:39.090249+00:00,2026-06-19 17:48:09.138971+00:00
3c93a37f-4bda-462c-8764-d70e3df55e52,failed,2026-06-19 17:47:39.133817+00:00,2026-06-19 17:48:09.143363+00:00
fcb0abb3-5964-4e12-99d3-c6223c9cbd2f,completed,2026-06-19 17:47:25.368130+00:00,2026-06-19 17:47:41.291183+00:00
4fe8ac5a-d90c-487c-a18b-d99c239ba9c8,completed,2026-06-19 17:47:25.425818+00:00,2026-06-19 17:47:41.444122+00:00
029779b4-91fa-4851-baec-50bd875dcc57,completed,2026-06-19 17:47:25.837932+00:00,2026-06-19 17:47:42.459483+00:00
50ed642f-ec2d-42d0-a9b3-bfc5b4244141,failed,2026-06-19 17:47:39.218143+00:00,2026-06-19 17:48:09.304973+00:00
ccf0e92b-f6b2-400a-bec6-8644a29852be,failed,2026-06-19 17:47:39.259968+00:00,2026-06-19 17:48:09.308094+00:00
d9722b08-15d8-4d73-979c-6817f48fdf68,failed,2026-06-19 17:47:39.302639+00:00,2026-06-19 17:48:09.312741+00:00
cd66dbf2-336b-4eca-89b5-efe39d6ccf3d,failed,2026-06-19 17:47:39.430531+00:00,2026-06-19 17:48:09.477293+00:00
0a51d41e-7c02-40fa-8d5f-f4b2cec1af69,completed,2026-06-19 17:47:39.342755+00:00,2026-06-19 17:48:09.469358+00:00
aea38c33-ee33-4136-a2b6-8f2ebf8ed872,failed,2026-06-19 17:47:39.468874+00:00,2026-06-19 17:48:09.480355+00:00
4769f868-8829-451b-9242-3a1880147d6b,failed,2026-06-19 17:47:39.552431+00:00,2026-06-19 17:48:09.640055+00:00
a46d17aa-2bb3-4476-a9c2-6081ca075527,completed,2026-06-19 17:47:39.511161+00:00,2026-06-19 17:48:09.636376+00:00
e94e68c4-84e3-4323-9fc8-b667d984d763,failed,2026-06-19 17:47:40.134413+00:00,2026-06-19 17:48:10.138245+00:00
688d10ef-32d5-4453-9734-8a01e76de088,completed,2026-06-19 17:47:39.681738+00:00,2026-06-19 17:48:09.802395+00:00
97daa5e2-d1e4-469d-b6fe-a735e49ec37e,completed,2026-06-19 17:47:39.846038+00:00,2026-06-19 17:48:09.959502+00:00
2880210a-fe15-4c13-982c-30376499cd68,completed,2026-06-19 17:47:39.970165+00:00,2026-06-19 17:48:10.133975+00:00
ed0f584d-1398-49ba-b647-08812ef51034,failed,2026-06-19 17:47:41.759629+00:00,2026-06-19 17:48:11.769044+00:00
042e156e-5a05-4911-a816-058487a9dc74,completed,2026-06-19 17:47:40.423210+00:00,2026-06-19 17:48:10.480082+00:00
f6332fd8-9dcf-4d17-8750-f4a656bcacd3,completed,2026-06-19 17:47:40.547040+00:00,2026-06-19 17:48:10.632381+00:00
464554a1-9341-4c81-a65f-24f5a0e93d97,completed,2026-06-19 17:47:40.708943+00:00,2026-06-19 17:48:10.786101+00:00
bf27906c-b9f1-4b87-9cc0-06992dba4019,completed,2026-06-19 17:47:40.874589+00:00,2026-06-19 17:48:10.946432+00:00
ec507303-82d9-4496-9243-dc92e20379b8,completed,2026-06-19 17:47:40.994191+00:00,2026-06-19 17:48:11.113215+00:00
02d56a31-90eb-441d-aa05-0d8b24bc7683,completed,2026-06-19 17:47:41.159627+00:00,2026-06-19 17:48:11.260749+00:00
c48b922c-0f92-4763-91cd-743d01f5eb8a,completed,2026-06-19 17:47:41.320802+00:00,2026-06-19 17:48:11.422524+00:00
e20f597c-a7b6-4e66-95ee-883442a425f8,completed,2026-06-19 17:47:41.479883+00:00,2026-06-19 17:48:11.570021+00:00
15abc24a-d7be-4344-871c-9e157aef23fa,failed,2026-06-19 17:47:42.749577+00:00,2026-06-19 17:48:12.755986+00:00
79d3860a-12c1-4c4c-a459-b5e6940e4e44,completed,2026-06-19 17:47:41.918552+00:00,2026-06-19 17:48:11.918553+00:00
fc278f55-9c98-4d3c-b452-5c7c39d21858,completed,2026-06-19 17:47:42.039012+00:00,2026-06-19 17:48:12.074275+00:00
3b4f6d0b-2ce6-4971-a26f-49570d8b9bc7,completed,2026-06-19 17:47:42.200681+00:00,2026-06-19 17:48:12.259851+00:00
7df9bcce-35c2-47d4-9416-4315c0424bef,completed,2026-06-19 17:47:42.358090+00:00,2026-06-19 17:48:12.425601+00:00
1625d517-1424-4f43-993e-f0f03a66cc7c,completed,2026-06-19 17:47:42.473212+00:00,2026-06-19 17:48:12.590179+00:00
b51bc3d6-fe0d-4f55-bcda-7418558c0f26,completed,2026-06-19 17:47:42.631861+00:00,2026-06-19 17:48:12.751718+00:00
f96a73bb-c98f-48ac-813f-4243d9c85f79,completed,2026-06-19 17:48:14.997473+00:00,2026-06-19 17:48:44.916678+00:00
765db3c0-88a1-4f0b-973a-b2890736bfef,completed,2026-06-19 17:47:43.101455+00:00,2026-06-19 17:48:13.087568+00:00
2c51e8ca-58e3-43af-82f2-c6d9ed3c9dae,completed,2026-06-19 17:47:43.262096+00:00,2026-06-19 17:48:13.234303+00:00
3bd5bde2-6c1d-41bb-92f1-d036a5b98410,completed,2026-06-19 17:47:43.413120+00:00,2026-06-19 17:48:13.383516+00:00
10fac063-07e4-4644-a2c5-41e836ea9929,completed,2026-06-19 17:47:43.567923+00:00,2026-06-19 17:48:13.561190+00:00
f578bc76-1c20-4e0e-9983-35716d963679,completed,2026-06-19 17:47:43.721140+00:00,2026-06-19 17:48:13.715585+00:00
c0ad77b1-bd0e-4471-8263-aaadd0b8312d,completed,2026-06-19 17:47:43.874747+00:00,2026-06-19 17:48:13.880267+00:00
0a9ec9ef-1c70-46c8-a1da-1231bc69146f,completed,2026-06-19 17:47:44.184276+00:00,2026-06-19 17:48:14.189443+00:00
9008ca97-4e70-45b1-b96f-27ef7731e0d6,completed,2026-06-19 17:47:44.336430+00:00,2026-06-19 17:48:14.342417+00:00
7c12d661-fae3-41db-8dba-e03a4f5ca194,completed,2026-06-19 17:47:44.448799+00:00,2026-06-19 17:48:14.498038+00:00
079411e1-5212-4125-90d5-fa7393b9896d,completed,2026-06-19 17:47:44.673265+00:00,2026-06-19 17:48:14.664228+00:00
ed79cd6e-96be-4700-b08f-968d88feb6c5,completed,2026-06-19 17:47:44.826524+00:00,2026-06-19 17:48:14.831206+00:00
ac983466-a1f5-431f-899e-740c3a5930e5,completed,2026-06-19 17:47:44.978324+00:00,2026-06-19 17:48:14.989952+00:00
1291e3b6-3ff0-4994-8452-242998ea1ba6,completed,2026-06-19 17:47:45.127349+00:00,2026-06-19 17:48:15.142985+00:00
471b2fe4-66bc-48cc-8f61-cc1784464065,completed,2026-06-19 17:47:45.314587+00:00,2026-06-19 17:48:15.283064+00:00
4d355ec3-7aeb-4673-9f39-02a241a26503,completed,2026-06-19 17:47:45.610998+00:00,2026-06-19 17:48:15.603148+00:00
bb39e051-cad6-48d7-adce-a39b1e0309e7,completed,2026-06-19 17:47:45.759997+00:00,2026-06-19 17:48:15.756737+00:00
bebb5213-0c57-4489-bc10-35243cc1baef,completed,2026-06-19 17:47:45.905180+00:00,2026-06-19 17:48:15.913146+00:00
5036122a-670e-40b0-b48e-3f62252c64d2,completed,2026-06-19 17:47:46.056442+00:00,2026-06-19 17:48:16.073376+00:00
614fe2dd-24cf-489b-acb5-c3567dae7151,completed,2026-06-19 17:47:46.276643+00:00,2026-06-19 17:48:16.235484+00:00
a406cf40-41b6-47ed-bd1f-fe0e270a65fd,completed,2026-06-19 17:47:46.422778+00:00,2026-06-19 17:48:16.390532+00:00
264d9e67-89be-47bc-af0d-7700e46b9bd6,completed,2026-06-19 17:47:46.569793+00:00,2026-06-19 17:48:16.544561+00:00
9ad80797-b134-4105-bf88-54898b34d1f5,completed,2026-06-19 17:47:46.714967+00:00,2026-06-19 17:48:16.700175+00:00
22a83203-94b7-4935-84a2-fdfa73bb793d,completed,2026-06-19 17:47:47.039062+00:00,2026-06-19 17:48:16.998775+00:00
23fa5a77-4763-4d5e-a97a-ebf38f564fe7,completed,2026-06-19 17:47:47.184395+00:00,2026-06-19 17:48:17.149534+00:00
d5c50936-5a44-4cd8-9ab7-f32e8ce174db,completed,2026-06-19 17:47:47.330787+00:00,2026-06-19 17:48:17.317152+00:00
86a90b89-3231-4948-a36b-2c3a0c7c9393,completed,2026-06-19 17:47:47.509933+00:00,2026-06-19 17:48:17.470181+00:00
7c43ddc4-5d17-4a01-a0b3-eee03f1f8b3d,completed,2026-06-19 17:47:47.722042+00:00,2026-06-19 17:48:17.616174+00:00
30ffcb3c-b2f2-4894-b123-8229434b71b1,completed,2026-06-19 17:47:47.899948+00:00,2026-06-19 17:48:17.777320+00:00
6717cb07-3c59-4794-b4c4-6da49a2c0ca4,completed,2026-06-19 17:47:48.043930+00:00,2026-06-19 17:48:17.934213+00:00
6a280dd6-7d81-4424-b219-2931abddf73b,completed,2026-06-19 17:47:48.221367+00:00,2026-06-19 17:48:18.087754+00:00
3d258dcd-3a3e-455a-8929-d09956b1d042,completed,2026-06-19 17:47:26.363649+00:00,2026-06-19 17:47:43.841302+00:00
e4cbb76c-896e-4a73-bdcb-4c0f992e52bc,completed,2026-06-19 17:47:26.876898+00:00,2026-06-19 17:47:45.283747+00:00
acc07fab-2b50-4f4d-901d-49d1d31ae4e5,completed,2026-06-19 17:47:27.385154+00:00,2026-06-19 17:47:46.704760+00:00
33471c0e-61a0-4102-b7f4-4fa765bd7e16,completed,2026-06-19 17:47:27.442348+00:00,2026-06-19 17:47:46.869988+00:00
f5082daf-d9fa-4241-8745-8793f9867044,completed,2026-06-19 17:47:27.831421+00:00,2026-06-19 17:47:48.023600+00:00
c75bee69-eeb3-48b9-8332-1454766d6cbc,completed,2026-06-19 17:47:28.325555+00:00,2026-06-19 17:47:49.560326+00:00
e4cb348c-6e9a-47d0-8777-75f35b722d2d,completed,2026-06-19 17:47:28.816185+00:00,2026-06-19 17:47:50.916757+00:00
ed171959-1080-4e5e-8317-14a873679cd6,completed,2026-06-19 17:47:29.297837+00:00,2026-06-19 17:47:52.308582+00:00
d4653c69-ebff-4bd7-848b-a07b65777c89,completed,2026-06-19 17:47:29.350991+00:00,2026-06-19 17:47:52.459464+00:00
a9db8786-47ff-448d-a18f-399a736f80b3,completed,2026-06-19 17:47:29.721173+00:00,2026-06-19 17:47:53.469385+00:00
54c0178c-208d-4ff0-a623-14a8679131c6,completed,2026-06-19 17:47:30.189757+00:00,2026-06-19 17:47:54.813471+00:00
68dde2c8-714c-44f0-a11b-878e1a93d2fe,completed,2026-06-19 17:47:30.655925+00:00,2026-06-19 17:47:56.286412+00:00
7384b208-6f58-40a3-989c-0061943efd7e,completed,2026-06-19 17:47:31.116328+00:00,2026-06-19 17:47:57.707613+00:00
ecbfcad0-7b1c-4c1c-a61b-b0bb1ae2c9e5,completed,2026-06-19 17:47:31.171701+00:00,2026-06-19 17:47:57.862112+00:00
4a592991-81c6-4617-bd86-c8017263e260,completed,2026-06-19 17:47:31.522358+00:00,2026-06-19 17:47:58.899616+00:00
77ce04dc-2e6b-4a21-98e5-c9d1d865c568,completed,2026-06-19 17:47:31.970675+00:00,2026-06-19 17:48:00.278564+00:00
596bef04-8edd-4e11-a80d-6ecaa95a6c5c,completed,2026-06-19 17:47:32.414805+00:00,2026-06-19 17:48:01.741888+00:00
2faf34ac-586c-4de1-9965-2cbc3b19eb85,failed,2026-06-19 17:47:32.855421+00:00,2026-06-19 17:48:02.884157+00:00
d1b9c28d-ebbb-430a-a30e-109da7bb51b1,completed,2026-06-19 17:47:32.904065+00:00,2026-06-19 17:48:03.041091+00:00
834bc6e3-e749-4f26-9259-007b485b96b5,completed,2026-06-19 17:47:33.241155+00:00,2026-06-19 17:48:03.371479+00:00
43459d24-a70d-49cd-a798-4796ab0cc5a9,failed,2026-06-19 17:47:33.673741+00:00,2026-06-19 17:48:03.708636+00:00
3640476d-235f-4de0-9176-e6d827073931,completed,2026-06-19 17:47:34.101033+00:00,2026-06-19 17:48:04.215808+00:00
715016a5-7f28-489a-b5fe-ebad78ca75ec,failed,2026-06-19 17:47:34.523265+00:00,2026-06-19 17:48:04.570096+00:00
7588a8ab-b13c-453a-a0c4-a30649ddbe2c,failed,2026-06-19 17:47:34.568545+00:00,2026-06-19 17:48:04.573373+00:00
ea9cd9c7-dd80-4c3d-afe6-183d9b4d4263,failed,2026-06-19 17:47:34.894056+00:00,2026-06-19 17:48:04.902107+00:00
832a20b0-074e-4bbb-b8c6-bd8b3b3c3ae8,failed,2026-06-19 17:47:35.311958+00:00,2026-06-19 17:48:05.385792+00:00
fe936a54-4872-4d06-b323-97a9462858b2,completed,2026-06-19 17:47:35.718828+00:00,2026-06-19 17:48:05.865165+00:00
0f6727fe-2a71-419d-9dd4-e24993b2f5f9,failed,2026-06-19 17:47:36.126355+00:00,2026-06-19 17:48:06.212884+00:00
f8f287cc-b43b-44be-b198-035d20c1405a,completed,2026-06-19 17:48:45.095035+00:00,2026-06-19 17:49:15.071380+00:00
f5de2f0d-f0ed-4f1d-a761-44b198209750,completed,2026-06-19 17:48:45.246230+00:00,2026-06-19 17:49:15.233895+00:00
feb96a51-bd4c-4669-867d-be48c0eb6792,completed,2026-06-19 17:48:45.422371+00:00,2026-06-19 17:49:15.381693+00:00
ad5a6d05-9865-4205-ad7d-297765aa3123,completed,2026-06-19 17:47:48.818853+00:00,2026-06-19 17:48:18.560015+00:00
65e341ea-1d3a-4498-99bc-19af0fa24f9b,completed,2026-06-19 17:47:48.994987+00:00,2026-06-19 17:48:18.710534+00:00
28c6c46f-d0a2-4184-b00d-f65093f3d51d,completed,2026-06-19 17:47:49.134494+00:00,2026-06-19 17:48:18.857949+00:00
e2c08af5-9a6b-45f1-9352-7d045db3e80c,completed,2026-06-19 17:47:49.273961+00:00,2026-06-19 17:48:19.015994+00:00
3ce6e121-0d2c-4a44-a16f-9bc1f24bd68e,completed,2026-06-19 17:47:49.446020+00:00,2026-06-19 17:48:19.169153+00:00
1e0cbf3d-53a6-43a2-ac56-07d9b4940a71,completed,2026-06-19 17:47:49.585275+00:00,2026-06-19 17:48:19.322282+00:00
b64122f5-f5f7-48b9-9c55-52e9ef3be318,completed,2026-06-19 17:47:49.861723+00:00,2026-06-19 17:48:19.630957+00:00
fd5c1188-887c-4700-aa32-d47880b5c38b,completed,2026-06-19 17:47:50.033293+00:00,2026-06-19 17:48:19.785820+00:00
f44c1a11-1215-4ec0-be8a-17dc00b30e18,completed,2026-06-19 17:47:50.171318+00:00,2026-06-19 17:48:19.942252+00:00
fe7b5a62-563d-4cd7-99ce-07c6471325f0,completed,2026-06-19 17:47:50.304908+00:00,2026-06-19 17:48:20.091416+00:00
36a9deb8-ac8b-48b1-a61d-8e68fe87572e,completed,2026-06-19 17:47:50.479842+00:00,2026-06-19 17:48:20.249538+00:00
c99a0c90-d0e3-4cd2-b0e9-60b70e2a727f,completed,2026-06-19 17:47:50.613678+00:00,2026-06-19 17:48:20.411832+00:00
832d1fcd-d901-4ef7-9efc-e16e4876f70e,completed,2026-06-19 17:47:50.786377+00:00,2026-06-19 17:48:20.571775+00:00
b717e60f-9a07-4f29-ae80-09c3a7f05fe2,completed,2026-06-19 17:47:50.951789+00:00,2026-06-19 17:48:20.719430+00:00
37d80eb8-7b7a-4f5d-9053-192bd52f2a03,completed,2026-06-19 17:47:51.255531+00:00,2026-06-19 17:48:21.064542+00:00
e0f72c09-ca8e-49a4-8520-e51e448101c5,completed,2026-06-19 17:47:51.421333+00:00,2026-06-19 17:48:21.211655+00:00
ba3c6b07-3fc5-493a-bfb7-91f204fda23b,completed,2026-06-19 17:47:51.556811+00:00,2026-06-19 17:48:21.403100+00:00
d4d34a30-4901-4aa2-8bb7-0f4365c4a883,completed,2026-06-19 17:47:51.688783+00:00,2026-06-19 17:48:21.551847+00:00
750a5d74-4103-4d8c-92df-d50ced594f07,completed,2026-06-19 17:47:51.858618+00:00,2026-06-19 17:48:21.705812+00:00
b5a756a5-9ec7-440f-803f-0e338b83d4ca,completed,2026-06-19 17:47:52.023201+00:00,2026-06-19 17:48:21.863906+00:00
4048a6ee-4375-4726-bc0d-939c83eb92c5,completed,2026-06-19 17:47:52.213311+00:00,2026-06-19 17:48:22.021855+00:00
43ced168-ebbd-4bb9-86e7-4f38b57b6937,completed,2026-06-19 17:47:52.325042+00:00,2026-06-19 17:48:22.184492+00:00
9cbde87a-527e-4015-a325-165b4269f1a9,completed,2026-06-19 17:47:52.618671+00:00,2026-06-19 17:48:22.477608+00:00
f518da7e-10b4-4567-988f-57bf8ff47cf0,completed,2026-06-19 17:47:52.779510+00:00,2026-06-19 17:48:22.635335+00:00
bbabebff-b84f-4865-b8a1-263c89b0f986,completed,2026-06-19 17:47:52.910796+00:00,2026-06-19 17:48:22.783058+00:00
90254cc3-018f-444f-9482-bf1cdb4ea8f6,completed,2026-06-19 17:47:53.050819+00:00,2026-06-19 17:48:22.925261+00:00
97c6f347-3b72-4418-b687-754f220c321d,completed,2026-06-19 17:47:53.181692+00:00,2026-06-19 17:48:23.079661+00:00
4533bad9-02e0-4216-8f05-bf05455fd8db,completed,2026-06-19 17:47:53.336987+00:00,2026-06-19 17:48:23.235220+00:00
5d1b0dac-5876-4e7c-9214-8e320ace494e,completed,2026-06-19 17:47:53.497958+00:00,2026-06-19 17:48:23.389623+00:00
9e871cf9-160c-4279-97b8-8f958ac6a828,completed,2026-06-19 17:47:53.627619+00:00,2026-06-19 17:48:23.538082+00:00
00747f71-c9c1-4901-970f-821b200f25c1,completed,2026-06-19 17:48:15.171876+00:00,2026-06-19 17:48:45.068217+00:00
e58731f1-39e2-4b9f-b559-be303c51e782,completed,2026-06-19 17:47:54.086814+00:00,2026-06-19 17:48:23.985118+00:00
19817193-b78d-4e52-be69-1a9c1df1dbed,completed,2026-06-19 17:47:54.236912+00:00,2026-06-19 17:48:24.137813+00:00
8e2ac4aa-0b00-4184-9d19-9a968c33c957,completed,2026-06-19 17:47:54.396847+00:00,2026-06-19 17:48:24.299608+00:00
27db7d0b-a789-46a0-83ab-61a1a782dd4a,completed,2026-06-19 17:47:54.523711+00:00,2026-06-19 17:48:24.453775+00:00
bc90c3a8-f03d-4e58-9b56-cc33fb45dfcb,completed,2026-06-19 17:47:54.685491+00:00,2026-06-19 17:48:24.608804+00:00
6359fa54-6efd-473a-a316-f7341fcd29ce,completed,2026-06-19 17:47:54.841728+00:00,2026-06-19 17:48:24.762138+00:00
19577ca1-658e-4968-af6c-0ffb9ee05995,completed,2026-06-19 17:47:55.126417+00:00,2026-06-19 17:48:25.050375+00:00
51512092-9bdb-48e6-9ba9-866921331cb1,completed,2026-06-19 17:47:55.286998+00:00,2026-06-19 17:48:25.206468+00:00
a5888434-13ac-4ef2-91e5-26ae80602de3,completed,2026-06-19 17:47:55.442517+00:00,2026-06-19 17:48:25.364294+00:00
81ab9df8-4344-43a4-abd0-0219931271ec,completed,2026-06-19 17:47:55.599863+00:00,2026-06-19 17:48:25.533393+00:00
d19288bd-6596-4111-a85e-cb2de5c8bb13,completed,2026-06-19 17:47:55.786276+00:00,2026-06-19 17:48:25.680730+00:00
7ffe6f5b-5d68-40cd-bcd8-8875e92f9f8f,completed,2026-06-19 17:47:55.976642+00:00,2026-06-19 17:48:25.882271+00:00
87f65ac0-e75d-448f-8fed-d7e83b2fdbcf,completed,2026-06-19 17:47:56.159873+00:00,2026-06-19 17:48:26.036877+00:00
6fe92bc1-4ed5-4189-a40a-4186cf2319ed,completed,2026-06-19 17:47:56.316340+00:00,2026-06-19 17:48:26.193157+00:00
031d54ff-38f8-49b7-859e-460fdfb5acd7,completed,2026-06-19 17:47:56.623280+00:00,2026-06-19 17:48:26.502650+00:00
a10cb594-1c20-40cd-9ea2-c6fc7ce74a8f,completed,2026-06-19 17:47:56.776740+00:00,2026-06-19 17:48:26.667206+00:00
ed587116-4ab1-4fe1-a377-9afa2ad507d1,completed,2026-06-19 17:47:56.929987+00:00,2026-06-19 17:48:26.877477+00:00
671f4cb0-c2e4-4a55-ba1f-8acb491aaaa6,completed,2026-06-19 17:47:57.090385+00:00,2026-06-19 17:48:27.053422+00:00
67cfe66c-20f9-48f3-b903-5259dc0c0ad9,completed,2026-06-19 17:47:57.245538+00:00,2026-06-19 17:48:27.203448+00:00
777de164-8c1d-4fec-86fa-8bda05d91aae,completed,2026-06-19 17:47:57.388219+00:00,2026-06-19 17:48:27.353067+00:00
66579ba3-6cb3-44db-b7cf-30b00d3126b8,completed,2026-06-19 17:47:57.573725+00:00,2026-06-19 17:48:27.520346+00:00
b1d2da61-8b7f-4916-8d7b-496e38bcbf14,completed,2026-06-19 17:47:57.725423+00:00,2026-06-19 17:48:27.677290+00:00
a24b56d5-1315-4606-9109-243f446f34e4,completed,2026-06-19 17:47:58.027625+00:00,2026-06-19 17:48:27.997768+00:00
e4f267bb-7f68-41ed-be0a-fed449ea5bf8,completed,2026-06-19 17:47:58.177258+00:00,2026-06-19 17:48:28.159067+00:00
bf9f9a9a-7062-42d4-8a36-a458d13d8856,completed,2026-06-19 17:47:58.325603+00:00,2026-06-19 17:48:28.316599+00:00
d177a9cc-59e8-4b69-8ef1-6d1cf381b0be,completed,2026-06-19 17:47:58.498565+00:00,2026-06-19 17:48:28.464127+00:00
2bf85ce0-7e32-4fc7-a329-b4f1d9e7ef03,completed,2026-06-19 17:47:58.625320+00:00,2026-06-19 17:48:28.620749+00:00
23e911fd-549d-476b-8710-711c20698eb8,completed,2026-06-19 17:47:58.776193+00:00,2026-06-19 17:48:28.766608+00:00
efde5dc5-bfb7-4ae2-a51b-a3a0a8db8efc,completed,2026-06-19 17:47:58.928929+00:00,2026-06-19 17:48:28.915941+00:00
455f1916-b320-40ee-b098-51fc273a4a38,completed,2026-06-19 17:47:59.074320+00:00,2026-06-19 17:48:29.077992+00:00
f66ffe5a-ec82-4f9e-a14c-b5688934ff9d,failed,2026-06-19 17:48:03.081245+00:00,2026-06-19 17:48:33.131361+00:00
ce354c00-9d7a-41f3-b3ef-7e4dfe1c1a66,completed,2026-06-19 17:47:59.518319+00:00,2026-06-19 17:48:29.517828+00:00
e7f98110-268f-4c98-996a-17a45b83afbd,completed,2026-06-19 17:47:59.697388+00:00,2026-06-19 17:48:29.677705+00:00
d2673408-fbe2-4d56-9406-1757c9edf452,completed,2026-06-19 17:47:59.843773+00:00,2026-06-19 17:48:29.839178+00:00
7c739232-2f52-4a26-9d99-1fba748543cb,completed,2026-06-19 17:48:00.025653+00:00,2026-06-19 17:48:29.989240+00:00
50b1aeca-af9a-40ce-b5f8-690e2dfa5711,completed,2026-06-19 17:48:00.133271+00:00,2026-06-19 17:48:30.141087+00:00
3a9b4725-3038-422f-b9f5-991fa4091385,completed,2026-06-19 17:48:00.311708+00:00,2026-06-19 17:48:30.294219+00:00
94a6b7d0-0784-4258-97d4-baeaf9c92ec6,completed,2026-06-19 17:48:00.605632+00:00,2026-06-19 17:48:30.591867+00:00
75180099-a39c-4797-a9e8-2dbb132f9dba,completed,2026-06-19 17:48:00.774295+00:00,2026-06-19 17:48:30.730430+00:00
a67a5061-d59f-4447-80ec-2469c0d77d57,completed,2026-06-19 17:48:00.920667+00:00,2026-06-19 17:48:30.879694+00:00
3816a34f-bb97-4c9d-9858-48b3b587591e,completed,2026-06-19 17:48:01.094417+00:00,2026-06-19 17:48:31.032257+00:00
fe75a641-4fb6-4393-b6c3-300ff14b819b,completed,2026-06-19 17:48:01.268648+00:00,2026-06-19 17:48:31.182429+00:00
ba401e37-c424-4ef5-b2c0-42199c8f9a71,completed,2026-06-19 17:48:01.436999+00:00,2026-06-19 17:48:31.346578+00:00
a0d99c51-2140-4a16-97ca-7a5112ec469f,completed,2026-06-19 17:48:01.608427+00:00,2026-06-19 17:48:31.489407+00:00
b53cf186-9975-40d0-b1b9-9ff96e4fc287,completed,2026-06-19 17:48:01.750677+00:00,2026-06-19 17:48:31.639306+00:00
ab905ce0-9d1d-4805-b2bd-67f0057e963c,completed,2026-06-19 17:48:02.097825+00:00,2026-06-19 17:48:31.932683+00:00
d003d2cb-1637-4b95-a63d-d5d5bdfeede9,completed,2026-06-19 17:48:02.237826+00:00,2026-06-19 17:48:32.082656+00:00
aa9425bc-4403-49e4-a6b5-0a2f6d1cdfbf,completed,2026-06-19 17:48:02.407183+00:00,2026-06-19 17:48:32.228269+00:00
debd199a-5166-41e1-b057-41c3cdd97ba3,completed,2026-06-19 17:48:02.547555+00:00,2026-06-19 17:48:32.373074+00:00
5e9a72a6-e0e7-4f3c-b559-cebac24de782,completed,2026-06-19 17:48:02.744320+00:00,2026-06-19 17:48:32.526056+00:00
c3b05fd7-1648-4e55-9f93-8f4733c779db,completed,2026-06-19 17:48:02.883269+00:00,2026-06-19 17:48:32.680850+00:00
9adbdcb3-43f6-4dfd-a812-477784bbb5fc,completed,2026-06-19 17:48:02.912560+00:00,2026-06-19 17:48:32.823009+00:00
0f58a20d-9d08-46b8-8bd5-9c657ea0946d,completed,2026-06-19 17:48:02.949252+00:00,2026-06-19 17:48:32.973283+00:00
6e856e40-27ef-43cf-b70f-495b30a9f771,failed,2026-06-19 17:48:03.108794+00:00,2026-06-19 17:48:33.134567+00:00
6dc61e90-f0d8-41d0-af55-637f1120c3f7,failed,2026-06-19 17:48:03.227300+00:00,2026-06-19 17:48:33.282814+00:00
599e28ad-4629-4b30-ab08-16037af2c51e,completed,2026-06-19 17:48:03.137150+00:00,2026-06-19 17:48:33.279351+00:00
df5382ef-bbb0-45f4-a646-726437ae26ec,failed,2026-06-19 17:48:03.249627+00:00,2026-06-19 17:48:33.286296+00:00
ac92f881-f24d-4530-a8c6-1cae0dda827c,failed,2026-06-19 17:48:03.276553+00:00,2026-06-19 17:48:33.289211+00:00
ceb99edf-7185-4a5a-b23a-32ec6c4ed2d7,failed,2026-06-19 17:48:03.419031+00:00,2026-06-19 17:48:33.444771+00:00
113685be-da29-4001-a4d9-947b245dbcb3,completed,2026-06-19 17:48:03.391776+00:00,2026-06-19 17:48:33.440212+00:00
d76651c8-b86d-4b46-893c-7820d8da35d7,failed,2026-06-19 17:48:03.585541+00:00,2026-06-19 17:48:33.595900+00:00
8a80a743-824c-47fa-afd3-9841961a6c31,failed,2026-06-19 17:48:03.648527+00:00,2026-06-19 17:48:33.749509+00:00
e0ea0d5f-9f64-4293-b847-54b3a5d8f6ad,completed,2026-06-19 17:48:03.614271+00:00,2026-06-19 17:48:33.744991+00:00
b552f563-4310-4f1b-8504-af427f152682,failed,2026-06-19 17:48:03.724539+00:00,2026-06-19 17:48:33.752583+00:00
a9b3381c-87b3-4633-a774-ffa63422ce52,failed,2026-06-19 17:48:03.750743+00:00,2026-06-19 17:48:33.756121+00:00
3a81b054-d9c1-4dc6-a9d6-2eb5c68e64e4,failed,2026-06-19 17:48:03.948359+00:00,2026-06-19 17:48:34.066836+00:00
03f25ab4-75d0-49d5-8f92-55bf14cb09b5,completed,2026-06-19 17:48:03.778749+00:00,2026-06-19 17:48:33.903889+00:00
10031377-f118-4aae-a8f1-77bdbda9e325,completed,2026-06-19 17:48:03.916086+00:00,2026-06-19 17:48:34.062661+00:00
9c8acba4-a3d1-4b4c-a6fc-0da5c2b8ae30,failed,2026-06-19 17:48:03.976369+00:00,2026-06-19 17:48:34.071055+00:00
316688de-af79-4373-8ed9-af656d6450cb,failed,2026-06-19 17:48:04.054346+00:00,2026-06-19 17:48:34.075751+00:00
4ea6e683-c1b9-413c-a8ce-431b1cc6fdd2,failed,2026-06-19 17:48:04.112181+00:00,2026-06-19 17:48:34.233162+00:00
09ec8317-1c88-4035-842f-352f9a71ade9,completed,2026-06-19 17:48:04.086130+00:00,2026-06-19 17:48:34.229314+00:00
e56702b5-307b-4b2d-8b76-8cab693a53c3,failed,2026-06-19 17:48:04.139032+00:00,2026-06-19 17:48:34.236498+00:00
5f54a9b2-5452-4e24-8560-0cafdc8f4948,failed,2026-06-19 17:48:04.222495+00:00,2026-06-19 17:48:34.239586+00:00
7db86d79-6302-403e-b8b4-1f94d8430c6f,failed,2026-06-19 17:48:04.277761+00:00,2026-06-19 17:48:34.398799+00:00
77f37b3c-4a08-4274-8286-338a903d3fe3,failed,2026-06-19 17:48:04.393072+00:00,2026-06-19 17:48:34.402318+00:00
4dbecd77-c5ad-4c3d-ba00-5241cae7a78f,failed,2026-06-19 17:48:04.440610+00:00,2026-06-19 17:48:34.554846+00:00
93258e8c-90ac-4706-9b6c-cf5620d39a49,completed,2026-06-19 17:48:04.418611+00:00,2026-06-19 17:48:34.551187+00:00
47782927-de54-4dda-b6ac-9f10f0093b3c,failed,2026-06-19 17:48:04.472447+00:00,2026-06-19 17:48:34.558583+00:00
00e8b309-f63b-463b-aa8b-51e8d90c4575,failed,2026-06-19 17:48:04.617972+00:00,2026-06-19 17:48:34.709103+00:00
ea957747-2a2c-4e67-8af3-85986854333d,completed,2026-06-19 17:48:04.590967+00:00,2026-06-19 17:48:34.704841+00:00
d8e79be4-0e7c-45ba-9b71-e845dd15b1e9,failed,2026-06-19 17:48:04.634190+00:00,2026-06-19 17:48:34.712099+00:00
7d0db39f-d670-4720-ab92-5500b4aa678e,failed,2026-06-19 17:48:04.770640+00:00,2026-06-19 17:48:34.871306+00:00
a287c888-0c34-44d5-b875-ff465bba0a1e,completed,2026-06-19 17:48:04.743891+00:00,2026-06-19 17:48:34.867665+00:00
0e592f61-c71a-4462-844c-c90dda49eba2,failed,2026-06-19 17:48:04.799305+00:00,2026-06-19 17:48:34.874920+00:00
61daeb82-1fd9-43cd-9f66-43f7baf19bbf,failed,2026-06-19 17:48:04.934411+00:00,2026-06-19 17:48:35.031624+00:00
5063a0c1-46c5-4874-b0c7-9d56f153177d,completed,2026-06-19 17:48:04.910437+00:00,2026-06-19 17:48:35.027519+00:00
19765a7d-6dd9-46c1-824b-90fb40a90388,failed,2026-06-19 17:48:04.961754+00:00,2026-06-19 17:48:35.034239+00:00
55116fab-400a-4fb9-a035-a965a8f7825a,failed,2026-06-19 17:48:04.989737+00:00,2026-06-19 17:48:35.037735+00:00
0b093060-a784-4d5d-b069-ca354e4257ca,completed,2026-06-19 17:48:05.073571+00:00,2026-06-19 17:48:35.180572+00:00
d01bc6a8-d7ef-4787-8964-0c85e5143dd6,completed,2026-06-19 17:48:16.246447+00:00,2026-06-19 17:48:46.163943+00:00
a452671f-d602-49dc-b1de-e02e9cbe8561,failed,2026-06-19 17:48:05.262568+00:00,2026-06-19 17:48:35.341634+00:00
c2adf5f9-0cff-475f-ba08-caa88a99858b,completed,2026-06-19 17:48:05.235394+00:00,2026-06-19 17:48:35.338246+00:00
73c1fcd1-b764-41f0-b234-a4c77700a20b,failed,2026-06-19 17:48:05.290957+00:00,2026-06-19 17:48:35.344544+00:00
52bd9735-955d-400e-882f-7fdbec16043f,failed,2026-06-19 17:48:05.317348+00:00,2026-06-19 17:48:35.349592+00:00
01e47178-8804-4bc8-8b61-3457c94c9500,failed,2026-06-19 17:48:05.424624+00:00,2026-06-19 17:48:35.512388+00:00
998f182a-60c4-428a-ac9e-56aae2367319,completed,2026-06-19 17:48:05.397675+00:00,2026-06-19 17:48:35.508913+00:00
5175f222-a4a5-4eaf-ad7f-06555a15c89b,failed,2026-06-19 17:48:05.587818+00:00,2026-06-19 17:48:35.673780+00:00
2209f072-3005-45ce-bd60-e8fb51dca347,completed,2026-06-19 17:48:05.558822+00:00,2026-06-19 17:48:35.668343+00:00
e4e83742-503f-4762-8cb0-cf6201131df2,failed,2026-06-19 17:48:05.614837+00:00,2026-06-19 17:48:35.678969+00:00
dbd858a0-a18f-4d6f-9495-0e69916234db,failed,2026-06-19 17:48:05.641054+00:00,2026-06-19 17:48:35.683738+00:00
1879708a-7d81-464f-883d-2468417a17f4,failed,2026-06-19 17:48:05.748466+00:00,2026-06-19 17:48:35.837377+00:00
75b4c2f7-da75-4b96-911e-2379946bc029,completed,2026-06-19 17:48:05.722764+00:00,2026-06-19 17:48:35.833444+00:00
920196df-7d9c-4245-965d-6b89cd38f608,failed,2026-06-19 17:48:05.776436+00:00,2026-06-19 17:48:35.840950+00:00
d02ef52b-7f4e-4ce9-8d27-5072d18ac52f,failed,2026-06-19 17:48:05.939428+00:00,2026-06-19 17:48:36.019259+00:00
495d32ce-06db-412d-9fca-5838e3080f78,completed,2026-06-19 17:48:05.885363+00:00,2026-06-19 17:48:36.008511+00:00
d86de17d-9f75-406f-bc9b-941020c0cb51,failed,2026-06-19 17:48:05.964158+00:00,2026-06-19 17:48:36.023208+00:00
5133eb1e-3623-44fb-9181-81d9486ac19d,failed,2026-06-19 17:48:06.100545+00:00,2026-06-19 17:48:36.181543+00:00
c06bf5b1-9a49-4964-847b-71721b909a50,completed,2026-06-19 17:48:06.072334+00:00,2026-06-19 17:48:36.177248+00:00
8cf9f44c-d9bd-46ad-9e70-e766cda716ac,failed,2026-06-19 17:48:06.126810+00:00,2026-06-19 17:48:36.184728+00:00
7eb480bf-3371-4689-8150-811e681adfdd,failed,2026-06-19 17:48:06.154341+00:00,2026-06-19 17:48:36.188405+00:00
e335cbad-2102-4877-8d16-1c7010ef0c7f,failed,2026-06-19 17:48:06.262529+00:00,2026-06-19 17:48:36.347537+00:00
0b96f6e4-7dd6-4eef-958f-ee9021ed705e,completed,2026-06-19 17:48:06.236899+00:00,2026-06-19 17:48:36.342794+00:00
01a2d650-db65-4b79-b5f4-1f2533b9205f,failed,2026-06-19 17:48:06.422999+00:00,2026-06-19 17:48:36.501285+00:00
e4cf6fdc-8d45-4dce-9d5e-9097e0204283,completed,2026-06-19 17:48:06.395278+00:00,2026-06-19 17:48:36.497272+00:00
a8a562cf-3d21-4518-b1c7-0e3bf6886789,failed,2026-06-19 17:48:06.460803+00:00,2026-06-19 17:48:36.504920+00:00
0cc85e2e-83bc-4279-828c-45b2ba59ee24,failed,2026-06-19 17:48:06.477251+00:00,2026-06-19 17:48:36.508748+00:00
60f690f3-1cff-40b5-8d8f-0196c2387833,failed,2026-06-19 17:48:06.629939+00:00,2026-06-19 17:48:36.674992+00:00
0f8cd1d0-c310-4239-a01d-25e4c378fed0,completed,2026-06-19 17:48:06.582348+00:00,2026-06-19 17:48:36.669418+00:00
ed295a88-9461-498d-8f5e-41e027f623eb,failed,2026-06-19 17:48:06.638353+00:00,2026-06-19 17:48:36.677840+00:00
2e0c70d3-aed5-4250-aea9-080e5cf4970f,failed,2026-06-19 17:48:06.662683+00:00,2026-06-19 17:48:36.681469+00:00
cdfefad8-cd53-43a0-a530-9beb7ebcf480,failed,2026-06-19 17:47:36.173875+00:00,2026-06-19 17:48:06.215772+00:00
d5cb9c11-ebd0-41f2-861e-f95adb1bb791,failed,2026-06-19 17:47:36.486392+00:00,2026-06-19 17:48:06.563045+00:00
c192178d-3a3b-427f-b0cf-6d3cbf2d7b71,failed,2026-06-19 17:47:36.885858+00:00,2026-06-19 17:48:06.911284+00:00
43f62766-0f54-4a56-8c27-6031d9825a0d,failed,2026-06-19 17:47:37.291028+00:00,2026-06-19 17:48:07.385570+00:00
07d2339a-d3b6-427a-834c-b5921778dbe5,failed,2026-06-19 17:47:37.677524+00:00,2026-06-19 17:48:07.705951+00:00
5610e9a3-e3c9-48fc-8994-aedcfd937451,completed,2026-06-19 17:47:37.720505+00:00,2026-06-19 17:48:07.847805+00:00
bb4b3974-8fad-46eb-b819-f8d043a9c366,failed,2026-06-19 17:47:38.025863+00:00,2026-06-19 17:48:08.031240+00:00
3d8dbb48-ef31-4913-a9bb-a64d39e4ea59,failed,2026-06-19 17:47:38.412823+00:00,2026-06-19 17:48:08.732147+00:00
321678f4-e3b2-41af-aa02-91189af6a7f5,completed,2026-06-19 17:47:38.794791+00:00,2026-06-19 17:48:08.930912+00:00
d15d2d0a-6537-4035-b72c-9665bc739d85,completed,2026-06-19 17:47:39.175391+00:00,2026-06-19 17:48:09.300201+00:00
c9b62a12-b2db-44bd-8cee-9323f7805b4f,failed,2026-06-19 17:47:39.386943+00:00,2026-06-19 17:48:09.473554+00:00
992ee218-aec7-4f6a-a35e-361e9d241974,completed,2026-06-19 17:47:40.260872+00:00,2026-06-19 17:48:10.305484+00:00
9fa24c7c-9400-4df9-a136-7ecbc4d36154,completed,2026-06-19 17:47:41.598903+00:00,2026-06-19 17:48:11.763789+00:00
3b0716a4-7053-43a8-8704-8e8b74f5adeb,completed,2026-06-19 17:47:42.906384+00:00,2026-06-19 17:48:12.912929+00:00
b8a27acd-ad91-424d-bc9d-be85dc9feeda,completed,2026-06-19 17:47:43.990150+00:00,2026-06-19 17:48:14.034569+00:00
14a0e45f-68c1-40b4-815a-e2b3f6c006fc,completed,2026-06-19 17:47:45.464104+00:00,2026-06-19 17:48:15.431939+00:00
112e5871-dc6a-47f9-8d7a-a0d4c31b0eaa,completed,2026-06-19 17:47:46.902339+00:00,2026-06-19 17:48:16.848568+00:00
7733d9b7-8032-4671-9439-adff9aae1735,completed,2026-06-19 17:47:48.434176+00:00,2026-06-19 17:48:18.250984+00:00
6c5aaa77-c9bd-4e49-8062-7ff36c290a0b,completed,2026-06-19 17:47:48.645193+00:00,2026-06-19 17:48:18.399587+00:00
0b76113b-8373-4b5b-9c8f-fccc8a039844,completed,2026-06-19 17:47:49.722685+00:00,2026-06-19 17:48:19.473524+00:00
dfe39c65-087f-4e52-b90b-e05dae796f70,completed,2026-06-19 17:47:51.089520+00:00,2026-06-19 17:48:20.905321+00:00
4439f5e1-ebbe-4485-96f2-3bf50fc66529,completed,2026-06-19 17:47:52.485797+00:00,2026-06-19 17:48:22.331955+00:00
e5247e85-feb6-4267-b26e-4ad2105ddaa5,completed,2026-06-19 17:47:53.789421+00:00,2026-06-19 17:48:23.691878+00:00
e565b1c7-0db8-4838-b74f-5312e1d35861,completed,2026-06-19 17:47:53.953224+00:00,2026-06-19 17:48:23.835116+00:00
c72cd9e4-ff5f-440a-afbe-af37f2d2f069,completed,2026-06-19 17:47:54.969810+00:00,2026-06-19 17:48:24.912120+00:00
082a9107-dc4f-428d-be86-3e8272e812fd,completed,2026-06-19 17:47:56.437973+00:00,2026-06-19 17:48:26.340378+00:00
3192f544-bf59-4747-bf75-4d773145229d,completed,2026-06-19 17:47:57.875883+00:00,2026-06-19 17:48:27.830731+00:00
a493d071-cf46-44ee-8edd-2b5b5a5c7970,completed,2026-06-19 17:48:46.321637+00:00,2026-06-19 17:49:16.407766+00:00
6b7b80e3-8c0b-4c6b-8f10-6e4187a363d5,completed,2026-06-19 17:48:46.494841+00:00,2026-06-19 17:49:16.613762+00:00
474a229e-69aa-44a5-b876-48cbba34745d,completed,2026-06-19 17:48:46.644884+00:00,2026-06-19 17:49:16.767450+00:00
100f2db3-7db4-4469-9aa2-4445fa9635d9,completed,2026-06-19 17:48:46.795795+00:00,2026-06-19 17:49:16.935779+00:00
847d10ba-938e-4b89-8a10-9fd8ff3ed0f1,failed,2026-06-19 17:48:06.798261+00:00,2026-06-19 17:48:36.846598+00:00
532c9410-d090-4ad5-833d-f8e8ba31bd98,failed,2026-06-19 17:48:06.823581+00:00,2026-06-19 17:48:36.851442+00:00
7a49a550-17a3-4cb2-9004-dbcd8da730ba,failed,2026-06-19 17:48:06.930825+00:00,2026-06-19 17:48:37.007153+00:00
947a33ff-f96a-4dc8-b0a4-ab72484574db,completed,2026-06-19 17:48:06.902804+00:00,2026-06-19 17:48:37.002464+00:00
3cb294cb-5912-4301-b6d4-ad2002ab541d,failed,2026-06-19 17:48:06.955458+00:00,2026-06-19 17:48:37.010771+00:00
8b72c243-e071-4290-9d88-8acf5d4a0e01,failed,2026-06-19 17:48:06.981440+00:00,2026-06-19 17:48:37.014236+00:00
47d720c5-9861-485f-a60a-887cb3f82163,failed,2026-06-19 17:48:07.087754+00:00,2026-06-19 17:48:37.166337+00:00
dbfdc261-445b-4bfe-88b3-d6e2e7d5679e,failed,2026-06-19 17:48:07.113599+00:00,2026-06-19 17:48:37.171112+00:00
d9086a1a-d9ae-4683-bf11-10968627924b,failed,2026-06-19 17:48:07.140469+00:00,2026-06-19 17:48:37.174462+00:00
4468cf2e-f161-4669-a736-0de095ff5b44,failed,2026-06-19 17:48:07.273703+00:00,2026-06-19 17:48:37.329503+00:00
078b457f-805e-4ab9-8753-1698d583ffc6,completed,2026-06-19 17:48:07.245973+00:00,2026-06-19 17:48:37.325568+00:00
726466b5-9d1c-4fbf-9db5-ad6451a73592,failed,2026-06-19 17:48:07.300866+00:00,2026-06-19 17:48:37.332939+00:00
626a3996-a2b6-4adf-bd31-45e61bef731e,failed,2026-06-19 17:48:07.434534+00:00,2026-06-19 17:48:37.494293+00:00
c068d846-88cc-46ef-9c29-52b5e4e1630f,completed,2026-06-19 17:48:07.412876+00:00,2026-06-19 17:48:37.490221+00:00
b2d596a8-865a-4a97-b58a-f81df38d7d1e,failed,2026-06-19 17:48:07.485677+00:00,2026-06-19 17:48:37.504462+00:00
9cf7a0b3-2045-4eec-a06f-c99b360e9ad4,failed,2026-06-19 17:48:07.590301+00:00,2026-06-19 17:48:37.665768+00:00
a895a0f0-fff8-4a61-af0b-1cd270c3bf0b,completed,2026-06-19 17:48:07.568993+00:00,2026-06-19 17:48:37.662012+00:00
2cd46054-672a-4680-8042-6ad493a8328a,failed,2026-06-19 17:48:07.618235+00:00,2026-06-19 17:48:37.669223+00:00
01897df6-1c64-464c-aaa5-5c16d5c42e05,failed,2026-06-19 17:48:07.642783+00:00,2026-06-19 17:48:37.673796+00:00
2124d0c0-53e1-4e0f-82d6-a231d664712e,failed,2026-06-19 17:48:07.724721+00:00,2026-06-19 17:48:37.838027+00:00
c25f2f60-4c32-4ce3-9c70-c2beabcdc1f7,completed,2026-06-19 17:48:07.712777+00:00,2026-06-19 17:48:37.834509+00:00
14e5c1ff-5862-475d-9816-c671c29091e5,failed,2026-06-19 17:48:07.748587+00:00,2026-06-19 17:48:37.842769+00:00
2f5d2993-87a6-4bd7-b476-c5f35bb340d7,failed,2026-06-19 17:48:07.878959+00:00,2026-06-19 17:48:37.997525+00:00
0670dc46-3967-40bb-b0fe-e7cc4cd0ed77,failed,2026-06-19 17:48:07.906070+00:00,2026-06-19 17:48:38.000812+00:00
82017ea6-a8c8-486b-8fe7-93fa661df06b,failed,2026-06-19 17:48:07.934925+00:00,2026-06-19 17:48:38.003798+00:00
ac83e4e5-5cdc-49ac-8eb4-20927bb04094,failed,2026-06-19 17:48:08.062472+00:00,2026-06-19 17:48:38.158426+00:00
202d16a9-da01-44fa-8ad6-c50f6291e880,completed,2026-06-19 17:48:08.038344+00:00,2026-06-19 17:48:38.154718+00:00
d302f1bb-28ef-4d37-bb23-30256e651389,failed,2026-06-19 17:48:08.090734+00:00,2026-06-19 17:48:38.161311+00:00
a16d1174-1542-4205-844b-74da39711f65,failed,2026-06-19 17:48:08.116911+00:00,2026-06-19 17:48:38.164575+00:00
894c0481-9ea3-4090-bc1a-bdbf90730735,completed,2026-06-19 17:48:08.195397+00:00,2026-06-19 17:48:38.314510+00:00
73ee8de0-ccbd-4335-958d-da989a09c9bc,failed,2026-06-19 17:48:08.378076+00:00,2026-06-19 17:48:38.487032+00:00
e1a3c13f-6723-4f3a-92d0-2b33e1774a87,completed,2026-06-19 17:48:08.353401+00:00,2026-06-19 17:48:38.484064+00:00
d90e817a-fb75-4ec1-80a8-129e0d6d6ac8,failed,2026-06-19 17:48:08.404129+00:00,2026-06-19 17:48:38.490247+00:00
ee90cf6b-2ef2-4645-aea5-5879c920eb61,failed,2026-06-19 17:48:08.429292+00:00,2026-06-19 17:48:38.493161+00:00
378c8e86-13d5-42d6-b9e0-6fb1ebe7e19b,failed,2026-06-19 17:48:08.820017+00:00,2026-06-19 17:48:38.921380+00:00
f5b15f99-f98c-4f0b-9f13-0a7656bbe374,completed,2026-06-19 17:48:08.741354+00:00,2026-06-19 17:48:38.634118+00:00
9587fcbe-1d8f-473f-9172-50e007bd6958,completed,2026-06-19 17:48:08.767313+00:00,2026-06-19 17:48:38.772248+00:00
df9a98ae-d44f-419d-9726-1b856af97b3a,failed,2026-06-19 17:48:08.848654+00:00,2026-06-19 17:48:38.925540+00:00
41ab76a7-b104-46c3-8550-8b5067455cac,failed,2026-06-19 17:48:08.872007+00:00,2026-06-19 17:48:38.929583+00:00
025b7652-b0d5-433e-a6ae-04a97a13b3b6,failed,2026-06-19 17:48:08.897139+00:00,2026-06-19 17:48:38.932922+00:00
b141c4bd-2ad6-45bc-a827-eb9a75eb975f,failed,2026-06-19 17:48:08.924007+00:00,2026-06-19 17:48:38.936177+00:00
027a0441-4dc1-4b5a-b3a4-030c21be5a8a,failed,2026-06-19 17:48:08.978196+00:00,2026-06-19 17:48:39.103764+00:00
aadffbdc-09a3-46a9-80a3-798517461646,completed,2026-06-19 17:48:08.948079+00:00,2026-06-19 17:48:39.100441+00:00
5de5587b-23d3-4933-8128-c522377a9263,failed,2026-06-19 17:48:09.013522+00:00,2026-06-19 17:48:39.106521+00:00
824e757d-2df6-4f66-b160-e4830a542c4d,failed,2026-06-19 17:48:09.056289+00:00,2026-06-19 17:48:39.112542+00:00
df897cd2-4321-4b46-b974-aa3a237fd4e9,failed,2026-06-19 17:48:09.082962+00:00,2026-06-19 17:48:39.115978+00:00
2506ca0b-3b06-40d8-ae09-7853f70a2d58,failed,2026-06-19 17:48:09.157020+00:00,2026-06-19 17:48:39.263301+00:00
009544c9-b2ec-465f-bf2d-32f13775acea,completed,2026-06-19 17:48:09.131650+00:00,2026-06-19 17:48:39.259334+00:00
de40d057-5fe2-4378-873d-6b00a5e58a96,failed,2026-06-19 17:48:09.182023+00:00,2026-06-19 17:48:39.267257+00:00
1dc2f0ca-5c50-4bf5-9ed9-e6094528ab82,failed,2026-06-19 17:48:09.211389+00:00,2026-06-19 17:48:39.271310+00:00
a510b901-1f07-4663-a144-f5348196724d,failed,2026-06-19 17:48:09.236098+00:00,2026-06-19 17:48:39.276250+00:00
8b900c0e-40f9-4f48-97a9-637aa718df8b,failed,2026-06-19 17:48:09.364275+00:00,2026-06-19 17:48:39.446191+00:00
55944af4-3f5c-448a-b1e6-0e5870308c4f,completed,2026-06-19 17:48:09.311201+00:00,2026-06-19 17:48:39.437243+00:00
bac4dc02-4f7a-4265-bcad-9dc9394a4d09,failed,2026-06-19 17:48:09.388016+00:00,2026-06-19 17:48:39.450774+00:00
b551872e-acc0-49e2-bae9-1db84e725e5c,failed,2026-06-19 17:48:09.515590+00:00,2026-06-19 17:48:39.615928+00:00
dc6e87b6-23d0-49a2-8336-006d80037946,completed,2026-06-19 17:48:09.494068+00:00,2026-06-19 17:48:39.612205+00:00
59495f3f-8a01-4ff7-b2d6-0935b68658da,failed,2026-06-19 17:48:09.542602+00:00,2026-06-19 17:48:39.619045+00:00
381e31e7-2891-49f5-a967-e33c2257453d,failed,2026-06-19 17:48:09.570187+00:00,2026-06-19 17:48:39.622230+00:00
1887a123-648b-4f58-ba72-61aff9fc71ac,failed,2026-06-19 17:48:09.670510+00:00,2026-06-19 17:48:39.790069+00:00
8f0a7a7b-723b-4bd4-85ae-7e24d7370831,completed,2026-06-19 17:48:09.645828+00:00,2026-06-19 17:48:39.786436+00:00
6f1417d9-639e-4b87-9c30-84b65afa79a1,completed,2026-06-19 17:48:10.791596+00:00,2026-06-19 17:48:40.842231+00:00
2864fc99-2069-4fab-8ad6-a7f00400740a,failed,2026-06-19 17:48:10.182710+00:00,2026-06-19 17:48:40.242694+00:00
7bf37f1e-0cc1-4fd1-a03e-bd6804a3c851,completed,2026-06-19 17:48:10.159938+00:00,2026-06-19 17:48:40.238500+00:00
24abc214-0d9d-4af7-a994-e08f7a22d7f7,failed,2026-06-19 17:48:12.796499+00:00,2026-06-19 17:48:42.801795+00:00
89c2efa9-f8a1-4ecf-87d2-36299db39302,completed,2026-06-19 17:48:10.311593+00:00,2026-06-19 17:48:40.388502+00:00
9f94be47-cc25-46ee-bcaf-160840466b64,completed,2026-06-19 17:48:10.490830+00:00,2026-06-19 17:48:40.537217+00:00
0135b4f2-5722-4ef5-8585-d270febefff3,completed,2026-06-19 17:48:10.639565+00:00,2026-06-19 17:48:40.686268+00:00
2a367b88-b9c7-444e-b1a5-d71e8bd6ecce,completed,2026-06-19 17:48:11.119196+00:00,2026-06-19 17:48:41.145030+00:00
9b13aae0-154f-4c73-8f72-6277fe6f33e7,completed,2026-06-19 17:48:11.271531+00:00,2026-06-19 17:48:41.288376+00:00
4306c709-150a-4eee-8197-8cc37e8eb40c,completed,2026-06-19 17:48:11.447922+00:00,2026-06-19 17:48:41.435496+00:00
034d8ca5-4fce-406b-b3d8-ff1c649f06e2,completed,2026-06-19 17:48:11.574690+00:00,2026-06-19 17:48:41.588758+00:00
be287eee-ecf1-491b-8d3c-238c13027150,completed,2026-06-19 17:48:11.772338+00:00,2026-06-19 17:48:41.739687+00:00
1c4ee3c4-8aef-4c9b-8e7c-a7d54dbb6818,completed,2026-06-19 17:48:11.796787+00:00,2026-06-19 17:48:41.891231+00:00
6b59279f-b52f-42c4-9d45-253642849b1b,completed,2026-06-19 17:48:11.924506+00:00,2026-06-19 17:48:42.050600+00:00
89d3844c-b0c6-4a08-8a46-7bbb0df1f763,completed,2026-06-19 17:48:12.096635+00:00,2026-06-19 17:48:42.201912+00:00
56e3bbe4-50eb-4805-a2f8-ea760b92af97,completed,2026-06-19 17:48:12.449502+00:00,2026-06-19 17:48:42.503192+00:00
d2e37d6e-2459-48e7-972e-0c3378045c85,completed,2026-06-19 17:48:12.598858+00:00,2026-06-19 17:48:42.655704+00:00
59099f31-c25e-4a23-93c1-5cc016d30def,completed,2026-06-19 17:48:12.773910+00:00,2026-06-19 17:48:42.797911+00:00
085f6338-2a75-49c0-abed-fe2773939246,completed,2026-06-19 17:48:12.922214+00:00,2026-06-19 17:48:42.939549+00:00
0992f9f6-9ae4-4509-a142-ac3a410ffa05,completed,2026-06-19 17:48:13.099884+00:00,2026-06-19 17:48:43.096391+00:00
39429410-adb8-4a72-afc0-c122ce754706,completed,2026-06-19 17:48:13.247433+00:00,2026-06-19 17:48:43.236552+00:00
3c8ba140-47ef-4551-acf2-371a9d5ab139,completed,2026-06-19 17:48:13.396353+00:00,2026-06-19 17:48:43.387909+00:00
de0d6235-d0e9-46a2-948b-e0566c57eef3,completed,2026-06-19 17:48:13.721858+00:00,2026-06-19 17:48:43.703731+00:00
25fa671a-e7f1-43c9-ad72-e6cb309555d8,completed,2026-06-19 17:48:13.895961+00:00,2026-06-19 17:48:43.852255+00:00
8263ea31-e725-4905-8bd4-8fd229cce0fa,completed,2026-06-19 17:48:14.048098+00:00,2026-06-19 17:48:43.998881+00:00
ed1283c9-b478-40b8-a412-4322d8608929,completed,2026-06-19 17:48:14.197855+00:00,2026-06-19 17:48:44.140639+00:00
0f6c0e31-f1ea-4204-9cde-220a8568b203,completed,2026-06-19 17:48:14.346384+00:00,2026-06-19 17:48:44.287600+00:00
8c2f27e4-0aa6-446c-85e0-653187a16b44,completed,2026-06-19 17:48:14.521888+00:00,2026-06-19 17:48:44.449841+00:00
9ed21ffb-f031-4544-87a4-6ceb68455cab,completed,2026-06-19 17:48:14.678317+00:00,2026-06-19 17:48:44.604853+00:00
67b0533d-4b53-4803-a615-8038bcd8479b,completed,2026-06-19 17:48:14.846807+00:00,2026-06-19 17:48:44.754961+00:00
33732a9a-92c6-450c-aa1c-7fd6ea0a68b8,completed,2026-06-19 17:48:15.296463+00:00,2026-06-19 17:48:45.230899+00:00
c325ba25-9296-4094-804f-cb8d69a27e73,completed,2026-06-19 17:48:15.446749+00:00,2026-06-19 17:48:45.399721+00:00
c205c1bd-d76f-4756-bacf-7e4f4f452bd5,completed,2026-06-19 17:48:15.623941+00:00,2026-06-19 17:48:45.543557+00:00
faf2ec2a-3d4e-41dd-a4b2-90afe5d011f9,completed,2026-06-19 17:48:15.771018+00:00,2026-06-19 17:48:45.699961+00:00
3f800553-75a3-4d7c-92f6-55855c733961,completed,2026-06-19 17:48:15.921096+00:00,2026-06-19 17:48:45.851006+00:00
ba40b6d1-6da7-459a-b895-1bdcf9fb6ff8,completed,2026-06-19 17:48:16.116552+00:00,2026-06-19 17:48:46.005194+00:00
89ec0cd8-5134-4016-a33a-44ffb9a6d65d,completed,2026-06-19 17:48:16.396687+00:00,2026-06-19 17:48:46.312403+00:00
b11dfac7-7fb3-4286-b0c3-4cd3aa2346c6,completed,2026-06-19 17:48:16.571888+00:00,2026-06-19 17:48:46.477895+00:00
98d9a4b8-c271-4c7c-b001-3b05f7ac497f,completed,2026-06-19 17:48:16.723216+00:00,2026-06-19 17:48:46.633476+00:00
a291154c-b844-4fee-989b-cc0518a5c34a,completed,2026-06-19 17:48:16.870628+00:00,2026-06-19 17:48:46.778976+00:00
ecce0feb-050e-469f-9588-3886656be5ff,completed,2026-06-19 17:48:17.020996+00:00,2026-06-19 17:48:46.927273+00:00
3bccd89d-49c6-447c-8ec0-dc7b23cf0b64,completed,2026-06-19 17:48:17.172289+00:00,2026-06-19 17:48:47.083812+00:00
7ee0086b-c3cd-421e-a847-192c191cc670,completed,2026-06-19 17:48:17.322268+00:00,2026-06-19 17:48:47.222973+00:00
dcd1e38d-c412-461e-8f88-5074f1042f3a,completed,2026-06-19 17:48:17.497560+00:00,2026-06-19 17:48:47.371645+00:00
d1c5cf7c-4d36-4229-a2d7-3da96c731e16,completed,2026-06-19 17:48:17.796790+00:00,2026-06-19 17:48:47.661645+00:00
5aa1483d-cf90-4389-9b15-64b79388fe32,completed,2026-06-19 17:48:17.947269+00:00,2026-06-19 17:48:47.824950+00:00
3aaf4cfc-87ab-41a8-b003-9d6b97d5dc3f,completed,2026-06-19 17:48:18.097456+00:00,2026-06-19 17:48:47.982392+00:00
f81ab9d3-eecb-4998-bf19-10c536091296,completed,2026-06-19 17:48:18.274217+00:00,2026-06-19 17:48:48.141623+00:00
18c98fcf-60f3-4622-b64c-812dca26ff95,completed,2026-06-19 17:48:18.423718+00:00,2026-06-19 17:48:48.291282+00:00
fd31f247-a35c-4fe3-80d3-d08f408d7c67,completed,2026-06-19 17:48:18.571105+00:00,2026-06-19 17:48:48.442062+00:00
e2253e55-2830-426a-8671-148d0facb897,completed,2026-06-19 17:48:18.721908+00:00,2026-06-19 17:48:48.591365+00:00
1a4dce46-fefa-4541-9aa4-7a1e5419d8a8,completed,2026-06-19 17:48:18.871652+00:00,2026-06-19 17:48:48.730044+00:00
25de7ab1-92ae-43d2-ab57-40b3bfe6f4eb,completed,2026-06-19 17:48:19.197815+00:00,2026-06-19 17:48:49.047037+00:00
387f483d-9b3c-4854-aadf-a9878a49c7d3,completed,2026-06-19 17:48:19.347723+00:00,2026-06-19 17:48:49.189900+00:00
f998e63a-7e83-4620-9e24-de5b417e25f8,completed,2026-06-19 17:48:19.496626+00:00,2026-06-19 17:48:49.338328+00:00
335d8db1-a842-4872-b8b6-16c6709ae8ad,completed,2026-06-19 17:48:19.646924+00:00,2026-06-19 17:48:49.489056+00:00
3cabc58c-8ecf-4c7e-88d5-bb698a896cb9,completed,2026-06-19 17:48:19.796717+00:00,2026-06-19 17:48:49.630571+00:00
0414168b-d38d-455f-af94-32b2dd12021f,completed,2026-06-19 17:48:19.945743+00:00,2026-06-19 17:48:49.774025+00:00
6a8fc2dc-13b3-4d38-8664-c4697325b731,completed,2026-06-19 17:48:20.122700+00:00,2026-06-19 17:48:49.921132+00:00
c2e5d2a8-6cf3-4feb-9328-bc1f19a97ab0,completed,2026-06-19 17:48:20.273802+00:00,2026-06-19 17:48:50.066527+00:00
2a8df5ea-4d10-4464-8866-7e1c299f42b1,completed,2026-06-19 17:48:20.747919+00:00,2026-06-19 17:48:50.497694+00:00
5f838dc5-6fad-4ac2-bcc8-6f0607b6ecd2,completed,2026-06-19 17:48:20.921209+00:00,2026-06-19 17:48:50.642999+00:00
80bb8fd0-fcca-4549-a146-bb0dbe84e2ea,completed,2026-06-19 17:48:21.070086+00:00,2026-06-19 17:48:50.786904+00:00
3a09af65-e085-4265-8f8a-e2dda5f22f1d,completed,2026-06-19 17:48:21.221974+00:00,2026-06-19 17:48:50.933875+00:00
af39f65a-8119-4296-bdb5-10056cf40fd8,completed,2026-06-19 17:48:21.422022+00:00,2026-06-19 17:48:51.083331+00:00
274eee09-b1a1-464d-8cfc-8aab64e06d59,completed,2026-06-19 17:48:21.573134+00:00,2026-06-19 17:48:51.222484+00:00
4c40fdc2-faa3-4e5d-af86-7a733cca0d4a,completed,2026-06-19 17:48:21.871523+00:00,2026-06-19 17:48:51.517451+00:00
60843325-7328-4acc-a72a-672198e92832,completed,2026-06-19 17:48:22.046236+00:00,2026-06-19 17:48:51.664260+00:00
048b7434-7fae-4625-85a8-46f2d454ba25,completed,2026-06-19 17:48:22.198878+00:00,2026-06-19 17:48:51.807790+00:00
c6513b92-da59-48b4-a96c-978ea35a3179,completed,2026-06-19 17:48:22.347487+00:00,2026-06-19 17:48:51.948281+00:00
c5630a05-3841-4d3c-82f9-2f0e2f57a1b7,completed,2026-06-19 17:48:22.500153+00:00,2026-06-19 17:48:52.105848+00:00
a874b825-ad57-4245-abc2-a39fe720c6dd,completed,2026-06-19 17:48:22.645161+00:00,2026-06-19 17:48:52.255125+00:00
452a4a11-134e-431e-9d9b-8812431225e5,completed,2026-06-19 17:48:22.794805+00:00,2026-06-19 17:48:52.406653+00:00
40526b74-27ef-4a59-abec-1fcfc5aa9a2f,completed,2026-06-19 17:48:22.961363+00:00,2026-06-19 17:48:52.556653+00:00
60cacacc-b356-464e-a528-6cb49b0dd0b8,completed,2026-06-19 17:48:23.246092+00:00,2026-06-19 17:48:52.857485+00:00
5165a66f-445d-4705-9e8d-9cd74c9746ba,completed,2026-06-19 17:48:23.395281+00:00,2026-06-19 17:48:53.009543+00:00
17077683-2189-457c-b989-aa6cf10cd932,completed,2026-06-19 17:48:23.546820+00:00,2026-06-19 17:48:53.153117+00:00
a08a077f-dccc-46c0-ae17-20a779a6bd03,completed,2026-06-19 17:48:23.721029+00:00,2026-06-19 17:48:53.301369+00:00
3293247e-7d14-4430-8d59-f20d292bc487,completed,2026-06-19 17:48:23.845397+00:00,2026-06-19 17:48:53.455274+00:00
49526eb7-1600-4c4b-87a7-83c568d68bda,completed,2026-06-19 17:48:23.996524+00:00,2026-06-19 17:48:53.598176+00:00
3e0331d8-eca1-4a53-a7b4-7a22b06a72aa,completed,2026-06-19 17:48:24.147024+00:00,2026-06-19 17:48:53.757892+00:00
ab2ad10a-ddb8-4839-9792-8eb376785184,completed,2026-06-19 17:48:24.324181+00:00,2026-06-19 17:48:53.903796+00:00
979170ec-8dba-476e-be1f-b59989237993,completed,2026-06-19 17:48:24.622173+00:00,2026-06-19 17:48:54.210115+00:00
dcbc7897-3a29-49a6-b071-2fdafbeb3c6f,completed,2026-06-19 17:48:24.775138+00:00,2026-06-19 17:48:54.359555+00:00
baeb7324-4a31-4efc-b391-21afe9b78fb9,completed,2026-06-19 17:48:24.921083+00:00,2026-06-19 17:48:54.507656+00:00
cc6883ac-ab24-4b2b-8892-637e3d290ca3,completed,2026-06-19 17:48:25.055236+00:00,2026-06-19 17:48:54.672178+00:00
8ef8c1c5-6241-4a26-b2ff-7d7177a26282,completed,2026-06-19 17:48:25.221750+00:00,2026-06-19 17:48:54.812836+00:00
1d802898-6279-4670-ab63-3311a40d8011,completed,2026-06-19 17:48:25.371341+00:00,2026-06-19 17:48:54.954945+00:00
c0931d1a-1f0e-4f6d-81af-8e8718a7414c,completed,2026-06-19 17:48:25.545853+00:00,2026-06-19 17:48:55.096165+00:00
0058fed8-e5a4-42e8-b696-183891c01f7e,completed,2026-06-19 17:48:25.700224+00:00,2026-06-19 17:48:55.245154+00:00
561d8b5b-2c26-4c9c-bda3-a6a5661804a4,completed,2026-06-19 17:48:26.221899+00:00,2026-06-19 17:48:55.703876+00:00
24966a60-20c9-4af2-ae12-5938c24942f0,completed,2026-06-19 17:48:26.346850+00:00,2026-06-19 17:48:55.859135+00:00
31892ee6-eeda-4ad7-a441-102cde782401,completed,2026-06-19 17:48:26.521875+00:00,2026-06-19 17:48:56.005175+00:00
f8137ed1-d76a-4bea-9530-f172d440a509,completed,2026-06-19 17:48:26.674398+00:00,2026-06-19 17:48:56.156540+00:00
97c1577a-bb26-4558-8ba8-96f1c0386e02,completed,2026-06-19 17:48:26.896628+00:00,2026-06-19 17:48:56.299319+00:00
c63ccf93-67a7-4af9-aa5c-3032320b33bb,completed,2026-06-19 17:48:27.071560+00:00,2026-06-19 17:48:56.459234+00:00
4c8e66de-653e-4700-a16c-d2c96fe09f39,completed,2026-06-19 17:48:27.370760+00:00,2026-06-19 17:48:56.763487+00:00
30555b6b-45a9-4b9c-ac3d-89ca3c28f7e1,completed,2026-06-19 17:48:27.546837+00:00,2026-06-19 17:48:56.916143+00:00
715776f2-405f-476e-80c2-e7b167bba898,completed,2026-06-19 17:48:27.694978+00:00,2026-06-19 17:48:57.066870+00:00
a9d3b743-d843-4f80-a4c9-5b28116ed5a1,completed,2026-06-19 17:48:27.847341+00:00,2026-06-19 17:48:57.213777+00:00
68a59aca-a73e-4c50-8671-be687b2e47fe,completed,2026-06-19 17:48:28.020831+00:00,2026-06-19 17:48:57.362402+00:00
d4a08cc3-711d-4af1-8f1f-61b29de75b5c,completed,2026-06-19 17:48:28.172212+00:00,2026-06-19 17:48:57.506593+00:00
86b91a76-7764-4b05-ae40-7ab5b302942b,completed,2026-06-19 17:48:28.346516+00:00,2026-06-19 17:48:57.662176+00:00
f8fa0b47-ccd8-4729-9fc7-251b62c88e1c,completed,2026-06-19 17:48:28.473629+00:00,2026-06-19 17:48:57.808369+00:00
c90c9751-44d5-400f-b12f-310e36832737,completed,2026-06-19 17:48:28.776086+00:00,2026-06-19 17:48:58.128001+00:00
5cd12f57-95a6-48a5-9f37-c08ad9f45ce6,completed,2026-06-19 17:48:28.921353+00:00,2026-06-19 17:48:58.267978+00:00
463ae219-d901-4b08-931d-b4b34e85c21a,completed,2026-06-19 17:48:29.100520+00:00,2026-06-19 17:48:58.404362+00:00
0cf79e51-d0a0-4eac-ab8c-93a51d390625,completed,2026-06-19 17:48:29.246496+00:00,2026-06-19 17:48:58.555281+00:00
a491faf6-026d-48ac-91e9-c252c321de75,completed,2026-06-19 17:48:29.395455+00:00,2026-06-19 17:48:58.708165+00:00
a222e898-1906-4498-84b7-e96171a394d2,completed,2026-06-19 17:48:29.522062+00:00,2026-06-19 17:48:58.873883+00:00
e9b48c2d-7844-4ef8-9df6-57005f2f3553,completed,2026-06-19 17:48:29.696652+00:00,2026-06-19 17:48:59.027832+00:00
8f3f4555-32a5-416b-8ee9-ee7ccdd1ed21,completed,2026-06-19 17:48:29.872840+00:00,2026-06-19 17:48:59.168421+00:00
b761120a-f25f-4323-b9df-b541043e7a2b,completed,2026-06-19 17:48:30.145966+00:00,2026-06-19 17:48:59.448837+00:00
07e10d8c-7530-4797-ab59-bd3b74a49b0b,completed,2026-06-19 17:48:30.320540+00:00,2026-06-19 17:48:59.604690+00:00
18c2fd5e-965f-4ddf-bad8-c5c5797189d4,completed,2026-06-19 17:48:30.450126+00:00,2026-06-19 17:48:59.749468+00:00
658d0940-583c-44a1-a766-98a226e6c147,completed,2026-06-19 17:48:30.599201+00:00,2026-06-19 17:48:59.909944+00:00
ea073936-2462-4f5a-875b-a055b9612cea,completed,2026-06-19 17:48:30.746278+00:00,2026-06-19 17:49:00.054129+00:00
673b993e-69b4-4dd2-8bab-85e0f99dba27,completed,2026-06-19 17:48:30.901297+00:00,2026-06-19 17:49:00.190849+00:00
a0c99c5b-cd5f-4ad4-a45e-24e4d2fa5e15,completed,2026-06-19 17:48:31.046551+00:00,2026-06-19 17:49:00.334310+00:00
6ad7528c-9067-41a5-bba9-4b412f711316,completed,2026-06-19 17:48:31.195341+00:00,2026-06-19 17:49:00.494906+00:00
70b786ce-dbc7-4ca2-8802-433e21334b17,completed,2026-06-19 17:47:59.221520+00:00,2026-06-19 17:48:29.223043+00:00
203ecff4-60ca-41c0-a7ab-3d0ac9ef4fb1,completed,2026-06-19 17:47:59.371323+00:00,2026-06-19 17:48:29.369910+00:00
99343f78-5f55-4715-ab3a-f576801a9d86,completed,2026-06-19 17:48:00.454455+00:00,2026-06-19 17:48:30.442747+00:00
af78a553-2fff-44e2-8539-851a05deb190,completed,2026-06-19 17:48:01.931876+00:00,2026-06-19 17:48:31.787478+00:00
b76aed5d-3346-4959-b6df-82952493f256,completed,2026-06-19 17:48:03.055845+00:00,2026-06-19 17:48:33.127205+00:00
f8c14d38-67ec-4e4b-a96a-e020018ffe21,completed,2026-06-19 17:48:03.443667+00:00,2026-06-19 17:48:33.587346+00:00
d16ccd53-f71b-4b97-a7b8-8ab5adbeb921,failed,2026-06-19 17:48:03.557148+00:00,2026-06-19 17:48:33.591793+00:00
293c84d5-9f42-4de0-926e-039178bc4f21,failed,2026-06-19 17:48:03.891823+00:00,2026-06-19 17:48:33.907900+00:00
7c8b7705-7a51-440b-94b2-dde980285c42,completed,2026-06-19 17:48:04.246858+00:00,2026-06-19 17:48:34.395246+00:00
5062271f-7c0c-4481-b4ec-d2f6e8a04b6c,failed,2026-06-19 17:48:04.660353+00:00,2026-06-19 17:48:34.714852+00:00
3136772e-92b4-45ad-a32d-f409e3b38351,failed,2026-06-19 17:48:05.099694+00:00,2026-06-19 17:48:35.184469+00:00
e1f2f461-a3b7-49fe-b075-b0b8200908df,failed,2026-06-19 17:48:05.131355+00:00,2026-06-19 17:48:35.187630+00:00
096b3326-2709-49f2-977b-9e99df08a7b2,failed,2026-06-19 17:48:05.451980+00:00,2026-06-19 17:48:35.515458+00:00
6102d740-9106-447e-9795-b2737c416b39,failed,2026-06-19 17:48:05.914309+00:00,2026-06-19 17:48:36.013339+00:00
c5e2a413-9b55-4168-a26e-094c04880d20,failed,2026-06-19 17:48:06.290611+00:00,2026-06-19 17:48:36.351324+00:00
3fcada6d-7147-4ffc-948c-9721a35809dd,completed,2026-06-19 17:48:06.741725+00:00,2026-06-19 17:48:36.837197+00:00
ad41890e-3421-481b-946e-1095ca2ce3e4,failed,2026-06-19 17:48:06.769357+00:00,2026-06-19 17:48:36.840857+00:00
a701dc84-69de-4c77-bd28-4506e7bef251,completed,2026-06-19 17:48:07.062649+00:00,2026-06-19 17:48:37.162175+00:00
dacac28a-7a34-4120-9908-f84bc2d1caba,failed,2026-06-19 17:48:07.458820+00:00,2026-06-19 17:48:37.498936+00:00
16fdee59-3afe-4386-a3a0-c77c146e3ef9,completed,2026-06-19 17:48:07.854792+00:00,2026-06-19 17:48:37.992628+00:00
7ee369cc-9c82-47b3-9c40-e325841aec30,failed,2026-06-19 17:48:08.220088+00:00,2026-06-19 17:48:38.319557+00:00
9dea2aee-4390-45ff-a55d-2fca22ca06f8,failed,2026-06-19 17:48:08.246799+00:00,2026-06-19 17:48:38.325421+00:00
04fde197-f8a1-4ae3-9737-24c9aec9d402,completed,2026-06-19 17:48:08.792853+00:00,2026-06-19 17:48:38.915546+00:00
2072e6af-efc2-4884-915e-c8e70067849c,failed,2026-06-19 17:48:09.034535+00:00,2026-06-19 17:48:39.109797+00:00
a0eee05a-a07d-4a44-834b-2736cfe54c93,failed,2026-06-19 17:48:09.337856+00:00,2026-06-19 17:48:39.441074+00:00
bf132858-6e6a-407a-a9cc-72adc9651fa2,completed,2026-06-19 17:48:09.826891+00:00,2026-06-19 17:48:39.939278+00:00
d74814f3-fb6f-4c54-b4bb-5ea3701ec37a,completed,2026-06-19 17:48:09.978438+00:00,2026-06-19 17:48:40.079118+00:00
31fc7b4a-51dd-49e1-b09f-7cc1080ae369,completed,2026-06-19 17:48:17.622461+00:00,2026-06-19 17:48:47.514217+00:00
8ea254de-63a5-40a8-8bee-1bc27f96902f,completed,2026-06-19 17:48:19.022473+00:00,2026-06-19 17:48:48.884833+00:00
12b60114-5b00-409b-b2a7-b0715e774da7,completed,2026-06-19 17:48:49.797035+00:00,2026-06-19 17:49:19.883944+00:00
a9c2b3d5-2862-4d26-98ac-895ed71e725f,completed,2026-06-19 17:48:49.946483+00:00,2026-06-19 17:49:20.034919+00:00
24c5d8b4-4edb-4b4b-829c-3bb10ec404a8,failed,2026-06-19 17:48:33.482730+00:00,2026-06-19 17:49:03.517153+00:00
9a27aa9f-66dc-4da9-9f70-d776f03632fd,completed,2026-06-19 17:48:31.645121+00:00,2026-06-19 17:49:00.953612+00:00
b51e3610-20b5-4703-8f2a-c9315b1d41f0,completed,2026-06-19 17:48:31.797698+00:00,2026-06-19 17:49:01.108643+00:00
1a1242d5-bee7-439d-9f07-f5f67498d9f9,completed,2026-06-19 17:48:31.946066+00:00,2026-06-19 17:49:01.260657+00:00
c938859f-a9d4-4902-ba0e-2b170557b732,completed,2026-06-19 17:48:32.096342+00:00,2026-06-19 17:49:01.407319+00:00
88d1d26b-5462-4d54-a074-d01cfb7ab622,completed,2026-06-19 17:48:32.251703+00:00,2026-06-19 17:49:01.568493+00:00
9c6c5874-06a4-47e9-98eb-15f813fef417,completed,2026-06-19 17:48:32.397519+00:00,2026-06-19 17:49:01.715861+00:00
276e3b37-5015-40e5-b406-cda94faf0c7b,completed,2026-06-19 17:48:32.698151+00:00,2026-06-19 17:49:02.015776+00:00
e1d92f13-44ad-4ea9-8890-9f12596709d1,completed,2026-06-19 17:48:32.850770+00:00,2026-06-19 17:49:02.159594+00:00
41530dcd-6d7b-4603-86d1-07b393933710,completed,2026-06-19 17:48:32.997556+00:00,2026-06-19 17:49:02.314548+00:00
3aa2a706-a90e-4194-92e1-7a67cb24a579,completed,2026-06-19 17:48:33.145731+00:00,2026-06-19 17:49:02.473715+00:00
e0e32906-17e6-47f5-88ca-9ec3633ec764,completed,2026-06-19 17:48:33.173576+00:00,2026-06-19 17:49:02.617164+00:00
4b7c090d-e41f-480e-b876-dd867583dd7a,completed,2026-06-19 17:48:33.198273+00:00,2026-06-19 17:49:02.774572+00:00
7f6f9077-3447-4ae0-8175-4b47fa4cf1d3,completed,2026-06-19 17:48:33.295376+00:00,2026-06-19 17:49:02.929053+00:00
61aff3a5-e9f0-4d4e-ac5a-d467cbfd8e0b,completed,2026-06-19 17:48:33.321774+00:00,2026-06-19 17:49:03.080467+00:00
f0e42e83-f4a3-4bb6-9172-c17611f12dd3,completed,2026-06-19 17:48:33.370921+00:00,2026-06-19 17:49:03.369850+00:00
80531718-5ecc-4bf8-9470-c0a6e78c3de0,completed,2026-06-19 17:48:33.446131+00:00,2026-06-19 17:49:03.512792+00:00
8b278bc4-d59c-4780-be44-e2e6ad90708f,failed,2026-06-19 17:48:33.620635+00:00,2026-06-19 17:49:03.669605+00:00
26955867-52cf-41eb-8d50-935ad095adf8,completed,2026-06-19 17:48:33.594587+00:00,2026-06-19 17:49:03.664879+00:00
8ee4a630-9515-48d9-8956-a8870908d998,failed,2026-06-19 17:48:33.646506+00:00,2026-06-19 17:49:03.674325+00:00
69eeb123-9fc1-4f35-9426-01153ff1ee3c,failed,2026-06-19 17:48:33.807016+00:00,2026-06-19 17:49:03.821891+00:00
73c5eed7-0bc8-4e94-9c2d-18015c3ac096,completed,2026-06-19 17:48:33.776680+00:00,2026-06-19 17:49:03.818665+00:00
c3d93e70-212a-4098-9861-00958769d221,failed,2026-06-19 17:48:33.849036+00:00,2026-06-19 17:49:03.984780+00:00
49499b79-0838-43cc-b0f0-e9402908a2b6,failed,2026-06-19 17:48:33.922377+00:00,2026-06-19 17:49:03.988367+00:00
2cac3c74-3625-4843-861e-cebe6fb36d20,failed,2026-06-19 17:48:33.945293+00:00,2026-06-19 17:49:03.992620+00:00
edc0140c-cd77-4aa7-9da0-7a2458126a18,failed,2026-06-19 17:48:34.099604+00:00,2026-06-19 17:49:04.154717+00:00
7be79727-8950-4318-bf5b-0e859cc132d5,completed,2026-06-19 17:48:34.071756+00:00,2026-06-19 17:49:04.149604+00:00
51814a80-7d97-4d5e-a083-380a51b7c4df,failed,2026-06-19 17:48:34.121293+00:00,2026-06-19 17:49:04.157275+00:00
2bac7fbb-1411-4942-9918-351e9d0e7209,failed,2026-06-19 17:48:34.145577+00:00,2026-06-19 17:49:04.159794+00:00
c9834cc6-172c-4705-a4f4-9a4c721c7926,completed,2026-06-19 17:48:34.248723+00:00,2026-06-19 17:49:04.309563+00:00
b236a30b-f1bc-432d-8fd1-000b9f5742ba,failed,2026-06-19 17:48:34.405342+00:00,2026-06-19 17:49:04.464831+00:00
525c3111-3be9-413e-95eb-833b99abdcc2,completed,2026-06-19 17:48:34.320730+00:00,2026-06-19 17:49:04.460888+00:00
fc19f83a-5df6-42db-aef7-5a90f93d4a62,failed,2026-06-19 17:48:34.424890+00:00,2026-06-19 17:49:04.467874+00:00
13d18168-cc19-4b4f-866d-4f587bc212c7,failed,2026-06-19 17:48:34.446622+00:00,2026-06-19 17:49:04.471790+00:00
d1f977c1-cfab-4a08-967e-46cf431bdfd8,failed,2026-06-19 17:48:34.596295+00:00,2026-06-19 17:49:04.617244+00:00
175b14f0-771b-43e1-9074-427ddf281aad,completed,2026-06-19 17:48:34.571467+00:00,2026-06-19 17:49:04.613697+00:00
672b1256-5a22-4c3b-9347-ea72a90654b5,failed,2026-06-19 17:48:34.721821+00:00,2026-06-19 17:49:04.761821+00:00
6859289d-768d-436d-8866-1acdf2142d70,failed,2026-06-19 17:48:34.745948+00:00,2026-06-19 17:49:04.765231+00:00
a2a36c15-4de8-45c0-b240-71948aadf1e2,failed,2026-06-19 17:48:34.795668+00:00,2026-06-19 17:49:04.916147+00:00
e781bf9f-5e3f-485b-b2c9-2abd32c1c8ae,completed,2026-06-19 17:48:34.772513+00:00,2026-06-19 17:49:04.912384+00:00
dd0f1aa6-768d-4990-aa65-fc628c2cdbe0,failed,2026-06-19 17:48:34.895299+00:00,2026-06-19 17:49:04.920097+00:00
35c124d5-b2e4-4b64-a07e-ccaf6e7806b7,failed,2026-06-19 17:48:34.920117+00:00,2026-06-19 17:49:04.923089+00:00
dec3f77a-5a83-4cb6-a6e4-dc5e9d74f26f,failed,2026-06-19 17:48:35.046888+00:00,2026-06-19 17:49:05.077139+00:00
bc6cb199-2bc5-4af1-b2da-9032a6a7dbdd,completed,2026-06-19 17:48:34.946446+00:00,2026-06-19 17:49:05.071754+00:00
f5bc2504-03e9-438e-b39b-c321a33e51ec,failed,2026-06-19 17:48:35.120330+00:00,2026-06-19 17:49:05.227866+00:00
8519a71b-f225-4419-9c75-67926876b7f8,completed,2026-06-19 17:48:35.100711+00:00,2026-06-19 17:49:05.223803+00:00
caf2375d-17f9-4dcc-9455-94b826163107,failed,2026-06-19 17:48:35.196126+00:00,2026-06-19 17:49:05.230639+00:00
094b910b-2a0a-4eff-a15e-8b92eeb5a41c,failed,2026-06-19 17:48:35.222509+00:00,2026-06-19 17:49:05.233987+00:00
06584b96-acf8-4cac-a7f1-9460987fc90f,failed,2026-06-19 17:48:35.348844+00:00,2026-06-19 17:49:05.385301+00:00
b3206236-fef0-4568-9f8b-347fff520b8c,completed,2026-06-19 17:48:35.253084+00:00,2026-06-19 17:49:05.381419+00:00
63d5075d-3fc1-43df-9c83-ec9fa1b4d89f,failed,2026-06-19 17:48:35.373859+00:00,2026-06-19 17:49:05.389448+00:00
fad80d64-70dc-4023-bd71-687e32ceeb35,failed,2026-06-19 17:48:35.520300+00:00,2026-06-19 17:49:05.547678+00:00
0217183d-10b7-41a3-9c60-a29f863715fb,completed,2026-06-19 17:48:35.395259+00:00,2026-06-19 17:49:05.539340+00:00
90dee498-a7f9-4644-989f-df352f8d60f6,failed,2026-06-19 17:48:35.573080+00:00,2026-06-19 17:49:05.705359+00:00
aa1bec95-fe3b-4b6b-8bf9-710e586870f4,completed,2026-06-19 17:48:35.553043+00:00,2026-06-19 17:49:05.700784+00:00
b00245ba-afcd-4600-a95d-9a09dc2debaa,failed,2026-06-19 17:48:35.673310+00:00,2026-06-19 17:49:05.709295+00:00
3e68fd47-c132-4ede-aa04-5bf989c775ea,failed,2026-06-19 17:48:35.694742+00:00,2026-06-19 17:49:05.712349+00:00
01c63d66-4ae5-4488-8070-23ba715985e6,failed,2026-06-19 17:48:35.746836+00:00,2026-06-19 17:49:05.881842+00:00
f1867d11-bdf8-4ebd-929d-3d71ce35017b,completed,2026-06-19 17:48:35.720550+00:00,2026-06-19 17:49:05.878232+00:00
5c6c0c59-e7c8-44f5-893d-6769b2b9c517,failed,2026-06-19 17:48:35.845389+00:00,2026-06-19 17:49:05.885538+00:00
576acb01-ff76-453a-929e-9f8eeb86ad9b,failed,2026-06-19 17:48:36.020149+00:00,2026-06-19 17:49:06.050653+00:00
e2f66c0c-789d-4f49-a64b-9f9cbfa6ae99,failed,2026-06-19 17:48:36.046406+00:00,2026-06-19 17:49:06.053655+00:00
2d55d203-49a2-4d6b-b75a-b8ec1b75ff31,failed,2026-06-19 17:48:36.095222+00:00,2026-06-19 17:49:06.208874+00:00
b41fcdcb-6b58-4883-a501-eb9b2e8a0889,completed,2026-06-19 17:48:36.076486+00:00,2026-06-19 17:49:06.205035+00:00
a1e5e3b7-20de-48e3-ae94-5efb319e399a,failed,2026-06-19 17:48:36.194504+00:00,2026-06-19 17:49:06.211931+00:00
ceda4794-b5d5-475e-8e30-4c8ca9e14c55,failed,2026-06-19 17:48:36.272633+00:00,2026-06-19 17:49:06.368095+00:00
87220bab-0e6b-40bf-a48d-fe322ecfad54,completed,2026-06-19 17:48:36.234398+00:00,2026-06-19 17:49:06.359483+00:00
f6f30e63-9bfa-4b29-bb3c-4f6f806bb9ee,failed,2026-06-19 17:48:36.400626+00:00,2026-06-19 17:49:06.532425+00:00
6d936363-09a4-4852-b529-68857a3a9e1c,completed,2026-06-19 17:48:36.373625+00:00,2026-06-19 17:49:06.528423+00:00
7aa51fdc-2c3c-4f09-93e9-c339075447a7,failed,2026-06-19 17:48:36.422593+00:00,2026-06-19 17:49:06.535678+00:00
36c263dc-eacc-41cb-ab97-ac000dabac44,failed,2026-06-19 17:48:36.523472+00:00,2026-06-19 17:49:06.538602+00:00
1af707a9-4fd2-4ff7-86d8-fab4f9c1978c,failed,2026-06-19 17:48:36.572516+00:00,2026-06-19 17:49:06.693201+00:00
0dbaa2bc-ec9f-4818-af47-c2f4935f8e47,completed,2026-06-19 17:48:36.546754+00:00,2026-06-19 17:49:06.689420+00:00
200d6bc6-aaa0-4ea0-b7e3-09575ac7a7b0,failed,2026-06-19 17:48:36.598666+00:00,2026-06-19 17:49:06.697403+00:00
8158b8e5-48eb-453e-9b53-5bbf318b1512,failed,2026-06-19 17:48:36.748018+00:00,2026-06-19 17:49:06.865915+00:00
876e86cb-1192-48bd-b7dc-62e80d9fb2ea,completed,2026-06-19 17:48:36.719764+00:00,2026-06-19 17:49:06.862668+00:00
f23812cb-7699-4b9c-87f2-4e7ff561f444,failed,2026-06-19 17:48:36.774789+00:00,2026-06-19 17:49:06.869091+00:00
9942310d-88a2-4558-a6e0-46212f94222f,failed,2026-06-19 17:48:36.845831+00:00,2026-06-19 17:49:06.873390+00:00
1b28b987-38fd-4b19-8045-4023e876440e,failed,2026-06-19 17:48:36.870361+00:00,2026-06-19 17:49:06.877017+00:00
721b0ace-5c9d-4f12-8382-27130281a0d6,failed,2026-06-19 17:48:36.922882+00:00,2026-06-19 17:49:07.031782+00:00
9e1fd682-78ba-4d21-a0af-b0b7d670eaec,completed,2026-06-19 17:48:36.898384+00:00,2026-06-19 17:49:07.028092+00:00
57700721-225b-465c-8e69-d75e4f30998f,failed,2026-06-19 17:48:37.020332+00:00,2026-06-19 17:49:07.035119+00:00
1db07ba2-702c-4c23-a43e-833d70d5f1f5,failed,2026-06-19 17:48:37.070682+00:00,2026-06-19 17:49:07.181484+00:00
570255b1-2f49-4129-a6a5-defff0b1a8a4,failed,2026-06-19 17:48:37.095921+00:00,2026-06-19 17:49:07.185084+00:00
211f710d-3352-4e34-be6f-9f25d0f4d11f,failed,2026-06-19 17:48:37.170540+00:00,2026-06-19 17:49:07.188377+00:00
373fac51-816a-40f3-b033-ece45536dcd8,failed,2026-06-19 17:48:37.220601+00:00,2026-06-19 17:49:07.351388+00:00
9edf2a62-758f-4f06-a714-e7d48b2c9156,completed,2026-06-19 17:48:37.193776+00:00,2026-06-19 17:49:07.348195+00:00
a0584155-130c-465b-a13d-1ab21f8d2b45,failed,2026-06-19 17:48:37.246704+00:00,2026-06-19 17:49:07.354736+00:00
274fa2bd-c3e3-4138-87e8-45ac19c209c5,failed,2026-06-19 17:48:37.351923+00:00,2026-06-19 17:49:07.359040+00:00
5769485a-6591-4552-9cee-a0f5cf76fe3b,completed,2026-06-19 17:48:37.372811+00:00,2026-06-19 17:49:07.529293+00:00
32e5866d-06f6-43a0-ac8f-c4ca485c5c49,failed,2026-06-19 17:48:37.521251+00:00,2026-06-19 17:49:07.540110+00:00
6623a91b-8313-4d9e-9172-18ab917caa8d,failed,2026-06-19 17:48:37.570250+00:00,2026-06-19 17:49:07.697481+00:00
28a0284e-f29f-4634-96a7-cb90e18d53a8,completed,2026-06-19 17:48:37.545433+00:00,2026-06-19 17:49:07.692589+00:00
4a2feacc-b90b-4229-a6cb-44f71246abc7,failed,2026-06-19 17:48:37.672513+00:00,2026-06-19 17:49:07.700680+00:00
c9f88edd-5752-42e8-8b9f-238425a09114,failed,2026-06-19 17:48:37.695418+00:00,2026-06-19 17:49:07.704093+00:00
52b56fa5-52f3-451b-aae6-6443289cb958,failed,2026-06-19 17:48:37.845932+00:00,2026-06-19 17:49:07.861401+00:00
f42bc6a1-fe69-4ea4-82af-0e883633d254,completed,2026-06-19 17:48:37.721114+00:00,2026-06-19 17:49:07.854787+00:00
1b781e8c-b1b0-4016-8a49-4e10acc0db04,failed,2026-06-19 17:48:37.896941+00:00,2026-06-19 17:49:08.015682+00:00
58b85aaa-8604-4381-a2e3-891ff676ca8c,completed,2026-06-19 17:48:37.871310+00:00,2026-06-19 17:49:08.012221+00:00
01e5a2c6-e23a-41ce-96bc-97656a7f0b41,failed,2026-06-19 17:48:38.045872+00:00,2026-06-19 17:49:08.161597+00:00
30abfb33-c106-4353-b4bb-62467bfda3da,completed,2026-06-19 17:48:38.021073+00:00,2026-06-19 17:49:08.157787+00:00
c4bac8cf-ccc1-49d0-8c42-2acfa39a963f,failed,2026-06-19 17:48:38.072130+00:00,2026-06-19 17:49:08.164696+00:00
b71fbaad-db0e-4b44-a0bc-c8662fe7114e,failed,2026-06-19 17:48:38.095157+00:00,2026-06-19 17:49:08.167880+00:00
b05005f4-5b89-4c76-ae2e-a49a497f0407,failed,2026-06-19 17:48:38.221888+00:00,2026-06-19 17:49:08.314890+00:00
a5b187ad-7f8a-4efb-90dc-37403559d085,completed,2026-06-19 17:48:38.172595+00:00,2026-06-19 17:49:08.307793+00:00
0557a921-790b-4eb7-9d5b-4f9039eb5dca,failed,2026-06-19 17:48:38.245355+00:00,2026-06-19 17:49:08.317916+00:00
568d15d8-5139-4da6-a477-5fd27d9f08ed,failed,2026-06-19 17:48:38.345163+00:00,2026-06-19 17:49:08.482500+00:00
db06bd76-485d-48db-8e6f-8d06a51ee6ac,completed,2026-06-19 17:48:38.319472+00:00,2026-06-19 17:49:08.478213+00:00
fd46d69b-70ac-429a-8909-f36eae6ee011,failed,2026-06-19 17:48:38.370178+00:00,2026-06-19 17:49:08.485627+00:00
b7b1352c-23f9-48d4-bc1b-02b8a0ff976e,failed,2026-06-19 17:48:38.521060+00:00,2026-06-19 17:49:08.634636+00:00
bb05661f-7399-4acf-974c-1c8b9424881b,completed,2026-06-19 17:48:38.494978+00:00,2026-06-19 17:49:08.630819+00:00
e50937f3-2e49-4401-bd25-26e56a18a497,failed,2026-06-19 17:48:38.545773+00:00,2026-06-19 17:49:08.637715+00:00
58bd7c25-5591-425b-ba6d-8e24600be205,failed,2026-06-19 17:48:38.920775+00:00,2026-06-19 17:49:08.936984+00:00
a78e3a09-b705-4b3f-8767-66dbbeefd704,completed,2026-06-19 17:48:38.646143+00:00,2026-06-19 17:49:08.791886+00:00
1d48fe9c-5e80-416f-8673-5a2aebc1a5f7,completed,2026-06-19 17:48:38.799223+00:00,2026-06-19 17:49:08.933540+00:00
eb531d17-2c20-4d63-87d7-11b31f78d74a,failed,2026-06-19 17:48:38.969750+00:00,2026-06-19 17:49:09.082792+00:00
698d83e7-2556-42c1-b1c9-8f9c18c671d6,completed,2026-06-19 17:48:38.945574+00:00,2026-06-19 17:49:09.079294+00:00
eeb8aabb-e43c-4505-84fa-85d859756f40,failed,2026-06-19 17:48:38.995567+00:00,2026-06-19 17:49:09.086067+00:00
47b090ce-7570-4fdb-9cee-0861b0c3552a,failed,2026-06-19 17:48:39.021835+00:00,2026-06-19 17:49:09.089154+00:00
4854a721-437c-457a-803c-c61cf1da698f,failed,2026-06-19 17:48:39.048072+00:00,2026-06-19 17:49:09.094709+00:00
83315073-4c94-4312-bec8-9c5f3a16eeaf,failed,2026-06-19 17:48:39.173134+00:00,2026-06-19 17:49:09.247131+00:00
ac725128-13c5-4e1b-a02c-bdc2e28bd784,failed,2026-06-19 17:48:39.197066+00:00,2026-06-19 17:49:09.251346+00:00
daeee1a0-8899-4658-9ded-3de129a070f1,failed,2026-06-19 17:48:39.222416+00:00,2026-06-19 17:49:09.254945+00:00
79aa4933-306f-4bda-80ff-fc7e86bf5504,failed,2026-06-19 17:48:39.247313+00:00,2026-06-19 17:49:09.258443+00:00
1faf587d-c6be-4f62-8baf-c4c4cbef16af,failed,2026-06-19 17:48:39.295024+00:00,2026-06-19 17:49:09.435719+00:00
c021222e-104c-4e11-819c-7aead808ee4a,completed,2026-06-19 17:48:39.270963+00:00,2026-06-19 17:49:09.432027+00:00
ff80e5ac-6e00-42e4-b924-bddb63eff7b3,failed,2026-06-19 17:48:39.345144+00:00,2026-06-19 17:49:09.442437+00:00
6dfe828b-f29a-472f-a4de-842f88a1f00c,failed,2026-06-19 17:48:39.370702+00:00,2026-06-19 17:49:09.445633+00:00
30a3610e-a092-45a9-a01a-276ed64f145c,failed,2026-06-19 17:48:39.444133+00:00,2026-06-19 17:49:09.449318+00:00
4e2fb310-c1c8-4873-9cd6-5cd34d311c0a,failed,2026-06-19 17:48:39.496262+00:00,2026-06-19 17:49:09.607245+00:00
efca45ad-c9ce-4697-9ef6-b002cd79b7a4,completed,2026-06-19 17:48:39.488707+00:00,2026-06-19 17:49:09.603057+00:00
2694042f-fcf4-41c4-8fe9-26debe01552f,failed,2026-06-19 17:48:39.520242+00:00,2026-06-19 17:49:09.610038+00:00
f175e245-5224-4e9f-8a79-f695c5b207ff,failed,2026-06-19 17:48:39.655178+00:00,2026-06-19 17:49:09.766633+00:00
f7e078c2-85e3-4c9f-a246-6539ae1425df,completed,2026-06-19 17:48:39.621555+00:00,2026-06-19 17:49:09.763144+00:00
197a7a6b-00fb-4cb4-9c65-3af478f9551f,failed,2026-06-19 17:48:39.720350+00:00,2026-06-19 17:49:09.776253+00:00
2a5591cd-e1c4-407b-82d1-ed66c2ba239e,failed,2026-06-19 17:48:39.822835+00:00,2026-06-19 17:49:09.934207+00:00
3e081590-16ba-4183-a8f4-bc91ee2a8ca7,completed,2026-06-19 17:48:39.795791+00:00,2026-06-19 17:49:09.930452+00:00
2c1a45e5-b888-4d0a-b73a-ac3190d6c4e1,failed,2026-06-19 17:48:40.097670+00:00,2026-06-19 17:49:10.104705+00:00
8d74738d-5f11-44ca-8687-bb212e514111,completed,2026-06-19 17:48:39.945302+00:00,2026-06-19 17:49:10.101066+00:00
01189ff4-c1c8-47fb-9909-b8f6c860a031,failed,2026-06-19 17:48:40.394665+00:00,2026-06-19 17:49:10.403583+00:00
f701126e-c58c-4173-b18c-efea0afe1172,completed,2026-06-19 17:48:40.245368+00:00,2026-06-19 17:49:10.258087+00:00
9554cc35-932a-4d83-b461-54693c04f81e,completed,2026-06-19 17:48:40.274348+00:00,2026-06-19 17:49:10.399445+00:00
b5d11506-a096-40e9-a73d-06d15278b7e8,completed,2026-06-19 17:48:40.697540+00:00,2026-06-19 17:49:10.722257+00:00
a73d3ff2-eeca-4d76-ae5a-78ddae16fc38,completed,2026-06-19 17:48:47.520381+00:00,2026-06-19 17:49:17.558816+00:00
3d833426-c47e-4bf6-9ad5-5c1da56deeac,completed,2026-06-19 17:48:47.672565+00:00,2026-06-19 17:49:17.715573+00:00
11ce1c3f-a3a4-4123-aa26-d1984d45a69d,completed,2026-06-19 17:48:47.864087+00:00,2026-06-19 17:49:17.867493+00:00
a24ba7a8-57c7-4963-ba3a-24ee89f5c899,completed,2026-06-19 17:48:47.998964+00:00,2026-06-19 17:49:18.021705+00:00
e13b91c3-5eed-49a6-b234-cd225fda7ba3,completed,2026-06-19 17:48:48.169660+00:00,2026-06-19 17:49:18.219749+00:00
c079f1c9-3839-4f66-b6b5-a6e2bc9f1dc6,completed,2026-06-19 17:48:48.295504+00:00,2026-06-19 17:49:18.369681+00:00
8dc1bb4c-3d4e-4a17-9dda-114a6d73f6f7,completed,2026-06-19 17:48:48.469790+00:00,2026-06-19 17:49:18.527766+00:00
81fbc8d9-0458-48f0-a5bd-48e56b120993,completed,2026-06-19 17:48:50.219518+00:00,2026-06-19 17:49:20.321943+00:00
197e0a5b-abd4-4db2-944f-0b77c59ca199,completed,2026-06-19 17:48:50.369854+00:00,2026-06-19 17:49:20.468170+00:00
cc93ed35-f704-4066-ab90-7cc11e7547ae,completed,2026-06-19 17:48:50.521732+00:00,2026-06-19 17:49:20.622767+00:00
c3f3e449-f31c-45c2-9b30-f89d49dfec90,completed,2026-06-19 17:48:50.671789+00:00,2026-06-19 17:49:20.776108+00:00
c85ecf63-db0f-4802-8fcb-adabb567840c,completed,2026-06-19 17:48:50.795395+00:00,2026-06-19 17:49:20.921513+00:00
20fd3a7b-d478-48a1-8cea-4d85b1dc41ce,completed,2026-06-19 17:48:50.945548+00:00,2026-06-19 17:49:21.075368+00:00
68e9151e-7b96-473c-b5ab-ff1dbbfe8bc5,completed,2026-06-19 17:48:51.244193+00:00,2026-06-19 17:49:21.363043+00:00
99fd85d3-85ef-4a7e-930e-919a9721632d,completed,2026-06-19 17:48:51.370095+00:00,2026-06-19 17:49:21.506374+00:00
7f143b6e-0ec0-485a-83f4-a67e297b5812,completed,2026-06-19 17:48:51.549975+00:00,2026-06-19 17:49:21.666240+00:00
121b8fdf-0c59-4170-8014-936326359bfd,completed,2026-06-19 17:48:51.670167+00:00,2026-06-19 17:49:21.812884+00:00
5786cf89-05b6-491e-ac41-9ded1590b890,completed,2026-06-19 17:48:51.821097+00:00,2026-06-19 17:49:21.952070+00:00
391d51ba-7fd7-4c18-a75d-89dc40739344,completed,2026-06-19 17:48:51.970552+00:00,2026-06-19 17:49:22.099924+00:00
769383f6-8b8b-4f27-9a29-8f88ce634a22,completed,2026-06-19 17:48:52.120401+00:00,2026-06-19 17:49:22.234719+00:00
0e555425-3c21-4f21-b25c-923b4343e3e6,completed,2026-06-19 17:48:52.269900+00:00,2026-06-19 17:49:22.374186+00:00
1e7f6222-fb12-4c53-853e-863f97fe238b,completed,2026-06-19 17:48:52.569880+00:00,2026-06-19 17:49:22.691258+00:00
82190b86-6105-4929-b181-25f1bbe3020c,completed,2026-06-19 17:48:52.744880+00:00,2026-06-19 17:49:22.840340+00:00
7ac5f8a1-f2ad-4b16-a4c8-45b7d92b690b,completed,2026-06-19 17:48:52.870786+00:00,2026-06-19 17:49:22.991130+00:00
7a783bc3-4bd9-45f6-a26a-d3c1d41082b9,completed,2026-06-19 17:48:53.021316+00:00,2026-06-19 17:49:23.132854+00:00
09b32bf5-3595-49b5-85c6-60acad43709b,completed,2026-06-19 17:48:53.170825+00:00,2026-06-19 17:49:23.279976+00:00
15819395-a4bd-4db9-8c35-5b376a868ed7,completed,2026-06-19 17:48:53.323144+00:00,2026-06-19 17:49:23.422153+00:00
64b79547-d968-44eb-9859-22b4eb96f9f3,completed,2026-06-19 17:48:53.475586+00:00,2026-06-19 17:49:23.571179+00:00
3577e248-7881-411e-ada7-a4e9f627918b,completed,2026-06-19 17:48:53.622767+00:00,2026-06-19 17:49:23.726200+00:00
d80aab4d-0037-452f-9f33-94da98b16c45,completed,2026-06-19 17:48:53.921024+00:00,2026-06-19 17:49:24.001074+00:00
f9dda6b2-9b36-4055-984e-4f8f6f61426a,completed,2026-06-19 17:48:54.071016+00:00,2026-06-19 17:49:24.148584+00:00
4950f651-257d-4b08-b0fe-966f9d650a9d,completed,2026-06-19 17:48:54.223043+00:00,2026-06-19 17:49:24.289659+00:00
3cdd9702-ddaf-4332-8e56-ba9a32db6349,completed,2026-06-19 17:48:54.369965+00:00,2026-06-19 17:49:24.425355+00:00
f6a9fca5-1df4-4c39-a302-5261f04b28a8,completed,2026-06-19 17:48:54.520443+00:00,2026-06-19 17:49:24.563026+00:00
ff4b9dd9-f334-4a11-a8da-16580c0b0af7,completed,2026-06-19 17:48:54.695858+00:00,2026-06-19 17:49:24.707986+00:00
997324f1-e30c-4521-9385-ecf5d7adfc21,completed,2026-06-19 17:48:54.821000+00:00,2026-06-19 17:49:24.855971+00:00
81c22bf3-11a0-41dc-8aab-baa2897f6ec1,completed,2026-06-19 17:48:54.970215+00:00,2026-06-19 17:49:25.001832+00:00
6d5ada32-f53d-4c2e-b610-c695049d2461,completed,2026-06-19 17:48:20.422068+00:00,2026-06-19 17:48:50.206643+00:00
a1acda5f-6ab0-424f-acb5-beb181f0f58e,completed,2026-06-19 17:48:20.596988+00:00,2026-06-19 17:48:50.344240+00:00
aa80d27f-1fd7-440d-a22c-e5dde8ca11c0,completed,2026-06-19 17:48:21.720600+00:00,2026-06-19 17:48:51.363865+00:00
0cb96ffb-ef64-4f31-898e-14ab6a3e17e4,completed,2026-06-19 17:48:23.095749+00:00,2026-06-19 17:48:52.716359+00:00
d5af62a8-6478-4eb4-9fda-02e10d4ac1f6,completed,2026-06-19 17:48:24.470466+00:00,2026-06-19 17:48:54.061344+00:00
b4939522-41ab-47fe-8198-a2ede18df01b,completed,2026-06-19 17:48:25.894872+00:00,2026-06-19 17:48:55.391154+00:00
73c28a4d-8952-4202-9d4c-315effe64247,completed,2026-06-19 17:48:26.046998+00:00,2026-06-19 17:48:55.557978+00:00
3e7adde9-1f0a-4e07-9e0e-a5545b25b3da,completed,2026-06-19 17:48:27.221671+00:00,2026-06-19 17:48:56.612093+00:00
45db973b-edd6-44fc-97be-aa444a7edaa0,completed,2026-06-19 17:48:28.629413+00:00,2026-06-19 17:48:57.966850+00:00
f2a711e9-2353-4d2f-981f-11b719d5e42e,completed,2026-06-19 17:48:29.999209+00:00,2026-06-19 17:48:59.308716+00:00
b962ee09-ad68-4c4a-ab18-62ab85620c00,completed,2026-06-19 17:48:31.370769+00:00,2026-06-19 17:49:00.640519+00:00
8a3a8cbe-ddb6-48f9-a738-a5438b4c03d5,completed,2026-06-19 17:48:31.496069+00:00,2026-06-19 17:49:00.786953+00:00
fd2a5f98-4daf-4661-936e-e629ad218ad5,completed,2026-06-19 17:48:32.547826+00:00,2026-06-19 17:49:01.870494+00:00
e6d899b3-e297-4589-a512-c161eb7930ec,completed,2026-06-19 17:48:33.347091+00:00,2026-06-19 17:49:03.228316+00:00
ff13bf8f-7d3a-4674-9aa9-1e76f0310440,completed,2026-06-19 17:48:33.834505+00:00,2026-06-19 17:49:03.980537+00:00
acd0899e-716b-40d5-ba21-3a1298b831ee,failed,2026-06-19 17:48:34.271120+00:00,2026-06-19 17:49:04.313616+00:00
8da8384b-34a6-46cc-90bc-b718b2397c4a,failed,2026-06-19 17:48:34.298287+00:00,2026-06-19 17:49:04.316389+00:00
4d3a2680-b79b-4b82-be7f-527674b8bde2,completed,2026-06-19 17:48:34.621663+00:00,2026-06-19 17:49:04.758200+00:00
718f46f0-563b-48e5-8de4-63f44c76147f,failed,2026-06-19 17:48:35.072357+00:00,2026-06-19 17:49:05.080786+00:00
ea3e7906-a025-4d97-85bc-28655796ecb8,failed,2026-06-19 17:48:35.419916+00:00,2026-06-19 17:49:05.543676+00:00
1f486a08-6836-405e-ac9c-957456999f6c,failed,2026-06-19 17:48:35.870760+00:00,2026-06-19 17:49:05.889055+00:00
991f3c3b-e3a1-492a-bc77-2c485969c208,completed,2026-06-19 17:48:35.895671+00:00,2026-06-19 17:49:06.047087+00:00
d7e86617-6779-497e-b259-aad5284bd8da,failed,2026-06-19 17:48:36.246169+00:00,2026-06-19 17:49:06.363294+00:00
f68bf7a8-7501-4ca4-8090-5d98019ada9c,failed,2026-06-19 17:48:36.696080+00:00,2026-06-19 17:49:06.702517+00:00
b97d64db-a7b3-4355-b23b-b5c9e57afeb4,completed,2026-06-19 17:48:37.046839+00:00,2026-06-19 17:49:07.177868+00:00
b49978c5-efc0-44a1-9a87-7fcf06d4e600,failed,2026-06-19 17:48:37.403748+00:00,2026-06-19 17:49:07.533407+00:00
e5218ef9-7a18-4ae7-82a6-dae0633642e2,failed,2026-06-19 17:48:37.498324+00:00,2026-06-19 17:49:07.536732+00:00
0da2179c-a906-486c-a208-58fb31d59670,failed,2026-06-19 17:48:37.746640+00:00,2026-06-19 17:49:07.858644+00:00
1865d2b4-bfbd-49ea-b05a-85d4e4259bb7,completed,2026-06-19 17:48:55.396539+00:00,2026-06-19 17:49:25.441750+00:00
04ca09b4-f190-4f40-b031-46303fd32d15,completed,2026-06-19 17:48:55.570057+00:00,2026-06-19 17:49:25.589791+00:00
6f98f81e-1bae-43ec-8155-46eccdebf92c,completed,2026-06-19 17:48:55.719301+00:00,2026-06-19 17:49:25.738497+00:00
3e90bbed-96e2-4529-8c13-fbbf8db94782,completed,2026-06-19 17:48:55.871234+00:00,2026-06-19 17:49:25.909965+00:00
37f89d4f-ca3a-437a-9e00-5d64b2cb3780,completed,2026-06-19 17:48:56.019448+00:00,2026-06-19 17:49:26.062086+00:00
1cdd4978-05ee-43e1-b370-3397c6d6c181,completed,2026-06-19 17:48:56.170481+00:00,2026-06-19 17:49:26.198322+00:00
a61b0e04-f127-4784-801d-b32009e9d466,completed,2026-06-19 17:48:56.470190+00:00,2026-06-19 17:49:26.476256+00:00
74091815-f0fd-4a4a-aab1-777161f6f778,completed,2026-06-19 17:48:56.620940+00:00,2026-06-19 17:49:26.631114+00:00
9e51d08f-d8f2-487b-b2a4-56024165c37e,completed,2026-06-19 17:48:56.770114+00:00,2026-06-19 17:49:26.764621+00:00
45a7294e-44e6-4817-b852-10f1a00f093d,completed,2026-06-19 17:48:56.945082+00:00,2026-06-19 17:49:26.898317+00:00
9bc6da43-93dc-4451-8581-6b691852c438,completed,2026-06-19 17:48:57.076853+00:00,2026-06-19 17:49:27.056555+00:00
d91df359-f15b-40f5-8994-b302c5e19f05,completed,2026-06-19 17:48:57.220760+00:00,2026-06-19 17:49:27.205340+00:00
c2675e4e-e953-4f96-9f91-9290899fa1ba,completed,2026-06-19 17:48:57.370211+00:00,2026-06-19 17:49:27.346251+00:00
25c26fe3-cf72-4964-940d-2ad5993af6ed,completed,2026-06-19 17:48:57.521087+00:00,2026-06-19 17:49:27.485281+00:00
95de13ec-e29f-4f46-b84a-f0f5bb06e453,completed,2026-06-19 17:48:57.820251+00:00,2026-06-19 17:49:27.789079+00:00
cbcdebfa-75b4-49b0-84ae-2d09ba416a1f,completed,2026-06-19 17:48:57.972073+00:00,2026-06-19 17:49:27.929170+00:00
8b746e1f-7984-494e-843d-3da5b90d180a,completed,2026-06-19 17:48:58.144688+00:00,2026-06-19 17:49:28.066900+00:00
33a59b40-95ed-40c5-a851-3026da0e857c,completed,2026-06-19 17:48:58.300157+00:00,2026-06-19 17:49:28.220625+00:00
deed6dc3-1317-4a42-8ffc-4d16fd57d5da,completed,2026-06-19 17:48:58.422486+00:00,2026-06-19 17:49:28.359063+00:00
9f94e706-7dbc-428c-a082-9d83bf1a80e2,completed,2026-06-19 17:48:58.571103+00:00,2026-06-19 17:49:28.498166+00:00
b7a8e006-fc98-4bc0-af12-fe5e8c9daeaf,completed,2026-06-19 17:48:58.719879+00:00,2026-06-19 17:49:28.628752+00:00
2480bd93-5733-4c84-87d0-6e0c21eea8a2,completed,2026-06-19 17:48:58.894852+00:00,2026-06-19 17:49:28.777518+00:00
8ff7eb0e-3451-471b-bd55-05a9fe2f801d,completed,2026-06-19 17:48:59.198093+00:00,2026-06-19 17:49:29.092509+00:00
a0be0691-fffa-4887-9e1f-71ae7ed493f3,completed,2026-06-19 17:48:59.320551+00:00,2026-06-19 17:49:29.234977+00:00
23a970dc-af48-433c-850c-4fac97f6ee18,completed,2026-06-19 17:48:59.469222+00:00,2026-06-19 17:49:29.375228+00:00
c1884191-985f-472b-8b65-a144a81d4af1,completed,2026-06-19 17:48:59.619908+00:00,2026-06-19 17:49:29.510175+00:00
56825a0d-1894-467f-92e5-953b38f883ac,completed,2026-06-19 17:48:59.770042+00:00,2026-06-19 17:49:29.646699+00:00
0185bffd-fe6a-4c6a-8af5-9be188583cbb,completed,2026-06-19 17:48:59.920673+00:00,2026-06-19 17:49:29.803735+00:00
daf9e80c-609e-4e9b-83c2-9b671460f089,completed,2026-06-19 17:49:00.070685+00:00,2026-06-19 17:49:29.948376+00:00
f2819f59-51d6-4b15-9925-7a21394eb8c2,completed,2026-06-19 17:49:00.202204+00:00,2026-06-19 17:49:30.085043+00:00
4768b856-cc43-4251-8c13-edc3e64e9258,failed,2026-06-19 17:49:03.720315+00:00,2026-06-19 17:49:33.752398+00:00
7914f94e-dba2-4a20-9083-1c4d449fc15f,completed,2026-06-19 17:49:00.649824+00:00,2026-06-19 17:49:30.532085+00:00
042d2978-5e27-44de-ad33-dffa4893b666,completed,2026-06-19 17:49:00.795436+00:00,2026-06-19 17:49:30.675020+00:00
73a419d2-e346-4549-9c7b-8edd36ea58f0,completed,2026-06-19 17:49:00.969783+00:00,2026-06-19 17:49:30.811010+00:00
064382e3-1300-4bfc-8655-61e8969cb8b5,completed,2026-06-19 17:49:01.123308+00:00,2026-06-19 17:49:30.955879+00:00
26310eff-0bf3-44f7-879b-66b4a25cf6a0,completed,2026-06-19 17:49:01.270274+00:00,2026-06-19 17:49:31.109553+00:00
74e38dd5-0740-4341-b481-82441853733c,completed,2026-06-19 17:49:01.424094+00:00,2026-06-19 17:49:31.262239+00:00
5bee309e-77a7-4530-a02c-6a7ccc2c3f9a,completed,2026-06-19 17:49:01.719667+00:00,2026-06-19 17:49:31.559199+00:00
6aff36bc-1b29-43fc-b7a2-1092f55f2dc2,completed,2026-06-19 17:49:01.898321+00:00,2026-06-19 17:49:31.704794+00:00
18fa9ea1-da4a-48df-9432-919f7ad7d73c,completed,2026-06-19 17:49:02.022786+00:00,2026-06-19 17:49:31.862174+00:00
57f1148a-619d-45b3-9b41-4d6472a4489a,completed,2026-06-19 17:49:02.169790+00:00,2026-06-19 17:49:32.008166+00:00
119056e7-3ff8-4bec-be84-7372a3a32afe,completed,2026-06-19 17:49:02.322288+00:00,2026-06-19 17:49:32.148790+00:00
63945b94-0e60-4228-ae19-952a2316b6ae,completed,2026-06-19 17:49:02.497562+00:00,2026-06-19 17:49:32.289707+00:00
bfde4beb-d3ce-487a-9adb-0a33da8ea529,completed,2026-06-19 17:49:02.644407+00:00,2026-06-19 17:49:32.429650+00:00
d859cad3-cc9a-4708-9be1-1edfb1a3668e,completed,2026-06-19 17:49:02.798291+00:00,2026-06-19 17:49:32.577466+00:00
79522868-0278-4d7f-bbc6-d89727ed1944,completed,2026-06-19 17:49:03.095817+00:00,2026-06-19 17:49:32.859328+00:00
e42aef37-2162-4225-afe5-c951d18c6c53,completed,2026-06-19 17:49:03.245242+00:00,2026-06-19 17:49:32.996675+00:00
9e09f32f-99d6-4a31-b23c-124a68d6922f,completed,2026-06-19 17:49:03.396069+00:00,2026-06-19 17:49:33.166855+00:00
0578f9f9-e0de-47c7-9e71-ec8d310fb4c1,completed,2026-06-19 17:49:03.522263+00:00,2026-06-19 17:49:33.304259+00:00
bb049024-d087-4066-bd14-2129b1a472d2,completed,2026-06-19 17:49:03.545969+00:00,2026-06-19 17:49:33.461801+00:00
3a3016be-0d17-4004-a2ef-e338b5e85cec,completed,2026-06-19 17:49:03.670596+00:00,2026-06-19 17:49:33.605393+00:00
6a4a9699-225d-4681-bd83-0f00415d2e1e,completed,2026-06-19 17:49:03.695536+00:00,2026-06-19 17:49:33.748168+00:00
4688e729-33a4-4c20-903e-ace47c605698,failed,2026-06-19 17:49:03.872604+00:00,2026-06-19 17:49:33.910153+00:00
ff484fab-70f6-4c1a-bc1b-7dd5866c0962,failed,2026-06-19 17:49:04.019941+00:00,2026-06-19 17:49:34.088252+00:00
ea53b276-8457-4feb-86a6-b6d8b52f3cd3,completed,2026-06-19 17:49:03.997413+00:00,2026-06-19 17:49:34.084439+00:00
0b455910-64e0-4ebf-964a-9816e38d9ce2,failed,2026-06-19 17:49:04.044933+00:00,2026-06-19 17:49:34.091729+00:00
c1cc9483-96f6-44bd-9d25-fb28cbb4ee43,failed,2026-06-19 17:49:04.071880+00:00,2026-06-19 17:49:34.095223+00:00
800513ee-27eb-4d0c-8258-bb25b60dce55,failed,2026-06-19 17:49:04.194773+00:00,2026-06-19 17:49:34.233748+00:00
6e2e0832-1a04-4c69-b050-bc0343979a61,completed,2026-06-19 17:49:04.170965+00:00,2026-06-19 17:49:34.229937+00:00
888e6078-5a75-4ef9-a1bd-11091a19fad0,failed,2026-06-19 17:49:04.220687+00:00,2026-06-19 17:49:34.237579+00:00
12c22c8f-c1e0-4731-aca2-1fe6a2a1bbd3,failed,2026-06-19 17:49:04.345309+00:00,2026-06-19 17:49:34.389161+00:00
a099d3dc-4d21-4b74-bd73-baa7d5a3f186,failed,2026-06-19 17:49:04.370795+00:00,2026-06-19 17:49:34.392390+00:00
c2665772-7608-455d-9cc9-c836308a996c,failed,2026-06-19 17:49:04.495156+00:00,2026-06-19 17:49:34.550874+00:00
b426a883-0c1d-4145-8995-fe508efddccf,completed,2026-06-19 17:49:04.471630+00:00,2026-06-19 17:49:34.547147+00:00
1cd52cc9-6b92-4c98-928e-83407027b475,failed,2026-06-19 17:49:04.519915+00:00,2026-06-19 17:49:34.554246+00:00
0106ebc6-0f9a-4a3c-9d41-d1ae004e0538,failed,2026-06-19 17:49:04.647484+00:00,2026-06-19 17:49:34.704886+00:00
4df748a3-3aea-43ac-abf0-41177257ec86,completed,2026-06-19 17:49:04.567056+00:00,2026-06-19 17:49:34.697499+00:00
def282dd-bc5f-486f-ac7a-08c366bd9b3d,failed,2026-06-19 17:49:04.795946+00:00,2026-06-19 17:49:34.866455+00:00
cf45a153-5ae4-4b80-ac80-0947d3bb8521,completed,2026-06-19 17:49:04.772834+00:00,2026-06-19 17:49:34.863029+00:00
3306bdaa-4ee1-4b7f-abbf-161a5c327e07,failed,2026-06-19 17:49:04.820530+00:00,2026-06-19 17:49:34.869717+00:00
b0318289-f082-4ba5-882a-5861efd34068,failed,2026-06-19 17:49:04.945433+00:00,2026-06-19 17:49:35.009624+00:00
784f075a-2f44-4927-b77d-40877ecea362,completed,2026-06-19 17:49:04.921853+00:00,2026-06-19 17:49:35.006149+00:00
2f5a354c-91fa-4da0-81a1-1ddbbd8481e3,failed,2026-06-19 17:49:04.970660+00:00,2026-06-19 17:49:35.012945+00:00
eeacb1f7-cdd3-4884-8a19-073598f565ab,failed,2026-06-19 17:49:04.995230+00:00,2026-06-19 17:49:35.015796+00:00
7648e5e8-2837-4761-84ad-e7dc0051d279,failed,2026-06-19 17:49:05.119433+00:00,2026-06-19 17:49:35.157073+00:00
cbe95eec-c8c2-4204-9a8b-68cee924a39a,failed,2026-06-19 17:49:05.145803+00:00,2026-06-19 17:49:35.159934+00:00
4fb96f98-dbac-4ba0-97e4-5c08030a8435,failed,2026-06-19 17:49:05.270894+00:00,2026-06-19 17:49:35.299585+00:00
0db1967f-a773-431c-b946-97fc601b8370,completed,2026-06-19 17:49:05.246184+00:00,2026-06-19 17:49:35.295048+00:00
14745696-04a0-42c5-a056-66022ade88e3,failed,2026-06-19 17:49:05.296080+00:00,2026-06-19 17:49:35.303679+00:00
f1dc1c8c-066c-46ed-98da-4838ccac33fa,failed,2026-06-19 17:49:05.395760+00:00,2026-06-19 17:49:35.452927+00:00
f10bf244-31b1-4eab-bd52-2cdb0719c098,completed,2026-06-19 17:49:05.320868+00:00,2026-06-19 17:49:35.448736+00:00
0cce990b-e5ff-49be-88fc-83f8877f0ca1,failed,2026-06-19 17:49:05.426278+00:00,2026-06-19 17:49:35.456286+00:00
ecce6e17-d58b-4d57-9032-10e766e14090,failed,2026-06-19 17:49:05.572599+00:00,2026-06-19 17:49:35.616304+00:00
3c7afce3-6498-4161-b7a4-c91e2ddfb292,completed,2026-06-19 17:49:05.546312+00:00,2026-06-19 17:49:35.612235+00:00
8744c4bb-dbb5-43df-b0be-3f78daaed804,failed,2026-06-19 17:49:05.596065+00:00,2026-06-19 17:49:35.619671+00:00
9a07ad1c-323c-4436-b04e-ef3d2d39a87c,failed,2026-06-19 17:49:05.745490+00:00,2026-06-19 17:49:35.763232+00:00
a38716d2-3613-4c8f-ba82-a182a7b7ea64,completed,2026-06-19 17:49:05.718590+00:00,2026-06-19 17:49:35.758735+00:00
122cb4c9-d454-4183-ab04-8b87d845de15,failed,2026-06-19 17:49:05.797320+00:00,2026-06-19 17:49:35.912173+00:00
f89304c3-eec2-4b9a-863e-c2c4d21fb3bb,completed,2026-06-19 17:49:05.771822+00:00,2026-06-19 17:49:35.908052+00:00
8eda59ba-f482-4e50-bb84-f0b66b1d27cc,failed,2026-06-19 17:49:05.898223+00:00,2026-06-19 17:49:35.915346+00:00
68f4439b-4deb-4d6c-a318-ae4499910f3b,failed,2026-06-19 17:49:05.971495+00:00,2026-06-19 17:49:36.067620+00:00
6aac4054-5c46-4aca-a33f-9672e79e50bb,failed,2026-06-19 17:49:06.094915+00:00,2026-06-19 17:49:36.199426+00:00
5da84d1b-8177-495a-bbc5-145ba032ea83,completed,2026-06-19 17:49:06.074061+00:00,2026-06-19 17:49:36.195940+00:00
a0463c42-a4fc-47eb-9011-8460a5c94274,failed,2026-06-19 17:49:06.119694+00:00,2026-06-19 17:49:36.202970+00:00
65da24c8-b276-456d-b8f1-8fb60f19076c,failed,2026-06-19 17:49:06.247905+00:00,2026-06-19 17:49:36.349229+00:00
c2fd5e55-94fb-48a5-9f83-0ed7ff1b8a81,completed,2026-06-19 17:49:06.221334+00:00,2026-06-19 17:49:36.345542+00:00
8ab86aae-2c4e-473d-b0eb-8a1fa39cf532,failed,2026-06-19 17:49:06.394256+00:00,2026-06-19 17:49:36.491525+00:00
5b4936e0-f2cc-4050-8859-123a606d1cd7,completed,2026-06-19 17:49:06.369207+00:00,2026-06-19 17:49:36.487244+00:00
62d4d3ab-9295-457e-a939-e8ce6a4112e5,failed,2026-06-19 17:49:06.422516+00:00,2026-06-19 17:49:36.494810+00:00
d03243a5-9127-4df5-a720-2de59db0b2cf,failed,2026-06-19 17:49:06.570062+00:00,2026-06-19 17:49:36.640576+00:00
8ca124c7-82fd-4fdc-a64d-667b7466a239,completed,2026-06-19 17:49:06.544658+00:00,2026-06-19 17:49:36.636479+00:00
e49a79fb-33fe-4b3f-ada5-bc30f8986307,failed,2026-06-19 17:49:06.595556+00:00,2026-06-19 17:49:36.643625+00:00
9413d9bd-0960-49d3-afa6-7bdf6e3522ec,failed,2026-06-19 17:49:06.620339+00:00,2026-06-19 17:49:36.647061+00:00
d632833d-860e-4298-bfac-5495a2562a37,failed,2026-06-19 17:49:06.748614+00:00,2026-06-19 17:49:36.784783+00:00
3f4d4202-689c-4ae1-af05-7e2db8f09dca,completed,2026-06-19 17:49:06.697212+00:00,2026-06-19 17:49:36.777325+00:00
aefc9b7f-a738-44c4-8d48-0d80be930fe8,failed,2026-06-19 17:49:06.770370+00:00,2026-06-19 17:49:36.788008+00:00
9a246dd4-ed2c-49e6-9ed8-bbc816132727,failed,2026-06-19 17:49:06.896862+00:00,2026-06-19 17:49:36.926960+00:00
cfaff3a2-79d0-4af4-8fac-1616aeaea09b,completed,2026-06-19 17:49:06.872773+00:00,2026-06-19 17:49:36.923515+00:00
2ae2ae0c-e3cd-44c2-abbb-d15ee0b9d698,failed,2026-06-19 17:49:06.919249+00:00,2026-06-19 17:49:36.930260+00:00
6d1d4917-dbea-470b-b4ce-5a9632ef55df,failed,2026-06-19 17:49:06.970275+00:00,2026-06-19 17:49:37.075342+00:00
af8c84d4-b455-49b0-bf55-ea7eef0236da,completed,2026-06-19 17:49:06.943158+00:00,2026-06-19 17:49:37.071581+00:00
def24836-555b-4c53-a2e6-6737ef1ef6b7,failed,2026-06-19 17:49:07.047587+00:00,2026-06-19 17:49:37.078596+00:00
858e795a-18a9-4960-afdc-19fd60315417,failed,2026-06-19 17:49:07.196968+00:00,2026-06-19 17:49:37.228834+00:00
e8e962b5-013a-4be8-81da-3b51f0abb639,completed,2026-06-19 17:49:07.097055+00:00,2026-06-19 17:49:37.224640+00:00
5296614b-d4a9-45c1-b37a-267ac30ddb9e,failed,2026-06-19 17:49:07.220345+00:00,2026-06-19 17:49:37.232018+00:00
fccb7a05-31a9-4e32-9544-8972cd7ca5e5,failed,2026-06-19 17:49:07.271323+00:00,2026-06-19 17:49:37.375080+00:00
bb1b44f8-6525-49ab-a6af-1a4927c748ad,completed,2026-06-19 17:49:07.246734+00:00,2026-06-19 17:49:37.370915+00:00
3a726b99-055c-4142-8e12-b15636ab9f4c,failed,2026-06-19 17:49:07.371957+00:00,2026-06-19 17:49:37.378808+00:00
16366809-512f-4b6a-b11f-032e0bee7beb,failed,2026-06-19 17:49:07.425379+00:00,2026-06-19 17:49:37.523638+00:00
5a6a0f52-15ae-47b0-a8e8-e063e4c4229c,completed,2026-06-19 17:49:07.395605+00:00,2026-06-19 17:49:37.519818+00:00
3ec0e8c5-39e4-4427-a97c-ac37a9bab593,failed,2026-06-19 17:49:07.570682+00:00,2026-06-19 17:49:37.714911+00:00
9130b0d5-615a-4e44-944b-402df82b89e2,failed,2026-06-19 17:49:07.596966+00:00,2026-06-19 17:49:37.718538+00:00
54c6982f-961e-4404-80d0-bdb7ef62fe65,failed,2026-06-19 17:49:07.620162+00:00,2026-06-19 17:49:37.721228+00:00
f5ebf188-b002-4b5c-8c2c-477a2cd31833,failed,2026-06-19 17:49:07.699178+00:00,2026-06-19 17:49:37.727542+00:00
e3d9cb24-f088-494b-b66a-e798d8d61ecc,failed,2026-06-19 17:49:07.724988+00:00,2026-06-19 17:49:37.730528+00:00
45b84114-5ae0-4e4c-8db7-b67c9dd807c5,failed,2026-06-19 17:49:07.870250+00:00,2026-06-19 17:49:37.877133+00:00
bac7ddd9-ec15-495a-a99e-b681f08e97fe,completed,2026-06-19 17:49:07.744413+00:00,2026-06-19 17:49:37.870587+00:00
adfbf0a6-6eb4-46a0-be88-4c8c06a5ba9e,failed,2026-06-19 17:49:07.919914+00:00,2026-06-19 17:49:38.006127+00:00
c862592a-c9a5-429c-b31e-7d51a67db366,completed,2026-06-19 17:49:07.896434+00:00,2026-06-19 17:49:38.002957+00:00
e1abf1b1-c15d-47b2-99d6-625a860b98b2,failed,2026-06-19 17:49:08.045196+00:00,2026-06-19 17:49:38.143377+00:00
33256a15-896d-4b3a-bca6-8e3ce7d18f76,completed,2026-06-19 17:49:08.020157+00:00,2026-06-19 17:49:38.139346+00:00
ac50f8fc-19b4-434c-b1bd-b5097594cba0,failed,2026-06-19 17:49:08.194677+00:00,2026-06-19 17:49:38.282782+00:00
9b368731-a81f-4862-8480-01755f6d5d89,completed,2026-06-19 17:49:08.170429+00:00,2026-06-19 17:49:38.278729+00:00
a54f77bc-76cc-466e-918b-b80c6b037b7c,failed,2026-06-19 17:49:08.221129+00:00,2026-06-19 17:49:38.286508+00:00
4303ef7a-a80e-4f0a-aaa1-2da1363bb229,failed,2026-06-19 17:49:08.366481+00:00,2026-06-19 17:49:38.427521+00:00
5e631423-dbbb-4253-862b-71c506306324,completed,2026-06-19 17:49:08.321632+00:00,2026-06-19 17:49:38.422897+00:00
66b1b2c1-2609-4bf0-9af7-c9e6d237d077,failed,2026-06-19 17:49:08.398843+00:00,2026-06-19 17:49:38.434954+00:00
3429fae5-542e-4045-ab61-8dcb00afe955,failed,2026-06-19 17:49:08.522842+00:00,2026-06-19 17:49:38.578893+00:00
6b174051-8882-46f2-865a-c97c5884a108,completed,2026-06-19 17:49:08.496922+00:00,2026-06-19 17:49:38.575092+00:00
5de8ff05-a383-44c7-b6f7-82646adfc862,failed,2026-06-19 17:49:08.545273+00:00,2026-06-19 17:49:38.582018+00:00
33cd1f51-f687-4e07-9490-f34b5aeb9230,failed,2026-06-19 17:49:08.669372+00:00,2026-06-19 17:49:38.716753+00:00
cc0b180a-8ffa-402f-b3ce-df2d080d15f6,completed,2026-06-19 17:49:08.647706+00:00,2026-06-19 17:49:38.712802+00:00
377910a6-f008-4a20-b3fa-2125d75d7414,failed,2026-06-19 17:49:08.720555+00:00,2026-06-19 17:49:38.723276+00:00
758be44a-f359-4ad1-a3c9-fb1abd912607,failed,2026-06-19 17:49:08.970201+00:00,2026-06-19 17:49:39.004252+00:00
5bb20af9-a8da-4407-85cd-a31f622dac62,completed,2026-06-19 17:49:08.796021+00:00,2026-06-19 17:49:38.858276+00:00
8039fff8-3c3b-424b-9abc-b555ffdda119,completed,2026-06-19 17:49:08.945758+00:00,2026-06-19 17:49:39.000908+00:00
5c922499-4c78-4d2d-a331-87c6d030638b,failed,2026-06-19 17:49:09.121463+00:00,2026-06-19 17:49:39.148648+00:00
bd0c5d2d-e118-4edc-8eb9-db753c183cc0,completed,2026-06-19 17:49:09.095657+00:00,2026-06-19 17:49:39.144958+00:00
2db1c7e0-59f2-441d-bf69-bb940562545e,failed,2026-06-19 17:49:09.145853+00:00,2026-06-19 17:49:39.151888+00:00
c32f474c-2398-44d1-9309-db4795613e60,completed,2026-06-19 17:49:09.184603+00:00,2026-06-19 17:49:39.295127+00:00
c1a79c21-2a2c-4ddb-8115-1ea2990deb95,failed,2026-06-19 17:48:38.196443+00:00,2026-06-19 17:49:08.311211+00:00
4d99c0c1-4540-4cdc-969a-dcd3d18d3705,failed,2026-06-19 17:48:38.571232+00:00,2026-06-19 17:49:08.640859+00:00
02d05443-a1bb-4773-8b5b-2bbd24d2a6b6,completed,2026-06-19 17:48:39.122560+00:00,2026-06-19 17:49:09.238479+00:00
02cad1cc-afe0-42f9-b8b5-f747f63c53cd,failed,2026-06-19 17:48:39.144253+00:00,2026-06-19 17:49:09.242551+00:00
b92361f1-cbd3-43ec-b35f-f1542e2375a1,failed,2026-06-19 17:48:39.322002+00:00,2026-06-19 17:49:09.438892+00:00
000734c1-1b0d-4943-95f1-72ca5fb3a775,failed,2026-06-19 17:48:39.673771+00:00,2026-06-19 17:49:09.770326+00:00
3f1580c3-167d-48d7-81c6-4764d3f7989f,completed,2026-06-19 17:48:40.546544+00:00,2026-06-19 17:49:10.567689+00:00
b0d12c10-f32d-4273-a903-196b08803446,completed,2026-06-19 17:48:40.848635+00:00,2026-06-19 17:49:10.872790+00:00
7faaa95a-c1e5-4e51-acc5-9e0381485ccb,completed,2026-06-19 17:48:41.020132+00:00,2026-06-19 17:49:11.022044+00:00
5e17ea8d-508d-4a6b-87f0-c8c22cc37245,completed,2026-06-19 17:48:41.156208+00:00,2026-06-19 17:49:11.188787+00:00
d625194d-4c6b-4177-888b-65d0fa2095f9,completed,2026-06-19 17:48:41.297362+00:00,2026-06-19 17:49:11.336204+00:00
d01c3542-2a7f-4eaf-9347-ed50b5c8669a,completed,2026-06-19 17:48:42.070472+00:00,2026-06-19 17:49:12.082880+00:00
092f717c-9af1-4074-9cfe-b50a8de703a2,completed,2026-06-19 17:48:42.224800+00:00,2026-06-19 17:49:12.232570+00:00
2772f154-7af9-4b9d-9156-d72606e3177d,completed,2026-06-19 17:48:42.375982+00:00,2026-06-19 17:49:12.373814+00:00
5be40a23-3e2d-4904-9125-970fbd10c2f5,completed,2026-06-19 17:48:42.522148+00:00,2026-06-19 17:49:12.520004+00:00
bb7b53b0-bb24-480c-b463-70f05f26026c,completed,2026-06-19 17:48:42.669609+00:00,2026-06-19 17:49:12.664666+00:00
08497cc5-e258-4561-ab83-54facec75fb6,completed,2026-06-19 17:48:42.821636+00:00,2026-06-19 17:49:12.824870+00:00
4a6c8332-b909-4602-87b4-9e7b889a315a,completed,2026-06-19 17:48:42.846734+00:00,2026-06-19 17:49:12.971811+00:00
738fb07f-caa0-4fb8-8b80-50487d5bcd43,failed,2026-06-19 17:48:42.951664+00:00,2026-06-19 17:49:12.975550+00:00
2a251036-9cb2-4fee-9138-5633545ca11b,completed,2026-06-19 17:48:43.120727+00:00,2026-06-19 17:49:13.114447+00:00
bccc173b-434e-48df-b795-f8ffaac0a2d8,completed,2026-06-19 17:48:43.244885+00:00,2026-06-19 17:49:13.258516+00:00
42c954da-ceaf-4b5d-ac95-5509aea11a26,completed,2026-06-19 17:48:43.397777+00:00,2026-06-19 17:49:13.404588+00:00
8efe89ad-e8f4-4877-b378-802d4eb64f06,completed,2026-06-19 17:48:43.570380+00:00,2026-06-19 17:49:13.570261+00:00
497ab3c0-e599-4961-a067-60f287f58e69,completed,2026-06-19 17:48:43.722222+00:00,2026-06-19 17:49:13.716785+00:00
5732e13e-a428-48b5-8ace-6fd1bfb6c4d5,completed,2026-06-19 17:48:43.876406+00:00,2026-06-19 17:49:13.867608+00:00
ca97ff05-296e-4795-bdc5-ef8ad79d69f3,completed,2026-06-19 17:48:44.022951+00:00,2026-06-19 17:49:14.023069+00:00
4a03134c-376f-47e6-80fd-0cc54b1c3a7c,completed,2026-06-19 17:48:44.146876+00:00,2026-06-19 17:49:14.167356+00:00
8e3302f3-92fe-460c-87c5-7e38f11f8b9d,completed,2026-06-19 17:48:44.297649+00:00,2026-06-19 17:49:14.309324+00:00
f906a90b-7f62-4b4a-ad3c-3b9f4b2f5fdc,completed,2026-06-19 17:48:44.470830+00:00,2026-06-19 17:49:14.462851+00:00
9292ee86-fafa-42cb-9661-5a54ea1227cb,completed,2026-06-19 17:48:44.621265+00:00,2026-06-19 17:49:14.606378+00:00
bcfe43a5-bf66-420e-8812-760767b2bf0f,failed,2026-06-19 17:49:08.387040+00:00,2026-06-19 17:49:38.431392+00:00
4f18fe26-f914-418c-928e-c66bceec5f3c,failed,2026-06-19 17:49:09.272533+00:00,2026-06-19 17:49:39.306488+00:00
1c10f3c7-33e4-45ba-b438-84bad4c662b9,failed,2026-06-19 17:49:09.300137+00:00,2026-06-19 17:49:39.309288+00:00
d3b4324f-a470-47ff-88eb-6f96449e2bf5,failed,2026-06-19 17:49:09.345342+00:00,2026-06-19 17:49:39.444995+00:00
72af2ef7-f3f8-4cb2-9204-ddb115c41ddd,completed,2026-06-19 17:49:09.320428+00:00,2026-06-19 17:49:39.440980+00:00
f5bcfd9f-25eb-4d25-b3c4-f4659c053b7e,failed,2026-06-19 17:49:09.376668+00:00,2026-06-19 17:49:39.448386+00:00
343dee1d-1480-409c-8314-92080e59200a,failed,2026-06-19 17:49:09.444613+00:00,2026-06-19 17:49:39.452160+00:00
02b4d023-7638-4e20-bf14-f3d88d6487a5,failed,2026-06-19 17:49:09.495625+00:00,2026-06-19 17:49:39.589181+00:00
cf2f63f7-e8d4-42b1-9589-18bf0b407f8b,failed,2026-06-19 17:49:09.523246+00:00,2026-06-19 17:49:39.592474+00:00
47f8a05a-8978-440f-bd57-8a6fffa5bcb8,failed,2026-06-19 17:49:09.546559+00:00,2026-06-19 17:49:39.596957+00:00
6cf83b0d-830d-4859-b867-d33289eda878,failed,2026-06-19 17:49:09.571679+00:00,2026-06-19 17:49:39.600571+00:00
90b644e8-3a7f-4c4c-a1bc-6cb3ccddc46f,failed,2026-06-19 17:49:09.645268+00:00,2026-06-19 17:49:39.733923+00:00
23f4fa65-39ef-43ff-b96e-9fbf21054db2,completed,2026-06-19 17:49:09.622767+00:00,2026-06-19 17:49:39.729487+00:00
7744f8c0-5a6c-4230-9569-3d4c6ca20857,failed,2026-06-19 17:49:09.671147+00:00,2026-06-19 17:49:39.737785+00:00
c9399011-b5e4-4ad5-af9b-379fd801c12f,failed,2026-06-19 17:49:09.821057+00:00,2026-06-19 17:49:39.889472+00:00
9cedb624-e483-4dec-9d88-e1320c465684,completed,2026-06-19 17:49:09.770047+00:00,2026-06-19 17:49:39.881945+00:00
2593664b-1ab4-4087-82c3-357bdab147cc,failed,2026-06-19 17:49:09.861203+00:00,2026-06-19 17:49:39.892758+00:00
346bd4d7-ebcf-4775-a8b0-0b17aee4ed7a,failed,2026-06-19 17:49:09.971835+00:00,2026-06-19 17:49:40.070876+00:00
456e6389-0cb0-422a-822b-f376702bdb6d,completed,2026-06-19 17:49:09.946612+00:00,2026-06-19 17:49:40.066307+00:00
7839f174-7f36-48c4-8431-52a871eda388,failed,2026-06-19 17:49:10.144976+00:00,2026-06-19 17:49:40.221145+00:00
61202cae-9927-45db-9833-f040eb5e5fe6,completed,2026-06-19 17:49:10.120519+00:00,2026-06-19 17:49:40.217072+00:00
34732425-7523-4d09-aca6-495337851b9e,completed,2026-06-19 17:49:10.270039+00:00,2026-06-19 17:49:40.357694+00:00
d418334b-e80b-4e67-b6f2-dd884b13e43b,completed,2026-06-19 17:49:10.421890+00:00,2026-06-19 17:49:40.506978+00:00
c596947b-d3bd-4e68-a40a-4851102ef4a3,completed,2026-06-19 17:49:10.596066+00:00,2026-06-19 17:49:40.645821+00:00
020fe258-983d-41d7-aceb-269690ef0293,completed,2026-06-19 17:49:10.745619+00:00,2026-06-19 17:49:40.811998+00:00
84fb213e-5279-4568-a154-486130e1a082,completed,2026-06-19 17:49:10.895624+00:00,2026-06-19 17:49:40.949363+00:00
c9829e52-a2a9-459f-bd26-bbf8f18e50bb,completed,2026-06-19 17:49:11.044922+00:00,2026-06-19 17:49:41.092447+00:00
725d496c-bb4c-4767-bc93-1ab5e483b9e1,completed,2026-06-19 17:49:11.195527+00:00,2026-06-19 17:49:41.223604+00:00
2e73cc2a-26cf-41e7-a0e9-b1eede01e634,completed,2026-06-19 17:49:11.346792+00:00,2026-06-19 17:49:41.369051+00:00
9c457d7c-bbec-4eca-ada6-5bd7a906c1f9,completed,2026-06-19 17:49:11.494964+00:00,2026-06-19 17:49:41.513630+00:00
a34ae988-4296-4512-9903-d6241e5d7c5f,completed,2026-06-19 17:49:11.647270+00:00,2026-06-19 17:49:41.656393+00:00
f1176708-b040-4bdf-affe-c2eed1d7ccdc,completed,2026-06-19 17:49:12.097504+00:00,2026-06-19 17:49:42.073275+00:00
96b8ebe0-4c9a-4ad4-8fe0-fd2ed18d07a6,completed,2026-06-19 17:49:12.251689+00:00,2026-06-19 17:49:42.223146+00:00
547a617f-0258-4541-b07c-21880426551c,completed,2026-06-19 17:49:12.379340+00:00,2026-06-19 17:49:42.367125+00:00
4ba2ab0b-67bb-49c7-96b6-1b93f7a68db6,completed,2026-06-19 17:49:12.532082+00:00,2026-06-19 17:49:42.496420+00:00
3043ec2b-f12b-43fe-9a28-9b5501f3afa6,completed,2026-06-19 17:49:12.686728+00:00,2026-06-19 17:49:42.630818+00:00
faefbe92-efa5-419d-aa71-0c886f48aa77,completed,2026-06-19 17:49:12.848081+00:00,2026-06-19 17:49:42.765801+00:00
af6563a7-a22d-4dc4-8a12-d9f8f63f21a4,completed,2026-06-19 17:49:13.023299+00:00,2026-06-19 17:49:43.038892+00:00
df24b5f8-57d6-45b8-8eac-8472f182d3d6,completed,2026-06-19 17:49:13.129643+00:00,2026-06-19 17:49:43.188579+00:00
30066718-9586-416c-8d1b-e020dafb90a6,completed,2026-06-19 17:49:13.288074+00:00,2026-06-19 17:49:43.327737+00:00
66c07d15-2efd-4e62-94f7-1bc3183d611d,completed,2026-06-19 17:49:13.418290+00:00,2026-06-19 17:49:43.467274+00:00
13cf8c71-9ae8-4da1-aca8-27bffa036767,completed,2026-06-19 17:49:13.581105+00:00,2026-06-19 17:49:43.601457+00:00
a2332a76-2474-401c-a23a-9ee0ae5f4707,completed,2026-06-19 17:49:13.743582+00:00,2026-06-19 17:49:43.733888+00:00
4b09b29d-b81f-4d31-950d-d8ea5ad6f8a0,completed,2026-06-19 17:49:13.878886+00:00,2026-06-19 17:49:43.875543+00:00
67dde65c-68bb-4207-abb5-6ae7f2b22a86,completed,2026-06-19 17:49:14.037207+00:00,2026-06-19 17:49:44.012333+00:00
507553e6-7d99-4515-9e86-d0cf6e15cc2c,completed,2026-06-19 17:49:14.334168+00:00,2026-06-19 17:49:44.282607+00:00
09f327b4-71fd-4993-bae5-b49bf952f151,completed,2026-06-19 17:49:14.471938+00:00,2026-06-19 17:49:44.413628+00:00
17a6fbf3-7919-44e2-9742-2d0a18dfc687,completed,2026-06-19 17:49:14.638466+00:00,2026-06-19 17:49:44.559792+00:00
6b750968-c147-43b8-a059-80c6b4dc99eb,completed,2026-06-19 17:49:14.774923+00:00,2026-06-19 17:49:44.698647+00:00
4cb56502-385a-441c-9610-a289293078b5,completed,2026-06-19 17:49:14.944580+00:00,2026-06-19 17:49:44.835211+00:00
3181d224-7af5-465e-a138-0b1ff847d7a3,completed,2026-06-19 17:49:15.084131+00:00,2026-06-19 17:49:44.993473+00:00
07589eac-f884-4d90-90a0-8b70d40b2a66,completed,2026-06-19 17:49:15.254577+00:00,2026-06-19 17:49:45.123515+00:00
d06d65dc-d121-431a-a659-f78d10d912b0,completed,2026-06-19 17:49:15.395660+00:00,2026-06-19 17:49:45.256426+00:00
16b26212-aaf6-4d99-9ef0-528e047ab5b6,completed,2026-06-19 17:49:15.744196+00:00,2026-06-19 17:49:45.531790+00:00
5d220681-5488-4d1d-95e5-21613738301e,completed,2026-06-19 17:49:15.913792+00:00,2026-06-19 17:49:45.667753+00:00
4c371564-708a-4a82-aee3-6f7cdab1f1d0,completed,2026-06-19 17:49:16.087057+00:00,2026-06-19 17:49:45.812385+00:00
26f3c68f-e671-439f-a323-11738a115363,completed,2026-06-19 17:49:16.235418+00:00,2026-06-19 17:49:45.956341+00:00
e5814886-d438-4096-9cff-0ebbd8923d93,completed,2026-06-19 17:49:16.442838+00:00,2026-06-19 17:49:46.106344+00:00
cb170f95-c649-4a8c-9f35-8b6c9cc6678f,completed,2026-06-19 17:49:16.623368+00:00,2026-06-19 17:49:46.243907+00:00
00585628-ac26-4382-ac09-bce2664e6978,completed,2026-06-19 17:49:16.808733+00:00,2026-06-19 17:49:46.395232+00:00
30581c38-4482-49f2-a0b8-b6a51f129577,completed,2026-06-19 17:49:16.953094+00:00,2026-06-19 17:49:46.536438+00:00
da141d41-56c9-44ed-884c-1f568ee513f2,completed,2026-06-19 17:48:44.771349+00:00,2026-06-19 17:49:14.752172+00:00
065e07dc-90c6-4de6-9f4f-12f8fa05aa31,completed,2026-06-19 17:48:44.921793+00:00,2026-06-19 17:49:14.920535+00:00
bc7bc7d9-b8d5-4939-ba40-72837a02bfd1,completed,2026-06-19 17:48:45.550055+00:00,2026-06-19 17:49:15.545878+00:00
5e3d8e4b-b0d2-4b89-9f1e-90ea7d609633,completed,2026-06-19 17:48:45.722148+00:00,2026-06-19 17:49:15.717050+00:00
ff9be711-4fdd-4f00-b620-fb2a113a8e99,completed,2026-06-19 17:48:45.872915+00:00,2026-06-19 17:49:15.898369+00:00
5053d670-f204-442c-b13a-f75bc89a055b,completed,2026-06-19 17:48:46.020504+00:00,2026-06-19 17:49:16.057269+00:00
41cb1ce6-cce2-4af0-a6b9-eba3cd480c75,completed,2026-06-19 17:48:46.170992+00:00,2026-06-19 17:49:16.222183+00:00
d5e8486d-fb02-49d3-88e6-f66c6ce2ad80,completed,2026-06-19 17:48:46.950301+00:00,2026-06-19 17:49:17.093363+00:00
c7bda548-0e63-4a63-ac1a-6fed59fa2261,completed,2026-06-19 17:48:47.095348+00:00,2026-06-19 17:49:17.239158+00:00
ba5e5cfe-0fd7-4231-8287-43f3d10ecae1,completed,2026-06-19 17:48:47.251759+00:00,2026-06-19 17:49:17.398074+00:00
c3b22295-eea6-461f-87bf-d68e239a4f6a,failed,2026-06-19 17:48:47.395455+00:00,2026-06-19 17:49:17.401888+00:00
f58c7aab-4eb1-40dc-b96c-bae22903a446,completed,2026-06-19 17:48:48.594807+00:00,2026-06-19 17:49:18.685795+00:00
6a7d2122-8ee7-4f4b-9841-19cc422a7d8e,completed,2026-06-19 17:48:48.745321+00:00,2026-06-19 17:49:18.840176+00:00
43b2d5be-d098-4052-9912-8d0149e50984,completed,2026-06-19 17:48:48.899296+00:00,2026-06-19 17:49:18.989781+00:00
181982e7-2d6e-4ced-9802-1b2b87be8043,completed,2026-06-19 17:48:49.067800+00:00,2026-06-19 17:49:19.142053+00:00
8ea41aef-99c0-4ffb-8bc1-53efcfe2b9dc,completed,2026-06-19 17:48:49.198732+00:00,2026-06-19 17:49:19.290500+00:00
60b09a25-e280-42b6-9aee-5e255362155e,completed,2026-06-19 17:48:49.354274+00:00,2026-06-19 17:49:19.434071+00:00
53abce7d-73a2-448a-ae98-0ebc82b7a89b,completed,2026-06-19 17:48:49.494388+00:00,2026-06-19 17:49:19.574973+00:00
0ec3acc3-10d9-491c-82d6-39fb9cef93db,completed,2026-06-19 17:48:49.645258+00:00,2026-06-19 17:49:19.722710+00:00
0ef86b13-a01f-47d9-bac6-59a2cedc729e,completed,2026-06-19 17:48:50.071647+00:00,2026-06-19 17:49:20.176096+00:00
39b992be-b06a-4926-8875-1a95f1f006e8,completed,2026-06-19 17:48:51.095042+00:00,2026-06-19 17:49:21.223072+00:00
a8bfd680-8acb-4504-8265-12bb97a738d0,completed,2026-06-19 17:48:52.421707+00:00,2026-06-19 17:49:22.541315+00:00
733f0e95-8b4e-4671-ba31-b1bc04e9fa98,completed,2026-06-19 17:48:53.769732+00:00,2026-06-19 17:49:23.864293+00:00
0445d58f-ac9c-48a6-996d-261a7db02b9a,completed,2026-06-19 17:48:55.121861+00:00,2026-06-19 17:49:25.146060+00:00
2d0fd641-d945-42f4-bd1d-0b5948dc11d3,completed,2026-06-19 17:48:55.270846+00:00,2026-06-19 17:49:25.280326+00:00
86a27812-3ffc-427c-9d24-18a46bf79737,completed,2026-06-19 17:48:56.321078+00:00,2026-06-19 17:49:26.331506+00:00
ee170bd0-5e34-4c04-ad47-dff564ace698,completed,2026-06-19 17:48:57.671612+00:00,2026-06-19 17:49:27.643994+00:00
9f125667-f040-470d-b504-8158e7681b05,completed,2026-06-19 17:48:59.044828+00:00,2026-06-19 17:49:28.946810+00:00
08c92733-898b-401b-b044-149f364b94dd,completed,2026-06-19 17:49:00.345608+00:00,2026-06-19 17:49:30.240506+00:00
22d55e66-8844-4fd7-828e-d8ad08e00fc1,completed,2026-06-19 17:49:00.521645+00:00,2026-06-19 17:49:30.383223+00:00
f88d2620-f4cd-4810-b6a3-b456d67fff29,completed,2026-06-19 17:49:01.599744+00:00,2026-06-19 17:49:31.400113+00:00
132378d1-d9d2-431d-8414-40d63e863747,completed,2026-06-19 17:49:17.408917+00:00,2026-06-19 17:49:46.955516+00:00
106ae246-1eeb-4b82-b8c5-70dd85a50b5c,completed,2026-06-19 17:49:17.440822+00:00,2026-06-19 17:49:47.090995+00:00
7c58698f-3cef-484e-873e-b67b99009ae3,completed,2026-06-19 17:49:17.565220+00:00,2026-06-19 17:49:47.237758+00:00
a1bdf778-3688-43f7-bc4d-8f798512d84a,completed,2026-06-19 17:49:17.720557+00:00,2026-06-19 17:49:47.374184+00:00
ba030e28-66ce-44eb-b35b-e5482febe41c,completed,2026-06-19 17:49:17.882671+00:00,2026-06-19 17:49:47.519346+00:00
92c6b437-94c3-4709-9240-1884cb0bbf27,completed,2026-06-19 17:49:18.034205+00:00,2026-06-19 17:49:47.655501+00:00
fd852405-e69b-4474-aee6-b99206850bab,completed,2026-06-19 17:49:18.385506+00:00,2026-06-19 17:49:47.943251+00:00
e302430b-0eef-4ae4-98b6-78eb3760b0da,completed,2026-06-19 17:49:18.564129+00:00,2026-06-19 17:49:48.078293+00:00
c1230149-83ec-4256-b063-6fc31c829aa2,completed,2026-06-19 17:49:18.709627+00:00,2026-06-19 17:49:48.210048+00:00
c24a11b6-8dd4-45dd-b18e-2fb21ae342e8,completed,2026-06-19 17:49:18.881282+00:00,2026-06-19 17:49:48.345389+00:00
82a150cd-3d8a-437d-9783-4f430f100adb,completed,2026-06-19 17:49:19.005721+00:00,2026-06-19 17:49:48.493815+00:00
0b6703a0-b709-461c-bd9a-dacc34a7f483,completed,2026-06-19 17:49:19.170074+00:00,2026-06-19 17:49:48.638306+00:00
aa062785-395e-49ac-a602-f02631193e4d,completed,2026-06-19 17:49:19.303951+00:00,2026-06-19 17:49:48.778535+00:00
5593217e-ea8d-4559-b5bb-b7c0ee57eed4,completed,2026-06-19 17:49:19.471814+00:00,2026-06-19 17:49:48.923230+00:00
83eb96f4-7dd3-42e4-9e45-73cc1f1b029f,completed,2026-06-19 17:49:19.747864+00:00,2026-06-19 17:49:49.205356+00:00
3b1102e5-edf2-412e-aa79-46c5e45961c5,completed,2026-06-19 17:49:19.914888+00:00,2026-06-19 17:49:49.341206+00:00
feb802b6-5481-422a-b917-8754ff5b2d7d,completed,2026-06-19 17:49:20.053006+00:00,2026-06-19 17:49:49.494557+00:00
252f5499-c6d2-4148-8436-339f63a7036b,completed,2026-06-19 17:49:20.191198+00:00,2026-06-19 17:49:49.632728+00:00
00d890ac-bda0-4e58-abc6-f9b9a3875a80,completed,2026-06-19 17:49:20.331436+00:00,2026-06-19 17:49:49.779911+00:00
28c1f272-139c-4713-9908-49e9893b9e26,completed,2026-06-19 17:49:20.480319+00:00,2026-06-19 17:49:49.938320+00:00
613994c0-a4b6-4861-b9c0-f23a9bc78342,completed,2026-06-19 17:49:20.650028+00:00,2026-06-19 17:49:50.075880+00:00
96dbd58b-c7b0-40ee-8d12-e7f06ee9d0bc,completed,2026-06-19 17:49:20.791725+00:00,2026-06-19 17:49:50.209717+00:00
93daf249-268e-43ab-ad57-eb2269a928fe,completed,2026-06-19 17:49:21.081093+00:00,2026-06-19 17:49:50.507858+00:00
6172e14b-ae36-48d3-9f24-48115bc72e48,completed,2026-06-19 17:49:21.227848+00:00,2026-06-19 17:49:50.654903+00:00
3a4a5b0f-8acc-47f4-94ce-9eff433adcb9,completed,2026-06-19 17:49:21.373192+00:00,2026-06-19 17:49:50.789379+00:00
3bfb6ae2-4870-4e52-8557-af683c5eb3c6,completed,2026-06-19 17:49:21.521672+00:00,2026-06-19 17:49:50.940258+00:00
7c7876a3-7113-443a-8d09-ac1b9a1a8f69,completed,2026-06-19 17:49:21.707597+00:00,2026-06-19 17:49:51.073161+00:00
5d37f52b-119c-4c71-9fc9-7501284a28fb,completed,2026-06-19 17:49:21.822955+00:00,2026-06-19 17:49:51.216315+00:00
c558c348-3332-45d7-b633-7533a9e0ec2c,completed,2026-06-19 17:49:21.974953+00:00,2026-06-19 17:49:51.365242+00:00
ef47f166-539f-4d7a-9db4-1ffa62930265,completed,2026-06-19 17:49:22.125784+00:00,2026-06-19 17:49:51.510821+00:00
fc07ad69-0e61-431b-b589-0318e1327517,completed,2026-06-19 17:49:22.550962+00:00,2026-06-19 17:49:51.916837+00:00
98026606-aa93-44ac-a91b-87f14cf70aa1,completed,2026-06-19 17:49:22.707574+00:00,2026-06-19 17:49:52.048193+00:00
5066c1c7-7932-4fa6-afac-0bbfcc152ed1,completed,2026-06-19 17:49:22.868266+00:00,2026-06-19 17:49:52.177141+00:00
beb8f57a-6984-41df-a670-75c2cd7c232b,completed,2026-06-19 17:49:23.025910+00:00,2026-06-19 17:49:52.319814+00:00
e3c75e35-9e55-42b8-9e82-864e520d6528,completed,2026-06-19 17:49:23.147125+00:00,2026-06-19 17:49:52.450905+00:00
7a70112a-6428-4494-aa67-111da54c9cb4,completed,2026-06-19 17:49:23.309937+00:00,2026-06-19 17:49:52.600564+00:00
aefa56ec-83cf-4c84-8ff5-aab8ca758fa8,completed,2026-06-19 17:49:23.597487+00:00,2026-06-19 17:49:52.892257+00:00
303483f8-fa9d-4467-af0f-a2c8e54391a8,completed,2026-06-19 17:49:23.768470+00:00,2026-06-19 17:49:53.027153+00:00
ac770833-fc54-43d6-ae03-b5eda651ae55,completed,2026-06-19 17:49:23.887368+00:00,2026-06-19 17:49:53.174614+00:00
bf55f02a-a11b-4d9d-b7ea-ff00ff5df2da,completed,2026-06-19 17:49:24.014366+00:00,2026-06-19 17:49:53.327463+00:00
d7fd38e5-6911-4989-b8ce-3e4913658ca8,completed,2026-06-19 17:49:24.184476+00:00,2026-06-19 17:49:53.470640+00:00
fbbe1d4e-3755-4e98-8c55-45f4be494a14,completed,2026-06-19 17:49:24.313511+00:00,2026-06-19 17:49:53.600792+00:00
5718706c-e9c8-487e-890c-7dad9daf2fd7,completed,2026-06-19 17:49:24.442957+00:00,2026-06-19 17:49:53.739635+00:00
cca946da-d07d-489c-af24-56b0855fcff7,completed,2026-06-19 17:49:24.573979+00:00,2026-06-19 17:49:53.881116+00:00
9817dd59-7898-4077-8285-9f019062da2c,completed,2026-06-19 17:49:24.882396+00:00,2026-06-19 17:49:54.152218+00:00
b8b903ca-e037-41e7-8bf7-d52ede08ce59,completed,2026-06-19 17:49:25.018765+00:00,2026-06-19 17:49:54.301842+00:00
b08b4aec-5266-4b30-b889-efa47fe611e9,completed,2026-06-19 17:49:25.152413+00:00,2026-06-19 17:49:54.443194+00:00
8bf17790-1523-4093-9c86-a4d0972cde3b,completed,2026-06-19 17:49:25.288113+00:00,2026-06-19 17:49:54.581731+00:00
7fd462e0-b39d-4461-a750-b87e948f86d6,completed,2026-06-19 17:49:25.472000+00:00,2026-06-19 17:49:54.715543+00:00
55d05d97-60c3-4767-a549-345bdf840314,completed,2026-06-19 17:49:25.613855+00:00,2026-06-19 17:49:54.851577+00:00
00a753af-95f7-4aa8-8deb-387282b90586,completed,2026-06-19 17:49:25.765916+00:00,2026-06-19 17:49:54.988471+00:00
20c78347-a0e4-47db-ab0d-b7b49ef6e433,completed,2026-06-19 17:49:25.948354+00:00,2026-06-19 17:49:55.134656+00:00
67518e34-9242-401a-8645-5446dec6df80,completed,2026-06-19 17:49:26.230466+00:00,2026-06-19 17:49:55.409765+00:00
157cc4a2-fb0d-4ff2-964f-5fc0496ffcd6,completed,2026-06-19 17:49:26.376018+00:00,2026-06-19 17:49:55.559509+00:00
fba25025-5355-479d-bb0c-83b624a7b4bd,completed,2026-06-19 17:49:26.522127+00:00,2026-06-19 17:49:55.694918+00:00
691e1862-d47b-44cc-8018-40ed4a6208bf,completed,2026-06-19 17:49:26.671416+00:00,2026-06-19 17:49:55.826321+00:00
c1d9d943-cfc8-4c64-9e4f-b08771f42795,completed,2026-06-19 17:49:26.770020+00:00,2026-06-19 17:49:55.966613+00:00
66ac4981-db68-46fe-8cb7-282250f5712d,completed,2026-06-19 17:49:26.922087+00:00,2026-06-19 17:49:56.125868+00:00
a66e31c6-0ef4-42bd-a528-8275f7c6db55,completed,2026-06-19 17:49:27.075631+00:00,2026-06-19 17:49:56.268094+00:00
07344f43-58d8-4424-a111-283e671f73e3,completed,2026-06-19 17:49:27.228823+00:00,2026-06-19 17:49:56.402642+00:00
d509eeba-2ed8-4579-8749-2a61698e11a4,completed,2026-06-19 17:49:27.658156+00:00,2026-06-19 17:49:56.829255+00:00
eea46f0a-d67e-44c7-a29a-e673bb19eb5c,completed,2026-06-19 17:49:27.812168+00:00,2026-06-19 17:49:56.981490+00:00
ee5a27be-0144-423c-86c4-ce3e6e4a7de7,completed,2026-06-19 17:49:27.973301+00:00,2026-06-19 17:49:57.122266+00:00
7ff70723-c164-4dcc-8632-5de5390419fb,completed,2026-06-19 17:49:28.082829+00:00,2026-06-19 17:49:57.251720+00:00
00b4d4cd-709d-4bad-b09e-bca1f1349768,completed,2026-06-19 17:49:28.247980+00:00,2026-06-19 17:49:57.386788+00:00
08acbd78-b167-4fbf-a9cb-f18464c4a5a8,completed,2026-06-19 17:49:28.417600+00:00,2026-06-19 17:49:57.537383+00:00
efa520f7-804a-47a6-a7f1-4d3c356dd805,completed,2026-06-19 17:49:28.644051+00:00,2026-06-19 17:49:57.812578+00:00
f82fdf10-cd55-476c-bb9d-b7d2733c03b6,completed,2026-06-19 17:49:28.817315+00:00,2026-06-19 17:49:57.948254+00:00
6bb82f9b-e7b1-4d8b-bd15-d1805f5cadc0,completed,2026-06-19 17:49:28.993322+00:00,2026-06-19 17:49:58.091606+00:00
e31134d2-b772-4dc9-bf5a-d438ad734d38,completed,2026-06-19 17:49:29.112502+00:00,2026-06-19 17:49:58.234442+00:00
23614bf8-2e62-43f6-833a-f576be8fc4ff,completed,2026-06-19 17:49:29.290910+00:00,2026-06-19 17:49:58.376350+00:00
535d7aa3-e22b-4b73-8d8b-92f3ad29e61e,completed,2026-06-19 17:49:29.423423+00:00,2026-06-19 17:49:58.519226+00:00
2f5f7a50-3241-4efd-8427-cb93b44a0da4,completed,2026-06-19 17:49:29.535853+00:00,2026-06-19 17:49:58.651949+00:00
99981d5b-87db-4f98-82f6-3e3e7ca8456d,completed,2026-06-19 17:49:29.657133+00:00,2026-06-19 17:49:58.779441+00:00
6c3a4c89-fead-41cd-9320-6889541063a8,completed,2026-06-19 17:49:29.980923+00:00,2026-06-19 17:49:59.066033+00:00
5d6fc108-a00f-4c39-97c8-3942bd7e03f4,completed,2026-06-19 17:49:30.102356+00:00,2026-06-19 17:49:59.207037+00:00
c3cade14-1070-417b-93ef-b17965df0eaf,completed,2026-06-19 17:49:30.295908+00:00,2026-06-19 17:49:59.354108+00:00
71ec7cc8-d8f2-47cf-8de0-e400c88405ac,completed,2026-06-19 17:49:30.429357+00:00,2026-06-19 17:49:59.510010+00:00
4c694e4e-8c03-47eb-89ca-8ae36e545341,completed,2026-06-19 17:49:30.563333+00:00,2026-06-19 17:49:59.646966+00:00
7a3c7c8d-b93a-45b7-a111-f034ec582e93,completed,2026-06-19 17:49:30.697876+00:00,2026-06-19 17:49:59.787424+00:00
581b1696-3049-4255-b7bc-bb27f25ea94a,completed,2026-06-19 17:49:30.838436+00:00,2026-06-19 17:49:59.922348+00:00
24887c8f-2bad-444e-894f-e9c91c1896d7,completed,2026-06-19 17:49:30.974648+00:00,2026-06-19 17:50:00.066028+00:00
ee56f22d-f4ae-4b95-941f-34711e15a10b,completed,2026-06-19 17:49:31.328944+00:00,2026-06-19 17:50:00.328002+00:00
db03edc1-444d-4442-8366-28613f32bfe6,completed,2026-06-19 17:49:31.473433+00:00,2026-06-19 17:50:00.477924+00:00
d0995add-534a-4ee6-9212-6cb9ff5614c7,completed,2026-06-19 17:49:31.582182+00:00,2026-06-19 17:50:00.630511+00:00
f3b00ea5-9f11-4b1a-a690-6c8e1ee5932a,completed,2026-06-19 17:49:31.773555+00:00,2026-06-19 17:50:00.788646+00:00
3b710a89-f938-42e7-ab27-e6c31e2c0a13,completed,2026-06-19 17:49:31.928695+00:00,2026-06-19 17:50:00.932838+00:00
05bf60de-2a7a-4bf9-b6f2-f8751fd6a24c,completed,2026-06-19 17:49:32.076749+00:00,2026-06-19 17:50:01.073467+00:00
bbd14c07-486e-4ab1-9297-be5004b71243,completed,2026-06-19 17:49:32.155551+00:00,2026-06-19 17:50:01.221581+00:00
f9f1ce28-9246-4154-8fc0-9f47c666e9cc,completed,2026-06-19 17:49:32.314453+00:00,2026-06-19 17:50:01.381302+00:00
ea920f91-628f-4ecb-a87b-4564c10178eb,completed,2026-06-19 17:49:32.724185+00:00,2026-06-19 17:50:01.806037+00:00
6d32faa2-6107-4ff2-b845-dcd4a8fb789c,completed,2026-06-19 17:49:32.889452+00:00,2026-06-19 17:50:01.974170+00:00
159dad61-5423-4cb7-a268-ab4d3c14e7e3,completed,2026-06-19 17:49:33.059909+00:00,2026-06-19 17:50:02.115002+00:00
16503616-9266-4980-be7e-a4403e20dab0,completed,2026-06-19 17:49:33.236985+00:00,2026-06-19 17:50:02.250426+00:00
7f333cb6-f2a0-4b57-b08b-20622789e6df,completed,2026-06-19 17:49:33.324849+00:00,2026-06-19 17:50:02.404757+00:00
4a73313d-eee0-4049-a97c-79aa1a6fd9b1,completed,2026-06-19 17:49:33.506010+00:00,2026-06-19 17:50:02.548766+00:00
2c78230f-1e93-48b5-82c3-f65ad0b8c252,completed,2026-06-19 17:49:33.783928+00:00,2026-06-19 17:50:02.820632+00:00
ce48c35b-cedb-481e-ab36-780104cb4d7f,completed,2026-06-19 17:49:33.879098+00:00,2026-06-19 17:50:02.966362+00:00
1df9917d-6580-4f7e-af8a-584fefe37989,completed,2026-06-19 17:49:33.975081+00:00,2026-06-19 17:50:03.107598+00:00
a6feb1e4-da1f-41e9-b2c0-08605c292b98,completed,2026-06-19 17:49:34.071877+00:00,2026-06-19 17:50:03.277576+00:00
600455c6-c63a-452f-897e-c7183e091196,completed,2026-06-19 17:49:34.171168+00:00,2026-06-19 17:50:03.417307+00:00
9d532f2f-0f2b-48f7-9562-7be4f8cc55cd,completed,2026-06-19 17:49:34.271590+00:00,2026-06-19 17:50:03.571111+00:00
a520c19c-fbfc-4414-96a2-639ce202ac4f,completed,2026-06-19 17:49:34.373525+00:00,2026-06-19 17:50:03.707712+00:00
4a3cc39e-da01-4f8c-895d-86a533ef0380,completed,2026-06-19 17:49:34.477352+00:00,2026-06-19 17:50:03.839828+00:00
f3420223-2107-4025-adbb-4a20c5725d4d,completed,2026-06-19 17:49:34.685354+00:00,2026-06-19 17:50:04.113690+00:00
7da2b938-e862-4479-9540-e87906f197d9,completed,2026-06-19 17:49:34.792528+00:00,2026-06-19 17:50:04.267345+00:00
e2dcbec3-6d67-434e-b385-7fc469fde452,completed,2026-06-19 17:49:34.910476+00:00,2026-06-19 17:50:04.493604+00:00
b820821d-dae1-4377-86a4-fdbd7ba1c5b8,completed,2026-06-19 17:49:35.013708+00:00,2026-06-19 17:50:04.633215+00:00
46466684-56da-420a-8616-05e73e2a96d7,completed,2026-06-19 17:49:35.126636+00:00,2026-06-19 17:50:04.777355+00:00
12b3785f-6bd6-4363-8d65-b6112f01036e,completed,2026-06-19 17:49:35.240887+00:00,2026-06-19 17:50:04.917787+00:00
0b4fe67e-f090-4773-9402-43cab4b13576,completed,2026-06-19 17:49:35.356858+00:00,2026-06-19 17:50:05.071415+00:00
74295d51-9a5d-4597-8b37-6264c4380434,completed,2026-06-19 17:49:35.481891+00:00,2026-06-19 17:50:05.216407+00:00
87acad85-0839-40c5-aefd-52c08f25eae5,completed,2026-06-19 17:49:35.721393+00:00,2026-06-19 17:50:05.500164+00:00
55a8b3fb-321b-4558-b36d-49197ab15205,completed,2026-06-19 17:49:35.849812+00:00,2026-06-19 17:50:05.634746+00:00
5862f247-ea31-40a2-819a-6ade6a181d3f,completed,2026-06-19 17:49:35.979006+00:00,2026-06-19 17:50:05.786787+00:00
6edaeae8-8fd2-4a4c-9ef9-a7bdd5c33c77,completed,2026-06-19 17:49:36.108266+00:00,2026-06-19 17:50:05.943253+00:00
318b6f11-4f75-481e-8aae-02f05ce63e49,completed,2026-06-19 17:49:36.245011+00:00,2026-06-19 17:50:06.085070+00:00
13547cff-2266-43e9-8e2a-12e4e6d0b823,completed,2026-06-19 17:49:36.382225+00:00,2026-06-19 17:50:06.236719+00:00
ba9cae6f-3541-4c6a-b76c-2ce84573d64c,completed,2026-06-19 17:49:36.526125+00:00,2026-06-19 17:50:06.386116+00:00
3f2bd6ef-3bc8-47b0-b883-42abaeae7e68,completed,2026-06-19 17:49:36.680763+00:00,2026-06-19 17:50:06.531848+00:00
e8da71f7-3181-4748-afea-ff412dfccd38,completed,2026-06-19 17:49:02.944873+00:00,2026-06-19 17:49:32.717774+00:00
0a6404e1-7d4a-4c76-8fc1-dac7925beb0a,completed,2026-06-19 17:49:03.849642+00:00,2026-06-19 17:49:33.906551+00:00
96ddd544-48d8-48c3-97d1-3f0548a09c6d,completed,2026-06-19 17:49:04.245284+00:00,2026-06-19 17:49:34.381500+00:00
ff623749-310e-4ea5-9114-7ca5b77640d3,failed,2026-06-19 17:49:04.320415+00:00,2026-06-19 17:49:34.385691+00:00
7f12f746-469b-4c4c-9106-a30e64c255a1,failed,2026-06-19 17:49:04.623486+00:00,2026-06-19 17:49:34.701159+00:00
71500320-d0b9-40ae-ae9f-a766cdbcaac4,completed,2026-06-19 17:49:05.095861+00:00,2026-06-19 17:49:35.153655+00:00
e01c4ea1-4afa-4e6b-b1bf-d4f16590c22e,failed,2026-06-19 17:49:05.446470+00:00,2026-06-19 17:49:35.460178+00:00
e3251a3f-563d-41a6-8b42-219652faca0c,completed,2026-06-19 17:49:05.920934+00:00,2026-06-19 17:49:36.060722+00:00
5a56eaf8-ec11-47c5-810f-b65c030b5cbd,failed,2026-06-19 17:49:05.946570+00:00,2026-06-19 17:49:36.064728+00:00
9ccce6ed-8aec-41a1-b1b4-a3e3d54c43f3,failed,2026-06-19 17:49:06.270144+00:00,2026-06-19 17:49:36.352202+00:00
c6d030e0-0321-47a6-a8be-af3ce25eed98,failed,2026-06-19 17:49:06.722200+00:00,2026-06-19 17:49:36.781364+00:00
ba0da70e-6548-491b-bedb-2c0d3a7dc856,failed,2026-06-19 17:49:07.070055+00:00,2026-06-19 17:49:37.081636+00:00
daf18a74-eabc-4c99-8193-461653740c62,failed,2026-06-19 17:49:07.449035+00:00,2026-06-19 17:49:37.527086+00:00
ed5b56ab-8d53-47fd-94e1-aea598d91d0b,completed,2026-06-19 17:49:07.546016+00:00,2026-06-19 17:49:37.711215+00:00
c13ab575-6fa4-4b81-9264-470e540a5706,failed,2026-06-19 17:49:07.770878+00:00,2026-06-19 17:49:37.873492+00:00
53f9127a-c6a1-4d42-b61f-096d493cbc96,failed,2026-06-19 17:49:08.244379+00:00,2026-06-19 17:49:38.289567+00:00
f3a4046c-2ad1-46fd-9484-4634503099d6,failed,2026-06-19 17:49:08.694541+00:00,2026-06-19 17:49:38.720083+00:00
a08a3f6a-d944-4eff-b2f8-142ad8cd5ad1,failed,2026-06-19 17:49:09.195406+00:00,2026-06-19 17:49:39.298911+00:00
ee2f1bff-3460-4a60-b0b7-51f2fbe689b7,failed,2026-06-19 17:49:09.245843+00:00,2026-06-19 17:49:39.303114+00:00
3056e5ac-35fe-42a8-9330-dd178da48533,completed,2026-06-19 17:49:09.470711+00:00,2026-06-19 17:49:39.584765+00:00
71019015-51d9-4ed1-a8dc-b587aef614ce,failed,2026-06-19 17:49:09.798629+00:00,2026-06-19 17:49:39.885607+00:00
95de3f11-b355-4fd4-a4c6-0aa63864b4d3,failed,2026-06-19 17:49:10.446679+00:00,2026-06-19 17:49:40.510600+00:00
6589526a-8e17-4e03-9d50-4da1476a58e6,completed,2026-06-19 17:49:11.795948+00:00,2026-06-19 17:49:41.805501+00:00
296a8a0a-e324-4404-8a3b-22cdd79bcb19,completed,2026-06-19 17:49:11.946786+00:00,2026-06-19 17:49:41.938189+00:00
3bd28042-e88c-4964-a81c-18b3b792bcfd,completed,2026-06-19 17:49:12.997782+00:00,2026-06-19 17:49:42.900634+00:00
b989ca21-8d4a-46c8-8036-b478335f4492,completed,2026-06-19 17:49:14.198841+00:00,2026-06-19 17:49:44.149606+00:00
15a2a331-4741-4c35-bcaf-683bb12222ea,completed,2026-06-19 17:49:15.567728+00:00,2026-06-19 17:49:45.395981+00:00
0f31c77e-c6d8-46d7-a6e4-0aa7d6d8961c,completed,2026-06-19 17:49:17.103544+00:00,2026-06-19 17:49:46.672138+00:00
01429fe3-f93e-48a0-a14c-2229c4f19eea,completed,2026-06-19 17:49:17.255860+00:00,2026-06-19 17:49:46.809590+00:00
f284e931-55e1-4f6b-b78d-cca03beb43b3,completed,2026-06-19 17:49:18.225181+00:00,2026-06-19 17:49:47.800635+00:00
8471c5b7-1007-4464-9f65-fe7e79419e9b,completed,2026-06-19 17:49:19.606744+00:00,2026-06-19 17:49:49.065194+00:00
2cca3a48-681c-46ea-804e-1893c310505e,completed,2026-06-19 17:49:20.935516+00:00,2026-06-19 17:49:50.350041+00:00
022c8903-9c73-4db4-865c-caf8dc0af5f0,completed,2026-06-19 17:49:22.240406+00:00,2026-06-19 17:49:51.647363+00:00
e0009cdb-a2d2-4cf3-b265-afd935f7a3f9,completed,2026-06-19 17:49:22.395272+00:00,2026-06-19 17:49:51.784182+00:00
0c288b33-b66f-4eb0-be2c-85b4feef8d09,completed,2026-06-19 17:49:23.431429+00:00,2026-06-19 17:49:52.754212+00:00
73de3341-70f5-438d-a8ce-228f8f985fee,completed,2026-06-19 17:49:24.750226+00:00,2026-06-19 17:49:54.013941+00:00
c0b7d889-8653-4454-8f36-adc36120244a,completed,2026-06-19 17:49:26.084412+00:00,2026-06-19 17:49:55.273155+00:00
23e5ce61-1dd0-44e3-abe5-b7dfd69d8b91,completed,2026-06-19 17:49:36.981402+00:00,2026-06-19 17:50:06.825261+00:00
a6357869-e428-4198-a650-5e1a21c7a3b7,completed,2026-06-19 17:49:37.137641+00:00,2026-06-19 17:50:06.972322+00:00
3877ea69-c25d-44fe-bf00-4942a5fd9c61,completed,2026-06-19 17:49:37.305662+00:00,2026-06-19 17:50:07.110180+00:00
09041ed0-6571-4f98-a888-7e7f708c5815,completed,2026-06-19 17:49:37.479532+00:00,2026-06-19 17:50:07.265812+00:00
3e7cffef-10e8-4a4f-b4f8-0848df5c9640,completed,2026-06-19 17:49:37.658592+00:00,2026-06-19 17:50:07.430495+00:00
1e25cbd3-bb68-47c9-8e43-b0abf5226613,completed,2026-06-19 17:49:37.849222+00:00,2026-06-19 17:50:07.581652+00:00
e7d26439-d1da-4766-9fd5-f39d161e8f62,completed,2026-06-19 17:49:38.047384+00:00,2026-06-19 17:50:07.728993+00:00
89edf83e-48b9-4718-b0e3-376617506d34,completed,2026-06-19 17:49:38.256814+00:00,2026-06-19 17:50:07.873519+00:00
0991f5f9-a0a2-417c-a3bc-53e682b7bf6d,completed,2026-06-19 17:49:38.483655+00:00,2026-06-19 17:50:08.015428+00:00
ed9c0856-ecfc-44a0-baf3-b891e6a38f7f,completed,2026-06-19 17:49:38.741070+00:00,2026-06-19 17:50:08.156399+00:00
f3782bba-1e75-4ae8-bd06-44327fcc8ee6,completed,2026-06-19 17:49:38.983074+00:00,2026-06-19 17:50:08.294095+00:00
921b3f3f-1f26-4046-8f56-2092a524a674,completed,2026-06-19 17:49:39.273098+00:00,2026-06-19 17:50:08.435021+00:00
5f7ef6f4-092c-42c1-b146-0a150bdfd976,completed,2026-06-19 17:49:39.603580+00:00,2026-06-19 17:50:08.593645+00:00
29e5b270-7746-4533-837f-01f1483ac749,completed,2026-06-19 17:49:39.988722+00:00,2026-06-19 17:50:08.748787+00:00
e6920a38-453f-4241-b33b-8249ece660c1,completed,2026-06-19 17:49:40.497969+00:00,2026-06-19 17:50:08.899365+00:00
7b34cad8-0f75-443d-8a39-fd7d6efb6511,completed,2026-06-19 17:49:41.722444+00:00,2026-06-19 17:50:09.058271+00:00
5f696145-ef3c-4f73-aa5e-1ddd3fd9ae66,completed,2026-06-19 17:49:27.387250+00:00,2026-06-19 17:49:56.539551+00:00
7d03604c-a243-43b5-9dff-9bb0d2005c51,completed,2026-06-19 17:49:27.492228+00:00,2026-06-19 17:49:56.684378+00:00
a87f0d06-e552-4196-ae56-4704702281fb,completed,2026-06-19 17:49:28.529654+00:00,2026-06-19 17:49:57.671022+00:00
e546169d-4c36-4ddd-9920-813de0d38d49,completed,2026-06-19 17:49:29.846785+00:00,2026-06-19 17:49:58.915958+00:00
cb291c35-1565-420b-97b3-a9aa81fc9019,completed,2026-06-19 17:49:31.115551+00:00,2026-06-19 17:50:00.195367+00:00
c45a453b-d1b5-4851-8b11-cd30da4cfbb1,completed,2026-06-19 17:49:32.475982+00:00,2026-06-19 17:50:01.522642+00:00
9ee2137a-4d51-4c8f-a933-493741369f3b,completed,2026-06-19 17:49:32.638072+00:00,2026-06-19 17:50:01.670647+00:00
a292ce92-2eb1-428f-8751-14dd737c3492,completed,2026-06-19 17:49:33.689747+00:00,2026-06-19 17:50:02.692660+00:00
779d040b-e87b-4f93-962c-d6082e2d1845,completed,2026-06-19 17:49:34.580622+00:00,2026-06-19 17:50:03.983939+00:00
89a3c6a7-9b6f-4ffe-a440-adb7a0dbf4a4,completed,2026-06-19 17:49:35.598902+00:00,2026-06-19 17:50:05.357004+00:00
1a466232-63e4-4f3e-b055-4f71b0bf845f,completed,2026-06-19 17:49:36.826953+00:00,2026-06-19 17:50:06.680343+00:00
