id,status,created_at,finished_at
1f2793ca-a4ed-452b-b4d5-3c79a9d60805,completed,2026-06-19 20:09:09.455786+00:00,2026-06-19 20:09:09.599340+00:00
982cc38f-81ec-436c-856e-b8d858cd5e72,completed,2026-06-19 20:09:05.657880+00:00,2026-06-19 20:09:07.118569+00:00
963c26ba-76d2-412b-95b8-7fd5725066f0,completed,2026-06-19 20:09:06.110765+00:00,2026-06-19 20:09:07.273020+00:00
8283cb85-abc9-4564-ab18-d4f425803443,completed,2026-06-19 20:09:13.528865+00:00,2026-06-19 20:09:13.770028+00:00
87677a5d-63ee-4633-852b-a7268bd93e7a,completed,2026-06-19 20:09:06.546643+00:00,2026-06-19 20:09:07.424723+00:00
82ef04a1-71e4-40ae-bcd1-2f42ca7399d8,completed,2026-06-19 20:09:09.777776+00:00,2026-06-19 20:09:09.913929+00:00
4e9a46af-95bc-457f-81fc-ed700892fb06,completed,2026-06-19 20:09:06.961372+00:00,2026-06-19 20:09:07.577574+00:00
5926241a-cd5e-407b-86fb-1f37e00bb6e1,completed,2026-06-19 20:09:07.370550+00:00,2026-06-19 20:09:07.730539+00:00
5afa07c0-6b67-41e5-ae51-23df762a8734,completed,2026-06-19 20:09:11.498608+00:00,2026-06-19 20:09:11.663195+00:00
0b7d9ddc-e708-4bab-bb0d-49956b622e7e,completed,2026-06-19 20:09:07.741796+00:00,2026-06-19 20:09:07.897264+00:00
5d124d93-4e05-452c-8f12-12ed90eb4794,completed,2026-06-19 20:09:10.075373+00:00,2026-06-19 20:09:10.233574+00:00
6f15d24e-7504-478f-9159-41e23874ac0a,completed,2026-06-19 20:09:08.100464+00:00,2026-06-19 20:09:08.244547+00:00
9feee172-9b30-4777-9752-fec0ee198d70,completed,2026-06-19 20:09:08.448348+00:00,2026-06-19 20:09:08.648246+00:00
bd50a2e7-d71e-44ef-a78c-3204cef80619,completed,2026-06-19 20:09:08.791693+00:00,2026-06-19 20:09:08.935582+00:00
c10877f5-94ca-40ce-b974-3ffef326bd0c,completed,2026-06-19 20:09:10.373301+00:00,2026-06-19 20:09:10.561319+00:00
963d4450-10e0-42bf-aa02-14378a85674a,completed,2026-06-19 20:09:09.144964+00:00,2026-06-19 20:09:09.295815+00:00
6fe9c5b2-4091-47a6-a957-144fe474cb4e,completed,2026-06-19 20:09:12.550791+00:00,2026-06-19 20:09:12.714423+00:00
94767729-0f37-4858-a89b-5cacb12b7b70,completed,2026-06-19 20:09:11.766311+00:00,2026-06-19 20:09:11.927347+00:00
9bed9f48-8a77-446c-b5a5-c92210127ec5,completed,2026-06-19 20:09:10.661659+00:00,2026-06-19 20:09:10.818613+00:00
0d145208-3c4b-45f4-8a58-a3543f404ae8,completed,2026-06-19 20:09:10.944305+00:00,2026-06-19 20:09:11.098638+00:00
c58fcf16-3f4b-4080-b6e5-ab1da378f7df,completed,2026-06-19 20:09:11.238463+00:00,2026-06-19 20:09:11.434142+00:00
8dad733e-4735-4546-8440-9649858e011b,completed,2026-06-19 20:09:12.032139+00:00,2026-06-19 20:09:12.195798+00:00
a55530e3-3535-4f65-8745-59bc64788933,completed,2026-06-19 20:09:13.291123+00:00,2026-06-19 20:09:13.474990+00:00
2f9474b0-efd8-4a6f-9dcc-52ec2b0aa17c,completed,2026-06-19 20:09:12.294201+00:00,2026-06-19 20:09:12.481477+00:00
fd057b10-bf3d-4eb9-b3c0-64f34746e71d,completed,2026-06-19 20:09:12.792605+00:00,2026-06-19 20:09:12.930950+00:00
ed6b3c35-63a1-4165-8b0b-28c8324d215f,completed,2026-06-19 20:09:13.035629+00:00,2026-06-19 20:09:13.180743+00:00
259d3c1a-2899-4eb1-b6af-b2adec06129c,completed,2026-06-19 20:09:13.989004+00:00,2026-06-19 20:09:14.163480+00:00
a0466036-3180-418e-a4e5-bb8230c21923,completed,2026-06-19 20:09:13.753532+00:00,2026-06-19 20:09:13.912702+00:00
a6b2444b-300a-44eb-b252-43eb81c39a53,completed,2026-06-19 20:09:14.212456+00:00,2026-06-19 20:09:14.353833+00:00
a6275719-6146-4845-b265-a18437169df7,completed,2026-06-19 20:09:14.444427+00:00,2026-06-19 20:09:14.588285+00:00
bcd0977b-5d69-4482-bd97-ef98f3f30a9a,completed,2026-06-19 20:09:14.663244+00:00,2026-06-19 20:09:14.806178+00:00
22dd7b53-35cc-4c5a-8eb4-fcfeb29b4d18,completed,2026-06-19 20:09:16.936591+00:00,2026-06-19 20:09:17.077408+00:00
344bf10f-a6b8-4eec-948d-f43fc7101241,completed,2026-06-19 20:09:14.884570+00:00,2026-06-19 20:09:15.030672+00:00
e8b9702a-ccd8-4c41-963d-d2f562082427,completed,2026-06-19 20:09:15.122204+00:00,2026-06-19 20:09:15.259698+00:00
7ca4543d-ad9d-477a-83c5-00babc9c8a95,completed,2026-06-19 20:09:15.314159+00:00,2026-06-19 20:09:15.465009+00:00
5864bca5-c04f-470a-9caf-c15e5ac53fc4,completed,2026-06-19 20:09:17.129456+00:00,2026-06-19 20:09:17.262293+00:00
7b6063dd-8eec-411c-b6a3-84b34392a30e,completed,2026-06-19 20:09:15.524773+00:00,2026-06-19 20:09:15.661390+00:00
5d4bfea9-c653-4ea8-8f72-50da46da05dd,completed,2026-06-19 20:09:15.733887+00:00,2026-06-19 20:09:15.882103+00:00
149006d6-1bc3-4f82-8475-7ab04aa9a89c,completed,2026-06-19 20:09:18.262917+00:00,2026-06-19 20:09:18.416658+00:00
11a2b9d8-7866-488c-8898-1d71e4e010b6,completed,2026-06-19 20:09:15.948765+00:00,2026-06-19 20:09:16.095172+00:00
dc3de735-8800-48d9-a261-330d9b1c95de,completed,2026-06-19 20:09:17.324493+00:00,2026-06-19 20:09:17.464113+00:00
01ab504d-cbbf-44b8-b1e2-39a7ecdbd83d,completed,2026-06-19 20:09:16.149909+00:00,2026-06-19 20:09:16.298127+00:00
43ddd48d-13b8-4987-9acc-4d913a8b6ba0,completed,2026-06-19 20:09:16.346368+00:00,2026-06-19 20:09:16.485616+00:00
6c10405b-3366-4356-a260-0564e374614d,completed,2026-06-19 20:09:16.561774+00:00,2026-06-19 20:09:16.702324+00:00
7f11fd7a-58cb-4c6b-a6be-9c8287907540,completed,2026-06-19 20:09:17.511431+00:00,2026-06-19 20:09:17.680133+00:00
5af2987b-02b7-4b03-be8e-ad4ac7cb7f94,completed,2026-06-19 20:09:16.743149+00:00,2026-06-19 20:09:16.891555+00:00
f6eda59a-4821-416a-b500-7c16429ab8b6,completed,2026-06-19 20:09:17.698434+00:00,2026-06-19 20:09:17.841079+00:00
7cedf92c-96a3-4a7a-b9b5-42680ec2a2c4,completed,2026-06-19 20:09:18.454018+00:00,2026-06-19 20:09:18.698890+00:00
5aa93784-8e34-44db-9269-e98c6e35597b,completed,2026-06-19 20:09:17.889207+00:00,2026-06-19 20:09:18.038738+00:00
622e8394-c74a-46e3-8599-2dab4a49b80e,completed,2026-06-19 20:09:18.952095+00:00,2026-06-19 20:09:19.158771+00:00
cd3f4dc6-d27e-44fa-92c1-8db4975da827,completed,2026-06-19 20:09:18.076202+00:00,2026-06-19 20:09:18.217437+00:00
4f7d421c-e6db-4f75-932b-5dfea6df41ed,completed,2026-06-19 20:09:18.598654+00:00,2026-06-19 20:09:18.850027+00:00
1cd2c602-0af2-43dc-a20c-75d1d7f3899c,completed,2026-06-19 20:09:19.472800+00:00,2026-06-19 20:09:19.623313+00:00
0a9aad64-47c3-4a68-8197-11e05fd11874,completed,2026-06-19 20:09:18.776949+00:00,2026-06-19 20:09:19.002799+00:00
dc4eb158-b3d7-416d-89dd-c68570c6b43e,completed,2026-06-19 20:09:19.128425+00:00,2026-06-19 20:09:19.295930+00:00
06bf9104-b420-42ae-acb0-c5a2a4f8ef00,completed,2026-06-19 20:09:19.300510+00:00,2026-06-19 20:09:19.448261+00:00
6bd92daa-e968-4559-80fa-2ec68ff573c5,completed,2026-06-19 20:09:20.033683+00:00,2026-06-19 20:09:20.174409+00:00
ed959679-35fa-4ad8-997a-0dbdcdf02914,completed,2026-06-19 20:09:19.643518+00:00,2026-06-19 20:09:19.785161+00:00
e6e69208-5f74-4f73-8d15-f4437cb7f5c5,completed,2026-06-19 20:09:20.198431+00:00,2026-06-19 20:09:20.350554+00:00
505f31c6-6d03-44ef-9de6-dd58d0cc026e,completed,2026-06-19 20:09:20.312810+00:00,2026-06-19 20:09:20.499712+00:00
cd8554fd-d650-4c37-98f1-e85945defce8,completed,2026-06-19 20:09:20.387451+00:00,2026-06-19 20:09:20.634758+00:00
28cc01b4-c2f2-458e-b038-03f0b075b3aa,completed,2026-06-19 20:09:20.715858+00:00,2026-06-19 20:09:20.861883+00:00
ce31ed21-525b-45fb-ac33-a5965b9c057e,completed,2026-06-19 20:09:23.117083+00:00,2026-06-19 20:09:23.466914+00:00
c13ef47b-9077-4201-a1a6-6a40c5665885,completed,2026-06-19 20:09:20.876026+00:00,2026-06-19 20:09:21.022368+00:00
75916b66-73fa-4c76-ac3c-ab7e0d1e27bd,completed,2026-06-19 20:09:20.968501+00:00,2026-06-19 20:09:21.191527+00:00
35e12502-d6a4-4364-bb57-045935f7eb6e,completed,2026-06-19 20:09:22.215368+00:00,2026-06-19 20:09:22.551562+00:00
9768487e-2f96-42f9-a39c-a872eb2d0b6c,completed,2026-06-19 20:09:21.035485+00:00,2026-06-19 20:09:21.349297+00:00
3b977822-51a1-4de1-942e-fe12ef9724ae,completed,2026-06-19 20:09:23.701305+00:00,2026-06-19 20:09:24.083273+00:00
f9398b26-75e5-487a-80f6-825534e11f78,completed,2026-06-19 20:09:21.126407+00:00,2026-06-19 20:09:21.489507+00:00
ea17f531-0c1d-4d04-abef-dda7db33b101,completed,2026-06-19 20:09:21.282697+00:00,2026-06-19 20:09:21.631781+00:00
e1393c1c-fefd-4ea2-92ce-b79da6e23b56,completed,2026-06-19 20:09:22.366570+00:00,2026-06-19 20:09:22.712469+00:00
4940bd1e-0c0a-4fa1-aa93-2d6b885c59c2,completed,2026-06-19 20:09:21.441585+00:00,2026-06-19 20:09:21.776031+00:00
6a121732-c44a-45e1-9c5d-66103d606083,completed,2026-06-19 20:09:21.598903+00:00,2026-06-19 20:09:21.921733+00:00
7683a645-ef53-450e-a0a5-96e7c9ac1134,completed,2026-06-19 20:09:21.755100+00:00,2026-06-19 20:09:22.074770+00:00
f8ee07f5-c792-4fd6-bd28-b67458cf8dcd,completed,2026-06-19 20:09:22.518634+00:00,2026-06-19 20:09:22.861761+00:00
e6f3ea3f-3731-4bde-8872-77e3e6337d93,completed,2026-06-19 20:09:21.910380+00:00,2026-06-19 20:09:22.231759+00:00
47a5bff0-ecd1-4fe7-a873-402067836198,completed,2026-06-19 20:09:23.266312+00:00,2026-06-19 20:09:23.621191+00:00
04205420-6b63-437f-a5c5-c3507c990c02,completed,2026-06-19 20:09:22.064138+00:00,2026-06-19 20:09:22.395589+00:00
0b6fa077-f7b8-4407-8efc-760ddbfb87a6,completed,2026-06-19 20:09:22.672011+00:00,2026-06-19 20:09:23.001325+00:00
0b9e161b-2455-473d-ab9d-bb891178929b,completed,2026-06-19 20:09:24.266336+00:00,2026-06-19 20:09:24.680252+00:00
e14e9c61-0c8a-4eab-999d-7b0ded91d0c6,completed,2026-06-19 20:09:22.821683+00:00,2026-06-19 20:09:23.145244+00:00
3ba9321f-16c7-47b9-8588-6ee09749840b,completed,2026-06-19 20:09:22.968948+00:00,2026-06-19 20:09:23.295704+00:00
be7db2d6-a520-49b9-bfc2-d9f1d17c89d1,completed,2026-06-19 20:09:23.408380+00:00,2026-06-19 20:09:23.770006+00:00
d938de83-f692-4716-b108-9f83f27ab02a,completed,2026-06-19 20:09:23.844079+00:00,2026-06-19 20:09:24.260031+00:00
92ef2540-7195-435e-9b6d-faa3b20685be,completed,2026-06-19 20:09:23.556607+00:00,2026-06-19 20:09:23.932216+00:00
54947b73-1e33-4ee2-92fe-04ac4b8e8650,completed,2026-06-19 20:09:24.128337+00:00,2026-06-19 20:09:24.538761+00:00
05034ca0-c172-4328-9472-a3eda3da86ce,completed,2026-06-19 20:09:23.987711+00:00,2026-06-19 20:09:24.398093+00:00
508d2223-42a2-42f2-9116-f826c505ccf8,completed,2026-06-19 20:09:24.406777+00:00,2026-06-19 20:09:24.826209+00:00
4bcedb30-81d8-4e66-82d5-06f0c6d41eba,completed,2026-06-19 20:09:24.549721+00:00,2026-06-19 20:09:24.973308+00:00
e4eca8bb-02ea-49c5-b9e1-b54c78e24c7e,completed,2026-06-19 20:09:24.688709+00:00,2026-06-19 20:09:25.111568+00:00
0a6992b9-0f13-4810-a839-14ae62e8dd20,completed,2026-06-19 20:09:24.824605+00:00,2026-06-19 20:09:25.259234+00:00
3159bcc8-4dd5-4244-8ecc-0b1fb345ed72,completed,2026-06-19 20:09:24.964000+00:00,2026-06-19 20:09:25.405307+00:00
0e5387f4-13c5-4f16-a584-0b442c125b94,completed,2026-06-19 20:09:25.101040+00:00,2026-06-19 20:09:25.565064+00:00
6f4ddb3b-75f0-4e53-9842-066d764351b9,completed,2026-06-19 20:09:26.433622+00:00,2026-06-19 20:09:27.067846+00:00
176412f3-04fc-4528-8074-85dabfa515da,completed,2026-06-19 20:09:25.235932+00:00,2026-06-19 20:09:25.724480+00:00
e1bd7a90-6c9f-4247-a61b-d3edfdb14f77,completed,2026-06-19 20:09:27.581740+00:00,2026-06-19 20:09:28.365484+00:00
9253cf0d-3462-45f1-94a7-6190d3ca7ddf,completed,2026-06-19 20:09:25.374416+00:00,2026-06-19 20:09:25.901224+00:00
c84e3095-f40a-43e7-8ca9-eacb750c92ad,completed,2026-06-19 20:09:25.507130+00:00,2026-06-19 20:09:26.047695+00:00
3f6e2d3a-ec2b-4d63-b0ba-fefeb8eae9fd,completed,2026-06-19 20:09:25.641433+00:00,2026-06-19 20:09:26.201170+00:00
2b41a4ad-ab4f-4eb5-89a3-edc2cce306ff,completed,2026-06-19 20:09:26.564513+00:00,2026-06-19 20:09:27.220588+00:00
e1b79b7e-90f4-46ef-9c28-f2edb6c45406,completed,2026-06-19 20:09:25.773819+00:00,2026-06-19 20:09:26.350319+00:00
394b64f3-e9a5-48af-9843-f747263511b6,completed,2026-06-19 20:09:25.906963+00:00,2026-06-19 20:09:26.499667+00:00
3d846ad4-9f58-41e8-960f-4387d1fcd034,completed,2026-06-19 20:09:26.039320+00:00,2026-06-19 20:09:26.651380+00:00
96399aa0-1dc8-44b4-9a83-93754a7fd806,completed,2026-06-19 20:09:26.694084+00:00,2026-06-19 20:09:27.373650+00:00
5831ae50-f7e7-4a1e-b434-2a358caaf7f8,completed,2026-06-19 20:09:26.171860+00:00,2026-06-19 20:09:26.793207+00:00
eb218428-fe0e-427d-8445-161c075a7a5f,completed,2026-06-19 20:09:27.203651+00:00,2026-06-19 20:09:27.940033+00:00
6fd9aa7b-6f6c-40f9-956a-1422e33d94f4,completed,2026-06-19 20:09:26.301432+00:00,2026-06-19 20:09:26.931265+00:00
1aea6485-e916-44b2-9c11-36b564d15756,completed,2026-06-19 20:09:27.833712+00:00,2026-06-19 20:09:28.652582+00:00
f41c76f4-94f2-4448-9b46-c71586101ff2,completed,2026-06-19 20:09:26.819486+00:00,2026-06-19 20:09:27.508770+00:00
e0822d5e-00cf-4ca2-935c-18b44f69014e,completed,2026-06-19 20:09:26.950519+00:00,2026-06-19 20:09:27.650592+00:00
9517d630-0ef5-422f-a144-a7e5ac5e3c81,completed,2026-06-19 20:09:27.074584+00:00,2026-06-19 20:09:27.795085+00:00
55a0c440-8653-4e6c-930c-5a5ba2c8881c,completed,2026-06-19 20:09:27.329520+00:00,2026-06-19 20:09:28.085691+00:00
52ce3e84-0912-4152-9f11-9a8f0db9740b,completed,2026-06-19 20:09:27.456773+00:00,2026-06-19 20:09:28.228297+00:00
cb160bf4-35da-487e-b887-84fd769333ac,completed,2026-06-19 20:09:28.079114+00:00,2026-06-19 20:09:28.940631+00:00
d8dd2fc2-826c-4c94-9e20-12939d5c668f,completed,2026-06-19 20:09:27.707186+00:00,2026-06-19 20:09:28.508772+00:00
e9d7c1c8-0bab-4496-b50d-d8d341c6cf94,completed,2026-06-19 20:09:27.958894+00:00,2026-06-19 20:09:28.789783+00:00
3224c438-924b-40a4-9d51-a64618c8cda2,completed,2026-06-19 20:09:28.203765+00:00,2026-06-19 20:09:29.093521+00:00
99ed03a0-4b01-49ac-8bc1-7851304a29b9,completed,2026-06-19 20:09:28.322086+00:00,2026-06-19 20:09:29.239418+00:00
1f3363a4-537e-46ba-a494-291bda1bb20a,completed,2026-06-19 20:09:28.446472+00:00,2026-06-19 20:09:29.379113+00:00
ebd5d12a-177e-415b-bb04-8b74e2191845,completed,2026-06-19 20:09:28.566664+00:00,2026-06-19 20:09:29.537657+00:00
8950413b-ddef-47e0-bfda-802be89bdd05,completed,2026-06-19 20:09:28.699231+00:00,2026-06-19 20:09:29.677292+00:00
9c00291a-6356-4bf3-a446-c76fa9a39f93,completed,2026-06-19 20:09:28.811815+00:00,2026-06-19 20:09:29.825455+00:00
6880ff2c-7507-4e40-b041-7f5aaca56ec1,completed,2026-06-19 20:09:28.928274+00:00,2026-06-19 20:09:29.972156+00:00
7f715a88-ad38-4f21-9deb-10f2b175db73,completed,2026-06-19 20:09:29.048815+00:00,2026-06-19 20:09:30.132151+00:00
1d1f0756-4ba1-48ed-aa32-1eb96d379eb3,completed,2026-06-19 20:09:30.677161+00:00,2026-06-19 20:09:32.251346+00:00
6b6c6d80-d88d-4618-aa1b-851e055d04cf,completed,2026-06-19 20:09:29.170354+00:00,2026-06-19 20:09:30.295629+00:00
d2d0861e-b945-4235-8ae0-36d72523d47a,completed,2026-06-19 20:09:29.286233+00:00,2026-06-19 20:09:30.442973+00:00
8a1380a0-d098-460d-92cc-dcc2b2936b09,completed,2026-06-19 20:09:29.990071+00:00,2026-06-19 20:09:31.342842+00:00
9db0bdc4-3aa6-4212-aed6-0464b4b773a8,completed,2026-06-19 20:09:29.406912+00:00,2026-06-19 20:09:30.583301+00:00
69aa6145-acb4-4e6f-a3e3-2505e665c96e,completed,2026-06-19 20:09:29.523746+00:00,2026-06-19 20:09:30.741016+00:00
11bae9d1-461b-4935-86c9-ca733d5fc8f0,completed,2026-06-19 20:09:29.640327+00:00,2026-06-19 20:09:30.883574+00:00
12ad52b8-d13a-4e5e-8e47-d2a57d115982,completed,2026-06-19 20:09:29.757917+00:00,2026-06-19 20:09:31.040810+00:00
1d532c75-bf7b-4317-862d-93823fc2eae9,completed,2026-06-19 20:09:30.105963+00:00,2026-06-19 20:09:31.496080+00:00
ad2c5ebd-75f9-4161-9151-cdb28c6327f3,completed,2026-06-19 20:09:29.873948+00:00,2026-06-19 20:09:31.192955+00:00
248ed1d9-a5a4-482e-ad30-725724d0c94d,completed,2026-06-19 20:09:30.451430+00:00,2026-06-19 20:09:31.944230+00:00
1ea76955-2049-420b-9eeb-e0e06b9c6aba,completed,2026-06-19 20:09:30.224082+00:00,2026-06-19 20:09:31.645823+00:00
f4016c04-4204-4864-960e-8114ea07a761,completed,2026-06-19 20:09:30.904360+00:00,2026-06-19 20:09:32.546661+00:00
10f1dd80-be0c-4a2b-82a9-738ec619f9eb,completed,2026-06-19 20:09:30.336966+00:00,2026-06-19 20:09:31.801363+00:00
9d0c88ca-d47c-4325-a94e-4b631eb1faf4,completed,2026-06-19 20:09:30.565672+00:00,2026-06-19 20:09:32.095113+00:00
7b093f90-862d-4769-aaaf-3da5ec8e2585,completed,2026-06-19 20:09:30.789825+00:00,2026-06-19 20:09:32.408798+00:00
eb3420c1-f932-4c2a-94de-b301910612ef,completed,2026-06-19 20:09:31.015950+00:00,2026-06-19 20:09:32.701977+00:00
d01c7903-fbdd-42fc-9b68-8076ffaffe81,completed,2026-06-19 20:09:31.129506+00:00,2026-06-19 20:09:32.846889+00:00
4334eec8-3e51-4ad8-9137-95a8b2ff232c,completed,2026-06-19 20:09:31.238324+00:00,2026-06-19 20:09:33.001424+00:00
d2e475ac-a28c-49c8-b9cc-b88aa352bb4f,completed,2026-06-19 20:09:31.353463+00:00,2026-06-19 20:09:33.152207+00:00
e34748a6-98dd-47df-a9c6-177029e45fad,completed,2026-06-19 20:09:31.465013+00:00,2026-06-19 20:09:33.313665+00:00
3304ff58-b528-4947-b2cc-a70f8f21d57c,completed,2026-06-19 20:09:31.574519+00:00,2026-06-19 20:09:33.455028+00:00
7203179b-6492-430e-9546-9f2927fc55b5,completed,2026-06-19 20:09:31.692013+00:00,2026-06-19 20:09:33.605089+00:00
18e39d75-71d1-4ce6-8a98-03221460fe24,completed,2026-06-19 20:09:31.906639+00:00,2026-06-19 20:09:33.921881+00:00
272c23b5-6719-4747-98b6-36e628f633d4,completed,2026-06-19 20:09:32.014909+00:00,2026-06-19 20:09:34.076270+00:00
4cf34bc0-b6db-40dc-88b8-59f31847d136,completed,2026-06-19 20:09:32.121841+00:00,2026-06-19 20:09:34.221993+00:00
f20154b4-f590-493b-9f5e-f4bb38b410b1,completed,2026-06-19 20:09:32.232088+00:00,2026-06-19 20:09:34.374232+00:00
467db81d-ea9b-48ef-b961-57dfcb63eac0,completed,2026-06-19 20:09:32.341990+00:00,2026-06-19 20:09:34.513581+00:00
9c65ac12-fd57-4736-bd81-62027e56b754,completed,2026-06-19 20:09:32.444595+00:00,2026-06-19 20:09:34.658857+00:00
03eb709e-57a8-44de-ae28-5607990b269e,completed,2026-06-19 20:09:32.554132+00:00,2026-06-19 20:09:34.801808+00:00
74dd820a-85b8-4a81-83c9-dc7ce2bbcc11,completed,2026-06-19 20:09:32.663551+00:00,2026-06-19 20:09:34.939095+00:00
f9ab8cb1-b056-4918-ac56-c043435067c3,completed,2026-06-19 20:09:31.796936+00:00,2026-06-19 20:09:33.777652+00:00
f290ad58-a68b-4883-9e0f-218f4f8822d3,completed,2026-06-19 20:09:32.982564+00:00,2026-06-19 20:09:35.374276+00:00
5191f6c9-c083-419f-b47a-e5126489c2c8,completed,2026-06-19 20:09:32.769871+00:00,2026-06-19 20:09:35.085228+00:00
90cb2804-6aac-4211-8f5d-5b8c24bda81d,completed,2026-06-19 20:09:33.198052+00:00,2026-06-19 20:09:35.684467+00:00
4b7576e0-1d9a-46fc-927c-456207a7ee35,completed,2026-06-19 20:09:32.874776+00:00,2026-06-19 20:09:35.237656+00:00
ad6e487e-cbbb-4d49-8f7d-25dea1866f32,completed,2026-06-19 20:09:33.086317+00:00,2026-06-19 20:09:35.521099+00:00
c4f4aa92-1252-4906-accf-279fe52a9a8b,completed,2026-06-19 20:09:33.299037+00:00,2026-06-19 20:09:35.827832+00:00
66fef110-7edc-4a22-bb5c-7abd7b549176,completed,2026-06-19 20:09:33.404214+00:00,2026-06-19 20:09:35.972508+00:00
d3bcbb9b-e5d0-470e-ae58-ccc4ac68ffcb,completed,2026-06-19 20:09:33.509984+00:00,2026-06-19 20:09:36.132747+00:00
74bef900-869a-4262-998b-7df736d25bfd,completed,2026-06-19 20:09:33.615178+00:00,2026-06-19 20:09:36.284383+00:00
7baf336d-3508-4bc6-bb5a-403bccc81b56,completed,2026-06-19 20:09:33.718688+00:00,2026-06-19 20:09:36.441012+00:00
8291aede-0877-433a-a48e-891ee7e4867c,completed,2026-06-19 20:09:33.821810+00:00,2026-06-19 20:09:36.587142+00:00
edc406ff-f230-4714-8e45-71963e4013cc,completed,2026-06-19 20:09:33.924443+00:00,2026-06-19 20:09:36.725144+00:00
cfd7d5cf-86fe-493e-9769-63fabc78d259,completed,2026-06-19 20:09:34.028077+00:00,2026-06-19 20:09:36.867477+00:00
09cd2e34-c169-4036-bd4e-303dbce72f30,completed,2026-06-19 20:09:34.233109+00:00,2026-06-19 20:09:37.155592+00:00
8c4a9685-0456-4220-ba19-01073afc883b,completed,2026-06-19 20:09:34.335991+00:00,2026-06-19 20:09:37.327785+00:00
95317173-f1d8-4303-97d8-0c0dde69ee95,completed,2026-06-19 20:09:34.439075+00:00,2026-06-19 20:09:37.499376+00:00
24c9269d-ef26-4b0b-bbd2-6ff618059c33,completed,2026-06-19 20:09:34.539951+00:00,2026-06-19 20:09:37.648279+00:00
a1d0f5f4-390e-4abf-bbc9-182c3c212e89,completed,2026-06-19 20:09:34.645036+00:00,2026-06-19 20:09:37.823227+00:00
533aac78-e757-4ae2-80dd-5e235ee4b42d,completed,2026-06-19 20:09:34.744514+00:00,2026-06-19 20:09:37.965299+00:00
06fc0125-ae88-479a-a459-f45e46a4ead8,completed,2026-06-19 20:09:34.844808+00:00,2026-06-19 20:09:38.115524+00:00
7d310a10-bdc7-4f1c-b298-11541b498051,completed,2026-06-19 20:09:34.945572+00:00,2026-06-19 20:09:38.269304+00:00
f838e3ad-a4de-4a06-bf68-5e91f8e0266d,completed,2026-06-19 20:09:35.145735+00:00,2026-06-19 20:09:38.559816+00:00
7a011d61-f21c-4ea2-af39-f47418487e78,completed,2026-06-19 20:09:35.244237+00:00,2026-06-19 20:09:38.717551+00:00
d2bc8937-45ba-4194-9904-c1768865e4eb,completed,2026-06-19 20:09:35.343428+00:00,2026-06-19 20:09:38.854503+00:00
a53b0d49-4ac5-40b3-9f6e-57047bfb0b12,completed,2026-06-19 20:09:35.444607+00:00,2026-06-19 20:09:38.993730+00:00
4d08f642-9add-42ea-9448-9731b2b99072,completed,2026-06-19 20:09:35.538737+00:00,2026-06-19 20:09:39.190106+00:00
41575d5f-70cf-47d6-9c60-b62720ca2408,completed,2026-06-19 20:09:35.639307+00:00,2026-06-19 20:09:39.341726+00:00
70909295-6ec9-4f23-afe7-2ead0c0d028a,completed,2026-06-19 20:09:35.737774+00:00,2026-06-19 20:09:39.493242+00:00
f7bbe28b-8115-4e95-901d-1d6b9ec8c8f2,completed,2026-06-19 20:09:35.834445+00:00,2026-06-19 20:09:39.628396+00:00
38ceda81-7ca0-490a-b09f-ea1b82564d89,completed,2026-06-19 20:09:36.123134+00:00,2026-06-19 20:09:40.068765+00:00
69ca0aae-fdd1-4f2d-9abd-cd6d58e6c551,completed,2026-06-19 20:09:36.216059+00:00,2026-06-19 20:09:40.234121+00:00
b7f5bace-342b-40d5-b401-39a0d0495549,completed,2026-06-19 20:09:36.312541+00:00,2026-06-19 20:09:40.370476+00:00
59d2f2c5-556a-439e-9acc-9bae2a9ff592,completed,2026-06-19 20:09:36.408089+00:00,2026-06-19 20:09:40.509318+00:00
aa39956f-8a13-4793-a4b0-9beccbacef18,completed,2026-06-19 20:09:36.500761+00:00,2026-06-19 20:09:40.651169+00:00
29c57476-2365-42f4-acf7-bc85985106f5,completed,2026-06-19 20:09:36.592453+00:00,2026-06-19 20:09:40.809335+00:00
a61fa76d-4a48-4294-929a-ad840e1ae661,completed,2026-06-19 20:09:36.779094+00:00,2026-06-19 20:09:41.101014+00:00
31906bae-6d03-4b84-a90e-f53d251cc6c9,completed,2026-06-19 20:09:36.870388+00:00,2026-06-19 20:09:41.246752+00:00
a899780e-a30b-412e-8c32-79256b002ae0,completed,2026-06-19 20:09:36.962037+00:00,2026-06-19 20:09:41.421078+00:00
d97b17d0-461d-47d4-ad33-9d61886df735,completed,2026-06-19 20:09:37.053981+00:00,2026-06-19 20:09:41.554181+00:00
b83044b2-812b-4d73-a5e0-7ce4a3bf94bb,completed,2026-06-19 20:09:37.145745+00:00,2026-06-19 20:09:41.707158+00:00
bebe45c7-6717-4b0d-bf2b-124c1c68ea90,completed,2026-06-19 20:09:37.236688+00:00,2026-06-19 20:09:41.841831+00:00
9e262852-1fe4-4742-9cc9-2b5d509741ce,completed,2026-06-19 20:09:37.326548+00:00,2026-06-19 20:09:41.981417+00:00
76a52859-7847-42cd-b8b4-6e7199356510,completed,2026-06-19 20:09:37.414083+00:00,2026-06-19 20:09:42.113025+00:00
a3f5f362-3c02-42bc-86ec-60958432e8a0,completed,2026-06-19 20:09:37.595235+00:00,2026-06-19 20:09:42.450217+00:00
21ba12d4-b86c-4b2f-83a0-8ac62a309a7d,completed,2026-06-19 20:09:37.683679+00:00,2026-06-19 20:09:42.594805+00:00
6ed8c2bc-a9fc-4cca-b1e9-770e230e951d,completed,2026-06-19 20:09:37.772796+00:00,2026-06-19 20:09:42.751987+00:00
ca05d804-62eb-493f-8dbc-08c0136e5627,completed,2026-06-19 20:09:37.860753+00:00,2026-06-19 20:09:42.891030+00:00
19a7afdd-1bd3-4ebb-8250-3506f8654a3f,completed,2026-06-19 20:09:37.948859+00:00,2026-06-19 20:09:43.032496+00:00
235fe1eb-fc9b-4b26-8a64-b8719967108a,completed,2026-06-19 20:09:38.036107+00:00,2026-06-19 20:09:43.224521+00:00
54d8d69d-0ce4-4122-bdb4-e4255a4ed12e,completed,2026-06-19 20:09:38.125132+00:00,2026-06-19 20:09:43.376363+00:00
a9cf1a9c-4dfd-441e-ad55-1a2b0a1e1a4a,completed,2026-06-19 20:09:38.210603+00:00,2026-06-19 20:09:43.533171+00:00
c2b85842-e6a1-45fa-876b-29917e05acc2,completed,2026-06-19 20:09:38.383195+00:00,2026-06-19 20:09:43.817489+00:00
f21554bd-dd37-4827-a9b0-e2b35b3b8251,completed,2026-06-19 20:09:38.468708+00:00,2026-06-19 20:09:43.975687+00:00
e56f3006-a206-4c1b-8a24-0eb1c3ca4b3d,completed,2026-06-19 20:09:38.557252+00:00,2026-06-19 20:09:44.123363+00:00
589dea60-b055-446b-9be4-a4725e3cc050,completed,2026-06-19 20:09:38.643000+00:00,2026-06-19 20:09:44.267709+00:00
72ceb15e-40fc-4e8f-9db6-17f46df71aad,completed,2026-06-19 20:09:38.725146+00:00,2026-06-19 20:09:44.413561+00:00
bae5bb30-7dd3-4baf-93a2-43850898b2cf,completed,2026-06-19 20:09:38.810460+00:00,2026-06-19 20:09:44.552510+00:00
0b09f98b-bd7f-46fa-9d99-54c86ac8503a,completed,2026-06-19 20:09:38.894219+00:00,2026-06-19 20:09:44.694717+00:00
ab9f368a-7fe9-44a4-9d3f-8ba17ef5b8a6,completed,2026-06-19 20:09:38.977968+00:00,2026-06-19 20:09:44.843553+00:00
7ab9d1e4-d667-4f2e-8ab5-6db99488f332,completed,2026-06-19 20:09:34.128085+00:00,2026-06-19 20:09:37.016619+00:00
df9bfebb-1c49-46de-9a89-4f503bc03cfc,completed,2026-06-19 20:09:35.043822+00:00,2026-06-19 20:09:38.413292+00:00
8214aef9-a9f8-475a-ad2d-61b85389e0d2,completed,2026-06-19 20:09:35.931051+00:00,2026-06-19 20:09:39.780251+00:00
2512d391-73ba-46ce-b0fb-e40ef541ead0,completed,2026-06-19 20:09:36.026139+00:00,2026-06-19 20:09:39.929778+00:00
572dbb3e-b149-4188-8996-65ba648aef4a,completed,2026-06-19 20:09:36.687275+00:00,2026-06-19 20:09:40.958973+00:00
1aab22ad-ee47-4252-95a1-13fc491b515f,completed,2026-06-19 20:09:37.505469+00:00,2026-06-19 20:09:42.270554+00:00
5e1a30da-4f94-4b2b-ad75-f9e626ebd5f6,completed,2026-06-19 20:09:38.297506+00:00,2026-06-19 20:09:43.676363+00:00
245dbfbb-b8a0-4bb6-bac5-6226390da53f,completed,2026-06-19 20:09:39.062675+00:00,2026-06-19 20:09:44.986195+00:00
092396f0-969e-4bd8-8765-8c024df027db,completed,2026-06-19 20:09:39.146517+00:00,2026-06-19 20:09:45.133364+00:00
3726a2fe-a4e3-4ed2-800a-80c9ab4e192e,completed,2026-06-19 20:09:39.719925+00:00,2026-06-19 20:09:46.167498+00:00
ea4c863d-b735-4e29-8464-ce907b76c87e,completed,2026-06-19 20:09:40.443990+00:00,2026-06-19 20:09:47.542328+00:00
ae91e360-240f-47c4-b180-1e7611f3d748,completed,2026-06-19 20:09:41.145480+00:00,2026-06-19 20:09:48.828685+00:00
107c550e-fa74-4a13-886a-d86fe2379315,completed,2026-06-19 20:09:41.827915+00:00,2026-06-19 20:09:50.173377+00:00
307400a7-e101-4f3d-9583-61c3c9ca91e2,completed,2026-06-19 20:09:41.904527+00:00,2026-06-19 20:09:50.320490+00:00
14fa1dc2-1823-495c-a05f-0221d4d0e791,completed,2026-06-19 20:09:42.421784+00:00,2026-06-19 20:09:51.341964+00:00
2ff9a7f9-4432-401b-b324-14da99d23df9,completed,2026-06-19 20:09:43.071445+00:00,2026-06-19 20:09:52.660123+00:00
0718bbcf-e0bd-483b-a2b1-5fa4b5f6287f,completed,2026-06-19 20:09:43.711418+00:00,2026-06-19 20:09:53.968129+00:00
d9a20b1f-cc69-4447-b1cd-5683bc45574e,completed,2026-06-19 20:09:44.334881+00:00,2026-06-19 20:09:55.313117+00:00
d02c9abc-2e18-44fe-bf7a-656ca3d4db12,completed,2026-06-19 20:09:44.401340+00:00,2026-06-19 20:09:55.457992+00:00
3985c658-c9d2-4b45-b7bb-97b8d19610d3,completed,2026-06-19 20:09:44.878400+00:00,2026-06-19 20:09:56.509204+00:00
81dbec6e-3a42-4539-9868-4ffc9e975ce2,completed,2026-06-19 20:09:45.478164+00:00,2026-06-19 20:09:57.825806+00:00
4ddfd74d-dc3a-486f-850a-2cc455a290e8,completed,2026-06-19 20:09:46.068607+00:00,2026-06-19 20:09:59.174668+00:00
267a317f-b1ab-40a6-b6f5-e9e741c76697,completed,2026-06-19 20:09:46.639358+00:00,2026-06-19 20:10:00.527491+00:00
d775b466-bf50-4638-960f-7a8cc158fc3d,completed,2026-06-19 20:09:46.706809+00:00,2026-06-19 20:10:00.680192+00:00
aef3282b-f013-4c92-8571-0d11009f1aa6,completed,2026-06-19 20:09:47.145712+00:00,2026-06-19 20:10:01.741916+00:00
793f7731-a917-4a41-b804-df19cd1abb7d,completed,2026-06-19 20:09:47.717191+00:00,2026-06-19 20:10:03.162285+00:00
fd0d3103-589d-4083-9e26-b2201fde6314,completed,2026-06-19 20:09:48.253285+00:00,2026-06-19 20:10:04.506168+00:00
70d2697a-757e-4b87-bb44-911f8a151b92,failed,2026-06-19 20:11:02.973192+00:00,2026-06-19 20:11:33.011703+00:00
b37fa822-2c4e-44e9-bdea-e8ebf97dba56,failed,2026-06-19 20:11:04.274357+00:00,2026-06-19 20:11:34.491080+00:00
ea67e78c-0f75-4122-956e-caf9327de517,failed,2026-06-19 20:11:05.276103+00:00,2026-06-19 20:11:35.462972+00:00
e3488396-8e27-48bc-8c19-411e5f2ecf3e,failed,2026-06-19 20:11:06.575150+00:00,2026-06-19 20:11:36.698447+00:00
c772ed9d-529b-443a-a652-bb0b7dd7fa22,completed,2026-06-19 20:11:08.099061+00:00,2026-06-19 20:11:38.240909+00:00
ef5bab16-80f7-4e8a-853e-c6b2ed47a01b,completed,2026-06-19 20:09:39.228603+00:00,2026-06-19 20:09:45.288835+00:00
f36c53b0-7d8b-4f4d-8a59-c7a7f0229741,completed,2026-06-19 20:09:39.311917+00:00,2026-06-19 20:09:45.439528+00:00
4c1475f5-6cb5-4227-b1fb-8903827924a7,completed,2026-06-19 20:09:39.394246+00:00,2026-06-19 20:09:45.571552+00:00
6f0eea4c-2557-4b66-b7a0-2d411a23353b,completed,2026-06-19 20:09:39.476748+00:00,2026-06-19 20:09:45.713649+00:00
17be1e41-aff7-44a3-a5c0-2f7be1e13d47,completed,2026-06-19 20:09:39.561388+00:00,2026-06-19 20:09:45.865067+00:00
e638f14a-ae8e-4bdc-b87b-e14b857e180b,completed,2026-06-19 20:09:39.647598+00:00,2026-06-19 20:09:46.016892+00:00
89c1c8e2-387a-486c-ab2d-b88fa40010f4,completed,2026-06-19 20:09:39.800717+00:00,2026-06-19 20:09:46.313471+00:00
a8795676-222d-492a-bf42-965b239ad261,completed,2026-06-19 20:09:39.884794+00:00,2026-06-19 20:09:46.473145+00:00
9fd00adf-7a9a-47af-86fb-bb1110992a38,completed,2026-06-19 20:09:39.968925+00:00,2026-06-19 20:09:46.615356+00:00
16e2a5b8-81b7-4f7b-9881-a0f9fd66f5ba,completed,2026-06-19 20:09:40.048563+00:00,2026-06-19 20:09:46.764103+00:00
76bb8a1c-2f3d-410e-a565-0453d4742516,completed,2026-06-19 20:09:40.132826+00:00,2026-06-19 20:09:46.933250+00:00
da56c92b-b619-4655-9ad1-1aa8abde8f87,completed,2026-06-19 20:09:40.204364+00:00,2026-06-19 20:09:47.079111+00:00
2413e337-5cd3-4bba-bd41-6d5b1080ff86,completed,2026-06-19 20:09:40.286823+00:00,2026-06-19 20:09:47.232811+00:00
92de7c08-77a9-4cdb-918b-cbd434fb9e3b,completed,2026-06-19 20:09:40.365160+00:00,2026-06-19 20:09:47.375997+00:00
b3a41afd-70b5-476a-878e-5362436284a5,completed,2026-06-19 20:09:40.522606+00:00,2026-06-19 20:09:47.684781+00:00
46fab8de-0b67-42bd-a9ab-2d23cf2dd40a,completed,2026-06-19 20:09:40.602115+00:00,2026-06-19 20:09:47.824956+00:00
83f8e15f-e33e-4185-bdcd-b6a46842768f,completed,2026-06-19 20:09:40.677647+00:00,2026-06-19 20:09:47.959644+00:00
38183d10-90f2-4bdc-badc-84fe7f57d992,completed,2026-06-19 20:09:40.761888+00:00,2026-06-19 20:09:48.100668+00:00
6e7c4a41-0024-4b27-a0ac-799b2d671110,completed,2026-06-19 20:09:40.834737+00:00,2026-06-19 20:09:48.239081+00:00
a0ad954b-9acd-47d0-9d60-d25b3a19b0a4,completed,2026-06-19 20:09:40.911795+00:00,2026-06-19 20:09:48.386319+00:00
e0a651cf-e273-4608-8cd5-013340c86b4b,completed,2026-06-19 20:09:40.990792+00:00,2026-06-19 20:09:48.535597+00:00
f0a6bcd1-3566-4541-b2bc-2e4739e0bcaf,completed,2026-06-19 20:09:41.068087+00:00,2026-06-19 20:09:48.689749+00:00
f216cf7e-febe-428f-be9b-5c453ed29dd8,completed,2026-06-19 20:09:41.226637+00:00,2026-06-19 20:09:48.978104+00:00
6178d1f2-1457-49be-ba08-911a8d38d1e3,completed,2026-06-19 20:09:41.299537+00:00,2026-06-19 20:09:49.127083+00:00
cf23beb7-ee2b-4201-8141-ca3322955493,completed,2026-06-19 20:09:41.376534+00:00,2026-06-19 20:09:49.270263+00:00
f7a00943-7001-4693-8028-5cf70722bdfe,completed,2026-06-19 20:09:41.448952+00:00,2026-06-19 20:09:49.413521+00:00
5f95052a-cdfd-436d-aad4-dc278b085c78,completed,2026-06-19 20:09:41.527438+00:00,2026-06-19 20:09:49.555913+00:00
9df9af40-9e15-49f4-a878-cfd817f676d9,completed,2026-06-19 20:09:41.602636+00:00,2026-06-19 20:09:49.724807+00:00
578efbea-ff7a-413d-83e7-97c66ac2f443,completed,2026-06-19 20:09:41.676151+00:00,2026-06-19 20:09:49.862578+00:00
d2588ea7-998e-475b-9600-7af074c23acd,completed,2026-06-19 20:09:41.755621+00:00,2026-06-19 20:09:50.021356+00:00
2d0bff9e-6b6a-475f-abe7-d0b93111a587,completed,2026-06-19 20:09:41.979217+00:00,2026-06-19 20:09:50.462059+00:00
2d3a7a17-4894-4f6f-8cea-1ea5fb0c7fd1,completed,2026-06-19 20:09:42.052437+00:00,2026-06-19 20:09:50.609625+00:00
8d23b5db-3516-46f4-bfe7-833a19990e20,completed,2026-06-19 20:09:42.126560+00:00,2026-06-19 20:09:50.745632+00:00
47069b2b-0a78-472d-9256-d72edc2dec3a,completed,2026-06-19 20:09:42.200299+00:00,2026-06-19 20:09:50.896718+00:00
59be92da-2863-4c4b-a286-ca91cc6d6836,completed,2026-06-19 20:09:42.273991+00:00,2026-06-19 20:09:51.034931+00:00
dd7aa7c3-1289-449e-a3dc-da2aa4053589,completed,2026-06-19 20:09:42.348383+00:00,2026-06-19 20:09:51.182847+00:00
51ce19ab-53cc-4433-ae2a-813f56ce1440,completed,2026-06-19 20:09:42.497543+00:00,2026-06-19 20:09:51.509185+00:00
d0f8f3b5-4297-4d56-9175-364762e90374,completed,2026-06-19 20:09:42.566166+00:00,2026-06-19 20:09:51.660378+00:00
762ad786-af0b-436b-bd57-58d5c4efad81,completed,2026-06-19 20:09:42.640716+00:00,2026-06-19 20:09:51.798067+00:00
e410b330-bcdc-4909-b79a-a9628c94f9b9,completed,2026-06-19 20:09:42.711665+00:00,2026-06-19 20:09:51.939702+00:00
2b87ae54-0440-4aed-9035-65c642a2173a,completed,2026-06-19 20:09:42.793341+00:00,2026-06-19 20:09:52.071578+00:00
189dc8fb-9525-4fab-873d-d7fe9a82481e,completed,2026-06-19 20:09:42.858056+00:00,2026-06-19 20:09:52.213018+00:00
b1ad92f5-c1d5-44f5-9b59-1d8d5abb4346,completed,2026-06-19 20:09:42.936409+00:00,2026-06-19 20:09:52.355718+00:00
d0873ea6-2aab-4da9-a74e-fc5b16abeed3,completed,2026-06-19 20:09:43.003410+00:00,2026-06-19 20:09:52.502784+00:00
b851fcfd-6a75-42c5-91e7-a11082afc571,completed,2026-06-19 20:09:43.145660+00:00,2026-06-19 20:09:52.806671+00:00
085ae1e6-307d-465d-aa52-16fba5230143,completed,2026-06-19 20:09:43.214481+00:00,2026-06-19 20:09:52.956230+00:00
3f1958e7-bdae-452f-987f-393c712b07e4,completed,2026-06-19 20:09:43.290105+00:00,2026-06-19 20:09:53.102526+00:00
8b42dcfd-18a6-4590-87aa-b179b1943644,completed,2026-06-19 20:09:43.357549+00:00,2026-06-19 20:09:53.261826+00:00
c435abdb-8d46-418b-b3b4-f14c041e5acd,completed,2026-06-19 20:09:43.431097+00:00,2026-06-19 20:09:53.415022+00:00
f4f6b2c8-ca4b-4191-903a-2ea83caa9461,completed,2026-06-19 20:09:43.499022+00:00,2026-06-19 20:09:53.553015+00:00
df061dd7-77e6-44ca-8247-9bcf90818da4,completed,2026-06-19 20:09:43.570622+00:00,2026-06-19 20:09:53.691472+00:00
b93fe240-2a31-46af-af21-dd41bd66c0f8,completed,2026-06-19 20:09:43.637575+00:00,2026-06-19 20:09:53.827616+00:00
073a80bb-b734-488a-88e8-b72f0af192f5,completed,2026-06-19 20:09:43.780136+00:00,2026-06-19 20:09:54.141958+00:00
725ed113-7a11-4341-a2fd-d7f71e8c93f9,completed,2026-06-19 20:09:43.852171+00:00,2026-06-19 20:09:54.289287+00:00
110d865b-71b9-48c3-8742-f341d459481f,completed,2026-06-19 20:09:43.930898+00:00,2026-06-19 20:09:54.443378+00:00
0f8db498-6f3c-4566-9d95-42779ac8e635,completed,2026-06-19 20:09:43.992667+00:00,2026-06-19 20:09:54.587207+00:00
7227aa03-f4ea-4075-b818-24b23796d5d1,completed,2026-06-19 20:09:44.058869+00:00,2026-06-19 20:09:54.727068+00:00
7f7cde4b-4d6e-4749-85b9-245273a4de11,completed,2026-06-19 20:09:44.126027+00:00,2026-06-19 20:09:54.866629+00:00
abf9913c-ddf5-4dd3-9406-fd3c2c87eb48,completed,2026-06-19 20:09:44.194666+00:00,2026-06-19 20:09:55.015945+00:00
b0acaa8f-8810-455e-9882-e4fab4f10632,completed,2026-06-19 20:09:44.266803+00:00,2026-06-19 20:09:55.168435+00:00
d7f0a393-c92e-4697-9375-dbc99d8db1fe,completed,2026-06-19 20:09:44.470836+00:00,2026-06-19 20:09:55.599908+00:00
be055c35-8664-4a4d-bd65-b90a693e9331,completed,2026-06-19 20:09:44.539451+00:00,2026-06-19 20:09:55.754834+00:00
c2854849-7fc0-4da8-9a0c-442382b21f81,completed,2026-06-19 20:09:44.610107+00:00,2026-06-19 20:09:55.901970+00:00
b780763c-901d-46f8-80f1-a49afd57910a,completed,2026-06-19 20:09:44.675098+00:00,2026-06-19 20:09:56.071754+00:00
fdaeefe1-0f93-4e57-93f1-99059c8895ac,completed,2026-06-19 20:09:44.743353+00:00,2026-06-19 20:09:56.215585+00:00
9d2d67e6-7676-4cdc-a0ac-2b4a514c26c6,completed,2026-06-19 20:09:44.808980+00:00,2026-06-19 20:09:56.367655+00:00
daa64633-8002-4ace-9599-88080e22e0ae,completed,2026-06-19 20:09:44.943792+00:00,2026-06-19 20:09:56.662733+00:00
509a9441-39e8-4469-bcec-0c7c4e0e6452,completed,2026-06-19 20:09:45.014396+00:00,2026-06-19 20:09:56.800320+00:00
323ac601-e2e2-476c-a503-60f5817f5473,completed,2026-06-19 20:09:45.084572+00:00,2026-06-19 20:09:56.951899+00:00
cd16a1c3-c32b-4964-8cd5-107217c62d8c,completed,2026-06-19 20:09:45.144492+00:00,2026-06-19 20:09:57.087430+00:00
62b5a6ba-6676-4d33-a8c6-8fd87131914b,completed,2026-06-19 20:09:45.219620+00:00,2026-06-19 20:09:57.229817+00:00
a3f583b0-3cfb-42d4-be73-0e9b801cf7f7,completed,2026-06-19 20:09:45.278764+00:00,2026-06-19 20:09:57.363077+00:00
1118cac2-65a7-4885-9cb2-9d56b62f41e9,completed,2026-06-19 20:09:45.345337+00:00,2026-06-19 20:09:57.517229+00:00
8299d7ce-60e8-45bf-9d64-e96c1c81a112,completed,2026-06-19 20:09:45.412104+00:00,2026-06-19 20:09:57.676698+00:00
a4b1690b-e59d-46e2-8c97-001227734173,completed,2026-06-19 20:09:45.549025+00:00,2026-06-19 20:09:57.963363+00:00
b183dbd7-1c96-49e6-bf59-9969b7ce5b1a,completed,2026-06-19 20:09:45.609826+00:00,2026-06-19 20:09:58.125297+00:00
45a3ef37-f7be-4779-8a80-ce4633bdfc33,completed,2026-06-19 20:09:45.674657+00:00,2026-06-19 20:09:58.266298+00:00
97e5f7ae-40e8-47d3-9a00-f43a70827100,completed,2026-06-19 20:09:45.740202+00:00,2026-06-19 20:09:58.420296+00:00
bac02ac3-9d5b-4aad-9450-842f3eea6a78,completed,2026-06-19 20:09:45.806266+00:00,2026-06-19 20:09:58.570388+00:00
6abaf1ff-6d81-44d6-9028-c6d40bc2344a,completed,2026-06-19 20:09:45.868170+00:00,2026-06-19 20:09:58.718132+00:00
908d0702-0ed9-4693-9992-e938d2ce28af,completed,2026-06-19 20:09:45.934800+00:00,2026-06-19 20:09:58.868631+00:00
c8dae222-d862-4ca0-94a6-17e88de4f289,completed,2026-06-19 20:09:46.000030+00:00,2026-06-19 20:09:59.011902+00:00
9a0a0484-22f5-4f28-a3e5-8a404423a713,completed,2026-06-19 20:09:46.130468+00:00,2026-06-19 20:09:59.329069+00:00
3e97b9ec-28b7-4869-a074-88e6410c537c,completed,2026-06-19 20:09:46.190697+00:00,2026-06-19 20:09:59.483037+00:00
d52dac45-c81d-4748-8a5c-ccbd9b15fdb7,completed,2026-06-19 20:09:46.260219+00:00,2026-06-19 20:09:59.630438+00:00
51fc868d-0c5b-4a17-a009-0bc5fc296d47,completed,2026-06-19 20:09:46.325719+00:00,2026-06-19 20:09:59.785577+00:00
75f11533-0c75-43f0-a55d-769df8f0656c,completed,2026-06-19 20:09:46.387990+00:00,2026-06-19 20:09:59.931824+00:00
3c737ce3-b506-4e74-866c-d04b75032946,completed,2026-06-19 20:09:46.453422+00:00,2026-06-19 20:10:00.075638+00:00
c3003d1e-85d9-4a61-9659-e07c58a69567,completed,2026-06-19 20:09:46.517800+00:00,2026-06-19 20:10:00.220317+00:00
0b75add3-2780-464a-9a99-7c34833516ff,completed,2026-06-19 20:09:46.575569+00:00,2026-06-19 20:10:00.370060+00:00
e2311cbc-1ab5-4b3f-bb36-85fed9886421,completed,2026-06-19 20:09:46.783605+00:00,2026-06-19 20:10:00.832468+00:00
e3e2e682-ec08-45fe-805e-2687547cb247,completed,2026-06-19 20:09:46.830244+00:00,2026-06-19 20:10:00.971468+00:00
1f4cf516-ba7d-4ba4-a2c8-56be3b808d38,completed,2026-06-19 20:09:46.898708+00:00,2026-06-19 20:10:01.122575+00:00
3d9613ce-7c05-43b8-98a4-047c9835e93a,completed,2026-06-19 20:09:46.957787+00:00,2026-06-19 20:10:01.286774+00:00
13973b43-cc85-49d7-8f05-274bd4dc4f4a,completed,2026-06-19 20:09:47.020128+00:00,2026-06-19 20:10:01.427588+00:00
fbc09a70-fcca-46f9-8142-e9ffbc13ef36,completed,2026-06-19 20:09:47.082660+00:00,2026-06-19 20:10:01.588954+00:00
a7e7236a-31d4-41ca-b032-c2ff3e8ccf05,completed,2026-06-19 20:09:47.211283+00:00,2026-06-19 20:10:01.891001+00:00
00832a57-eae1-4522-bdf8-3efe7186367e,completed,2026-06-19 20:09:47.269149+00:00,2026-06-19 20:10:02.033575+00:00
cd39e9af-4a69-4631-a68e-025ed47fcc3f,completed,2026-06-19 20:09:47.332959+00:00,2026-06-19 20:10:02.193195+00:00
eefc3d7b-a779-40ce-97ec-2cd0ed448d70,completed,2026-06-19 20:09:47.397542+00:00,2026-06-19 20:10:02.351054+00:00
2503d7a9-0624-4d31-b0af-98847bed288a,completed,2026-06-19 20:09:47.458529+00:00,2026-06-19 20:10:02.523474+00:00
7224613e-8ca3-42af-9788-cfdee8eaf6f5,completed,2026-06-19 20:09:47.529357+00:00,2026-06-19 20:10:02.699908+00:00
73f5a248-991d-45d8-80da-387ef67b5f9c,completed,2026-06-19 20:09:47.581139+00:00,2026-06-19 20:10:02.857724+00:00
78ebe9ef-63ba-43a9-9b8d-eb0af9952412,completed,2026-06-19 20:09:47.642285+00:00,2026-06-19 20:10:03.008520+00:00
d50d6a64-608a-4bb0-9d49-46dde9009781,completed,2026-06-19 20:09:47.765671+00:00,2026-06-19 20:10:03.306904+00:00
a9a07359-077d-4237-a503-b3fa5adf7194,completed,2026-06-19 20:09:47.829172+00:00,2026-06-19 20:10:03.448414+00:00
ca603a15-60d0-46c2-b93f-617ae13d5aa1,completed,2026-06-19 20:09:47.891153+00:00,2026-06-19 20:10:03.599446+00:00
26b885d3-6686-4f07-8713-1225c3caa8a7,completed,2026-06-19 20:09:47.949056+00:00,2026-06-19 20:10:03.748171+00:00
465b7c74-cd18-4f44-aec4-b8802207e9a4,completed,2026-06-19 20:09:48.013617+00:00,2026-06-19 20:10:03.895348+00:00
3bb08f8e-8dd1-4259-8eeb-707dac398dbb,completed,2026-06-19 20:09:48.073141+00:00,2026-06-19 20:10:04.035834+00:00
b9ed7247-9a48-4038-8601-1652f4fc878b,completed,2026-06-19 20:09:48.129474+00:00,2026-06-19 20:10:04.183029+00:00
d0c1972c-0197-4402-b389-afbe076c0fe3,completed,2026-06-19 20:09:48.193352+00:00,2026-06-19 20:10:04.331141+00:00
1a5c964f-b3df-459d-886a-adfa4ed544ff,completed,2026-06-19 20:09:48.314417+00:00,2026-06-19 20:10:04.655745+00:00
b62f2ff8-1566-48ad-b68b-34c3fc5f80fb,completed,2026-06-19 20:09:48.373103+00:00,2026-06-19 20:10:04.803548+00:00
626eb2ef-ea03-4aa7-a93f-c71e14b282c7,completed,2026-06-19 20:09:48.440138+00:00,2026-06-19 20:10:04.940347+00:00
3ad611e4-9c31-4cf0-9245-1dffb4454148,completed,2026-06-19 20:09:48.497211+00:00,2026-06-19 20:10:05.088185+00:00
f2817726-347b-4c29-8ea2-e20231758305,completed,2026-06-19 20:09:48.552414+00:00,2026-06-19 20:10:05.253911+00:00
537784da-b60f-44e5-95ef-fe4dfa7bb282,completed,2026-06-19 20:09:48.614539+00:00,2026-06-19 20:10:05.416901+00:00
823c6957-e673-48f6-8d66-110ef0099507,completed,2026-06-19 20:09:48.672444+00:00,2026-06-19 20:10:05.561423+00:00
7c264563-05c0-4043-bcd9-7766280306e3,completed,2026-06-19 20:09:48.731188+00:00,2026-06-19 20:10:05.702389+00:00
a31abce2-02f8-4ec2-8532-1a40debe966c,completed,2026-06-19 20:09:48.910017+00:00,2026-06-19 20:10:06.169704+00:00
901c7e09-7757-4dcd-92eb-37b724539341,completed,2026-06-19 20:09:48.966836+00:00,2026-06-19 20:10:06.345572+00:00
0bd9f1b9-8fce-486f-8020-98864fd2619b,completed,2026-06-19 20:09:49.029298+00:00,2026-06-19 20:10:06.500505+00:00
71cc1741-df01-49f1-9949-c19a82cf2ab9,completed,2026-06-19 20:09:49.087348+00:00,2026-06-19 20:10:06.644152+00:00
c8688fd5-6040-443a-98d7-f3c01f2a3a35,completed,2026-06-19 20:09:49.145809+00:00,2026-06-19 20:10:06.780699+00:00
aa343596-e503-4f9c-bf56-59f617d51be5,completed,2026-06-19 20:09:49.203179+00:00,2026-06-19 20:10:06.928726+00:00
8a11799d-d175-435e-bfc7-89f9ba0d9b9e,completed,2026-06-19 20:09:49.322865+00:00,2026-06-19 20:10:07.205002+00:00
c9388e13-7bf3-475c-ae66-b2f5c211b7f9,completed,2026-06-19 20:09:49.379935+00:00,2026-06-19 20:10:07.364990+00:00
02658db5-d614-4239-8744-f2294d148872,completed,2026-06-19 20:09:49.439970+00:00,2026-06-19 20:10:07.508394+00:00
5d0de24b-d19b-4245-829e-cf9a05828018,completed,2026-06-19 20:09:49.497138+00:00,2026-06-19 20:10:07.657110+00:00
6f03787d-ab12-47b3-b1ea-fca88af64279,completed,2026-06-19 20:09:49.554345+00:00,2026-06-19 20:10:07.810758+00:00
1e225d54-b388-4f88-af52-842d850d761a,completed,2026-06-19 20:09:49.619917+00:00,2026-06-19 20:10:07.964917+00:00
f886f5ac-cef3-4df5-a1a1-14393c8d2900,completed,2026-06-19 20:09:49.671590+00:00,2026-06-19 20:10:08.117605+00:00
8572bfbb-ef0c-4874-8610-c7043898b539,completed,2026-06-19 20:09:49.730217+00:00,2026-06-19 20:10:08.263511+00:00
4593442d-3098-4676-a110-fdc7d63b071c,completed,2026-06-19 20:09:49.845054+00:00,2026-06-19 20:10:08.581626+00:00
810f3986-15dd-4a0a-8cd5-b0db21ec72b5,completed,2026-06-19 20:09:49.911641+00:00,2026-06-19 20:10:08.736890+00:00
b99e9ff4-75cf-4588-ab79-ba51ddbffd6f,completed,2026-06-19 20:09:49.963527+00:00,2026-06-19 20:10:08.883035+00:00
9684ebb2-6182-41bd-aecb-3582342bc1c5,completed,2026-06-19 20:09:50.019461+00:00,2026-06-19 20:10:09.030630+00:00
fd181874-0c4f-41de-b1f4-9b767f46b930,completed,2026-06-19 20:09:50.071907+00:00,2026-06-19 20:10:09.175754+00:00
432b2882-5b40-4e92-a878-af4b84a80a99,completed,2026-06-19 20:09:50.131127+00:00,2026-06-19 20:10:09.312375+00:00
a6f5cb3c-c66f-4653-a3f4-cb400205e8b9,completed,2026-06-19 20:09:50.188888+00:00,2026-06-19 20:10:09.471432+00:00
ce75cac8-86f2-43fa-abc6-2aef7f77ab0d,completed,2026-06-19 20:09:50.246404+00:00,2026-06-19 20:10:09.618672+00:00
b9d561cc-a6d4-456e-a6a4-81ace660284d,completed,2026-06-19 20:09:50.358865+00:00,2026-06-19 20:10:09.915895+00:00
6af222ad-6dbe-4540-86ac-a40d9925157e,completed,2026-06-19 20:09:50.414315+00:00,2026-06-19 20:10:10.072532+00:00
98efb1b3-00b2-4675-944b-a3845c524cd3,completed,2026-06-19 20:09:50.473389+00:00,2026-06-19 20:10:10.217001+00:00
e8195e95-4714-4d18-82f5-b90be0ae4fb6,completed,2026-06-19 20:09:50.530249+00:00,2026-06-19 20:10:10.366865+00:00
6df2fba9-8f54-4a6b-8c28-e7dae17cfcae,completed,2026-06-19 20:09:50.585707+00:00,2026-06-19 20:10:10.521764+00:00
a35fda37-bc2e-4ee2-86df-3ea2f2ccc189,completed,2026-06-19 20:09:50.639969+00:00,2026-06-19 20:10:10.686102+00:00
ea1368ad-d187-4cb4-acea-cededda85c7b,completed,2026-06-19 20:09:50.699886+00:00,2026-06-19 20:10:10.826836+00:00
239d7055-4673-4d13-b61d-dc4538869eff,completed,2026-06-19 20:09:50.754880+00:00,2026-06-19 20:10:10.982645+00:00
be94f682-d03e-420c-b343-66bfde4c0f47,completed,2026-06-19 20:09:50.922762+00:00,2026-06-19 20:10:11.480034+00:00
183dfbe3-040a-4be0-b0d9-17f18b34786b,completed,2026-06-19 20:09:50.979952+00:00,2026-06-19 20:10:11.631041+00:00
440a1dd9-791d-4dd1-a0da-1c31b3fe8a46,completed,2026-06-19 20:09:51.036496+00:00,2026-06-19 20:10:11.781126+00:00
53c288ed-eae2-4565-8c7e-d053df556584,completed,2026-06-19 20:09:51.091972+00:00,2026-06-19 20:10:11.928450+00:00
c9e70fde-41c7-4d46-ac01-64357ce14576,completed,2026-06-19 20:09:51.147062+00:00,2026-06-19 20:10:12.073925+00:00
e97da27c-de5a-4d9e-a813-2af1484a740e,completed,2026-06-19 20:09:51.202053+00:00,2026-06-19 20:10:12.215800+00:00
48d52527-0ed4-4c5b-a983-af378e8137b9,completed,2026-06-19 20:09:51.314007+00:00,2026-06-19 20:10:12.517559+00:00
21b4d155-11bb-4016-9a68-5f62fe10bdf1,completed,2026-06-19 20:09:51.366424+00:00,2026-06-19 20:10:12.695174+00:00
433879ca-770a-4020-87df-7d89b5f8877e,completed,2026-06-19 20:09:51.423319+00:00,2026-06-19 20:10:12.860684+00:00
44410753-bb63-477f-a4bb-dcef4a05e087,completed,2026-06-19 20:09:51.487204+00:00,2026-06-19 20:10:13.006425+00:00
d8b8e900-0838-4849-8602-c99c9fb8e825,completed,2026-06-19 20:09:51.532745+00:00,2026-06-19 20:10:13.163862+00:00
9884bf05-2f80-4b6f-8a59-c17460793823,completed,2026-06-19 20:09:51.587553+00:00,2026-06-19 20:10:13.328599+00:00
d38951b8-f901-447c-970b-da365e5c6556,completed,2026-06-19 20:09:51.642189+00:00,2026-06-19 20:10:13.493478+00:00
ed096578-a2ab-44c6-a3a2-d298b0122bba,completed,2026-06-19 20:09:51.696925+00:00,2026-06-19 20:10:13.646818+00:00
75c9590d-5ce6-4785-987c-cb8dc17593d0,completed,2026-06-19 20:09:51.805204+00:00,2026-06-19 20:10:13.946904+00:00
81e1596e-2d94-4137-b6af-ce062c757076,completed,2026-06-19 20:09:51.862277+00:00,2026-06-19 20:10:14.094181+00:00
ae85a397-6aed-4bf2-a809-d868569c4762,completed,2026-06-19 20:09:51.916571+00:00,2026-06-19 20:10:14.276757+00:00
8ef068dd-02b2-48e1-a320-088f083fbecc,completed,2026-06-19 20:09:51.970207+00:00,2026-06-19 20:10:14.427383+00:00
6a88923b-c90e-400e-88b5-c94cc97eb34f,completed,2026-06-19 20:09:52.024472+00:00,2026-06-19 20:10:14.577614+00:00
fe4dbfbf-eca8-4e08-9087-0a0935d61068,completed,2026-06-19 20:09:52.077285+00:00,2026-06-19 20:10:14.729925+00:00
51446636-3b21-4745-b716-fd46b560e616,completed,2026-06-19 20:09:52.128264+00:00,2026-06-19 20:10:14.880457+00:00
a324a5bf-c415-4d7e-8738-9c70b49e3b45,completed,2026-06-19 20:09:52.187031+00:00,2026-06-19 20:10:15.041007+00:00
efbf675a-1a9f-4471-ac73-b78f094fd654,completed,2026-06-19 20:09:52.295339+00:00,2026-06-19 20:10:15.342983+00:00
4527734c-7c8d-4dde-8611-3328fb95f2cf,completed,2026-06-19 20:09:52.347267+00:00,2026-06-19 20:10:15.503476+00:00
3effec71-160f-4690-aab4-a8681473ffca,completed,2026-06-19 20:09:52.404253+00:00,2026-06-19 20:10:15.652560+00:00
4d0fd8be-995b-4ef7-b31d-f4f07463628f,completed,2026-06-19 20:09:52.455445+00:00,2026-06-19 20:10:15.810701+00:00
b664c43a-dc0a-4dd0-9620-9839382ef24e,completed,2026-06-19 20:09:52.510107+00:00,2026-06-19 20:10:15.958602+00:00
d5ccaac4-b183-45e3-9858-71692baf8fdb,completed,2026-06-19 20:09:52.563452+00:00,2026-06-19 20:10:16.130158+00:00
a066fb4f-ccc0-49e1-9d83-c94840e3a248,completed,2026-06-19 20:09:52.615323+00:00,2026-06-19 20:10:16.276384+00:00
a5204b22-fc6b-47f0-951c-5c75514bbf99,completed,2026-06-19 20:09:52.668755+00:00,2026-06-19 20:10:16.451091+00:00
20186698-9ced-40f1-b5ca-24cfd340052b,completed,2026-06-19 20:09:52.829532+00:00,2026-06-19 20:10:17.103113+00:00
13728c4d-3155-4fda-baf2-0a782191d66d,completed,2026-06-19 20:09:52.884852+00:00,2026-06-19 20:10:17.264550+00:00
74fe685e-ba94-4698-a324-9b70d48efd1b,completed,2026-06-19 20:09:52.936006+00:00,2026-06-19 20:10:17.415140+00:00
d4729e5e-37a6-4acf-9376-bd054872676b,completed,2026-06-19 20:09:53.006607+00:00,2026-06-19 20:10:17.569345+00:00
02892e4d-f89b-4838-8696-d4ccbe6ab9d7,completed,2026-06-19 20:09:53.037517+00:00,2026-06-19 20:10:17.719537+00:00
f7ae7d5e-10e5-48a6-a94a-e2e97b44fc4d,completed,2026-06-19 20:09:53.091662+00:00,2026-06-19 20:10:17.874096+00:00
205ef43a-f0d8-458d-a1a3-7db3263b3f99,completed,2026-06-19 20:09:53.200167+00:00,2026-06-19 20:10:18.178454+00:00
6c06b19e-f450-4c46-9156-9c39e60d7391,completed,2026-06-19 20:09:53.250108+00:00,2026-06-19 20:10:18.326842+00:00
ea436da3-e0af-4a4d-b6ae-2251d8af1c20,completed,2026-06-19 20:09:53.311632+00:00,2026-06-19 20:10:18.476077+00:00
4a3c55fd-9245-4f6f-bfce-203107a66100,completed,2026-06-19 20:09:53.355376+00:00,2026-06-19 20:10:18.637164+00:00
4ce54b4d-98db-4b62-9dd6-0bc5240b93bd,completed,2026-06-19 20:09:53.408928+00:00,2026-06-19 20:10:18.791527+00:00
12203e68-3dec-4f29-97dc-c37b5e267c1a,completed,2026-06-19 20:09:53.460690+00:00,2026-06-19 20:10:18.965166+00:00
67d8592f-ac25-40c4-9705-a8fd2da2c3bf,completed,2026-06-19 20:09:53.513163+00:00,2026-06-19 20:10:19.126992+00:00
21c737e0-b3e4-49d4-ab65-2bedb6975b9e,completed,2026-06-19 20:09:53.565690+00:00,2026-06-19 20:10:19.276487+00:00
6c383361-501b-4b97-9f12-c5a34dcb1fda,completed,2026-06-19 20:09:53.669404+00:00,2026-06-19 20:10:19.574801+00:00
21df96cb-2936-43c7-a6cc-fcdf75314177,completed,2026-06-19 20:09:53.720935+00:00,2026-06-19 20:10:19.718843+00:00
934c9f47-6721-4df1-8b48-a64b123e3666,completed,2026-06-19 20:09:53.772694+00:00,2026-06-19 20:10:19.877071+00:00
455c5a77-1ae4-4222-865a-7ff456b056fd,completed,2026-06-19 20:09:53.821822+00:00,2026-06-19 20:10:20.021778+00:00
be4e4777-ff37-4889-bc51-1136e61e0875,completed,2026-06-19 20:09:53.875498+00:00,2026-06-19 20:10:20.182151+00:00
4efa3e69-0cb3-4780-b345-9dab1ebdb545,completed,2026-06-19 20:09:53.927548+00:00,2026-06-19 20:10:20.331006+00:00
7d136ae4-e5b2-494f-8813-38c7c1eb380c,completed,2026-06-19 20:09:53.979418+00:00,2026-06-19 20:10:20.473212+00:00
d1e764a0-cc03-454e-9123-c376f3930b84,completed,2026-06-19 20:09:54.030104+00:00,2026-06-19 20:10:20.630380+00:00
0ed3991a-3fec-4e02-979f-031c6e8e7fc1,completed,2026-06-19 20:09:54.133144+00:00,2026-06-19 20:10:20.942596+00:00
9ce7bce6-8b3e-4412-b8f0-3c2143019a70,completed,2026-06-19 20:09:54.185640+00:00,2026-06-19 20:10:21.104185+00:00
fd78d4f6-b42d-45e1-b09e-78e7b3e06ab7,completed,2026-06-19 20:09:54.232536+00:00,2026-06-19 20:10:21.256983+00:00
ad75eab7-9b1c-4a5c-a0b4-b300ab90cf5a,completed,2026-06-19 20:09:54.286654+00:00,2026-06-19 20:10:21.414802+00:00
0c62ed2b-37b1-4ee8-aa1a-51e9c809f522,completed,2026-06-19 20:09:54.338984+00:00,2026-06-19 20:10:21.562939+00:00
0f16ab05-59ee-4064-a362-39f377a541f4,completed,2026-06-19 20:09:54.389147+00:00,2026-06-19 20:10:21.710354+00:00
91e00ad9-d691-47c0-a3cf-3d31ca66cd7c,completed,2026-06-19 20:09:54.440900+00:00,2026-06-19 20:10:21.869534+00:00
f9d8ccdb-4d45-49cb-8a98-5e64bde4ba61,completed,2026-06-19 20:09:54.487871+00:00,2026-06-19 20:10:22.011408+00:00
e7f528ac-2d8b-4745-b4ff-fceecbb67819,failed,2026-06-19 20:09:55.693001+00:00,2026-06-19 20:10:25.800451+00:00
882fe4c5-f535-4af6-9f1d-85335f6d0c9e,completed,2026-06-19 20:09:54.643838+00:00,2026-06-19 20:10:22.496416+00:00
d5c1c054-e3bd-490e-b046-a1e778989f6d,completed,2026-06-19 20:09:54.694944+00:00,2026-06-19 20:10:22.642327+00:00
226631dc-1cdf-4aed-87b6-c4d8b7d8e8c2,completed,2026-06-19 20:09:54.745801+00:00,2026-06-19 20:10:22.799644+00:00
33af3779-615a-49b9-b26e-e2d8fbe28d10,completed,2026-06-19 20:09:54.795538+00:00,2026-06-19 20:10:22.962306+00:00
37af2ee6-d77f-454b-a6f9-30d4eb9e9250,completed,2026-06-19 20:09:54.846097+00:00,2026-06-19 20:10:23.106105+00:00
ebfba168-b4bc-450d-ae5d-a7e5166c692d,completed,2026-06-19 20:09:54.894283+00:00,2026-06-19 20:10:23.290433+00:00
82d97be0-bb71-4466-9ced-f09a25591b23,completed,2026-06-19 20:09:54.996842+00:00,2026-06-19 20:10:23.685686+00:00
309f2754-5a4a-4a36-800c-656198738fc3,completed,2026-06-19 20:09:55.044176+00:00,2026-06-19 20:10:23.847739+00:00
43a92a3c-706d-4a56-9cf7-ee28d5dd3076,completed,2026-06-19 20:09:55.097260+00:00,2026-06-19 20:10:24.067120+00:00
5b8d1ae6-efe1-4ada-a6b3-9c7ec231c5ac,completed,2026-06-19 20:09:55.149512+00:00,2026-06-19 20:10:24.233230+00:00
db29f34f-6c5c-4b51-922f-1a55ff8bc28b,completed,2026-06-19 20:09:55.195086+00:00,2026-06-19 20:10:24.388676+00:00
dd1fbdbe-1834-42b6-8608-baf352c5ea99,completed,2026-06-19 20:09:55.246074+00:00,2026-06-19 20:10:24.537976+00:00
a0ed64bd-d01e-4c1e-a824-ae85b84c3e04,completed,2026-06-19 20:09:55.297277+00:00,2026-06-19 20:10:24.686361+00:00
a2fad23a-3a1b-49a3-8ead-508acfc41402,completed,2026-06-19 20:09:55.346653+00:00,2026-06-19 20:10:24.842083+00:00
999f41bb-eeb4-43ee-826e-fe2ef54a0035,completed,2026-06-19 20:09:55.450273+00:00,2026-06-19 20:10:25.145096+00:00
5aedd4a4-18b3-484a-b78c-4aea069d6e29,completed,2026-06-19 20:09:55.495401+00:00,2026-06-19 20:10:25.292549+00:00
bfd6b9cd-4082-4328-9d1a-6d4ffeeef999,completed,2026-06-19 20:09:55.545950+00:00,2026-06-19 20:10:25.461287+00:00
4ce37857-344f-4c4d-88aa-540b35e79299,completed,2026-06-19 20:09:55.594106+00:00,2026-06-19 20:10:25.624610+00:00
4f6ded07-938b-484d-8e68-da9b7931176a,completed,2026-06-19 20:09:55.642010+00:00,2026-06-19 20:10:25.795757+00:00
8d89bd48-1977-4976-8de3-e11a9666f939,failed,2026-06-19 20:09:55.743599+00:00,2026-06-19 20:10:25.805221+00:00
a33126a7-f248-471b-bf32-9d9732a005fd,failed,2026-06-19 20:09:55.792063+00:00,2026-06-19 20:10:25.810348+00:00
f5cdb77f-a3f6-4b7b-8d44-474d64580fca,failed,2026-06-19 20:09:55.888115+00:00,2026-06-19 20:10:25.984361+00:00
0f5b8c44-54d9-4229-9589-e09938013345,failed,2026-06-19 20:09:55.939562+00:00,2026-06-19 20:10:25.987597+00:00
4c7a51bc-76f3-421f-b3fa-8669c2be4c83,failed,2026-06-19 20:09:56.047443+00:00,2026-06-19 20:10:26.156471+00:00
ddf2beb5-53d4-462a-854c-59831c7fcd5f,completed,2026-06-19 20:09:55.990424+00:00,2026-06-19 20:10:26.151582+00:00
f2d43ac9-e159-4561-8656-386265008de9,failed,2026-06-19 20:09:56.086407+00:00,2026-06-19 20:10:26.160413+00:00
65868097-fe8c-4093-ab8c-ecaa7ad9e190,failed,2026-06-19 20:09:56.135785+00:00,2026-06-19 20:10:26.163638+00:00
6c8341c2-0ab1-46f1-bb8d-dc444f324719,failed,2026-06-19 20:09:56.231539+00:00,2026-06-19 20:10:26.334582+00:00
99e92272-8847-4667-b3c5-9581d81bb38a,completed,2026-06-19 20:09:56.183869+00:00,2026-06-19 20:10:26.329617+00:00
7744d2f1-4ff2-4b5b-82b3-f9f411673134,failed,2026-06-19 20:09:56.431326+00:00,2026-06-19 20:10:26.528343+00:00
a272a451-1112-4c17-933c-8e1dd97da0c2,completed,2026-06-19 20:09:56.378534+00:00,2026-06-19 20:10:26.524298+00:00
8f347990-c9de-4100-b597-3a1c74afbcb1,failed,2026-06-19 20:09:56.480953+00:00,2026-06-19 20:10:26.532983+00:00
9703674c-4191-4eb8-bfa1-f1e99210b251,failed,2026-06-19 20:09:56.573427+00:00,2026-06-19 20:10:26.691326+00:00
2946718e-2273-4874-987e-22e349170a0c,completed,2026-06-19 20:09:56.548183+00:00,2026-06-19 20:10:26.686868+00:00
81726c2a-8f34-4a5a-8bc3-4109127add38,failed,2026-06-19 20:09:56.618107+00:00,2026-06-19 20:10:26.694830+00:00
0c0cea4d-604c-4c65-acec-1dbd12cd63ec,failed,2026-06-19 20:09:56.764334+00:00,2026-06-19 20:10:26.861374+00:00
adb2f2e6-186a-43a5-8c5f-f259078fb05a,completed,2026-06-19 20:09:56.714525+00:00,2026-06-19 20:10:26.857733+00:00
7636aa63-004f-45e8-a988-fed86f73b1f6,failed,2026-06-19 20:09:56.812941+00:00,2026-06-19 20:10:26.865360+00:00
a50cd3fc-1265-45f3-b3a0-80d3c388ca23,failed,2026-06-19 20:09:56.858626+00:00,2026-06-19 20:10:26.871513+00:00
20170470-0fdc-4087-909e-8bec49568bc0,failed,2026-06-19 20:09:56.954602+00:00,2026-06-19 20:10:27.032899+00:00
54140a8b-5a22-4105-a935-130a806a1825,completed,2026-06-19 20:09:56.908914+00:00,2026-06-19 20:10:27.028778+00:00
772cd906-964e-4087-b450-982f5728869b,failed,2026-06-19 20:09:57.003710+00:00,2026-06-19 20:10:27.036106+00:00
458cc753-5d56-4508-b54d-98e6db043737,failed,2026-06-19 20:09:57.146122+00:00,2026-06-19 20:10:27.207600+00:00
a852546e-5b0e-44e3-a513-21ba5da490fb,completed,2026-06-19 20:09:57.052516+00:00,2026-06-19 20:10:27.200591+00:00
42454831-b17a-4030-8707-d82905b23e03,failed,2026-06-19 20:09:57.193087+00:00,2026-06-19 20:10:27.210570+00:00
5db78987-0b81-4aa6-be80-9791c032c922,failed,2026-06-19 20:09:57.291213+00:00,2026-06-19 20:10:27.387385+00:00
fc16efb4-94cb-48ad-b8e8-a7ffac3c5687,completed,2026-06-19 20:09:57.241385+00:00,2026-06-19 20:10:27.382542+00:00
31c9e533-cde6-4551-a03e-2696d626d8b5,failed,2026-06-19 20:09:57.339089+00:00,2026-06-19 20:10:27.391387+00:00
cbb84c03-9884-410e-bef9-1c81ef89e1e7,failed,2026-06-19 20:09:57.389981+00:00,2026-06-19 20:10:27.395516+00:00
c69327da-1424-4cf8-b747-2ac404c7502d,failed,2026-06-19 20:09:57.479785+00:00,2026-06-19 20:10:27.615125+00:00
805f6257-eeb0-45c3-b062-f7b4d2c129e0,completed,2026-06-19 20:09:57.432194+00:00,2026-06-19 20:10:27.610402+00:00
4e7b72e0-68b0-4770-8eca-ab58fc31b650,failed,2026-06-19 20:09:57.573634+00:00,2026-06-19 20:10:27.624445+00:00
eafc15d0-db60-47ef-bd63-0fcd0e556eab,failed,2026-06-19 20:09:57.620266+00:00,2026-06-19 20:10:27.628560+00:00
4640b366-b2ad-4606-87b3-697b262aed48,failed,2026-06-19 20:09:57.714994+00:00,2026-06-19 20:10:27.796904+00:00
ecff4899-bcb9-4596-8d9d-0e9f95f09491,completed,2026-06-19 20:09:57.665578+00:00,2026-06-19 20:10:27.793280+00:00
76e58155-6a4c-45a2-84c1-c57164ab45ef,failed,2026-06-19 20:09:57.761313+00:00,2026-06-19 20:10:27.801496+00:00
ae7a65c7-2a7b-49ac-bbbb-f167e2a28cf8,failed,2026-06-19 20:09:57.854037+00:00,2026-06-19 20:10:27.962051+00:00
5f4b6389-fe2f-4570-9d75-68a13ebc617a,completed,2026-06-19 20:09:57.807168+00:00,2026-06-19 20:10:27.957185+00:00
51e487d5-341e-4425-8673-e3c902e29a6f,failed,2026-06-19 20:09:57.901540+00:00,2026-06-19 20:10:27.965097+00:00
86bab1f8-0d68-4cbd-88ec-bf46c5253616,failed,2026-06-19 20:09:58.044019+00:00,2026-06-19 20:10:28.134175+00:00
42565139-7b7b-4e0b-877c-7018147676bf,failed,2026-06-19 20:09:58.088423+00:00,2026-06-19 20:10:28.137633+00:00
06b2fa3d-07cc-47f7-b68e-6077a7ed9232,failed,2026-06-19 20:09:58.137071+00:00,2026-06-19 20:10:28.142066+00:00
e39d11cf-780c-4414-811c-448737cee422,failed,2026-06-19 20:09:58.229690+00:00,2026-06-19 20:10:28.301288+00:00
54bc1941-c378-4968-b163-d43ceb9d4e99,completed,2026-06-19 20:09:58.181659+00:00,2026-06-19 20:10:28.297478+00:00
1026a0f6-28d6-4019-bf71-1deb897de97b,failed,2026-06-19 20:09:58.275291+00:00,2026-06-19 20:10:28.306485+00:00
306784b2-c328-439f-89a9-f8b2df5f8aa2,failed,2026-06-19 20:09:58.368956+00:00,2026-06-19 20:10:28.466950+00:00
25bb3a13-199e-4bf8-826f-b5e4b346bf11,failed,2026-06-19 20:09:58.415363+00:00,2026-06-19 20:10:28.471833+00:00
9d0555be-cb94-42bb-99e2-2807a9e47b14,failed,2026-06-19 20:09:58.461694+00:00,2026-06-19 20:10:28.475756+00:00
90d798a4-eb9b-4218-96bd-dfeb604c062e,failed,2026-06-19 20:09:58.550109+00:00,2026-06-19 20:10:28.629772+00:00
449bc38a-4a3b-4172-bf27-b6583dfd6aa7,completed,2026-06-19 20:09:58.510889+00:00,2026-06-19 20:10:28.626082+00:00
4cfeaaf9-e1c1-46ce-87f4-5f63ca3fe2ae,failed,2026-06-19 20:09:58.598782+00:00,2026-06-19 20:10:28.634592+00:00
50abc885-c33d-4c96-827a-5464e65dd39f,failed,2026-06-19 20:09:58.690574+00:00,2026-06-19 20:10:28.794269+00:00
3f044d8c-6b84-47f1-b32e-6649e89f3afd,completed,2026-06-19 20:09:58.643662+00:00,2026-06-19 20:10:28.790095+00:00
5e7af872-8249-41a1-8560-c51b83bf6da7,failed,2026-06-19 20:09:58.780340+00:00,2026-06-19 20:10:28.805723+00:00
179102a8-5c93-472f-9bc5-414659c889cf,failed,2026-06-19 20:09:58.873359+00:00,2026-06-19 20:10:28.963998+00:00
6c83cdbf-75db-479c-bc0f-0bcfd4cf8031,completed,2026-06-19 20:09:58.827799+00:00,2026-06-19 20:10:28.958735+00:00
de456e48-402b-4bc7-b6cd-48b088a97e2c,failed,2026-06-19 20:09:58.918206+00:00,2026-06-19 20:10:28.967513+00:00
876a6371-bc7a-47c2-b182-8ad823f369bc,failed,2026-06-19 20:09:58.964155+00:00,2026-06-19 20:10:28.970742+00:00
b38b2445-f285-4383-b6cf-f748fe273095,failed,2026-06-19 20:09:59.056271+00:00,2026-06-19 20:10:29.151085+00:00
5f9d1d19-8948-41a5-ab4e-3c8c92dc2e52,completed,2026-06-19 20:09:59.010732+00:00,2026-06-19 20:10:29.145865+00:00
cdb51d5a-fb6d-49b7-85b8-c6fd5f85aaee,failed,2026-06-19 20:09:59.102576+00:00,2026-06-19 20:10:29.156220+00:00
50b934db-e4d7-44a4-8e91-d7b1b245e715,failed,2026-06-19 20:09:59.238644+00:00,2026-06-19 20:10:29.333444+00:00
d5e00d64-2c5a-4210-aa7f-e60bb5c1f7e1,completed,2026-06-19 20:09:59.192673+00:00,2026-06-19 20:10:29.329982+00:00
246d9b70-cf87-4540-a491-91f922ff9529,failed,2026-06-19 20:09:59.292419+00:00,2026-06-19 20:10:29.336702+00:00
c577bba8-7910-4faa-9df0-93c7566720f3,failed,2026-06-19 20:09:59.327952+00:00,2026-06-19 20:10:29.339571+00:00
b8405f2e-73c6-4dd3-99f1-4d81c51ce269,failed,2026-06-19 20:09:59.421166+00:00,2026-06-19 20:10:29.522929+00:00
7b75665a-71bf-4bed-a6f0-74603ef71dbb,completed,2026-06-19 20:09:59.373042+00:00,2026-06-19 20:10:29.518026+00:00
52f0bbd4-e67d-40dd-ac48-58e7a17025fc,failed,2026-06-19 20:09:59.464767+00:00,2026-06-19 20:10:29.526628+00:00
5269b1e2-efdd-4dad-9b19-fa4c5eafa22b,failed,2026-06-19 20:09:59.509620+00:00,2026-06-19 20:10:29.531199+00:00
d35465f3-869d-4091-b73f-a0ff4b654fd8,failed,2026-06-19 20:09:59.643839+00:00,2026-06-19 20:10:29.700972+00:00
7349f3ed-f9f2-43e3-908e-51c55e331f49,failed,2026-06-19 20:09:59.687930+00:00,2026-06-19 20:10:29.705164+00:00
f8c23060-0fd2-434d-ae5d-914ec05c7cb8,failed,2026-06-19 20:09:59.778884+00:00,2026-06-19 20:10:29.870076+00:00
092a0427-466d-43ca-bdc5-dcc38d790514,completed,2026-06-19 20:09:59.733755+00:00,2026-06-19 20:10:29.865722+00:00
cbec9593-8e5f-4911-9563-a1c15a0138a5,failed,2026-06-19 20:09:59.824532+00:00,2026-06-19 20:10:29.875265+00:00
46e3628a-edcd-435e-871f-37f9ffeee5ab,failed,2026-06-19 20:09:59.869164+00:00,2026-06-19 20:10:29.880445+00:00
52406997-d1b3-4b9e-a37c-f77ed989c9c8,failed,2026-06-19 20:09:59.960247+00:00,2026-06-19 20:10:30.058254+00:00
f18107c4-b2fc-4179-ba66-81b1fd237a82,failed,2026-06-19 20:10:00.002599+00:00,2026-06-19 20:10:30.061291+00:00
2c738629-2f68-439b-9c20-0cd85723dba6,failed,2026-06-19 20:10:00.049155+00:00,2026-06-19 20:10:30.066689+00:00
69f0748a-0ca0-4e8e-bf23-62220c14e0ee,failed,2026-06-19 20:10:00.134441+00:00,2026-06-19 20:10:30.236313+00:00
0cdf04cf-9555-41ad-b93b-f6d1b7c1a4cf,completed,2026-06-19 20:10:00.090330+00:00,2026-06-19 20:10:30.232525+00:00
21643f99-eb90-464e-832a-733c66aeaf00,failed,2026-06-19 20:10:00.182265+00:00,2026-06-19 20:10:30.239839+00:00
b4fce2f0-ba5c-4b92-818f-281b899f4d19,failed,2026-06-19 20:10:00.225821+00:00,2026-06-19 20:10:30.243258+00:00
6885778a-d211-4ffc-a168-eca72f878e4a,failed,2026-06-19 20:10:00.358002+00:00,2026-06-19 20:10:30.419837+00:00
693a295c-987b-4a22-a9fd-ed9c8e202d20,completed,2026-06-19 20:10:00.268490+00:00,2026-06-19 20:10:30.412694+00:00
a310a0d5-d649-44a2-b9f2-eb7f6fd2b128,failed,2026-06-19 20:10:00.402412+00:00,2026-06-19 20:10:30.423297+00:00
29189c2e-e4a4-4b5a-ad58-676e7db07659,failed,2026-06-19 20:10:00.490253+00:00,2026-06-19 20:10:30.583913+00:00
55b8c96d-b497-4dd1-9829-c6f499aae089,completed,2026-06-19 20:10:00.446754+00:00,2026-06-19 20:10:30.580003+00:00
b508e921-b677-4b02-bcd1-6983fe92649a,failed,2026-06-19 20:10:00.541544+00:00,2026-06-19 20:10:30.587466+00:00
50b994f2-835c-41cc-906c-85932317661a,failed,2026-06-19 20:10:00.577464+00:00,2026-06-19 20:10:30.591059+00:00
4c0dd88c-973c-45fd-957b-d9e580e54f92,failed,2026-06-19 20:10:00.664423+00:00,2026-06-19 20:10:30.747057+00:00
15e8c64d-7cf4-47f5-a01f-debfe82f007b,completed,2026-06-19 20:10:00.622757+00:00,2026-06-19 20:10:30.743256+00:00
1eeb3af4-acc1-43bd-ba03-bf8307d63162,failed,2026-06-19 20:10:00.797229+00:00,2026-06-19 20:10:30.919658+00:00
dd2f4bd8-7bb3-4b8a-bc16-239979d7d21d,completed,2026-06-19 20:10:00.754324+00:00,2026-06-19 20:10:30.914596+00:00
90dd3fc4-7a57-45d6-b029-7da5556ccf15,failed,2026-06-19 20:10:00.842829+00:00,2026-06-19 20:10:30.924916+00:00
505598a7-6834-4d0d-ab4f-dbcce3feccd8,failed,2026-06-19 20:10:00.887006+00:00,2026-06-19 20:10:30.928660+00:00
a166c0ac-b9e9-4cab-864e-de6653ac9855,failed,2026-06-19 20:10:00.929743+00:00,2026-06-19 20:10:30.932117+00:00
d49b759d-4ba0-4621-8e77-90d4924381dc,failed,2026-06-19 20:10:01.017628+00:00,2026-06-19 20:10:31.108727+00:00
ba7b25c5-5b68-4c47-9129-cca3d1340211,completed,2026-06-19 20:10:00.975672+00:00,2026-06-19 20:10:31.104322+00:00
1c4c70d6-46ff-406a-8dc8-e4f5bb8a8cc7,failed,2026-06-19 20:10:01.063340+00:00,2026-06-19 20:10:31.111743+00:00
46c92ff5-f55a-4b2a-8c74-e86ae32ea581,failed,2026-06-19 20:10:01.193976+00:00,2026-06-19 20:10:31.277780+00:00
5b1a4982-076d-49da-9a26-c472f35262c6,failed,2026-06-19 20:10:01.234987+00:00,2026-06-19 20:10:31.281805+00:00
23207a6d-d384-4d42-b12d-775bb4d1c3b6,failed,2026-06-19 20:10:01.278189+00:00,2026-06-19 20:10:31.286551+00:00
cfa339e5-305a-4c88-90ea-3d60689340d2,failed,2026-06-19 20:10:01.366637+00:00,2026-06-19 20:10:31.457570+00:00
a9fce760-8ccd-40e0-a98a-14f6df5416f3,completed,2026-06-19 20:10:01.322533+00:00,2026-06-19 20:10:31.453817+00:00
09b1aa0d-76c3-4721-8d09-21efb5b99009,failed,2026-06-19 20:10:01.405990+00:00,2026-06-19 20:10:31.460901+00:00
d83ffd74-e514-4aef-8267-9d6e0263763d,failed,2026-06-19 20:10:01.537434+00:00,2026-06-19 20:10:31.624463+00:00
b7f6ebc0-4473-4ebe-ae8d-9d36ac82a562,completed,2026-06-19 20:10:01.492997+00:00,2026-06-19 20:10:31.618790+00:00
df3efd48-2fab-4d35-bde7-cc909fbcf10c,failed,2026-06-19 20:10:01.577340+00:00,2026-06-19 20:10:31.627780+00:00
adce7317-5459-4b08-a6e7-b802108530db,failed,2026-06-19 20:10:01.622872+00:00,2026-06-19 20:10:31.630783+00:00
9830585a-6084-4ceb-a51d-bff20b2506f4,failed,2026-06-19 20:10:01.707156+00:00,2026-06-19 20:10:31.785132+00:00
5c14f2bc-d4d1-4ef6-a45f-fcf54658e00e,completed,2026-06-19 20:10:01.665440+00:00,2026-06-19 20:10:31.781547+00:00
33721590-3e2b-4a4e-a953-ba7f8ac4a68c,failed,2026-06-19 20:10:01.752421+00:00,2026-06-19 20:10:31.788831+00:00
4e9c5837-524f-4dc5-9a97-6bc79d2ee469,failed,2026-06-19 20:10:01.881816+00:00,2026-06-19 20:10:31.962348+00:00
2cc6dba7-fbb3-4181-9d10-2cf67c1edd9f,completed,2026-06-19 20:10:01.794300+00:00,2026-06-19 20:10:31.954767+00:00
9473e109-68d4-425c-baff-2b3c48c5a6ac,failed,2026-06-19 20:10:01.923186+00:00,2026-06-19 20:10:31.965921+00:00
2d047af2-0bc5-4d83-8029-e359f3d91435,failed,2026-06-19 20:10:02.007621+00:00,2026-06-19 20:10:32.122714+00:00
67d23919-fc25-42c6-8ef5-9113611bc47e,completed,2026-06-19 20:10:01.966506+00:00,2026-06-19 20:10:32.118854+00:00
8ad5d1cf-944d-44de-a589-8d673b741157,failed,2026-06-19 20:10:02.052552+00:00,2026-06-19 20:10:32.126165+00:00
16902c53-66df-4dc4-bcb6-e78f620482b7,failed,2026-06-19 20:10:02.094762+00:00,2026-06-19 20:10:32.128980+00:00
ed9bca09-992d-4db6-ac05-66a5950e81bc,failed,2026-06-19 20:10:02.177973+00:00,2026-06-19 20:10:32.284089+00:00
ce69c77f-794b-432b-9fdd-89809d848e29,completed,2026-06-19 20:10:02.137556+00:00,2026-06-19 20:10:32.280003+00:00
9b5b7cb8-d224-4a48-9ee8-d608f92bd562,failed,2026-06-19 20:10:02.264536+00:00,2026-06-19 20:10:32.290608+00:00
2f798f15-0eab-43aa-b2d5-d2c049f198ad,failed,2026-06-19 20:10:02.349839+00:00,2026-06-19 20:10:32.449212+00:00
8d84b74b-168c-4908-9f03-eab857d055e5,completed,2026-06-19 20:10:02.310401+00:00,2026-06-19 20:10:32.443838+00:00
9c7e4ff9-d289-4eca-ba26-d33be3315d8d,failed,2026-06-19 20:10:02.391243+00:00,2026-06-19 20:10:32.452397+00:00
ea2efa61-39f8-4fe0-935d-c0d1b08b596e,failed,2026-06-19 20:10:02.433907+00:00,2026-06-19 20:10:32.456588+00:00
a7d36a69-b3bf-47ad-af96-e01c99d22931,failed,2026-06-19 20:10:02.520347+00:00,2026-06-19 20:10:32.641461+00:00
6f3665f5-f838-4a15-9298-eccd6b12de96,completed,2026-06-19 20:10:02.480713+00:00,2026-06-19 20:10:32.637313+00:00
fb80b400-b840-44ec-b111-071c71d694cf,failed,2026-06-19 20:10:02.558728+00:00,2026-06-19 20:10:32.644440+00:00
1f1e096a-5b18-4f2f-89e4-5d3e6f45578e,failed,2026-06-19 20:10:03.645167+00:00,2026-06-19 20:10:33.778513+00:00
c61f6842-18e4-4a38-8113-1111d0973a9f,completed,2026-06-19 20:10:03.024290+00:00,2026-06-19 20:10:33.083421+00:00
70834021-503e-49eb-9ec7-fb869a4cb38d,completed,2026-06-19 20:10:03.188954+00:00,2026-06-19 20:10:33.235178+00:00
5dfc9827-e37d-44d5-9d3c-24257ea7a80a,completed,2026-06-19 20:10:03.311597+00:00,2026-06-19 20:10:33.398230+00:00
f270bb3b-dc79-4644-b00f-6cf02b48bdd8,completed,2026-06-19 20:10:03.478916+00:00,2026-06-19 20:10:33.774338+00:00
f2fcdb72-7292-4381-a8ed-c0c2c5de2126,failed,2026-06-19 20:10:03.767446+00:00,2026-06-19 20:10:33.781863+00:00
36671bd1-53ad-4d3a-bc97-8e74c7258d1a,failed,2026-06-19 20:10:05.108134+00:00,2026-06-19 20:10:35.111995+00:00
dea2e68b-2728-4100-8497-e2145edffb19,completed,2026-06-19 20:10:04.055981+00:00,2026-06-19 20:10:34.124654+00:00
dc65e5d9-4f78-4e7b-b4bc-16b69fb22d8c,completed,2026-06-19 20:10:04.218155+00:00,2026-06-19 20:10:34.298322+00:00
229def95-696f-4811-977a-c75b42210e87,completed,2026-06-19 20:10:04.341091+00:00,2026-06-19 20:10:34.458548+00:00
e6711246-14f3-4370-921d-4fc075047a02,completed,2026-06-19 20:10:04.544065+00:00,2026-06-19 20:10:34.618155+00:00
bfa163ce-4dbc-4739-a7ee-75c283602f84,completed,2026-06-19 20:10:04.664367+00:00,2026-06-19 20:10:34.770580+00:00
decfc853-6817-4644-abf4-8050f7cc50f4,completed,2026-06-19 20:10:04.826235+00:00,2026-06-19 20:10:34.934147+00:00
cef02ab8-4ae0-4956-9bc5-c975427c7ce6,completed,2026-06-19 20:10:04.946180+00:00,2026-06-19 20:10:35.107305+00:00
011e5c63-bd40-4507-a0bd-1662240aac35,failed,2026-06-19 20:10:06.175822+00:00,2026-06-19 20:10:36.181925+00:00
6d1eaa34-954a-40ad-a1df-108712f25316,completed,2026-06-19 20:10:05.426492+00:00,2026-06-19 20:10:35.477758+00:00
f7b0e3fa-3b56-43b4-bd63-1dfc78cb53b4,completed,2026-06-19 20:10:05.585717+00:00,2026-06-19 20:10:35.665796+00:00
eec11d35-acf2-4a70-9677-15769e9761f5,completed,2026-06-19 20:10:05.743900+00:00,2026-06-19 20:10:35.831545+00:00
7d98ef92-ceac-4a33-a0bb-4006fb119654,completed,2026-06-19 20:10:05.863553+00:00,2026-06-19 20:10:35.992086+00:00
34ef42e8-5975-4a15-874f-2c71b8525196,completed,2026-06-19 20:10:06.060745+00:00,2026-06-19 20:10:36.176918+00:00
05f829ec-9a15-4b3d-91f6-282df831b059,completed,2026-06-19 20:10:06.371789+00:00,2026-06-19 20:10:36.348902+00:00
fc15625a-8942-449f-a64b-c7cc6cfb4b77,completed,2026-06-19 20:10:06.526983+00:00,2026-06-19 20:10:36.504782+00:00
1b4e1980-8b71-46a1-b0fb-78ac92d5a699,completed,2026-06-19 20:10:06.799732+00:00,2026-06-19 20:10:36.849951+00:00
3e8053c4-fb00-4dc6-8247-68e4e318e13e,completed,2026-06-19 20:10:06.956607+00:00,2026-06-19 20:10:37.010018+00:00
7161f30e-440c-4c5b-abb6-bda825233a2d,completed,2026-06-19 20:10:07.109546+00:00,2026-06-19 20:10:37.159514+00:00
761b5a99-4cdd-48e8-8127-3e94c459e0cb,completed,2026-06-19 20:10:07.226165+00:00,2026-06-19 20:10:37.334307+00:00
32648d71-fce0-4dbd-8228-91f67e2e12a5,completed,2026-06-19 20:10:07.375921+00:00,2026-06-19 20:10:37.493372+00:00
37005d0a-5d6d-4b18-8bd6-dd6e8b31dc07,completed,2026-06-19 20:10:07.530575+00:00,2026-06-19 20:10:37.653277+00:00
44b4fa6e-d37b-4845-99b5-bc3ca544d328,completed,2026-06-19 20:10:07.683971+00:00,2026-06-19 20:10:37.812098+00:00
16ea69a3-4e54-4e8d-b6be-26e24f259f76,completed,2026-06-19 20:10:07.832840+00:00,2026-06-19 20:10:37.965040+00:00
dfad888c-618a-403f-ba73-846cba7ab8f5,completed,2026-06-19 20:09:48.791903+00:00,2026-06-19 20:10:05.858197+00:00
1a21b180-e072-4485-b55d-5da7ef25bff4,completed,2026-06-19 20:09:48.850875+00:00,2026-06-19 20:10:06.016621+00:00
8b2794ab-23ab-4484-bdb8-e07a6446f30d,completed,2026-06-19 20:09:49.262723+00:00,2026-06-19 20:10:07.063262+00:00
61f9fb3d-b9bf-4ead-8fb1-7af15cdd3594,completed,2026-06-19 20:09:49.788578+00:00,2026-06-19 20:10:08.415890+00:00
8348e9ce-d988-499b-88a5-e2ccfe145d54,completed,2026-06-19 20:09:50.303277+00:00,2026-06-19 20:10:09.769628+00:00
403ecb27-2bb8-4a2f-89b7-1d7ad6cd63c1,completed,2026-06-19 20:09:50.811858+00:00,2026-06-19 20:10:11.148620+00:00
44b30a32-26f8-47ad-b159-c724e9b81214,completed,2026-06-19 20:09:50.866250+00:00,2026-06-19 20:10:11.310931+00:00
8a3272a6-8ede-492d-8456-bfdd598575e0,completed,2026-06-19 20:09:51.258090+00:00,2026-06-19 20:10:12.362897+00:00
dd29682b-fc06-4b77-824a-efd741801e0f,completed,2026-06-19 20:09:51.752666+00:00,2026-06-19 20:10:13.792155+00:00
98eba38a-838c-4ffa-bc9f-31fa8a9ec624,completed,2026-06-19 20:09:52.242498+00:00,2026-06-19 20:10:15.188585+00:00
9a22a316-4d9f-4b2b-97f7-5ae121ae20dc,completed,2026-06-19 20:09:52.724152+00:00,2026-06-19 20:10:16.610267+00:00
521ad64e-0644-4534-b9e2-8dfdea0678d1,completed,2026-06-19 20:09:52.777543+00:00,2026-06-19 20:10:16.943876+00:00
1b8ee353-517e-41fc-a3a8-a407cf477387,completed,2026-06-19 20:09:53.145828+00:00,2026-06-19 20:10:18.027565+00:00
29f1e2d9-4181-42f3-8e03-2665d4fa0fc6,completed,2026-06-19 20:09:53.616349+00:00,2026-06-19 20:10:19.429725+00:00
da789d11-45f6-4ff3-ae70-48256adfabed,completed,2026-06-19 20:09:54.081210+00:00,2026-06-19 20:10:20.774359+00:00
463e3d03-bfd8-44be-8475-124c420ed0db,completed,2026-06-19 20:09:54.548410+00:00,2026-06-19 20:10:22.159997+00:00
d6bad95a-84b2-4f9d-ad91-d1472d615096,completed,2026-06-19 20:09:54.593304+00:00,2026-06-19 20:10:22.333403+00:00
62d0eacc-3972-4a75-96cd-480bb79727d2,completed,2026-06-19 20:09:54.947282+00:00,2026-06-19 20:10:23.517908+00:00
1c708a48-fcbe-4e0c-a58b-c4e9b7233551,completed,2026-06-19 20:09:55.395685+00:00,2026-06-19 20:10:24.989904+00:00
b1c709e9-95ea-4a25-9f3c-6e81a70dab34,completed,2026-06-19 20:09:55.840307+00:00,2026-06-19 20:10:25.980709+00:00
a40cf8f3-7d19-4c70-82cc-2778e758aff2,failed,2026-06-19 20:09:56.281662+00:00,2026-06-19 20:10:26.338774+00:00
1bc88c00-f9bb-4360-ad1b-0c39c50a8870,failed,2026-06-19 20:09:56.329963+00:00,2026-06-19 20:10:26.342730+00:00
8538de6d-9e72-488b-bcd5-34b966fee79e,failed,2026-06-19 20:09:56.666568+00:00,2026-06-19 20:10:26.698366+00:00
8276daac-9ef7-4ae5-a483-901cc5c2d1b2,failed,2026-06-19 20:09:57.100961+00:00,2026-06-19 20:10:27.204856+00:00
5cbf7c0f-ce22-4e7d-a89a-ff73037cd999,failed,2026-06-19 20:09:57.526373+00:00,2026-06-19 20:10:27.620254+00:00
173f4834-3d2e-4e92-b164-80c603293c2f,failed,2026-06-19 20:09:57.947909+00:00,2026-06-19 20:10:27.968441+00:00
f8c46f03-361c-4c68-a3e9-903dc6edda02,completed,2026-06-19 20:09:57.995835+00:00,2026-06-19 20:10:28.130114+00:00
4506a9ff-1e7b-49dc-8c17-7835e17d6b6b,completed,2026-06-19 20:09:58.318748+00:00,2026-06-19 20:10:28.463454+00:00
dbfdc211-b967-4d6c-a887-101f7ce32704,failed,2026-06-19 20:09:58.735902+00:00,2026-06-19 20:10:28.799622+00:00
c6d14b1f-d1eb-42f0-96e2-9319520ac991,failed,2026-06-19 20:09:59.150218+00:00,2026-06-19 20:10:29.162279+00:00
268f7c09-ac23-4ead-8c47-548f434e57a3,completed,2026-06-19 20:09:59.554072+00:00,2026-06-19 20:10:29.694143+00:00
409bdf78-f72a-4f3f-a5cb-cafab34169d3,failed,2026-06-19 20:10:08.290402+00:00,2026-06-19 20:10:38.298497+00:00
f0bab061-429f-4f77-94b9-c79c831c3c83,completed,2026-06-19 20:10:08.441603+00:00,2026-06-19 20:10:38.444634+00:00
a1a08f2d-13d6-4da5-a6e3-c5eb08e7ed3b,completed,2026-06-19 20:10:08.587302+00:00,2026-06-19 20:10:38.595232+00:00
e6deb119-6cf3-4357-8224-66c5b38b07af,completed,2026-06-19 20:10:08.773485+00:00,2026-06-19 20:10:38.747828+00:00
820df483-a294-4e52-a91f-2e0c9b7ca068,completed,2026-06-19 20:10:08.887596+00:00,2026-06-19 20:10:38.913075+00:00
f43f9d95-ece1-4182-827c-9c4a368a0202,completed,2026-06-19 20:10:09.037198+00:00,2026-06-19 20:10:39.067737+00:00
8dbf7f49-8958-415e-91b0-c34905e7231a,completed,2026-06-19 20:10:09.333957+00:00,2026-06-19 20:10:39.390423+00:00
d9efc4b0-2290-4004-974f-43fdfce0f1c0,completed,2026-06-19 20:10:09.480382+00:00,2026-06-19 20:10:39.544581+00:00
4f5ad425-c228-4733-8838-7f429d5a34a9,completed,2026-06-19 20:10:09.626411+00:00,2026-06-19 20:10:39.684618+00:00
22571899-5bd8-430e-8557-60856562ebc2,completed,2026-06-19 20:10:09.773979+00:00,2026-06-19 20:10:39.836286+00:00
7b3792da-bebd-474d-aef9-87d422966868,completed,2026-06-19 20:10:09.961389+00:00,2026-06-19 20:10:39.997156+00:00
b3b2fa33-eaff-4e3c-8e5c-ec4d094fd6c2,completed,2026-06-19 20:10:10.102558+00:00,2026-06-19 20:10:40.158375+00:00
0a9babee-8b00-4ec8-8bfc-57f8a388de72,completed,2026-06-19 20:10:10.248200+00:00,2026-06-19 20:10:40.301598+00:00
dd8cc4e6-74a4-4e1c-8152-8ecc9bc5527e,completed,2026-06-19 20:10:10.392091+00:00,2026-06-19 20:10:40.453846+00:00
1b8e3422-4477-45b6-b301-98f69d839e53,completed,2026-06-19 20:10:10.718127+00:00,2026-06-19 20:10:40.764658+00:00
e2a35795-7114-40e1-a36f-cd9b902f859a,completed,2026-06-19 20:10:10.861336+00:00,2026-06-19 20:10:40.935012+00:00
663e51ef-8b91-4b03-be25-fdb2185facfc,completed,2026-06-19 20:10:11.006204+00:00,2026-06-19 20:10:41.088905+00:00
2d617396-ed94-4917-a7bf-681e73bab348,completed,2026-06-19 20:10:11.183341+00:00,2026-06-19 20:10:41.240707+00:00
28e32e55-a1ce-43b6-a192-5a1d3b2ac9a4,completed,2026-06-19 20:10:11.329483+00:00,2026-06-19 20:10:41.389305+00:00
cb76fe54-ce45-4947-aa7a-5101ee566948,completed,2026-06-19 20:10:11.505553+00:00,2026-06-19 20:10:41.550682+00:00
42635fb7-30ca-4ab6-af93-0464f2f04054,completed,2026-06-19 20:10:11.647485+00:00,2026-06-19 20:10:41.708615+00:00
d86aec12-f06b-4c76-b5fd-42d396b2b495,completed,2026-06-19 20:10:11.787967+00:00,2026-06-19 20:10:41.853989+00:00
354a5f70-4f21-4d1b-89ce-b2b93e09bfff,completed,2026-06-19 20:10:12.104175+00:00,2026-06-19 20:10:42.160426+00:00
a8e779db-ba9b-4cf0-8102-d9213fc2e92f,completed,2026-06-19 20:10:12.245635+00:00,2026-06-19 20:10:42.340155+00:00
6a83c18b-7e58-4962-a230-953590786245,completed,2026-06-19 20:10:12.387626+00:00,2026-06-19 20:10:42.495560+00:00
c00f7b4c-43cd-4f79-8732-2694d43a67f3,completed,2026-06-19 20:10:12.526525+00:00,2026-06-19 20:10:42.662085+00:00
5caa9903-c90a-4b8a-ac10-3b9e33a16430,completed,2026-06-19 20:10:12.735528+00:00,2026-06-19 20:10:42.815242+00:00
bbec7536-85b8-4308-b14a-439a963401fb,completed,2026-06-19 20:10:12.870390+00:00,2026-06-19 20:10:42.966536+00:00
d2118962-ab96-44dc-bd85-7f16d10021c0,completed,2026-06-19 20:10:13.045585+00:00,2026-06-19 20:10:43.113552+00:00
168fbe55-6be5-470a-a16a-0af1e349c07c,completed,2026-06-19 20:10:13.183123+00:00,2026-06-19 20:10:43.266310+00:00
23b08b2a-612b-423b-a787-1ccd92d4c66a,completed,2026-06-19 20:10:13.662680+00:00,2026-06-19 20:10:43.743807+00:00
d3378eb0-20ae-428c-86d7-bfa3d34f3046,completed,2026-06-19 20:10:13.799011+00:00,2026-06-19 20:10:43.908109+00:00
d6d17514-8c8c-4ede-b2cb-6f1617703b49,completed,2026-06-19 20:10:13.970841+00:00,2026-06-19 20:10:44.088314+00:00
91765fb3-a7d1-4efb-b5e7-e44d719c39d2,completed,2026-06-19 20:10:14.109800+00:00,2026-06-19 20:10:44.248245+00:00
3f527e1f-ff63-4a31-80a2-0ee9b244552b,completed,2026-06-19 20:10:14.311360+00:00,2026-06-19 20:10:44.422388+00:00
7ec59280-009e-41bd-abd3-15d0acdff436,completed,2026-06-19 20:10:14.444562+00:00,2026-06-19 20:10:44.592558+00:00
64e05e6f-0fc9-49d3-9fe4-6f70f1769d22,completed,2026-06-19 20:10:14.748515+00:00,2026-06-19 20:10:44.751734+00:00
4f53ddbc-9a7e-4e6d-b3af-0d1b5a6cc0b9,completed,2026-06-19 20:10:14.916664+00:00,2026-06-19 20:10:44.897600+00:00
890a0fd3-69c6-4e4e-8b3c-9a885980994f,completed,2026-06-19 20:10:15.048126+00:00,2026-06-19 20:10:45.063486+00:00
68595f9b-2eb2-414f-8072-e1aca0c721e9,completed,2026-06-19 20:10:15.215417+00:00,2026-06-19 20:10:45.231816+00:00
373a549d-9310-45f9-a245-9d6959c7fe41,completed,2026-06-19 20:10:15.347849+00:00,2026-06-19 20:10:45.381713+00:00
ac4693d0-7277-43fa-9684-c6a692f85e0c,completed,2026-06-19 20:10:15.519458+00:00,2026-06-19 20:10:45.537155+00:00
eaba171d-833c-4d5b-8ef7-43530b0d856d,completed,2026-06-19 20:10:15.682301+00:00,2026-06-19 20:10:45.687822+00:00
65fb807f-5566-4b91-8339-9ae1b0402623,completed,2026-06-19 20:10:15.843934+00:00,2026-06-19 20:10:45.858686+00:00
1160b23c-6198-495f-9fcd-68c4ce706cad,completed,2026-06-19 20:10:16.139810+00:00,2026-06-19 20:10:46.183747+00:00
713eb35a-0a16-4fd5-82a0-7b7fa6c4ab20,completed,2026-06-19 20:10:16.304711+00:00,2026-06-19 20:10:46.338839+00:00
44f81cd5-2299-4794-8252-0d9dd98b5f18,completed,2026-06-19 20:10:16.467830+00:00,2026-06-19 20:10:46.490142+00:00
5c4ba4c9-7d59-483d-bd4c-d74d1686a253,completed,2026-06-19 20:10:16.630826+00:00,2026-06-19 20:10:46.646161+00:00
4e062635-f2b0-4532-b93c-2a9ddc92e20f,completed,2026-06-19 20:10:16.954286+00:00,2026-06-19 20:10:46.810309+00:00
96f7bd4a-6642-4a0e-bc8f-82f49edf1405,completed,2026-06-19 20:10:17.115457+00:00,2026-06-19 20:10:46.967767+00:00
7b55204b-de9a-4b2c-b31a-4416afd26c52,completed,2026-06-19 20:10:17.279250+00:00,2026-06-19 20:10:47.122712+00:00
cc938222-53fc-431a-ab69-2575c38ca863,completed,2026-06-19 20:10:17.439692+00:00,2026-06-19 20:10:47.272647+00:00
3bace87d-9781-4bd6-a34d-6d2a8ed5a169,completed,2026-06-19 20:10:17.728274+00:00,2026-06-19 20:10:47.579868+00:00
1def1308-a4ca-424c-b463-8c3cb785d9e6,completed,2026-06-19 20:10:17.886868+00:00,2026-06-19 20:10:47.736196+00:00
6b7b93d6-e047-4e59-a967-1cfb38a14bd4,completed,2026-06-19 20:10:18.045766+00:00,2026-06-19 20:10:47.892366+00:00
143829e5-7009-4093-9cfa-28ac23ba3278,completed,2026-06-19 20:10:18.204145+00:00,2026-06-19 20:10:48.043201+00:00
fdb03d42-b52b-4784-9f63-230f47eccde2,completed,2026-06-19 20:10:18.331945+00:00,2026-06-19 20:10:48.191710+00:00
2f608708-c390-46d6-8e3d-73aca44854e5,completed,2026-06-19 20:10:18.490932+00:00,2026-06-19 20:10:48.343099+00:00
32f5ffd7-06e0-4249-a092-ef221061c4fd,completed,2026-06-19 20:10:18.646321+00:00,2026-06-19 20:10:48.492033+00:00
8b99f35c-d9c9-4dc9-92de-e59deaa69a1b,completed,2026-06-19 20:10:18.804918+00:00,2026-06-19 20:10:48.652248+00:00
beb3d191-3512-4ea2-98e2-a3b6f49e1703,completed,2026-06-19 20:10:19.309466+00:00,2026-06-19 20:10:49.119238+00:00
8edb0471-aeaf-4b9c-9922-501c76d1a0a7,completed,2026-06-19 20:10:19.460246+00:00,2026-06-19 20:10:49.279712+00:00
43c33299-72a2-41f7-bde2-fb91aea21194,completed,2026-06-19 20:10:19.585800+00:00,2026-06-19 20:10:49.441236+00:00
09cf7486-4f8e-444c-84df-d077c195f043,completed,2026-06-19 20:10:19.739323+00:00,2026-06-19 20:10:49.606191+00:00
8b2709c5-aee8-436b-8675-936ade9fa309,completed,2026-06-19 20:10:19.895875+00:00,2026-06-19 20:10:49.782235+00:00
492ca68f-4057-46bd-8dae-2407bd3fac78,completed,2026-06-19 20:10:20.048224+00:00,2026-06-19 20:10:49.933839+00:00
9b034052-9101-4eb9-93bd-6f14ce5216a7,completed,2026-06-19 20:10:20.337933+00:00,2026-06-19 20:10:50.256471+00:00
62ec6a86-a8ed-44aa-a522-8ecd81551c2a,completed,2026-06-19 20:10:20.478703+00:00,2026-06-19 20:10:50.415468+00:00
c480ce8d-5734-42cc-b8e4-d6a53a311176,completed,2026-06-19 20:10:20.666548+00:00,2026-06-19 20:10:50.560280+00:00
928566c1-cc52-46d1-9a94-4e494c626576,completed,2026-06-19 20:10:20.787790+00:00,2026-06-19 20:10:50.708602+00:00
9437b652-88a4-48a8-b7cb-00f67017ee73,completed,2026-06-19 20:10:20.967320+00:00,2026-06-19 20:10:50.850134+00:00
cb1fac2f-3754-471f-abde-7a885959165e,completed,2026-06-19 20:10:21.118500+00:00,2026-06-19 20:10:51.002082+00:00
453f7f34-0f8e-44d0-bc78-b372aec4f929,completed,2026-06-19 20:10:21.271818+00:00,2026-06-19 20:10:51.164200+00:00
9e88e802-a23d-4c9f-acfc-c77d31b7a718,completed,2026-06-19 20:10:21.419529+00:00,2026-06-19 20:10:51.337390+00:00
97e87e4f-1c19-4584-89c2-50cbe1dbb995,completed,2026-06-19 20:10:21.721481+00:00,2026-06-19 20:10:51.652618+00:00
267cf6fa-9a92-4e2d-b2c4-b4986bfe01b7,completed,2026-06-19 20:10:21.903074+00:00,2026-06-19 20:10:51.806412+00:00
a65d3747-3769-4d76-8380-390670915a2c,completed,2026-06-19 20:10:22.022784+00:00,2026-06-19 20:10:51.962986+00:00
6e690125-f41b-4acf-9f6d-72e304fc097a,completed,2026-06-19 20:10:22.172202+00:00,2026-06-19 20:10:52.118219+00:00
8a666ef8-95d5-41ef-9fe1-8910122a0e25,completed,2026-06-19 20:10:22.349591+00:00,2026-06-19 20:10:52.277517+00:00
105c60dc-19c5-47e0-8ec0-a2cfd1a462f9,completed,2026-06-19 20:10:22.528122+00:00,2026-06-19 20:10:52.422762+00:00
bd7644f3-372e-4cde-99d9-57a2c088252c,completed,2026-06-19 20:10:22.676145+00:00,2026-06-19 20:10:52.587392+00:00
6870e58c-8500-4ff1-bf3f-8cad14febf9a,completed,2026-06-19 20:10:22.827705+00:00,2026-06-19 20:10:52.743259+00:00
874fde98-03bc-4d0d-895a-1f5d5e52c829,completed,2026-06-19 20:10:23.132549+00:00,2026-06-19 20:10:53.049448+00:00
de00a535-e863-41d2-94b1-0ea2ccf9ead1,completed,2026-06-19 20:10:23.336626+00:00,2026-06-19 20:10:53.205380+00:00
c3ae79ef-2492-4a96-91b7-0c09f988b368,completed,2026-06-19 20:10:23.530052+00:00,2026-06-19 20:10:53.365863+00:00
16d65ea2-d13d-4f2b-ba99-97b9fce4d7dc,completed,2026-06-19 20:10:23.705502+00:00,2026-06-19 20:10:53.530458+00:00
01249d1f-4e56-4543-a072-94106f9fab0b,completed,2026-06-19 20:10:23.881256+00:00,2026-06-19 20:10:53.685337+00:00
1a607956-fd41-48a9-816e-06255e8acfb2,completed,2026-06-19 20:10:24.085252+00:00,2026-06-19 20:10:53.854168+00:00
826dbfb4-d192-4f7f-8faf-12ad87472dd3,completed,2026-06-19 20:10:24.257176+00:00,2026-06-19 20:10:54.009370+00:00
dad01211-7d36-444e-b550-39bee45b472e,completed,2026-06-19 20:10:24.403304+00:00,2026-06-19 20:10:54.165049+00:00
5a79007e-a82e-4e69-be5d-4052e0967705,failed,2026-06-19 20:10:26.000367+00:00,2026-06-19 20:10:56.010209+00:00
1616146b-8614-432c-ac02-4360fb719a1a,completed,2026-06-19 20:10:24.863175+00:00,2026-06-19 20:10:54.613169+00:00
62725a39-9fe0-47a4-8e0e-97df95065d33,completed,2026-06-19 20:10:25.006918+00:00,2026-06-19 20:10:54.778312+00:00
55674682-4844-4d0d-a4e8-d7cd7dd08ab9,completed,2026-06-19 20:10:25.151528+00:00,2026-06-19 20:10:54.922091+00:00
1f2dd17e-b51c-4284-8232-912084a8c04d,completed,2026-06-19 20:10:25.319682+00:00,2026-06-19 20:10:55.070675+00:00
c0b714f1-6db6-4926-bb88-6e1e7f4af033,completed,2026-06-19 20:10:25.491245+00:00,2026-06-19 20:10:55.220595+00:00
3c8bbbfa-9174-49f0-953f-c2c18fe79b7b,completed,2026-06-19 20:10:25.633570+00:00,2026-06-19 20:10:55.382065+00:00
827e4e33-bc7a-4494-9928-fd5c568f30b0,completed,2026-06-19 20:10:25.834009+00:00,2026-06-19 20:10:55.696000+00:00
d6018ecc-f209-4e39-9856-cd9ddc152fab,completed,2026-06-19 20:10:25.862363+00:00,2026-06-19 20:10:55.847919+00:00
6fa7c5f7-d46c-4a99-ae1a-8d099f87c06f,completed,2026-06-19 20:10:25.889396+00:00,2026-06-19 20:10:56.006664+00:00
dc769436-59db-456a-9aa7-f4dbbdbb9930,failed,2026-06-19 20:10:26.059228+00:00,2026-06-19 20:10:56.177066+00:00
486e000f-8e53-47e5-a1ba-02d01ce1e5a1,completed,2026-06-19 20:10:26.030655+00:00,2026-06-19 20:10:56.171547+00:00
c3141943-1507-4c65-aa76-629ded308913,failed,2026-06-19 20:10:26.173232+00:00,2026-06-19 20:10:56.179732+00:00
6dd50cf4-65fc-4cf0-85f4-9e2b5e9062db,failed,2026-06-19 20:10:26.256868+00:00,2026-06-19 20:10:56.344028+00:00
d4e08984-3de2-4e82-8af4-90147a2dc54e,completed,2026-06-19 20:10:26.202770+00:00,2026-06-19 20:10:56.336919+00:00
b6ba2af1-e1b6-48c6-989d-5dfc8265ddfc,failed,2026-06-19 20:10:26.340929+00:00,2026-06-19 20:10:56.347668+00:00
81b6337b-bb07-4343-89d8-3efe794fd0f3,failed,2026-06-19 20:10:26.399520+00:00,2026-06-19 20:10:56.511403+00:00
8d837514-4763-49e9-bb76-70513f04ee96,completed,2026-06-19 20:10:26.368299+00:00,2026-06-19 20:10:56.507522+00:00
05905540-7e6d-495a-91ba-8f67dd92e567,failed,2026-06-19 20:10:26.424220+00:00,2026-06-19 20:10:56.514863+00:00
da99b72d-bad0-474c-baae-672edbd523ae,failed,2026-06-19 20:10:26.566637+00:00,2026-06-19 20:10:56.685355+00:00
d89aa819-79fd-4421-88ee-33b46116f307,completed,2026-06-19 20:10:26.534891+00:00,2026-06-19 20:10:56.681926+00:00
3c911ee1-cb7e-4798-affa-7e68b0cdf1a4,failed,2026-06-19 20:10:26.595760+00:00,2026-06-19 20:10:56.688496+00:00
e3228c06-75a4-439a-b34c-6f32ebd8492a,failed,2026-06-19 20:10:26.731053+00:00,2026-06-19 20:10:56.856113+00:00
ccfbe6b1-41d7-4ef4-b930-a1767c0a083f,failed,2026-06-19 20:10:26.758853+00:00,2026-06-19 20:10:56.859804+00:00
b4586536-baaf-4cad-8204-871ab870b0bd,failed,2026-06-19 20:10:26.787193+00:00,2026-06-19 20:10:56.862761+00:00
8645516e-4c11-4310-a2d9-922935875c1f,failed,2026-06-19 20:10:26.898166+00:00,2026-06-19 20:10:57.051626+00:00
28a2de79-3841-4fcd-89a3-592809447058,completed,2026-06-19 20:10:26.871426+00:00,2026-06-19 20:10:57.045958+00:00
2c9f3996-8016-4345-8458-7509ca77766f,failed,2026-06-19 20:10:26.927602+00:00,2026-06-19 20:10:57.054946+00:00
c8b9e8a8-04bd-4d44-8849-3162dfa4b304,failed,2026-06-19 20:10:26.953879+00:00,2026-06-19 20:10:57.057827+00:00
dbe455b8-27c4-4412-b437-c8889a058747,failed,2026-06-19 20:10:27.038922+00:00,2026-06-19 20:10:57.060806+00:00
87a1ff92-d9d8-4ff8-98ce-778186c0ce8c,failed,2026-06-19 20:10:27.263086+00:00,2026-06-19 20:10:57.375187+00:00
af10de54-194c-451d-b003-deb2df6860d2,completed,2026-06-19 20:10:27.238330+00:00,2026-06-19 20:10:57.369151+00:00
c71fd425-dcd6-4caf-9204-7beb85d47a00,failed,2026-06-19 20:10:27.288967+00:00,2026-06-19 20:10:57.380553+00:00
c8866e03-27dc-421c-a662-cc5b2f6a6025,failed,2026-06-19 20:10:27.316382+00:00,2026-06-19 20:10:57.383655+00:00
026c5387-275a-436c-af7f-420f0b4d7072,failed,2026-06-19 20:10:27.426426+00:00,2026-06-19 20:10:57.550411+00:00
0be37b1a-1d08-449a-8e37-34be5dc27a98,completed,2026-06-19 20:10:27.397941+00:00,2026-06-19 20:10:57.544502+00:00
578199cd-b2d7-44cc-9c31-a90a36144d6c,failed,2026-06-19 20:10:27.482311+00:00,2026-06-19 20:10:57.558937+00:00
dedbedf8-4205-4583-89dc-696862f4bbf4,failed,2026-06-19 20:10:27.650121+00:00,2026-06-19 20:10:57.710071+00:00
08396fc2-54e5-49f3-8238-a9afaebd2665,completed,2026-06-19 20:10:27.619325+00:00,2026-06-19 20:10:57.706146+00:00
c653149c-2742-4cf2-b266-544e26d88f05,failed,2026-06-19 20:10:27.681550+00:00,2026-06-19 20:10:57.713316+00:00
e56f7712-e8a3-4b5c-912a-701975c12a56,failed,2026-06-19 20:10:27.703305+00:00,2026-06-19 20:10:57.716343+00:00
0182cf81-2bb3-43c2-9e21-209c89eb64d2,failed,2026-06-19 20:10:27.812430+00:00,2026-06-19 20:10:57.917400+00:00
ebb45770-bbec-4e93-9729-0655bb57fe7e,completed,2026-06-19 20:10:27.733073+00:00,2026-06-19 20:10:57.913869+00:00
2c354cbf-492c-4532-8928-c8ca044f3859,failed,2026-06-19 20:10:27.840846+00:00,2026-06-19 20:10:57.920538+00:00
1982d861-8d21-458d-b32a-9728c2fe967a,failed,2026-06-19 20:10:28.005548+00:00,2026-06-19 20:10:58.085828+00:00
7050af4a-a901-4be5-a58e-5b063cd0ad31,completed,2026-06-19 20:10:27.978475+00:00,2026-06-19 20:10:58.081939+00:00
a1a2dd8d-0167-4932-bf2f-7cb814580466,failed,2026-06-19 20:10:28.033355+00:00,2026-06-19 20:10:58.089368+00:00
9107ce6b-0f16-4e22-9f25-a7acaccc9ae2,failed,2026-06-19 20:10:28.061590+00:00,2026-06-19 20:10:58.092524+00:00
803c0803-bad0-4869-ad14-18497d3219fb,failed,2026-06-19 20:10:28.170881+00:00,2026-06-19 20:10:58.252064+00:00
bba7f969-afdb-40ce-83d0-cb00c85be9ad,completed,2026-06-19 20:10:28.143130+00:00,2026-06-19 20:10:58.248996+00:00
aac9238c-fb2d-4c25-b6f5-aaafa36b6a72,failed,2026-06-19 20:10:28.198937+00:00,2026-06-19 20:10:58.255484+00:00
493bbbf4-3236-462d-98c4-e5feb6e3182b,failed,2026-06-19 20:10:28.230486+00:00,2026-06-19 20:10:58.258881+00:00
4a039a6c-d0d2-4c90-9c91-a4821f2cab50,failed,2026-06-19 20:10:28.334482+00:00,2026-06-19 20:10:58.444855+00:00
0d7f51cd-4939-49f5-9df5-88b18ad46df1,failed,2026-06-19 20:10:28.361785+00:00,2026-06-19 20:10:58.449792+00:00
9904017e-25a5-4e10-af0b-60739a7d81bd,failed,2026-06-19 20:10:28.500818+00:00,2026-06-19 20:10:58.604540+00:00
82f4a50a-801d-48d6-9356-1ce218d75d12,completed,2026-06-19 20:10:28.471548+00:00,2026-06-19 20:10:58.600515+00:00
ee49671b-f441-46fd-9350-f9006834f1b7,failed,2026-06-19 20:10:28.533867+00:00,2026-06-19 20:10:58.607856+00:00
a5eebbce-7baf-4e11-a9b2-5d4b67df9b14,failed,2026-06-19 20:10:28.569574+00:00,2026-06-19 20:10:58.611118+00:00
c3bcda0f-7501-4a40-8b13-5358194cfcba,failed,2026-06-19 20:10:28.661665+00:00,2026-06-19 20:10:58.767743+00:00
175b8ce3-92d9-4c32-bdb9-91023b3ab15b,completed,2026-06-19 20:10:28.633988+00:00,2026-06-19 20:10:58.764124+00:00
f3be6157-80be-4fdc-8988-86fcec2520d3,failed,2026-06-19 20:10:28.825491+00:00,2026-06-19 20:10:58.950263+00:00
ec4fd29b-def1-45c8-85e1-d754f21c28c4,failed,2026-06-19 20:10:28.852324+00:00,2026-06-19 20:10:58.955350+00:00
e8610732-b661-4f29-bbbf-697248cc6f55,failed,2026-06-19 20:10:28.880113+00:00,2026-06-19 20:10:58.958953+00:00
46dea2c6-40d1-41e3-bc29-e9beece6cd3c,failed,2026-06-19 20:10:29.019949+00:00,2026-06-19 20:10:59.116156+00:00
afefd17d-6755-4355-b684-f782708cce7a,completed,2026-06-19 20:10:28.987646+00:00,2026-06-19 20:10:59.112078+00:00
1403bb48-c775-48a5-add8-c4ae45c8e458,failed,2026-06-19 20:10:29.058563+00:00,2026-06-19 20:10:59.119402+00:00
a838d0ef-54c5-43fe-a9ca-23fb0349e714,failed,2026-06-19 20:10:29.176142+00:00,2026-06-19 20:10:59.290062+00:00
bf184273-7995-4ffd-bc36-a2514c17fe84,completed,2026-06-19 20:10:29.151068+00:00,2026-06-19 20:10:59.286429+00:00
10cd1584-ff57-42a9-a358-42020e0f5a47,failed,2026-06-19 20:10:29.204103+00:00,2026-06-19 20:10:59.293549+00:00
e799522c-a6c1-456f-b5af-6e8f9dd1b4e5,failed,2026-06-19 20:10:29.232269+00:00,2026-06-19 20:10:59.298505+00:00
45e6c334-8730-406e-bef7-65714420d60b,failed,2026-06-19 20:10:29.374672+00:00,2026-06-19 20:10:59.458771+00:00
8433ca30-a1d4-425f-a422-085c92f4dd49,completed,2026-06-19 20:10:29.353645+00:00,2026-06-19 20:10:59.455164+00:00
4c52a6d4-461f-4cc6-b74d-cd54ce63d13c,failed,2026-06-19 20:10:29.394356+00:00,2026-06-19 20:10:59.461871+00:00
29b66ec3-a3b4-42e0-b3df-2c0fa50370b2,failed,2026-06-19 20:10:29.419170+00:00,2026-06-19 20:10:59.465712+00:00
cea0f797-e83e-4e98-a003-8ad2d81f35c9,failed,2026-06-19 20:10:29.554514+00:00,2026-06-19 20:10:59.634042+00:00
3f5f8d5a-ec73-4aeb-96cb-d4d39a3979d6,failed,2026-06-19 20:10:29.584401+00:00,2026-06-19 20:10:59.637968+00:00
61a19057-a6a3-4e57-8c8d-f276c8f716ea,failed,2026-06-19 20:10:29.610869+00:00,2026-06-19 20:10:59.641306+00:00
225ac957-f10e-411f-9cc0-be7135f75631,failed,2026-06-19 20:10:29.741178+00:00,2026-06-19 20:10:59.803770+00:00
f75f1c21-808b-422b-9c00-8969b01f7a79,completed,2026-06-19 20:10:29.716355+00:00,2026-06-19 20:10:59.798065+00:00
bcc12e46-0754-451c-a2d4-32f564146db8,failed,2026-06-19 20:10:29.772861+00:00,2026-06-19 20:10:59.807352+00:00
b6a7b7f4-67b9-4483-82a4-185af6abad05,failed,2026-06-19 20:10:29.795099+00:00,2026-06-19 20:10:59.810832+00:00
72b157bd-67ff-4d4b-a0d4-3e63992d0599,failed,2026-06-19 20:10:29.931475+00:00,2026-06-19 20:10:59.982910+00:00
7214daab-dac0-41d6-8af6-faaa598847fb,completed,2026-06-19 20:10:29.876009+00:00,2026-06-19 20:10:59.976662+00:00
9f0898e8-477d-4066-a449-a3edacc5381b,failed,2026-06-19 20:10:29.955674+00:00,2026-06-19 20:10:59.985966+00:00
e52c0711-9244-4633-946f-b12ac6bce1e5,failed,2026-06-19 20:10:30.092170+00:00,2026-06-19 20:11:00.149582+00:00
234cd434-c1b2-409e-ab9e-7dc9315d1e8d,completed,2026-06-19 20:10:30.064400+00:00,2026-06-19 20:11:00.144004+00:00
1646574b-f9e4-432d-ae2a-70dcb3f7895e,failed,2026-06-19 20:10:30.116150+00:00,2026-06-19 20:11:00.152868+00:00
b3881680-9ee2-4efe-8b34-68e5e71e8fdc,failed,2026-06-19 20:10:30.143137+00:00,2026-06-19 20:11:00.156766+00:00
262282ca-9937-4ab4-aba4-7160568f13aa,failed,2026-06-19 20:10:30.280831+00:00,2026-06-19 20:11:00.311144+00:00
11759d6e-0e44-429f-abd7-910c2c562527,completed,2026-06-19 20:10:30.249414+00:00,2026-06-19 20:11:00.307353+00:00
27a5d473-aa1d-4d57-9a1d-cf8fe6e4048f,failed,2026-06-19 20:09:59.598650+00:00,2026-06-19 20:10:29.697602+00:00
d3ad97ef-9808-47b1-b7ef-c0204dd6fc8c,completed,2026-06-19 20:09:59.914082+00:00,2026-06-19 20:10:30.051727+00:00
ebcf33cd-4e39-446c-962a-ab765835ee87,failed,2026-06-19 20:10:00.315124+00:00,2026-06-19 20:10:30.416267+00:00
20f5b403-a5b9-4620-8adb-d711391f82b1,failed,2026-06-19 20:10:00.709038+00:00,2026-06-19 20:10:30.751597+00:00
3d65c086-2190-4675-b8c1-8a56199e4293,failed,2026-06-19 20:10:01.106458+00:00,2026-06-19 20:10:31.114977+00:00
4cc757cc-32d2-4769-9cc3-a42bc065ef28,completed,2026-06-19 20:10:01.150383+00:00,2026-06-19 20:10:31.274163+00:00
214ab9d6-cf85-4722-8675-2046955846c9,failed,2026-06-19 20:10:01.449325+00:00,2026-06-19 20:10:31.463921+00:00
7998293a-5cc7-4a81-a722-bad884766130,failed,2026-06-19 20:10:01.837886+00:00,2026-06-19 20:10:31.958110+00:00
41edc1b5-88fc-4085-a939-f9538df2eaa9,failed,2026-06-19 20:10:02.222592+00:00,2026-06-19 20:10:32.287087+00:00
4ffea238-ea0e-44de-ad4a-f7fece69e9f9,completed,2026-06-19 20:11:09.376078+00:00,2026-06-19 20:11:39.723877+00:00
9abd6637-ab50-43cb-8f2a-c1c574ff2a7c,failed,2026-06-19 20:11:09.524789+00:00,2026-06-19 20:11:39.727647+00:00
a0b99b71-9ed6-42f4-98e1-2a024aeb1080,failed,2026-06-19 20:11:10.529759+00:00,2026-06-19 20:11:40.711441+00:00
f2b69a2f-543b-4e4d-b6d8-f6ea9bfc1d2f,failed,2026-06-19 20:11:11.896999+00:00,2026-06-19 20:11:41.980403+00:00
9e84c16f-da51-4703-93e2-b28e37de3a18,completed,2026-06-19 20:11:13.376031+00:00,2026-06-19 20:11:43.491579+00:00
fa42fdfb-9618-4fe6-ba50-4f97869fbdef,completed,2026-06-19 20:11:14.774674+00:00,2026-06-19 20:11:44.981496+00:00
7bf4ed88-e6b6-4ffc-8c9b-3c0eb3863286,failed,2026-06-19 20:11:14.920845+00:00,2026-06-19 20:11:44.985174+00:00
69f9fe7f-2f81-4f18-a90b-aeb5b962223a,completed,2026-06-19 20:11:15.972293+00:00,2026-06-19 20:11:46.226476+00:00
bdd90e9c-7ba0-4550-9e0b-7df048b82b16,failed,2026-06-19 20:11:45.152802+00:00,2026-06-19 20:12:15.196450+00:00
0ffdb29a-8acc-4135-b74f-cdf20ad3d8ad,completed,2026-06-19 20:11:43.900911+00:00,2026-06-19 20:12:13.720700+00:00
e1b17baf-12cf-444d-890f-25ec45893509,completed,2026-06-19 20:11:44.218564+00:00,2026-06-19 20:12:14.219147+00:00
c34065df-e321-495a-9a9e-c236f9c427cf,completed,2026-06-19 20:11:44.472836+00:00,2026-06-19 20:12:14.459592+00:00
8088e2e1-20f2-4bef-a8ff-3eecd585dc84,completed,2026-06-19 20:11:44.506856+00:00,2026-06-19 20:12:14.698840+00:00
08eb713b-d8fe-433b-ba52-7eabe35e7dfe,completed,2026-06-19 20:11:44.726869+00:00,2026-06-19 20:12:14.948662+00:00
33036ad0-4ff6-4950-880f-9c7e7cd8d125,completed,2026-06-19 20:11:45.024711+00:00,2026-06-19 20:12:15.192483+00:00
b5303418-4c15-4bb4-b08d-593da16742eb,failed,2026-06-19 20:11:45.743082+00:00,2026-06-19 20:12:15.924288+00:00
54bf5649-8242-4eb6-9ac4-d894579dba93,completed,2026-06-19 20:11:45.442090+00:00,2026-06-19 20:12:15.678623+00:00
66f1f5ff-78d1-424a-a802-2d774ffc198b,failed,2026-06-19 20:11:46.398288+00:00,2026-06-19 20:12:16.413095+00:00
0d3f240a-ad79-4037-a9e4-abd7b3c24a70,completed,2026-06-19 20:11:45.978318+00:00,2026-06-19 20:12:16.168257+00:00
d09aa706-47c0-4a4e-b042-b4e3ceeeb664,completed,2026-06-19 20:11:46.254887+00:00,2026-06-19 20:12:16.409490+00:00
494c4351-37b0-4552-a481-d6a897d7986d,failed,2026-06-19 20:11:46.656233+00:00,2026-06-19 20:12:16.661241+00:00
ffdaedec-8126-4013-b530-39ce0be66891,completed,2026-06-19 20:11:46.422714+00:00,2026-06-19 20:12:16.653802+00:00
ffa50876-6eb6-4122-af66-2b2f54df3c0b,failed,2026-06-19 20:10:30.437448+00:00,2026-06-19 20:11:00.492025+00:00
b5be3fba-654b-40dc-a292-b55d2765f3c6,failed,2026-06-19 20:10:30.465008+00:00,2026-06-19 20:11:00.496184+00:00
48ab2807-395f-4ab2-9d91-dc4f6c7a712a,failed,2026-06-19 20:10:30.490215+00:00,2026-06-19 20:11:00.500296+00:00
93ab4e6b-367e-4304-8218-256fafdff123,failed,2026-06-19 20:10:30.596571+00:00,2026-06-19 20:11:00.663745+00:00
3b17399d-cbeb-442a-8eac-297e6c34ff2f,completed,2026-06-19 20:10:30.515067+00:00,2026-06-19 20:11:00.659885+00:00
143483a9-8238-4178-8d7f-80f11101a321,failed,2026-06-19 20:10:30.621995+00:00,2026-06-19 20:11:00.667230+00:00
ac4399cb-9748-4b39-9090-f1815d68883c,failed,2026-06-19 20:10:30.753869+00:00,2026-06-19 20:11:00.834232+00:00
f14b4f13-918d-4603-b5ac-064d144e6c42,completed,2026-06-19 20:10:30.673494+00:00,2026-06-19 20:11:00.830122+00:00
11e5035f-9a65-4e1f-8460-b79c97eddfae,failed,2026-06-19 20:10:30.781510+00:00,2026-06-19 20:11:00.837881+00:00
4cc2a545-b9b1-430b-86a2-e121d2b93c24,failed,2026-06-19 20:10:30.811954+00:00,2026-06-19 20:11:00.841725+00:00
5b6f85f0-ad6d-4bb2-8bca-f1011e29ee2d,failed,2026-06-19 20:10:30.940068+00:00,2026-06-19 20:11:01.001649+00:00
2335533a-18f0-4fe7-a63f-9e5e56fab991,completed,2026-06-19 20:10:30.920082+00:00,2026-06-19 20:11:00.996241+00:00
f1776415-2a5f-49ae-9bd2-0ea9b20220cf,failed,2026-06-19 20:10:30.969863+00:00,2026-06-19 20:11:01.005744+00:00
102ffe3f-21ed-491b-9fad-3ce095144d51,failed,2026-06-19 20:10:30.992577+00:00,2026-06-19 20:11:01.008902+00:00
dc428f4e-ebea-4418-900e-ffadb11885d1,failed,2026-06-19 20:10:31.125081+00:00,2026-06-19 20:11:01.184990+00:00
32f0f9e7-24c0-49b2-aa62-62945985056c,failed,2026-06-19 20:10:31.151535+00:00,2026-06-19 20:11:01.188771+00:00
eb7e914e-0d69-4cdb-819b-ff86633c7989,failed,2026-06-19 20:10:31.202944+00:00,2026-06-19 20:11:01.350374+00:00
e4abf6b6-c9c8-49f8-986d-509c76e665d7,completed,2026-06-19 20:10:31.190186+00:00,2026-06-19 20:11:01.346253+00:00
82a1edc9-6e50-4b75-bc77-9dc089aeb771,failed,2026-06-19 20:10:31.288697+00:00,2026-06-19 20:11:01.354446+00:00
040a5d71-a626-4950-996d-16308994bcb3,failed,2026-06-19 20:10:31.307993+00:00,2026-06-19 20:11:01.357684+00:00
2d94b237-3e12-474f-a504-93e5f5fbb7d2,failed,2026-06-19 20:10:31.333241+00:00,2026-06-19 20:11:01.360866+00:00
a22bce5f-3faf-4867-8d72-7df5c063c022,failed,2026-06-19 20:10:31.494002+00:00,2026-06-19 20:11:01.522106+00:00
8c42f2c6-2818-405c-a64c-b8f56bff0895,completed,2026-06-19 20:10:31.362111+00:00,2026-06-19 20:11:01.514155+00:00
90cc9725-a759-44d9-9c6d-d37c45a63cb8,failed,2026-06-19 20:10:31.516616+00:00,2026-06-19 20:11:01.527346+00:00
5ee2b013-6e42-43db-a401-01e5b8bd211e,failed,2026-06-19 20:10:31.647904+00:00,2026-06-19 20:11:01.687568+00:00
8bd97c47-3b85-4954-a74f-dc8d69e18eda,completed,2026-06-19 20:10:31.542574+00:00,2026-06-19 20:11:01.683086+00:00
dc877071-3ff8-4e03-b639-89271bedc73a,failed,2026-06-19 20:10:31.673490+00:00,2026-06-19 20:11:01.690324+00:00
f5418fd1-767e-4369-9da0-3499f4158c6f,failed,2026-06-19 20:10:31.726475+00:00,2026-06-19 20:11:01.856861+00:00
f7a1a917-abbe-45df-8c61-56c42ddefd8b,completed,2026-06-19 20:10:31.699088+00:00,2026-06-19 20:11:01.853152+00:00
75ff9cb9-c95c-42df-b437-e048f422a669,failed,2026-06-19 20:10:31.805241+00:00,2026-06-19 20:11:01.860117+00:00
f929924e-a3cf-4bf2-8102-27efddce6553,completed,2026-06-19 20:10:02.725789+00:00,2026-06-19 20:10:32.797516+00:00
fded3b77-e382-40ad-ac89-27c4624521e2,completed,2026-06-19 20:10:02.896290+00:00,2026-06-19 20:10:32.942323+00:00
803fd365-ce2d-4d81-ac16-9f8a603d3fe8,completed,2026-06-19 20:10:03.932454+00:00,2026-06-19 20:10:33.960367+00:00
66ea3544-1f8a-4bbb-8cc0-f4809e18d9de,failed,2026-06-19 20:10:31.858086+00:00,2026-06-19 20:11:01.867390+00:00
33a34686-d351-4c0f-b2f8-5ac17732ece6,failed,2026-06-19 20:10:31.989827+00:00,2026-06-19 20:11:02.046096+00:00
2897a286-6df8-4c75-9257-5fdc74b54a79,completed,2026-06-19 20:10:31.964171+00:00,2026-06-19 20:11:02.041856+00:00
eeee0879-ae71-4a7e-89cc-4e4a067b6254,failed,2026-06-19 20:10:32.014620+00:00,2026-06-19 20:11:02.053354+00:00
bf5afc86-9ec7-4251-b965-74b3ba5ce2ba,failed,2026-06-19 20:10:32.169434+00:00,2026-06-19 20:11:02.232370+00:00
01572c58-947b-472d-ad69-64d8f447789b,completed,2026-06-19 20:10:32.143975+00:00,2026-06-19 20:11:02.228188+00:00
09983c61-9a85-4287-bc0f-ee5c871e57f3,failed,2026-06-19 20:10:32.197932+00:00,2026-06-19 20:11:02.235551+00:00
0f66ad66-0f28-4c99-87ba-a25c9ee08571,failed,2026-06-19 20:10:32.221431+00:00,2026-06-19 20:11:02.238766+00:00
cbc00986-681c-4cab-8501-98ddb6a7c44b,failed,2026-06-19 20:10:32.325802+00:00,2026-06-19 20:11:02.416145+00:00
15452cd5-d326-43ad-b518-a3d05a502d6c,completed,2026-06-19 20:10:32.299222+00:00,2026-06-19 20:11:02.412448+00:00
af2723f4-ff70-4945-904a-013a4809aef0,failed,2026-06-19 20:10:32.352292+00:00,2026-06-19 20:11:02.419196+00:00
a120bea4-cc50-4aa4-a609-501931466b29,failed,2026-06-19 20:10:32.376370+00:00,2026-06-19 20:11:02.422630+00:00
3049ae3b-dad0-4a04-83cc-9e7bd805183b,failed,2026-06-19 20:10:32.479213+00:00,2026-06-19 20:11:02.631736+00:00
51f2bfb9-c26e-4638-9546-86ed1c4f49c1,failed,2026-06-19 20:10:32.506837+00:00,2026-06-19 20:11:02.635733+00:00
537790ec-3547-4c4a-962c-153450d63166,failed,2026-06-19 20:10:32.532415+00:00,2026-06-19 20:11:02.639190+00:00
3ef1f0fa-68c7-4715-8442-921d474f0c4b,failed,2026-06-19 20:10:32.687886+00:00,2026-06-19 20:11:02.807727+00:00
a728aaea-d49a-4ef0-b9c9-f6cb4721f0a8,completed,2026-06-19 20:10:32.667725+00:00,2026-06-19 20:11:02.804129+00:00
74490932-4319-4572-97c3-8ae268ca2779,failed,2026-06-19 20:10:32.712801+00:00,2026-06-19 20:11:02.810617+00:00
851dc61e-6105-4748-8168-96b825172cd5,failed,2026-06-19 20:10:32.951024+00:00,2026-06-19 20:11:02.964719+00:00
7f9d2a9f-3878-4967-a0bb-462d6ecc0c19,completed,2026-06-19 20:10:32.817770+00:00,2026-06-19 20:11:02.960297+00:00
1f521f79-a01e-4a25-80a0-5b6482439669,completed,2026-06-19 20:10:33.256166+00:00,2026-06-19 20:11:03.279800+00:00
9af7e8ff-f9ff-4f15-84d8-45ffc9ec76bb,completed,2026-06-19 20:10:33.408545+00:00,2026-06-19 20:11:03.438653+00:00
f11942cf-d09b-4efe-98f5-975ca984bdc6,completed,2026-06-19 20:10:33.787565+00:00,2026-06-19 20:11:03.615285+00:00
0da6b489-00b5-4745-866c-5598651cf27f,completed,2026-06-19 20:10:33.817435+00:00,2026-06-19 20:11:03.771264+00:00
8a84b35d-7e96-4c1b-a558-41f1710cc064,completed,2026-06-19 20:10:33.840478+00:00,2026-06-19 20:11:03.925692+00:00
c17153e8-4ad2-4c4c-930c-fd91e69408a2,completed,2026-06-19 20:10:33.971610+00:00,2026-06-19 20:11:04.083558+00:00
da2e8a82-0283-4695-a2c1-0d30bf6cb288,completed,2026-06-19 20:10:34.143421+00:00,2026-06-19 20:11:04.250538+00:00
8b2ccf40-cca0-4c63-a9c4-f020557d69cf,completed,2026-06-19 20:10:34.319413+00:00,2026-06-19 20:11:04.413596+00:00
eb0bc44f-79d1-475f-992f-8e80cab76d18,failed,2026-06-19 20:10:35.150245+00:00,2026-06-19 20:11:05.233955+00:00
1b003c54-027d-4cb9-8adc-1b2a2ea0d8e2,completed,2026-06-19 20:10:34.628650+00:00,2026-06-19 20:11:04.722703+00:00
4ef5be9d-cf3b-47c8-9579-7407a7650de8,completed,2026-06-19 20:10:34.799690+00:00,2026-06-19 20:11:04.884263+00:00
8e72fd33-1b92-4107-80e1-9f180df63cbe,completed,2026-06-19 20:10:34.949597+00:00,2026-06-19 20:11:05.052981+00:00
ed3266f2-c107-4820-8bd4-fd573f54be32,completed,2026-06-19 20:10:35.129591+00:00,2026-06-19 20:11:05.229813+00:00
bf236865-d211-4c99-ad9c-d5b32b8f4872,failed,2026-06-19 20:10:36.227937+00:00,2026-06-19 20:11:06.233308+00:00
4ffd01cc-1cce-42ad-9628-3f288f76eedf,completed,2026-06-19 20:10:35.299416+00:00,2026-06-19 20:11:05.413050+00:00
ce1d09aa-7b56-432a-974c-dc17273a81f4,completed,2026-06-19 20:10:35.675243+00:00,2026-06-19 20:11:05.725386+00:00
91af3ac9-7abf-4bf2-b63e-1f1ed040180e,completed,2026-06-19 20:10:35.855223+00:00,2026-06-19 20:11:05.888995+00:00
349dadab-3191-418b-ab79-7e595989ad91,completed,2026-06-19 20:10:35.999304+00:00,2026-06-19 20:11:06.057178+00:00
7e9705c6-22ae-4736-a89a-bdb76cdf3610,completed,2026-06-19 20:10:36.202526+00:00,2026-06-19 20:11:06.229359+00:00
22de7f35-0587-44e5-b6ae-fd291e94c877,failed,2026-06-19 20:10:38.337293+00:00,2026-06-19 20:11:08.402406+00:00
707a3995-5826-4621-bb70-e91382b77ce4,completed,2026-06-19 20:10:36.376025+00:00,2026-06-19 20:11:06.395433+00:00
24346d2c-a8a0-468b-ad06-d5ebf504c93c,completed,2026-06-19 20:10:36.533686+00:00,2026-06-19 20:11:06.552826+00:00
f340e6a1-97d5-41ad-be57-308bd122284f,completed,2026-06-19 20:10:36.702009+00:00,2026-06-19 20:11:06.708189+00:00
39b11a60-b276-4f4b-b7d3-54fff61842e6,completed,2026-06-19 20:10:37.025148+00:00,2026-06-19 20:11:07.098350+00:00
f58f1d62-caff-488d-bfa7-1daaf97ea7f2,completed,2026-06-19 20:10:37.174576+00:00,2026-06-19 20:11:07.252759+00:00
f1d9331c-10df-4a13-ac03-d92716b545ff,completed,2026-06-19 20:10:37.350420+00:00,2026-06-19 20:11:07.412507+00:00
fc13d825-651d-4721-92c9-0421498afc08,completed,2026-06-19 20:10:37.501058+00:00,2026-06-19 20:11:07.625280+00:00
73536255-d8b4-453b-a77e-0da023f87dc7,completed,2026-06-19 20:10:37.678256+00:00,2026-06-19 20:11:07.767643+00:00
164d2ceb-50ef-4ac1-8b9b-5ef17e419053,completed,2026-06-19 20:10:37.825790+00:00,2026-06-19 20:11:07.922069+00:00
34a5f9f3-1a46-486f-ad6d-4ea89f8e4f88,completed,2026-06-19 20:10:37.978273+00:00,2026-06-19 20:11:08.083208+00:00
5ef6387c-4f4a-4a20-8db5-bd9005d9847e,completed,2026-06-19 20:10:38.131043+00:00,2026-06-19 20:11:08.239791+00:00
b4813c4f-1dab-4379-b0d4-87c55c3934f7,completed,2026-06-19 20:10:38.451512+00:00,2026-06-19 20:11:08.580246+00:00
24a41c40-017f-45a0-b4bc-ae6f910ec66a,completed,2026-06-19 20:10:38.601812+00:00,2026-06-19 20:11:08.736809+00:00
b2f67708-a8e1-4471-8fb6-cac77ac7ff93,completed,2026-06-19 20:10:38.776906+00:00,2026-06-19 20:11:08.889420+00:00
e4756e4f-052f-40d9-982c-d41a4ec82bb0,completed,2026-06-19 20:10:38.924602+00:00,2026-06-19 20:11:09.053064+00:00
cbcaa96d-5c81-4e3a-b9f9-7d57fce29e4f,completed,2026-06-19 20:10:39.077128+00:00,2026-06-19 20:11:09.211656+00:00
3862a78d-0f5b-4a86-8c78-17915a850684,completed,2026-06-19 20:10:39.249892+00:00,2026-06-19 20:11:09.366823+00:00
6cbe4b8a-820a-427e-bcc9-9f641ba59b44,completed,2026-06-19 20:10:39.400554+00:00,2026-06-19 20:11:09.520412+00:00
4c20f05e-9502-4931-9e0f-f87cb803c3e4,completed,2026-06-19 20:10:05.267247+00:00,2026-06-19 20:10:35.287706+00:00
954dc94b-9673-439a-986a-e3ef6600ea65,completed,2026-06-19 20:10:06.682833+00:00,2026-06-19 20:10:36.673750+00:00
2f5964de-e6e6-4c16-b916-9523ad7dae98,completed,2026-06-19 20:10:07.987680+00:00,2026-06-19 20:10:38.125480+00:00
62d06477-6ded-4224-aa91-e032a41fa36f,completed,2026-06-19 20:10:08.138723+00:00,2026-06-19 20:10:38.295173+00:00
1acc599f-3c0b-4355-922f-5619068c998e,completed,2026-06-19 20:10:09.185435+00:00,2026-06-19 20:10:39.222213+00:00
ad0304a3-fba4-4533-b1f1-5f1b7f158298,completed,2026-06-19 20:10:10.537412+00:00,2026-06-19 20:10:40.620095+00:00
7403b64a-a728-4567-8f73-a2c06764525f,completed,2026-06-19 20:10:11.964711+00:00,2026-06-19 20:10:42.007956+00:00
7fe93632-f204-4d22-978a-0cacb3585114,completed,2026-06-19 20:10:13.355013+00:00,2026-06-19 20:10:43.415940+00:00
4553ecfa-7aee-472b-b10b-28d1907e44a8,completed,2026-06-19 20:10:13.525877+00:00,2026-06-19 20:10:43.585715+00:00
e0c354b8-18b6-414a-88b2-a851cd41483d,failed,2026-06-19 20:10:14.584706+00:00,2026-06-19 20:10:44.596722+00:00
8b9399f7-d910-4ac7-a007-4d2633466972,completed,2026-06-19 20:10:15.986439+00:00,2026-06-19 20:10:46.030702+00:00
c8f860ae-5826-40d1-af9a-d4dc87fbf40d,completed,2026-06-19 20:10:17.598353+00:00,2026-06-19 20:10:47.427137+00:00
8452d9ea-adf0-4071-9107-ddb1dac8b02b,completed,2026-06-19 20:10:18.994738+00:00,2026-06-19 20:10:48.810575+00:00
b75cf68e-8d41-4878-8712-304997cdb461,completed,2026-06-19 20:10:19.148895+00:00,2026-06-19 20:10:48.974790+00:00
d4f2eb94-f2f3-453f-a1e9-d4ea3baed0d7,completed,2026-06-19 20:10:20.203100+00:00,2026-06-19 20:10:50.094950+00:00
b6ac4f8d-a9cb-4b52-9e21-60454e6e2874,completed,2026-06-19 20:10:21.573803+00:00,2026-06-19 20:10:51.495413+00:00
b221b0a9-906b-4481-b754-a0455f0231d3,completed,2026-06-19 20:10:22.971716+00:00,2026-06-19 20:10:52.887032+00:00
105a2747-39cb-4fa9-88ff-6c794fb14b71,completed,2026-06-19 20:10:24.548212+00:00,2026-06-19 20:10:54.316456+00:00
cfbae48a-6cdb-4987-8664-40ac2436064d,completed,2026-06-19 20:10:24.691849+00:00,2026-06-19 20:10:54.470240+00:00
e04ee865-8957-406e-9766-de5089155a7e,completed,2026-06-19 20:10:25.802871+00:00,2026-06-19 20:10:55.532215+00:00
1e6479ca-f660-4911-9183-2d5e72702f66,failed,2026-06-19 20:10:26.227147+00:00,2026-06-19 20:10:56.340796+00:00
effb4ab2-64a0-4481-bfbd-f99c93d7b363,completed,2026-06-19 20:10:26.703910+00:00,2026-06-19 20:10:56.852738+00:00
84a81420-4be1-4f22-bb77-d1d2de8decc0,completed,2026-06-19 20:10:27.066828+00:00,2026-06-19 20:10:57.214847+00:00
8baf20c4-cdef-4fa6-917b-907e5450422e,failed,2026-06-19 20:10:27.093277+00:00,2026-06-19 20:10:57.217870+00:00
9ea8ec5c-96f2-4beb-9209-7817534881f0,failed,2026-06-19 20:10:27.455133+00:00,2026-06-19 20:10:57.554738+00:00
a4292719-6757-4ca4-8ae2-32a97325d091,failed,2026-06-19 20:10:27.868296+00:00,2026-06-19 20:10:57.924962+00:00
82254bc3-08fd-4aac-9953-742755f26e4c,completed,2026-06-19 20:10:28.306394+00:00,2026-06-19 20:10:58.440539+00:00
c8a67618-0ec5-40b3-a1a8-167e31cb50d8,failed,2026-06-19 20:10:28.689074+00:00,2026-06-19 20:10:58.770835+00:00
857e292a-799e-4f55-a8bd-5269d5f4999a,failed,2026-06-19 20:11:46.445377+00:00,2026-06-19 20:12:16.657878+00:00
66a43720-fbdd-40d4-a90f-01d933331341,completed,2026-06-19 20:11:40.436009+00:00,2026-06-19 20:12:10.407122+00:00
cd61ab48-2b91-4749-a0bf-d4cde5727584,completed,2026-06-19 20:11:43.918763+00:00,2026-06-19 20:12:13.975316+00:00
3f5d147d-9dca-4b0e-aa86-d7b2be8fc650,failed,2026-06-19 20:10:40.477576+00:00,2026-06-19 20:11:10.485131+00:00
ffc2d5c5-4ba3-4f62-bca4-f20227320b28,completed,2026-06-19 20:10:39.851074+00:00,2026-06-19 20:11:10.002882+00:00
eba89a6a-272f-426e-8485-a0407636ef07,completed,2026-06-19 20:10:40.004983+00:00,2026-06-19 20:11:10.163356+00:00
a5e380c3-6600-4bad-a345-e10c9719c8e8,completed,2026-06-19 20:10:40.174917+00:00,2026-06-19 20:11:10.328033+00:00
342672e2-789b-4bc0-861b-0bf3227f1382,completed,2026-06-19 20:10:40.343175+00:00,2026-06-19 20:11:10.480779+00:00
6b7c9ebd-e640-4e6d-be8a-4a77dba5ee65,completed,2026-06-19 20:10:40.624639+00:00,2026-06-19 20:11:10.643456+00:00
60a820b8-1ba5-4190-ba98-113e812bb573,completed,2026-06-19 20:10:40.949454+00:00,2026-06-19 20:11:10.959634+00:00
b5cbdde1-1390-403a-a96f-7b289e267a3e,completed,2026-06-19 20:10:41.100293+00:00,2026-06-19 20:11:11.122417+00:00
d0a1f273-7035-4b94-9888-54a507b72ee6,completed,2026-06-19 20:10:41.250135+00:00,2026-06-19 20:11:11.280106+00:00
460c5136-d1cf-426b-b946-7578cc5d2e3f,completed,2026-06-19 20:10:41.399635+00:00,2026-06-19 20:11:11.427295+00:00
6fb65303-d299-4f12-9236-5e711bdfc973,completed,2026-06-19 20:10:41.576312+00:00,2026-06-19 20:11:11.586472+00:00
ce6c23cb-9f45-4323-88b4-0afb92badba0,completed,2026-06-19 20:10:41.729080+00:00,2026-06-19 20:11:11.740317+00:00
da27b42a-b075-4ccf-b0ec-c146f9c01667,completed,2026-06-19 20:10:41.879274+00:00,2026-06-19 20:11:11.893764+00:00
44bfe985-a26f-4829-b91c-32072592aa3b,completed,2026-06-19 20:10:42.028410+00:00,2026-06-19 20:11:12.042873+00:00
1a896569-ebff-4835-aaeb-b91c4cbe0463,completed,2026-06-19 20:10:42.351818+00:00,2026-06-19 20:11:12.375696+00:00
7a69545a-b47f-49c3-a534-4db9f8cf34f9,completed,2026-06-19 20:10:42.500372+00:00,2026-06-19 20:11:12.535073+00:00
3d55222f-818a-4b92-a992-c54dde4512a7,completed,2026-06-19 20:10:42.675122+00:00,2026-06-19 20:11:12.692480+00:00
4c22472c-484f-4fb4-bec3-f6e034bd13f6,completed,2026-06-19 20:10:42.829209+00:00,2026-06-19 20:11:12.851311+00:00
174f70c2-a00f-4e9d-8857-581971ddc23a,completed,2026-06-19 20:10:42.976231+00:00,2026-06-19 20:11:12.993255+00:00
04415818-640d-4da0-bf85-a7c0fea283ec,completed,2026-06-19 20:10:43.126013+00:00,2026-06-19 20:11:13.176518+00:00
2d1578a9-d983-4e0c-b4eb-69895422c2b8,completed,2026-06-19 20:10:43.275089+00:00,2026-06-19 20:11:13.349892+00:00
748f8297-0001-4e5f-8439-db35619662dc,completed,2026-06-19 20:10:43.426216+00:00,2026-06-19 20:11:13.511504+00:00
150d84db-bd81-409f-a9fc-b0190e9ea0e8,completed,2026-06-19 20:10:43.749933+00:00,2026-06-19 20:11:13.824374+00:00
07ffcf78-c5d3-4cdc-8e59-b395a62bf9e6,completed,2026-06-19 20:10:43.928884+00:00,2026-06-19 20:11:13.972447+00:00
5ca94be8-c9c7-4db6-a778-2e8ac4c1bf8d,completed,2026-06-19 20:10:44.117600+00:00,2026-06-19 20:11:14.120451+00:00
79aeb8b4-b1c0-45c8-b350-88f3e72df08b,completed,2026-06-19 20:10:44.276719+00:00,2026-06-19 20:11:14.272128+00:00
ef07c5b7-a312-4a63-b84c-c64f0b819624,completed,2026-06-19 20:10:44.427643+00:00,2026-06-19 20:11:14.439259+00:00
85d58af0-d070-43af-aaee-5aedd738576d,completed,2026-06-19 20:10:44.601873+00:00,2026-06-19 20:11:14.601983+00:00
f94fe40f-1e0d-4a72-a8ee-e16be4be5833,completed,2026-06-19 20:10:44.625722+00:00,2026-06-19 20:11:14.755303+00:00
7a879098-ccec-4ebe-abf2-bc467c3ca80e,completed,2026-06-19 20:10:44.777516+00:00,2026-06-19 20:11:14.900092+00:00
a9bf4089-34ef-44a3-8fda-45f1e99d01f4,failed,2026-06-19 20:10:49.126918+00:00,2026-06-19 20:11:19.174826+00:00
9935e7dc-b8e6-46c3-aaee-b5163639ae88,completed,2026-06-19 20:10:45.250392+00:00,2026-06-19 20:11:15.362206+00:00
2e884364-d566-442a-bc1c-f0823494d67b,completed,2026-06-19 20:10:45.403219+00:00,2026-06-19 20:11:15.513952+00:00
95639ef6-3716-45e5-b75f-7aa406c15b9d,completed,2026-06-19 20:10:45.550022+00:00,2026-06-19 20:11:15.659619+00:00
2d63dea5-3401-4636-9067-7f8d64d9f746,completed,2026-06-19 20:10:45.700360+00:00,2026-06-19 20:11:15.809202+00:00
0a85ae07-df28-4eda-912d-118068b37e60,completed,2026-06-19 20:10:45.876940+00:00,2026-06-19 20:11:15.959574+00:00
edda7b16-ec2c-4e9c-aabe-21d76b749530,completed,2026-06-19 20:10:46.055782+00:00,2026-06-19 20:11:16.131426+00:00
f6eda217-fb79-4bf6-8ffc-80c4e18b26e6,completed,2026-06-19 20:10:46.350391+00:00,2026-06-19 20:11:16.435181+00:00
4a398fca-b470-420c-8e6f-0b8eb16aa11a,completed,2026-06-19 20:10:46.499994+00:00,2026-06-19 20:11:16.584446+00:00
10759c57-1b08-4d4b-b5d1-191bc22856d2,completed,2026-06-19 20:10:46.651239+00:00,2026-06-19 20:11:16.741533+00:00
7b0d6d6f-afb4-4e0f-ac19-c711c2e9eb64,completed,2026-06-19 20:10:46.826039+00:00,2026-06-19 20:11:16.908579+00:00
d113e2b5-a38d-4e96-9046-4fb8d6d974fa,completed,2026-06-19 20:10:46.978514+00:00,2026-06-19 20:11:17.067960+00:00
78bd31e6-c123-4648-98eb-d3064d72da0c,completed,2026-06-19 20:10:47.150289+00:00,2026-06-19 20:11:17.227826+00:00
00776196-5cf8-4f74-9ce4-a8ac4440fdc8,completed,2026-06-19 20:10:47.302461+00:00,2026-06-19 20:11:17.388437+00:00
e6048036-e0d5-41d3-819c-11792e21065c,completed,2026-06-19 20:10:47.450956+00:00,2026-06-19 20:11:17.542022+00:00
e633e799-8256-4161-af5c-a6edcb69e154,completed,2026-06-19 20:10:47.759680+00:00,2026-06-19 20:11:17.848025+00:00
779e5f10-8530-4d55-8a2d-98eb40811915,completed,2026-06-19 20:10:47.901612+00:00,2026-06-19 20:11:18.002567+00:00
7bb0a723-53ee-4ea2-9df0-7c7c68d40650,completed,2026-06-19 20:10:48.053949+00:00,2026-06-19 20:11:18.149853+00:00
e1541462-5ee1-4a82-923a-a3d2456442ac,completed,2026-06-19 20:10:48.199701+00:00,2026-06-19 20:11:18.314821+00:00
209a6c0d-b091-4a7e-9a09-f4188ceab846,completed,2026-06-19 20:10:48.351303+00:00,2026-06-19 20:11:18.478209+00:00
42e8d34c-bf0f-44c5-a5d3-efe75c96d4f1,completed,2026-06-19 20:10:48.500966+00:00,2026-06-19 20:11:18.650987+00:00
262d0263-f025-4f68-b00e-53b802e4c838,completed,2026-06-19 20:10:48.675107+00:00,2026-06-19 20:11:18.814985+00:00
50cfba35-7c81-47a5-a475-9b6feb2636a7,completed,2026-06-19 20:10:48.825412+00:00,2026-06-19 20:11:18.979000+00:00
e3b6b76a-0f73-44a3-905a-a8d642b99448,completed,2026-06-19 20:10:49.299988+00:00,2026-06-19 20:11:19.330469+00:00
0d03cac8-7f13-4b6e-9394-4be3a9b09409,completed,2026-06-19 20:10:49.449504+00:00,2026-06-19 20:11:19.491596+00:00
3cdc992b-77a8-405a-9d31-c1211bc023f1,completed,2026-06-19 20:10:49.627966+00:00,2026-06-19 20:11:19.644753+00:00
509247b6-364d-4b8d-9087-ad149c576fb4,completed,2026-06-19 20:10:49.802344+00:00,2026-06-19 20:11:19.797403+00:00
1111d6bf-168d-4267-a8c3-31ad7ab5b8b3,completed,2026-06-19 20:10:49.950484+00:00,2026-06-19 20:11:19.955960+00:00
51186c1d-cb10-4510-8574-41fee0a9644a,completed,2026-06-19 20:10:50.100734+00:00,2026-06-19 20:11:20.113840+00:00
1c3278c6-5d63-441a-829e-55df42ea6b95,completed,2026-06-19 20:10:50.275306+00:00,2026-06-19 20:11:20.269191+00:00
2a6fc4a8-eba9-4802-bb7a-07508cefb6a8,failed,2026-06-19 20:10:55.076142+00:00,2026-06-19 20:11:25.091896+00:00
f4cb537d-1666-4d3d-bd4c-3e3534ec23d0,completed,2026-06-19 20:10:50.725444+00:00,2026-06-19 20:11:20.746624+00:00
904f72e0-2cc6-4490-adf9-3e552e51e443,completed,2026-06-19 20:10:50.876296+00:00,2026-06-19 20:11:20.903199+00:00
fefd2b96-82c7-42f5-83af-a228f4f75fc1,completed,2026-06-19 20:10:51.026606+00:00,2026-06-19 20:11:21.060595+00:00
7e9ec9ce-cfb6-49fa-bc6f-4cec7d3cc6ee,completed,2026-06-19 20:10:51.175012+00:00,2026-06-19 20:11:21.212651+00:00
2ec809ba-b6a1-4c65-8e2e-531e78f3dd2b,completed,2026-06-19 20:10:51.349684+00:00,2026-06-19 20:11:21.364183+00:00
073ccd41-af99-49c2-83a3-2bd47b2c1f38,completed,2026-06-19 20:10:51.525202+00:00,2026-06-19 20:11:21.545898+00:00
06a9b046-b774-4b23-83e0-1aca96c3ffe8,completed,2026-06-19 20:10:51.825453+00:00,2026-06-19 20:11:21.841864+00:00
7bdc8650-8fa2-48d3-902c-e546f9bbb530,completed,2026-06-19 20:10:51.978243+00:00,2026-06-19 20:11:21.989600+00:00
4fcde1c3-3e46-4d66-ade5-7924dc6a2bcb,completed,2026-06-19 20:10:52.125604+00:00,2026-06-19 20:11:22.147796+00:00
e1da8df1-e810-45d9-9d06-1fd49252d4b6,completed,2026-06-19 20:10:52.300931+00:00,2026-06-19 20:11:22.309808+00:00
bedb42a9-c8fc-4f29-9d1f-196da4fca322,completed,2026-06-19 20:10:52.427735+00:00,2026-06-19 20:11:22.462639+00:00
d096831d-a832-4ee7-81ff-54bc8f41e401,completed,2026-06-19 20:10:52.606019+00:00,2026-06-19 20:11:22.637954+00:00
6b9e83db-4c0f-43ab-be14-237b94cd4fd8,completed,2026-06-19 20:10:52.750418+00:00,2026-06-19 20:11:22.804084+00:00
467caa0d-5983-4da7-8586-97603801083b,completed,2026-06-19 20:10:52.898348+00:00,2026-06-19 20:11:22.952180+00:00
379fd34a-d260-40b3-b36c-dcf80d6102e7,completed,2026-06-19 20:10:53.234962+00:00,2026-06-19 20:11:23.269676+00:00
6acfb013-191c-4a5f-a428-cc120cf4e477,completed,2026-06-19 20:10:53.385416+00:00,2026-06-19 20:11:23.427436+00:00
aadeafd3-2b48-4b74-b198-22d38b6197b9,completed,2026-06-19 20:10:53.554527+00:00,2026-06-19 20:11:23.594338+00:00
d3bc804c-93a1-4467-8281-a13d11825fca,completed,2026-06-19 20:10:53.701034+00:00,2026-06-19 20:11:23.754777+00:00
bfdb45b7-5c02-4181-a2a5-6b39b04434e6,completed,2026-06-19 20:10:53.857335+00:00,2026-06-19 20:11:23.918726+00:00
6296a320-4537-4652-a165-920abe9c24be,completed,2026-06-19 20:10:54.025645+00:00,2026-06-19 20:11:24.078923+00:00
66ec6c1c-acfa-4a09-be2e-4e3fc36d8c06,completed,2026-06-19 20:10:54.175845+00:00,2026-06-19 20:11:24.258087+00:00
a83e5b5d-ce0b-4f4b-8244-4e2c5df3f0bd,completed,2026-06-19 20:10:54.325495+00:00,2026-06-19 20:11:24.457603+00:00
b86e3249-bed8-4e94-9e36-830cc8863710,completed,2026-06-19 20:10:54.623657+00:00,2026-06-19 20:11:24.749457+00:00
7c808d97-e488-4574-8693-66de6df2234f,completed,2026-06-19 20:10:54.802061+00:00,2026-06-19 20:11:24.938423+00:00
f0adc840-54a8-4720-8cd8-bf3675fc363a,completed,2026-06-19 20:10:54.949524+00:00,2026-06-19 20:11:25.088479+00:00
cf59276d-1762-42ec-8446-2b89bba360a2,completed,2026-06-19 20:10:55.224249+00:00,2026-06-19 20:11:25.237816+00:00
a57a4980-e1fe-4f7f-a4d3-93b803a1d62b,completed,2026-06-19 20:10:55.401737+00:00,2026-06-19 20:11:25.384963+00:00
d362503e-b41c-4fa5-9792-32b240e9c53d,completed,2026-06-19 20:10:55.549396+00:00,2026-06-19 20:11:25.541356+00:00
4922ee9b-5b93-445c-9910-ba9120531200,completed,2026-06-19 20:10:55.725339+00:00,2026-06-19 20:11:25.703596+00:00
c1cdfc9c-f848-4e7f-8673-8161d45ab019,failed,2026-06-19 20:10:56.225337+00:00,2026-06-19 20:11:26.346272+00:00
458699dc-b4e2-4df9-a9bc-9e3e9ffa1038,completed,2026-06-19 20:10:56.049697+00:00,2026-06-19 20:11:26.185071+00:00
2ae3014c-2736-4cd7-bffe-4ef4fd9b7d42,completed,2026-06-19 20:10:56.200169+00:00,2026-06-19 20:11:26.341717+00:00
6d27a792-5fd8-48e3-95da-a6106cf9e738,failed,2026-06-19 20:10:56.251761+00:00,2026-06-19 20:11:26.349576+00:00
dc51cb52-0ed9-4e23-a13c-d6c92649292d,failed,2026-06-19 20:10:56.349761+00:00,2026-06-19 20:11:26.355558+00:00
30eeda66-7677-4000-a65d-7923bad44e20,failed,2026-06-19 20:10:56.423965+00:00,2026-06-19 20:11:26.520450+00:00
d202613f-832a-4966-94c2-1dfa402f66ed,completed,2026-06-19 20:10:56.375057+00:00,2026-06-19 20:11:26.511717+00:00
5addf639-3f38-4e6e-ba9b-1a5eebc47b5f,failed,2026-06-19 20:10:56.549567+00:00,2026-06-19 20:11:26.684158+00:00
709b27e0-1de3-49b3-8a56-98df5c80e03a,completed,2026-06-19 20:10:56.525379+00:00,2026-06-19 20:11:26.680393+00:00
7d2200b3-af77-4c48-a506-980ff406ae69,failed,2026-06-19 20:10:56.576169+00:00,2026-06-19 20:11:26.687739+00:00
a04f2ead-3fa5-4ec5-9737-6eece3b0ae07,failed,2026-06-19 20:10:56.726450+00:00,2026-06-19 20:11:26.839651+00:00
cd31b82f-a494-4e04-9644-eb68a8fd2211,completed,2026-06-19 20:10:56.701036+00:00,2026-06-19 20:11:26.835759+00:00
2e6338ea-8228-4584-88f1-f1a3fa80978e,failed,2026-06-19 20:10:56.751370+00:00,2026-06-19 20:11:26.842546+00:00
e57b2d7b-67fe-4ebd-9ecb-880856c290d8,failed,2026-06-19 20:10:56.924859+00:00,2026-06-19 20:11:26.992427+00:00
28e28ddb-eefc-4ee1-acf7-5f743ec54b25,completed,2026-06-19 20:10:56.876508+00:00,2026-06-19 20:11:26.984578+00:00
2150f204-3319-40de-add3-95d71bccc75d,failed,2026-06-19 20:10:56.949474+00:00,2026-06-19 20:11:26.997616+00:00
5275bfb3-864f-4a95-93c0-47867d632720,failed,2026-06-19 20:10:57.099138+00:00,2026-06-19 20:11:27.147649+00:00
e9698af8-b75f-4492-a397-850bb1179957,completed,2026-06-19 20:10:57.080303+00:00,2026-06-19 20:11:27.143316+00:00
146bb2ac-bd9d-4eae-a497-c06545ad10b1,failed,2026-06-19 20:10:57.125011+00:00,2026-06-19 20:11:27.152151+00:00
b08286ab-fef6-4d7e-967d-737f9c3162a0,failed,2026-06-19 20:10:57.150312+00:00,2026-06-19 20:11:27.157116+00:00
51c808a7-824d-4038-b545-5c42206df161,failed,2026-06-19 20:10:57.223778+00:00,2026-06-19 20:11:27.338045+00:00
1102f16b-c1b0-4d22-a6fe-84eec37a1c27,completed,2026-06-19 20:10:57.174934+00:00,2026-06-19 20:11:27.334522+00:00
4803e502-1b20-4e89-a0a9-9e0c702d2450,failed,2026-06-19 20:10:57.402274+00:00,2026-06-19 20:11:27.492159+00:00
cdc7a790-bc43-4161-8498-7f0c7b930ec3,completed,2026-06-19 20:10:57.374738+00:00,2026-06-19 20:11:27.488103+00:00
5070d023-eba0-4f20-be6b-5357335dc493,failed,2026-06-19 20:10:57.427353+00:00,2026-06-19 20:11:27.497141+00:00
f720aeed-f7ee-47b6-a46f-ed376930472e,failed,2026-06-19 20:10:57.452703+00:00,2026-06-19 20:11:27.502181+00:00
4e5a5690-093a-4208-83c1-b0eff6cd0f6b,failed,2026-06-19 20:10:57.578067+00:00,2026-06-19 20:11:27.675129+00:00
8c785401-ce1c-4ba5-a785-5de6bcdbeb90,completed,2026-06-19 20:10:57.551052+00:00,2026-06-19 20:11:27.670890+00:00
e0abe2e7-694d-4deb-9d22-8fd017e68798,failed,2026-06-19 20:10:57.600785+00:00,2026-06-19 20:11:27.678475+00:00
9cb31e21-36a0-41bf-a086-31dd7766e87f,failed,2026-06-19 20:10:57.624984+00:00,2026-06-19 20:11:27.682317+00:00
850af7e8-7ca9-4e80-882c-6b968b1588f3,failed,2026-06-19 20:10:57.748986+00:00,2026-06-19 20:11:27.850842+00:00
b4fb567c-4a86-4d0d-9bdf-ff1c5497ff30,failed,2026-06-19 20:10:57.775475+00:00,2026-06-19 20:11:27.854267+00:00
f4f0598c-1e24-43ca-96e3-a2c34d1e4cd0,failed,2026-06-19 20:10:57.800442+00:00,2026-06-19 20:11:27.857226+00:00
4643c039-5df7-4200-9b86-30ee07887622,failed,2026-06-19 20:10:58.299811+00:00,2026-06-19 20:11:28.346542+00:00
b7923d9c-511d-4329-8510-3a4f376ad2ef,completed,2026-06-19 20:10:57.923994+00:00,2026-06-19 20:11:28.013781+00:00
72f2163e-9337-46c0-9576-ee32387e5610,failed,2026-06-19 20:10:57.948985+00:00,2026-06-19 20:11:28.018072+00:00
3b2ffd44-8a4f-41ff-aaec-c4516d083ea0,failed,2026-06-19 20:10:57.980442+00:00,2026-06-19 20:11:28.021059+00:00
54706d66-34aa-44dd-b2ad-8bfd9ae97082,failed,2026-06-19 20:10:58.000284+00:00,2026-06-19 20:11:28.024578+00:00
0d5bc668-9801-4b47-a6b4-a8361fcd9a1e,completed,2026-06-19 20:10:58.101232+00:00,2026-06-19 20:11:28.176963+00:00
4c2602a2-56a2-4579-96bc-5277199e857f,failed,2026-06-19 20:10:58.125592+00:00,2026-06-19 20:11:28.180396+00:00
b63df430-aaa4-4e21-a651-e94df5bba0c4,failed,2026-06-19 20:10:58.149004+00:00,2026-06-19 20:11:28.183494+00:00
9e6018c4-7ab9-423b-9c9e-d3da4b41441b,failed,2026-06-19 20:10:58.173979+00:00,2026-06-19 20:11:28.186589+00:00
0e4c1752-8533-4825-bce7-364d34659baa,failed,2026-06-19 20:10:58.325748+00:00,2026-06-19 20:11:28.350237+00:00
51d3ee95-4af4-45d2-87ca-d4e6de662351,completed,2026-06-19 20:10:58.274078+00:00,2026-06-19 20:11:28.341695+00:00
ebf3e84d-d791-413a-bfda-0f928b7e8003,failed,2026-06-19 20:10:58.349169+00:00,2026-06-19 20:11:28.354161+00:00
a71ed505-5af8-493f-8915-3a81864b0bcd,failed,2026-06-19 20:10:58.810887+00:00,2026-06-19 20:11:28.827325+00:00
c029fbbe-847b-4866-a6ed-25953c5b429a,completed,2026-06-19 20:10:58.449556+00:00,2026-06-19 20:11:28.500311+00:00
b390d330-7ba8-4ad2-a13b-ea8a695600f0,failed,2026-06-19 20:10:58.475504+00:00,2026-06-19 20:11:28.503238+00:00
42ed9d55-3a46-4156-b8bb-5fb759f14dc7,failed,2026-06-19 20:10:58.499223+00:00,2026-06-19 20:11:28.506217+00:00
5ea53a5f-e30c-4516-876c-c07c4a7896b9,completed,2026-06-19 20:10:58.624625+00:00,2026-06-19 20:11:28.659242+00:00
eeded3f7-5193-49bc-a18c-624e773cd3db,failed,2026-06-19 20:10:58.652118+00:00,2026-06-19 20:11:28.663577+00:00
7e136091-63bb-4ebf-b742-064b4209610f,failed,2026-06-19 20:10:58.830935+00:00,2026-06-19 20:11:28.978051+00:00
c735e26e-1f12-46fd-9739-72181dda2609,completed,2026-06-19 20:10:58.674167+00:00,2026-06-19 20:11:28.816167+00:00
185914f3-f4b9-48c1-9cf0-fb74f17483f1,failed,2026-06-19 20:10:58.699915+00:00,2026-06-19 20:11:28.821938+00:00
4e4b0013-70f7-4144-afac-42aa6487afc7,failed,2026-06-19 20:11:41.465464+00:00,2026-06-19 20:12:11.529445+00:00
496ae28d-656b-4b5a-86d3-d691e5787863,completed,2026-06-19 20:11:40.994834+00:00,2026-06-19 20:12:11.143999+00:00
97e003cf-034e-4b0d-b290-605d63ce5c0f,completed,2026-06-19 20:11:41.396912+00:00,2026-06-19 20:12:11.279022+00:00
57912a93-cd79-4059-85d3-44a17855ffff,failed,2026-06-19 20:11:43.934542+00:00,2026-06-19 20:12:13.979691+00:00
d72e7029-9e03-46aa-bd03-899ed25ae3bc,completed,2026-06-19 20:11:46.940391+00:00,2026-06-19 20:12:16.907280+00:00
2df2c969-2019-4d97-9781-af811b78ce64,completed,2026-06-19 20:11:47.188372+00:00,2026-06-19 20:12:17.184478+00:00
b3bf309d-719a-4aa1-ab33-6fd844bab0c7,completed,2026-06-19 20:11:47.234619+00:00,2026-06-19 20:12:17.317848+00:00
6817a672-e040-4fbc-b0f4-29a4e6e76d70,completed,2026-06-19 20:10:28.799518+00:00,2026-06-19 20:10:58.943888+00:00
194006be-2a0b-4244-ba4d-65cc7e74c09c,failed,2026-06-19 20:10:29.068219+00:00,2026-06-19 20:10:59.122906+00:00
f066bf23-7f6c-4695-8504-395d6f5888e9,completed,2026-06-19 20:10:29.532897+00:00,2026-06-19 20:10:59.630405+00:00
dfca1508-a631-488d-8e37-0f22323cbd20,failed,2026-06-19 20:10:29.904174+00:00,2026-06-19 20:10:59.979919+00:00
a8faf51c-eee7-4b32-a56a-ee9bf761a85c,failed,2026-06-19 20:10:58.950354+00:00,2026-06-19 20:11:28.981057+00:00
72d65948-b528-444f-ae26-fac7fa83cd62,completed,2026-06-19 20:10:58.828106+00:00,2026-06-19 20:11:28.974145+00:00
454427d7-8392-410f-ac17-60cba64acd23,failed,2026-06-19 20:10:59.024157+00:00,2026-06-19 20:11:29.137390+00:00
f05bc4d1-94d1-4522-a03d-77a92ebf2cd6,completed,2026-06-19 20:10:58.981688+00:00,2026-06-19 20:11:29.131283+00:00
7df80325-7fe8-494b-ad4c-29eea191e3b8,failed,2026-06-19 20:10:59.125526+00:00,2026-06-19 20:11:29.140524+00:00
624ab98e-a848-414f-a489-e863c336a240,failed,2026-06-19 20:10:59.173967+00:00,2026-06-19 20:11:29.303288+00:00
81fbed81-8c17-4285-bc07-7ccaed346857,completed,2026-06-19 20:10:59.148418+00:00,2026-06-19 20:11:29.300010+00:00
45ca6442-87dd-4a43-bce2-915cdab9861f,failed,2026-06-19 20:10:59.199272+00:00,2026-06-19 20:11:29.306395+00:00
35892fb5-c7f1-4718-abc5-bf3da9f29d95,failed,2026-06-19 20:10:59.298509+00:00,2026-06-19 20:11:29.309338+00:00
bef600f7-6d68-4fb9-b9fb-e71c9ea8e389,failed,2026-06-19 20:10:59.348319+00:00,2026-06-19 20:11:29.469937+00:00
c5b34a2f-7722-4a70-84b4-a9d3ca677f8e,completed,2026-06-19 20:10:59.324233+00:00,2026-06-19 20:11:29.465246+00:00
01405f24-80fe-49b2-a00b-b9adc5181887,failed,2026-06-19 20:10:59.476429+00:00,2026-06-19 20:11:29.479413+00:00
04ecfbf0-4d9c-476f-ad10-e0f25736df18,failed,2026-06-19 20:10:59.524689+00:00,2026-06-19 20:11:29.656619+00:00
dedd9552-af7c-4c74-82bc-aeefd3552993,completed,2026-06-19 20:10:59.498862+00:00,2026-06-19 20:11:29.653374+00:00
9d26125e-6b30-4b5f-9e1e-5ca4ebd393a2,failed,2026-06-19 20:10:59.553597+00:00,2026-06-19 20:11:29.660028+00:00
4c2ac626-73c2-4b44-94ab-0ae054f90dae,failed,2026-06-19 20:10:59.654824+00:00,2026-06-19 20:11:29.663248+00:00
3b9882e8-c3f1-4e3d-8a98-2f8b661fac4c,failed,2026-06-19 20:10:59.700601+00:00,2026-06-19 20:11:29.828548+00:00
20b61c60-5da9-4e0a-9579-6076bc3f441e,completed,2026-06-19 20:10:59.674793+00:00,2026-06-19 20:11:29.824219+00:00
5202b0fe-6b68-4cae-afae-0082064af946,failed,2026-06-19 20:10:59.725466+00:00,2026-06-19 20:11:29.831835+00:00
a078a6ac-4db7-4d32-9224-d1ed05cf9238,failed,2026-06-19 20:10:59.878472+00:00,2026-06-19 20:11:29.998465+00:00
a98b7a05-1401-41f8-8eb2-0d8ab71f4fa2,completed,2026-06-19 20:10:59.858527+00:00,2026-06-19 20:11:29.994878+00:00
b02d46ce-2b43-4cc6-a20b-6ce3e1ca9bd2,failed,2026-06-19 20:10:59.900526+00:00,2026-06-19 20:11:30.001206+00:00
068afff7-09cc-4bea-9e03-a5ef0aacf5bc,failed,2026-06-19 20:10:59.998890+00:00,2026-06-19 20:11:30.004034+00:00
1466fb1c-7eee-496c-b424-0ea80ec3242f,failed,2026-06-19 20:11:00.049284+00:00,2026-06-19 20:11:30.165189+00:00
f92f7258-8d2d-4d15-a118-0386ee16cb0b,completed,2026-06-19 20:11:00.026694+00:00,2026-06-19 20:11:30.161275+00:00
e8c08ffc-9ebb-49b4-a5ea-1b5003b3d1b2,failed,2026-06-19 20:11:00.074979+00:00,2026-06-19 20:11:30.168532+00:00
6450f6a0-5677-4e60-ad00-06a5d4179296,failed,2026-06-19 20:11:00.151057+00:00,2026-06-19 20:11:30.174166+00:00
5d0d5f16-287b-475a-be0d-30f2684779fe,failed,2026-06-19 20:11:00.201614+00:00,2026-06-19 20:11:30.332394+00:00
34d0ff16-9a0c-4d6c-a918-7a110eb96ab3,failed,2026-06-19 20:11:00.225370+00:00,2026-06-19 20:11:30.335556+00:00
27ba15e9-6d91-4218-9b72-072afb5d1218,failed,2026-06-19 20:11:00.325469+00:00,2026-06-19 20:11:30.338199+00:00
7fb309ec-edcb-4de7-b9d4-1bc555b2c871,failed,2026-06-19 20:11:00.376458+00:00,2026-06-19 20:11:30.503922+00:00
5cdc894e-d81a-41a5-8799-c44fe91bc77e,completed,2026-06-19 20:11:00.352997+00:00,2026-06-19 20:11:30.499790+00:00
9e349061-c3cf-4f75-ad62-405bac489c74,failed,2026-06-19 20:11:00.501990+00:00,2026-06-19 20:11:30.507076+00:00
80a5dc88-23bd-43fe-9f18-e232e1b8944e,failed,2026-06-19 20:11:00.552320+00:00,2026-06-19 20:11:30.666817+00:00
0e54e615-74bc-441d-8bd8-d4e78bfa0619,failed,2026-06-19 20:11:00.578554+00:00,2026-06-19 20:11:30.670157+00:00
e5b18566-2509-479f-9ff6-f0f1cb2080da,failed,2026-06-19 20:11:00.702979+00:00,2026-06-19 20:11:30.824821+00:00
4039ea81-859e-47be-b7bd-6d76590ac5a2,completed,2026-06-19 20:11:00.675112+00:00,2026-06-19 20:11:30.819864+00:00
b2deea97-f195-4c40-bbb7-f46c0f9f4460,failed,2026-06-19 20:11:00.725167+00:00,2026-06-19 20:11:30.828072+00:00
e45ff963-9460-45ea-b4c0-698caeaec21c,failed,2026-06-19 20:11:00.750351+00:00,2026-06-19 20:11:30.831614+00:00
a4b801a9-5353-4351-810d-0561b19a00ec,failed,2026-06-19 20:11:00.873969+00:00,2026-06-19 20:11:30.985817+00:00
0b3f707d-623c-49eb-8cc2-909373c51e2c,completed,2026-06-19 20:11:00.850631+00:00,2026-06-19 20:11:30.982092+00:00
ff3705c5-134a-415c-9e79-b06c9d15926b,failed,2026-06-19 20:11:00.938234+00:00,2026-06-19 20:11:30.993715+00:00
379281b5-fd89-410c-a738-baf1ac51fad4,failed,2026-06-19 20:11:01.049649+00:00,2026-06-19 20:11:31.161971+00:00
150c8cdc-eae8-4e34-afdf-ea31cdfe65d7,completed,2026-06-19 20:11:01.025436+00:00,2026-06-19 20:11:31.157769+00:00
364e8841-8668-44f4-92d6-603a2637387a,failed,2026-06-19 20:11:01.075521+00:00,2026-06-19 20:11:31.165070+00:00
59472c4b-a154-4dd9-8dfe-074a096dbb92,failed,2026-06-19 20:11:01.099186+00:00,2026-06-19 20:11:31.168474+00:00
f567637d-f135-4f19-b8de-eef8189093af,failed,2026-06-19 20:11:01.224326+00:00,2026-06-19 20:11:31.324087+00:00
01cb80c6-18a3-4ffd-a56a-6c45960fc878,completed,2026-06-19 20:11:01.202571+00:00,2026-06-19 20:11:31.320117+00:00
41d2316b-dd6b-4874-add5-8673202356c7,failed,2026-06-19 20:11:01.250895+00:00,2026-06-19 20:11:31.327343+00:00
816a2e55-d79c-4aec-bcdb-838bbdaf0c62,failed,2026-06-19 20:11:01.377272+00:00,2026-06-19 20:11:31.487939+00:00
d418f9b1-6ed8-4b54-8362-9d40c175d8c4,failed,2026-06-19 20:11:01.402396+00:00,2026-06-19 20:11:31.491652+00:00
9c486166-74f3-4d7a-8734-638069407035,failed,2026-06-19 20:11:01.426667+00:00,2026-06-19 20:11:31.494875+00:00
0bf8cfea-5acb-42df-b0c1-f420e7a15bcf,failed,2026-06-19 20:11:01.449502+00:00,2026-06-19 20:11:31.498114+00:00
fce3efa7-a3e4-46df-9d28-bdd765424754,failed,2026-06-19 20:11:01.548420+00:00,2026-06-19 20:11:31.661113+00:00
c35356d5-aac9-4406-87e6-9313c6689b41,completed,2026-06-19 20:11:01.525436+00:00,2026-06-19 20:11:31.656717+00:00
88d94d45-a414-41c7-b2fd-20f59e27c891,failed,2026-06-19 20:11:01.575694+00:00,2026-06-19 20:11:31.664372+00:00
321ca34a-cef5-43e5-a8b7-57ba732d46cf,failed,2026-06-19 20:11:01.598460+00:00,2026-06-19 20:11:31.668223+00:00
f2413d99-1071-441e-98c6-e245166e6109,failed,2026-06-19 20:10:30.303961+00:00,2026-06-19 20:11:00.314164+00:00
24c68243-0c6a-4203-bcf7-1af7ab4ca10b,completed,2026-06-19 20:10:30.329394+00:00,2026-06-19 20:11:00.488024+00:00
bd55be4a-0421-48a2-a9c4-8889b92ea871,failed,2026-06-19 20:10:30.646724+00:00,2026-06-19 20:11:00.670486+00:00
fc53f88c-0b93-4e4a-9b73-ca5ce49641f0,completed,2026-06-19 20:10:31.024155+00:00,2026-06-19 20:11:01.181435+00:00
a9d59342-a5d9-496d-b820-07563fef5e06,failed,2026-06-19 20:10:31.465544+00:00,2026-06-19 20:11:01.518026+00:00
5dbcb447-9609-46ab-94b6-9199ccac9b96,failed,2026-06-19 20:10:31.838962+00:00,2026-06-19 20:11:01.863974+00:00
88ccfedc-f4f6-4fb5-ab30-a0bf9630e271,failed,2026-06-19 20:10:32.040542+00:00,2026-06-19 20:11:02.058859+00:00
808c168e-4c2f-442c-adee-e86dd1bd717d,completed,2026-06-19 20:10:32.455829+00:00,2026-06-19 20:11:02.628088+00:00
d2858b16-d42c-4080-a4f3-36e2e77e9b67,completed,2026-06-19 20:10:33.097767+00:00,2026-06-19 20:11:03.121444+00:00
74372c5c-724b-48a5-9f93-32089dd925ba,completed,2026-06-19 20:10:34.470740+00:00,2026-06-19 20:11:04.559511+00:00
ab266cb3-bee6-43b0-81cb-b8aa207c86ad,completed,2026-06-19 20:10:35.500361+00:00,2026-06-19 20:11:05.566805+00:00
b3581f49-7c75-4171-b838-a0b4e28822a3,completed,2026-06-19 20:10:36.876677+00:00,2026-06-19 20:11:06.864668+00:00
e5454964-afb9-405b-92a2-f3de47f65d47,completed,2026-06-19 20:10:38.300606+00:00,2026-06-19 20:11:08.396425+00:00
2fb87b1d-af94-437f-96ea-4b092df03896,completed,2026-06-19 20:10:39.550570+00:00,2026-06-19 20:11:09.680898+00:00
2ae3d903-f555-4cf4-96bf-5f6fa10cd0ff,completed,2026-06-19 20:10:39.703939+00:00,2026-06-19 20:11:09.844079+00:00
dd99e471-93b3-4210-9781-cf9e213287cd,completed,2026-06-19 20:10:40.779215+00:00,2026-06-19 20:11:10.793737+00:00
cf873b8b-8cf8-4528-8c58-d384b1ae1d73,completed,2026-06-19 20:10:42.176676+00:00,2026-06-19 20:11:12.222549+00:00
fe356809-099b-4cc8-a933-da689acbcee8,completed,2026-06-19 20:10:43.600581+00:00,2026-06-19 20:11:13.663369+00:00
84899662-aee7-4ab7-b289-045c433c5432,completed,2026-06-19 20:10:44.903620+00:00,2026-06-19 20:11:15.056285+00:00
2068e437-f11e-44f0-8999-635c4e45ad70,completed,2026-06-19 20:10:45.075390+00:00,2026-06-19 20:11:15.213536+00:00
9a258751-46f6-4b7d-ad3a-3657ef22b4a6,completed,2026-06-19 20:10:46.204686+00:00,2026-06-19 20:11:16.285675+00:00
0815cb31-7000-4339-b11c-f95b07898b77,completed,2026-06-19 20:10:47.603025+00:00,2026-06-19 20:11:17.703076+00:00
0dac6680-8574-4687-b96f-6692153bbfc4,completed,2026-06-19 20:10:49.003232+00:00,2026-06-19 20:11:19.169139+00:00
5ca181cf-7ac4-45ec-9b39-3258cc01b5e8,completed,2026-06-19 20:10:50.425241+00:00,2026-06-19 20:11:20.441429+00:00
7cd203ca-eaa1-48d9-855e-92fef3499a2c,completed,2026-06-19 20:10:50.575632+00:00,2026-06-19 20:11:20.598760+00:00
a63cd156-687b-4582-a2af-9840e6fce0f3,completed,2026-06-19 20:10:51.676220+00:00,2026-06-19 20:11:21.698214+00:00
4ab59cd3-0370-45bf-bee9-d2042d73c32f,completed,2026-06-19 20:10:53.077272+00:00,2026-06-19 20:11:23.105659+00:00
7f9756b8-a1b3-4e25-952b-b34a985409d9,completed,2026-06-19 20:11:41.423442+00:00,2026-06-19 20:12:11.522282+00:00
b3b20be4-407c-4d3f-b7cb-79d72e28bacb,completed,2026-06-19 20:11:42.005627+00:00,2026-06-19 20:12:11.778055+00:00
35194b77-8e3c-44ee-a9f5-b5bcd8987ca9,completed,2026-06-19 20:11:42.036791+00:00,2026-06-19 20:12:12.015752+00:00
357a0dbf-a005-40e3-b885-cdd5b4f2c1d2,completed,2026-06-19 20:11:42.268151+00:00,2026-06-19 20:12:12.242536+00:00
ad2b4fd9-1e7b-4189-8da3-5c96fa01ca0b,completed,2026-06-19 20:11:02.504893+00:00,2026-06-19 20:11:32.674572+00:00
fec0e46d-7512-4f99-ad61-f88b247f8bd6,failed,2026-06-19 20:11:02.651400+00:00,2026-06-19 20:11:32.678463+00:00
0bbaa443-4fb9-4fab-b644-37ba12183c35,failed,2026-06-19 20:11:02.673390+00:00,2026-06-19 20:11:32.681260+00:00
330feb42-2758-4ea3-9b6b-ef31884e8a2c,failed,2026-06-19 20:11:01.751068+00:00,2026-06-19 20:11:31.838595+00:00
ac262753-2d27-4887-97bd-2a2826e8bf0c,failed,2026-06-19 20:11:01.899581+00:00,2026-06-19 20:11:31.984083+00:00
ba4239d4-6038-4b02-af5f-fe28f2a0b86a,completed,2026-06-19 20:11:01.876278+00:00,2026-06-19 20:11:31.980058+00:00
a1c24c38-fd9d-404a-8e00-ca486aa3d03d,failed,2026-06-19 20:11:01.926947+00:00,2026-06-19 20:11:31.988073+00:00
4dc8952b-f1c4-4d90-bfa9-7fe4f30b6bad,failed,2026-06-19 20:11:01.952153+00:00,2026-06-19 20:11:31.991336+00:00
363f4dfe-d4cf-4495-97fb-6fc8ba7681b5,failed,2026-06-19 20:11:01.976576+00:00,2026-06-19 20:11:31.996885+00:00
58de510a-12c3-4ff2-8b24-c9a59125baf6,failed,2026-06-19 20:11:02.075496+00:00,2026-06-19 20:11:32.153847+00:00
bb9a291b-8286-4aaf-879f-a619cad82819,failed,2026-06-19 20:11:02.100878+00:00,2026-06-19 20:11:32.156632+00:00
ab7ea4fc-cd6e-4e04-9b98-91eff421c9c6,failed,2026-06-19 20:11:02.126659+00:00,2026-06-19 20:11:32.159828+00:00
90ecd450-a528-4b86-9c4b-7020197c7bc8,failed,2026-06-19 20:11:02.275814+00:00,2026-06-19 20:11:32.329404+00:00
a1d210ef-8a4d-4297-85f0-44cef6513f5d,completed,2026-06-19 20:11:02.253443+00:00,2026-06-19 20:11:32.325602+00:00
d3571f6b-3d28-4bb4-9e88-e12c3dc7a10f,failed,2026-06-19 20:11:02.298626+00:00,2026-06-19 20:11:32.332995+00:00
4ed22957-a76d-4c20-8341-fa0d5b139934,failed,2026-06-19 20:11:02.326584+00:00,2026-06-19 20:11:32.336501+00:00
a703c1af-60b8-4e40-b4a5-6a56e02308ad,failed,2026-06-19 20:11:02.474738+00:00,2026-06-19 20:11:32.501814+00:00
fa3c6f07-125c-4e31-b962-86d8dc08e25e,completed,2026-06-19 20:11:02.427800+00:00,2026-06-19 20:11:32.492486+00:00
df4f4d8b-bbf8-485a-bf83-c792ee6af3fe,failed,2026-06-19 20:11:02.725932+00:00,2026-06-19 20:11:32.844461+00:00
c32ecd9f-70d7-4cfa-aee0-9a9433392399,completed,2026-06-19 20:11:02.699616+00:00,2026-06-19 20:11:32.840383+00:00
40a25cbd-874d-4236-9cd8-93aa41d66f52,failed,2026-06-19 20:11:02.824909+00:00,2026-06-19 20:11:32.849904+00:00
c527e181-15af-48ea-b1a4-a9160c0f74b3,failed,2026-06-19 20:11:02.848624+00:00,2026-06-19 20:11:32.855478+00:00
a0916666-44f1-4cc2-8beb-ac6be8bad034,failed,2026-06-19 20:11:02.998804+00:00,2026-06-19 20:11:33.014716+00:00
7aae4890-6027-4e3f-aa14-f2e5697d9f09,completed,2026-06-19 20:11:02.873802+00:00,2026-06-19 20:11:33.007620+00:00
d1404b76-b412-47e8-a830-fcea42a8c437,failed,2026-06-19 20:11:03.319301+00:00,2026-06-19 20:11:33.454595+00:00
0f1a10fc-0318-4159-98d6-905d1c9ad848,completed,2026-06-19 20:11:03.124952+00:00,2026-06-19 20:11:33.450836+00:00
8b8e0f44-2b28-453e-b943-e3469d5667f5,failed,2026-06-19 20:11:03.450110+00:00,2026-06-19 20:11:33.457395+00:00
0cb1649b-22fc-42e0-b84e-6bb3ee60b55b,failed,2026-06-19 20:11:03.949824+00:00,2026-06-19 20:11:34.006049+00:00
4ff26231-6c0a-4aa0-9419-458b8e45162b,completed,2026-06-19 20:11:03.622797+00:00,2026-06-19 20:11:33.725281+00:00
731cc055-a173-4326-b9fc-1bdcde10db59,completed,2026-06-19 20:11:03.775767+00:00,2026-06-19 20:11:34.002083+00:00
2eff285b-442c-4737-9f91-5ec6e35dd588,completed,2026-06-19 20:11:04.098618+00:00,2026-06-19 20:11:34.486867+00:00
09c2a48c-0f87-40bc-86ff-a6ef06f11793,failed,2026-06-19 20:11:04.423342+00:00,2026-06-19 20:11:34.494623+00:00
37e3425c-cf2d-4bbd-ab2f-5936af46c4dc,failed,2026-06-19 20:11:04.749431+00:00,2026-06-19 20:11:34.752513+00:00
dbe0c067-5de8-411e-b0d2-398004793e6f,completed,2026-06-19 20:11:04.573645+00:00,2026-06-19 20:11:34.748926+00:00
98e2a15d-e1e7-4c7c-a614-ce523db2e05c,failed,2026-06-19 20:11:05.074578+00:00,2026-06-19 20:11:35.156788+00:00
9df1d1a8-ef7c-4c00-8dd2-685b996d4c93,completed,2026-06-19 20:11:04.899484+00:00,2026-06-19 20:11:35.152904+00:00
430609e2-879a-4abe-a5a0-0ea0d3b3ea39,failed,2026-06-19 20:11:05.425179+00:00,2026-06-19 20:11:35.466306+00:00
6a4f9444-e210-433f-989e-6c9f0b0facb3,completed,2026-06-19 20:11:05.252805+00:00,2026-06-19 20:11:35.458961+00:00
598fb96a-2b3e-452a-9852-204458d6d382,failed,2026-06-19 20:11:05.898414+00:00,2026-06-19 20:11:35.986325+00:00
e0742fc2-caf5-4fe2-ae0a-732c5fb04039,completed,2026-06-19 20:11:05.572747+00:00,2026-06-19 20:11:35.711151+00:00
d2ac6d9d-999e-44c3-b3a1-0f11c1df8e93,completed,2026-06-19 20:11:05.748568+00:00,2026-06-19 20:11:35.982785+00:00
2441bf2b-7c9c-47c7-8870-b655cf62329c,failed,2026-06-19 20:11:06.248535+00:00,2026-06-19 20:11:36.255670+00:00
c691197f-2101-4b1f-b6f5-84d0c3d2b44d,completed,2026-06-19 20:11:06.073748+00:00,2026-06-19 20:11:36.251899+00:00
34a90951-078f-4cb9-9782-6c2c1c44f026,failed,2026-06-19 20:11:06.422439+00:00,2026-06-19 20:11:36.694754+00:00
cd794120-1d9d-4b6d-b650-3b81257d3754,completed,2026-06-19 20:11:06.274616+00:00,2026-06-19 20:11:36.690773+00:00
42a58b5b-e041-4ffd-bba1-0c65e2c2c04a,failed,2026-06-19 20:11:06.874824+00:00,2026-06-19 20:11:36.960904+00:00
001ab3de-525d-4dcb-9504-8f1b3dfd1e73,completed,2026-06-19 20:11:06.723285+00:00,2026-06-19 20:11:36.956802+00:00
4ccc3964-c869-442e-93e9-0d71b1b7b1ad,failed,2026-06-19 20:11:07.422237+00:00,2026-06-19 20:11:37.501840+00:00
eb77bd2e-63da-4266-b465-e9734cd9ac0a,completed,2026-06-19 20:11:07.125033+00:00,2026-06-19 20:11:37.237437+00:00
44264507-2eb6-427c-ba7d-8957f7c4914c,completed,2026-06-19 20:11:07.276274+00:00,2026-06-19 20:11:37.498135+00:00
06191ac2-d878-48bf-be0c-cfa93b45b351,failed,2026-06-19 20:11:07.773528+00:00,2026-06-19 20:11:37.969159+00:00
5e9ad368-5f64-47ca-a079-38fedac8a210,completed,2026-06-19 20:11:07.649198+00:00,2026-06-19 20:11:37.965522+00:00
87c93ffe-6697-4757-9228-83fc7a4d4095,failed,2026-06-19 20:11:07.949050+00:00,2026-06-19 20:11:37.972754+00:00
8ff8815b-cd44-416f-93af-655201699757,failed,2026-06-19 20:11:08.426697+00:00,2026-06-19 20:11:38.516269+00:00
7d50bdb5-c3d5-4c40-9ec9-c9fe1b62c3c5,completed,2026-06-19 20:11:08.248499+00:00,2026-06-19 20:11:38.511803+00:00
1a91a775-58cd-413a-a0c6-203b862f3369,failed,2026-06-19 20:11:08.448099+00:00,2026-06-19 20:11:38.643904+00:00
9196e7a4-705f-4727-9a85-a26fb1452a34,failed,2026-06-19 20:11:08.599660+00:00,2026-06-19 20:11:38.648998+00:00
03a6157f-0eae-4e83-94bc-b1a519690b37,failed,2026-06-19 20:11:08.899467+00:00,2026-06-19 20:11:38.993266+00:00
0dce3081-8ab0-431c-8b7c-4498e5d7fcc0,completed,2026-06-19 20:11:08.752349+00:00,2026-06-19 20:11:38.989754+00:00
73aaaaba-ff8d-4ab7-bdf8-3eacf6500ed9,failed,2026-06-19 20:11:09.226454+00:00,2026-06-19 20:11:39.266288+00:00
d3e09742-12c0-4240-a0c3-58812a3bd17d,completed,2026-06-19 20:11:09.074670+00:00,2026-06-19 20:11:39.262233+00:00
996b98ef-c195-4538-960e-56eb67878d64,failed,2026-06-19 20:11:09.698094+00:00,2026-06-19 20:11:39.730989+00:00
487b2895-48ea-4de7-a67b-d29857c79347,failed,2026-06-19 20:11:10.172560+00:00,2026-06-19 20:11:40.263044+00:00
57695fb5-d992-4bff-928d-2b437e783ada,completed,2026-06-19 20:11:09.850212+00:00,2026-06-19 20:11:39.993299+00:00
3e23e475-7846-4e9e-9bd0-08515f93de10,completed,2026-06-19 20:11:10.014170+00:00,2026-06-19 20:11:40.258953+00:00
5c8874e7-6c99-46fe-9d79-926667151964,failed,2026-06-19 20:11:10.514973+00:00,2026-06-19 20:11:40.708669+00:00
a3fa88cd-bec0-4dda-923b-269c4d8122fe,completed,2026-06-19 20:11:10.351731+00:00,2026-06-19 20:11:40.704417+00:00
519d4e0e-72f7-4d29-bf63-e7c6da8780c5,failed,2026-06-19 20:11:10.676077+00:00,2026-06-19 20:11:40.716023+00:00
b6165e25-0eb5-4b16-814c-bd7cbda19a7f,failed,2026-06-19 20:11:11.150691+00:00,2026-06-19 20:11:41.262262+00:00
dbe81a00-8f79-4b5c-a066-141f98e910e5,completed,2026-06-19 20:11:10.822728+00:00,2026-06-19 20:11:40.973288+00:00
b2457189-5543-4ccc-98c8-e2d792f571af,completed,2026-06-19 20:11:10.974709+00:00,2026-06-19 20:11:41.258071+00:00
8a8b5b27-6ded-4e88-86e9-5a69d375e03a,failed,2026-06-19 20:11:11.453025+00:00,2026-06-19 20:11:41.705788+00:00
4a37b12a-af03-49b2-a16f-200a93353523,completed,2026-06-19 20:11:11.303216+00:00,2026-06-19 20:11:41.702439+00:00
c691d8db-ccb2-4e1a-ad18-c0fb9321a2cf,failed,2026-06-19 20:11:11.597223+00:00,2026-06-19 20:11:41.709146+00:00
e159d24f-c6b1-4262-bb59-e44e2ce3c23e,failed,2026-06-19 20:11:12.400715+00:00,2026-06-19 20:11:42.652648+00:00
77fed634-1aca-4d13-bc28-55b9e90469dc,completed,2026-06-19 20:11:11.750204+00:00,2026-06-19 20:11:41.974165+00:00
9bb5b2f8-46dc-4fea-bc73-5f85c6e41406,completed,2026-06-19 20:11:12.048350+00:00,2026-06-19 20:11:42.246641+00:00
bc85063c-9367-4100-979a-225441f1f193,completed,2026-06-19 20:11:12.250526+00:00,2026-06-19 20:11:42.646730+00:00
fd393b67-760e-481b-9a8c-e2238bc1d322,failed,2026-06-19 20:11:12.547930+00:00,2026-06-19 20:11:42.669097+00:00
1e6fa3d7-b502-455d-8808-dfa539bc33d2,failed,2026-06-19 20:11:12.876190+00:00,2026-06-19 20:11:42.972748+00:00
78d1e889-5986-4895-acf3-ff693f8c2c54,completed,2026-06-19 20:11:12.698462+00:00,2026-06-19 20:11:42.968153+00:00
1a0b8bb9-45fb-4b9b-afff-d1354f95a4e7,failed,2026-06-19 20:11:13.198199+00:00,2026-06-19 20:11:43.231698+00:00
6abb8392-e7d4-43fa-8247-2fa23250b1ba,completed,2026-06-19 20:11:13.000448+00:00,2026-06-19 20:11:43.227945+00:00
a0f20e30-e789-44d7-9b26-5d610c2a1ebd,failed,2026-06-19 20:11:13.673159+00:00,2026-06-19 20:11:43.758287+00:00
6e61d8ca-5cea-479b-bfd9-91fbf96eb08b,completed,2026-06-19 20:11:13.522611+00:00,2026-06-19 20:11:43.754955+00:00
c63a1d87-eee5-4feb-9491-606c2b5c2d4f,failed,2026-06-19 20:11:14.000127+00:00,2026-06-19 20:11:44.188174+00:00
dc4b2e26-5927-4523-9946-e5b7a13662bc,completed,2026-06-19 20:11:13.848196+00:00,2026-06-19 20:11:44.184418+00:00
a53f45b6-0c92-456c-b0fe-bc3c5bddf308,failed,2026-06-19 20:11:14.149444+00:00,2026-06-19 20:11:44.191262+00:00
224e965f-b06f-409e-b26a-1e666e7bc6d7,failed,2026-06-19 20:11:14.448603+00:00,2026-06-19 20:11:44.454470+00:00
252203af-5f10-4c48-83de-0abdcb500f21,completed,2026-06-19 20:11:14.297574+00:00,2026-06-19 20:11:44.450075+00:00
57e4cb58-bfa8-4d84-aaf7-873207d99f9d,completed,2026-06-19 20:11:14.627499+00:00,2026-06-19 20:11:44.719810+00:00
33664ad6-ce9c-4fbf-9bbe-819b739acf92,failed,2026-06-19 20:11:15.225164+00:00,2026-06-19 20:11:45.415755+00:00
fda54b04-310e-4c86-94cb-31fc2d65fa4a,completed,2026-06-19 20:11:15.072647+00:00,2026-06-19 20:11:45.411823+00:00
f4dec122-fa22-417b-8d47-258ea3180d98,failed,2026-06-19 20:11:15.373147+00:00,2026-06-19 20:11:45.418663+00:00
df4457cc-d050-4a35-9734-0e078599d411,failed,2026-06-19 20:11:15.673561+00:00,2026-06-19 20:11:45.690477+00:00
c4ea8c7a-570c-4156-9d96-93f2ac749967,completed,2026-06-19 20:11:15.524178+00:00,2026-06-19 20:11:45.686870+00:00
a486640b-113c-4749-9452-c875b18bcf1a,failed,2026-06-19 20:11:16.148594+00:00,2026-06-19 20:11:46.229898+00:00
19c75471-35fa-419e-a8f5-6583e05afee1,completed,2026-06-19 20:11:15.822124+00:00,2026-06-19 20:11:45.956362+00:00
676bcf9b-cdba-4672-963e-f1b48f8432c9,failed,2026-06-19 20:11:16.451830+00:00,2026-06-19 20:11:46.515960+00:00
2647ef77-6047-4c08-a1c8-f5712b8c5177,completed,2026-06-19 20:11:16.296684+00:00,2026-06-19 20:11:46.512425+00:00
ae79ecb8-80d1-43ed-96fa-a92b55d216c9,failed,2026-06-19 20:11:16.597249+00:00,2026-06-19 20:11:46.645161+00:00
aca53510-757d-4863-b142-22b26c9e9966,failed,2026-06-19 20:11:17.098599+00:00,2026-06-19 20:11:47.178089+00:00
b654739d-6866-4a35-92f0-a0f722ab95e2,completed,2026-06-19 20:11:16.748433+00:00,2026-06-19 20:11:46.908311+00:00
a0c5d377-dfaf-4b7e-9f9e-2cce71829631,completed,2026-06-19 20:11:16.923553+00:00,2026-06-19 20:11:47.174277+00:00
1558ca2f-4bc3-4e86-84c4-1c5116e7fce5,failed,2026-06-19 20:11:17.876623+00:00,2026-06-19 20:11:47.960495+00:00
0da2918b-b0e5-417e-8721-b5d6eb0e970f,completed,2026-06-19 20:11:17.248767+00:00,2026-06-19 20:11:47.432782+00:00
6bbd7b9e-bca9-47f1-b6cb-5c95dfd175b0,completed,2026-06-19 20:11:17.547546+00:00,2026-06-19 20:11:47.693294+00:00
9fb189c2-dbf9-44ef-92a7-97d236b25885,completed,2026-06-19 20:11:17.725283+00:00,2026-06-19 20:11:47.955084+00:00
17f02075-767d-41b0-9668-71a32f4c5acc,failed,2026-06-19 20:11:18.175664+00:00,2026-06-19 20:11:48.255416+00:00
a9506516-6e44-4bbc-959e-62f0ade3f500,completed,2026-06-19 20:11:18.026181+00:00,2026-06-19 20:11:48.251214+00:00
82f914ae-5581-46ae-9662-876db1a7c020,failed,2026-06-19 20:11:18.498666+00:00,2026-06-19 20:11:48.533502+00:00
a77251a7-c09c-4190-a0eb-1417ef180845,completed,2026-06-19 20:11:18.321970+00:00,2026-06-19 20:11:48.528840+00:00
f25346fa-c556-46ec-8810-6c83ab9b79c4,failed,2026-06-19 20:11:19.198909+00:00,2026-06-19 20:11:49.210707+00:00
9fc50d5f-ec12-4065-8fb9-f1728b38d157,completed,2026-06-19 20:11:18.675726+00:00,2026-06-19 20:11:48.934033+00:00
96198e75-d2c9-4f2f-8db8-f587c13a5df9,completed,2026-06-19 20:11:19.000793+00:00,2026-06-19 20:11:49.207414+00:00
9329737c-e293-461a-8edd-4cc46fd22cdd,failed,2026-06-19 20:11:19.346364+00:00,2026-06-19 20:11:49.472798+00:00
3c5ee3d5-0ff9-431d-acdc-1c450bbb8b0f,completed,2026-06-19 20:11:19.222512+00:00,2026-06-19 20:11:49.469096+00:00
091ed7a1-dfea-4850-89a6-a72624f92f94,failed,2026-06-19 20:11:19.651544+00:00,2026-06-19 20:11:49.751418+00:00
94a9d00b-9129-48ae-879f-996843c5305b,completed,2026-06-19 20:11:19.497200+00:00,2026-06-19 20:11:49.748442+00:00
ea9466f3-50f9-4cd5-8467-da19aa790064,failed,2026-06-19 20:11:19.993652+00:00,2026-06-19 20:11:50.173707+00:00
d0189629-d7a4-4292-9520-7b22a568c50a,completed,2026-06-19 20:11:19.823662+00:00,2026-06-19 20:11:50.169831+00:00
c8ebe01e-d489-40dd-95f2-e9a0efec2f7a,failed,2026-06-19 20:11:20.623092+00:00,2026-06-19 20:11:50.685577+00:00
22d75473-593b-49af-b67d-3d3466419b46,completed,2026-06-19 20:11:20.452335+00:00,2026-06-19 20:11:50.682074+00:00
f2e65a28-51fe-4a6a-8c34-3269890623e7,failed,2026-06-19 20:11:20.925929+00:00,2026-06-19 20:11:50.943401+00:00
dbf4b4bd-25eb-499a-a791-aaedcf09cc54,completed,2026-06-19 20:11:20.773213+00:00,2026-06-19 20:11:50.939557+00:00
3eda9111-7f50-4301-9779-fb68c943540c,failed,2026-06-19 20:11:21.723933+00:00,2026-06-19 20:11:51.744621+00:00
7fe434c1-41c3-4920-8b4e-6aeba81f6ac5,completed,2026-06-19 20:11:21.072556+00:00,2026-06-19 20:11:51.211389+00:00
0cbbd65a-e773-4f6d-8588-b44084b43a4e,completed,2026-06-19 20:11:21.223039+00:00,2026-06-19 20:11:51.469137+00:00
8cedb0d0-b2d2-495b-9326-b1e8f868bb1b,completed,2026-06-19 20:11:21.573547+00:00,2026-06-19 20:11:51.740596+00:00
30b52e7c-7a7f-4ccb-b4f8-2a86ed92a9af,failed,2026-06-19 20:11:21.997632+00:00,2026-06-19 20:11:52.010140+00:00
4f486b58-f4f8-48bc-9ca5-991dbe2d3b92,completed,2026-06-19 20:11:21.847985+00:00,2026-06-19 20:11:52.006040+00:00
72864f01-ca83-4a6a-8d71-125ea2d222af,failed,2026-06-19 20:11:22.322836+00:00,2026-06-19 20:11:52.411329+00:00
15d1c968-de45-4c1b-b11d-26ea944da9ba,completed,2026-06-19 20:11:22.175019+00:00,2026-06-19 20:11:52.407337+00:00
ec977b4f-29e4-46fd-8828-c7789947b50b,failed,2026-06-19 20:11:22.647740+00:00,2026-06-19 20:11:52.674031+00:00
bcd82504-7231-4693-8464-85dd90236c77,completed,2026-06-19 20:11:22.473180+00:00,2026-06-19 20:11:52.669588+00:00
47ab6bc1-5181-4678-9084-6fcba79ee12b,failed,2026-06-19 20:11:23.128380+00:00,2026-06-19 20:11:53.189351+00:00
2b690372-e55e-4a90-bf93-60f227e16050,completed,2026-06-19 20:11:22.974466+00:00,2026-06-19 20:11:53.185637+00:00
41ff71da-b144-4d3b-bae0-12cff38db4b2,failed,2026-06-19 20:11:23.599623+00:00,2026-06-19 20:11:53.700111+00:00
37a67b9d-9f2f-4f5d-918b-a49f9d276baf,completed,2026-06-19 20:11:23.281728+00:00,2026-06-19 20:11:53.440366+00:00
1a68dd64-73ae-49cc-b40f-9c4cf8d1cedc,completed,2026-06-19 20:11:23.447835+00:00,2026-06-19 20:11:53.696182+00:00
ae477bde-3021-41e6-8e25-dc674d718d88,failed,2026-06-19 20:11:23.947190+00:00,2026-06-19 20:11:53.975293+00:00
48dab131-22cd-458b-ba74-68ffb6a2b7b4,completed,2026-06-19 20:11:23.772405+00:00,2026-06-19 20:11:53.971165+00:00
fcbe1369-9a24-44c8-ba01-21247bb337c1,failed,2026-06-19 20:11:24.473137+00:00,2026-06-19 20:11:54.495223+00:00
e2fa4c63-4edb-4497-93d6-24039297c339,completed,2026-06-19 20:11:24.104314+00:00,2026-06-19 20:11:54.226311+00:00
392f6867-ca95-4c0f-8049-48237c344914,failed,2026-06-19 20:11:24.947877+00:00,2026-06-19 20:11:55.023878+00:00
97c7a54d-bd09-4e50-8696-1bbbb4112d60,completed,2026-06-19 20:11:24.625108+00:00,2026-06-19 20:11:54.756987+00:00
75b83fa9-bc73-49a1-a3c7-36d6c4ef4da8,completed,2026-06-19 20:11:24.773480+00:00,2026-06-19 20:11:55.020593+00:00
dc7d7139-8ae2-4d5e-9554-e1a1473aa7a3,failed,2026-06-19 20:11:25.122717+00:00,2026-06-19 20:11:55.409157+00:00
4a4b730f-120c-492b-8ebd-95b6d69bdd18,completed,2026-06-19 20:11:25.100672+00:00,2026-06-19 20:11:55.405517+00:00
602f5ab9-17ed-411b-b45e-bb17b811de52,failed,2026-06-19 20:11:25.247621+00:00,2026-06-19 20:11:55.412256+00:00
885d69e6-6877-40c2-9f27-241b40e50cdd,failed,2026-06-19 20:11:25.400230+00:00,2026-06-19 20:11:55.415602+00:00
08ccd212-2765-4fcf-926f-2feafed49bd4,completed,2026-06-19 20:10:54.473454+00:00,2026-06-19 20:11:24.608731+00:00
3373bd6b-7bdd-4ee6-82e0-75a370d79eed,completed,2026-06-19 20:10:55.877752+00:00,2026-06-19 20:11:25.878753+00:00
9870da6e-c1cc-401a-a715-27a5d3602f11,completed,2026-06-19 20:10:56.025317+00:00,2026-06-19 20:11:26.031313+00:00
9a3551d3-b6b3-4a2c-8a39-2a73fde3d60d,failed,2026-06-19 20:10:56.399355+00:00,2026-06-19 20:11:26.515532+00:00
8fb4a82d-0543-4afa-8758-0ae2046b085b,failed,2026-06-19 20:10:56.899493+00:00,2026-06-19 20:11:26.988352+00:00
81e99326-7c45-4f4c-a1df-950ca78067bb,failed,2026-06-19 20:10:57.250348+00:00,2026-06-19 20:11:27.341669+00:00
97a04ee7-8561-4574-9991-c3826d6f4823,completed,2026-06-19 20:10:57.725988+00:00,2026-06-19 20:11:27.845983+00:00
6b13b368-3732-4140-847d-a421957d6940,failed,2026-06-19 20:10:58.999560+00:00,2026-06-19 20:11:29.134515+00:00
f08314ce-2431-4630-9800-3aa857db3930,failed,2026-06-19 20:10:59.382434+00:00,2026-06-19 20:11:29.475945+00:00
c9fb2a27-ae48-4181-8940-7583fcf38413,failed,2026-06-19 20:10:59.824840+00:00,2026-06-19 20:11:29.835449+00:00
62617bc7-adb9-429f-ba47-67714a1712d5,completed,2026-06-19 20:11:00.180457+00:00,2026-06-19 20:11:30.327722+00:00
b351b5c6-3c80-483b-b5d1-c4409b5fa17b,completed,2026-06-19 20:11:00.526518+00:00,2026-06-19 20:11:30.663013+00:00
7f1993fd-0d02-4312-8148-08c18ad72249,failed,2026-06-19 20:11:00.900136+00:00,2026-06-19 20:11:30.989306+00:00
6cb215fd-2d8e-401f-ab1a-c92b5f9deb5d,completed,2026-06-19 20:11:01.350563+00:00,2026-06-19 20:11:31.484452+00:00
ec23e9e1-df2d-4647-b75c-3b31db43bdb1,completed,2026-06-19 20:11:01.704365+00:00,2026-06-19 20:11:31.831276+00:00
d51b91d1-759e-42aa-88f3-2668287eafc3,failed,2026-06-19 20:11:01.727648+00:00,2026-06-19 20:11:31.835290+00:00
a9ac62ff-dfcb-4b79-a300-9ee4a05edeb9,completed,2026-06-19 20:11:02.051245+00:00,2026-06-19 20:11:32.149823+00:00
cd2325cf-a31d-4197-9f20-1f56e975d01c,failed,2026-06-19 20:11:02.449301+00:00,2026-06-19 20:11:32.497955+00:00
3fa008c7-b628-4fa7-8e36-4148f8ec9901,failed,2026-06-19 20:11:17.398774+00:00,2026-06-19 20:11:47.436447+00:00
33f5e36e-3559-4613-b0b8-93b4dedcd45f,failed,2026-06-19 20:11:18.824924+00:00,2026-06-19 20:11:48.937776+00:00
401a92c3-b962-460d-94f0-1de28f913004,failed,2026-06-19 20:11:20.128844+00:00,2026-06-19 20:11:50.176844+00:00
dc1d98bb-c26c-45a6-96a2-58ea0ac475b7,failed,2026-06-19 20:11:41.441024+00:00,2026-06-19 20:12:11.526140+00:00
9bdba971-b0ae-4280-a225-bcf50c298993,failed,2026-06-19 20:11:45.178921+00:00,2026-06-19 20:12:15.199382+00:00
1f776177-3dbe-41ae-a570-a3254cb7e142,failed,2026-06-19 20:11:48.167394+00:00,2026-06-19 20:12:18.236509+00:00
2094f40f-6a13-4695-a95a-940ff6ddf41b,failed,2026-06-19 20:11:49.672322+00:00,2026-06-19 20:12:19.709168+00:00
ec692687-bea0-4e00-83b4-bef213172d18,completed,2026-06-19 20:11:48.670536+00:00,2026-06-19 20:12:18.718091+00:00
24b66fa8-8732-470b-96b7-ba7131ee756b,completed,2026-06-19 20:11:49.272847+00:00,2026-06-19 20:12:19.213829+00:00
dd9f6ca0-f070-4da5-9a1c-e6a35e2f5143,completed,2026-06-19 20:11:49.509633+00:00,2026-06-19 20:12:19.460553+00:00
a26edc0e-14a4-4062-9cbc-1d0827d9ab3c,completed,2026-06-19 20:11:49.646725+00:00,2026-06-19 20:12:19.705390+00:00
a8986fca-f4f7-47d7-9023-d4e18b43bb7d,failed,2026-06-19 20:11:49.934422+00:00,2026-06-19 20:12:19.953402+00:00
6dd14970-f042-41cf-a6e5-14b65cb66099,completed,2026-06-19 20:11:49.897041+00:00,2026-06-19 20:12:19.946009+00:00
d19ad877-85ac-44a8-9591-a62c2e9d996b,failed,2026-06-19 20:11:25.899926+00:00,2026-06-19 20:11:55.930123+00:00
131c7fff-33dc-4740-a36a-14e26176b7d2,failed,2026-06-19 20:11:26.349002+00:00,2026-06-19 20:11:56.456455+00:00
9da20693-7eaa-4eeb-90ad-994906b548f6,completed,2026-06-19 20:11:26.048318+00:00,2026-06-19 20:11:56.193472+00:00
e1cc72f0-c684-47c4-964a-c620e415a4d3,completed,2026-06-19 20:11:26.208960+00:00,2026-06-19 20:11:56.452704+00:00
b0eed707-c7ae-4546-8d4d-fc871c260183,failed,2026-06-19 20:11:26.376938+00:00,2026-06-19 20:11:56.459768+00:00
680125ef-f142-4e05-9f3a-0977292d0901,failed,2026-06-19 20:11:26.395635+00:00,2026-06-19 20:11:56.463273+00:00
41628547-6c4a-4ab8-8d8e-50483b164734,failed,2026-06-19 20:11:26.546827+00:00,2026-06-19 20:11:56.716705+00:00
13c1f68b-0f26-4f37-9194-f0b2b640386d,completed,2026-06-19 20:11:26.520666+00:00,2026-06-19 20:11:56.713014+00:00
7c657811-baf8-4531-b27f-4300f6222c1b,failed,2026-06-19 20:11:26.573128+00:00,2026-06-19 20:11:56.719760+00:00
2ddf6767-895c-4426-b297-27894c33f906,failed,2026-06-19 20:11:26.697301+00:00,2026-06-19 20:11:56.722829+00:00
d43d86be-469b-4515-8d6f-cdd5e9775daf,failed,2026-06-19 20:11:26.751615+00:00,2026-06-19 20:11:56.981289+00:00
2a791456-d1b1-4c6b-bc26-fc9ca043a3ae,completed,2026-06-19 20:11:26.723531+00:00,2026-06-19 20:11:56.976994+00:00
7ba837ff-a6bb-49e1-bd53-3b033f82e842,failed,2026-06-19 20:11:26.848177+00:00,2026-06-19 20:11:56.985469+00:00
c492ea71-d250-4524-b905-8b7e33224280,failed,2026-06-19 20:11:26.873265+00:00,2026-06-19 20:11:56.989043+00:00
1509fc82-ac9b-4579-a4bf-db8ee86bcc77,failed,2026-06-19 20:11:27.036080+00:00,2026-06-19 20:11:57.253110+00:00
be7d0fdf-2a49-4fed-8afb-e34c7caacf84,completed,2026-06-19 20:11:26.997115+00:00,2026-06-19 20:11:57.249489+00:00
533fb156-016d-418a-b301-052c15347963,failed,2026-06-19 20:11:27.047400+00:00,2026-06-19 20:11:57.256736+00:00
7414e48d-90a0-45d3-b792-5455b4192e84,failed,2026-06-19 20:11:27.071895+00:00,2026-06-19 20:11:57.260084+00:00
10ead691-daa7-4cf7-8d51-ae6f0fffd24a,failed,2026-06-19 20:11:27.148364+00:00,2026-06-19 20:11:57.263114+00:00
c95d4b17-8607-475d-8af2-08f88e00d6d4,failed,2026-06-19 20:11:27.173811+00:00,2026-06-19 20:11:57.266014+00:00
ffb20153-1f1a-4b5f-bcf3-52150f772d64,failed,2026-06-19 20:11:27.198566+00:00,2026-06-19 20:11:57.268970+00:00
56a3a334-2119-4d5e-8591-a24a4eb637d5,failed,2026-06-19 20:11:27.222900+00:00,2026-06-19 20:11:57.271987+00:00
2dd21721-3538-4fce-a9eb-96fb60c5c4a8,failed,2026-06-19 20:11:27.376599+00:00,2026-06-19 20:11:57.683212+00:00
0c7dde93-1acf-4d44-82cc-d1df2327478c,failed,2026-06-19 20:11:27.399360+00:00,2026-06-19 20:11:57.686542+00:00
ad826c31-316e-4643-97d6-cb24179ceca7,failed,2026-06-19 20:11:27.496539+00:00,2026-06-19 20:11:57.690369+00:00
5ca9fd06-7673-46b0-a774-e6a261ebe67b,failed,2026-06-19 20:11:27.522889+00:00,2026-06-19 20:11:57.693633+00:00
2efd2679-71e1-403d-973e-45bc8f0d9e8d,failed,2026-06-19 20:11:27.547523+00:00,2026-06-19 20:11:57.697010+00:00
37f7a298-ae89-43d1-998d-b7b5694d6bfa,failed,2026-06-19 20:11:27.573594+00:00,2026-06-19 20:11:57.700363+00:00
1e00cee0-a470-4924-8f26-e7c1d87dfba9,failed,2026-06-19 20:11:27.674646+00:00,2026-06-19 20:11:57.703661+00:00
14be4563-8d75-4579-9b99-c48baa257ac9,failed,2026-06-19 20:11:27.700243+00:00,2026-06-19 20:11:57.706621+00:00
c9896f3c-58a4-48ce-90d7-d6081ec60ca4,failed,2026-06-19 20:11:27.876596+00:00,2026-06-19 20:11:57.959655+00:00
397f008a-f562-4938-8ea4-4f6277c45ab0,failed,2026-06-19 20:11:27.904685+00:00,2026-06-19 20:11:57.962591+00:00
aa6cca9c-b60c-41f2-bddd-d7ff5b155b98,failed,2026-06-19 20:11:27.933097+00:00,2026-06-19 20:11:57.965587+00:00
10d2091e-4ed6-409a-b0a5-f85591e9d83c,failed,2026-06-19 20:11:27.950555+00:00,2026-06-19 20:11:57.969100+00:00
aa59132a-c70f-4ab6-8a02-3ba517857f82,failed,2026-06-19 20:11:28.048580+00:00,2026-06-19 20:11:58.229304+00:00
37f5d83e-76c1-4935-a6ac-4aaab390c202,completed,2026-06-19 20:11:28.022787+00:00,2026-06-19 20:11:58.226473+00:00
0e0238a4-d4ab-4241-b9a9-dafa7c01f033,failed,2026-06-19 20:11:28.098358+00:00,2026-06-19 20:11:58.236294+00:00
dec86c66-0489-4512-9462-600a78a70c80,failed,2026-06-19 20:11:28.201376+00:00,2026-06-19 20:11:58.239283+00:00
42320605-e094-46c5-9da9-53c6d0051a3e,failed,2026-06-19 20:11:28.222594+00:00,2026-06-19 20:11:58.242782+00:00
ee8258cf-a068-465a-8868-43b026efe2fd,failed,2026-06-19 20:11:28.283772+00:00,2026-06-19 20:11:58.496108+00:00
048b964d-6759-4c21-9e0b-928ae68d614d,completed,2026-06-19 20:11:28.246912+00:00,2026-06-19 20:11:58.491692+00:00
2ec2c78f-dfba-43ff-91a6-973d9d07ea4b,failed,2026-06-19 20:11:28.347491+00:00,2026-06-19 20:11:58.499679+00:00
33bc5ee5-14bf-4d2d-86ca-d3cab750bda8,failed,2026-06-19 20:11:28.374639+00:00,2026-06-19 20:11:58.502612+00:00
f02587c1-66a1-42c6-8a4d-8d8066b9b09c,failed,2026-06-19 20:11:28.398248+00:00,2026-06-19 20:11:58.506144+00:00
da2e9c1b-c7f1-46bc-a43e-92f5d7725556,failed,2026-06-19 20:11:28.548752+00:00,2026-06-19 20:11:58.776604+00:00
6faf3ffb-6042-4611-9f93-6e1cb2009c67,completed,2026-06-19 20:11:28.528527+00:00,2026-06-19 20:11:58.772970+00:00
f126db5e-2090-4ddc-a81c-00acaee286b8,failed,2026-06-19 20:11:28.573437+00:00,2026-06-19 20:11:58.779665+00:00
da7809a2-8207-4c32-b496-7df4e963a34f,failed,2026-06-19 20:11:28.674290+00:00,2026-06-19 20:11:58.893651+00:00
507b6f09-e40b-4a6d-99ed-d77459cd23b1,failed,2026-06-19 20:11:28.698490+00:00,2026-06-19 20:11:58.898363+00:00
e7b70d10-2a58-4aa3-8e25-2e88038c8a91,failed,2026-06-19 20:11:28.821272+00:00,2026-06-19 20:11:58.904863+00:00
19c2e187-e59a-49cb-9d4b-9b642880840d,failed,2026-06-19 20:11:28.848602+00:00,2026-06-19 20:11:58.908579+00:00
a9fb2309-c4ec-43f1-9cab-eda67db27a0e,failed,2026-06-19 20:11:28.873614+00:00,2026-06-19 20:11:58.911915+00:00
f9c1c3b8-7966-47b7-82b9-6ff27f889eb2,failed,2026-06-19 20:11:29.026624+00:00,2026-06-19 20:11:59.167220+00:00
2b75ef6e-a602-4fdd-a91e-b7cc832795b1,failed,2026-06-19 20:11:29.049783+00:00,2026-06-19 20:11:59.170605+00:00
dc22c4a8-f692-4254-9df4-d3449f560898,failed,2026-06-19 20:11:29.146700+00:00,2026-06-19 20:11:59.173806+00:00
d74a903f-a4dd-4f18-bf65-7d401d315546,failed,2026-06-19 20:11:29.196712+00:00,2026-06-19 20:11:59.422403+00:00
cec926b1-e752-4a0c-8148-c063f745ab97,completed,2026-06-19 20:11:29.175303+00:00,2026-06-19 20:11:59.418628+00:00
354bb700-f791-48f5-869d-2814f4f9f362,failed,2026-06-19 20:11:29.222929+00:00,2026-06-19 20:11:59.425342+00:00
14e243d4-4efb-49b9-98a7-8a3b87329e3a,failed,2026-06-19 20:11:29.324469+00:00,2026-06-19 20:11:59.428449+00:00
1017ab92-48f8-455b-b6eb-4bb1934dbe90,failed,2026-06-19 20:11:29.347509+00:00,2026-06-19 20:11:59.432517+00:00
d9962da4-8974-4191-89f9-2438c0253ce3,failed,2026-06-19 20:11:29.497285+00:00,2026-06-19 20:11:59.688167+00:00
c1b2e1bd-8103-4475-89fe-5099b3ac7dc9,completed,2026-06-19 20:11:29.472842+00:00,2026-06-19 20:11:59.683976+00:00
ed259573-649f-4233-8d8d-7afb8956ff34,failed,2026-06-19 20:11:29.521741+00:00,2026-06-19 20:11:59.691675+00:00
cdf70951-59e5-494a-92f4-a9b3a3017576,failed,2026-06-19 20:11:29.547880+00:00,2026-06-19 20:11:59.695101+00:00
63f9c409-c23a-4d03-9b42-c437654ec26b,failed,2026-06-19 20:11:29.675771+00:00,2026-06-19 20:11:59.698245+00:00
3db60c6f-08b8-4af0-a2f7-55975386df7a,failed,2026-06-19 20:11:29.698031+00:00,2026-06-19 20:11:59.701072+00:00
3f2502f7-4e64-462a-995e-754840e55dfe,failed,2026-06-19 20:11:29.747449+00:00,2026-06-19 20:11:59.941109+00:00
8aa012ad-5c64-4e2b-956a-b40aa9a771c4,failed,2026-06-19 20:11:29.847616+00:00,2026-06-19 20:11:59.943763+00:00
17c95b0e-3c0e-488a-a601-f9cb730f38e6,failed,2026-06-19 20:11:29.873502+00:00,2026-06-19 20:11:59.946916+00:00
3c65b3c1-ae7a-4276-a978-cd73ef66253d,failed,2026-06-19 20:11:29.897524+00:00,2026-06-19 20:11:59.950035+00:00
aafd8fd8-a512-4d90-a96c-ef4dc6318cb8,failed,2026-06-19 20:11:29.921984+00:00,2026-06-19 20:11:59.956607+00:00
64088eb2-f3eb-42aa-a8e3-9fb91dade878,failed,2026-06-19 20:11:30.046627+00:00,2026-06-19 20:12:00.206189+00:00
165e577e-bfd2-425e-abf1-50ff9bf85e1f,completed,2026-06-19 20:11:30.027184+00:00,2026-06-19 20:12:00.202320+00:00
74c818ba-5c31-4c84-a2b0-4c2a936a96be,failed,2026-06-19 20:11:30.072598+00:00,2026-06-19 20:12:00.209047+00:00
f17493d7-6201-4d2d-8e15-18ccc270eadf,failed,2026-06-19 20:11:30.173804+00:00,2026-06-19 20:12:00.215748+00:00
880aa9f2-22a2-4d50-b004-4d3d3a57d4a7,failed,2026-06-19 20:11:30.198344+00:00,2026-06-19 20:12:00.218798+00:00
0d5271bb-a17e-4e50-9098-fc72634b2b8c,failed,2026-06-19 20:11:30.247155+00:00,2026-06-19 20:12:00.470266+00:00
abb21a0b-b2ab-4fe0-b483-b58d3182ec67,completed,2026-06-19 20:11:30.225005+00:00,2026-06-19 20:12:00.467032+00:00
e7fd9b78-e2ac-4e0e-a461-694d732602d2,failed,2026-06-19 20:11:30.346453+00:00,2026-06-19 20:12:00.473575+00:00
fb28148f-c176-45ef-a3ad-1f5b634d8b8d,failed,2026-06-19 20:11:30.371701+00:00,2026-06-19 20:12:00.477133+00:00
efc95794-f1e3-4a88-8341-62b807a7fe22,failed,2026-06-19 20:11:30.398970+00:00,2026-06-19 20:12:00.480506+00:00
edfe657d-7668-45c5-9a56-59b769e122bc,failed,2026-06-19 20:11:30.422225+00:00,2026-06-19 20:12:00.483750+00:00
9f89b76e-b990-46e2-b97f-93519c1630fd,failed,2026-06-19 20:11:30.546419+00:00,2026-06-19 20:12:00.734887+00:00
e9ea29df-5fbe-4dd8-8fc8-c8e62d7a2f39,failed,2026-06-19 20:11:30.573333+00:00,2026-06-19 20:12:00.738149+00:00
4818332f-2c16-46f1-83ac-d50826356266,failed,2026-06-19 20:11:30.672989+00:00,2026-06-19 20:12:00.740862+00:00
99edc294-b66c-40b4-bb3c-1c592e78f33f,failed,2026-06-19 20:11:30.698399+00:00,2026-06-19 20:12:00.744415+00:00
116b4dcb-9f41-4848-b759-eb3ab1fb7797,failed,2026-06-19 20:11:30.723552+00:00,2026-06-19 20:12:00.747823+00:00
6d36bbd0-b036-4afb-8564-b9abec2777c5,failed,2026-06-19 20:11:30.873315+00:00,2026-06-19 20:12:00.993561+00:00
f07725e5-0960-400d-8310-7af9d218908d,completed,2026-06-19 20:11:30.849275+00:00,2026-06-19 20:12:00.989502+00:00
2ff3ec4e-6f45-4e78-963b-40688159bc2e,failed,2026-06-19 20:11:30.898638+00:00,2026-06-19 20:12:00.997527+00:00
34e67753-28c4-4aaa-b339-98bca1141d15,failed,2026-06-19 20:11:31.049189+00:00,2026-06-19 20:12:01.256162+00:00
bebb9fe4-289d-4b39-b01c-8186efb62daf,completed,2026-06-19 20:11:31.022152+00:00,2026-06-19 20:12:01.251216+00:00
451feaa3-9e8f-4f67-92fa-816fd38c739f,failed,2026-06-19 20:11:31.074316+00:00,2026-06-19 20:12:01.259573+00:00
c83bf110-23df-497c-8b62-1eb883229581,failed,2026-06-19 20:11:31.171674+00:00,2026-06-19 20:12:01.263074+00:00
24ebe55e-b158-441d-8703-f635b4f6f762,failed,2026-06-19 20:11:31.198316+00:00,2026-06-19 20:12:01.266588+00:00
8ed793c6-b967-4a33-b76e-b6952936e64a,failed,2026-06-19 20:11:31.222133+00:00,2026-06-19 20:12:01.269502+00:00
ac21de45-a020-4cda-8a19-362d56267c5a,failed,2026-06-19 20:11:31.371160+00:00,2026-06-19 20:12:01.535252+00:00
173179d5-dd26-491d-9e7e-d1bfbaa5c572,completed,2026-06-19 20:11:31.347765+00:00,2026-06-19 20:12:01.531359+00:00
b303b115-7b04-4619-855e-0f849c5ee5d9,failed,2026-06-19 20:11:31.396505+00:00,2026-06-19 20:12:01.538374+00:00
88a18d6e-cae9-4342-a68b-943e920efa44,failed,2026-06-19 20:11:31.505472+00:00,2026-06-19 20:12:01.643752+00:00
ed76cdef-f096-4b5d-841f-7ae7d389ddcb,failed,2026-06-19 20:11:31.522764+00:00,2026-06-19 20:12:01.647065+00:00
c2e9028e-1e54-4d0e-8d38-dbc107bdec90,failed,2026-06-19 20:11:31.547618+00:00,2026-06-19 20:12:01.650393+00:00
f9c8af57-7606-41de-ae25-8c34d4ebc4d2,failed,2026-06-19 20:11:31.574830+00:00,2026-06-19 20:12:01.653435+00:00
ddd73200-b977-45f8-a338-9cae461f4b69,failed,2026-06-19 20:11:31.596933+00:00,2026-06-19 20:12:01.656546+00:00
39b78c70-fd97-4f3b-93e5-e1c897022509,failed,2026-06-19 20:11:31.696637+00:00,2026-06-19 20:12:01.900763+00:00
4a3d522b-e0ad-4c3b-affa-b7502f4a717e,failed,2026-06-19 20:11:31.721975+00:00,2026-06-19 20:12:01.904087+00:00
93179b9f-6392-46e2-842e-b21e3ca84800,failed,2026-06-19 20:11:31.747028+00:00,2026-06-19 20:12:01.906804+00:00
2373d4de-6c1e-4ce8-b2cf-c1743151f7ad,failed,2026-06-19 20:11:31.847512+00:00,2026-06-19 20:12:01.911385+00:00
7752218f-cf2e-4e61-b11e-881307603de9,failed,2026-06-19 20:11:31.871931+00:00,2026-06-19 20:12:01.915741+00:00
21e208fd-ac88-46b6-b9ae-5cbc1467bf45,failed,2026-06-19 20:11:31.901431+00:00,2026-06-19 20:12:01.918608+00:00
3dd7ccab-75e8-4fdf-823f-924e27623474,failed,2026-06-19 20:11:32.022401+00:00,2026-06-19 20:12:02.164910+00:00
3ee6da53-88a1-468f-8fe5-63d932cc2571,completed,2026-06-19 20:11:31.996082+00:00,2026-06-19 20:12:02.161655+00:00
582cf8b7-3622-48ee-8813-ecbc466c9479,failed,2026-06-19 20:11:32.072001+00:00,2026-06-19 20:12:02.171791+00:00
5d59bd85-2339-485b-b21b-292334611e19,failed,2026-06-19 20:11:32.098729+00:00,2026-06-19 20:12:02.174904+00:00
7f84c32f-b8d0-4957-a267-fc754e689069,failed,2026-06-19 20:11:32.173650+00:00,2026-06-19 20:12:02.178074+00:00
1f6b1b48-d1d0-4260-b7b0-293c3149812d,failed,2026-06-19 20:11:32.222120+00:00,2026-06-19 20:12:02.421655+00:00
22883703-f9c3-4a7c-9df3-a639c39cf427,completed,2026-06-19 20:11:32.197702+00:00,2026-06-19 20:12:02.418189+00:00
612edce1-b13c-46b0-b977-3c3f4216ed85,failed,2026-06-19 20:11:32.247835+00:00,2026-06-19 20:12:02.424711+00:00
3ba0b1ff-79b4-4c40-9f9a-b3f146b79e1c,failed,2026-06-19 20:11:32.350432+00:00,2026-06-19 20:12:02.428117+00:00
307af29f-396f-49a4-bf0a-0413a7563c82,failed,2026-06-19 20:11:32.374219+00:00,2026-06-19 20:12:02.431067+00:00
54795a23-4252-48c1-8e2c-d1848909cac9,completed,2026-06-19 20:11:20.297611+00:00,2026-06-19 20:11:50.427473+00:00
a9272fa3-0db0-494c-a474-bc64320c6c67,failed,2026-06-19 20:11:21.373032+00:00,2026-06-19 20:11:51.472717+00:00
04fcd062-5e53-4098-80e0-f090e42b7f2e,failed,2026-06-19 20:11:32.422325+00:00,2026-06-19 20:12:02.437311+00:00
b8bd4567-9fb6-4bb1-a4dd-a97a3fd95282,failed,2026-06-19 20:11:32.522751+00:00,2026-06-19 20:12:02.687726+00:00
4d283829-f32f-4d69-bdf6-f48ebf6d9d27,completed,2026-06-19 20:11:32.498484+00:00,2026-06-19 20:12:02.684028+00:00
ea6d15c2-f625-4734-a1be-5451007527e8,failed,2026-06-19 20:11:32.546592+00:00,2026-06-19 20:12:02.690881+00:00
d982eccc-acb3-43ec-b02c-2ab7281d9a5f,failed,2026-06-19 20:11:39.457088+00:00,2026-06-19 20:12:09.665083+00:00
e28106d5-b241-4448-8fa9-da210245a4fc,failed,2026-06-19 20:11:47.483743+00:00,2026-06-19 20:12:17.542551+00:00
9ce9d1c0-420d-4e0a-b5b4-ff36e9ae5797,completed,2026-06-19 20:11:45.197438+00:00,2026-06-19 20:12:15.438309+00:00
d82c73a4-a074-45b7-973b-fcbd952a640c,completed,2026-06-19 20:11:47.448287+00:00,2026-06-19 20:12:17.539022+00:00
cae34318-5238-427a-adaa-81c6b56761b4,failed,2026-06-19 20:11:48.197700+00:00,2026-06-19 20:12:18.239319+00:00
22f87dc4-bf58-4c51-8764-4987db5fcf72,completed,2026-06-19 20:11:47.698975+00:00,2026-06-19 20:12:17.764830+00:00
afcaf45d-0609-4978-86d6-ea632bde28a5,completed,2026-06-19 20:11:48.001749+00:00,2026-06-19 20:12:18.015254+00:00
8de6f5ef-4f88-4711-9609-cde434920564,completed,2026-06-19 20:11:48.148583+00:00,2026-06-19 20:12:18.233200+00:00
519e34da-de7d-460a-922a-cce490cf8f68,failed,2026-06-19 20:11:48.684809+00:00,2026-06-19 20:12:18.721940+00:00
f98ea7fb-9f77-4e55-9347-bfb88d40d4e7,failed,2026-06-19 20:11:48.687832+00:00,2026-06-19 20:12:18.724897+00:00
426e9a7f-4da3-47ce-9211-c29670a397e3,failed,2026-06-19 20:11:49.912085+00:00,2026-06-19 20:12:19.949666+00:00
4a9c373c-afa7-4ca0-a1d4-604e852e4f9d,failed,2026-06-19 20:11:51.645536+00:00,2026-06-19 20:12:21.667359+00:00
07957019-1c45-40bb-a554-1fc08c327493,completed,2026-06-19 20:11:50.196835+00:00,2026-06-19 20:12:20.194092+00:00
cdaf1c62-f5a5-4a58-b7d9-ae1f814ad0e7,completed,2026-06-19 20:11:50.450525+00:00,2026-06-19 20:12:20.441826+00:00
19c32b8d-8cfe-431e-afbe-0539ac52f368,completed,2026-06-19 20:11:50.707968+00:00,2026-06-19 20:12:20.688687+00:00
b53a3ae1-aaf4-4bb2-a4bd-69b0fe0497cd,completed,2026-06-19 20:11:50.760345+00:00,2026-06-19 20:12:20.936531+00:00
e285e31a-83cf-4fe2-adc6-fe180fb12e1a,completed,2026-06-19 20:11:50.970660+00:00,2026-06-19 20:12:21.178283+00:00
ab39e655-2608-4706-8930-b3da6cbfe4b8,completed,2026-06-19 20:11:51.235590+00:00,2026-06-19 20:12:21.421200+00:00
554c064f-105b-4ad1-ba42-be6fcabb6162,completed,2026-06-19 20:11:51.509339+00:00,2026-06-19 20:12:21.663736+00:00
2f5451b4-4b48-4154-9691-7d562599fa88,failed,2026-06-19 20:11:51.664580+00:00,2026-06-19 20:12:21.670485+00:00
58fe15a6-af59-4843-8a9c-4e5b5ddb2d33,failed,2026-06-19 20:11:52.146351+00:00,2026-06-19 20:12:22.157831+00:00
95c7184d-f1b9-4769-9a97-d62a8f313e4d,completed,2026-06-19 20:11:51.897246+00:00,2026-06-19 20:12:21.913305+00:00
881597c8-aae3-4290-a9c8-7ab662215455,completed,2026-06-19 20:11:51.917626+00:00,2026-06-19 20:12:22.154029+00:00
856a1622-6a00-4a6e-a83c-b384b7da7599,completed,2026-06-19 20:11:52.164953+00:00,2026-06-19 20:12:22.393459+00:00
8771395e-b091-41ef-8c1b-3d956c60de67,failed,2026-06-19 20:11:52.777979+00:00,2026-06-19 20:12:22.832082+00:00
a4d0d633-15e2-4eac-b744-3669a7bf6694,failed,2026-06-19 20:11:53.273644+00:00,2026-06-19 20:12:23.295398+00:00
c09ee385-8b00-45dd-ab90-6ceb0ce9d3d3,completed,2026-06-19 20:11:52.961559+00:00,2026-06-19 20:12:23.145738+00:00
5c263661-27b9-4d9b-a399-6fe0e9a71497,completed,2026-06-19 20:11:53.210045+00:00,2026-06-19 20:12:23.291735+00:00
61ed4ec2-e635-4bd1-a045-e3cad9dc21f7,failed,2026-06-19 20:11:53.994679+00:00,2026-06-19 20:12:24.149159+00:00
04900d76-4965-4a20-a1e7-4a4ff02db894,completed,2026-06-19 20:11:53.477582+00:00,2026-06-19 20:12:23.543955+00:00
12f227b8-a5e4-41ec-b790-77944ec354b9,completed,2026-06-19 20:11:53.726550+00:00,2026-06-19 20:12:23.782329+00:00
8c973146-a908-441f-ad22-238605c47500,failed,2026-06-19 20:11:55.644680+00:00,2026-06-19 20:12:25.744878+00:00
7168d580-9586-42bc-99af-2430a228d5e5,completed,2026-06-19 20:11:54.262083+00:00,2026-06-19 20:12:24.392252+00:00
e5b7ef7a-0453-4b45-90b0-a9e7f7166a37,completed,2026-06-19 20:11:54.644997+00:00,2026-06-19 20:12:24.535561+00:00
082bc9e3-41ed-481b-baef-c514c3f34ec2,completed,2026-06-19 20:11:54.894880+00:00,2026-06-19 20:12:25.017140+00:00
d38758a0-34a4-4cac-9010-f79a8bbe7827,completed,2026-06-19 20:11:55.146410+00:00,2026-06-19 20:12:25.237306+00:00
065e527d-d541-4fa7-b670-7c5a52f3f832,completed,2026-06-19 20:11:55.432900+00:00,2026-06-19 20:12:25.486338+00:00
e8be56fc-32b9-4f3f-b6af-fd4912f4d89b,completed,2026-06-19 20:11:55.504243+00:00,2026-06-19 20:12:25.740803+00:00
509a5021-ea5e-4f86-b98b-49204b2f7b2a,failed,2026-06-19 20:11:55.743926+00:00,2026-06-19 20:12:25.751473+00:00
f2888990-8c63-4b01-be1e-6965d4b8c2b3,failed,2026-06-19 20:11:56.661997+00:00,2026-06-19 20:12:26.730604+00:00
d5483cec-eed0-4e76-9bc0-8e8112648a15,completed,2026-06-19 20:11:55.983456+00:00,2026-06-19 20:12:26.035843+00:00
047a78cb-5f69-4704-89f8-8b11a9f91d35,completed,2026-06-19 20:11:56.147967+00:00,2026-06-19 20:12:26.236564+00:00
14712165-1235-4063-aabb-3d349435d7f0,completed,2026-06-19 20:11:56.486326+00:00,2026-06-19 20:12:26.484543+00:00
31fc926a-aaa7-4c71-bfd0-8edc322fbfc5,completed,2026-06-19 20:11:56.645093+00:00,2026-06-19 20:12:26.727064+00:00
218ccbd9-d450-441c-8dc6-eb4070282628,failed,2026-06-19 20:11:56.895473+00:00,2026-06-19 20:12:26.974744+00:00
3a391a77-1ce9-4465-b54e-4ede8e7acc74,completed,2026-06-19 20:11:56.752062+00:00,2026-06-19 20:12:26.971320+00:00
23c67256-c032-4297-94d6-0deb96bfc18b,failed,2026-06-19 20:11:57.145970+00:00,2026-06-19 20:12:27.222263+00:00
c5cdb0fa-5fd7-42c1-9f76-310991e61ae2,completed,2026-06-19 20:11:57.026439+00:00,2026-06-19 20:12:27.217976+00:00
7796b227-99ac-4b5d-b5c4-fa2041db7df9,failed,2026-06-19 20:11:57.215103+00:00,2026-06-19 20:12:27.225439+00:00
83603093-f59c-4dfc-a249-f87951cb0b5d,failed,2026-06-19 20:11:57.646114+00:00,2026-06-19 20:12:27.707565+00:00
ab2921b3-2072-427f-a128-bda927da9828,completed,2026-06-19 20:11:57.395752+00:00,2026-06-19 20:12:27.463385+00:00
cbe0ee82-61ef-45a3-afab-5935bff654e5,completed,2026-06-19 20:11:57.501168+00:00,2026-06-19 20:12:27.704287+00:00
bd623ee6-c986-46b8-9934-54ae927abdca,failed,2026-06-19 20:11:57.895401+00:00,2026-06-19 20:12:27.949564+00:00
1a4a9966-a492-4e8e-a5d9-7ccb4a0d3a2e,completed,2026-06-19 20:11:57.714950+00:00,2026-06-19 20:12:27.945878+00:00
c24ba442-d669-47d0-953b-e3ba96e99361,completed,2026-06-19 20:11:22.822861+00:00,2026-06-19 20:11:52.928170+00:00
d4090c10-99f9-4063-8411-d9e129cf707c,completed,2026-06-19 20:11:24.272096+00:00,2026-06-19 20:11:54.490944+00:00
de6e36e4-6b36-4a05-92de-2829a3fd9436,completed,2026-06-19 20:11:25.546747+00:00,2026-06-19 20:11:55.707077+00:00
90207545-ac7b-4090-8e83-025aef3e17ce,completed,2026-06-19 20:11:25.725008+00:00,2026-06-19 20:11:55.925769+00:00
d148e59b-8c7d-4b05-8809-519760faf604,failed,2026-06-19 20:11:26.428473+00:00,2026-06-19 20:11:56.466443+00:00
7554d4fd-09b8-4681-a6e7-f2d13788e261,failed,2026-06-19 20:11:26.897186+00:00,2026-06-19 20:11:56.992240+00:00
d645a28f-1f43-430a-944e-b8af5da642df,completed,2026-06-19 20:11:27.347513+00:00,2026-06-19 20:11:57.679477+00:00
00e59e2c-83d1-45b9-8662-d72cd06ed6a0,completed,2026-06-19 20:11:27.722549+00:00,2026-06-19 20:11:57.952408+00:00
4d5e9296-8078-4100-b687-7c887516218a,failed,2026-06-19 20:11:27.747365+00:00,2026-06-19 20:11:57.956134+00:00
493518d1-e2a9-4780-b970-35e252ccc3e4,failed,2026-06-19 20:11:28.073244+00:00,2026-06-19 20:11:58.232811+00:00
454f3b72-d33b-4ba2-8f4d-54185ffdd74f,failed,2026-06-19 20:11:28.422124+00:00,2026-06-19 20:11:58.509300+00:00
a9e39854-a0e9-484c-8ee8-491ee7969509,completed,2026-06-19 20:11:28.998250+00:00,2026-06-19 20:11:59.163274+00:00
f4d4d677-020d-498d-aca7-01da937bfcf5,failed,2026-06-19 20:11:29.372891+00:00,2026-06-19 20:11:59.435478+00:00
4b7a0cba-679d-444e-868b-3ac18cdf95aa,failed,2026-06-19 20:11:29.398415+00:00,2026-06-19 20:11:59.438954+00:00
b253a4d9-b338-4b49-8e61-d1a9d9bc04f9,completed,2026-06-19 20:11:29.723962+00:00,2026-06-19 20:11:59.937586+00:00
860493e5-9a26-43eb-9c87-abe8b495f141,failed,2026-06-19 20:11:30.097322+00:00,2026-06-19 20:12:00.212133+00:00
bd68c58b-11a9-4e5b-a400-b1672cd5bd7f,completed,2026-06-19 20:11:30.521818+00:00,2026-06-19 20:12:00.730435+00:00
06dff949-2e28-42f5-8dcd-c2f47586af2b,failed,2026-06-19 20:11:30.922893+00:00,2026-06-19 20:12:01.001510+00:00
be2151ad-7c87-43cf-bdba-fcde75cbdd6b,failed,2026-06-19 20:11:30.996500+00:00,2026-06-19 20:12:01.004458+00:00
5ff56a04-d12a-47c4-ad35-b3dcdc6d22ff,failed,2026-06-19 20:11:31.247504+00:00,2026-06-19 20:12:01.272538+00:00
e30e4de3-2c5f-4739-bf0e-9202893f485d,completed,2026-06-19 20:11:31.672793+00:00,2026-06-19 20:12:01.897158+00:00
6830299d-0015-4775-bf0f-b7491fccb30c,failed,2026-06-19 20:11:32.048384+00:00,2026-06-19 20:12:02.168440+00:00
ce965f1a-e1c3-42a5-9f1d-06ff30a8376d,failed,2026-06-19 20:11:32.398731+00:00,2026-06-19 20:12:02.434669+00:00
919a9bc4-7b86-49a1-a8bc-fa632333c1c8,completed,2026-06-19 20:11:32.700638+00:00,2026-06-19 20:12:02.936583+00:00
33f33b65-2116-469d-8401-52d9f50cc0f9,failed,2026-06-19 20:11:32.724039+00:00,2026-06-19 20:12:02.940383+00:00
ad52e232-e320-46a4-a3f1-eaf4e34f704e,failed,2026-06-19 20:11:32.750359+00:00,2026-06-19 20:12:02.943944+00:00
e5559c47-31b5-4486-8392-e7860bb10c6a,failed,2026-06-19 20:11:53.915287+00:00,2026-06-19 20:12:24.145215+00:00
1ed6e057-91f0-446d-929e-bbbcea656cc1,failed,2026-06-19 20:11:55.162940+00:00,2026-06-19 20:12:25.241112+00:00
3d54381b-eb4c-41ed-b3f9-bba5dae54fb1,completed,2026-06-19 20:11:54.665508+00:00,2026-06-19 20:12:24.787454+00:00
6b1ea061-564f-4972-8550-a0a520305d9d,failed,2026-06-19 20:11:56.165241+00:00,2026-06-19 20:12:26.239875+00:00
e6430386-13a8-43dc-a01e-2a3bd66e898b,failed,2026-06-19 20:11:57.425007+00:00,2026-06-19 20:12:27.467167+00:00
b8d32f95-edfc-4d7a-aca3-5ef512dca336,failed,2026-06-19 20:11:58.145533+00:00,2026-06-19 20:12:28.191544+00:00
4e7d7a36-1222-4a61-b259-194cbbee6a4a,completed,2026-06-19 20:11:58.009901+00:00,2026-06-19 20:12:28.187617+00:00
89ebe185-1899-4470-b6ad-39d3dadc493a,failed,2026-06-19 20:11:58.395050+00:00,2026-06-19 20:12:28.437998+00:00
d956bc35-8a47-4afe-b536-94fde9a940ac,completed,2026-06-19 20:11:58.223579+00:00,2026-06-19 20:12:28.433978+00:00
0fcbd7b6-24df-42dd-9221-8205c4eaca4f,failed,2026-06-19 20:11:58.645744+00:00,2026-06-19 20:12:28.690161+00:00
24fde6aa-0adc-4aa8-8594-ca1bd5cc71d6,completed,2026-06-19 20:11:58.439149+00:00,2026-06-19 20:12:28.686273+00:00
42816887-9f4c-429c-81c9-397f316f75be,failed,2026-06-19 20:11:58.903148+00:00,2026-06-19 20:12:28.936129+00:00
f7d8b431-07d4-49a9-8897-9a447eae4e1b,completed,2026-06-19 20:11:58.893693+00:00,2026-06-19 20:12:28.932348+00:00
7a0d6ecb-8ef7-499e-9ea1-f8f968b407df,failed,2026-06-19 20:11:59.146691+00:00,2026-06-19 20:12:29.184868+00:00
3784ae2c-bb3d-49b8-a699-d0621cd2ce5b,completed,2026-06-19 20:11:59.024163+00:00,2026-06-19 20:12:29.181323+00:00
f2c576e1-2c2a-4e85-b3d9-c8166a2a954c,failed,2026-06-19 20:11:59.404940+00:00,2026-06-19 20:12:29.429520+00:00
f7b03ef3-fde4-4a1b-95e3-4463088b3979,completed,2026-06-19 20:11:59.272506+00:00,2026-06-19 20:12:29.425289+00:00
ea0b7141-b3cf-4e6c-a3e6-6523e378a90a,failed,2026-06-19 20:12:00.146152+00:00,2026-06-19 20:12:30.159301+00:00
0ffc89bd-1c47-48d7-a3e7-84ef3833c07c,completed,2026-06-19 20:11:59.540635+00:00,2026-06-19 20:12:29.668875+00:00
5c4d7ecb-1f82-4dac-a0f4-5023be649a69,completed,2026-06-19 20:11:59.671641+00:00,2026-06-19 20:12:29.910408+00:00
7e0c903c-7b8f-4893-995c-2fc20454b047,completed,2026-06-19 20:11:59.955633+00:00,2026-06-19 20:12:30.155249+00:00
25d2aaea-d84d-4ee5-b7b5-34af85fde147,failed,2026-06-19 20:12:00.645193+00:00,2026-06-19 20:12:30.648526+00:00
beb6d98b-14e9-4cc3-8e43-df63ab9d414a,completed,2026-06-19 20:12:00.250877+00:00,2026-06-19 20:12:30.403585+00:00
0484da5f-4a9a-4e4d-b279-a8eefc5b2fc8,completed,2026-06-19 20:12:00.408484+00:00,2026-06-19 20:12:30.644739+00:00
24e62556-ea0b-432e-a1ac-33d4c2035941,failed,2026-06-19 20:12:01.475761+00:00,2026-06-19 20:12:31.527212+00:00
8b2fdef3-9d16-4162-b268-e3710214323b,completed,2026-06-19 20:12:00.731311+00:00,2026-06-19 20:12:30.783238+00:00
dba5cea8-6444-455d-a490-c3b667f398b3,completed,2026-06-19 20:12:00.905816+00:00,2026-06-19 20:12:31.018278+00:00
b6331e25-b823-4151-b165-615e235715eb,completed,2026-06-19 20:12:01.145494+00:00,2026-06-19 20:12:31.266847+00:00
f15f2313-df54-43fd-8887-0cb3f394d15e,completed,2026-06-19 20:12:01.685562+00:00,2026-06-19 20:12:31.771358+00:00
cba1958e-081e-4d3c-9741-bd1ac645373c,completed,2026-06-19 20:12:01.910050+00:00,2026-06-19 20:12:32.010835+00:00
7c30ba96-2423-414d-ab54-fb7ed0ff26fb,completed,2026-06-19 20:12:02.149671+00:00,2026-06-19 20:12:32.255960+00:00
0e93ff85-e7d1-45a5-806a-985f86f1b3da,completed,2026-06-19 20:12:02.411149+00:00,2026-06-19 20:12:32.479905+00:00
61ffdc05-27b9-4f14-a6b0-e4b495bfcccd,completed,2026-06-19 20:12:02.703811+00:00,2026-06-19 20:12:32.743750+00:00
847c3d7a-e0d9-4fa1-b834-a4200fa4fce3,completed,2026-06-19 20:12:03.043200+00:00,2026-06-19 20:12:32.982096+00:00
d8cad711-635e-414d-b8a4-0bb12313a633,completed,2026-06-19 20:12:03.417257+00:00,2026-06-19 20:12:33.223762+00:00
11122f4b-8ea9-4c82-931c-007a454a6cde,failed,2026-06-19 20:11:32.847056+00:00,2026-06-19 20:12:02.947414+00:00
ed9eb80e-92d1-4f66-b7d9-4df55d569f22,failed,2026-06-19 20:11:32.871953+00:00,2026-06-19 20:12:02.950628+00:00
8e5a3268-33e9-46b1-b621-d8ca4037c55b,failed,2026-06-19 20:11:32.897389+00:00,2026-06-19 20:12:02.953787+00:00
85fa7e91-de41-4083-bcb0-4f18efe6d88e,failed,2026-06-19 20:11:32.923052+00:00,2026-06-19 20:12:02.957029+00:00
eb486e7e-d003-48f0-a8a2-dfacfd0b8219,completed,2026-06-19 20:11:33.021419+00:00,2026-06-19 20:12:03.197086+00:00
54167f84-9a99-4b86-87a5-f420e094be6e,failed,2026-06-19 20:11:33.150362+00:00,2026-06-19 20:12:03.200624+00:00
982443ce-3773-4790-ab54-06838ffc757a,failed,2026-06-19 20:11:33.154374+00:00,2026-06-19 20:12:03.203756+00:00
59dcbb9c-23ef-4f8e-a4cd-68e062f9bc88,failed,2026-06-19 20:11:33.172015+00:00,2026-06-19 20:12:03.206986+00:00
060b5ff6-8436-4266-980a-e1c61c897346,completed,2026-06-19 20:11:33.195048+00:00,2026-06-19 20:12:03.454471+00:00
1f735926-9733-46a0-bfdb-5555ad9f2e84,failed,2026-06-19 20:11:33.223944+00:00,2026-06-19 20:12:03.458357+00:00
e6b77cc4-b77f-4a75-b4f0-b91fbe850ff4,completed,2026-06-19 20:11:33.734619+00:00,2026-06-19 20:12:03.711381+00:00
8e39b19c-8db7-4abd-8450-87ac07fede2a,completed,2026-06-19 20:11:34.152324+00:00,2026-06-19 20:12:03.972597+00:00
7d8bcc3d-e6c8-442a-9d31-203dd90a2ad5,completed,2026-06-19 20:11:34.169922+00:00,2026-06-19 20:12:04.215911+00:00
d3802c25-b29d-4eda-ae2c-f6ddb272daa2,failed,2026-06-19 20:11:34.188499+00:00,2026-06-19 20:12:04.219868+00:00
32e9d0a2-3852-490c-b0bc-e87fb061e2ba,failed,2026-06-19 20:11:34.214627+00:00,2026-06-19 20:12:04.222850+00:00
9fc402b8-1482-475c-8b8a-cca170db2716,completed,2026-06-19 20:11:34.238230+00:00,2026-06-19 20:12:04.472647+00:00
7f729e48-b143-4e60-861c-8d4554fcfc9b,failed,2026-06-19 20:11:34.242056+00:00,2026-06-19 20:12:04.476645+00:00
4b22ff0a-9895-4267-b8d7-005f6f18ea82,failed,2026-06-19 20:11:34.262994+00:00,2026-06-19 20:12:04.479911+00:00
3543b0d0-b8c1-479d-aca5-d4f6ef7685df,completed,2026-06-19 20:11:35.171966+00:00,2026-06-19 20:12:04.723550+00:00
facf69f1-5523-478c-9d15-94f282227906,completed,2026-06-19 20:11:35.197294+00:00,2026-06-19 20:12:04.967015+00:00
6fb6973b-f35c-4554-8f92-c30495cfdf60,completed,2026-06-19 20:11:35.474908+00:00,2026-06-19 20:12:05.218364+00:00
5dcaec25-eb0d-4a02-94e2-ce2694f71646,completed,2026-06-19 20:11:35.501224+00:00,2026-06-19 20:12:05.471164+00:00
6c792b15-8f9b-4eb9-85ea-d200430fa5ee,completed,2026-06-19 20:11:35.524334+00:00,2026-06-19 20:12:05.717898+00:00
cc052556-567a-4de1-8dd9-30a1b8f18cc7,completed,2026-06-19 20:11:35.726998+00:00,2026-06-19 20:12:05.962446+00:00
719858c9-dbbf-4b4c-be79-15f9c3843739,completed,2026-06-19 20:11:36.009023+00:00,2026-06-19 20:12:06.208777+00:00
9f5d2530-bf8d-4f45-902e-f82757e3975b,failed,2026-06-19 20:11:36.036135+00:00,2026-06-19 20:12:06.212655+00:00
b4ff7c4b-1857-4713-b77e-39f31bd72f5e,completed,2026-06-19 20:11:36.267733+00:00,2026-06-19 20:12:06.459046+00:00
1553ed04-b551-47b8-ade3-4b5f219e9e9d,failed,2026-06-19 20:11:36.401840+00:00,2026-06-19 20:12:06.462799+00:00
fb91a95c-c5e3-4470-a6af-7fcd46504188,failed,2026-06-19 20:11:36.424634+00:00,2026-06-19 20:12:06.466260+00:00
edfacf57-ea01-48e4-8ea3-eda2944c95cc,failed,2026-06-19 20:11:36.439776+00:00,2026-06-19 20:12:06.469832+00:00
c21cf251-7c85-49f3-9049-5cdb06ac6336,completed,2026-06-19 20:11:36.713610+00:00,2026-06-19 20:12:06.722991+00:00
21f526c6-4665-489c-a68a-76abf5b7bf33,completed,2026-06-19 20:11:36.980211+00:00,2026-06-19 20:12:06.964703+00:00
f1d97b0c-f0e0-43e7-9030-9e725c63f6a6,completed,2026-06-19 20:11:37.009133+00:00,2026-06-19 20:12:07.205133+00:00
6f1be961-fd26-49ea-bcf0-215f7779589d,completed,2026-06-19 20:11:37.247147+00:00,2026-06-19 20:12:07.448469+00:00
6e70ccc6-61c8-4af8-b99d-5beae2f5a5c4,completed,2026-06-19 20:11:37.520319+00:00,2026-06-19 20:12:07.688479+00:00
9eab275c-a9d2-44cb-aeff-214510191c92,failed,2026-06-19 20:11:37.663005+00:00,2026-06-19 20:12:07.692435+00:00
f6cf367a-7b5c-4ac8-b527-ea2fd8dc355f,failed,2026-06-19 20:11:37.677902+00:00,2026-06-19 20:12:07.696331+00:00
10ff9e5b-bc8e-4846-b968-214f02f7d7ab,completed,2026-06-19 20:11:37.693913+00:00,2026-06-19 20:12:07.934564+00:00
5d9645b7-30dd-4c10-ad61-68900e84764a,failed,2026-06-19 20:11:37.717809+00:00,2026-06-19 20:12:07.938391+00:00
db77ba9f-aad6-4a4d-82b8-3a4316959e22,failed,2026-06-19 20:11:37.718000+00:00,2026-06-19 20:12:07.942550+00:00
bbef9316-ebef-4dcf-9497-ac27b2042b69,completed,2026-06-19 20:11:38.647696+00:00,2026-06-19 20:12:08.181457+00:00
ec2f8de4-0da6-4df8-8cba-055dc61cfd3a,completed,2026-06-19 20:11:38.677616+00:00,2026-06-19 20:12:08.423423+00:00
29132aa9-381d-4369-a7fd-50d0a66760c2,completed,2026-06-19 20:11:38.695967+00:00,2026-06-19 20:12:08.664666+00:00
5dc65f05-d860-445f-9fe4-b82327498ec2,completed,2026-06-19 20:11:38.695771+00:00,2026-06-19 20:12:08.904969+00:00
9ebf6840-f3d8-40e0-a806-0f089c28017b,failed,2026-06-19 20:11:38.712944+00:00,2026-06-19 20:12:08.909159+00:00
2a28fcce-a75c-4fe6-8b43-571eebbea07c,failed,2026-06-19 20:11:38.730016+00:00,2026-06-19 20:12:08.912668+00:00
8cfc3525-dcf9-411f-92b8-a3c1b6a04649,completed,2026-06-19 20:11:39.399448+00:00,2026-06-19 20:12:09.156787+00:00
227e7a39-3c61-474e-9fde-06ce4418c6c6,completed,2026-06-19 20:11:39.419583+00:00,2026-06-19 20:12:09.405802+00:00
9dec000f-4809-48f8-bb98-3ad2c904c632,completed,2026-06-19 20:11:39.435459+00:00,2026-06-19 20:12:09.657428+00:00
826da3d7-eeed-4da9-a874-8a88ac5cc240,failed,2026-06-19 20:11:39.452258+00:00,2026-06-19 20:12:09.661864+00:00
a0b87186-84bf-4107-a464-856e1678ed24,failed,2026-06-19 20:11:39.487248+00:00,2026-06-19 20:12:09.668733+00:00
218ec237-889f-426f-8268-563140dd567c,completed,2026-06-19 20:11:40.400346+00:00,2026-06-19 20:12:09.916027+00:00
55aa234c-01ea-470d-9a76-e14844cc0ad1,completed,2026-06-19 20:11:40.420434+00:00,2026-06-19 20:12:10.166028+00:00
a972911c-786a-4e6f-8d75-4db05924a110,completed,2026-06-19 20:11:40.461021+00:00,2026-06-19 20:12:10.657226+00:00
ed773488-ffd7-428b-9c70-16282903f79c,failed,2026-06-19 20:11:40.461262+00:00,2026-06-19 20:12:10.662747+00:00
97f01347-7659-4f5e-8e1d-a41d9eab55f5,completed,2026-06-19 20:11:40.746271+00:00,2026-06-19 20:12:10.904087+00:00
da536713-aee4-4b6b-af9a-1890fcadd607,failed,2026-06-19 20:11:41.463172+00:00,2026-06-19 20:12:11.643162+00:00
69c3363c-66f0-4e21-b3da-546c95f6ff5d,completed,2026-06-19 20:11:42.652089+00:00,2026-06-19 20:12:12.487648+00:00
4cd9a53c-74eb-44e6-9e4c-27b97d1e60a1,completed,2026-06-19 20:11:42.667253+00:00,2026-06-19 20:12:12.731442+00:00
580e3e03-b02d-44cb-acda-50be359eced6,failed,2026-06-19 20:11:42.692256+00:00,2026-06-19 20:12:12.734597+00:00
db0bb4c6-5d2b-41ae-be80-e7d549be3350,failed,2026-06-19 20:11:42.712154+00:00,2026-06-19 20:12:12.737542+00:00
9a2522f2-fa67-4c33-8963-fda5f0fb10f1,failed,2026-06-19 20:11:42.711092+00:00,2026-06-19 20:12:12.740804+00:00
ad76faf5-3e24-4dc5-a286-f652a9c4d69d,failed,2026-06-19 20:11:42.714785+00:00,2026-06-19 20:12:12.744412+00:00
67ffb4a6-f74f-4c63-8df7-4e3c970e84b6,completed,2026-06-19 20:11:43.237664+00:00,2026-06-19 20:12:12.981376+00:00
f818c261-8861-4a8f-8aef-ded829a822fe,completed,2026-06-19 20:11:43.516380+00:00,2026-06-19 20:12:13.224969+00:00
ea264b07-f3e3-48d0-99b7-242c42d5df2a,completed,2026-06-19 20:11:43.768779+00:00,2026-06-19 20:12:13.477622+00:00
ee79c714-0046-4d70-ad0a-85ea640366cd,completed,2026-06-19 20:11:45.711554+00:00,2026-06-19 20:12:15.920704+00:00
15aa6dea-cce9-4e78-91ef-1bf6b98b73f1,completed,2026-06-19 20:11:48.536406+00:00,2026-06-19 20:12:18.477072+00:00
daf52c7c-c121-46ec-b782-9a748349576e,completed,2026-06-19 20:11:49.226108+00:00,2026-06-19 20:12:18.968995+00:00
971823bc-b766-40b7-ab5b-cb84fe7c9204,failed,2026-06-19 20:11:51.022824+00:00,2026-06-19 20:12:21.182062+00:00
6ee6bf24-63eb-4353-b358-069f555f7fd9,completed,2026-06-19 20:11:52.420479+00:00,2026-06-19 20:12:22.684274+00:00
5dfd44bb-c8de-4a82-ae2a-60fbc71574e8,completed,2026-06-19 20:11:52.718195+00:00,2026-06-19 20:12:22.827940+00:00
288970ea-0fc0-4df6-8bee-1c97434f7b5d,completed,2026-06-19 20:11:53.898667+00:00,2026-06-19 20:12:24.034275+00:00
50693a23-3718-48d3-a089-afd56c2b4179,failed,2026-06-19 20:11:55.662558+00:00,2026-06-19 20:12:25.747989+00:00
718a7370-3dd6-44d7-a713-f0c147620a07,failed,2026-06-19 20:11:56.931152+00:00,2026-06-19 20:12:26.978415+00:00
28e060fe-95a9-4b60-a6da-f8c5a9074578,failed,2026-06-19 20:11:57.902583+00:00,2026-06-19 20:12:27.952853+00:00
a9e7eab1-40ec-42b7-8e12-96f27423e523,failed,2026-06-19 20:11:58.669186+00:00,2026-06-19 20:12:28.693464+00:00
24ccc084-2e63-4890-9e3f-9d241e8533a6,failed,2026-06-19 20:11:59.895532+00:00,2026-06-19 20:12:29.913920+00:00
9578a859-22b4-4b57-9406-94042292cec3,completed,2026-06-19 20:12:01.278632+00:00,2026-06-19 20:12:31.523486+00:00
79042913-a781-4242-9966-119f9a686446,completed,2026-06-19 20:12:03.925832+00:00,2026-06-19 20:12:33.473282+00:00
