id,status,created_at,finished_at
75baf9f0-53b5-4a72-b886-0b32cb0776ce,completed,2026-06-19 17:55:37.049616+00:00,2026-06-19 17:55:37.225948+00:00
c3d71370-75d4-4d6c-9023-6c0bcfa1fc5a,completed,2026-06-19 17:55:33.265195+00:00,2026-06-19 17:55:34.690929+00:00
b3443c48-c6c0-4b48-9088-527bdb77c4fd,completed,2026-06-19 17:55:37.367182+00:00,2026-06-19 17:55:37.523572+00:00
e16aa987-99fb-4ef8-8030-960cb9d65960,completed,2026-06-19 17:55:34.561082+00:00,2026-06-19 17:55:34.833554+00:00
817d60a1-9fe6-43c4-9390-856995e68851,completed,2026-06-19 17:55:34.953193+00:00,2026-06-19 17:55:35.140414+00:00
740cd481-cd7f-4657-b894-f3a714d0a768,completed,2026-06-19 17:55:39.095195+00:00,2026-06-19 17:55:39.241372+00:00
87bd2e02-1a78-4c97-ac8a-09c0b3906038,completed,2026-06-19 17:55:33.710188+00:00,2026-06-19 17:55:35.463778+00:00
3253ac38-ede3-498a-bb3b-fcb3a81f1ac5,completed,2026-06-19 17:55:35.342468+00:00,2026-06-19 17:55:35.513423+00:00
14dc203f-c049-45cc-9ffa-bbdd4ec74b1c,completed,2026-06-19 17:55:37.665516+00:00,2026-06-19 17:55:37.819552+00:00
2dd53d11-2edc-4509-ab99-d4bd2c487163,completed,2026-06-19 17:55:34.144996+00:00,2026-06-19 17:55:35.834982+00:00
f883f443-4b27-4579-82d9-699a4e0ce353,completed,2026-06-19 17:55:35.700143+00:00,2026-06-19 17:55:35.840952+00:00
38ff11aa-7b89-4920-99b9-a036bef6fe7a,completed,2026-06-19 17:55:36.054359+00:00,2026-06-19 17:55:36.192475+00:00
5d5a4ba1-d022-4e94-b60c-948ecb7fb032,completed,2026-06-19 17:55:36.396352+00:00,2026-06-19 17:55:36.544004+00:00
4f08f30c-5aea-4fd8-a52e-74c25ae20ded,completed,2026-06-19 17:55:37.970154+00:00,2026-06-19 17:55:38.113716+00:00
20082a96-e378-4d52-9191-73d6de3a033a,completed,2026-06-19 17:55:36.729641+00:00,2026-06-19 17:55:36.877152+00:00
261662e2-d8ca-4036-ba11-40f0cdb710bc,completed,2026-06-19 17:55:40.141786+00:00,2026-06-19 17:55:40.288836+00:00
8673e46a-3f81-47a7-b2f5-0f3fce786066,completed,2026-06-19 17:55:39.371375+00:00,2026-06-19 17:55:39.509626+00:00
8373d7e1-4988-4811-87ef-7a68945f8ad4,completed,2026-06-19 17:55:38.264392+00:00,2026-06-19 17:55:38.406735+00:00
afd338dd-8d00-4939-9f17-b2cc1689de21,completed,2026-06-19 17:55:38.545966+00:00,2026-06-19 17:55:38.703126+00:00
852ffe48-ad6d-4490-9866-6f5fb887687a,completed,2026-06-19 17:55:38.829460+00:00,2026-06-19 17:55:38.965935+00:00
af3c4bf1-a746-439d-990d-475a2e37ecde,completed,2026-06-19 17:55:39.623043+00:00,2026-06-19 17:55:39.763281+00:00
3975d782-287f-4896-9d2f-4de9f420cd04,completed,2026-06-19 17:55:40.875444+00:00,2026-06-19 17:55:41.007602+00:00
ddb08383-7430-4f60-a0d4-45c888b9a4a4,completed,2026-06-19 17:55:39.891380+00:00,2026-06-19 17:55:40.028353+00:00
e47add5e-6d79-4024-8176-3fadea8bdf5f,completed,2026-06-19 17:55:40.392085+00:00,2026-06-19 17:55:40.527443+00:00
5f5e0164-bdef-49f7-9dae-287e8b6294a4,completed,2026-06-19 17:55:40.647889+00:00,2026-06-19 17:55:40.787016+00:00
792c684a-f435-4251-8d8b-370664a74c23,completed,2026-06-19 17:55:41.352915+00:00,2026-06-19 17:55:41.499360+00:00
f572b36f-a0ce-4d6a-a19f-78f77f4cff39,completed,2026-06-19 17:55:41.123927+00:00,2026-06-19 17:55:41.259563+00:00
4018716c-079c-403d-ac18-8107987b5c20,completed,2026-06-19 17:55:41.583034+00:00,2026-06-19 17:55:41.725825+00:00
d95f6d76-e6ed-4650-908f-bb8bc9adaa71,completed,2026-06-19 17:55:41.813018+00:00,2026-06-19 17:55:41.955750+00:00
b8ffc7ea-e29d-4b97-9f0b-52443f5d434f,completed,2026-06-19 17:55:42.039816+00:00,2026-06-19 17:55:42.173800+00:00
56f23731-5473-4097-834e-67b3167d6ed2,completed,2026-06-19 17:55:42.264148+00:00,2026-06-19 17:55:42.396541+00:00
3a7e5fbc-4c64-4148-b13d-38618d7bd53d,completed,2026-06-19 17:55:44.534413+00:00,2026-06-19 17:55:44.683169+00:00
e6358605-8e0a-4dd0-afc5-cc15134db1bb,completed,2026-06-19 17:55:42.479409+00:00,2026-06-19 17:55:42.616843+00:00
0c384d82-69d7-4412-a44d-43407e76bafd,completed,2026-06-19 17:55:42.697208+00:00,2026-06-19 17:55:42.840736+00:00
ab8faa4c-5acb-4c0e-9304-eb5c70474b0c,completed,2026-06-19 17:55:47.462624+00:00,2026-06-19 17:55:47.603678+00:00
ee93d368-ddfa-4654-a919-3a272c2c567c,completed,2026-06-19 17:55:42.914240+00:00,2026-06-19 17:55:43.048997+00:00
a7518b4f-eec7-49ab-b4c7-23684a60904a,completed,2026-06-19 17:55:44.726655+00:00,2026-06-19 17:55:44.862151+00:00
8a40b50b-2f36-42cb-885c-5ee71564163f,completed,2026-06-19 17:55:43.122727+00:00,2026-06-19 17:55:43.280544+00:00
d25ed168-19d7-430f-8799-ca1e0685081a,completed,2026-06-19 17:55:43.339762+00:00,2026-06-19 17:55:43.477076+00:00
a22e4ac1-90d6-4729-8a32-1bc6e7773d73,completed,2026-06-19 17:55:45.853738+00:00,2026-06-19 17:55:45.996411+00:00
b568f1f9-7f5f-4142-bfb3-a8e87cd4e2e2,completed,2026-06-19 17:55:43.533915+00:00,2026-06-19 17:55:43.665193+00:00
0449592b-e0fd-4e83-9d5b-f53bbb5d8c14,completed,2026-06-19 17:55:44.924885+00:00,2026-06-19 17:55:45.063867+00:00
d49f3522-80c5-4633-bb96-c1fb029df610,completed,2026-06-19 17:55:43.738924+00:00,2026-06-19 17:55:43.879051+00:00
c5d8050b-319e-4c7c-9174-16149cccec6e,completed,2026-06-19 17:55:43.941363+00:00,2026-06-19 17:55:44.076280+00:00
7e32ed7c-4638-4282-a6c8-4cf2548c74a0,completed,2026-06-19 17:55:44.148726+00:00,2026-06-19 17:55:44.283794+00:00
edfefa19-3c24-4f6e-ac48-72907d434b50,completed,2026-06-19 17:55:45.126024+00:00,2026-06-19 17:55:45.266103+00:00
7da663f4-59b3-4b40-a88a-978611d9234c,completed,2026-06-19 17:55:44.353633+00:00,2026-06-19 17:55:44.494656+00:00
aca021b4-812b-4810-ba7d-b268d3937959,completed,2026-06-19 17:55:46.569784+00:00,2026-06-19 17:55:46.701734+00:00
c6e9c7f2-09c0-4d12-9231-5eb683971e92,completed,2026-06-19 17:55:46.037883+00:00,2026-06-19 17:55:46.181794+00:00
b78a0e40-5ede-4b56-9a4b-aebdfde09d0e,completed,2026-06-19 17:55:45.298745+00:00,2026-06-19 17:55:45.456720+00:00
4a23d0f5-4f30-4245-8d2f-343f7d4ce9e3,completed,2026-06-19 17:55:45.491651+00:00,2026-06-19 17:55:45.634908+00:00
41a5a410-1eea-4782-99db-006904e6914e,completed,2026-06-19 17:55:45.669121+00:00,2026-06-19 17:55:45.809925+00:00
b9a924a6-6dbe-411b-af20-589e6d77e24d,completed,2026-06-19 17:55:46.196649+00:00,2026-06-19 17:55:46.333735+00:00
891e0c86-9bd4-4399-ac37-7e033795c84a,completed,2026-06-19 17:55:47.072566+00:00,2026-06-19 17:55:47.211100+00:00
d4cc786f-f86b-452e-8ea0-7d22ac96b5e2,completed,2026-06-19 17:55:46.372723+00:00,2026-06-19 17:55:46.510543+00:00
34be572d-b2e8-4fe1-81e7-65b6db2c9163,completed,2026-06-19 17:55:46.726078+00:00,2026-06-19 17:55:46.927050+00:00
415b2c82-24cd-492b-898f-0b8e366060ac,completed,2026-06-19 17:55:47.131573+00:00,2026-06-19 17:55:47.281339+00:00
e5a5ac25-b764-48f9-ba98-3ca607bea7a8,completed,2026-06-19 17:55:47.905902+00:00,2026-06-19 17:55:48.035894+00:00
93a0566e-8aac-47c1-9789-adc16c1ed078,completed,2026-06-19 17:55:47.628897+00:00,2026-06-19 17:55:47.766718+00:00
0d6aa38f-ffea-47a8-a443-c4d3bd921412,completed,2026-06-19 17:55:47.741400+00:00,2026-06-19 17:55:47.882982+00:00
788ac03e-7049-4dc1-9ef3-d90e88aa8903,completed,2026-06-19 17:55:47.806457+00:00,2026-06-19 17:55:47.946751+00:00
f1df5d26-97a9-4d46-b3cb-9fe0128c1055,completed,2026-06-19 17:55:48.073823+00:00,2026-06-19 17:55:48.204518+00:00
b65cb872-f375-4f5e-ad43-1ccc364d158e,completed,2026-06-19 17:55:49.813547+00:00,2026-06-19 17:55:49.950965+00:00
bcd1b9ca-f7ac-49da-b427-a006c0243711,completed,2026-06-19 17:55:48.462406+00:00,2026-06-19 17:55:48.603852+00:00
ce153cda-3858-4d7d-ba2f-87a928744ac5,completed,2026-06-19 17:55:51.724438+00:00,2026-06-19 17:55:51.866017+00:00
1af73a2c-5fa2-4489-9759-78b54551f2f6,completed,2026-06-19 17:55:48.561978+00:00,2026-06-19 17:55:48.700944+00:00
e3249381-2cc1-4fa8-9e98-cef2ce2c1a00,completed,2026-06-19 17:55:48.628756+00:00,2026-06-19 17:55:48.768216+00:00
eabe660e-d138-4eaa-8e1d-e85d6261396c,completed,2026-06-19 17:55:49.966961+00:00,2026-06-19 17:55:50.100001+00:00
f8a61ca7-79b8-4434-a769-bf0cdad2f3ff,completed,2026-06-19 17:55:48.879564+00:00,2026-06-19 17:55:49.010749+00:00
7ca21730-b679-4976-a3a3-8cd48d500d69,completed,2026-06-19 17:55:50.858999+00:00,2026-06-19 17:55:50.991562+00:00
a8bfa6e0-5983-4827-907b-4ed5f93cc9b8,completed,2026-06-19 17:55:48.946238+00:00,2026-06-19 17:55:49.092692+00:00
1ec36eae-69cb-4723-820a-84b2d0d7fff9,completed,2026-06-19 17:55:49.037236+00:00,2026-06-19 17:55:49.176296+00:00
cd3b2d71-9ce6-44ca-b6be-8cc80e151492,completed,2026-06-19 17:55:50.115701+00:00,2026-06-19 17:55:50.257409+00:00
5d678b54-cec9-45cf-a59c-f80589e2a819,completed,2026-06-19 17:55:49.196382+00:00,2026-06-19 17:55:49.342530+00:00
5bd35191-9f9e-4d9d-ac48-0bb4784491ca,completed,2026-06-19 17:55:49.353767+00:00,2026-06-19 17:55:49.497403+00:00
7bb02c08-09d0-43a9-9bbd-85b5058e814f,completed,2026-06-19 17:55:49.507727+00:00,2026-06-19 17:55:49.652670+00:00
11f8979f-d505-4f08-bb4e-bd1050d43325,completed,2026-06-19 17:55:50.266302+00:00,2026-06-19 17:55:50.402253+00:00
315124cb-5c6e-4fbb-a2e0-9742a9f9ea09,completed,2026-06-19 17:55:49.661514+00:00,2026-06-19 17:55:49.791648+00:00
0fcbe86c-f2cc-468d-bed6-78877f5e3a0d,completed,2026-06-19 17:55:51.439112+00:00,2026-06-19 17:55:51.578063+00:00
155980c6-a4bb-49b9-9659-7c14de822374,completed,2026-06-19 17:55:50.415119+00:00,2026-06-19 17:55:50.549067+00:00
bab06436-dda7-4886-b834-c8dde855da08,completed,2026-06-19 17:55:50.567307+00:00,2026-06-19 17:55:50.693352+00:00
07cb9651-1a06-4b6b-8ea8-3313eed52cf7,completed,2026-06-19 17:55:51.012738+00:00,2026-06-19 17:55:51.159463+00:00
d51ce409-e0e9-4dc5-bbe2-afe2378250e3,completed,2026-06-19 17:55:50.711046+00:00,2026-06-19 17:55:50.845468+00:00
0ba5d2fa-900d-41fd-84fb-94f5760db517,completed,2026-06-19 17:55:51.148884+00:00,2026-06-19 17:55:51.286222+00:00
a91fed98-b554-4574-a8a0-44b282c410cf,completed,2026-06-19 17:55:52.005478+00:00,2026-06-19 17:55:52.143096+00:00
f1a6f6ac-c37c-446c-87f6-21fbbd993678,completed,2026-06-19 17:55:51.291151+00:00,2026-06-19 17:55:51.432502+00:00
3b282d1b-3b81-4931-9f34-385e08d2b544,completed,2026-06-19 17:55:51.581746+00:00,2026-06-19 17:55:51.720215+00:00
a7759a37-4c43-4e55-b666-efa33821983b,completed,2026-06-19 17:55:51.865030+00:00,2026-06-19 17:55:52.006346+00:00
50e4cfaf-a9dd-4ca6-9070-9633f2594434,completed,2026-06-19 17:55:52.144917+00:00,2026-06-19 17:55:52.285272+00:00
98ac1b82-dd02-4f2e-bee2-1a9d703e99a1,completed,2026-06-19 17:55:52.282879+00:00,2026-06-19 17:55:52.422246+00:00
e9e899d3-91bc-48c3-a3d4-66f2f5a14db7,completed,2026-06-19 17:55:52.698930+00:00,2026-06-19 17:55:52.830412+00:00
2c120694-eacd-4fb5-ad19-5081e78715a3,completed,2026-06-19 17:55:52.424877+00:00,2026-06-19 17:55:52.555785+00:00
db64a853-7d9c-428c-8cf4-99491d48cad1,completed,2026-06-19 17:55:52.561491+00:00,2026-06-19 17:55:52.705778+00:00
cba2e9e6-f0a2-4864-81f9-018105aa2685,completed,2026-06-19 17:55:54.944182+00:00,2026-06-19 17:55:55.074582+00:00
f9096df4-b534-40dc-aea2-f8dab90d238c,completed,2026-06-19 17:55:52.835156+00:00,2026-06-19 17:55:52.971640+00:00
ed661e5e-9a2d-4940-8cef-f76cb1b119cf,completed,2026-06-19 17:55:54.160453+00:00,2026-06-19 17:55:54.324834+00:00
07fff739-051b-4f5d-b33b-8655eb6cfb3d,completed,2026-06-19 17:55:52.982349+00:00,2026-06-19 17:55:53.119216+00:00
8162db11-3201-4602-ad4a-683fd7bb6db7,completed,2026-06-19 17:55:53.111121+00:00,2026-06-19 17:55:53.251174+00:00
49c53ff0-16ff-417e-9239-a76aeb1d02f0,completed,2026-06-19 17:55:53.240937+00:00,2026-06-19 17:55:53.371052+00:00
136b9933-6cf1-40a0-a575-aa504392331d,completed,2026-06-19 17:55:54.287191+00:00,2026-06-19 17:55:54.430247+00:00
c6fa74bd-d5b7-4204-b753-23acc4406df6,completed,2026-06-19 17:55:53.374652+00:00,2026-06-19 17:55:53.507145+00:00
1516fca9-d504-49e1-a23b-e5e53968fbf5,completed,2026-06-19 17:55:53.507056+00:00,2026-06-19 17:55:53.639834+00:00
b9eb3962-a8f5-4bf9-b51f-57aa7f286314,completed,2026-06-19 17:55:55.429179+00:00,2026-06-19 17:55:55.578338+00:00
b8907b9f-04bf-4342-8a85-f7b62fdf7307,completed,2026-06-19 17:55:53.636791+00:00,2026-06-19 17:55:53.772147+00:00
4c6327b2-fbdd-4c5b-972c-cede8c83ca5e,completed,2026-06-19 17:55:54.419593+00:00,2026-06-19 17:55:54.564535+00:00
d5ec62d8-7ac6-4b46-8ff8-92b951c1493a,completed,2026-06-19 17:55:53.771392+00:00,2026-06-19 17:55:53.911276+00:00
721ef9fb-bb87-45e3-aa1a-f94d278f9bfb,completed,2026-06-19 17:55:55.065785+00:00,2026-06-19 17:55:55.203389+00:00
bf1c1124-f772-47bd-8b0a-6a7d0a155e04,completed,2026-06-19 17:55:53.900220+00:00,2026-06-19 17:55:54.053530+00:00
19461567-84ae-4505-8ab7-949f6eaf266e,completed,2026-06-19 17:55:54.031351+00:00,2026-06-19 17:55:54.178377+00:00
1dd49b14-2331-4cce-b91f-10b6232e83f5,completed,2026-06-19 17:55:54.548426+00:00,2026-06-19 17:55:54.698119+00:00
027a2c98-268b-453f-b5f7-46b09b307a22,completed,2026-06-19 17:55:54.690336+00:00,2026-06-19 17:55:54.832208+00:00
80659305-dfe9-43f5-97c7-04bf9afdc621,completed,2026-06-19 17:55:54.816037+00:00,2026-06-19 17:55:54.953053+00:00
77f13441-990b-4dcf-a46a-6ca3df3a50a2,completed,2026-06-19 17:55:55.549475+00:00,2026-06-19 17:55:55.698620+00:00
1a5ab790-b917-4e3b-b836-a1efad1db533,completed,2026-06-19 17:55:55.182224+00:00,2026-06-19 17:55:55.325598+00:00
08781bad-5b7e-486e-8a9a-6e009155f78d,completed,2026-06-19 17:55:55.796942+00:00,2026-06-19 17:55:55.950988+00:00
6ce9b724-b49d-458c-b91c-3750d92edef4,completed,2026-06-19 17:55:55.304108+00:00,2026-06-19 17:55:55.448172+00:00
d75d7ce2-d86c-4eb5-a6fc-8db31a9ba047,completed,2026-06-19 17:55:56.042430+00:00,2026-06-19 17:55:56.194789+00:00
02b0b648-6a81-4860-8e3b-494bf796e27d,completed,2026-06-19 17:55:55.674537+00:00,2026-06-19 17:55:55.832536+00:00
df2a75e4-78af-49da-81c2-6a5d2dc846f2,completed,2026-06-19 17:55:56.643883+00:00,2026-06-19 17:55:56.796261+00:00
171a08e4-575b-4077-b1a7-b8bf46033334,completed,2026-06-19 17:55:55.922515+00:00,2026-06-19 17:55:56.069341+00:00
2ed8441e-d005-46e8-850b-63903dc4203c,completed,2026-06-19 17:55:56.161569+00:00,2026-06-19 17:55:56.307241+00:00
a2ce0fd3-370f-447c-adee-ea5573e78b6d,completed,2026-06-19 17:55:56.284814+00:00,2026-06-19 17:55:56.430394+00:00
c9973a02-9e05-4342-9b7a-46c5b6767d7a,completed,2026-06-19 17:55:56.413404+00:00,2026-06-19 17:55:56.548585+00:00
bb9885ec-37c3-4663-8979-31a607453891,completed,2026-06-19 17:55:56.525266+00:00,2026-06-19 17:55:56.666393+00:00
b1b93a8c-5894-4952-bc5d-1f117b5c11b2,completed,2026-06-19 17:55:58.613214+00:00,2026-06-19 17:55:58.762938+00:00
32dcb307-b8ac-43e9-b1e3-ad3a3921b75f,completed,2026-06-19 17:55:57.943857+00:00,2026-06-19 17:55:58.091202+00:00
8f598b47-6870-4f08-9c30-7a8bbbcb6d00,completed,2026-06-19 17:55:56.764491+00:00,2026-06-19 17:55:56.912280+00:00
36b5f97b-d72c-4636-adc0-553b9e8964f2,completed,2026-06-19 17:55:56.885587+00:00,2026-06-19 17:55:57.031577+00:00
20536c9d-2e12-4cb4-8395-ea52a6045f7c,completed,2026-06-19 17:55:57.001306+00:00,2026-06-19 17:55:57.152166+00:00
3e6b7638-8146-4445-b10c-2ba1cb5c52eb,completed,2026-06-19 17:55:58.050172+00:00,2026-06-19 17:55:58.190977+00:00
5ed1796e-13ad-490c-adfe-5a3396d0814d,completed,2026-06-19 17:55:57.120407+00:00,2026-06-19 17:55:57.265858+00:00
f652bb0a-c39b-474d-8631-2400ef9ac07e,completed,2026-06-19 17:55:57.236404+00:00,2026-06-19 17:55:57.384114+00:00
5d26d359-1e56-4139-bcfc-b4a996f39589,completed,2026-06-19 17:55:59.059964+00:00,2026-06-19 17:55:59.204154+00:00
7e958f3c-cf58-4929-9167-1043a2852552,completed,2026-06-19 17:55:57.358428+00:00,2026-06-19 17:55:57.500815+00:00
4cf8d49c-4dfa-44b3-845e-bfabc169183c,completed,2026-06-19 17:55:58.161600+00:00,2026-06-19 17:55:58.300500+00:00
af5580fd-a0b3-40d0-a89a-760798e69947,completed,2026-06-19 17:55:57.468880+00:00,2026-06-19 17:55:57.608560+00:00
a857e813-4164-4887-8d21-adb9a1656d90,completed,2026-06-19 17:55:57.588749+00:00,2026-06-19 17:55:57.735379+00:00
c48d7734-b4c6-41d0-8974-ccdd788bde0e,completed,2026-06-19 17:55:58.726178+00:00,2026-06-19 17:55:58.873186+00:00
2ac614c3-6408-4daa-a67f-059484046cb9,completed,2026-06-19 17:55:57.721279+00:00,2026-06-19 17:55:57.862708+00:00
a2c479ba-52a9-4298-abb7-11a8df0a7fa4,completed,2026-06-19 17:55:57.824117+00:00,2026-06-19 17:55:57.962544+00:00
1a30507b-1dbc-4622-8d33-7d9dd144da13,completed,2026-06-19 17:55:58.274399+00:00,2026-06-19 17:55:58.406848+00:00
6e24db6b-9a73-4aaa-8afe-e53fae128b63,completed,2026-06-19 17:55:58.386819+00:00,2026-06-19 17:55:58.532329+00:00
57594e3b-68d5-4e71-b615-4214d96b5069,completed,2026-06-19 17:55:58.499548+00:00,2026-06-19 17:55:58.642342+00:00
f981b9e0-4ef8-4a42-b531-117407281f3b,completed,2026-06-19 17:55:59.171991+00:00,2026-06-19 17:55:59.311310+00:00
0d22416e-69ec-489c-91a2-ba85c9e64ba9,completed,2026-06-19 17:55:58.840908+00:00,2026-06-19 17:55:59.001244+00:00
f5064a58-7fb1-4559-b8fe-eed914fe12ea,completed,2026-06-19 17:55:59.392720+00:00,2026-06-19 17:55:59.546785+00:00
8871d08f-6e28-4f33-9be9-518d51f379ab,completed,2026-06-19 17:55:58.952736+00:00,2026-06-19 17:55:59.095270+00:00
1dd07c43-607d-4458-a243-47279818a24c,completed,2026-06-19 17:55:59.608868+00:00,2026-06-19 17:55:59.753090+00:00
280abfa0-1441-4e88-8bac-efcbe3ba69ca,completed,2026-06-19 17:55:59.279558+00:00,2026-06-19 17:55:59.420485+00:00
cda08375-11ef-4d2a-930c-2eb23884a140,completed,2026-06-19 17:56:00.153884+00:00,2026-06-19 17:56:00.319940+00:00
d2a9105f-fa56-4b50-b9fc-fcd6266473fd,completed,2026-06-19 17:55:59.501142+00:00,2026-06-19 17:55:59.640405+00:00
ea0f2d90-80cf-4f4c-b50d-533a187088fb,completed,2026-06-19 17:55:59.719743+00:00,2026-06-19 17:55:59.862558+00:00
7cbdc353-6aa3-4c51-b220-ad41971f5b60,completed,2026-06-19 17:55:59.824932+00:00,2026-06-19 17:55:59.971764+00:00
127a262f-c51a-44d5-8c0e-0f4344f63ed6,completed,2026-06-19 17:55:59.935762+00:00,2026-06-19 17:56:00.087997+00:00
2944c1c1-d9cd-4a57-8469-c6a916b4ee41,completed,2026-06-19 17:56:00.046638+00:00,2026-06-19 17:56:00.184935+00:00
4ec46b1b-a47f-4630-9301-3aecc049bcab,completed,2026-06-19 17:56:01.941184+00:00,2026-06-19 17:56:02.083113+00:00
8ee69107-232a-47a7-909d-447be3d01763,completed,2026-06-19 17:56:01.317060+00:00,2026-06-19 17:56:01.484295+00:00
f472d7e8-1ae1-4457-b811-06a50e462d00,completed,2026-06-19 17:56:00.264140+00:00,2026-06-19 17:56:00.402859+00:00
981f275c-6781-4bc4-8fb1-8d8b742cd88e,completed,2026-06-19 17:56:00.368567+00:00,2026-06-19 17:56:00.519013+00:00
1c84efe1-ac81-4643-9936-3efaa6661ee5,completed,2026-06-19 17:56:00.477627+00:00,2026-06-19 17:56:00.622564+00:00
0c37c878-20c9-493f-b6f8-cd7a2a6abf54,completed,2026-06-19 17:56:01.428867+00:00,2026-06-19 17:56:01.601372+00:00
635356dd-4cbf-446b-bb8a-392ee45124ae,completed,2026-06-19 17:56:00.581029+00:00,2026-06-19 17:56:00.716798+00:00
006a2186-007a-420a-97af-68e5be609eaf,completed,2026-06-19 17:56:00.704017+00:00,2026-06-19 17:56:00.852879+00:00
fdc48a53-ddf4-42af-9df9-1afd88f3b78d,completed,2026-06-19 17:56:02.341509+00:00,2026-06-19 17:56:02.497523+00:00
2d788609-310b-409a-a158-953f8d885622,completed,2026-06-19 17:56:00.792053+00:00,2026-06-19 17:56:00.936345+00:00
94039082-b032-4b2e-a090-91a6272c1ee9,completed,2026-06-19 17:56:01.530161+00:00,2026-06-19 17:56:01.672978+00:00
b20f0da3-fe41-42aa-a6bb-55c712b29a5f,completed,2026-06-19 17:56:00.899214+00:00,2026-06-19 17:56:01.049942+00:00
5e172d47-db52-492d-93b4-8a8e353e387b,completed,2026-06-19 17:56:01.001923+00:00,2026-06-19 17:56:01.154218+00:00
9591c74e-415b-4051-a1b3-cdca12343415,completed,2026-06-19 17:56:02.036748+00:00,2026-06-19 17:56:02.182318+00:00
c9def212-7cd6-43a6-bc85-c566eda72400,completed,2026-06-19 17:56:01.109363+00:00,2026-06-19 17:56:01.256704+00:00
01b75e58-3689-4a20-a703-a130df0d9e1d,completed,2026-06-19 17:56:01.209800+00:00,2026-06-19 17:56:01.359580+00:00
b032407b-a107-4810-acdf-ff68c3d59497,completed,2026-06-19 17:56:01.639888+00:00,2026-06-19 17:56:01.792229+00:00
1b26601e-6c58-4e4d-a04e-e1f48b666129,completed,2026-06-19 17:56:01.731479+00:00,2026-06-19 17:56:01.874790+00:00
d9ad5e79-61b9-42b6-9a7d-04861184b904,completed,2026-06-19 17:56:01.833805+00:00,2026-06-19 17:56:01.969011+00:00
25ca54fc-3219-455c-a948-0c1131888b96,completed,2026-06-19 17:56:02.439630+00:00,2026-06-19 17:56:02.590902+00:00
2fbf3c1d-2be6-4e26-b8d4-afafbdf51e5a,completed,2026-06-19 17:56:02.139476+00:00,2026-06-19 17:56:02.279538+00:00
d6791072-5493-430c-a486-c683a9bc8e22,completed,2026-06-19 17:56:02.640979+00:00,2026-06-19 17:56:02.832862+00:00
998a94df-922a-41a3-b493-513a3216e0a0,completed,2026-06-19 17:56:02.237022+00:00,2026-06-19 17:56:02.370774+00:00
9cb4537f-552a-43a6-873d-873cb460754f,completed,2026-06-19 17:56:02.840284+00:00,2026-06-19 17:56:02.992285+00:00
b3a081e8-66c1-4e11-b987-c3cb4408d56c,completed,2026-06-19 17:56:02.538969+00:00,2026-06-19 17:56:02.686203+00:00
1be880e4-fc1f-4ded-93ca-cd356cdfe729,completed,2026-06-19 17:56:03.332764+00:00,2026-06-19 17:56:03.501795+00:00
3cb433f7-174e-4f4f-ab8e-a7d35e3c4f08,completed,2026-06-19 17:56:02.743762+00:00,2026-06-19 17:56:02.886974+00:00
89c61406-57cf-425a-bc55-7b410ce424a3,completed,2026-06-19 17:56:02.941467+00:00,2026-06-19 17:56:03.081733+00:00
09d735c6-d2c2-4f25-8b42-5ee00d25fac5,completed,2026-06-19 17:56:03.040318+00:00,2026-06-19 17:56:03.202295+00:00
95eabbd1-a490-4194-b807-e4828d6b6b62,completed,2026-06-19 17:56:03.136894+00:00,2026-06-19 17:56:03.288264+00:00
3cb65ee2-8cc0-4607-bb31-adee8d460d81,completed,2026-06-19 17:56:03.232450+00:00,2026-06-19 17:56:03.387462+00:00
7a337cbb-248d-4332-8a08-36175ccf05a4,completed,2026-06-19 17:56:04.920708+00:00,2026-06-19 17:56:05.058634+00:00
95eae81c-770d-45fd-b855-4ca6ff1d464d,completed,2026-06-19 17:56:04.375652+00:00,2026-06-19 17:56:04.526887+00:00
bea3f764-b139-4db5-9516-869e3d950e01,completed,2026-06-19 17:56:03.431525+00:00,2026-06-19 17:56:03.580953+00:00
8ada1528-1646-42d8-94d4-3010970c3029,completed,2026-06-19 17:56:03.528711+00:00,2026-06-19 17:56:03.667984+00:00
b184b47d-2ed3-4466-bdba-5e93296795a5,completed,2026-06-19 17:56:03.627144+00:00,2026-06-19 17:56:03.774237+00:00
a1f48623-21de-4667-92de-0e102a4434ba,completed,2026-06-19 17:56:04.465704+00:00,2026-06-19 17:56:04.628413+00:00
66b2b7b0-5b7c-4cfd-afa2-74e2dd891018,completed,2026-06-19 17:56:03.726538+00:00,2026-06-19 17:56:03.886984+00:00
f7dbd844-f804-4491-afb0-35815e89acab,completed,2026-06-19 17:56:03.817441+00:00,2026-06-19 17:56:03.989916+00:00
f699d042-148d-4e39-9686-508818e48f83,completed,2026-06-19 17:56:05.279437+00:00,2026-06-19 17:56:05.438453+00:00
44edb268-15f3-4e42-b82b-b4cbaeee3723,completed,2026-06-19 17:56:03.910720+00:00,2026-06-19 17:56:04.098350+00:00
4971f53e-822b-47b0-becd-80e92183ded3,completed,2026-06-19 17:56:04.557275+00:00,2026-06-19 17:56:04.716265+00:00
ecd0f0ea-89d4-4f19-a4c6-b5e458a85a96,completed,2026-06-19 17:56:04.004527+00:00,2026-06-19 17:56:04.159587+00:00
5b066f62-140d-4d5a-8102-6053db81b171,completed,2026-06-19 17:56:04.118413+00:00,2026-06-19 17:56:04.274579+00:00
6f163225-3d78-47ef-be98-7ec05a297ec9,completed,2026-06-19 17:56:05.013226+00:00,2026-06-19 17:56:05.163658+00:00
147854bc-c49a-4d06-a4c1-cb282ff668a9,completed,2026-06-19 17:56:04.189479+00:00,2026-06-19 17:56:04.388486+00:00
1a327859-41d3-4389-92f4-35f6a1a877bd,completed,2026-06-19 17:56:04.284378+00:00,2026-06-19 17:56:04.431364+00:00
3e2a9e6e-be3b-4355-879c-d417513cbd25,completed,2026-06-19 17:56:04.648824+00:00,2026-06-19 17:56:04.810893+00:00
6d274328-d34b-48ab-a62a-ecac467964ed,completed,2026-06-19 17:56:04.742279+00:00,2026-06-19 17:56:04.888474+00:00
bfc74d92-edbc-4334-a35e-447090327559,completed,2026-06-19 17:56:04.832773+00:00,2026-06-19 17:56:04.974080+00:00
1b0f63a2-5303-4d2a-a17a-e987e12b5eb9,completed,2026-06-19 17:56:05.369596+00:00,2026-06-19 17:56:05.516744+00:00
959f6761-316a-4f07-a111-a8f274f2d965,completed,2026-06-19 17:56:05.102375+00:00,2026-06-19 17:56:05.252937+00:00
46cde0c8-ca81-4018-b8d1-afe157605444,completed,2026-06-19 17:56:05.546266+00:00,2026-06-19 17:56:05.692304+00:00
53be6da6-a068-4b46-9b81-b08fbb508724,completed,2026-06-19 17:56:05.190323+00:00,2026-06-19 17:56:05.348189+00:00
97518b18-da58-45b3-8f4a-a20b12b64ea6,completed,2026-06-19 17:56:05.718452+00:00,2026-06-19 17:56:05.866482+00:00
d9b38857-3784-4d28-bb82-3a48eac64689,completed,2026-06-19 17:56:05.457973+00:00,2026-06-19 17:56:05.609850+00:00
5c7debef-11b7-4eed-934a-126a00dab96c,completed,2026-06-19 17:56:06.147053+00:00,2026-06-19 17:56:06.292590+00:00
1607666e-9ce3-4309-9a03-761859fbf3c4,completed,2026-06-19 17:56:05.633974+00:00,2026-06-19 17:56:05.773825+00:00
2b778093-209a-4c96-b2f3-d9c6e7c3b72b,completed,2026-06-19 17:56:05.805907+00:00,2026-06-19 17:56:05.957702+00:00
693d089f-eab6-41b0-bf18-287af40b3a6f,completed,2026-06-19 17:56:05.893637+00:00,2026-06-19 17:56:06.056957+00:00
6dbb55ff-2da1-4e96-b4e8-48db4b8dba20,completed,2026-06-19 17:56:05.979775+00:00,2026-06-19 17:56:06.128569+00:00
220c3611-6143-41cb-b068-d4138c28abad,completed,2026-06-19 17:56:06.066270+00:00,2026-06-19 17:56:06.217691+00:00
af14dcb7-6b43-4356-8b38-9693f67b276a,completed,2026-06-19 17:56:07.558421+00:00,2026-06-19 17:56:07.717996+00:00
8ba18504-9bf2-407f-9bce-19bc13f2a9d9,completed,2026-06-19 17:56:06.237663+00:00,2026-06-19 17:56:06.388494+00:00
952ef55e-f62f-4f9a-814a-9e92f0c26349,completed,2026-06-19 17:56:06.319778+00:00,2026-06-19 17:56:06.454164+00:00
60ce2173-281b-4029-9251-8bccca3c2b3b,completed,2026-06-19 17:56:07.074020+00:00,2026-06-19 17:56:07.248383+00:00
bce98bca-9235-4284-934a-c2f1dda2dee2,completed,2026-06-19 17:56:06.408502+00:00,2026-06-19 17:56:06.544121+00:00
68cc2db1-bb70-46ed-b00f-632fc0ade4c4,completed,2026-06-19 17:56:07.158842+00:00,2026-06-19 17:56:07.308768+00:00
aa579f67-8deb-494b-974e-15ac7baed00e,completed,2026-06-19 17:56:06.487508+00:00,2026-06-19 17:56:06.642151+00:00
a2d284a3-28b5-4be3-8feb-beb5c084647e,completed,2026-06-19 17:56:06.571559+00:00,2026-06-19 17:56:06.716249+00:00
e1e5567b-c478-4d38-9938-e93eebcbcef3,completed,2026-06-19 17:56:08.198738+00:00,2026-06-19 17:56:08.359152+00:00
adbcf319-d8f9-41ea-88d4-582092e24ee6,completed,2026-06-19 17:56:06.658829+00:00,2026-06-19 17:56:06.812733+00:00
27cdab39-b262-4398-ab8d-08f1a4e963ed,completed,2026-06-19 17:56:07.236058+00:00,2026-06-19 17:56:07.389722+00:00
66beaa52-a420-472b-9344-6632fbf54159,completed,2026-06-19 17:56:06.738711+00:00,2026-06-19 17:56:06.888438+00:00
4e115e22-a523-452a-aa9d-3e7d1b6e121c,completed,2026-06-19 17:56:06.823732+00:00,2026-06-19 17:56:06.981330+00:00
c49cbb85-dc70-4a62-b18e-309c6c71293a,completed,2026-06-19 17:56:06.910954+00:00,2026-06-19 17:56:07.070925+00:00
fabe0f1d-9add-4801-8ddf-be855531c1c4,completed,2026-06-19 17:56:07.642837+00:00,2026-06-19 17:56:07.801189+00:00
cf575d77-6fe5-40ca-8571-a9929332ad00,completed,2026-06-19 17:56:06.991614+00:00,2026-06-19 17:56:07.141394+00:00
fec14481-895e-4591-87ff-f3c78bc0fa8e,completed,2026-06-19 17:56:07.317073+00:00,2026-06-19 17:56:07.468748+00:00
071a75c7-6ff8-4fa4-8dbf-a2376528e677,completed,2026-06-19 17:56:07.881341+00:00,2026-06-19 17:56:08.067012+00:00
caa336b5-90eb-4956-abf8-d2db65727123,completed,2026-06-19 17:56:07.398799+00:00,2026-06-19 17:56:07.546269+00:00
f25d64e2-ad1b-47b4-a8e3-c0d7f0835245,completed,2026-06-19 17:56:07.960092+00:00,2026-06-19 17:56:08.103614+00:00
281f84bb-79eb-4dd3-be72-65a6805bc39f,completed,2026-06-19 17:56:07.479716+00:00,2026-06-19 17:56:07.634294+00:00
e0dbfcff-6d3b-4fda-a762-e37268253b69,completed,2026-06-19 17:56:07.721291+00:00,2026-06-19 17:56:07.877012+00:00
38d0335b-0991-469f-bd20-dc0aec1509e4,completed,2026-06-19 17:56:08.038813+00:00,2026-06-19 17:56:08.214345+00:00
e92dab44-edb9-4115-9205-0be3dab1932b,completed,2026-06-19 17:56:07.799710+00:00,2026-06-19 17:56:07.947417+00:00
4ea574b1-32e1-47e9-b97f-acca7d3cc0b0,completed,2026-06-19 17:56:08.662093+00:00,2026-06-19 17:56:08.837367+00:00
e2e960e3-9bc2-430e-8255-a75fbd681dda,completed,2026-06-19 17:56:08.357181+00:00,2026-06-19 17:56:08.498417+00:00
ada510e2-6b20-414a-8c78-e699ba72291a,completed,2026-06-19 17:56:08.116616+00:00,2026-06-19 17:56:08.282781+00:00
2e721a6f-5cbc-4a58-b59a-f0925d2e7d6d,completed,2026-06-19 17:56:08.273786+00:00,2026-06-19 17:56:08.419951+00:00
7837ca4d-23a6-41a5-be13-c24c42d5543a,completed,2026-06-19 17:56:08.432738+00:00,2026-06-19 17:56:08.576416+00:00
48fa4888-de0f-4c3e-8d01-c3b2987c5f1d,completed,2026-06-19 17:56:08.508553+00:00,2026-06-19 17:56:08.661122+00:00
53ce06a2-fb0a-43d6-bd65-6f89c9da6752,completed,2026-06-19 17:56:08.590213+00:00,2026-06-19 17:56:08.748820+00:00
9e57b0a5-0b3f-4cbf-a6f3-8b13d5accab5,completed,2026-06-19 17:56:09.873128+00:00,2026-06-19 17:56:10.059682+00:00
c5ebd0fc-c51d-4b65-9b39-c7d242a5a4b2,completed,2026-06-19 17:56:09.421638+00:00,2026-06-19 17:56:09.604807+00:00
667552e8-9896-4121-903c-42088e2378e4,completed,2026-06-19 17:56:08.738902+00:00,2026-06-19 17:56:08.914329+00:00
cc9b2508-0bb8-4c90-b3c0-2a7ece050ecc,completed,2026-06-19 17:56:08.815691+00:00,2026-06-19 17:56:08.999908+00:00
350b50ff-6923-42d0-8103-037ccff9986e,completed,2026-06-19 17:56:09.496791+00:00,2026-06-19 17:56:09.670872+00:00
c9a27d44-d57c-47b3-9ca9-ae4ec150f2e9,completed,2026-06-19 17:56:08.894403+00:00,2026-06-19 17:56:09.068209+00:00
775673ca-3f1a-4b98-8c4c-c885be03a3cc,completed,2026-06-19 17:56:08.968689+00:00,2026-06-19 17:56:09.141227+00:00
25a79670-e39a-4b5e-a131-2f5de9255d87,completed,2026-06-19 17:56:10.179385+00:00,2026-06-19 17:56:10.329162+00:00
3e56b4b1-720a-4630-a7ee-fcf3d2ffdcdd,completed,2026-06-19 17:56:09.045221+00:00,2026-06-19 17:56:09.202061+00:00
138bc38b-0a87-4238-82e3-593879b67155,completed,2026-06-19 17:56:09.573638+00:00,2026-06-19 17:56:09.736306+00:00
376c1de0-dbd7-4259-9f6b-a15ed6d5dee3,completed,2026-06-19 17:56:09.121838+00:00,2026-06-19 17:56:09.299889+00:00
1079a112-18e7-49cf-8a3e-676479e7438d,completed,2026-06-19 17:56:09.195106+00:00,2026-06-19 17:56:09.340436+00:00
f5978d24-a23c-4b67-8c89-97154fdc0b4a,completed,2026-06-19 17:56:09.645870+00:00,2026-06-19 17:56:09.792097+00:00
1aed997f-a0e7-41e3-9b4d-e935893ef1e5,completed,2026-06-19 17:56:09.945132+00:00,2026-06-19 17:56:10.113025+00:00
1d182366-b9c4-4e47-96f7-183147dfabdb,completed,2026-06-19 17:56:09.274314+00:00,2026-06-19 17:56:09.448556+00:00
d3a9a4cd-e7de-471c-b1b8-86088a1235d6,completed,2026-06-19 17:56:10.018658+00:00,2026-06-19 17:56:10.172796+00:00
7e5c7af8-f1ae-41c7-ad36-1761d1a56d22,completed,2026-06-19 17:56:09.349698+00:00,2026-06-19 17:56:09.524141+00:00
8b0b7e39-6369-436b-b5db-f500c585b8c0,completed,2026-06-19 17:56:09.724748+00:00,2026-06-19 17:56:09.885277+00:00
7b6f6510-0b2f-4bf6-a915-8e0b31a65234,completed,2026-06-19 17:56:10.953133+00:00,2026-06-19 17:56:11.113932+00:00
70004645-9486-4771-8594-2f40e0aaacf2,completed,2026-06-19 17:56:09.796102+00:00,2026-06-19 17:56:09.968291+00:00
c4b50e06-67a0-48e5-be22-0a24e9e6df41,completed,2026-06-19 17:56:10.242520+00:00,2026-06-19 17:56:10.396017+00:00
0feee6e8-f03a-4f13-95b7-feb7f03b34d9,completed,2026-06-19 17:56:10.381477+00:00,2026-06-19 17:56:10.534566+00:00
130c22d7-fe89-461e-8931-a1ba400ee2a7,completed,2026-06-19 17:56:10.091027+00:00,2026-06-19 17:56:10.261497+00:00
bb237d26-15b6-4c62-b56d-2ce99ae04494,completed,2026-06-19 17:56:10.523570+00:00,2026-06-19 17:56:10.682780+00:00
feee5afb-864c-4145-8159-1be3d75a587e,completed,2026-06-19 17:56:10.310040+00:00,2026-06-19 17:56:10.483611+00:00
ae0d717c-bbe0-49ee-bfbe-d0fd1e9fd1bd,completed,2026-06-19 17:56:10.880318+00:00,2026-06-19 17:56:11.050260+00:00
c277d534-5048-4b68-9fb5-440abf827cee,completed,2026-06-19 17:56:10.452433+00:00,2026-06-19 17:56:10.608315+00:00
5199a513-d4fb-4c4f-aab9-19e6abe93779,completed,2026-06-19 17:56:10.598044+00:00,2026-06-19 17:56:10.778472+00:00
92f96efa-98e8-4e43-afae-1003d2687e30,completed,2026-06-19 17:56:10.670284+00:00,2026-06-19 17:56:10.855632+00:00
49a3eda6-98a8-4ea4-8693-e70bb367f900,completed,2026-06-19 17:56:10.738976+00:00,2026-06-19 17:56:10.907395+00:00
13ff60a3-f1b6-4bc2-a8dd-d9ec920f9740,completed,2026-06-19 17:56:10.811765+00:00,2026-06-19 17:56:10.980420+00:00
4df39a72-f644-40ae-89b4-65fa3894bb37,completed,2026-06-19 17:56:12.065585+00:00,2026-06-19 17:56:12.220181+00:00
63dbbf00-b4ec-436e-b827-459c647f21df,completed,2026-06-19 17:56:11.653829+00:00,2026-06-19 17:56:11.844809+00:00
911ba2a1-e4f4-4b62-a9f0-2b1ff0478d98,completed,2026-06-19 17:56:11.022722+00:00,2026-06-19 17:56:11.192290+00:00
01ea6548-9da8-473d-b787-a0405584f308,completed,2026-06-19 17:56:11.095468+00:00,2026-06-19 17:56:11.259687+00:00
92b7fa0b-4a43-4f6c-ab18-ecba6e22d776,completed,2026-06-19 17:56:11.720295+00:00,2026-06-19 17:56:11.900694+00:00
ee97bdfc-3c62-4ef9-a029-16819d03ac3f,completed,2026-06-19 17:56:11.167510+00:00,2026-06-19 17:56:11.334917+00:00
8a621b3b-c96e-4fb4-acfa-5ca541908571,completed,2026-06-19 17:56:11.233244+00:00,2026-06-19 17:56:11.430495+00:00
e1320ebf-4521-4c7e-9886-9ef19b0aa20d,completed,2026-06-19 17:56:12.336458+00:00,2026-06-19 17:56:12.622580+00:00
c1a81406-e555-46c0-ad5d-10294071f8b2,completed,2026-06-19 17:56:11.307916+00:00,2026-06-19 17:56:11.489087+00:00
593e5de6-08c9-4e12-968f-e34fe976c35e,completed,2026-06-19 17:56:11.792464+00:00,2026-06-19 17:56:11.963453+00:00
b2a98af6-43b6-4dfe-b0f9-a9a9d71d63a5,completed,2026-06-19 17:56:11.373843+00:00,2026-06-19 17:56:11.557496+00:00
1b345463-c684-4c86-81a6-9569f81d5c05,completed,2026-06-19 17:56:11.447499+00:00,2026-06-19 17:56:11.601389+00:00
740bae0e-1957-4b7b-920a-7e1c70a78340,completed,2026-06-19 17:56:12.130543+00:00,2026-06-19 17:56:12.289212+00:00
e090e58c-21c3-4938-bd00-6732a55d72da,completed,2026-06-19 17:56:11.516789+00:00,2026-06-19 17:56:11.680319+00:00
fe274e39-f693-4066-8d2e-04852a9275fa,completed,2026-06-19 17:56:11.594865+00:00,2026-06-19 17:56:11.759022+00:00
0cd0e43d-c45c-485f-a5b6-3d50270db787,completed,2026-06-19 17:56:13.073408+00:00,2026-06-19 17:56:13.784986+00:00
4ddfa697-20e0-4226-ab74-3b9f5bf9b80f,completed,2026-06-19 17:56:11.866276+00:00,2026-06-19 17:56:12.030456+00:00
b7bfc278-fc01-4d4f-b01c-67f562764cce,completed,2026-06-19 17:56:13.004744+00:00,2026-06-19 17:56:13.631636+00:00
203dcad5-b5bc-492a-bdd3-abd758900d5d,completed,2026-06-19 17:56:11.925545+00:00,2026-06-19 17:56:12.100040+00:00
16aa1e83-6dc0-485c-8ad3-f4c1182dbba9,completed,2026-06-19 17:56:11.997710+00:00,2026-06-19 17:56:12.165800+00:00
a46301ec-e3e3-4c82-b4fc-944ed4c0f02d,completed,2026-06-19 17:56:12.200512+00:00,2026-06-19 17:56:12.363523+00:00
06ad4ae9-9824-4cb9-a9c8-07d285edda5d,completed,2026-06-19 17:56:12.276933+00:00,2026-06-19 17:56:12.421639+00:00
bbbbd02b-a0df-4f5f-9478-9c64f3f29bbb,completed,2026-06-19 17:56:12.403156+00:00,2026-06-19 17:56:12.825146+00:00
fb196dd9-1876-4950-9d78-d790d50ef8b2,completed,2026-06-19 17:56:12.471612+00:00,2026-06-19 17:56:12.912898+00:00
95d10ae7-6828-42b9-b08f-e7412f0dd6a8,completed,2026-06-19 17:56:12.551680+00:00,2026-06-19 17:56:12.981191+00:00
a396b53d-27b9-43ba-9a03-77ac15ecb261,completed,2026-06-19 17:56:12.608611+00:00,2026-06-19 17:56:13.113898+00:00
a6a1f571-be0d-4a71-bee4-89f95add4b17,completed,2026-06-19 17:56:12.679425+00:00,2026-06-19 17:56:13.201236+00:00
8e8ee59c-07d3-4039-8ca9-be0ee6af1290,completed,2026-06-19 17:56:12.744368+00:00,2026-06-19 17:56:13.279972+00:00
6b3f0616-419b-4b98-b402-2f28d9547f68,completed,2026-06-19 17:56:12.806540+00:00,2026-06-19 17:56:13.385654+00:00
f7798d84-6da7-4e4d-af30-3f5f82e64889,completed,2026-06-19 17:56:12.875875+00:00,2026-06-19 17:56:13.497391+00:00
b6d01353-8deb-46c7-9f5d-4ec4e95a25b5,completed,2026-06-19 17:56:12.946282+00:00,2026-06-19 17:56:13.572562+00:00
a4c5b947-6e49-409b-bfe6-7498fb916f4a,completed,2026-06-19 17:56:13.469860+00:00,2026-06-19 17:56:14.467010+00:00
91721191-960a-4a95-b082-4ddc8a62efc4,completed,2026-06-19 17:56:13.729460+00:00,2026-06-19 17:56:15.015262+00:00
714aef78-7f54-454e-93b2-b6dccb9fc957,completed,2026-06-19 17:56:13.141966+00:00,2026-06-19 17:56:13.870273+00:00
bf51c07a-6f70-4e23-a8ea-66adb7b9b621,completed,2026-06-19 17:56:13.215790+00:00,2026-06-19 17:56:13.962461+00:00
ee2cd6c2-c19a-45c5-9706-061f22a5c8a1,completed,2026-06-19 17:56:13.533742+00:00,2026-06-19 17:56:14.587122+00:00
40460fa9-40bb-4609-b459-47a5126f7003,completed,2026-06-19 17:56:42.272585+00:00,2026-06-19 17:56:55.660696+00:00
93eba76c-e0f9-49dd-b51d-741acd0dda3f,completed,2026-06-19 17:56:13.279931+00:00,2026-06-19 17:56:14.094672+00:00
f6f10b9f-f6e1-4cdd-a648-4600d15da200,completed,2026-06-19 17:56:13.660891+00:00,2026-06-19 17:56:14.819380+00:00
20fdcbc1-e7ae-406c-b330-3680a15e2277,completed,2026-06-19 17:56:13.344219+00:00,2026-06-19 17:56:14.216512+00:00
ab7887b7-d55a-475b-b6fb-ae4a38e4cbdb,completed,2026-06-19 17:56:13.400705+00:00,2026-06-19 17:56:14.344614+00:00
899a4f1f-5725-491c-a572-dfa23b9ecbdc,completed,2026-06-19 17:56:13.597124+00:00,2026-06-19 17:56:14.651413+00:00
2b2c243f-627f-403b-abc1-1b6e412297f0,completed,2026-06-19 17:56:15.179474+00:00,2026-06-19 17:56:17.865566+00:00
e05a538d-8c27-4d73-b693-b5281432058f,completed,2026-06-19 17:56:13.794211+00:00,2026-06-19 17:56:15.096759+00:00
ac825fe3-cb08-475b-8d2b-cddb53072e9b,completed,2026-06-19 17:56:13.851781+00:00,2026-06-19 17:56:15.203722+00:00
e49cb6ae-e722-4833-a29b-ad5b003d3f51,completed,2026-06-19 17:56:13.918739+00:00,2026-06-19 17:56:15.416229+00:00
3c5a0f0e-4b65-43c8-ac9d-f15369d49b8b,completed,2026-06-19 17:56:13.982160+00:00,2026-06-19 17:56:15.484066+00:00
7a16a40a-79ff-4008-932f-aae68b36c040,completed,2026-06-19 17:56:14.111371+00:00,2026-06-19 17:56:15.930755+00:00
8f76518b-91aa-413e-8e23-65e25a0d3898,completed,2026-06-19 17:56:14.175107+00:00,2026-06-19 17:56:15.973678+00:00
c26691ff-f91a-4e11-9700-b81754c852ac,completed,2026-06-19 17:56:14.234404+00:00,2026-06-19 17:56:16.087602+00:00
805a5efc-23c8-4100-a9bf-b739e457aada,completed,2026-06-19 17:56:14.363060+00:00,2026-06-19 17:56:16.428947+00:00
b36c1d73-4ea0-4116-a496-402ca2b3ff67,completed,2026-06-19 17:56:14.426819+00:00,2026-06-19 17:56:16.638095+00:00
6d827046-f127-4359-b249-253f6007e17f,completed,2026-06-19 17:56:14.490147+00:00,2026-06-19 17:56:16.836674+00:00
17854ce8-a3eb-45be-a8bc-644578b75b1e,completed,2026-06-19 17:56:14.554251+00:00,2026-06-19 17:56:16.922380+00:00
41f6713f-3e56-4fc3-b257-4d05008ea4d5,completed,2026-06-19 17:56:14.614910+00:00,2026-06-19 17:56:17.045486+00:00
6bb271de-7ef7-4045-87f3-ff84e1f22cb7,completed,2026-06-19 17:56:14.683562+00:00,2026-06-19 17:56:17.254153+00:00
ccc93fe8-f59b-43be-af06-e2b8fdf8405e,completed,2026-06-19 17:56:14.749381+00:00,2026-06-19 17:56:17.324019+00:00
662e3682-80a0-4e34-80c6-7a17c50ac400,completed,2026-06-19 17:56:14.823690+00:00,2026-06-19 17:56:17.409021+00:00
d1c7d3bf-69db-453d-8aab-8d57bdf61b12,completed,2026-06-19 17:56:14.877117+00:00,2026-06-19 17:56:17.595681+00:00
eacae8e2-f833-42a1-9416-2898ca7c7360,completed,2026-06-19 17:56:14.934727+00:00,2026-06-19 17:56:17.636948+00:00
ec760cb7-31eb-46d6-bdca-5a6b6cb89008,completed,2026-06-19 17:56:14.988236+00:00,2026-06-19 17:56:17.665087+00:00
62df5d12-6fb7-426c-989c-47942033c63b,completed,2026-06-19 17:56:15.059715+00:00,2026-06-19 17:56:17.819992+00:00
22552488-4f2d-4fec-9596-4ed826d692ad,completed,2026-06-19 17:56:14.049827+00:00,2026-06-19 17:56:15.619552+00:00
f3889e4c-4b4c-4def-b7ad-a1ddb46f6422,completed,2026-06-19 17:56:14.303451+00:00,2026-06-19 17:56:16.444536+00:00
e92e4757-362b-4d38-8847-b88e45a32125,completed,2026-06-19 17:56:17.090696+00:00,2026-06-19 17:56:19.911595+00:00
7b2a28df-fdfb-41fb-99de-634fac261b09,completed,2026-06-19 17:56:15.300448+00:00,2026-06-19 17:56:18.064581+00:00
8bdd69d7-b453-4357-a153-f5e3e8c5f7fe,completed,2026-06-19 17:56:15.691421+00:00,2026-06-19 17:56:18.485779+00:00
20f7bd11-7ef7-4686-90af-80e485ecda53,completed,2026-06-19 17:56:15.365343+00:00,2026-06-19 17:56:18.109275+00:00
593f2bb2-34ed-454f-a0e9-446cfd3c39d9,completed,2026-06-19 17:56:15.577498+00:00,2026-06-19 17:56:18.264965+00:00
1fc37373-10bc-473e-8592-41af37178316,completed,2026-06-19 17:56:15.618783+00:00,2026-06-19 17:56:18.425876+00:00
0d32ac16-152e-41ed-bcfc-a3889c72b949,completed,2026-06-19 17:56:15.734274+00:00,2026-06-19 17:56:18.483287+00:00
b60c1ddb-60ec-4d82-9e81-71019279cb49,completed,2026-06-19 17:56:15.799058+00:00,2026-06-19 17:56:18.619667+00:00
b98b73d9-648a-4518-af07-3563cc160b17,completed,2026-06-19 17:56:15.907414+00:00,2026-06-19 17:56:18.665191+00:00
fe332bd9-b9e0-46bc-aea5-53db5c5a0efb,completed,2026-06-19 17:56:15.855650+00:00,2026-06-19 17:56:18.684520+00:00
4844e619-bbb9-4ed7-b93a-3014b8def476,completed,2026-06-19 17:56:15.973678+00:00,2026-06-19 17:56:18.799123+00:00
ebfad028-1085-4769-9b65-b2aaaf2eb882,completed,2026-06-19 17:56:16.029556+00:00,2026-06-19 17:56:18.823044+00:00
27f20cbe-d8ee-4944-8061-8bab24fa8b40,completed,2026-06-19 17:56:16.095989+00:00,2026-06-19 17:56:18.925054+00:00
ca48227d-468b-453e-b4b7-58bf3ad97ff3,completed,2026-06-19 17:56:16.199840+00:00,2026-06-19 17:56:18.955370+00:00
789efad2-9f6e-494f-898e-25894d9e75f2,completed,2026-06-19 17:56:16.217390+00:00,2026-06-19 17:56:18.988320+00:00
f969f096-5ecf-4d35-a877-f536168a9d5c,completed,2026-06-19 17:56:16.278362+00:00,2026-06-19 17:56:19.096780+00:00
76b1bef3-c6c9-4546-b793-8878dd70ec7a,completed,2026-06-19 17:56:16.388751+00:00,2026-06-19 17:56:19.144247+00:00
8e6930c2-7a5b-4536-8a8f-ba05924a8375,completed,2026-06-19 17:56:16.447282+00:00,2026-06-19 17:56:19.251385+00:00
bd1c8ab3-9a70-40a7-b104-5663f90ff5bc,completed,2026-06-19 17:56:16.562994+00:00,2026-06-19 17:56:19.336295+00:00
1c091dc5-3697-4e08-a29d-ea211b8c4d59,completed,2026-06-19 17:56:16.507314+00:00,2026-06-19 17:56:19.344415+00:00
b0837123-33e0-48e4-bedb-aa8b01efdf75,completed,2026-06-19 17:56:16.626491+00:00,2026-06-19 17:56:19.427747+00:00
769818c5-d339-4d26-9a8f-8487c5f8e8a0,completed,2026-06-19 17:56:16.739056+00:00,2026-06-19 17:56:19.531279+00:00
9b83fb8a-38b0-4eec-bf52-7964a874b506,completed,2026-06-19 17:56:16.684946+00:00,2026-06-19 17:56:19.556986+00:00
41400474-92e2-4246-88a5-df278a0b3b2e,completed,2026-06-19 17:56:16.800084+00:00,2026-06-19 17:56:19.601220+00:00
db23bd1c-94b8-4320-ae65-28f7dab9ecee,completed,2026-06-19 17:56:16.863992+00:00,2026-06-19 17:56:19.685799+00:00
88d9c515-5d92-4921-97ad-ac6fb4c718c7,completed,2026-06-19 17:56:16.916790+00:00,2026-06-19 17:56:19.736557+00:00
5f955add-ab9a-49cf-a19f-3b4f5707cecd,completed,2026-06-19 17:56:16.979992+00:00,2026-06-19 17:56:19.772490+00:00
79e26b59-e9c6-4c45-9dd9-f1c37bc25ed6,completed,2026-06-19 17:56:17.035454+00:00,2026-06-19 17:56:19.868890+00:00
2d3e3501-4c1e-4b5e-9559-62356aab2118,completed,2026-06-19 17:56:15.249545+00:00,2026-06-19 17:56:18.088734+00:00
6c1968b1-d86b-438d-bfdd-ae9fdddbf643,completed,2026-06-19 17:56:15.486316+00:00,2026-06-19 17:56:18.271286+00:00
77fe3ff3-15bc-451f-b931-7ecd6b4c20c2,completed,2026-06-19 17:56:18.961518+00:00,2026-06-19 17:56:21.798902+00:00
c9c283c9-07ab-4c7b-a80f-4ab5d9221623,completed,2026-06-19 17:56:18.909934+00:00,2026-06-19 17:56:21.795705+00:00
4937d562-6db1-4f07-8af2-9294ee41d5bc,completed,2026-06-19 17:56:17.209555+00:00,2026-06-19 17:56:20.031258+00:00
d4febc96-bf92-4443-978a-e10364144469,completed,2026-06-19 17:56:17.264111+00:00,2026-06-19 17:56:20.128548+00:00
f64144ff-2f96-432e-9b8d-de57d9bf1489,completed,2026-06-19 17:56:17.326885+00:00,2026-06-19 17:56:20.143956+00:00
23c067be-2342-4bcc-ba00-cef110382b20,completed,2026-06-19 17:56:17.383929+00:00,2026-06-19 17:56:20.187803+00:00
30c383d5-f470-4717-b2d2-8f0ae2a805c3,completed,2026-06-19 17:56:17.499906+00:00,2026-06-19 17:56:20.300721+00:00
c96415fd-b49d-4378-9b0d-20988dc39e73,completed,2026-06-19 17:56:17.558640+00:00,2026-06-19 17:56:20.376346+00:00
fe677e1b-5026-4bb3-b5e1-59d3f48abad7,completed,2026-06-19 17:56:17.613690+00:00,2026-06-19 17:56:20.467486+00:00
1b5a57f5-5216-400f-bca7-1c1351a4d90a,completed,2026-06-19 17:56:17.667951+00:00,2026-06-19 17:56:20.479469+00:00
936b0b5a-eb47-4d34-9c96-13e5671ad60c,completed,2026-06-19 17:56:17.727558+00:00,2026-06-19 17:56:20.527794+00:00
257f9a6c-bfe3-4a48-b739-3d9eed074583,completed,2026-06-19 17:56:17.781634+00:00,2026-06-19 17:56:20.624378+00:00
3c20f2f6-9573-4247-9f24-c4430811547e,completed,2026-06-19 17:56:17.838356+00:00,2026-06-19 17:56:20.663529+00:00
b17b5659-71ec-4411-9afa-2d975f05a1a9,completed,2026-06-19 17:56:17.897082+00:00,2026-06-19 17:56:20.713097+00:00
3f1a0e96-5dbc-4df0-bb4a-983d7a973110,completed,2026-06-19 17:56:18.009467+00:00,2026-06-19 17:56:20.839725+00:00
9af13738-d7c6-443b-8f86-85c333e0cb21,completed,2026-06-19 17:56:18.068143+00:00,2026-06-19 17:56:20.891733+00:00
f573d159-d429-4904-806c-4d01304d18ca,completed,2026-06-19 17:56:18.122541+00:00,2026-06-19 17:56:20.938802+00:00
a8fe4854-072b-4e70-9fc3-78e9ab4c785a,completed,2026-06-19 17:56:18.178436+00:00,2026-06-19 17:56:21.040352+00:00
6b11863c-484e-4e00-bcbf-9e09be0065ae,completed,2026-06-19 17:56:18.233730+00:00,2026-06-19 17:56:21.079633+00:00
7dd5e931-5e75-450c-ab56-bc0a23b95774,completed,2026-06-19 17:56:18.289662+00:00,2026-06-19 17:56:21.102093+00:00
3fc2f787-9e1c-4c6b-813e-4b944cbef3d0,completed,2026-06-19 17:56:18.351825+00:00,2026-06-19 17:56:21.211802+00:00
ed71fa48-435c-4f16-9e1c-7b9fe70a06fd,completed,2026-06-19 17:56:18.405560+00:00,2026-06-19 17:56:21.262125+00:00
aacffb3d-f8dc-4051-aaec-d071577b8a83,completed,2026-06-19 17:56:18.516938+00:00,2026-06-19 17:56:21.389264+00:00
c63543b3-459b-4f46-993d-76ddbf29e234,completed,2026-06-19 17:56:18.627580+00:00,2026-06-19 17:56:21.423570+00:00
804fcad2-807a-46cc-b14f-f759d21a0a04,completed,2026-06-19 17:56:18.573139+00:00,2026-06-19 17:56:21.452400+00:00
bdea16fa-b687-48ee-83b6-74a1b08964d0,completed,2026-06-19 17:56:18.685098+00:00,2026-06-19 17:56:21.572565+00:00
a4264209-0486-4a5d-93ef-45fb0bab7afd,completed,2026-06-19 17:56:18.797561+00:00,2026-06-19 17:56:21.609425+00:00
4bdaebd5-1918-466a-ac2a-65028b836b3c,completed,2026-06-19 17:56:18.851051+00:00,2026-06-19 17:56:21.733545+00:00
2e9a617f-14bb-4458-89c2-42f886979c51,completed,2026-06-19 17:56:15.120442+00:00,2026-06-19 17:56:17.892912+00:00
76ee7669-a642-4f82-b827-d2bab2b83085,completed,2026-06-19 17:56:16.331787+00:00,2026-06-19 17:56:19.148163+00:00
51a0531d-f331-4a27-9e7c-b09d6cb708fd,completed,2026-06-19 17:56:17.444134+00:00,2026-06-19 17:56:20.295087+00:00
12e0f4b6-756c-4bdd-b9c6-41ba553e60b4,completed,2026-06-19 17:56:17.956610+00:00,2026-06-19 17:56:20.787224+00:00
2507cda2-1ecb-4625-9e00-17411be012b8,completed,2026-06-19 17:56:18.463835+00:00,2026-06-19 17:56:21.277638+00:00
3634aa1a-3a04-4685-abd9-9cd617a09f6a,completed,2026-06-19 17:56:18.741798+00:00,2026-06-19 17:56:21.615717+00:00
4ac1bd0b-995f-4f89-b82f-f5bff5029d84,completed,2026-06-19 17:56:19.455216+00:00,2026-06-19 17:56:22.332049+00:00
0587432f-3d2b-4fd6-870b-b69139e03446,completed,2026-06-19 17:56:20.793827+00:00,2026-06-19 17:56:23.948822+00:00
6693a025-f465-4790-9861-a4ba591b6406,completed,2026-06-19 17:56:21.158995+00:00,2026-06-19 17:56:24.325210+00:00
4ac06ccc-e714-4b8f-8732-1d2b90e92087,completed,2026-06-19 17:56:21.781459+00:00,2026-06-19 17:56:24.984601+00:00
01755111-7fb1-4e4e-8dd7-a455f230a499,completed,2026-06-19 17:56:22.488388+00:00,2026-06-19 17:56:25.877646+00:00
ef64651c-a404-4a05-9add-1c9229249bd9,completed,2026-06-19 17:56:22.687602+00:00,2026-06-19 17:56:26.091655+00:00
c513dd14-1ddb-4ec9-a603-97449c2db3a0,completed,2026-06-19 17:56:24.743038+00:00,2026-06-19 17:56:28.562773+00:00
f8639bd1-0848-4dfd-823e-9da32b3bab62,completed,2026-06-19 17:56:27.947429+00:00,2026-06-19 17:56:32.676783+00:00
08bec73a-6a1e-45c8-8bca-aabd4f7e3225,completed,2026-06-19 17:56:28.345317+00:00,2026-06-19 17:56:33.234316+00:00
f7d62118-f2c3-4958-b759-a30477fe8632,completed,2026-06-19 17:56:28.695203+00:00,2026-06-19 17:56:33.755755+00:00
507cf485-865b-49c1-a299-2757095bf570,completed,2026-06-19 17:56:29.000068+00:00,2026-06-19 17:56:34.164369+00:00
6790e1e5-d457-4a3c-9a49-8de08846f4cc,completed,2026-06-19 17:56:30.196478+00:00,2026-06-19 17:56:35.828798+00:00
34f91859-448d-4506-87e0-44b8ac11815d,completed,2026-06-19 17:56:30.610466+00:00,2026-06-19 17:56:36.375698+00:00
9d62abc0-a8eb-4fb1-9af2-71654d13abc1,completed,2026-06-19 17:56:30.948528+00:00,2026-06-19 17:56:36.894510+00:00
1412d718-575c-4010-8e1b-05634e58d862,completed,2026-06-19 17:56:31.068577+00:00,2026-06-19 17:56:37.106027+00:00
b5d67f78-b040-480f-a718-6fe54eff1c21,completed,2026-06-19 17:56:32.374054+00:00,2026-06-19 17:56:39.068122+00:00
6c612bd4-3080-4823-be70-10fa53412919,completed,2026-06-19 17:56:33.095821+00:00,2026-06-19 17:56:40.189710+00:00
3a59a1c2-1035-4260-b882-ebac7433e739,completed,2026-06-19 17:56:33.335720+00:00,2026-06-19 17:56:40.620885+00:00
6fcbcc35-0916-48b3-bdc5-27d416d88ce4,completed,2026-06-19 17:56:33.489989+00:00,2026-06-19 17:56:40.835552+00:00
ce6063c5-3783-45f5-af4f-8e48895a4d9b,completed,2026-06-19 17:56:33.769017+00:00,2026-06-19 17:56:41.217129+00:00
3dcdbb42-6c03-42fc-bc76-3b3d35b77f29,completed,2026-06-19 17:56:34.851059+00:00,2026-06-19 17:56:43.043580+00:00
7761b44a-6924-4ec3-9760-c5d4c9e39e40,completed,2026-06-19 17:56:36.441578+00:00,2026-06-19 17:56:45.477091+00:00
ff3cd6bd-0a64-4d72-b6d1-43a9f45b97a2,completed,2026-06-19 17:56:36.847122+00:00,2026-06-19 17:56:46.145581+00:00
555b0ad8-2f95-455c-b292-ad3bcea60524,completed,2026-06-19 17:56:37.438163+00:00,2026-06-19 17:56:47.084452+00:00
e33aab82-c5fe-49dd-b2b6-9126574f1cf1,completed,2026-06-19 17:56:38.742586+00:00,2026-06-19 17:56:49.212567+00:00
a46e7688-2489-48d3-a724-09a00a1c0d5b,completed,2026-06-19 17:56:15.425307+00:00,2026-06-19 17:56:18.270120+00:00
6e84bb02-a11d-41e3-b55c-e3324cc5424f,completed,2026-06-19 17:56:19.402705+00:00,2026-06-19 17:56:22.336434+00:00
003456fa-c879-44c7-a28e-ca0fd8d345dc,completed,2026-06-19 17:56:20.895199+00:00,2026-06-19 17:56:23.979608+00:00
90c164bb-417c-4c59-b64f-9bb939dd0126,completed,2026-06-19 17:56:21.728373+00:00,2026-06-19 17:56:24.983628+00:00
0d49f947-b2a1-4dc0-8c4d-e5101c3fa266,completed,2026-06-19 17:56:23.875427+00:00,2026-06-19 17:56:27.487047+00:00
17deb88d-6de1-452f-8b39-3b754aa88163,completed,2026-06-19 17:56:24.116374+00:00,2026-06-19 17:56:27.816263+00:00
8a166836-3ab9-4b60-b84b-4300440ace83,completed,2026-06-19 17:56:25.118149+00:00,2026-06-19 17:56:29.036683+00:00
2feb1f25-4dae-4630-b4a1-962311412d71,completed,2026-06-19 17:56:25.261445+00:00,2026-06-19 17:56:29.203970+00:00
3b1a2df9-ef85-4a99-aa1b-27efa21bdab6,completed,2026-06-19 17:56:25.681056+00:00,2026-06-19 17:56:29.746968+00:00
dcbc1d75-db50-413e-b945-403f5c94fc0d,completed,2026-06-19 17:56:27.641324+00:00,2026-06-19 17:56:32.272706+00:00
5d774d3d-cbff-4c43-b10e-18bd94896846,completed,2026-06-19 17:56:29.473344+00:00,2026-06-19 17:56:34.823864+00:00
80792b9d-e058-4e92-9ae0-ac7c85f5d8ce,completed,2026-06-19 17:56:30.656377+00:00,2026-06-19 17:56:36.439603+00:00
8a8e29f6-cd58-4905-81e1-544bc723383f,completed,2026-06-19 17:56:32.096929+00:00,2026-06-19 17:56:38.605646+00:00
9a0c4b24-5f24-487e-8980-8cfb85c3ee18,completed,2026-06-19 17:56:33.568691+00:00,2026-06-19 17:56:41.011084+00:00
042338ea-db0c-4a94-852c-427a7e7b2191,completed,2026-06-19 17:56:34.468618+00:00,2026-06-19 17:56:42.452460+00:00
4cf60f17-4bbe-44d1-b21b-dfb09504aec9,completed,2026-06-19 17:56:35.348426+00:00,2026-06-19 17:56:43.811034+00:00
b24328be-4db4-43ea-b8f9-9f83309e26f9,completed,2026-06-19 17:56:35.804490+00:00,2026-06-19 17:56:44.504894+00:00
d16ad52e-8c8c-40a2-bd4e-75b5824ceec5,completed,2026-06-19 17:56:35.927542+00:00,2026-06-19 17:56:44.690832+00:00
31729b02-6f9f-4a4e-bb00-d34acc1a994c,completed,2026-06-19 17:56:36.179378+00:00,2026-06-19 17:56:45.012121+00:00
e13f1d42-30d8-465b-9756-8b9d027db0a0,completed,2026-06-19 17:56:37.477242+00:00,2026-06-19 17:56:47.130225+00:00
c7930785-91f0-48b4-94b6-ba5cd3a11780,completed,2026-06-19 17:56:39.602065+00:00,2026-06-19 17:56:50.770120+00:00
d53a3854-0e94-4779-be86-3496a3c32486,completed,2026-06-19 17:56:40.148353+00:00,2026-06-19 17:56:51.520620+00:00
09826285-6ee8-4261-8ef6-f7999731dbd0,completed,2026-06-19 17:56:40.405017+00:00,2026-06-19 17:56:52.072227+00:00
320ee0b6-c274-4f48-ab72-560240e973a8,completed,2026-06-19 17:56:40.946768+00:00,2026-06-19 17:56:52.980175+00:00
1b3ce76f-e7a4-45da-9e3c-2e8565c9c29d,completed,2026-06-19 17:56:41.193554+00:00,2026-06-19 17:56:53.569122+00:00
ac552534-828a-4ac9-bf45-03d263c0810b,completed,2026-06-19 17:56:41.424066+00:00,2026-06-19 17:56:53.749086+00:00
b7138f26-abd9-4a2d-8e9f-d26b81a53949,completed,2026-06-19 17:56:41.620953+00:00,2026-06-19 17:56:54.361934+00:00
8213a894-abe9-4722-8161-beb0bef290db,completed,2026-06-19 17:56:55.783847+00:00,2026-06-19 17:57:23.063294+00:00
a4ccf3d7-b101-4c59-8d11-db45e93810fd,completed,2026-06-19 17:56:55.811107+00:00,2026-06-19 17:57:23.092889+00:00
986958c1-f611-4647-b9d3-6d86c154f290,completed,2026-06-19 17:56:55.730383+00:00,2026-06-19 17:57:22.923321+00:00
8615e8c5-8618-4424-b4e3-5a44f3925e7d,completed,2026-06-19 17:56:55.761323+00:00,2026-06-19 17:57:23.024850+00:00
ade357fe-6b38-40c4-9cae-5092e704f117,completed,2026-06-19 17:56:42.373515+00:00,2026-06-19 17:56:55.843084+00:00
dc2b2851-aef2-458c-90bc-68fdb437be8d,completed,2026-06-19 17:56:19.780997+00:00,2026-06-19 17:56:22.728819+00:00
a5fa8c88-840a-4a6a-b769-125f3dd5bdc9,completed,2026-06-19 17:56:19.072374+00:00,2026-06-19 17:56:21.963736+00:00
5be45aad-618b-4bf8-b7bd-e9f3eed3ecb8,completed,2026-06-19 17:56:19.126754+00:00,2026-06-19 17:56:21.990899+00:00
24efc6c5-9c13-4378-9b2c-47f95cb3e8a2,completed,2026-06-19 17:56:19.184465+00:00,2026-06-19 17:56:22.082629+00:00
e90736a3-7254-4190-b167-a3070073496d,completed,2026-06-19 17:56:19.240100+00:00,2026-06-19 17:56:22.130788+00:00
6b10d89b-6c83-4cc9-a505-9da0214e6be4,completed,2026-06-19 17:56:19.291279+00:00,2026-06-19 17:56:22.161732+00:00
7d4d22dc-01c3-4a8e-b82c-f9b3e306cf94,completed,2026-06-19 17:56:19.349205+00:00,2026-06-19 17:56:22.261620+00:00
6a4e445e-1e7b-4bed-a7d5-95498c7663c6,completed,2026-06-19 17:56:19.508949+00:00,2026-06-19 17:56:22.468529+00:00
d1ed72c4-f6a9-45ae-8a15-08bf9d22b688,completed,2026-06-19 17:56:19.562295+00:00,2026-06-19 17:56:22.517578+00:00
0a36d2a1-3a27-4406-a097-c2721d5a039e,completed,2026-06-19 17:56:19.614534+00:00,2026-06-19 17:56:22.524173+00:00
40494558-4294-4721-bdbe-4696425e6686,completed,2026-06-19 17:56:19.669554+00:00,2026-06-19 17:56:22.649092+00:00
8fc0f6a6-cb3f-48f2-a0df-1f72be45c6d6,completed,2026-06-19 17:56:19.723751+00:00,2026-06-19 17:56:22.725772+00:00
da1aa87f-1734-43ae-a7a0-8ae267bf5f8a,completed,2026-06-19 17:56:20.846344+00:00,2026-06-19 17:56:23.943106+00:00
a19fc5ac-1f4e-40a3-bedf-124736b4cef3,completed,2026-06-19 17:56:19.834091+00:00,2026-06-19 17:56:22.832230+00:00
46d416a9-c185-4e49-aad8-ce0fedec5c08,completed,2026-06-19 17:56:19.886429+00:00,2026-06-19 17:56:22.888302+00:00
48b196c4-02e5-4b88-87df-1b668091a1ea,completed,2026-06-19 17:56:19.941351+00:00,2026-06-19 17:56:22.916029+00:00
773bd601-3ab8-4589-9912-47f4bf1b698b,completed,2026-06-19 17:56:19.995297+00:00,2026-06-19 17:56:23.017493+00:00
da884d1c-87a0-4687-ac40-aa78848fa113,completed,2026-06-19 17:56:20.051430+00:00,2026-06-19 17:56:23.049091+00:00
f5743d93-c29b-4b1b-b0d4-bd9312fa2d73,completed,2026-06-19 17:56:20.104055+00:00,2026-06-19 17:56:23.085535+00:00
1ec81de4-76d8-4205-a9f1-ae8221f3413f,completed,2026-06-19 17:56:20.157214+00:00,2026-06-19 17:56:23.195664+00:00
cc09a213-208e-454c-9d6e-a70f04c17012,completed,2026-06-19 17:56:20.214995+00:00,2026-06-19 17:56:23.220423+00:00
20503570-7a5b-4350-8285-cb429bac6c97,completed,2026-06-19 17:56:20.261262+00:00,2026-06-19 17:56:23.260446+00:00
11e4a56b-8d2b-4536-b82d-8d76a377cd8f,completed,2026-06-19 17:56:20.368835+00:00,2026-06-19 17:56:23.381692+00:00
7444bcb0-2b81-4b54-b7c3-25ad11db5566,completed,2026-06-19 17:56:20.421880+00:00,2026-06-19 17:56:23.447093+00:00
2ee0b646-2ff3-4315-942f-2f07826246ff,completed,2026-06-19 17:56:20.473838+00:00,2026-06-19 17:56:23.546593+00:00
9981d997-9f26-4f93-ae36-91b677cccef0,completed,2026-06-19 17:56:20.532920+00:00,2026-06-19 17:56:23.555046+00:00
046de012-4dac-4f15-a4fb-eeb94fddafe7,completed,2026-06-19 17:56:20.581509+00:00,2026-06-19 17:56:23.631799+00:00
e5bad106-ff0a-4392-95b6-c3f67fb3c082,completed,2026-06-19 17:56:20.639709+00:00,2026-06-19 17:56:23.729377+00:00
ef00e764-519b-4cee-aff8-2c0bea136801,completed,2026-06-19 17:56:20.685538+00:00,2026-06-19 17:56:23.751245+00:00
6a52e301-de8a-499c-9187-ceae65784371,completed,2026-06-19 17:56:20.737736+00:00,2026-06-19 17:56:23.805089+00:00
b8fb0327-afeb-45a4-b24c-eb9bdcd5275c,completed,2026-06-19 17:56:17.152197+00:00,2026-06-19 17:56:19.945305+00:00
2edebc8c-2e4f-488a-93f2-d7f373b860e0,completed,2026-06-19 17:56:19.014946+00:00,2026-06-19 17:56:21.894508+00:00
4d9f24d9-3f93-498b-bc80-6dbdac2422a2,completed,2026-06-19 17:56:20.313932+00:00,2026-06-19 17:56:23.393079+00:00
3a09b0cd-33e8-42bf-88d5-85a5bf98450b,completed,2026-06-19 17:56:23.035960+00:00,2026-06-19 17:56:26.487838+00:00
e44461d8-d42a-4f94-a0c7-cdb2a4878a72,completed,2026-06-19 17:56:23.483535+00:00,2026-06-19 17:56:27.055933+00:00
c95327b9-c50c-48cc-b4c1-15152fa99366,completed,2026-06-19 17:56:24.402306+00:00,2026-06-19 17:56:28.137093+00:00
308507eb-f359-42b7-bb09-430051f2578a,completed,2026-06-19 17:56:26.051164+00:00,2026-06-19 17:56:30.300741+00:00
b9151242-86d3-4575-8366-83a8795e739a,completed,2026-06-19 17:56:26.373797+00:00,2026-06-19 17:56:30.658108+00:00
63a5ec1b-a4cb-41c0-a68b-6a0e24638e95,completed,2026-06-19 17:56:26.509194+00:00,2026-06-19 17:56:30.854022+00:00
6da9e358-dd86-4234-97c3-e1650af8c618,completed,2026-06-19 17:56:27.193687+00:00,2026-06-19 17:56:31.716456+00:00
fb0e0f9d-9b0b-40b5-aafa-6a0c8e653e2c,completed,2026-06-19 17:56:27.594719+00:00,2026-06-19 17:56:32.249089+00:00
aa5f6e28-98f2-4da7-be58-0fea3ddcf245,completed,2026-06-19 17:56:29.044021+00:00,2026-06-19 17:56:34.164369+00:00
3c54897e-4385-4d32-9952-a9e66bb675e0,completed,2026-06-19 17:56:29.172924+00:00,2026-06-19 17:56:34.328032+00:00
9d19fc89-1cc0-41c0-a19b-9d532fb1d2bd,completed,2026-06-19 17:56:29.854072+00:00,2026-06-19 17:56:35.340516+00:00
67c353a4-7e8f-410e-a9fd-299ff9d54b67,completed,2026-06-19 17:56:31.150550+00:00,2026-06-19 17:56:37.104462+00:00
3a2e8be6-83c7-423e-8c61-ae31b4f71884,completed,2026-06-19 17:56:32.050877+00:00,2026-06-19 17:56:38.568437+00:00
50b7344c-6848-4ab0-9028-c01ebd9d971a,completed,2026-06-19 17:56:32.579994+00:00,2026-06-19 17:56:39.319492+00:00
14d85480-f25e-4e8a-a5dd-d1732dd21040,completed,2026-06-19 17:56:34.510760+00:00,2026-06-19 17:56:42.469489+00:00
31ad3560-e1d2-4d40-8765-e506a8c71839,completed,2026-06-19 17:56:34.736669+00:00,2026-06-19 17:56:42.869517+00:00
fdc159bd-9ce5-4846-a983-897384f7ac40,completed,2026-06-19 17:56:34.893687+00:00,2026-06-19 17:56:43.060437+00:00
f2b5532e-97fd-4698-afff-59df334daf4b,completed,2026-06-19 17:56:36.775905+00:00,2026-06-19 17:56:45.978815+00:00
0a295bce-f212-4911-8e56-b56d40776e69,completed,2026-06-19 17:56:37.733704+00:00,2026-06-19 17:56:47.543772+00:00
c2f7ed1e-7ac1-4c5e-b929-fd3f6556355d,completed,2026-06-19 17:56:38.055148+00:00,2026-06-19 17:56:48.080774+00:00
5738dfc3-783f-4fc8-bd04-3900bf250557,completed,2026-06-19 17:56:38.383499+00:00,2026-06-19 17:56:48.638302+00:00
890665ce-82aa-4200-a83f-c518c30dc85e,completed,2026-06-19 17:56:38.708913+00:00,2026-06-19 17:56:49.211740+00:00
fa17445f-4487-419b-aa1c-d5219a071717,completed,2026-06-19 17:56:39.331150+00:00,2026-06-19 17:56:50.228435+00:00
04c8a1bf-63d7-4f50-a835-c8ac9d847875,completed,2026-06-19 17:56:39.808757+00:00,2026-06-19 17:56:51.136696+00:00
9c665a8f-58a1-4d64-9b95-4b1c9e86ea24,completed,2026-06-19 17:56:41.149101+00:00,2026-06-19 17:56:53.354201+00:00
fb5cd33f-6325-40ff-8f23-99feebf5d11b,completed,2026-06-19 17:56:55.901226+00:00,2026-06-19 17:57:23.299542+00:00
d86ab8a4-6291-4dfc-ba48-c2b6e66de90c,completed,2026-06-19 17:56:55.924920+00:00,2026-06-19 17:57:23.380914+00:00
ffda9a9e-945c-4883-a760-9bc21b6f4699,completed,2026-06-19 17:56:55.870099+00:00,2026-06-19 17:57:23.242802+00:00
ee53fc9c-6c60-47fc-8ac4-997da2ca7eef,completed,2026-06-19 17:56:42.413647+00:00,2026-06-19 17:56:55.867592+00:00
af941bc9-17de-44c9-9fae-d291d5f5cdb5,completed,2026-06-19 17:56:22.639655+00:00,2026-06-19 17:56:26.072367+00:00
6b3dd7e3-be23-4fd5-a4c5-207680151734,completed,2026-06-19 17:56:21.054993+00:00,2026-06-19 17:56:24.146324+00:00
4449eb0d-74ae-42ff-a38d-14d0c0d06e08,completed,2026-06-19 17:56:20.947845+00:00,2026-06-19 17:56:24.129643+00:00
579b724c-7a35-472b-87bd-7608e54f26f9,completed,2026-06-19 17:56:21.000171+00:00,2026-06-19 17:56:24.143940+00:00
3fc7cdad-83cb-49d2-aad3-45ede7715fb8,completed,2026-06-19 17:56:21.208922+00:00,2026-06-19 17:56:24.300604+00:00
200c27c0-0cd5-44c9-a046-9a3f4e5c13e6,completed,2026-06-19 17:56:22.588904+00:00,2026-06-19 17:56:25.955075+00:00
a8b76f43-6b92-42ee-9474-bab2d1f4d9c9,completed,2026-06-19 17:56:21.107454+00:00,2026-06-19 17:56:24.340148+00:00
755a1e4d-4390-4e75-b535-ce88909b62c9,completed,2026-06-19 17:56:21.261462+00:00,2026-06-19 17:56:24.476201+00:00
e35e2135-8fbc-4493-ab3f-0f870f21af04,completed,2026-06-19 17:56:21.312098+00:00,2026-06-19 17:56:24.482711+00:00
97631f7e-c39e-478c-b7f9-dcadb998fe7e,completed,2026-06-19 17:56:21.365962+00:00,2026-06-19 17:56:24.522261+00:00
b2a65845-081f-4c11-a236-b905f47c5753,completed,2026-06-19 17:56:21.468886+00:00,2026-06-19 17:56:24.636793+00:00
c7dcb1ef-b35b-433b-a98d-a3016763c10f,completed,2026-06-19 17:56:21.417305+00:00,2026-06-19 17:56:24.656103+00:00
0d220b5d-8738-4dc3-a936-452bfb139e18,completed,2026-06-19 17:56:21.519407+00:00,2026-06-19 17:56:24.718859+00:00
789b95fb-c372-40f8-9021-d2cd9bca1424,completed,2026-06-19 17:56:21.624483+00:00,2026-06-19 17:56:24.807649+00:00
6830ceda-542b-4f19-b6d0-9cce4899e4df,completed,2026-06-19 17:56:21.572020+00:00,2026-06-19 17:56:24.823651+00:00
ddbb7534-4d7f-48f7-b473-ba6c4d271ff0,completed,2026-06-19 17:56:21.678283+00:00,2026-06-19 17:56:24.899994+00:00
64b9acda-0ad3-42ac-95d7-dd5a0b851776,completed,2026-06-19 17:56:21.829860+00:00,2026-06-19 17:56:25.080368+00:00
c19175c2-c840-4a98-89a4-f7d871c04f61,completed,2026-06-19 17:56:21.929560+00:00,2026-06-19 17:56:25.146336+00:00
c7d78cb2-42d8-4e84-b81b-ed96d734e1dd,completed,2026-06-19 17:56:21.881480+00:00,2026-06-19 17:56:25.157464+00:00
e7dbd18a-eff0-4554-9541-6f0683071ec3,completed,2026-06-19 17:56:21.985340+00:00,2026-06-19 17:56:25.273617+00:00
96d7dc2e-559b-406e-963e-bdbfed3adcfb,completed,2026-06-19 17:56:22.033555+00:00,2026-06-19 17:56:25.311165+00:00
dec35e5e-3419-4cd9-9fed-ffda3120071d,completed,2026-06-19 17:56:22.081486+00:00,2026-06-19 17:56:25.350099+00:00
f206ac21-84f2-478a-85dd-bc75a90a48cd,completed,2026-06-19 17:56:22.135457+00:00,2026-06-19 17:56:25.466512+00:00
c3678764-356a-44ff-80f8-24ad54e957cf,completed,2026-06-19 17:56:22.183276+00:00,2026-06-19 17:56:25.484105+00:00
d15891ea-d84c-4b3b-8857-a3cfbdc9d19a,completed,2026-06-19 17:56:22.237823+00:00,2026-06-19 17:56:25.519723+00:00
9deeb4ef-fb39-4937-851e-aaf738e61988,completed,2026-06-19 17:56:22.289036+00:00,2026-06-19 17:56:25.648057+00:00
a9b75bbe-3d70-48b1-b2aa-3e0e726508c0,completed,2026-06-19 17:56:22.341418+00:00,2026-06-19 17:56:25.689295+00:00
dde60364-256e-4623-b1cc-62655a039d11,completed,2026-06-19 17:56:22.388275+00:00,2026-06-19 17:56:25.703485+00:00
9127dd6e-d604-4014-83f2-50839e6b9bef,completed,2026-06-19 17:56:22.441626+00:00,2026-06-19 17:56:25.801083+00:00
e24e2a36-9d67-4899-83b5-0e3626bdd501,completed,2026-06-19 17:56:22.541630+00:00,2026-06-19 17:56:25.877681+00:00
040d3a94-864f-4069-a730-42b2a3199675,completed,2026-06-19 17:56:24.354502+00:00,2026-06-19 17:56:28.160113+00:00
711f9281-bd3d-4eb4-ac79-2338d750b15e,completed,2026-06-19 17:56:24.305756+00:00,2026-06-19 17:56:28.071908+00:00
72890c16-f0f1-4e63-a61a-5e0b768d74ee,completed,2026-06-19 17:56:22.738211+00:00,2026-06-19 17:56:26.121024+00:00
963e2935-5a1b-488f-81f3-d5c28c783cf8,completed,2026-06-19 17:56:22.787848+00:00,2026-06-19 17:56:26.261028+00:00
78aa440b-c07a-477f-8a19-42e0e891ae72,completed,2026-06-19 17:56:22.837648+00:00,2026-06-19 17:56:26.279138+00:00
b4583f11-2650-45d6-bde7-c6c33d8e8c19,completed,2026-06-19 17:56:22.891559+00:00,2026-06-19 17:56:26.291793+00:00
750555b2-d210-4152-bb5a-6caa9413778e,completed,2026-06-19 17:56:22.937983+00:00,2026-06-19 17:56:26.453875+00:00
5e4188d9-d43d-476e-bef0-7c181e6eae97,completed,2026-06-19 17:56:22.987148+00:00,2026-06-19 17:56:26.460342+00:00
d15cd8b8-3fc0-4087-91ac-6435712b6ad0,completed,2026-06-19 17:56:23.090778+00:00,2026-06-19 17:56:26.617560+00:00
f6c06d31-5ef9-4479-ac44-18e39f233a3a,completed,2026-06-19 17:56:23.136374+00:00,2026-06-19 17:56:26.632457+00:00
80bf96ba-9dbb-4c82-85a2-859b08d94d18,completed,2026-06-19 17:56:23.187879+00:00,2026-06-19 17:56:26.681065+00:00
8a899108-c17d-4e70-8062-9eff87b4357a,completed,2026-06-19 17:56:23.236432+00:00,2026-06-19 17:56:26.780010+00:00
1fe06917-cc05-4548-9025-19c0e2b06a2e,completed,2026-06-19 17:56:23.284025+00:00,2026-06-19 17:56:26.811279+00:00
b794432b-aab2-439b-abc3-2d2f73ea20f2,completed,2026-06-19 17:56:23.333406+00:00,2026-06-19 17:56:26.876466+00:00
97aff90a-7a7e-4739-94c1-7535cc3df07e,completed,2026-06-19 17:56:23.434755+00:00,2026-06-19 17:56:26.969849+00:00
0547d841-e397-4396-87c4-a00109d3a70d,completed,2026-06-19 17:56:23.384624+00:00,2026-06-19 17:56:26.981460+00:00
7f8f7632-ed5f-4f3d-ab79-e1eb0b76854f,completed,2026-06-19 17:56:23.532690+00:00,2026-06-19 17:56:27.122653+00:00
bbb20b67-91b3-44bb-9bb4-3e630b724fcf,completed,2026-06-19 17:56:23.583216+00:00,2026-06-19 17:56:27.164038+00:00
1dffb196-f472-4e63-8231-f242ba8922ce,completed,2026-06-19 17:56:23.633027+00:00,2026-06-19 17:56:27.241360+00:00
c303815c-3082-4e85-821a-969651a359cc,completed,2026-06-19 17:56:23.677125+00:00,2026-06-19 17:56:27.299136+00:00
845d6115-b479-47b0-96ce-055d6339134f,completed,2026-06-19 17:56:23.726065+00:00,2026-06-19 17:56:27.320323+00:00
92b1100f-2c1f-4a3b-b785-f12c74f82ef6,completed,2026-06-19 17:56:23.774864+00:00,2026-06-19 17:56:27.438977+00:00
c91e3cfa-9df8-4a74-8c94-fbcd5ba31a39,completed,2026-06-19 17:56:23.825683+00:00,2026-06-19 17:56:27.485913+00:00
66ab105e-f2af-4075-93a5-b7157fa9e253,completed,2026-06-19 17:56:23.923883+00:00,2026-06-19 17:56:27.607216+00:00
143839a1-c9b6-4727-b8f1-f1f961906de1,completed,2026-06-19 17:56:24.019355+00:00,2026-06-19 17:56:27.647720+00:00
d7b0957d-4267-4b46-9f58-fa47e5ffc450,completed,2026-06-19 17:56:23.972066+00:00,2026-06-19 17:56:27.684855+00:00
030c17e8-1334-430b-befb-63fbc4d28507,completed,2026-06-19 17:56:24.069813+00:00,2026-06-19 17:56:27.814821+00:00
0f4a84a0-964b-49e9-af8f-d0fed7bbf023,completed,2026-06-19 17:56:24.164270+00:00,2026-06-19 17:56:27.864762+00:00
22c1b09f-af7c-4028-98f5-96a2e77e01f0,completed,2026-06-19 17:56:24.262901+00:00,2026-06-19 17:56:27.984887+00:00
eaa392a4-3005-4c0a-a61a-04cd7a8800b3,completed,2026-06-19 17:56:24.211526+00:00,2026-06-19 17:56:27.986410+00:00
53f6d784-2046-4298-acb7-767df21773c9,completed,2026-06-19 17:56:26.003713+00:00,2026-06-19 17:56:30.123604+00:00
fe917655-88c9-43cc-a9fa-3931668e0365,completed,2026-06-19 17:56:25.773019+00:00,2026-06-19 17:56:29.930945+00:00
0e44fb77-acff-4c89-87f3-5aea5606dd33,completed,2026-06-19 17:56:25.913038+00:00,2026-06-19 17:56:30.100687+00:00
4156e01f-377f-4fce-b48f-d2b7643e996f,completed,2026-06-19 17:56:24.452983+00:00,2026-06-19 17:56:28.230387+00:00
c5a97812-69b4-4e55-98f5-6d9f06dd585d,completed,2026-06-19 17:56:24.498395+00:00,2026-06-19 17:56:28.320366+00:00
8b80c3bc-5836-4cd3-b2f9-7e561b94d68c,completed,2026-06-19 17:56:24.547657+00:00,2026-06-19 17:56:28.373051+00:00
9cd021c8-0c69-45cf-ac09-93b5fb13df79,completed,2026-06-19 17:56:24.596624+00:00,2026-06-19 17:56:28.384684+00:00
80ff5f50-6e9b-4f2e-b98a-5fb86680d844,completed,2026-06-19 17:56:24.640749+00:00,2026-06-19 17:56:28.472127+00:00
b446ee7c-e1b0-46b1-8b2c-c08c5a597cb7,completed,2026-06-19 17:56:24.688800+00:00,2026-06-19 17:56:28.558155+00:00
4d0378f7-3b10-4e66-a839-303f557e67c7,completed,2026-06-19 17:56:24.787232+00:00,2026-06-19 17:56:28.640470+00:00
ef9cc362-bb2c-4d3d-bd06-9d5012b800eb,completed,2026-06-19 17:56:24.832498+00:00,2026-06-19 17:56:28.724165+00:00
1633fed0-3dd6-462f-b37f-a563196abcff,completed,2026-06-19 17:56:24.883441+00:00,2026-06-19 17:56:28.763951+00:00
3c8ef123-5762-42df-b09d-80ee5770fbbb,completed,2026-06-19 17:56:24.928842+00:00,2026-06-19 17:56:28.841431+00:00
fe338e0b-d296-478c-ae0d-c0f7d82446b4,completed,2026-06-19 17:56:24.977454+00:00,2026-06-19 17:56:28.883370+00:00
81936d24-81b7-4abe-b572-1b9d8d2680ce,completed,2026-06-19 17:56:25.024374+00:00,2026-06-19 17:56:28.944330+00:00
21c653ec-7a23-49ae-9b21-c683da1af193,completed,2026-06-19 17:56:25.071375+00:00,2026-06-19 17:56:29.031073+00:00
afcbf796-0288-487a-bd52-ab9a3a83aa3a,completed,2026-06-19 17:56:25.167401+00:00,2026-06-19 17:56:29.121760+00:00
c8d2ab8a-ce05-449c-a0b5-353a486d8cec,completed,2026-06-19 17:56:25.211429+00:00,2026-06-19 17:56:29.202725+00:00
fbb3cc55-4d8f-4ccd-ac7d-57d3413d8677,completed,2026-06-19 17:56:25.309184+00:00,2026-06-19 17:56:29.284216+00:00
dee9061e-ca3d-4400-bb6c-4aa8588d5b5c,completed,2026-06-19 17:56:25.357514+00:00,2026-06-19 17:56:29.388031+00:00
771302b6-8f43-4d05-9734-b41e481bc992,completed,2026-06-19 17:56:25.401727+00:00,2026-06-19 17:56:29.394228+00:00
6b488a4b-783b-4b16-96f2-da9fdb80f3e3,completed,2026-06-19 17:56:25.447423+00:00,2026-06-19 17:56:29.456654+00:00
7e9dacc6-fd65-46a7-94b6-817200f44f5b,completed,2026-06-19 17:56:25.493027+00:00,2026-06-19 17:56:29.543742+00:00
c02eedd2-3c2a-481f-bb76-22a1ea1865ec,completed,2026-06-19 17:56:25.539719+00:00,2026-06-19 17:56:29.574323+00:00
0cbabbf5-f50b-42f7-b6ce-509c5909be49,completed,2026-06-19 17:56:25.587285+00:00,2026-06-19 17:56:29.623997+00:00
1ea5d669-497a-4ce3-b079-32cc6a31c593,completed,2026-06-19 17:56:25.633782+00:00,2026-06-19 17:56:29.742325+00:00
a63e1258-090f-4038-afb7-cd0884f0de2e,completed,2026-06-19 17:56:25.725876+00:00,2026-06-19 17:56:29.778925+00:00
15a047b1-e495-4a1b-a7fc-09f2463d771b,completed,2026-06-19 17:56:25.818937+00:00,2026-06-19 17:56:29.928749+00:00
9d14cbc7-1528-426f-aed4-05f45cb8a7cf,completed,2026-06-19 17:56:25.866242+00:00,2026-06-19 17:56:29.931773+00:00
8f529b30-215f-4355-b968-e78b7dec0d14,completed,2026-06-19 17:56:25.957627+00:00,2026-06-19 17:56:30.086259+00:00
cf4615d6-ca58-4061-96e5-c84daf4273bd,completed,2026-06-19 17:56:27.548631+00:00,2026-06-19 17:56:32.135791+00:00
571b8dd7-79bd-46e7-8336-921c73ab6fb0,completed,2026-06-19 17:56:26.096100+00:00,2026-06-19 17:56:30.270161+00:00
1a92217f-4578-4758-9d0f-40e41dae2c5f,completed,2026-06-19 17:56:26.142103+00:00,2026-06-19 17:56:30.311253+00:00
d0628ffd-354e-4b67-af91-2722f8f1f596,completed,2026-06-19 17:56:26.188248+00:00,2026-06-19 17:56:30.443990+00:00
532736a6-d87a-41e6-b16e-b67555796b77,completed,2026-06-19 17:56:26.236352+00:00,2026-06-19 17:56:30.474885+00:00
0d48fead-1457-4a66-a0f4-a0cfb6910402,completed,2026-06-19 17:56:26.280102+00:00,2026-06-19 17:56:30.485355+00:00
867c35d5-276e-4b1d-905f-02b67c4da4a0,completed,2026-06-19 17:56:26.325932+00:00,2026-06-19 17:56:30.599986+00:00
bded1e05-4a49-40df-bbc5-333a50d81505,completed,2026-06-19 17:56:26.417028+00:00,2026-06-19 17:56:30.668853+00:00
6d175fc8-56ad-44a7-a3bd-53c679bad23a,completed,2026-06-19 17:56:26.465628+00:00,2026-06-19 17:56:30.768051+00:00
c0ebdb12-2155-4013-b0a3-ac7caa8f76d9,completed,2026-06-19 17:56:26.555639+00:00,2026-06-19 17:56:30.852933+00:00
a97929f7-2158-4cc2-a271-12dd2db93003,completed,2026-06-19 17:56:26.601211+00:00,2026-06-19 17:56:30.989501+00:00
6c409fa6-7a2e-4f44-acb2-47e58101be18,completed,2026-06-19 17:56:26.695063+00:00,2026-06-19 17:56:30.999018+00:00
4d14f616-9c2e-4c4a-b404-50feece97a3b,completed,2026-06-19 17:56:26.648269+00:00,2026-06-19 17:56:31.040784+00:00
3d0c1d61-38e5-4253-8325-c727b35f6e20,completed,2026-06-19 17:56:26.737648+00:00,2026-06-19 17:56:31.137499+00:00
85a8608b-54a3-4462-ae2b-5b9d69abadd5,completed,2026-06-19 17:56:26.784130+00:00,2026-06-19 17:56:31.177805+00:00
436d0ec2-5b7b-49b7-b4a7-9f90ff674675,completed,2026-06-19 17:56:26.830052+00:00,2026-06-19 17:56:31.208258+00:00
928bd021-f570-4d4b-b1f4-cea90648093b,completed,2026-06-19 17:56:26.875949+00:00,2026-06-19 17:56:31.330876+00:00
5b8ebad5-8684-40fc-8a86-263938c4f5e7,completed,2026-06-19 17:56:26.964071+00:00,2026-06-19 17:56:31.363866+00:00
4cfe77ad-ada7-4a8c-9d95-384068537714,completed,2026-06-19 17:56:26.919837+00:00,2026-06-19 17:56:31.381418+00:00
4a36e133-08fb-47ab-bba5-21480dd65608,completed,2026-06-19 17:56:27.026595+00:00,2026-06-19 17:56:31.487198+00:00
c307c23b-c0a9-4659-9076-7b0d3feb71a0,completed,2026-06-19 17:56:27.104459+00:00,2026-06-19 17:56:31.550236+00:00
1f0e207c-04bc-4a96-baaa-e53c9e9ab74b,completed,2026-06-19 17:56:27.067117+00:00,2026-06-19 17:56:31.568181+00:00
7e6f128c-c681-44b6-a2a3-d40c37d6bc82,completed,2026-06-19 17:56:27.156134+00:00,2026-06-19 17:56:31.644160+00:00
eb910d57-b78f-4ee7-9eee-57e370c3a200,completed,2026-06-19 17:56:27.235890+00:00,2026-06-19 17:56:31.765866+00:00
7de1b37f-1d3e-4cbe-9c9d-557d9aa336c8,completed,2026-06-19 17:56:27.280993+00:00,2026-06-19 17:56:31.797751+00:00
ad628e7f-98ea-4fa6-8042-f4ae7a5a6399,completed,2026-06-19 17:56:27.325221+00:00,2026-06-19 17:56:31.901927+00:00
415c61a0-1c80-452f-94db-1ae49e8bab67,completed,2026-06-19 17:56:27.412647+00:00,2026-06-19 17:56:31.948046+00:00
0fd37735-e8d1-45eb-9f2c-54b2bfd2bc3a,completed,2026-06-19 17:56:27.371310+00:00,2026-06-19 17:56:31.957824+00:00
a8d2a2fe-9887-4055-a185-15e68774de75,completed,2026-06-19 17:56:27.460917+00:00,2026-06-19 17:56:32.072566+00:00
e62d2d17-9a78-4081-a6ab-9f5d98e3c500,completed,2026-06-19 17:56:27.503944+00:00,2026-06-19 17:56:32.108134+00:00
42cbc93a-331f-4c36-a351-c189e107c80c,completed,2026-06-19 17:56:56.142646+00:00,2026-06-19 17:57:23.836302+00:00
bd006106-36f4-45de-8ba2-c667e50bdb47,completed,2026-06-19 17:56:29.082248+00:00,2026-06-19 17:56:34.283127+00:00
c37657fa-f350-4095-a329-d7d9958e8cb2,completed,2026-06-19 17:56:29.126143+00:00,2026-06-19 17:56:34.386375+00:00
bfb97ab3-c602-447a-9f6b-2666b6b8fde2,completed,2026-06-19 17:56:27.682856+00:00,2026-06-19 17:56:32.304129+00:00
92cf6ee0-2a92-43bd-8c7f-a2310f208433,completed,2026-06-19 17:56:27.729004+00:00,2026-06-19 17:56:32.417129+00:00
bf39d253-d32e-4a1b-9cee-48054f7455e0,completed,2026-06-19 17:56:27.771006+00:00,2026-06-19 17:56:32.452224+00:00
df3a8359-6258-44bd-a7da-876c19396e97,completed,2026-06-19 17:56:27.817575+00:00,2026-06-19 17:56:32.487868+00:00
9a89e85a-5753-4592-8993-98bec4dfd8ec,completed,2026-06-19 17:56:27.862053+00:00,2026-06-19 17:56:32.581765+00:00
9729a85a-d148-476f-9b2e-3cec56b86dc2,completed,2026-06-19 17:56:27.904810+00:00,2026-06-19 17:56:32.622828+00:00
7634ee82-0561-4ce0-946e-e7bd40abd110,completed,2026-06-19 17:56:27.994021+00:00,2026-06-19 17:56:32.750381+00:00
ec67e00f-56e0-41f5-89bc-7ec3b401cf3f,completed,2026-06-19 17:56:28.040334+00:00,2026-06-19 17:56:32.795555+00:00
4c31feac-bb0c-47e2-a1e3-66cb195b62ed,completed,2026-06-19 17:56:28.083219+00:00,2026-06-19 17:56:32.859666+00:00
84fb84e5-447e-4b3b-82de-62218b02d3e6,completed,2026-06-19 17:56:28.124251+00:00,2026-06-19 17:56:32.921410+00:00
ad9c6491-5721-45df-a566-c48dd4941625,completed,2026-06-19 17:56:28.169755+00:00,2026-06-19 17:56:32.978993+00:00
2263853f-49d6-48c8-ab3e-dc782f068f64,completed,2026-06-19 17:56:28.212598+00:00,2026-06-19 17:56:33.057718+00:00
3f612528-8a54-43db-b61e-7e25a2c13f11,completed,2026-06-19 17:56:28.260627+00:00,2026-06-19 17:56:33.093516+00:00
84873bd0-3039-469c-84ae-b1ed4d1e2533,completed,2026-06-19 17:56:28.305592+00:00,2026-06-19 17:56:33.190863+00:00
89023afc-db4d-4a17-b613-01d766797a91,completed,2026-06-19 17:56:28.393167+00:00,2026-06-19 17:56:33.252149+00:00
b1adca26-e426-40fc-b978-3feac5db1ed5,completed,2026-06-19 17:56:28.432396+00:00,2026-06-19 17:56:33.394211+00:00
c2d71f4c-f2fc-483d-9c32-6189d232721b,completed,2026-06-19 17:56:28.477564+00:00,2026-06-19 17:56:33.404195+00:00
b451695d-bfc4-4e90-bc7d-fcca47e560cc,completed,2026-06-19 17:56:28.520666+00:00,2026-06-19 17:56:33.450356+00:00
f58d03ca-612b-4e09-953c-288906b292cb,completed,2026-06-19 17:56:28.607622+00:00,2026-06-19 17:56:33.574534+00:00
23ad60d5-de70-4cb2-8f7a-3a7411e59eff,completed,2026-06-19 17:56:28.564368+00:00,2026-06-19 17:56:33.585378+00:00
fe2240bf-6755-4750-a6c3-1241b3c38f63,completed,2026-06-19 17:56:28.651993+00:00,2026-06-19 17:56:33.631349+00:00
3527d175-0c64-4825-ab94-c08bd378d499,completed,2026-06-19 17:56:28.736815+00:00,2026-06-19 17:56:33.740305+00:00
2f43e7bd-0175-47a6-9411-a3ff6e6f3e15,completed,2026-06-19 17:56:28.786825+00:00,2026-06-19 17:56:33.796341+00:00
bc3a2d3a-1d51-4ea6-8fdf-83a73d5ebf2b,completed,2026-06-19 17:56:28.824616+00:00,2026-06-19 17:56:33.903024+00:00
d97436d9-2722-486f-9e3a-3734ce28c353,completed,2026-06-19 17:56:28.868841+00:00,2026-06-19 17:56:33.961916+00:00
4f033a59-c047-4fbc-8b32-5556151cc95b,completed,2026-06-19 17:56:28.913091+00:00,2026-06-19 17:56:33.990656+00:00
bdca6673-8432-4fb1-9e36-9d3c50b27bda,completed,2026-06-19 17:56:28.955631+00:00,2026-06-19 17:56:34.094210+00:00
f1412f25-6158-408b-865f-b939c15fae73,completed,2026-06-19 17:56:30.570678+00:00,2026-06-19 17:56:36.367514+00:00
755f258b-63a6-4806-aa87-f3417ca88efe,completed,2026-06-19 17:56:29.214378+00:00,2026-06-19 17:56:34.440878+00:00
99b676b2-9184-49ed-b02b-2456d011559e,completed,2026-06-19 17:56:29.259602+00:00,2026-06-19 17:56:34.487213+00:00
5c27f352-7c40-44d2-919a-b5f4367fdffc,completed,2026-06-19 17:56:29.299818+00:00,2026-06-19 17:56:34.571977+00:00
a195ed97-e8d8-4cb2-bae0-3e40fb0af8b6,completed,2026-06-19 17:56:29.345565+00:00,2026-06-19 17:56:34.636188+00:00
91a53f60-c410-4b44-87bf-0bde7073d717,completed,2026-06-19 17:56:29.387276+00:00,2026-06-19 17:56:34.663212+00:00
e0e08622-600d-47ec-8a84-b3603721b0ee,completed,2026-06-19 17:56:29.426244+00:00,2026-06-19 17:56:34.759788+00:00
5a11e728-d06e-4fa6-aa04-eae1cf4187fb,completed,2026-06-19 17:56:29.513445+00:00,2026-06-19 17:56:34.830508+00:00
286237a7-1eb4-4093-ae48-7d8c0345c6df,completed,2026-06-19 17:56:29.556536+00:00,2026-06-19 17:56:34.920259+00:00
2cd0133a-a9cf-4f40-86fd-24355fbfd457,completed,2026-06-19 17:56:29.641317+00:00,2026-06-19 17:56:35.004280+00:00
bcba99d1-a7a7-4585-8f84-5cfb8471eb9d,completed,2026-06-19 17:56:29.602023+00:00,2026-06-19 17:56:35.041721+00:00
0c19eb14-0c29-40ed-9627-932389aee2f5,completed,2026-06-19 17:56:29.686788+00:00,2026-06-19 17:56:35.081312+00:00
156771a4-8923-4e2a-9253-f3b7a6766a0c,completed,2026-06-19 17:56:29.728912+00:00,2026-06-19 17:56:35.180727+00:00
4405d38a-9f24-450e-a8e0-9a3e00967a8f,completed,2026-06-19 17:56:29.770509+00:00,2026-06-19 17:56:35.216941+00:00
47c209c8-f4ce-4fe3-90c5-785730305845,completed,2026-06-19 17:56:29.814447+00:00,2026-06-19 17:56:35.254924+00:00
00b3434c-4742-4658-86d1-019974480e80,completed,2026-06-19 17:56:29.893842+00:00,2026-06-19 17:56:35.408541+00:00
695a62e1-ff20-4b68-a891-61c3fb3f2157,completed,2026-06-19 17:56:29.940075+00:00,2026-06-19 17:56:35.461226+00:00
b63de134-9f64-41b4-b4d0-bf7faae21bf6,completed,2026-06-19 17:56:29.983997+00:00,2026-06-19 17:56:35.511062+00:00
bed8161a-c7a1-47fc-80f6-bff557e2c296,completed,2026-06-19 17:56:30.022416+00:00,2026-06-19 17:56:35.586697+00:00
b8c7f405-a586-4f5a-aec6-ecf525f3a253,completed,2026-06-19 17:56:30.066730+00:00,2026-06-19 17:56:35.639979+00:00
8a2d238b-0766-45f3-8c6f-dbe7f73f9f8e,completed,2026-06-19 17:56:30.108702+00:00,2026-06-19 17:56:35.664188+00:00
7b9ee496-b6b3-4005-954d-392fb43ccea2,completed,2026-06-19 17:56:30.150423+00:00,2026-06-19 17:56:35.742473+00:00
050713fe-b93e-49bb-aa05-35cff8954139,completed,2026-06-19 17:56:30.240350+00:00,2026-06-19 17:56:35.825892+00:00
c1771485-a37f-416b-b3ab-af6ef7be984e,completed,2026-06-19 17:56:30.275208+00:00,2026-06-19 17:56:35.908260+00:00
3b36ab4a-3e4c-49d5-bfd1-aa0eca65d212,completed,2026-06-19 17:56:30.319473+00:00,2026-06-19 17:56:35.972493+00:00
e078da3c-b8ac-4470-83cf-8e78e671749f,completed,2026-06-19 17:56:30.363040+00:00,2026-06-19 17:56:36.019908+00:00
5a2776d7-a3f8-492b-b565-6ea141c9c804,completed,2026-06-19 17:56:30.407782+00:00,2026-06-19 17:56:36.096076+00:00
0f50161e-d3ac-40f9-a606-fdcc55fdea64,completed,2026-06-19 17:56:30.443219+00:00,2026-06-19 17:56:36.133343+00:00
08b787b1-0759-42cb-a093-2df03861be0f,completed,2026-06-19 17:56:30.489875+00:00,2026-06-19 17:56:36.202848+00:00
e5c78a4a-05ef-40e3-bad6-b0ae2d14c655,completed,2026-06-19 17:56:30.527411+00:00,2026-06-19 17:56:36.272275+00:00
8daa47b4-6157-4850-b026-4d94c411599b,completed,2026-06-19 17:56:31.686468+00:00,2026-06-19 17:56:38.070949+00:00
d892b35e-2151-4cee-bb48-235e1d3ec18c,completed,2026-06-19 17:56:32.024406+00:00,2026-06-19 17:56:38.504263+00:00
9f37dfe5-6713-401b-b3f4-cdf501f14d4f,completed,2026-06-19 17:56:30.694544+00:00,2026-06-19 17:56:36.547398+00:00
cd9c4f26-ee50-425c-a249-ea9a64358f01,completed,2026-06-19 17:56:30.737103+00:00,2026-06-19 17:56:36.556144+00:00
dc70e720-40ff-4d48-bf38-66626b5d6e76,completed,2026-06-19 17:56:30.778141+00:00,2026-06-19 17:56:36.604106+00:00
9d71f9ab-10f0-4866-a8ab-9961fb7c9d69,completed,2026-06-19 17:56:30.862139+00:00,2026-06-19 17:56:36.735676+00:00
7f37c8ce-1977-47ba-b2db-916da35e0163,completed,2026-06-19 17:56:30.818896+00:00,2026-06-19 17:56:36.747610+00:00
61e623a1-de8c-4238-aa16-a167110f8fda,completed,2026-06-19 17:56:30.902875+00:00,2026-06-19 17:56:36.758531+00:00
531e71f2-3ef1-418d-aa27-f4dc68d17653,completed,2026-06-19 17:56:31.027571+00:00,2026-06-19 17:56:36.922942+00:00
8b15be22-b4bf-4770-bb64-1665c2fa77f2,completed,2026-06-19 17:56:30.991006+00:00,2026-06-19 17:56:36.934365+00:00
840d3797-4b4c-4370-92a4-967992d3d1ac,completed,2026-06-19 17:56:31.108418+00:00,2026-06-19 17:56:37.103806+00:00
8a6e9639-00d5-408e-ada9-5c083f3db477,completed,2026-06-19 17:56:31.193493+00:00,2026-06-19 17:56:37.311903+00:00
da9c7663-5182-431f-b70a-ae33ae6f7f73,completed,2026-06-19 17:56:31.237757+00:00,2026-06-19 17:56:37.349990+00:00
5a20edba-1bf2-49db-b55d-ba1d07afe33d,completed,2026-06-19 17:56:31.274808+00:00,2026-06-19 17:56:37.361090+00:00
07d7e6f9-64cd-47aa-b170-74d7725acdcf,completed,2026-06-19 17:56:31.318845+00:00,2026-06-19 17:56:37.499452+00:00
ecc35e4e-1eff-46d5-8c28-a56bf4e084ef,completed,2026-06-19 17:56:31.401321+00:00,2026-06-19 17:56:37.543002+00:00
8102137e-2211-49e7-88ca-d45a323b4764,completed,2026-06-19 17:56:31.357555+00:00,2026-06-19 17:56:37.554774+00:00
7fe05f76-25e8-47e1-9491-93e67e43dbc6,completed,2026-06-19 17:56:31.442614+00:00,2026-06-19 17:56:37.709218+00:00
f726145a-b445-43db-ac08-fda5b1595f85,completed,2026-06-19 17:56:31.479986+00:00,2026-06-19 17:56:37.717904+00:00
c2cdde2c-e217-4efe-9a5e-c74bc373527c,completed,2026-06-19 17:56:31.522600+00:00,2026-06-19 17:56:37.736480+00:00
2cc73334-297d-4438-9bb5-ff6893be671e,completed,2026-06-19 17:56:31.608092+00:00,2026-06-19 17:56:37.892615+00:00
d8065a42-e5ee-443b-8e28-63874148d8c0,completed,2026-06-19 17:56:31.566667+00:00,2026-06-19 17:56:37.901702+00:00
557d22ed-3354-4e0f-a896-63c6d8cf2a36,completed,2026-06-19 17:56:31.648779+00:00,2026-06-19 17:56:37.936299+00:00
0ab3ab18-6592-40fd-8ed5-f095a9e9e8c8,completed,2026-06-19 17:56:31.730049+00:00,2026-06-19 17:56:38.068018+00:00
ccf820f5-27f1-41bc-b56d-6571774159a7,completed,2026-06-19 17:56:31.766557+00:00,2026-06-19 17:56:38.109621+00:00
b42d3dde-9582-4fd7-b8fb-d39c9ccb2953,completed,2026-06-19 17:56:31.850074+00:00,2026-06-19 17:56:38.219699+00:00
843a01ad-820b-4085-8cb2-79f6543fbafc,completed,2026-06-19 17:56:31.806827+00:00,2026-06-19 17:56:38.238622+00:00
25770395-012e-4b7e-ab7d-eeb874df8afd,completed,2026-06-19 17:56:31.893305+00:00,2026-06-19 17:56:38.338273+00:00
086dbace-2358-4439-9abb-bfe1c0cebb46,completed,2026-06-19 17:56:31.930531+00:00,2026-06-19 17:56:38.403530+00:00
b5b7382e-f29f-478b-b176-fed90095f7f6,completed,2026-06-19 17:56:31.970872+00:00,2026-06-19 17:56:38.432609+00:00
a9c35410-ab84-4171-abf8-fce19f79233c,completed,2026-06-19 17:56:33.412819+00:00,2026-06-19 17:56:40.647492+00:00
ab635c02-e953-40d7-90cc-ed8a59bd7e19,completed,2026-06-19 17:56:33.449777+00:00,2026-06-19 17:56:40.826929+00:00
953ba71d-647b-4bab-a834-1d64ca529658,completed,2026-06-19 17:56:32.134262+00:00,2026-06-19 17:56:38.691186+00:00
b396a10c-0ae2-437e-a693-b2a06b22f14e,completed,2026-06-19 17:56:32.175624+00:00,2026-06-19 17:56:38.751074+00:00
ceef6c35-9b43-4e6d-b706-96a5a0bdc680,completed,2026-06-19 17:56:32.216397+00:00,2026-06-19 17:56:38.786954+00:00
16eb7aee-35d8-4bf2-bb59-01d38282f3ed,completed,2026-06-19 17:56:32.253213+00:00,2026-06-19 17:56:38.879905+00:00
9947720f-b5a8-430b-b8f6-bd4c00037200,completed,2026-06-19 17:56:32.297697+00:00,2026-06-19 17:56:38.935792+00:00
02f19e06-f8da-475f-842a-53a9afc1f4bd,completed,2026-06-19 17:56:32.334837+00:00,2026-06-19 17:56:38.966563+00:00
bdbf1dc8-9df2-4bd7-804e-47c597e6bd4a,completed,2026-06-19 17:56:32.457605+00:00,2026-06-19 17:56:39.117962+00:00
9afee739-9802-45ab-8681-f9761df8fff5,completed,2026-06-19 17:56:32.415514+00:00,2026-06-19 17:56:39.127857+00:00
0851b4d5-d12c-4a11-9c30-154a23a1af05,completed,2026-06-19 17:56:32.494720+00:00,2026-06-19 17:56:39.260118+00:00
b2510469-f3ee-4982-8036-fbfe3eeb60d2,completed,2026-06-19 17:56:32.538782+00:00,2026-06-19 17:56:39.305605+00:00
ce1bd47c-0b7b-4c85-b240-92f05cc0aea5,completed,2026-06-19 17:56:32.616430+00:00,2026-06-19 17:56:39.472039+00:00
9a199876-dd7d-48bd-8526-39f56a1b69dc,completed,2026-06-19 17:56:32.700236+00:00,2026-06-19 17:56:39.495522+00:00
4687f174-3f4c-41e3-80bb-17eeeeffbefd,completed,2026-06-19 17:56:32.662794+00:00,2026-06-19 17:56:39.527702+00:00
a0aa257c-8465-4c8c-a232-82d61f1248d6,completed,2026-06-19 17:56:32.738364+00:00,2026-06-19 17:56:39.637267+00:00
3d4c9a16-bd34-4089-a346-15ecc2025f60,completed,2026-06-19 17:56:32.818943+00:00,2026-06-19 17:56:39.683046+00:00
75a526f8-fa1e-448b-9964-d0b06350feb3,completed,2026-06-19 17:56:32.781572+00:00,2026-06-19 17:56:39.748574+00:00
0b62b1df-a3fb-4adf-bd49-9d682a93fe0f,completed,2026-06-19 17:56:32.858564+00:00,2026-06-19 17:56:39.811861+00:00
57343817-556a-4832-a818-34b1b4ccd06f,completed,2026-06-19 17:56:32.899060+00:00,2026-06-19 17:56:39.880016+00:00
10e628e9-cd66-4522-ba83-b42c72b6718d,completed,2026-06-19 17:56:32.937756+00:00,2026-06-19 17:56:39.898473+00:00
8a39b3ef-3cab-4067-8c48-ddc21c2ddc25,completed,2026-06-19 17:56:32.986308+00:00,2026-06-19 17:56:40.009102+00:00
0d2683f2-e021-416e-bf73-84f53fa3ff90,completed,2026-06-19 17:56:33.058542+00:00,2026-06-19 17:56:40.050275+00:00
664f4e3e-dbd3-4bec-ae87-e822d23fe0ed,completed,2026-06-19 17:56:33.018914+00:00,2026-06-19 17:56:40.061831+00:00
12594cf4-8d38-4cbe-a8a4-c34a59c750a9,completed,2026-06-19 17:56:33.135973+00:00,2026-06-19 17:56:40.244594+00:00
e06c2bf2-efae-442b-8bae-d3afa1292583,completed,2026-06-19 17:56:33.179838+00:00,2026-06-19 17:56:40.279691+00:00
e45e1f16-9fa3-4c6d-9945-f3194bea8aa4,completed,2026-06-19 17:56:33.213216+00:00,2026-06-19 17:56:40.414187+00:00
d1f8536a-ba3c-483b-b4f9-0564d8b357c1,completed,2026-06-19 17:56:33.258539+00:00,2026-06-19 17:56:40.435394+00:00
c398b299-5277-4a58-9ec7-af425cd034bb,completed,2026-06-19 17:56:33.291925+00:00,2026-06-19 17:56:40.462788+00:00
e0b054d2-b07d-48d7-ade5-c5a7d01ccb5f,completed,2026-06-19 17:56:33.374772+00:00,2026-06-19 17:56:40.616176+00:00
17ae0d01-154a-4c7a-8df1-6b37f238ff7e,completed,2026-06-19 17:56:56.384424+00:00,2026-06-19 17:57:24.375767+00:00
f2463eba-d991-4fc6-a133-8a5f61f076b5,completed,2026-06-19 17:56:33.530459+00:00,2026-06-19 17:56:40.815420+00:00
81f83844-b146-430f-8f37-d8b411d54423,completed,2026-06-19 17:56:34.818291+00:00,2026-06-19 17:56:42.950237+00:00
a040fb2c-f21e-4405-9c7b-670c13be8aab,completed,2026-06-19 17:56:34.661965+00:00,2026-06-19 17:56:42.676444+00:00
50351283-7f95-4754-956c-428e570016a4,completed,2026-06-19 17:56:33.608576+00:00,2026-06-19 17:56:41.010651+00:00
6533f1b1-87b8-40dc-a9c1-5cff17bdcee7,completed,2026-06-19 17:56:33.648846+00:00,2026-06-19 17:56:41.031719+00:00
2a1ccab3-26d1-490a-8aeb-e4c3a23cd940,completed,2026-06-19 17:56:33.727322+00:00,2026-06-19 17:56:41.215945+00:00
54466101-8f95-40eb-8cff-63a7be9c7069,completed,2026-06-19 17:56:33.691020+00:00,2026-06-19 17:56:41.217072+00:00
b13a2d19-9874-425c-aede-ff10d60e68cb,completed,2026-06-19 17:56:33.845620+00:00,2026-06-19 17:56:41.387180+00:00
d53f1916-eb3c-4cdc-88c9-d881c0cb0263,completed,2026-06-19 17:56:33.886962+00:00,2026-06-19 17:56:41.411529+00:00
acaac0db-9ab4-4d37-b827-83c97fd98299,completed,2026-06-19 17:56:33.810828+00:00,2026-06-19 17:56:41.441033+00:00
fc5a2c61-a109-4c60-9b49-1ba2cfb2dd23,completed,2026-06-19 17:56:33.966561+00:00,2026-06-19 17:56:41.604433+00:00
89ffb1e9-536f-4702-aedd-f8dc721c88d5,completed,2026-06-19 17:56:33.924275+00:00,2026-06-19 17:56:41.614212+00:00
a309a30e-e347-4722-a2bd-9eb69d6e8fd5,completed,2026-06-19 17:56:34.001353+00:00,2026-06-19 17:56:41.651266+00:00
7183d88c-4ddb-4ce9-92a5-9df329fd3ce6,completed,2026-06-19 17:56:34.042364+00:00,2026-06-19 17:56:41.776697+00:00
6a57c1e3-3d2d-4315-a355-1b3927a96f68,completed,2026-06-19 17:56:34.078991+00:00,2026-06-19 17:56:41.801786+00:00
fc8dd921-f204-42c4-9b91-a293ae4c84a8,completed,2026-06-19 17:56:34.123464+00:00,2026-06-19 17:56:41.859176+00:00
eda3a1dc-3589-48ab-91bb-4a27e3d69e27,completed,2026-06-19 17:56:34.156293+00:00,2026-06-19 17:56:41.944061+00:00
85384ad5-8c75-42a1-b5cb-eb6b37ca0bab,completed,2026-06-19 17:56:34.197040+00:00,2026-06-19 17:56:41.988542+00:00
90f11f53-c4a1-43be-b6ca-b13495c38ca5,completed,2026-06-19 17:56:34.239711+00:00,2026-06-19 17:56:42.051768+00:00
b5d28f20-d52f-4dab-b79a-e5c8067197c6,completed,2026-06-19 17:56:34.273638+00:00,2026-06-19 17:56:42.127897+00:00
492e9f10-ac4a-4a10-877d-c47819ed5642,completed,2026-06-19 17:56:34.312933+00:00,2026-06-19 17:56:42.152367+00:00
2007306a-0600-4918-97d6-8f7783f210a0,completed,2026-06-19 17:56:34.354227+00:00,2026-06-19 17:56:42.241645+00:00
af79d940-52da-4f13-a88a-84610dde1ef8,completed,2026-06-19 17:56:34.390338+00:00,2026-06-19 17:56:42.290576+00:00
7892ca3d-3443-494f-82a7-d4897b559dc9,completed,2026-06-19 17:56:34.429583+00:00,2026-06-19 17:56:42.322121+00:00
e0a59cd0-a8ed-4e52-96a8-88b4c038bfb1,completed,2026-06-19 17:56:34.543799+00:00,2026-06-19 17:56:42.512750+00:00
cedd7607-e0b7-4aed-99e3-acfb4952b719,completed,2026-06-19 17:56:34.586713+00:00,2026-06-19 17:56:42.649843+00:00
c077d185-a879-417f-a49d-fd4109eebda2,completed,2026-06-19 17:56:34.625484+00:00,2026-06-19 17:56:42.674802+00:00
57164c38-9b7e-4b5b-8b06-60235d93a215,completed,2026-06-19 17:56:34.697377+00:00,2026-06-19 17:56:42.801099+00:00
8d90f515-bbc6-46e0-ab7d-27fa2ceb9e14,completed,2026-06-19 17:56:34.778364+00:00,2026-06-19 17:56:42.868703+00:00
84a66c15-e055-430a-9bb5-8178f41e03f2,completed,2026-06-19 17:56:36.140781+00:00,2026-06-19 17:56:45.052767+00:00
d7989f57-feb9-4a13-bad2-2c040fc3722b,completed,2026-06-19 17:56:36.103924+00:00,2026-06-19 17:56:45.016086+00:00
b7cdaa00-8430-4572-8c68-19ea7b3a26e4,completed,2026-06-19 17:56:34.930754+00:00,2026-06-19 17:56:43.118668+00:00
d26965f7-761b-4816-a4a9-75a624b90a22,completed,2026-06-19 17:56:34.967124+00:00,2026-06-19 17:56:43.232416+00:00
abf25493-0c65-4773-bae8-54b5614f679a,completed,2026-06-19 17:56:35.044599+00:00,2026-06-19 17:56:43.291714+00:00
b4a04f6d-02d8-4d08-a791-b42f4680ecc6,completed,2026-06-19 17:56:35.006019+00:00,2026-06-19 17:56:43.303414+00:00
6424d2bb-616b-479a-8223-3142b3558f3f,completed,2026-06-19 17:56:35.085604+00:00,2026-06-19 17:56:43.395522+00:00
62dd9573-555a-4dea-b39d-82d169d522cc,completed,2026-06-19 17:56:35.130175+00:00,2026-06-19 17:56:43.459642+00:00
890ef05d-05e8-459f-bdc2-2073487c04ba,completed,2026-06-19 17:56:35.162948+00:00,2026-06-19 17:56:43.488303+00:00
630ea96a-c6dd-40e1-9e09-c78bf6c7c999,completed,2026-06-19 17:56:35.198054+00:00,2026-06-19 17:56:43.565373+00:00
b5a1a3c9-5202-4ce6-8ae9-ee3abff328af,completed,2026-06-19 17:56:35.234472+00:00,2026-06-19 17:56:43.625948+00:00
c4412110-943e-42c2-97e4-63fe774b9862,completed,2026-06-19 17:56:35.271110+00:00,2026-06-19 17:56:43.646283+00:00
13a47788-1346-434c-acc5-f5ff57f84e3e,completed,2026-06-19 17:56:35.316976+00:00,2026-06-19 17:56:43.741788+00:00
854fe532-5738-473d-8c18-b5e5eaa5782d,completed,2026-06-19 17:56:35.384393+00:00,2026-06-19 17:56:43.810954+00:00
481b735e-2978-4397-ba48-8adf0fa1e950,completed,2026-06-19 17:56:35.424193+00:00,2026-06-19 17:56:43.958724+00:00
7001a6e0-edd4-4a4d-ab74-68aea0f3e51c,completed,2026-06-19 17:56:35.500439+00:00,2026-06-19 17:56:43.967370+00:00
7d0219ae-b344-42df-a62b-80a0f1226b70,completed,2026-06-19 17:56:35.465165+00:00,2026-06-19 17:56:44.001798+00:00
277b0dee-930c-4bb3-ac91-f3eb4523d4c9,completed,2026-06-19 17:56:35.579419+00:00,2026-06-19 17:56:44.148608+00:00
490dc841-85d5-4c70-9943-a780375103a4,completed,2026-06-19 17:56:35.537441+00:00,2026-06-19 17:56:44.160613+00:00
26e92be4-a79d-46db-b1a5-d2cc9de3f7ad,completed,2026-06-19 17:56:35.614840+00:00,2026-06-19 17:56:44.172694+00:00
1b088052-e3f8-4077-9e89-77ed830f14ac,completed,2026-06-19 17:56:35.694517+00:00,2026-06-19 17:56:44.305648+00:00
d7b7af4f-3093-4cc1-becf-273b2cd0e480,completed,2026-06-19 17:56:35.656021+00:00,2026-06-19 17:56:44.324654+00:00
c3ffeb75-e0b9-43d1-84c4-1121939ed08e,completed,2026-06-19 17:56:35.729897+00:00,2026-06-19 17:56:44.354463+00:00
15e76199-b4fe-4e5c-a60d-72b9dc84f22d,completed,2026-06-19 17:56:35.764758+00:00,2026-06-19 17:56:44.468523+00:00
6eeda37d-9716-4405-acfd-fbd835f52e5a,completed,2026-06-19 17:56:35.839196+00:00,2026-06-19 17:56:44.528042+00:00
a4e4af57-346d-4b50-add1-f5fd690588d9,completed,2026-06-19 17:56:35.878333+00:00,2026-06-19 17:56:44.659917+00:00
ab2f32d6-c883-4fa9-a5b4-79d432f1a8f4,completed,2026-06-19 17:56:35.952306+00:00,2026-06-19 17:56:44.685693+00:00
370e9644-ebc9-4f2b-b3b2-e463ad8af21e,completed,2026-06-19 17:56:35.993133+00:00,2026-06-19 17:56:44.846441+00:00
0ffd1964-9441-424e-8109-7a463b7069ca,completed,2026-06-19 17:56:36.030758+00:00,2026-06-19 17:56:44.855927+00:00
8fe09a10-08e4-494b-9950-550d6087b059,completed,2026-06-19 17:56:36.067815+00:00,2026-06-19 17:56:44.865657+00:00
cb5b9fe3-bd8c-41b6-ae76-95c7581371fe,completed,2026-06-19 17:56:37.404870+00:00,2026-06-19 17:56:47.016557+00:00
4c8b91d8-579a-439f-99cb-95ed74bebec1,completed,2026-06-19 17:56:36.627799+00:00,2026-06-19 17:56:45.804063+00:00
439ae4ae-41a9-4cc7-a961-e2c7922ec640,completed,2026-06-19 17:56:36.253583+00:00,2026-06-19 17:56:45.154862+00:00
2dfafe5a-818c-49e2-b98f-bf9846d6e718,completed,2026-06-19 17:56:36.215233+00:00,2026-06-19 17:56:45.203974+00:00
fd5322f9-a543-4374-8927-54f1fedefcf0,completed,2026-06-19 17:56:36.291013+00:00,2026-06-19 17:56:45.232693+00:00
901f2b3e-dfb0-41af-83b6-e703cb07f0db,completed,2026-06-19 17:56:36.342469+00:00,2026-06-19 17:56:45.323290+00:00
d29e58c8-db40-4e68-8fa4-cd4a8e7a041b,completed,2026-06-19 17:56:36.368326+00:00,2026-06-19 17:56:45.385234+00:00
baf1a943-a639-46e2-bffa-814be986b1af,completed,2026-06-19 17:56:36.400924+00:00,2026-06-19 17:56:45.403865+00:00
656f6cd0-da1c-426f-af08-c0b81867264d,completed,2026-06-19 17:56:36.475725+00:00,2026-06-19 17:56:45.575053+00:00
f1cab217-2a92-4511-9316-8ce58ee7d903,completed,2026-06-19 17:56:36.515045+00:00,2026-06-19 17:56:45.589026+00:00
3631c115-14b6-428c-884d-9e2e894f691b,completed,2026-06-19 17:56:36.549985+00:00,2026-06-19 17:56:45.652300+00:00
92b201f6-944a-405a-9ca4-4c549d87a943,completed,2026-06-19 17:56:36.586934+00:00,2026-06-19 17:56:45.754379+00:00
3e47df49-d987-43bd-87e7-dde61f459b09,completed,2026-06-19 17:56:36.665295+00:00,2026-06-19 17:56:45.801821+00:00
945bdb7c-d404-443b-87f2-7aa86b4d6250,completed,2026-06-19 17:56:36.706670+00:00,2026-06-19 17:56:45.940383+00:00
b8a36ab1-e9bf-4e47-a818-2f0e6a64e3f0,completed,2026-06-19 17:56:36.738961+00:00,2026-06-19 17:56:45.969565+00:00
4ab03dde-6cc5-4fb4-89ec-b52dec6dd19e,completed,2026-06-19 17:56:36.809536+00:00,2026-06-19 17:56:46.107952+00:00
e70c35b1-3df0-4122-b1b7-30782317d9c7,completed,2026-06-19 17:56:36.888262+00:00,2026-06-19 17:56:46.140700+00:00
228b93ee-18b2-4de0-ac78-cb7f5d59d21f,completed,2026-06-19 17:56:36.925995+00:00,2026-06-19 17:56:46.288439+00:00
77fcb3eb-b77f-4f44-a6a3-4969f178bb34,completed,2026-06-19 17:56:36.995972+00:00,2026-06-19 17:56:46.311645+00:00
bf95157d-511b-41a9-aa63-ec05e9fd8d8d,completed,2026-06-19 17:56:36.959875+00:00,2026-06-19 17:56:46.319418+00:00
1d86556f-9a7a-4e53-88b8-d1aea40e11cd,completed,2026-06-19 17:56:37.034783+00:00,2026-06-19 17:56:46.447135+00:00
37a83890-458a-468b-9c53-77a91ff1bb3d,completed,2026-06-19 17:56:37.071455+00:00,2026-06-19 17:56:46.513088+00:00
fbf11686-0f0e-4a45-b841-383010bfa3e8,completed,2026-06-19 17:56:37.114441+00:00,2026-06-19 17:56:46.521991+00:00
57e3420f-ca95-41fd-82fc-1a92740c0819,completed,2026-06-19 17:56:37.148087+00:00,2026-06-19 17:56:46.615099+00:00
208f095b-a147-4170-aba1-284bf1f33826,completed,2026-06-19 17:56:37.219764+00:00,2026-06-19 17:56:46.665255+00:00
44075f72-a7cb-44df-b460-a652a74a9643,completed,2026-06-19 17:56:37.183355+00:00,2026-06-19 17:56:46.694510+00:00
8837b612-3b91-4d15-a14b-e0154d09c9cf,completed,2026-06-19 17:56:37.257529+00:00,2026-06-19 17:56:46.775193+00:00
b3651cd8-cb1c-4e40-8285-bdfac14b6428,completed,2026-06-19 17:56:37.298601+00:00,2026-06-19 17:56:46.846108+00:00
84c3f688-5b95-470c-bd00-491c5314f13d,completed,2026-06-19 17:56:37.337039+00:00,2026-06-19 17:56:46.889072+00:00
fa93b2a7-d67e-4cd7-a49e-8b8236f22339,completed,2026-06-19 17:56:37.370325+00:00,2026-06-19 17:56:46.939857+00:00
ded60c8d-195b-4f5e-b377-3b62a4c4743f,completed,2026-06-19 17:56:38.632628+00:00,2026-06-19 17:56:49.032126+00:00
fe66ee42-1efe-450d-9233-56cc3d278686,completed,2026-06-19 17:56:38.663514+00:00,2026-06-19 17:56:49.157785+00:00
a69db70a-e823-4074-a0af-64d15941f654,completed,2026-06-19 17:56:37.515158+00:00,2026-06-19 17:56:47.186382+00:00
e7a0ced1-3c6f-4f72-9541-65e31cde7345,completed,2026-06-19 17:56:37.557868+00:00,2026-06-19 17:56:47.272427+00:00
53b671d6-b98f-4a43-af2a-8a08ee56cb8e,completed,2026-06-19 17:56:37.597774+00:00,2026-06-19 17:56:47.319499+00:00
5fd1f9f3-848f-41de-9def-dfe1933c19d1,completed,2026-06-19 17:56:37.622426+00:00,2026-06-19 17:56:47.368520+00:00
4879da0b-23b9-43e9-aa24-5b20c612adcf,completed,2026-06-19 17:56:37.656370+00:00,2026-06-19 17:56:47.444494+00:00
42fd6281-67a7-4248-b7e7-bf1249246551,completed,2026-06-19 17:56:37.693359+00:00,2026-06-19 17:56:47.496574+00:00
b94dae9c-81ec-4706-bdcc-ed4d3d1b2b6b,completed,2026-06-19 17:56:37.765359+00:00,2026-06-19 17:56:47.636173+00:00
69a487dd-7951-44c0-a841-ab5d6a60189d,completed,2026-06-19 17:56:37.805628+00:00,2026-06-19 17:56:47.678946+00:00
0d7b6bc2-d101-4092-b60d-53c9710b18bc,completed,2026-06-19 17:56:37.840512+00:00,2026-06-19 17:56:47.695976+00:00
1124815f-2d75-49ba-a9d2-05c01679e351,completed,2026-06-19 17:56:37.874127+00:00,2026-06-19 17:56:47.819828+00:00
8c40bcfb-5865-49cb-8488-7582735b8b84,completed,2026-06-19 17:56:37.915147+00:00,2026-06-19 17:56:47.864299+00:00
9ef8059a-0444-4f96-b964-48996c5e99c1,completed,2026-06-19 17:56:37.948883+00:00,2026-06-19 17:56:47.896001+00:00
eabbe45b-e719-426c-8a83-53c849b87a8c,completed,2026-06-19 17:56:37.987866+00:00,2026-06-19 17:56:48.002400+00:00
e261c7a1-a2a4-4430-9651-69f995d7299f,completed,2026-06-19 17:56:38.030115+00:00,2026-06-19 17:56:48.051491+00:00
6a873159-5610-4606-b8de-0cf6905d3a5c,completed,2026-06-19 17:56:38.091077+00:00,2026-06-19 17:56:48.160382+00:00
4f31a603-6597-4312-8dd1-4d4515fec7a4,completed,2026-06-19 17:56:38.129894+00:00,2026-06-19 17:56:48.230244+00:00
9dae934c-5231-4691-83cb-1f4098759d33,completed,2026-06-19 17:56:38.166598+00:00,2026-06-19 17:56:48.269453+00:00
2e6ea10b-baf6-4353-bf3f-279868369a2f,completed,2026-06-19 17:56:38.209384+00:00,2026-06-19 17:56:48.327518+00:00
8a08a5f1-b9c0-4152-87ba-bd7681909221,completed,2026-06-19 17:56:38.237600+00:00,2026-06-19 17:56:48.431924+00:00
bd96cc82-cdff-463e-90f4-b781cfe17ff1,completed,2026-06-19 17:56:38.272770+00:00,2026-06-19 17:56:48.461905+00:00
0fd8d488-e240-483c-ab06-10251e3fbbe5,completed,2026-06-19 17:56:38.313296+00:00,2026-06-19 17:56:48.504741+00:00
7763d964-dba8-4afc-b655-68f1a0e3bcd8,completed,2026-06-19 17:56:38.345903+00:00,2026-06-19 17:56:48.625099+00:00
49575b5d-b32c-4a60-becf-e721a54ebf6d,completed,2026-06-19 17:56:38.418400+00:00,2026-06-19 17:56:48.683682+00:00
4ce498ea-e0e9-4afc-8a72-bfba7959d42b,completed,2026-06-19 17:56:38.451359+00:00,2026-06-19 17:56:48.812983+00:00
660f57b4-5e2b-4055-9ec7-3047338ffcb2,completed,2026-06-19 17:56:38.488902+00:00,2026-06-19 17:56:48.831430+00:00
7929600a-7d9c-4c6d-a200-0a36acb6fc07,completed,2026-06-19 17:56:38.524299+00:00,2026-06-19 17:56:48.864281+00:00
b3854c07-ab64-464a-b7f7-4aa4f8bf0380,completed,2026-06-19 17:56:38.558194+00:00,2026-06-19 17:56:48.982623+00:00
3115b009-7ea4-4b32-8e7b-7ee20211d1f2,completed,2026-06-19 17:56:38.598204+00:00,2026-06-19 17:56:49.028578+00:00
c03b9a69-da2f-487d-ad2b-c0f279279eba,completed,2026-06-19 17:56:38.777309+00:00,2026-06-19 17:56:49.344837+00:00
641a3bbb-49f7-4f1e-957c-658951f3d91a,completed,2026-06-19 17:56:39.955411+00:00,2026-06-19 17:56:51.324801+00:00
dbaeaa14-3df6-4dc9-928e-4ef93bcf0a72,completed,2026-06-19 17:56:38.812672+00:00,2026-06-19 17:56:49.436070+00:00
c3485a20-f28f-436f-b8e6-602545ed78dd,completed,2026-06-19 17:56:38.889449+00:00,2026-06-19 17:56:49.523652+00:00
0222124a-d58c-4cb6-9656-2d4c9b88c9d5,completed,2026-06-19 17:56:38.918653+00:00,2026-06-19 17:56:49.595151+00:00
1ed62fcc-d521-45fd-979e-373e32aac631,completed,2026-06-19 17:56:38.955027+00:00,2026-06-19 17:56:49.632048+00:00
4219abcf-e9ff-47e8-b71b-f68299c0651c,completed,2026-06-19 17:56:38.991181+00:00,2026-06-19 17:56:49.688201+00:00
61bb3557-465c-46ea-87de-e50ad1ef21d5,completed,2026-06-19 17:56:39.027996+00:00,2026-06-19 17:56:49.782726+00:00
0e53abfe-8aa0-4fb4-bd7e-245d84aa66df,completed,2026-06-19 17:56:39.159494+00:00,2026-06-19 17:56:49.836073+00:00
0565217d-9569-46d2-9de7-982c0f67c0b6,completed,2026-06-19 17:56:39.169430+00:00,2026-06-19 17:56:49.861317+00:00
a580dac1-dfad-4069-862c-ce14ca129792,completed,2026-06-19 17:56:39.186629+00:00,2026-06-19 17:56:49.948404+00:00
1e453897-9584-483e-a901-387191b609a7,completed,2026-06-19 17:56:39.204030+00:00,2026-06-19 17:56:50.031379+00:00
ed7eedfe-db4e-4bf3-9320-bb3ac31d966f,completed,2026-06-19 17:56:39.304008+00:00,2026-06-19 17:56:50.041936+00:00
a66af1a9-67f9-418b-9f39-085bb123f0d0,completed,2026-06-19 17:56:39.313210+00:00,2026-06-19 17:56:50.116004+00:00
d1e31679-a15d-4866-9150-51504596992c,completed,2026-06-19 17:56:39.337260+00:00,2026-06-19 17:56:50.212022+00:00
1aef397f-da18-4eff-941c-70ea3c33c139,completed,2026-06-19 17:56:39.404689+00:00,2026-06-19 17:56:50.307207+00:00
66fdfeff-e034-4091-8c1a-44493694fd74,completed,2026-06-19 17:56:39.424067+00:00,2026-06-19 17:56:50.408832+00:00
445b9511-0ab6-4f3e-9c92-f94e57a90570,completed,2026-06-19 17:56:39.458140+00:00,2026-06-19 17:56:50.414213+00:00
1d05cfaa-5714-42be-8215-caf9a6778126,completed,2026-06-19 17:56:39.474054+00:00,2026-06-19 17:56:50.532628+00:00
629afe07-ea9b-4235-952c-e98a5288f4a9,completed,2026-06-19 17:56:39.501679+00:00,2026-06-19 17:56:50.573268+00:00
283ad124-f9d7-4014-b17c-cbd0bd237593,completed,2026-06-19 17:56:39.550255+00:00,2026-06-19 17:56:50.596313+00:00
5d176010-e595-41bc-99ef-a9934aff834b,completed,2026-06-19 17:56:39.568875+00:00,2026-06-19 17:56:50.720968+00:00
80b66a1e-1835-4d73-b3b9-673c498addc6,completed,2026-06-19 17:56:39.631565+00:00,2026-06-19 17:56:50.763310+00:00
95e6d69e-8e38-454b-8ac8-8ea7c3122b83,completed,2026-06-19 17:56:39.692331+00:00,2026-06-19 17:56:50.911056+00:00
af32b8a1-4c22-4c84-a781-c7cd2f922b04,completed,2026-06-19 17:56:39.699378+00:00,2026-06-19 17:56:50.940680+00:00
c38f2a39-ad74-4c8b-bcd0-dfe45e200311,completed,2026-06-19 17:56:39.729413+00:00,2026-06-19 17:56:50.953288+00:00
6b718615-4836-41b6-9067-a576f39cb160,completed,2026-06-19 17:56:39.778409+00:00,2026-06-19 17:56:51.075829+00:00
df7d5e9a-5cd7-4a26-9db7-8c6fd8a38a88,completed,2026-06-19 17:56:39.923191+00:00,2026-06-19 17:56:51.136584+00:00
348839bb-39fd-49b6-8105-8f5de248894d,completed,2026-06-19 17:56:39.935923+00:00,2026-06-19 17:56:51.254503+00:00
95ff62ae-dad6-49c5-b084-ad6a71be0a29,completed,2026-06-19 17:56:39.955604+00:00,2026-06-19 17:56:51.325950+00:00
615172ba-ff83-4b5b-a5e4-1a870a69d13e,completed,2026-06-19 17:56:40.999161+00:00,2026-06-19 17:56:53.166911+00:00
819a4847-f341-4cd7-a92a-39dc74eb9966,completed,2026-06-19 17:56:40.129240+00:00,2026-06-19 17:56:51.515767+00:00
be45cf41-7708-46cc-b3ea-690dffad7d11,completed,2026-06-19 17:56:41.183859+00:00,2026-06-19 17:56:53.515108+00:00
8886bbb8-7d15-4a35-af0c-55dca9148c0a,completed,2026-06-19 17:56:40.166504+00:00,2026-06-19 17:56:51.624944+00:00
90e722f9-3bc9-458a-b877-cbd60751a68b,completed,2026-06-19 17:56:40.212423+00:00,2026-06-19 17:56:51.691344+00:00
e292e0fb-3145-4619-93d0-7fd362067ec2,completed,2026-06-19 17:56:40.213709+00:00,2026-06-19 17:56:51.718046+00:00
a8d03f6d-8285-47c8-86bb-79b583cabcc9,completed,2026-06-19 17:56:40.213751+00:00,2026-06-19 17:56:51.802167+00:00
3040ffb2-2175-4cb2-93bd-675c28860958,completed,2026-06-19 17:56:40.331259+00:00,2026-06-19 17:56:51.881781+00:00
3d342a1d-65cd-48b2-93e2-c202fcb25d1a,completed,2026-06-19 17:56:40.368358+00:00,2026-06-19 17:56:51.906822+00:00
deee8575-36d0-47d2-88b7-cf3074d473b7,completed,2026-06-19 17:56:40.350407+00:00,2026-06-19 17:56:51.983002+00:00
28fc2dcf-b486-4bb3-8482-644951f82dd5,completed,2026-06-19 17:56:40.372173+00:00,2026-06-19 17:56:52.071106+00:00
b4461d67-fba8-44d7-b9eb-1e5cfd3bbd19,completed,2026-06-19 17:56:40.413428+00:00,2026-06-19 17:56:52.176751+00:00
abde0566-3b05-4d80-9c2d-38be296e45ea,completed,2026-06-19 17:56:40.551608+00:00,2026-06-19 17:56:52.246127+00:00
fb4ff08f-0ec1-49d4-9557-039150c6ca00,completed,2026-06-19 17:56:40.535315+00:00,2026-06-19 17:56:52.262573+00:00
71e7f6c1-e579-462f-82a7-19b342a41d1f,completed,2026-06-19 17:56:40.568722+00:00,2026-06-19 17:56:52.388200+00:00
d1e3cfc4-5ca7-4e14-b61d-017d6f275bf5,completed,2026-06-19 17:56:40.591152+00:00,2026-06-19 17:56:52.418181+00:00
a37093e3-870d-4e36-b39b-236fab32bf8a,completed,2026-06-19 17:56:40.591108+00:00,2026-06-19 17:56:52.449525+00:00
abbef1d9-cc7e-4728-aca7-a8c9e6b04b7b,completed,2026-06-19 17:56:40.611069+00:00,2026-06-19 17:56:52.548397+00:00
ed3a1a19-0ca8-4329-92d0-fad11047ac23,completed,2026-06-19 17:56:40.740235+00:00,2026-06-19 17:56:52.616045+00:00
25619d75-fffd-455d-b7fc-d8d4f2880e28,completed,2026-06-19 17:56:40.756837+00:00,2026-06-19 17:56:52.632120+00:00
7388d20e-9864-4b3f-9b31-bd6a25a6787e,completed,2026-06-19 17:56:40.776043+00:00,2026-06-19 17:56:52.748159+00:00
5b0e5941-12a5-4495-aff5-45b67bea1894,completed,2026-06-19 17:56:40.776004+00:00,2026-06-19 17:56:52.788461+00:00
d5725c0a-548d-4284-a35c-ecbbb1c16847,completed,2026-06-19 17:56:40.798056+00:00,2026-06-19 17:56:52.816023+00:00
cf590c8e-589b-4cac-a72e-ee706c7efaa8,completed,2026-06-19 17:56:40.812410+00:00,2026-06-19 17:56:52.945599+00:00
07df5531-eb54-4a7b-9080-79c9b3ab27a0,completed,2026-06-19 17:56:40.963574+00:00,2026-06-19 17:56:52.990147+00:00
74ef3207-cf4b-4dce-972f-d255d51e8812,completed,2026-06-19 17:56:40.981707+00:00,2026-06-19 17:56:53.129321+00:00
fe66db17-565d-4c78-8cc3-6f0865f65e2f,completed,2026-06-19 17:56:41.004059+00:00,2026-06-19 17:56:53.163013+00:00
a6c4a4bc-a8dc-4a62-9e34-4c90ee5f4304,completed,2026-06-19 17:56:41.026077+00:00,2026-06-19 17:56:53.330502+00:00
47d75228-42ee-4b11-b5cb-67fad417c8b8,completed,2026-06-19 17:56:41.183882+00:00,2026-06-19 17:56:53.531264+00:00
968900be-5419-4328-8ae2-921956bef8c9,completed,2026-06-19 17:56:41.164456+00:00,2026-06-19 17:56:53.365100+00:00
8c43805f-c15b-4a0b-a680-6c150a7c151d,completed,2026-06-19 17:56:42.235757+00:00,2026-06-19 17:56:55.574803+00:00
1d9de8d6-88d9-4f1c-a602-1a90a0070307,completed,2026-06-19 17:56:42.306838+00:00,2026-06-19 17:56:55.660510+00:00
3f87a1f3-bc45-4105-a74d-a626f757967d,completed,2026-06-19 17:56:42.342826+00:00,2026-06-19 17:56:55.756150+00:00
af087e74-acb4-421a-9a3d-d4cca1d28938,completed,2026-06-19 17:56:41.800232+00:00,2026-06-19 17:56:54.773786+00:00
6d0f6647-5cef-455b-9d4d-8a9a703f77b6,completed,2026-06-19 17:56:41.225666+00:00,2026-06-19 17:56:53.697703+00:00
12513d61-d5a4-4e0d-84f5-a596549844dc,completed,2026-06-19 17:56:41.396208+00:00,2026-06-19 17:56:53.747674+00:00
b17a4594-00ad-413f-bfcd-476e2e0a9711,completed,2026-06-19 17:56:41.425871+00:00,2026-06-19 17:56:53.879944+00:00
8e92e856-5c62-4f5e-854c-cab9a335de91,completed,2026-06-19 17:56:41.440581+00:00,2026-06-19 17:56:53.912871+00:00
33d80efe-e474-46a4-a28d-b9db9988af23,completed,2026-06-19 17:56:41.457353+00:00,2026-06-19 17:56:53.962232+00:00
e1d08d11-9684-44cb-ba8a-2650300a0483,completed,2026-06-19 17:56:41.479651+00:00,2026-06-19 17:56:54.057033+00:00
25da60cd-f27f-44a3-8adb-0509d9c77e17,completed,2026-06-19 17:56:41.510790+00:00,2026-06-19 17:56:54.134457+00:00
c4804a6c-45bb-43ae-acd5-a70ac20bac2c,completed,2026-06-19 17:56:41.521285+00:00,2026-06-19 17:56:54.163678+00:00
2dfd5fe0-a92b-4822-b007-a93630787699,completed,2026-06-19 17:56:41.543491+00:00,2026-06-19 17:56:54.248130+00:00
5ceba0c8-cc04-437b-b6b4-a9196df0b0a8,completed,2026-06-19 17:56:41.561459+00:00,2026-06-19 17:56:54.361804+00:00
c6b4a0ce-c95c-4be5-b6d4-5fff47351c7b,completed,2026-06-19 17:56:41.628759+00:00,2026-06-19 17:56:54.423164+00:00
b91faf19-484f-4853-969a-35d187b9ce68,completed,2026-06-19 17:56:41.696470+00:00,2026-06-19 17:56:54.540863+00:00
5d0effb9-82c0-46dd-bd6d-be4bc3abc966,completed,2026-06-19 17:56:41.662615+00:00,2026-06-19 17:56:54.558878+00:00
37f85b27-a2cc-46c4-a9a2-7bab532e9f29,completed,2026-06-19 17:56:41.730194+00:00,2026-06-19 17:56:54.596410+00:00
45ba2558-4394-42a1-9b96-d9ad7d4c5f9c,completed,2026-06-19 17:56:41.762318+00:00,2026-06-19 17:56:54.734314+00:00
36b70296-f321-4894-8aec-241f407f71a5,completed,2026-06-19 17:56:41.833682+00:00,2026-06-19 17:56:54.771929+00:00
3e3c6733-8fe3-47c7-b1c1-ba8c1b2972fd,completed,2026-06-19 17:56:41.865551+00:00,2026-06-19 17:56:54.902021+00:00
2bd44f43-9a2a-4b84-a4ba-615d99ac8d21,completed,2026-06-19 17:56:41.899506+00:00,2026-06-19 17:56:54.953361+00:00
c5755292-262e-465c-9fde-8152b1a467e2,completed,2026-06-19 17:56:41.965805+00:00,2026-06-19 17:56:55.088397+00:00
5c996352-45d6-45da-9749-6114bbd864ea,completed,2026-06-19 17:56:42.004139+00:00,2026-06-19 17:56:55.132235+00:00
d2623cda-90b8-4032-b33b-8687cf59342d,completed,2026-06-19 17:56:42.035079+00:00,2026-06-19 17:56:55.168787+00:00
36a7869e-f275-4546-b334-a47fa4d3e358,completed,2026-06-19 17:56:42.068520+00:00,2026-06-19 17:56:55.260485+00:00
dd433b2a-75f6-4b8a-b327-32641a4e9849,completed,2026-06-19 17:56:42.102758+00:00,2026-06-19 17:56:55.328107+00:00
b71fd227-f4e6-43c9-8349-19193b703b3e,completed,2026-06-19 17:56:42.136891+00:00,2026-06-19 17:56:55.378102+00:00
589d2d29-b8e3-4666-a9be-12fdc29a1dc6,completed,2026-06-19 17:56:42.172247+00:00,2026-06-19 17:56:55.453722+00:00
284b2e02-b312-4318-8df3-4b8f6afb1667,completed,2026-06-19 17:56:42.205657+00:00,2026-06-19 17:56:55.497254+00:00
e1aa9849-ede5-4a04-8411-2a6fe93be05a,completed,2026-06-19 17:56:43.468931+00:00,2026-06-19 17:56:57.869133+00:00
9f5a8de1-e27d-48c1-a955-847ea7ca4ec6,completed,2026-06-19 17:56:42.458040+00:00,2026-06-19 17:56:55.938748+00:00
b3dc1650-5607-4275-a72a-780be973c1aa,completed,2026-06-19 17:56:42.481193+00:00,2026-06-19 17:56:56.032202+00:00
c16820c4-f4fc-4966-8cd2-a84c63e8fc07,completed,2026-06-19 17:56:42.507967+00:00,2026-06-19 17:56:56.059085+00:00
2da7eff4-7e94-4fc2-b1fe-72c70a3ba26b,completed,2026-06-19 17:56:42.536976+00:00,2026-06-19 17:56:56.104135+00:00
a07775b3-468f-4fcf-bed7-9dcae6590f73,completed,2026-06-19 17:56:42.574657+00:00,2026-06-19 17:56:56.193535+00:00
e99ed800-8297-442c-8d80-d53a0f7b3e98,completed,2026-06-19 17:56:42.616061+00:00,2026-06-19 17:56:56.245423+00:00
c0393f5a-5e8c-4083-a8ec-7b87ede9a102,completed,2026-06-19 17:56:42.640713+00:00,2026-06-19 17:56:56.284269+00:00
dddf9770-8cdc-4021-ac7c-3ce6736930fc,completed,2026-06-19 17:56:42.679193+00:00,2026-06-19 17:56:56.385991+00:00
b5cc4a57-179c-40b1-9714-ae93bc44c68f,completed,2026-06-19 17:56:42.707253+00:00,2026-06-19 17:56:56.438659+00:00
43f1d8ff-e562-4041-83c4-65343afbc6f8,completed,2026-06-19 17:56:42.738325+00:00,2026-06-19 17:56:56.473795+00:00
31edff2b-1bc9-4ec1-a1a3-417183cc8e0a,completed,2026-06-19 17:56:42.776094+00:00,2026-06-19 17:56:56.558050+00:00
9af332f1-dcff-4381-9bdc-c4c1a1d995c2,completed,2026-06-19 17:56:42.837741+00:00,2026-06-19 17:56:56.632498+00:00
e2474191-accf-47a4-877f-a71bcbe82ddc,completed,2026-06-19 17:56:42.806589+00:00,2026-06-19 17:56:56.652600+00:00
09357e4f-be24-47b1-af83-10c564dbefc6,completed,2026-06-19 17:56:42.876825+00:00,2026-06-19 17:56:56.741941+00:00
7022be90-0cae-4b17-b980-14049ba5ce4d,completed,2026-06-19 17:56:42.938320+00:00,2026-06-19 17:56:56.849778+00:00
c6319c37-a15f-46c7-84d5-582d74ddca3b,completed,2026-06-19 17:56:43.004490+00:00,2026-06-19 17:56:56.960374+00:00
8feda3c4-6e1b-4219-ba02-f9ee7d44fbfe,completed,2026-06-19 17:56:42.977530+00:00,2026-06-19 17:56:56.967363+00:00
ad2099d9-9a2f-401d-a75a-22830189a758,completed,2026-06-19 17:56:43.038106+00:00,2026-06-19 17:56:57.032530+00:00
285ea4f0-703e-459e-a998-436754f8d523,completed,2026-06-19 17:56:43.071246+00:00,2026-06-19 17:56:57.111455+00:00
69ee30c1-c420-48b7-a772-85757bee7f79,completed,2026-06-19 17:56:43.104169+00:00,2026-06-19 17:56:57.140746+00:00
c855f882-264f-4768-8b5d-c4abcf7695a5,completed,2026-06-19 17:56:43.136622+00:00,2026-06-19 17:56:57.211540+00:00
fc101d0c-aeb7-449b-baf7-356af1e6f776,completed,2026-06-19 17:56:43.169626+00:00,2026-06-19 17:56:57.298626+00:00
3e8421b8-85d9-49f5-b967-c018f7ce0516,completed,2026-06-19 17:56:43.240479+00:00,2026-06-19 17:56:57.376820+00:00
02a7b2c5-ce25-40fc-acc4-37cc789a3cdd,completed,2026-06-19 17:56:43.273406+00:00,2026-06-19 17:56:57.508773+00:00
8e0a8138-2302-47b9-81ad-35fa7ff8bd36,completed,2026-06-19 17:56:43.303126+00:00,2026-06-19 17:56:57.528688+00:00
8704211c-9dfa-4aa0-8825-bd70b9934b2e,completed,2026-06-19 17:56:43.336590+00:00,2026-06-19 17:56:57.570897+00:00
9ced2bc9-8a26-42a1-a49d-6ea79727f7b7,completed,2026-06-19 17:56:43.372541+00:00,2026-06-19 17:56:57.688718+00:00
292cea61-0dd9-42b0-95da-58413d62fd6f,completed,2026-06-19 17:56:43.401495+00:00,2026-06-19 17:56:57.705292+00:00
32d1523c-96b9-4980-9cde-da10b82e2922,completed,2026-06-19 17:56:43.437435+00:00,2026-06-19 17:56:57.754473+00:00
d617c976-83cb-480c-9d5d-92583d8d5a42,completed,2026-06-19 17:56:44.610909+00:00,2026-06-19 17:56:59.954129+00:00
1a3fea6b-f54e-45a7-8c53-3e9cd6a5874e,completed,2026-06-19 17:56:43.568300+00:00,2026-06-19 17:56:58.056289+00:00
84d978e2-b2c2-43c2-b3d5-16c3c8438850,completed,2026-06-19 17:56:43.600891+00:00,2026-06-19 17:56:58.065841+00:00
cc6960fa-6d3e-4a24-89d0-6f145747c1b7,completed,2026-06-19 17:56:43.639164+00:00,2026-06-19 17:56:58.111269+00:00
1dbd2b26-a546-42d2-b9fd-8096ade3dff7,completed,2026-06-19 17:56:43.674618+00:00,2026-06-19 17:56:58.222762+00:00
26a6f355-5bed-43be-9693-c10a0f749b1c,completed,2026-06-19 17:56:43.711936+00:00,2026-06-19 17:56:58.279234+00:00
29ec438f-9725-40b2-bb21-9b7d352a22fb,completed,2026-06-19 17:56:43.734315+00:00,2026-06-19 17:56:58.307502+00:00
3c5ffffd-081e-428b-bae7-1dadb81b1c8e,completed,2026-06-19 17:56:43.799512+00:00,2026-06-19 17:56:58.467413+00:00
72050f58-32b8-4aa9-a94d-5744083e1600,completed,2026-06-19 17:56:43.827931+00:00,2026-06-19 17:56:58.497125+00:00
93352264-acff-4bb8-a71c-994d8ec230ef,completed,2026-06-19 17:56:43.860893+00:00,2026-06-19 17:56:58.556264+00:00
24f4706c-55d9-4707-b68f-68c99593a7df,completed,2026-06-19 17:56:43.894131+00:00,2026-06-19 17:56:58.648753+00:00
1d2919f5-42a8-40ec-8cad-aa3adec8b218,completed,2026-06-19 17:56:43.931660+00:00,2026-06-19 17:56:58.667393+00:00
8caa6924-7d26-4cb2-9c5b-ce0a5f35dc32,completed,2026-06-19 17:56:43.959483+00:00,2026-06-19 17:56:58.727081+00:00
d742de58-93ad-4a62-967e-74d517d6afbc,completed,2026-06-19 17:56:44.026440+00:00,2026-06-19 17:56:58.845315+00:00
a757ecc0-44a2-4162-88fc-5cb0d8dfa9c8,completed,2026-06-19 17:56:43.993652+00:00,2026-06-19 17:56:58.860674+00:00
fcadef20-9d50-43da-924e-a40bfa2860f4,completed,2026-06-19 17:56:44.091838+00:00,2026-06-19 17:56:59.015001+00:00
248ab071-45d7-413c-9bc1-a9a480f05c13,completed,2026-06-19 17:56:44.123448+00:00,2026-06-19 17:56:59.035639+00:00
9a18f9c0-eaf7-4e54-a823-56aa6afb9717,completed,2026-06-19 17:56:44.154582+00:00,2026-06-19 17:56:59.098077+00:00
1e73b477-f041-430d-89ea-05afecc56b96,completed,2026-06-19 17:56:44.221880+00:00,2026-06-19 17:56:59.215831+00:00
988ba8f5-270a-44c3-8817-6b97ee966db2,completed,2026-06-19 17:56:44.187988+00:00,2026-06-19 17:56:59.235202+00:00
33d69ad6-006b-45bb-8fa2-504cff92f632,completed,2026-06-19 17:56:44.252038+00:00,2026-06-19 17:56:59.267300+00:00
ab9b8ff5-1f22-430f-ab15-70f44cfe7882,completed,2026-06-19 17:56:44.318297+00:00,2026-06-19 17:56:59.418499+00:00
0289964c-2687-414a-bbf2-d169af411286,completed,2026-06-19 17:56:44.353323+00:00,2026-06-19 17:56:59.443748+00:00
541399e2-cb93-4f33-9566-89aa659ecdef,completed,2026-06-19 17:56:44.384667+00:00,2026-06-19 17:56:59.583822+00:00
d2158c86-1131-47fe-be5d-f6590850c42b,completed,2026-06-19 17:56:44.416950+00:00,2026-06-19 17:56:59.589311+00:00
b4cd35e3-d3f7-4199-8968-f3887e70ae8a,completed,2026-06-19 17:56:44.446541+00:00,2026-06-19 17:56:59.638881+00:00
7ccbead2-0ebc-4b0b-933b-1b538d1aada4,completed,2026-06-19 17:56:44.481044+00:00,2026-06-19 17:56:59.750917+00:00
8882bd5d-fb4f-4c03-818a-c623dba2cdc9,completed,2026-06-19 17:56:44.513629+00:00,2026-06-19 17:56:59.775816+00:00
05dcbfb0-8eb6-489f-9727-c03e718cf8c3,completed,2026-06-19 17:56:44.546498+00:00,2026-06-19 17:56:59.827171+00:00
8e5c9425-a67e-43f1-9967-509fbcac7ff7,completed,2026-06-19 17:56:44.578749+00:00,2026-06-19 17:56:59.931616+00:00
efc554e4-20e8-41dc-856e-dc0e5d45def5,completed,2026-06-19 17:56:45.127958+00:00,2026-06-19 17:57:00.909976+00:00
864597eb-293d-43d8-a114-afa273cd2ab3,completed,2026-06-19 17:56:44.707476+00:00,2026-06-19 17:57:00.109831+00:00
37388383-82ec-4a8c-ac2b-f82a07b79409,completed,2026-06-19 17:56:45.729592+00:00,2026-06-19 17:57:02.162584+00:00
747427be-c582-4ef2-b649-de712062002b,completed,2026-06-19 17:56:44.738333+00:00,2026-06-19 17:57:00.188155+00:00
72a1bded-63ea-4327-a82f-205456d6ee2f,completed,2026-06-19 17:56:44.805088+00:00,2026-06-19 17:57:00.287628+00:00
cc07124d-32b1-4822-8de4-6fcc5dc785a6,completed,2026-06-19 17:56:44.770496+00:00,2026-06-19 17:57:00.304676+00:00
f12a624f-151a-4183-b143-6a46c3c4deb6,completed,2026-06-19 17:56:44.836773+00:00,2026-06-19 17:57:00.391122+00:00
0fed1d3a-eaff-492d-b862-1db733ec89d2,completed,2026-06-19 17:56:44.870263+00:00,2026-06-19 17:57:00.471118+00:00
58ca6fb8-5a10-4b96-949a-85ffbd6dc8d0,completed,2026-06-19 17:56:44.936066+00:00,2026-06-19 17:57:00.562934+00:00
1627b1ab-7017-421d-b4a3-5558ee4e72f6,completed,2026-06-19 17:56:44.967062+00:00,2026-06-19 17:57:00.635793+00:00
03461afa-406e-4553-b770-3e674ac96162,completed,2026-06-19 17:56:44.996326+00:00,2026-06-19 17:57:00.715955+00:00
691a18ee-1276-43af-b4f0-627e9b05b11e,completed,2026-06-19 17:56:45.025716+00:00,2026-06-19 17:57:00.743147+00:00
a6c6bb62-8531-4ac3-90e0-c0b9fa5661a2,completed,2026-06-19 17:56:45.059823+00:00,2026-06-19 17:57:00.807174+00:00
fc7804b1-9de4-45e8-9ff5-1ec9362b411e,completed,2026-06-19 17:56:45.094391+00:00,2026-06-19 17:57:00.908278+00:00
c82a59d8-ed11-467d-b9d2-df4de6c04cd0,completed,2026-06-19 17:56:45.158588+00:00,2026-06-19 17:57:00.996074+00:00
d95b3b13-c659-48fe-a92c-4c01a2a6689a,completed,2026-06-19 17:56:45.224485+00:00,2026-06-19 17:57:01.107933+00:00
fdf9604e-c517-43c5-8a49-b73f872acc53,completed,2026-06-19 17:56:45.255932+00:00,2026-06-19 17:57:01.180532+00:00
63d31977-a1a6-46f8-a8f8-64b721f364a1,completed,2026-06-19 17:56:45.287306+00:00,2026-06-19 17:57:01.270096+00:00
db9c9992-217b-4f7c-ba67-942f5a787a80,completed,2026-06-19 17:56:45.317340+00:00,2026-06-19 17:57:01.286294+00:00
bdf5908b-a886-4d2b-9c5e-7f48374237e7,completed,2026-06-19 17:56:45.349596+00:00,2026-06-19 17:57:01.388995+00:00
943112e1-1359-4d7d-b69e-45c02a96789f,completed,2026-06-19 17:56:45.380425+00:00,2026-06-19 17:57:01.492607+00:00
3b430361-74a3-4ffe-9abf-4bd5aec2a30c,completed,2026-06-19 17:56:45.426648+00:00,2026-06-19 17:57:01.516189+00:00
8c0a7bf3-3659-494b-866c-8c485a4aee6b,completed,2026-06-19 17:56:45.448446+00:00,2026-06-19 17:57:01.561297+00:00
b7665fd0-7f8a-4c75-9aab-020474714b6c,completed,2026-06-19 17:56:45.523787+00:00,2026-06-19 17:57:01.707631+00:00
407130be-be75-4168-80ff-7f5febfee870,completed,2026-06-19 17:56:45.545593+00:00,2026-06-19 17:57:01.728416+00:00
c2af81a8-480b-4615-927d-04315b0c3982,completed,2026-06-19 17:56:45.570621+00:00,2026-06-19 17:57:01.897219+00:00
c35d8956-73cf-4779-aebb-d2020aa74a70,completed,2026-06-19 17:56:45.635902+00:00,2026-06-19 17:57:01.922882+00:00
5f3980c0-f5f8-4537-bdac-b785e70ee643,completed,2026-06-19 17:56:45.601821+00:00,2026-06-19 17:57:01.931934+00:00
df343975-183e-46d8-8a13-3454c6b56929,completed,2026-06-19 17:56:45.666531+00:00,2026-06-19 17:57:02.096206+00:00
db4b58fe-4c77-436a-8bbf-421c55a65ef5,completed,2026-06-19 17:56:45.701195+00:00,2026-06-19 17:57:02.102604+00:00
53ff8de6-e22e-4175-ae2b-f201f6081f29,completed,2026-06-19 17:56:46.831698+00:00,2026-06-19 17:57:04.387339+00:00
2dc596d1-9b87-4502-97d8-62c99e6a2cfa,completed,2026-06-19 17:56:45.823420+00:00,2026-06-19 17:57:02.389445+00:00
cc8c546f-33ed-448d-ad0d-9d0ddff7512e,completed,2026-06-19 17:56:45.855337+00:00,2026-06-19 17:57:02.514492+00:00
b7668246-2807-4f59-a7ad-07e215d52192,completed,2026-06-19 17:56:45.922188+00:00,2026-06-19 17:57:02.597508+00:00
b3c9f1bb-5ee4-47c0-b073-ea08b48802c4,completed,2026-06-19 17:56:45.981505+00:00,2026-06-19 17:57:02.667653+00:00
9ebd93ca-1119-49d7-91c7-14d115e179d4,completed,2026-06-19 17:56:45.952953+00:00,2026-06-19 17:57:02.688284+00:00
e4317d46-dc49-4f09-bd3c-b260144fc4e7,completed,2026-06-19 17:56:46.013822+00:00,2026-06-19 17:57:02.799894+00:00
0734dfd8-d1a7-4f9c-912d-5551ac9c37f3,completed,2026-06-19 17:56:46.046321+00:00,2026-06-19 17:57:02.825206+00:00
70b42cfc-5ccc-443d-8c94-f49bc93308e3,completed,2026-06-19 17:56:46.076901+00:00,2026-06-19 17:57:02.876163+00:00
c5dbbe96-64b0-41b1-a10d-ccc65ac8cd97,completed,2026-06-19 17:56:46.111231+00:00,2026-06-19 17:57:02.991088+00:00
d1be7f3a-51f2-4842-9f08-4d84f735936b,completed,2026-06-19 17:56:46.142718+00:00,2026-06-19 17:57:03.023542+00:00
968870a1-9777-461a-a17c-f5ad2c40d714,completed,2026-06-19 17:56:46.171764+00:00,2026-06-19 17:57:03.049129+00:00
6cb8c2a3-6d9d-4eca-9f32-f6230aa98b03,completed,2026-06-19 17:56:46.206087+00:00,2026-06-19 17:57:03.183591+00:00
b4a04046-b0d6-49af-bd61-b2fcd160ab55,completed,2026-06-19 17:56:46.236727+00:00,2026-06-19 17:57:03.217803+00:00
08ac2f16-15d0-4cc8-88a4-9ba236e8c3d8,completed,2026-06-19 17:56:46.265901+00:00,2026-06-19 17:57:03.235967+00:00
9c246d01-0f2e-4793-9dc5-07d6a7ae6c4a,completed,2026-06-19 17:56:46.300327+00:00,2026-06-19 17:57:03.422350+00:00
5971971b-de27-41be-8f8a-1dd146b2b052,completed,2026-06-19 17:56:46.360976+00:00,2026-06-19 17:57:03.474290+00:00
3b8f8427-557e-4fbe-8709-8844f8f3b7a9,completed,2026-06-19 17:56:46.399461+00:00,2026-06-19 17:57:03.556584+00:00
f16a4326-7b32-422c-b8bb-421645e3ef6b,completed,2026-06-19 17:56:46.448534+00:00,2026-06-19 17:57:03.602050+00:00
8474b545-f1b9-4b05-ad2b-fec2a50d5471,completed,2026-06-19 17:56:46.466342+00:00,2026-06-19 17:57:03.672222+00:00
3be29d61-83a3-49ac-8b82-241694befe1b,completed,2026-06-19 17:56:46.493106+00:00,2026-06-19 17:57:03.712454+00:00
54f775ff-7280-48e5-bee5-acf2a82d461a,completed,2026-06-19 17:56:46.539584+00:00,2026-06-19 17:57:03.800452+00:00
cbb50431-9748-4366-ab95-72cc3f246e12,completed,2026-06-19 17:56:46.550728+00:00,2026-06-19 17:57:03.856919+00:00
0d6459f0-c4ce-4d13-b572-cc051cfc1f97,completed,2026-06-19 17:56:46.614354+00:00,2026-06-19 17:57:03.993080+00:00
6a822624-8283-4889-82f3-6f9d3cc1b186,completed,2026-06-19 17:56:46.645950+00:00,2026-06-19 17:57:04.025774+00:00
986a43dd-9bf4-4b3a-9e7a-26b9d99b0e54,completed,2026-06-19 17:56:46.676394+00:00,2026-06-19 17:57:04.059772+00:00
68abc9de-ddbd-4405-aac4-c0117998eb3d,completed,2026-06-19 17:56:46.705454+00:00,2026-06-19 17:57:04.199292+00:00
a11ca3c0-a254-496b-8bcf-21b96fe986da,completed,2026-06-19 17:56:46.742296+00:00,2026-06-19 17:57:04.216563+00:00
ba78e043-ad4a-4bbe-9ba9-45804f6659ad,completed,2026-06-19 17:56:46.769406+00:00,2026-06-19 17:57:04.261200+00:00
a8428231-4cd7-4946-b82d-b83f4f63b0be,completed,2026-06-19 17:56:46.799819+00:00,2026-06-19 17:57:04.358206+00:00
99265c9b-36b0-4447-aa76-f9f907ba40e3,completed,2026-06-19 17:56:47.916334+00:00,2026-06-19 17:57:06.472262+00:00
e09ecb12-e596-4963-b8c7-764cacb2b09f,completed,2026-06-19 17:56:46.931088+00:00,2026-06-19 17:57:04.543191+00:00
6fc72fbf-aa3f-4701-984f-3c7a84e614f2,completed,2026-06-19 17:56:46.966343+00:00,2026-06-19 17:57:04.648163+00:00
3850916e-fe1e-4196-b118-3ab437a6fce2,completed,2026-06-19 17:56:47.947039+00:00,2026-06-19 17:57:06.574993+00:00
b0d00498-5825-4ace-a614-462029811b61,completed,2026-06-19 17:56:47.020972+00:00,2026-06-19 17:57:04.716473+00:00
f244ac7b-3a7e-43b4-88b7-b91545779d67,completed,2026-06-19 17:56:47.051530+00:00,2026-06-19 17:57:04.807032+00:00
a9e17350-ee75-4494-9b8a-09d9c1e72fbc,completed,2026-06-19 17:56:47.082812+00:00,2026-06-19 17:57:04.871469+00:00
f2d9c056-3e29-47b0-bea6-903878491f59,completed,2026-06-19 17:56:47.111816+00:00,2026-06-19 17:57:04.912905+00:00
176358ff-eb67-4914-91e4-e151d8f1abf0,completed,2026-06-19 17:56:47.146248+00:00,2026-06-19 17:57:04.992650+00:00
27f43c26-e567-40f7-ac6d-c1281ad7ae58,completed,2026-06-19 17:56:47.173825+00:00,2026-06-19 17:57:05.052644+00:00
5e43c0d6-61a7-4aaf-986d-e8217c5c97d2,completed,2026-06-19 17:56:47.205656+00:00,2026-06-19 17:57:05.097904+00:00
5aac4a34-0791-45ee-85fe-c42008c32f42,completed,2026-06-19 17:56:47.235472+00:00,2026-06-19 17:57:05.176499+00:00
953694ee-84d6-4057-bca5-82c8cf68469c,completed,2026-06-19 17:56:47.266021+00:00,2026-06-19 17:57:05.231962+00:00
3ea6069e-b37c-461a-8682-09211664fc85,completed,2026-06-19 17:56:47.301196+00:00,2026-06-19 17:57:05.297418+00:00
14b1b859-b835-4eb8-96b8-60bb37709d08,completed,2026-06-19 17:56:47.333098+00:00,2026-06-19 17:57:05.343162+00:00
be556a71-faef-4028-8d3f-8f3f111ea204,completed,2026-06-19 17:56:47.361717+00:00,2026-06-19 17:57:05.423582+00:00
a0304309-5101-40de-85ad-cef5d22c8c07,completed,2026-06-19 17:56:47.428671+00:00,2026-06-19 17:57:05.510317+00:00
51a5d1b2-c60e-4eb1-a5ca-4bc07c17a3f3,completed,2026-06-19 17:56:47.451460+00:00,2026-06-19 17:57:05.597880+00:00
d4a265c4-3ebe-410a-ad1e-22d5e247de09,completed,2026-06-19 17:56:47.482062+00:00,2026-06-19 17:57:05.638233+00:00
3400661a-a591-4b83-8686-8c936cdf7fe3,completed,2026-06-19 17:56:47.513184+00:00,2026-06-19 17:57:05.692471+00:00
7337bd3a-b3cb-4cdc-86a6-5997dc6d1505,completed,2026-06-19 17:56:47.547085+00:00,2026-06-19 17:57:05.779767+00:00
ddeed6fe-67a2-4511-ba10-10e36dc5174e,completed,2026-06-19 17:56:47.574744+00:00,2026-06-19 17:57:05.812075+00:00
c4efaa7f-9d1f-4ea4-b772-4fff2118742b,completed,2026-06-19 17:56:47.613697+00:00,2026-06-19 17:57:05.867172+00:00
b1a648f8-b1d4-485e-bc77-50b7288706da,completed,2026-06-19 17:56:47.645223+00:00,2026-06-19 17:57:05.957886+00:00
17e57411-4859-458f-a74d-7641f865fb9c,completed,2026-06-19 17:56:47.702918+00:00,2026-06-19 17:57:06.050622+00:00
eebdb459-3789-4412-a56b-cdc03d13cbd4,completed,2026-06-19 17:56:47.731158+00:00,2026-06-19 17:57:06.146522+00:00
4b8e21c4-4226-4b6c-9f87-a2cea837ed62,completed,2026-06-19 17:56:47.761898+00:00,2026-06-19 17:57:06.189971+00:00
7bd2dd1c-8912-4407-ad1a-f9e61de16729,completed,2026-06-19 17:56:47.790175+00:00,2026-06-19 17:57:06.203702+00:00
ec5ec285-72f0-4ada-ae68-76d850110698,completed,2026-06-19 17:56:47.823237+00:00,2026-06-19 17:57:06.312929+00:00
0ae70269-09f7-414e-a6cf-9a73fd637c1b,completed,2026-06-19 17:56:47.884013+00:00,2026-06-19 17:57:06.387407+00:00
7164e8b3-487e-4bbe-8c2b-8f547575a8fc,completed,2026-06-19 17:56:49.012029+00:00,2026-06-19 17:57:08.738535+00:00
1bed02a6-34f0-48bc-b8c9-e7b157fa5a3e,completed,2026-06-19 17:56:48.006087+00:00,2026-06-19 17:57:06.624434+00:00
dcd9af9e-9daf-47da-9570-e4ffca958373,completed,2026-06-19 17:56:48.254674+00:00,2026-06-19 17:57:07.146306+00:00
716291d8-6ac7-4e91-a382-10f31e4ecd78,completed,2026-06-19 17:56:48.037053+00:00,2026-06-19 17:57:06.778771+00:00
32a07285-19e6-45d8-b15c-99df5309acef,completed,2026-06-19 17:56:48.095830+00:00,2026-06-19 17:57:06.806873+00:00
feb73d9e-0660-478a-a78f-3b65ffca31b6,completed,2026-06-19 17:56:48.130669+00:00,2026-06-19 17:57:06.920163+00:00
4073e76c-4e2f-4e02-9414-a4ec6a7e0c45,completed,2026-06-19 17:56:48.163007+00:00,2026-06-19 17:57:06.953172+00:00
0d1c553d-5796-4856-94c6-2c9e42f801e8,completed,2026-06-19 17:56:48.193689+00:00,2026-06-19 17:57:06.990992+00:00
e4cedba3-d80e-47f2-9747-fcfd7fa0e41c,completed,2026-06-19 17:56:48.227401+00:00,2026-06-19 17:57:07.142868+00:00
2098455b-0a0f-4ebf-b0c1-6e63885ab021,completed,2026-06-19 17:56:48.286109+00:00,2026-06-19 17:57:07.177006+00:00
2fce54ab-f5d6-4fb6-bc60-5128c5c19cd1,completed,2026-06-19 17:56:48.346513+00:00,2026-06-19 17:57:07.350313+00:00
78bd5da0-b052-43d1-bf5f-f91b5a5b6ec8,completed,2026-06-19 17:56:48.806116+00:00,2026-06-19 17:57:08.345502+00:00
116a6364-2f58-43a3-9e68-86dad02ba122,completed,2026-06-19 17:56:48.376362+00:00,2026-06-19 17:57:07.367652+00:00
3d0a01f3-115f-4cc3-9623-d6d9e63e3d84,completed,2026-06-19 17:56:48.439092+00:00,2026-06-19 17:57:07.531517+00:00
75fbc6a0-da94-4155-ae03-9a79087fcb8a,completed,2026-06-19 17:56:48.403087+00:00,2026-06-19 17:57:07.540182+00:00
2679431a-f9d7-451c-8fe5-4452eb78f7c9,completed,2026-06-19 17:56:48.463487+00:00,2026-06-19 17:57:07.592731+00:00
0b1b8320-5c72-4017-a4e4-2ddd25785bb8,completed,2026-06-19 17:56:48.525022+00:00,2026-06-19 17:57:07.724298+00:00
2f1788bb-9918-4bbf-8e82-596e4187ee63,completed,2026-06-19 17:56:48.495951+00:00,2026-06-19 17:57:07.733672+00:00
19e73288-9be3-465b-8ce3-04ee3bc7681f,completed,2026-06-19 17:56:48.557798+00:00,2026-06-19 17:57:07.827948+00:00
b7496afb-97f0-485a-b336-e8b613604908,completed,2026-06-19 17:56:48.587956+00:00,2026-06-19 17:57:07.916904+00:00
8ca3f466-1e42-4fb8-b91f-344512ebf3e0,completed,2026-06-19 17:56:48.615050+00:00,2026-06-19 17:57:07.944648+00:00
e876cc8b-e496-4e3d-98b2-96621c0897e9,completed,2026-06-19 17:56:48.646941+00:00,2026-06-19 17:57:08.025890+00:00
15336796-19cd-4e42-b608-e82690e46568,completed,2026-06-19 17:56:48.712522+00:00,2026-06-19 17:57:08.133635+00:00
d7d0aac9-e382-4ed0-850e-67dc24dc0e79,completed,2026-06-19 17:56:48.676549+00:00,2026-06-19 17:57:08.148951+00:00
b97f682a-2ae1-4c8c-a242-7cc2f9d90e80,completed,2026-06-19 17:56:48.771149+00:00,2026-06-19 17:57:08.343068+00:00
4c46be18-e95a-404e-9f6c-0a5398a4e564,completed,2026-06-19 17:56:48.830302+00:00,2026-06-19 17:57:08.400521+00:00
550a4f15-24ab-44fa-bc83-e16c5bbba928,completed,2026-06-19 17:56:48.980588+00:00,2026-06-19 17:57:08.719067+00:00
f790213a-11f1-4d78-a5c4-9ff55bf21175,completed,2026-06-19 17:56:48.891415+00:00,2026-06-19 17:57:08.540065+00:00
4db49190-736e-45a2-a6c0-3ef7f887031b,completed,2026-06-19 17:56:48.920967+00:00,2026-06-19 17:57:08.554347+00:00
1eef8cdf-15f5-44aa-a55a-b6c78594feab,completed,2026-06-19 17:56:48.950276+00:00,2026-06-19 17:57:08.683612+00:00
4ffd3a8e-49b2-47d1-acb1-76c7eb0192ba,completed,2026-06-19 17:56:49.611035+00:00,2026-06-19 17:57:10.059059+00:00
42376368-66d1-4ddb-94dd-798566ff7c16,completed,2026-06-19 17:56:50.029603+00:00,2026-06-19 17:57:10.876437+00:00
e414254c-3f70-497f-925a-587af48d8ffa,completed,2026-06-19 17:56:50.058733+00:00,2026-06-19 17:57:10.841796+00:00
dbf5a64d-df9d-4d3a-8ae7-dcfa7b0bc158,completed,2026-06-19 17:56:49.071024+00:00,2026-06-19 17:57:08.904008+00:00
930218e4-a121-4784-ad0b-24e521712cee,completed,2026-06-19 17:56:49.101887+00:00,2026-06-19 17:57:08.964941+00:00
434e9543-c841-4651-b3d8-8425157eca74,completed,2026-06-19 17:56:49.129561+00:00,2026-06-19 17:57:09.040548+00:00
4453b2d3-297b-4324-a602-b5f6cfd44391,completed,2026-06-19 17:56:49.161572+00:00,2026-06-19 17:57:09.087892+00:00
739ee8ce-cbf8-4393-9588-c96f90b95bc2,completed,2026-06-19 17:56:49.199826+00:00,2026-06-19 17:57:09.134067+00:00
9ca0c7a2-cbe6-4aa3-875a-d73022503850,completed,2026-06-19 17:56:49.226781+00:00,2026-06-19 17:57:09.243927+00:00
34b6630c-e27d-40c0-b778-181f600acf75,completed,2026-06-19 17:56:49.280993+00:00,2026-06-19 17:57:09.327610+00:00
065e45bf-33a5-4428-9127-67c3f42b6bda,completed,2026-06-19 17:56:49.310946+00:00,2026-06-19 17:57:09.432732+00:00
fb9079cf-beca-4d53-956f-532a1ae5a71e,completed,2026-06-19 17:56:49.341411+00:00,2026-06-19 17:57:09.483717+00:00
820c4ecf-64d3-4d9a-980d-ca38573afb2c,completed,2026-06-19 17:56:49.370346+00:00,2026-06-19 17:57:09.503945+00:00
69b6269b-3a33-4ba7-ab8c-9758b70babdf,completed,2026-06-19 17:56:49.407663+00:00,2026-06-19 17:57:09.616418+00:00
232ad4da-7a40-4f8f-9f99-1e8f99e4c40e,completed,2026-06-19 17:56:49.462745+00:00,2026-06-19 17:57:09.680051+00:00
1f196e63-35b9-4901-8181-e5335f4aba6f,completed,2026-06-19 17:56:49.429573+00:00,2026-06-19 17:57:09.697190+00:00
7abaee2a-2659-4f1e-8bfd-91309aa5fa37,completed,2026-06-19 17:56:49.491824+00:00,2026-06-19 17:57:09.799462+00:00
0681d340-e212-49ca-86aa-a58f12bb605f,completed,2026-06-19 17:56:49.550945+00:00,2026-06-19 17:57:09.886422+00:00
1feaf5af-a089-4bfe-93b2-5812d6280751,completed,2026-06-19 17:56:49.579199+00:00,2026-06-19 17:57:09.968132+00:00
a7830348-3c52-4567-b9de-9f73d3bb12aa,completed,2026-06-19 17:56:49.641365+00:00,2026-06-19 17:57:10.056026+00:00
d6590abb-f8e0-48e0-a661-474e0300a6ed,completed,2026-06-19 17:56:49.670099+00:00,2026-06-19 17:57:10.137104+00:00
d0224bbb-03bb-45b7-8987-9cd6437e17f9,completed,2026-06-19 17:56:49.731433+00:00,2026-06-19 17:57:10.222910+00:00
9acd54e7-bf34-4df8-b2ad-a9bb7eb49bf0,completed,2026-06-19 17:56:49.761533+00:00,2026-06-19 17:57:10.315166+00:00
d4de0db6-422b-4dca-b160-398ce7020cae,completed,2026-06-19 17:56:49.787978+00:00,2026-06-19 17:57:10.371316+00:00
0b2d9c87-68d1-423b-a27a-e7e1d2d806f2,completed,2026-06-19 17:56:49.849676+00:00,2026-06-19 17:57:10.484137+00:00
b5a80355-c2a9-4d42-aace-46cef927ae30,completed,2026-06-19 17:56:49.884083+00:00,2026-06-19 17:57:10.535677+00:00
d9fee428-8238-4133-b44e-c1ab17449337,completed,2026-06-19 17:56:49.910628+00:00,2026-06-19 17:57:10.661723+00:00
32c4c935-414a-4aa1-9983-bb57e9d91bbb,completed,2026-06-19 17:56:49.938839+00:00,2026-06-19 17:57:10.684274+00:00
e232e37f-e1bd-4e21-9ce3-50f0b992a85d,completed,2026-06-19 17:56:49.972295+00:00,2026-06-19 17:57:10.689823+00:00
13d003ce-e207-4d04-9e57-46c4701ec429,completed,2026-06-19 17:56:49.999801+00:00,2026-06-19 17:57:10.822757+00:00
28811fc1-8a9e-4821-ae26-c168fbcdcc4d,completed,2026-06-19 17:56:38.848305+00:00,2026-06-19 17:56:49.393586+00:00
86301790-23c4-4b5c-80df-23b8b3e32957,completed,2026-06-19 17:56:39.983521+00:00,2026-06-19 17:56:51.456283+00:00
5952b1c3-6f26-4604-b6fe-fe53d68aec55,completed,2026-06-19 17:56:41.935855+00:00,2026-06-19 17:56:54.987710+00:00
7a46fb2b-8667-41c3-9163-5910e41bdb3f,completed,2026-06-19 17:56:43.209682+00:00,2026-06-19 17:56:57.336771+00:00
47b69034-4f92-4d74-a8b2-823ed105d11a,completed,2026-06-19 17:56:57.522029+00:00,2026-06-19 17:57:26.892383+00:00
f6f89aa0-bc53-45f6-9d2c-43e1f5ec4265,completed,2026-06-19 17:56:56.765197+00:00,2026-06-19 17:57:25.227038+00:00
f7e39a96-0195-46b9-9481-3ce9675e62a0,completed,2026-06-19 17:56:56.795996+00:00,2026-06-19 17:57:25.289104+00:00
45b0be0b-988e-4c01-94a8-c50355c03f6b,completed,2026-06-19 17:56:56.859178+00:00,2026-06-19 17:57:25.419634+00:00
8a93822a-b547-4c1d-a8f4-c5c334f6e92a,completed,2026-06-19 17:56:56.877489+00:00,2026-06-19 17:57:25.448723+00:00
2063dbfb-fa66-44f8-afbe-f8b2800692c2,completed,2026-06-19 17:56:56.901152+00:00,2026-06-19 17:57:25.547371+00:00
d930dbdb-370c-4144-92b0-424eb337fa79,completed,2026-06-19 17:56:56.924826+00:00,2026-06-19 17:57:25.592547+00:00
ec21b7c9-ca9b-4102-b3d6-03c4b208e055,completed,2026-06-19 17:56:56.952402+00:00,2026-06-19 17:57:25.609065+00:00
2aa0d8ce-75ac-4b64-8e6f-7e99670fddf1,completed,2026-06-19 17:56:56.983438+00:00,2026-06-19 17:57:25.734729+00:00
955d7eea-2173-4242-8e8e-320e9fc0415c,completed,2026-06-19 17:56:57.033587+00:00,2026-06-19 17:57:25.757241+00:00
f443e9b2-51c7-42b8-bfa7-7dc90bef0e19,completed,2026-06-19 17:56:57.005783+00:00,2026-06-19 17:57:25.781407+00:00
33d5b194-6e22-4a4f-9822-994a8337a41c,completed,2026-06-19 17:56:57.086330+00:00,2026-06-19 17:57:25.942531+00:00
901d0aa8-956b-47af-a006-c4af4fdfdd75,completed,2026-06-19 17:56:57.115805+00:00,2026-06-19 17:57:25.980294+00:00
2484f7e5-8da6-4712-b658-960924736090,completed,2026-06-19 17:56:57.140173+00:00,2026-06-19 17:57:26.064232+00:00
d5e4aaeb-df14-4ea2-be69-da100006fe60,completed,2026-06-19 17:56:57.168851+00:00,2026-06-19 17:57:26.112575+00:00
0a621447-e049-4507-b66a-ee0937ca8da8,completed,2026-06-19 17:56:57.196901+00:00,2026-06-19 17:57:26.160458+00:00
918e92b9-c761-4142-ac14-2fcf5df07b23,completed,2026-06-19 17:56:57.224928+00:00,2026-06-19 17:57:26.240910+00:00
5f8c771f-6eec-493d-a8a1-d118812cbf6b,completed,2026-06-19 17:56:57.254058+00:00,2026-06-19 17:57:26.304010+00:00
cececbac-308d-419f-a74b-c45b8a446bbf,completed,2026-06-19 17:56:57.277387+00:00,2026-06-19 17:57:26.339641+00:00
03deb2b1-649c-4ae1-86d5-0b9ff7993745,completed,2026-06-19 17:56:57.343722+00:00,2026-06-19 17:57:26.493103+00:00
e1a2df3d-7976-4b7e-9d9a-79ea85e0059f,completed,2026-06-19 17:56:57.359132+00:00,2026-06-19 17:57:26.523808+00:00
45e0e974-8399-4cfa-9f44-29da1ce213f4,completed,2026-06-19 17:56:57.383478+00:00,2026-06-19 17:57:26.607338+00:00
75f8c74d-bb25-4670-98fa-2b9467fbfb45,completed,2026-06-19 17:56:57.409198+00:00,2026-06-19 17:57:26.663923+00:00
ba5acc3b-89fe-4f8e-a1d1-92e42525eacb,completed,2026-06-19 17:56:57.437460+00:00,2026-06-19 17:57:26.713150+00:00
5676cc42-a194-47da-bacd-3a5fd52b7ad7,completed,2026-06-19 17:56:57.467021+00:00,2026-06-19 17:57:26.799457+00:00
b7da52d5-1a37-4668-b8fe-d0e38f04eb7d,completed,2026-06-19 17:56:57.492656+00:00,2026-06-19 17:57:26.855791+00:00
67325f48-701a-4e3c-95cc-13348c9c747d,completed,2026-06-19 17:56:51.065278+00:00,2026-06-19 17:57:12.932261+00:00
b3364437-8bde-4b64-a1a3-76de8d4d426e,completed,2026-06-19 17:56:50.118908+00:00,2026-06-19 17:57:11.002853+00:00
de7caa15-4355-4046-87b7-20460525570d,completed,2026-06-19 17:56:50.150019+00:00,2026-06-19 17:57:11.076249+00:00
ade654d4-3cdb-4eab-b38f-9d1c439db552,completed,2026-06-19 17:56:50.178920+00:00,2026-06-19 17:57:11.224488+00:00
9155785b-747f-4847-93ee-27c377328cbe,completed,2026-06-19 17:56:50.235992+00:00,2026-06-19 17:57:11.232563+00:00
82a41bfb-fd3d-4c0c-bfc0-971956511fd2,completed,2026-06-19 17:56:50.264492+00:00,2026-06-19 17:57:11.360070+00:00
06d5a9c1-e6df-425c-b19d-73610fd94971,completed,2026-06-19 17:56:50.296774+00:00,2026-06-19 17:57:11.391645+00:00
9a579345-4e45-4840-8f04-e882c86331ca,completed,2026-06-19 17:56:50.326131+00:00,2026-06-19 17:57:11.424539+00:00
3b21a587-9892-4dd7-8aad-58863ec53d95,completed,2026-06-19 17:56:50.352751+00:00,2026-06-19 17:57:11.557760+00:00
f08d4ef4-0205-4ad5-a019-1120b36a96e3,completed,2026-06-19 17:56:50.386639+00:00,2026-06-19 17:57:11.591159+00:00
6222e733-f14a-4905-9939-4e0d577d20eb,completed,2026-06-19 17:56:50.413395+00:00,2026-06-19 17:57:11.603952+00:00
1856c828-b3cf-4689-8602-1105cc3d7ada,completed,2026-06-19 17:56:50.445405+00:00,2026-06-19 17:57:11.727624+00:00
561e5bae-7b0d-4c89-8193-8b9a75addcc5,completed,2026-06-19 17:56:50.470849+00:00,2026-06-19 17:57:11.776420+00:00
226cddb4-2161-4566-bd37-630e7a1baed0,completed,2026-06-19 17:56:50.503628+00:00,2026-06-19 17:57:11.783815+00:00
ddbde45d-5e79-408f-b3aa-b7772692a5b7,completed,2026-06-19 17:56:50.531361+00:00,2026-06-19 17:57:11.899260+00:00
18725c16-2352-4b2c-b44f-6b9ed5131821,completed,2026-06-19 17:56:50.621018+00:00,2026-06-19 17:57:12.061548+00:00
a0b7609e-8876-426f-afe3-00d3f24f7b50,completed,2026-06-19 17:56:50.678556+00:00,2026-06-19 17:57:12.131772+00:00
09bf08b8-3d21-49fb-9541-2438596ec675,completed,2026-06-19 17:56:50.648707+00:00,2026-06-19 17:57:12.146044+00:00
7559ea39-edf7-4633-94ca-d65efd3e892b,completed,2026-06-19 17:56:50.708692+00:00,2026-06-19 17:57:12.222004+00:00
ff28ef56-ef48-4d81-9ebd-108aaed8de1c,completed,2026-06-19 17:56:50.742995+00:00,2026-06-19 17:57:12.311568+00:00
122b2650-6027-49ae-a34f-8ffbfa40f349,completed,2026-06-19 17:56:50.769164+00:00,2026-06-19 17:57:12.338024+00:00
1e81b114-24c6-4bf1-adb4-8a7784fc2b66,completed,2026-06-19 17:56:50.795704+00:00,2026-06-19 17:57:12.383080+00:00
2d91caec-d68b-401d-8636-468fd3e89c1c,completed,2026-06-19 17:56:50.828185+00:00,2026-06-19 17:57:12.468039+00:00
8123927e-1da7-4184-816d-9ab12dc60093,completed,2026-06-19 17:56:50.854805+00:00,2026-06-19 17:57:12.520581+00:00
ab7f04b1-9927-468f-a531-2ea8a1243248,completed,2026-06-19 17:56:50.891811+00:00,2026-06-19 17:57:12.577024+00:00
160f2629-9b02-42e9-86fe-a02987c3e918,completed,2026-06-19 17:56:50.914777+00:00,2026-06-19 17:57:12.625021+00:00
75ffd5d0-a299-457e-b8ba-4df1df23bb09,completed,2026-06-19 17:56:50.942605+00:00,2026-06-19 17:57:12.686526+00:00
53b94783-dfcc-45ff-8378-e7450dfeedd5,completed,2026-06-19 17:56:50.972790+00:00,2026-06-19 17:57:12.760309+00:00
ceb97d14-335e-45bb-babc-ee0b9512f0de,completed,2026-06-19 17:56:51.001975+00:00,2026-06-19 17:57:12.812889+00:00
4a08427e-8da7-4514-a9e2-cb8622329d2b,completed,2026-06-19 17:56:51.032699+00:00,2026-06-19 17:57:12.870335+00:00
3b381aea-5719-420d-bc0e-f3824edf2421,completed,2026-06-19 17:56:51.762766+00:00,2026-06-19 17:57:14.357795+00:00
72db804e-98a4-42f4-b932-e3200d69f54e,completed,2026-06-19 17:56:51.150770+00:00,2026-06-19 17:57:13.091688+00:00
dc3695a1-2fde-4025-83b1-daf6c59310c6,completed,2026-06-19 17:56:51.191140+00:00,2026-06-19 17:57:13.196690+00:00
8646f032-4af0-4ec6-b3b9-3bf41b1b7bfa,completed,2026-06-19 17:56:51.214858+00:00,2026-06-19 17:57:13.214887+00:00
303a4656-7e72-4070-8726-b49a32e752ec,completed,2026-06-19 17:56:51.238371+00:00,2026-06-19 17:57:13.275483+00:00
86dba92a-a39b-4bf5-bccb-987d12ecc592,completed,2026-06-19 17:56:51.284981+00:00,2026-06-19 17:57:13.417695+00:00
6a543144-595e-4c1d-87a9-d1960fc47aa9,completed,2026-06-19 17:56:51.305922+00:00,2026-06-19 17:57:13.423607+00:00
621a94ba-12cf-4cf6-a85b-c96acef169b8,completed,2026-06-19 17:56:51.355097+00:00,2026-06-19 17:57:13.596488+00:00
a3c4de4b-fe42-4b3c-9e16-049fb0e8dcc9,completed,2026-06-19 17:56:51.413272+00:00,2026-06-19 17:57:13.621737+00:00
b232a59e-6f6f-47b3-9958-da5c2956edd6,completed,2026-06-19 17:56:51.472559+00:00,2026-06-19 17:57:13.744954+00:00
730601b2-2fb3-4468-889b-92ba48ec05ad,completed,2026-06-19 17:56:51.441495+00:00,2026-06-19 17:57:13.776170+00:00
37cf31fe-e876-43bc-bba9-55684264cba9,completed,2026-06-19 17:56:51.501944+00:00,2026-06-19 17:57:13.800205+00:00
ef3678d7-9f7a-4a96-a777-9ad205467b2e,completed,2026-06-19 17:56:51.558315+00:00,2026-06-19 17:57:13.954902+00:00
021f2d77-0684-4618-b293-0557b6a174ed,completed,2026-06-19 17:56:51.529807+00:00,2026-06-19 17:57:13.960276+00:00
936c9494-c91b-4591-94fc-411bdeccd0a5,completed,2026-06-19 17:56:51.585715+00:00,2026-06-19 17:57:13.961415+00:00
cb4fd75c-0846-4359-981b-59aa058cd966,completed,2026-06-19 17:56:51.647260+00:00,2026-06-19 17:57:14.114321+00:00
25459733-b60f-43c1-b84e-b1a9273eaf59,completed,2026-06-19 17:56:51.614218+00:00,2026-06-19 17:57:14.152912+00:00
d6d0ad13-a5be-46d2-bb7b-3ae7362ac0a2,completed,2026-06-19 17:56:51.672799+00:00,2026-06-19 17:57:14.176274+00:00
9aa963fc-9b11-4a03-8b4a-213cfe480723,completed,2026-06-19 17:56:51.702079+00:00,2026-06-19 17:57:14.306768+00:00
8509036d-1b45-4883-849a-33b33b7b4ac9,completed,2026-06-19 17:56:51.730165+00:00,2026-06-19 17:57:14.356060+00:00
a717ae26-f411-44e1-856a-7ea746dd511f,completed,2026-06-19 17:56:52.076289+00:00,2026-06-19 17:57:15.076213+00:00
09250f2c-91cc-438f-a764-728eb562301c,completed,2026-06-19 17:56:51.788621+00:00,2026-06-19 17:57:14.506835+00:00
ef180982-d533-473b-8dbc-6e97e97a881b,completed,2026-06-19 17:56:51.848316+00:00,2026-06-19 17:57:14.530385+00:00
6e0ca59c-65ce-41ae-bf0c-79fd91c5f45c,completed,2026-06-19 17:56:51.874096+00:00,2026-06-19 17:57:14.705949+00:00
3a4bc1eb-8235-4e8a-b662-ae4cbece0cf4,completed,2026-06-19 17:56:51.932648+00:00,2026-06-19 17:57:14.714304+00:00
74bbe266-94c5-47ca-8fd4-540da00c8be3,completed,2026-06-19 17:56:51.905994+00:00,2026-06-19 17:57:14.723211+00:00
0e10613c-82a5-423b-be9c-5456cd5bed9f,completed,2026-06-19 17:56:52.020842+00:00,2026-06-19 17:57:14.882092+00:00
578fc3a0-26da-460d-a352-8a470a2e7821,completed,2026-06-19 17:56:51.989403+00:00,2026-06-19 17:57:14.895620+00:00
9fe01308-a4b5-4de2-b27d-079fedc9ff05,completed,2026-06-19 17:56:52.050015+00:00,2026-06-19 17:57:15.033732+00:00
c4dd8e40-3d88-4dc9-b5db-3dfb4c99946d,completed,2026-06-19 17:56:52.110068+00:00,2026-06-19 17:57:15.077653+00:00
1fa5154e-bedb-47ac-a805-f1b08d5aa7b5,completed,2026-06-19 17:56:53.078776+00:00,2026-06-19 17:57:17.150073+00:00
c35b4a31-a997-4f92-b06e-9d1a2ff59d34,completed,2026-06-19 17:56:53.104946+00:00,2026-06-19 17:57:17.245721+00:00
c7bb23a1-e1d9-438a-b2a0-e8379ca3bafb,completed,2026-06-19 17:56:52.163554+00:00,2026-06-19 17:57:15.250560+00:00
e2a507ed-36cd-41c0-93cd-cc7d43318db2,completed,2026-06-19 17:56:52.229978+00:00,2026-06-19 17:57:15.376426+00:00
62376c9a-2c8d-4bff-803d-bdf2c150e14f,completed,2026-06-19 17:56:52.279006+00:00,2026-06-19 17:57:15.428908+00:00
bd65d2a1-0963-4bf8-860f-739e0e312c95,completed,2026-06-19 17:56:52.253974+00:00,2026-06-19 17:57:15.461778+00:00
8ae38273-f592-42b4-a9cf-4c2006904434,completed,2026-06-19 17:56:52.308140+00:00,2026-06-19 17:57:15.570720+00:00
70c5693c-6f79-4a9c-bf4f-9c2ffcf8699a,completed,2026-06-19 17:56:52.335747+00:00,2026-06-19 17:57:15.595848+00:00
d9e65e06-fb99-4c1c-b79b-a52715ae69d4,completed,2026-06-19 17:56:52.364970+00:00,2026-06-19 17:57:15.669851+00:00
da28da5c-4e73-4345-bedf-bc3395be250b,completed,2026-06-19 17:56:52.396591+00:00,2026-06-19 17:57:15.752550+00:00
a9370bf7-9f71-4300-8b1b-ff4143c3e9e5,completed,2026-06-19 17:56:52.425705+00:00,2026-06-19 17:57:15.771951+00:00
349064f3-1230-4cf7-80ad-b429ce5736ed,completed,2026-06-19 17:56:52.451356+00:00,2026-06-19 17:57:15.852858+00:00
4d1bee01-019d-400c-a0c0-8c0e0e9ce4fd,completed,2026-06-19 17:56:52.477622+00:00,2026-06-19 17:57:15.925110+00:00
1f466f1a-1eb8-4e21-b012-8406997ae8e1,completed,2026-06-19 17:56:52.508765+00:00,2026-06-19 17:57:15.968283+00:00
0ff9e125-38f3-4783-8063-b38a4ab494c0,completed,2026-06-19 17:56:52.539294+00:00,2026-06-19 17:57:16.033534+00:00
95e2ba2f-1e53-40dc-af34-419a4305886d,completed,2026-06-19 17:56:52.568693+00:00,2026-06-19 17:57:16.082593+00:00
0fa93cbe-9dd2-471d-be2b-c96c6397327e,completed,2026-06-19 17:56:52.624596+00:00,2026-06-19 17:57:16.196279+00:00
9455ce06-e0cb-4c18-b437-610b2c0fd86c,completed,2026-06-19 17:56:52.665838+00:00,2026-06-19 17:57:16.280982+00:00
f3ebc36d-e882-43b0-a92c-bfaad79d2cd2,completed,2026-06-19 17:56:52.706963+00:00,2026-06-19 17:57:16.352815+00:00
99d98e0d-00e2-4523-b0b8-9c3e4d832cb5,completed,2026-06-19 17:56:52.748943+00:00,2026-06-19 17:57:16.467836+00:00
cbe0a713-bb1e-49bc-b295-41f14fdd0559,completed,2026-06-19 17:56:52.771779+00:00,2026-06-19 17:57:16.520528+00:00
61391f4d-e748-49be-a174-57ee6927015e,completed,2026-06-19 17:56:52.795844+00:00,2026-06-19 17:57:16.531089+00:00
0d8a61f5-4abd-490f-b7ba-5a0fde147339,completed,2026-06-19 17:56:52.841657+00:00,2026-06-19 17:57:16.640431+00:00
b332b818-a11c-4fe3-8122-bccb3e3cf1d9,completed,2026-06-19 17:56:52.879111+00:00,2026-06-19 17:57:16.700904+00:00
536a2a0e-c3cd-4ceb-9265-2c352e7322fe,completed,2026-06-19 17:56:52.911208+00:00,2026-06-19 17:57:16.801239+00:00
06d82d93-42e2-4513-a30d-02bbc6ff6a76,completed,2026-06-19 17:56:52.965850+00:00,2026-06-19 17:57:16.886178+00:00
dbbea3d9-d081-4e79-ae20-740b71804f0a,completed,2026-06-19 17:56:52.940419+00:00,2026-06-19 17:57:16.886904+00:00
cc4ddd90-eb5e-445b-83bd-c5bfdcd01507,completed,2026-06-19 17:56:52.995494+00:00,2026-06-19 17:57:16.986836+00:00
c8db7806-87cb-42c6-b4d2-5836ed2b985f,completed,2026-06-19 17:56:53.050003+00:00,2026-06-19 17:57:17.049557+00:00
9dfadc0c-ff99-40a4-b76e-197d8c1cc199,completed,2026-06-19 17:56:53.020820+00:00,2026-06-19 17:57:17.071960+00:00
1d521d6e-32f8-4899-8996-59cf075a5b0c,completed,2026-06-19 17:56:53.568032+00:00,2026-06-19 17:57:18.121861+00:00
aa00c291-afa5-4c3e-92fb-4d68e8300e39,completed,2026-06-19 17:56:53.645631+00:00,2026-06-19 17:57:18.295662+00:00
27135b75-4463-4026-b35b-2b81b987dba2,completed,2026-06-19 17:56:53.163190+00:00,2026-06-19 17:57:17.309447+00:00
84d85a3f-dd9e-4225-a36e-e038b350de7f,completed,2026-06-19 17:56:53.196004+00:00,2026-06-19 17:57:17.427969+00:00
2e682056-85fa-4eff-a5ab-e5297fe0ab5c,completed,2026-06-19 17:56:53.219980+00:00,2026-06-19 17:57:17.447857+00:00
210839b3-f48b-4615-905c-08439490eac1,completed,2026-06-19 17:56:53.248531+00:00,2026-06-19 17:57:17.479846+00:00
9c941ede-e9ac-4958-8744-69cfe9e6609c,completed,2026-06-19 17:56:53.279576+00:00,2026-06-19 17:57:17.587261+00:00
cc690617-46fe-4b2d-8210-43b8dbefa155,completed,2026-06-19 17:56:53.305839+00:00,2026-06-19 17:57:17.632651+00:00
d5144ccc-08e8-47c2-8769-71241449f30b,completed,2026-06-19 17:56:53.361517+00:00,2026-06-19 17:57:17.751217+00:00
114e0e8c-9339-4717-8c6b-1e3be0f0ead4,completed,2026-06-19 17:56:53.390304+00:00,2026-06-19 17:57:17.800207+00:00
dc521ea5-cb54-4438-ae97-52d423b34f53,completed,2026-06-19 17:56:53.423292+00:00,2026-06-19 17:57:17.885886+00:00
ae49e3ae-314c-44f0-9cb8-18a9bd96dd13,completed,2026-06-19 17:56:53.446640+00:00,2026-06-19 17:57:17.952708+00:00
14baf1ee-65b8-4ee2-bed7-6130ef1a0e64,completed,2026-06-19 17:56:53.505765+00:00,2026-06-19 17:57:18.072408+00:00
827af913-a804-4d5c-b991-79c10518eb23,completed,2026-06-19 17:56:53.538574+00:00,2026-06-19 17:57:18.119343+00:00
6e40d592-1294-4555-abe0-158d20df77f8,completed,2026-06-19 17:56:53.600032+00:00,2026-06-19 17:57:18.249151+00:00
e4fbe54f-22f2-4b4a-b6c2-a73bb3558113,completed,2026-06-19 17:56:53.617862+00:00,2026-06-19 17:57:18.292318+00:00
6c1a5e60-b5a9-499b-8eee-036226477cb0,completed,2026-06-19 17:56:53.674227+00:00,2026-06-19 17:57:18.447596+00:00
7a1c506b-d0dc-4862-b0cf-e49ed25c673f,completed,2026-06-19 17:56:53.729103+00:00,2026-06-19 17:57:18.484615+00:00
1208e07e-942b-4c50-90c4-639390a13522,completed,2026-06-19 17:56:53.758165+00:00,2026-06-19 17:57:18.631539+00:00
f44a182a-6a0a-43d6-b8b7-bf9bcb3bf68a,completed,2026-06-19 17:56:53.815422+00:00,2026-06-19 17:57:18.628463+00:00
909f2697-a14f-401d-a7bb-d6755c1ee3f7,completed,2026-06-19 17:56:54.072501+00:00,2026-06-19 17:57:19.202492+00:00
909c815f-c2ca-4ecb-a28c-7b56c4289638,completed,2026-06-19 17:56:53.786133+00:00,2026-06-19 17:57:18.661469+00:00
83c3aa56-c774-435e-95fc-340aa3325194,completed,2026-06-19 17:56:53.844365+00:00,2026-06-19 17:57:18.802279+00:00
8c36712e-cf6b-4478-a586-8344ebd69548,completed,2026-06-19 17:56:53.873506+00:00,2026-06-19 17:57:18.812533+00:00
b1fcf962-eac4-4dfd-a720-6c2eb5bee1d3,completed,2026-06-19 17:56:53.899891+00:00,2026-06-19 17:57:18.848620+00:00
c9a90d44-63fa-4c81-9afe-d5b6ad1e1a5d,completed,2026-06-19 17:56:53.927532+00:00,2026-06-19 17:57:18.960078+00:00
ca37d957-bb76-4fbd-8c69-0f22de6222bb,completed,2026-06-19 17:56:53.956754+00:00,2026-06-19 17:57:18.988483+00:00
aeeac1e1-404e-4ad6-af0d-b85a996dd9bf,completed,2026-06-19 17:56:53.986980+00:00,2026-06-19 17:57:19.037386+00:00
2c315afa-5090-411b-809a-def51c9ed4d0,completed,2026-06-19 17:56:54.015581+00:00,2026-06-19 17:57:19.124013+00:00
7fbc029f-4665-4e53-9e6a-953b2c9628db,completed,2026-06-19 17:56:54.043553+00:00,2026-06-19 17:57:19.165046+00:00
e3ca7931-9522-43fd-a325-e19aa58a3715,completed,2026-06-19 17:56:55.069238+00:00,2026-06-19 17:57:21.368591+00:00
c72c8f37-1962-42c4-8da3-a7f9ef1e8119,completed,2026-06-19 17:56:55.041532+00:00,2026-06-19 17:57:21.364246+00:00
4da91cd2-7e4b-4c71-8574-94472910d913,completed,2026-06-19 17:56:54.745395+00:00,2026-06-19 17:57:20.642293+00:00
bc519f32-f448-4590-abe8-a13e396bc7f1,completed,2026-06-19 17:56:54.157553+00:00,2026-06-19 17:57:19.396302+00:00
7f90c634-0d6b-4bb6-a910-70c53fa66353,completed,2026-06-19 17:56:54.183870+00:00,2026-06-19 17:57:19.480945+00:00
8714e22a-8975-4827-b246-6e6f3f52a940,completed,2026-06-19 17:56:54.214664+00:00,2026-06-19 17:57:19.519522+00:00
8e6b6736-d01b-4000-b30e-e0fff5505423,completed,2026-06-19 17:56:54.239524+00:00,2026-06-19 17:57:19.607995+00:00
0fe202fc-5edd-4e32-82ae-1cda5d96921e,completed,2026-06-19 17:56:54.275913+00:00,2026-06-19 17:57:19.654066+00:00
3f7265ec-f048-485e-8a17-2ccbdce01741,completed,2026-06-19 17:56:54.291779+00:00,2026-06-19 17:57:19.709807+00:00
5066067f-f3ca-407b-88be-65873f12b294,completed,2026-06-19 17:56:54.349115+00:00,2026-06-19 17:57:19.826888+00:00
5d2cfb87-7ace-4aa0-9cc5-daff4f290c45,completed,2026-06-19 17:56:54.374927+00:00,2026-06-19 17:57:19.921729+00:00
5e7b498f-e717-4a28-bb0f-7a5caa554709,completed,2026-06-19 17:56:54.404505+00:00,2026-06-19 17:57:19.969579+00:00
73ebed50-0cf5-40de-95c1-806ba522a39e,completed,2026-06-19 17:56:54.434771+00:00,2026-06-19 17:57:20.028811+00:00
0b6e7dda-6877-4bd0-9683-558f5b6bc83a,completed,2026-06-19 17:56:54.460494+00:00,2026-06-19 17:57:20.092705+00:00
a86a6d44-b35e-4755-aecf-6c4e9375a058,completed,2026-06-19 17:56:54.488634+00:00,2026-06-19 17:57:20.151842+00:00
3fde2ffa-9d1b-4bf2-a857-67a530ad4bf3,completed,2026-06-19 17:56:54.515712+00:00,2026-06-19 17:57:20.216021+00:00
29a00e46-ed44-49e9-898e-900cffbd4bde,completed,2026-06-19 17:56:54.557800+00:00,2026-06-19 17:57:20.280532+00:00
55d9c13c-cd5f-4898-b9d4-554cd6c86cec,completed,2026-06-19 17:56:54.610066+00:00,2026-06-19 17:57:20.412472+00:00
3f8f473a-b342-4fbc-a3a6-6c5cb4b24f07,completed,2026-06-19 17:56:54.632390+00:00,2026-06-19 17:57:20.458447+00:00
0d1a38d9-3fa5-46ac-bd66-1338e12a1052,completed,2026-06-19 17:56:54.654351+00:00,2026-06-19 17:57:20.471488+00:00
92f35dd7-f1cd-4b53-9b2c-6c70ce0d9145,completed,2026-06-19 17:56:54.691229+00:00,2026-06-19 17:57:20.587453+00:00
71199bf8-a660-4502-a3c5-c918746d8605,completed,2026-06-19 17:56:54.711697+00:00,2026-06-19 17:57:20.638376+00:00
5e58dbd7-413e-4858-902f-f5f186b781bd,completed,2026-06-19 17:56:54.766376+00:00,2026-06-19 17:57:20.775859+00:00
84dfa0bc-2504-48b9-a426-f2bc4e3efea1,completed,2026-06-19 17:56:54.822133+00:00,2026-06-19 17:57:20.807578+00:00
0dce8bc1-4d92-4681-b4fa-9e993d1c413b,completed,2026-06-19 17:56:54.853970+00:00,2026-06-19 17:57:20.957900+00:00
b6ee461b-a38a-4e39-9d40-db01fb298cf1,completed,2026-06-19 17:56:54.902601+00:00,2026-06-19 17:57:20.989909+00:00
b48b7606-4274-413f-bc31-dfb3f5e2f2c7,completed,2026-06-19 17:56:54.930123+00:00,2026-06-19 17:57:21.144549+00:00
8ba6c7b2-d51f-41fd-93aa-a612e268dabb,completed,2026-06-19 17:56:54.960005+00:00,2026-06-19 17:57:21.168214+00:00
9c017465-865b-4be0-acb0-8fdc43817427,completed,2026-06-19 17:56:54.988261+00:00,2026-06-19 17:57:21.169651+00:00
785dd47b-189f-487b-a2c9-03b8854b0f9a,completed,2026-06-19 17:56:55.012683+00:00,2026-06-19 17:57:21.313019+00:00
36db4079-e9f5-4873-a3a9-9ed707e1175d,completed,2026-06-19 17:56:42.907726+00:00,2026-06-19 17:56:56.781947+00:00
f09222e6-2c62-4a7b-a408-c4f54b0c5a8a,completed,2026-06-19 17:56:43.507479+00:00,2026-06-19 17:56:57.895770+00:00
30e30ddb-c841-4120-af41-8477e191f7ec,completed,2026-06-19 17:56:43.535771+00:00,2026-06-19 17:56:57.953987+00:00
23267519-485e-4b9d-8106-482139543263,completed,2026-06-19 17:56:55.515908+00:00,2026-06-19 17:57:22.437980+00:00
fa963af4-723a-4370-bd4f-f80e831fb1e0,completed,2026-06-19 17:56:57.596235+00:00,2026-06-19 17:57:27.047877+00:00
21a15b2c-9853-4cd1-82f1-31843f0151d9,completed,2026-06-19 17:56:55.458435+00:00,2026-06-19 17:57:22.342213+00:00
286593b9-03ae-4333-b748-a658033790d0,completed,2026-06-19 17:56:55.125006+00:00,2026-06-19 17:57:21.558038+00:00
ae4aa398-b31d-4af9-9e36-bfa7e50ac63e,completed,2026-06-19 17:56:55.211987+00:00,2026-06-19 17:57:21.696251+00:00
1294632f-620a-47ab-878f-2ce09549414d,completed,2026-06-19 17:56:55.180946+00:00,2026-06-19 17:57:21.705016+00:00
6b5c5599-ea72-487d-b95a-6bcdae8b3cc1,completed,2026-06-19 17:56:55.242261+00:00,2026-06-19 17:57:21.740227+00:00
c9bd5b57-1256-42e0-8bfb-46110d78178e,completed,2026-06-19 17:56:55.264177+00:00,2026-06-19 17:57:21.861747+00:00
f9c9d04b-be74-4e90-b0f4-384116609176,completed,2026-06-19 17:56:55.293115+00:00,2026-06-19 17:57:21.912539+00:00
74f2858d-1a65-4310-a114-f34a1a88302a,completed,2026-06-19 17:56:55.317593+00:00,2026-06-19 17:57:21.938183+00:00
2857c4c2-da67-470a-9c7a-9b188ee606aa,completed,2026-06-19 17:56:55.345814+00:00,2026-06-19 17:57:22.052346+00:00
a5ddaf0e-b64f-4c2f-b204-f0753b1542da,completed,2026-06-19 17:56:55.399372+00:00,2026-06-19 17:57:22.111665+00:00
d4a66865-414e-4a8d-ab90-2f99fb64d314,completed,2026-06-19 17:56:55.371563+00:00,2026-06-19 17:57:22.127821+00:00
0483554b-f01a-4b30-99e7-c2e73209a3ab,completed,2026-06-19 17:56:55.427389+00:00,2026-06-19 17:57:22.240210+00:00
3cb40632-f946-48d7-91e6-062b4656d941,completed,2026-06-19 17:56:57.729042+00:00,2026-06-19 17:57:27.408430+00:00
a3706324-50a9-4ee8-b815-0040b2dd226f,completed,2026-06-19 17:56:57.967930+00:00,2026-06-19 17:57:27.915662+00:00
ac3ed459-54dd-4d7e-9e16-45bbb596a75b,completed,2026-06-19 17:56:57.569868+00:00,2026-06-19 17:57:27.045825+00:00
2db1a43f-def0-49aa-a571-d5c32b4db6de,completed,2026-06-19 17:56:57.941582+00:00,2026-06-19 17:57:27.866811+00:00
beb4727d-f5f3-4dce-97e4-bdcabd013f9a,completed,2026-06-19 17:56:57.626782+00:00,2026-06-19 17:57:27.165302+00:00
fbee9d9e-b8b6-4e8a-a323-830b9c63f7a7,completed,2026-06-19 17:56:57.679325+00:00,2026-06-19 17:57:27.216453+00:00
f7779268-000c-4075-a1ac-4a546f91191f,completed,2026-06-19 17:56:57.649646+00:00,2026-06-19 17:57:27.225770+00:00
8aef629c-99bc-43d4-b54c-e3fcbb01b730,completed,2026-06-19 17:56:57.703290+00:00,2026-06-19 17:57:27.322894+00:00
e4396e11-2804-4e86-8887-a41779f45332,completed,2026-06-19 17:56:57.791764+00:00,2026-06-19 17:57:27.496217+00:00
c9eea2a8-4dde-4cad-b0a7-7664e68b51ba,completed,2026-06-19 17:56:57.839039+00:00,2026-06-19 17:57:27.596384+00:00
6a29ef98-6d62-4049-88cf-ed58817770df,completed,2026-06-19 17:56:57.862390+00:00,2026-06-19 17:57:27.689299+00:00
7cde07fb-78ac-4f52-9f8c-82654e523b4b,completed,2026-06-19 17:56:57.888421+00:00,2026-06-19 17:57:27.732660+00:00
8cf0968c-c971-40f1-a156-c6c7717184c8,completed,2026-06-19 17:56:57.916886+00:00,2026-06-19 17:57:27.763640+00:00
7a6a38ca-ce4f-4311-8cb9-544427b63eac,failed,2026-06-19 17:56:58.185051+00:00,2026-06-19 17:57:28.245438+00:00
4c5d84ec-bfd7-4ed6-9031-aea9319e2922,failed,2026-06-19 17:56:58.208682+00:00,2026-06-19 17:57:28.250925+00:00
5acbd1cc-5522-4ecf-8b23-732389f0d5a4,failed,2026-06-19 17:56:58.235440+00:00,2026-06-19 17:57:28.254169+00:00
055cd6db-b813-4ce3-914e-4e459b6ce7e3,failed,2026-06-19 17:56:58.368665+00:00,2026-06-19 17:57:28.442309+00:00
6c13548d-5e14-4295-8079-1565d39153a4,failed,2026-06-19 17:56:58.286348+00:00,2026-06-19 17:57:28.294527+00:00
c79e788f-02b5-4f6d-8f7e-c8f5b650757d,failed,2026-06-19 17:56:58.973642+00:00,2026-06-19 17:57:29.004719+00:00
d360f32c-da6c-4c7e-af56-07039dca5a04,failed,2026-06-19 17:56:58.445151+00:00,2026-06-19 17:57:28.452743+00:00
7d402826-d7e1-4a15-af90-ab851a9dcc3d,completed,2026-06-19 17:56:58.263971+00:00,2026-06-19 17:57:28.438196+00:00
eaa9bcc2-ccfe-4bec-be99-b540a5e28803,completed,2026-06-19 17:56:58.344064+00:00,2026-06-19 17:57:28.449352+00:00
e44bd64d-46cb-4214-8834-c8b762a232ce,completed,2026-06-19 17:56:58.502861+00:00,2026-06-19 17:57:28.629676+00:00
74d441b4-5aba-4629-ab0b-6bd24c27664f,failed,2026-06-19 17:56:58.604816+00:00,2026-06-19 17:57:28.633861+00:00
afaeddc1-ff0e-4ef9-b73c-9386682c378b,completed,2026-06-19 17:56:58.313338+00:00,2026-06-19 17:57:28.467777+00:00
fcbe2f26-cdf5-4f8a-b716-079a7d472b56,completed,2026-06-19 17:56:58.472659+00:00,2026-06-19 17:57:28.626375+00:00
f6548869-36cf-4a29-82d2-a5870db355db,failed,2026-06-19 17:56:58.554313+00:00,2026-06-19 17:57:28.630838+00:00
601a9dc1-9dbb-4075-bcde-d9f12415e2b5,failed,2026-06-19 17:56:58.577563+00:00,2026-06-19 17:57:28.634130+00:00
6616f133-98b1-4c0d-b3cd-f8d3397ba02b,failed,2026-06-19 17:56:58.631876+00:00,2026-06-19 17:57:28.637070+00:00
7662de49-2dde-4cfe-be19-0af567b2353e,failed,2026-06-19 17:56:58.743031+00:00,2026-06-19 17:57:28.809751+00:00
50fa9861-108d-4a9e-9b4e-4e20b9354b24,completed,2026-06-19 17:56:58.525872+00:00,2026-06-19 17:57:28.656579+00:00
c3c899ad-f278-4893-84c7-7e94f133000d,completed,2026-06-19 17:56:58.659541+00:00,2026-06-19 17:57:28.804536+00:00
d9392e85-3fa3-4034-8331-c117263196bc,failed,2026-06-19 17:56:58.764926+00:00,2026-06-19 17:57:28.816377+00:00
4deecf60-b278-4447-9b77-91e021da127c,failed,2026-06-19 17:56:58.790665+00:00,2026-06-19 17:57:28.819845+00:00
60eabb15-f16e-4bd6-8fdc-1f99710e8940,failed,2026-06-19 17:56:58.815212+00:00,2026-06-19 17:57:28.821937+00:00
baad0b08-34b2-422b-8950-3f1fd0fa2ee3,completed,2026-06-19 17:56:59.036273+00:00,2026-06-19 17:57:29.158161+00:00
eac3d7da-6cb4-42a6-b31d-6e7eeecb7752,failed,2026-06-19 17:56:58.921255+00:00,2026-06-19 17:57:28.999435+00:00
a9104033-f705-4281-a00b-bad4a3c9619f,completed,2026-06-19 17:56:58.709796+00:00,2026-06-19 17:57:28.829679+00:00
724a652b-17cb-4e2c-abe0-d11d63eec7f0,completed,2026-06-19 17:56:58.870717+00:00,2026-06-19 17:57:28.996058+00:00
d8f749be-e7b4-4e1e-a05d-fb5f059c4806,completed,2026-06-19 17:56:58.893449+00:00,2026-06-19 17:57:29.001318+00:00
959366b6-7112-45e6-80d2-8d90dcec8345,failed,2026-06-19 17:56:58.998045+00:00,2026-06-19 17:57:29.005791+00:00
3306bfa2-d873-42ff-b65a-14138b095fef,completed,2026-06-19 17:56:59.053966+00:00,2026-06-19 17:57:29.178863+00:00
d5a50531-43d3-4cbf-bb24-8a005b5496c8,completed,2026-06-19 17:56:58.843816+00:00,2026-06-19 17:57:29.019834+00:00
fe3a9ffa-0833-461f-bc7b-1440b7f52b17,completed,2026-06-19 17:56:43.762676+00:00,2026-06-19 17:56:58.383193+00:00
71b88cf9-82a0-4705-95bd-5ab6e819ba9d,completed,2026-06-19 17:56:44.056879+00:00,2026-06-19 17:56:58.914382+00:00
4da91b01-070f-414d-94f3-bc4587752d42,completed,2026-06-19 17:56:44.642642+00:00,2026-06-19 17:57:00.003570+00:00
dd73e50a-96a7-4baa-81ed-0abd87017108,completed,2026-06-19 17:56:46.897097+00:00,2026-06-19 17:57:04.540111+00:00
82b42082-e911-4813-af54-c0bb4deb4ba0,completed,2026-06-19 17:56:46.988404+00:00,2026-06-19 17:57:04.701458+00:00
b6e7fe3b-a988-441f-b65c-2e6c8cf56c56,completed,2026-06-19 17:56:48.737831+00:00,2026-06-19 17:57:08.228371+00:00
b58f151c-1646-44b6-90d9-feb7008e5f45,completed,2026-06-19 17:56:49.522573+00:00,2026-06-19 17:57:09.875738+00:00
bb9f5914-93b2-4f21-8967-6afa19752b63,completed,2026-06-19 17:56:50.209059+00:00,2026-06-19 17:57:11.185505+00:00
3cea29f6-3312-4b50-9b76-cd30f0af3201,completed,2026-06-19 17:56:51.323652+00:00,2026-06-19 17:57:13.438268+00:00
9b886656-d5ac-4907-bd11-182497fa4a7b,completed,2026-06-19 17:56:52.136855+00:00,2026-06-19 17:57:15.193998+00:00
b76f7843-f1e1-42d7-a908-095d31d1d251,completed,2026-06-19 17:56:53.332952+00:00,2026-06-19 17:57:17.690542+00:00
d09441c1-4b90-418f-a88c-acbd54c7163c,completed,2026-06-19 17:56:54.126800+00:00,2026-06-19 17:57:19.341906+00:00
955e9e76-6ed8-4066-aae1-204deed6a9d6,completed,2026-06-19 17:56:54.791717+00:00,2026-06-19 17:57:20.820631+00:00
066e5fa2-8f22-4ad4-8be5-2d8fb0cb7b26,completed,2026-06-19 17:56:55.152932+00:00,2026-06-19 17:57:21.516649+00:00
8bc2b984-17ff-4379-8e67-53fa8d111d19,completed,2026-06-19 17:56:55.591344+00:00,2026-06-19 17:57:22.644301+00:00
5d583f41-5924-42f8-b464-389631026867,completed,2026-06-19 17:56:55.675237+00:00,2026-06-19 17:57:22.837325+00:00
f826d667-d425-4653-938d-53dc7db5f3dd,completed,2026-06-19 17:56:55.848870+00:00,2026-06-19 17:57:23.198711+00:00
93bbeac1-8290-4cfc-8a91-501c54cf71d1,completed,2026-06-19 17:56:56.004203+00:00,2026-06-19 17:57:23.554394+00:00
72609487-a482-41b5-9df3-5b3f46db6eeb,completed,2026-06-19 17:56:56.084835+00:00,2026-06-19 17:57:23.781904+00:00
e17142a9-15bc-4e9d-bd60-8f1590ed9931,completed,2026-06-19 17:56:56.194938+00:00,2026-06-19 17:57:23.955053+00:00
50ef0c83-2de0-4b4b-9602-647174e2a574,completed,2026-06-19 17:56:56.257747+00:00,2026-06-19 17:57:24.128911+00:00
bc514de6-c81e-48b0-80ee-d084685fc4ee,completed,2026-06-19 17:56:56.332408+00:00,2026-06-19 17:57:24.310441+00:00
8dce38c7-31f2-4ac6-8507-c0f1a2466974,completed,2026-06-19 17:56:56.410111+00:00,2026-06-19 17:57:24.485131+00:00
8daa519c-21cd-4dd3-b458-773ba853777d,completed,2026-06-19 17:56:56.520016+00:00,2026-06-19 17:57:24.643084+00:00
d893e415-f740-49de-8ae0-8e14307d07b2,completed,2026-06-19 17:56:56.574125+00:00,2026-06-19 17:57:24.843767+00:00
3c899739-ae7f-428e-9fc4-402dce165104,completed,2026-06-19 17:56:56.655553+00:00,2026-06-19 17:57:25.040664+00:00
50c999f5-5d5f-4609-bb8d-0a272faf28aa,completed,2026-06-19 17:56:57.997252+00:00,2026-06-19 17:57:27.948564+00:00
52efb494-4174-47bc-8199-024f5fdb2b0e,completed,2026-06-19 17:56:58.078225+00:00,2026-06-19 17:57:28.128789+00:00
9c857942-bffc-4690-9d08-b991d7aaf1e3,completed,2026-06-19 17:56:58.154902+00:00,2026-06-19 17:57:28.291278+00:00
42a5befa-91e3-44b2-aa46-b2bc41a2b1b4,failed,2026-06-19 17:56:59.311678+00:00,2026-06-19 17:57:29.348517+00:00
8af63bf2-f61b-4d37-892e-d31a61b51c23,completed,2026-06-19 17:56:59.989972+00:00,2026-06-19 17:57:30.125404+00:00
ab893221-3295-4710-a405-3ec95c034721,failed,2026-06-19 17:56:59.105160+00:00,2026-06-19 17:57:29.162214+00:00
3b206705-fc4c-43bb-ba5e-2bf3f80987f2,failed,2026-06-19 17:56:59.132568+00:00,2026-06-19 17:57:29.165536+00:00
a2776c31-23dd-4001-8f3b-9aeed014fd18,failed,2026-06-19 17:56:59.155494+00:00,2026-06-19 17:57:29.168805+00:00
d64e2804-5d8d-4857-a5ff-80062376075a,failed,2026-06-19 17:56:59.262621+00:00,2026-06-19 17:57:29.341956+00:00
6a739ee5-2c64-40ea-93cc-a6fb223630bf,completed,2026-06-19 17:56:59.365181+00:00,2026-06-19 17:57:29.540082+00:00
624e2ea3-e921-40d0-ad03-54a31f853260,failed,2026-06-19 17:56:59.937885+00:00,2026-06-19 17:57:29.943960+00:00
d246b33b-ab77-49ea-9422-32e7e5bc5bee,completed,2026-06-19 17:56:59.185067+00:00,2026-06-19 17:57:29.338101+00:00
663d2b23-2aeb-431f-88de-d6ff406a5293,failed,2026-06-19 17:56:59.285858+00:00,2026-06-19 17:57:29.345415+00:00
9122199b-209f-4b9b-a291-ef947550f8f3,failed,2026-06-19 17:56:59.339966+00:00,2026-06-19 17:57:29.351380+00:00
a4135a76-773c-46ce-b4cd-57c774c41a41,failed,2026-06-19 17:56:59.473538+00:00,2026-06-19 17:57:29.544207+00:00
9f4a5ffd-a68b-48a0-b146-8e89e755bc9f,completed,2026-06-19 17:56:59.233024+00:00,2026-06-19 17:57:29.382303+00:00
1c3a2fad-56e3-4716-a223-46d263deb637,completed,2026-06-19 17:56:59.212602+00:00,2026-06-19 17:57:29.397367+00:00
3a1e705f-8770-43a8-960f-b2708e5fb2aa,completed,2026-06-19 17:56:59.422183+00:00,2026-06-19 17:57:29.537199+00:00
171f1ab6-45ff-4ed4-b066-10a4569ba487,failed,2026-06-19 17:56:59.499130+00:00,2026-06-19 17:57:29.545119+00:00
bd590058-8719-496d-a042-581d1ac301ca,failed,2026-06-19 17:56:59.521926+00:00,2026-06-19 17:57:29.547284+00:00
504d66c0-783d-4f2e-9ee0-c750a7524e01,failed,2026-06-19 17:56:59.629309+00:00,2026-06-19 17:57:29.727498+00:00
8ee5ac39-7196-4ce3-b1d7-62075769bf9e,failed,2026-06-19 17:56:59.738333+00:00,2026-06-19 17:57:29.741498+00:00
1d7577da-ea89-42ef-913c-0be9565e9407,completed,2026-06-19 17:56:59.390228+00:00,2026-06-19 17:57:29.562073+00:00
4554bc54-a622-4cfb-87ae-d07554dc8424,completed,2026-06-19 17:56:59.548729+00:00,2026-06-19 17:57:29.724273+00:00
d1b4276a-c9cf-4a06-9991-c60260432003,failed,2026-06-19 17:56:59.656973+00:00,2026-06-19 17:57:29.730321+00:00
2e9309e3-550d-4877-8353-ea605e3a5407,failed,2026-06-19 17:56:59.681816+00:00,2026-06-19 17:57:29.735345+00:00
19dd680e-8748-4138-84c1-696f428d6384,completed,2026-06-19 17:56:59.573208+00:00,2026-06-19 17:57:29.737851+00:00
00b39840-2b1f-4c46-a6a1-38649a86b232,failed,2026-06-19 17:56:59.834788+00:00,2026-06-19 17:57:29.899861+00:00
ee4303ce-9082-4194-91d1-fdd1bd8caf22,completed,2026-06-19 17:56:59.602669+00:00,2026-06-19 17:57:29.760619+00:00
845fd931-4ddd-4f69-954e-6ad336b02286,completed,2026-06-19 17:56:59.760019+00:00,2026-06-19 17:57:29.896242+00:00
c80ce744-72ef-4e31-a990-bfdbfbf5f38b,failed,2026-06-19 17:56:59.863225+00:00,2026-06-19 17:57:29.902790+00:00
c517159c-772c-4651-913e-23406c7eca79,failed,2026-06-19 17:56:59.886740+00:00,2026-06-19 17:57:29.906229+00:00
c51b4c67-b431-4570-a92a-50026c4f320d,completed,2026-06-19 17:56:59.962724+00:00,2026-06-19 17:57:30.108074+00:00
93d5b0c4-8da2-4aa9-a705-5230a0e66e45,completed,2026-06-19 17:56:59.778439+00:00,2026-06-19 17:57:29.940065+00:00
5d59e073-6061-42f9-8654-c135036c3220,completed,2026-06-19 17:56:59.910876+00:00,2026-06-19 17:57:30.097573+00:00
4a2d944b-e332-4752-8475-6f0f270aec81,completed,2026-06-19 17:56:44.287447+00:00,2026-06-19 17:56:59.418576+00:00
23fb1440-ed88-48a0-b213-2d7b7883318e,completed,2026-06-19 17:56:44.900848+00:00,2026-06-19 17:57:00.504192+00:00
dbd4f414-7d5a-4d04-8804-edb8149db886,completed,2026-06-19 17:56:45.188466+00:00,2026-06-19 17:57:01.073044+00:00
932a649d-b196-4040-8e70-b36213f1f74d,completed,2026-06-19 17:56:45.479368+00:00,2026-06-19 17:57:01.696245+00:00
b5e082ed-a69a-44a6-ab8d-c35e378534f1,completed,2026-06-19 17:56:45.762674+00:00,2026-06-19 17:57:02.333573+00:00
fca2c3b6-7fda-428c-a7d9-5e7fd51370a2,completed,2026-06-19 17:56:47.401927+00:00,2026-06-19 17:57:05.472354+00:00
ce99406d-91c1-45fe-89b1-499f33465472,completed,2026-06-19 17:56:47.671156+00:00,2026-06-19 17:57:05.987569+00:00
ef5ce7ae-7944-4d85-8c95-74d4826cce99,completed,2026-06-19 17:56:47.853897+00:00,2026-06-19 17:57:06.391951+00:00
5ad1607c-603a-4e7e-bcb1-02825b882fe9,completed,2026-06-19 17:56:47.976041+00:00,2026-06-19 17:57:06.575019+00:00
8fc6e140-c928-4cf5-a6c9-eddc08519f86,completed,2026-06-19 17:56:49.249692+00:00,2026-06-19 17:57:09.255242+00:00
f7884a48-6dc0-45fa-90e5-dcba2c7e87ab,completed,2026-06-19 17:56:49.706306+00:00,2026-06-19 17:57:10.285887+00:00
ba8029dd-18d2-44fd-996b-739e19a61f2e,completed,2026-06-19 17:56:49.818000+00:00,2026-06-19 17:57:10.491194+00:00
e9dfdb61-d1bd-45b9-b161-86d939976b63,completed,2026-06-19 17:56:50.591944+00:00,2026-06-19 17:57:11.959892+00:00
7865620a-3c56-4b9a-abc8-07c3474d83b9,completed,2026-06-19 17:56:51.132585+00:00,2026-06-19 17:57:13.058750+00:00
1d1b573f-fa7b-419d-8236-9d7ae0274679,completed,2026-06-19 17:56:51.379746+00:00,2026-06-19 17:57:13.600687+00:00
5e542242-6970-40c2-a0e6-e116bd13baeb,completed,2026-06-19 17:56:51.961354+00:00,2026-06-19 17:57:14.896214+00:00
f8099ce4-9328-49e7-ad4f-342ab3bbae62,completed,2026-06-19 17:56:52.197383+00:00,2026-06-19 17:57:15.265642+00:00
b1d67908-079f-4f83-8dcd-b5cf3f77fa45,completed,2026-06-19 17:56:52.601111+00:00,2026-06-19 17:57:16.134139+00:00
4a554db6-eb5c-4bb2-94e9-dc4e567a72ce,completed,2026-06-19 17:56:52.679805+00:00,2026-06-19 17:57:16.357547+00:00
f769bd57-83c9-4ef9-a1a6-a553de00f261,completed,2026-06-19 17:56:53.701921+00:00,2026-06-19 17:57:18.484705+00:00
4df0e8b5-df31-40f6-96e3-905821bb504e,completed,2026-06-19 17:56:54.320284+00:00,2026-06-19 17:57:19.779100+00:00
645392d2-0568-4337-b36d-6f264a36a3a9,completed,2026-06-19 17:56:54.582386+00:00,2026-06-19 17:57:20.316505+00:00
d1c9f2a3-917a-4286-8516-c7d1082aa00d,completed,2026-06-19 17:56:54.874729+00:00,2026-06-19 17:57:20.963439+00:00
3bfaf1b6-5062-489a-b0ff-5313e437d1a6,completed,2026-06-19 17:56:55.566558+00:00,2026-06-19 17:57:22.527738+00:00
d2ad6f3b-fd63-4290-bc23-347d941ccc21,completed,2026-06-19 17:56:55.649542+00:00,2026-06-19 17:57:22.730310+00:00
fbf74bdb-0c64-4d05-b6a2-8595ff7318cb,completed,2026-06-19 17:56:55.975710+00:00,2026-06-19 17:57:23.488120+00:00
5266ee29-814a-4714-acee-0947c19c0145,completed,2026-06-19 17:56:56.056342+00:00,2026-06-19 17:57:23.656766+00:00
a9f78cf3-84f8-4d81-ba4a-6907be6b2afe,completed,2026-06-19 17:56:56.221427+00:00,2026-06-19 17:57:24.023999+00:00
23ac1728-a29d-44a3-9ca0-78dbeb135111,completed,2026-06-19 17:56:56.302274+00:00,2026-06-19 17:57:24.193176+00:00
22ccddef-923c-4141-a447-134132207fc9,completed,2026-06-19 17:56:56.465702+00:00,2026-06-19 17:57:24.566065+00:00
dbc7ad15-df32-44f8-b7b2-d09604e66dc7,completed,2026-06-19 17:56:56.554347+00:00,2026-06-19 17:57:24.760093+00:00
344b1116-ecef-4ff7-97de-eb0fba8f73d8,completed,2026-06-19 17:56:44.673831+00:00,2026-06-19 17:57:00.125086+00:00
7ec28857-5b9f-47fb-97f0-8514f0bfba4c,completed,2026-06-19 17:56:45.791526+00:00,2026-06-19 17:57:02.351149+00:00
84b62333-0c2e-45d1-8a6a-1b00d0066f3c,completed,2026-06-19 17:56:45.888739+00:00,2026-06-19 17:57:02.515508+00:00
3ba6e587-6b0f-4bdb-b802-211670a4e47b,completed,2026-06-19 17:56:46.332976+00:00,2026-06-19 17:57:03.372569+00:00
b438aa7e-4833-42ec-a255-cc231c3d2a3c,completed,2026-06-19 17:56:46.582078+00:00,2026-06-19 17:57:03.878015+00:00
2925f34b-c599-4e7a-bd82-963539581e69,completed,2026-06-19 17:56:46.864252+00:00,2026-06-19 17:57:04.469671+00:00
51410cf6-7bc0-4fad-ae50-1d6656378163,completed,2026-06-19 17:56:48.069018+00:00,2026-06-19 17:57:06.743901+00:00
5400c0f4-2c8b-4efb-bd0b-a2755e8c6063,completed,2026-06-19 17:56:48.312758+00:00,2026-06-19 17:57:07.352518+00:00
b41cbff0-63df-4701-9ba2-7350244fe0b9,completed,2026-06-19 17:56:48.858638+00:00,2026-06-19 17:57:08.524546+00:00
440c57dc-580c-491d-af90-5515da3a4dd2,completed,2026-06-19 17:56:49.042499+00:00,2026-06-19 17:57:08.872557+00:00
c8660963-6a78-4748-9c6c-a7e5bda20182,completed,2026-06-19 17:56:50.095781+00:00,2026-06-19 17:57:10.998341+00:00
8a926ac2-998c-4a84-b5ed-591ef3b55eb6,completed,2026-06-19 17:56:50.562576+00:00,2026-06-19 17:57:11.960250+00:00
6a7fabe5-92b1-4b03-b476-36809505eac4,completed,2026-06-19 17:56:51.093425+00:00,2026-06-19 17:57:13.022914+00:00
114fd667-a232-43fe-b1ce-164208da6eb6,completed,2026-06-19 17:56:51.821876+00:00,2026-06-19 17:57:14.533761+00:00
55d16fa9-e28f-4097-bbdc-3503f6567566,completed,2026-06-19 17:56:52.850567+00:00,2026-06-19 17:57:16.701233+00:00
0b6e2049-891e-4792-a9d3-be40cdf0b940,completed,2026-06-19 17:56:53.135552+00:00,2026-06-19 17:57:17.249506+00:00
45111c8b-5713-4d1f-b247-248f0085b04a,completed,2026-06-19 17:56:53.491238+00:00,2026-06-19 17:57:17.959152+00:00
99b6e904-006f-44aa-88d0-e0590aa8ba90,completed,2026-06-19 17:56:54.100161+00:00,2026-06-19 17:57:19.296654+00:00
83399b0c-dd53-4967-8763-f502b3de28a1,completed,2026-06-19 17:56:55.097766+00:00,2026-06-19 17:57:21.512113+00:00
a25c0a76-9afd-4bc0-9cb1-08b50fd115d1,completed,2026-06-19 17:56:55.481043+00:00,2026-06-19 17:57:22.324463+00:00
29760040-2f95-41f2-87d9-f2cb701ea93d,completed,2026-06-19 17:56:55.539535+00:00,2026-06-19 17:57:22.505654+00:00
a9e524d2-41ae-414a-8e15-70aab00b2e10,completed,2026-06-19 17:56:55.622064+00:00,2026-06-19 17:57:22.701705+00:00
c6f42a97-aa3a-462e-8b69-36fbde4f21d3,completed,2026-06-19 17:56:55.702759+00:00,2026-06-19 17:57:22.875736+00:00
2685e39e-b5ca-41ef-b5d5-e6a526a7578d,completed,2026-06-19 17:56:55.958652+00:00,2026-06-19 17:57:23.417000+00:00
3abe42c6-e8bd-4587-a421-bdf5dba5f018,completed,2026-06-19 17:56:56.030086+00:00,2026-06-19 17:57:23.603535+00:00
e2d4091d-d016-44ae-93e0-71f1303c532b,completed,2026-06-19 17:56:56.112900+00:00,2026-06-19 17:57:23.779087+00:00
37c87f48-6f3f-4a6b-9503-d6af0795a122,completed,2026-06-19 17:56:56.168807+00:00,2026-06-19 17:57:23.968138+00:00
92784cd4-3513-461f-9c6f-57397c134b6a,completed,2026-06-19 17:56:56.277441+00:00,2026-06-19 17:57:24.156444+00:00
3a3a99d5-84be-4581-b78b-b22fe5d74240,failed,2026-06-19 17:57:00.016808+00:00,2026-06-19 17:57:30.101080+00:00
deac4959-bb02-439f-a088-6a48e879af32,failed,2026-06-19 17:57:00.044698+00:00,2026-06-19 17:57:30.104434+00:00
34fa1ec8-45bf-497a-b290-3ee18b89d21e,failed,2026-06-19 17:57:00.067680+00:00,2026-06-19 17:57:30.107939+00:00
89633e03-9b01-499f-9e5b-3713c9deb2fc,failed,2026-06-19 17:57:00.095392+00:00,2026-06-19 17:57:30.112144+00:00
ad1e9dc8-9aab-4b88-b2a9-47d2d4ff3d1a,failed,2026-06-19 17:57:00.196388+00:00,2026-06-19 17:57:30.284999+00:00
5930770c-3307-4576-af2a-2f6176a98fc1,completed,2026-06-19 17:57:00.865083+00:00,2026-06-19 17:57:31.040241+00:00
0fd968f0-57bf-4cb0-bae0-1e9b02a38c44,completed,2026-06-19 17:57:00.148369+00:00,2026-06-19 17:57:30.281330+00:00
0dc195af-eedb-4473-8263-0fdac899d6e6,failed,2026-06-19 17:57:00.223492+00:00,2026-06-19 17:57:30.288638+00:00
f24d12ae-aea3-4063-8c7f-27dc4aff22fc,failed,2026-06-19 17:57:00.246752+00:00,2026-06-19 17:57:30.291986+00:00
fb75b4e8-bfa0-4eea-a890-475e643c9fc4,failed,2026-06-19 17:57:00.275175+00:00,2026-06-19 17:57:30.296646+00:00
51435bbe-bdb4-4f49-9402-d6903de008a3,failed,2026-06-19 17:57:00.380218+00:00,2026-06-19 17:57:30.480523+00:00
ca84e891-33d9-4de7-8733-a13d804fbe64,completed,2026-06-19 17:57:00.175299+00:00,2026-06-19 17:57:30.328495+00:00
d0126ab5-4e60-4d47-b724-859311e80c8b,completed,2026-06-19 17:57:00.313718+00:00,2026-06-19 17:57:30.476219+00:00
f33fe389-f167-4a01-976d-571e8975ef70,failed,2026-06-19 17:57:00.404994+00:00,2026-06-19 17:57:30.483481+00:00
b5643f67-ba9a-495b-b4de-a8132feaa7f5,failed,2026-06-19 17:57:00.428429+00:00,2026-06-19 17:57:30.487411+00:00
a246532a-3c37-4de0-8456-c4fbc4ea4ba2,failed,2026-06-19 17:57:00.454240+00:00,2026-06-19 17:57:30.490303+00:00
fee2dd03-ef2b-4d00-8697-4300fcfcd666,failed,2026-06-19 17:57:00.482426+00:00,2026-06-19 17:57:30.493518+00:00
f7f26191-ffea-4634-908d-240f15732938,failed,2026-06-19 17:57:00.616264+00:00,2026-06-19 17:57:30.667017+00:00
1e6498f0-1428-4c98-abfc-0ac2b2ddef20,completed,2026-06-19 17:57:00.358665+00:00,2026-06-19 17:57:30.519845+00:00
e566dd6e-79d1-45e8-b1bc-c0f7c8c389e4,completed,2026-06-19 17:57:00.506521+00:00,2026-06-19 17:57:30.663500+00:00
4479725a-6b8f-44f2-8e4d-5bc7e566e4f3,failed,2026-06-19 17:57:00.587521+00:00,2026-06-19 17:57:30.665220+00:00
ff73c01c-a48d-42dc-ba5d-5ad25996dfe5,failed,2026-06-19 17:57:00.635479+00:00,2026-06-19 17:57:30.668536+00:00
69b9e134-7f81-4834-8dcd-c7220826e1c2,failed,2026-06-19 17:57:00.660283+00:00,2026-06-19 17:57:30.669846+00:00
f04df551-4629-4c7b-bfb2-f53d2da0bc1c,failed,2026-06-19 17:57:00.764913+00:00,2026-06-19 17:57:30.851647+00:00
4fcded2a-26e6-452e-9816-a69d495ea777,failed,2026-06-19 17:57:00.813095+00:00,2026-06-19 17:57:30.858156+00:00
96f2a9d9-6a56-4661-8124-65f548c98a68,completed,2026-06-19 17:57:00.557042+00:00,2026-06-19 17:57:30.701858+00:00
f8bb11fb-d16b-4e74-a965-568d74e2614f,completed,2026-06-19 17:57:00.688478+00:00,2026-06-19 17:57:30.847485+00:00
8f572782-9e98-4439-96a5-271c0928b175,failed,2026-06-19 17:57:00.787651+00:00,2026-06-19 17:57:30.854577+00:00
26ce759f-f92f-4765-a2ed-53fa20add06d,failed,2026-06-19 17:57:00.845226+00:00,2026-06-19 17:57:30.860232+00:00
95c52165-fa61-4987-b7c6-94aeb2090f91,completed,2026-06-19 17:57:00.741096+00:00,2026-06-19 17:57:30.889113+00:00
77df627b-ea5e-41ff-8585-d0d78db2eadb,completed,2026-06-19 17:57:01.687168+00:00,2026-06-19 17:57:31.851362+00:00
fd48ccb6-c2d8-48c6-a343-21094c9cfd9e,failed,2026-06-19 17:57:00.941185+00:00,2026-06-19 17:57:31.032674+00:00
e4618a13-79be-477b-8a76-cb7bc1056bfe,failed,2026-06-19 17:57:00.969673+00:00,2026-06-19 17:57:31.036094+00:00
52b47fc9-589a-4cdb-9b85-465af48df203,failed,2026-06-19 17:57:00.992267+00:00,2026-06-19 17:57:31.038986+00:00
76d36462-bba3-4e95-ac92-49662ac39d8e,failed,2026-06-19 17:57:01.019224+00:00,2026-06-19 17:57:31.042184+00:00
d3fd5679-acb0-4a34-86b7-3fa85e9d6544,failed,2026-06-19 17:57:01.119302+00:00,2026-06-19 17:57:31.224003+00:00
099f3e4f-db9e-418a-9558-dac6d58a5d8d,completed,2026-06-19 17:57:00.918316+00:00,2026-06-19 17:57:31.075625+00:00
af505245-2b83-452d-845e-3b7b8aafc325,completed,2026-06-19 17:57:01.049614+00:00,2026-06-19 17:57:31.216805+00:00
c89fba23-1f68-4d93-8528-1b3b43098166,failed,2026-06-19 17:57:01.146455+00:00,2026-06-19 17:57:31.228271+00:00
212a4a1f-a577-4456-8577-2d3e7401d867,failed,2026-06-19 17:57:01.224980+00:00,2026-06-19 17:57:31.233246+00:00
e567083e-7633-46ed-a946-0a7f27315eb6,failed,2026-06-19 17:57:01.195911+00:00,2026-06-19 17:57:31.231536+00:00
33e4b922-498e-4746-8ce2-c0fb96590511,failed,2026-06-19 17:57:01.328771+00:00,2026-06-19 17:57:31.455968+00:00
4a2cd1b0-7e14-4962-b715-62daa8fff410,failed,2026-06-19 17:57:01.360406+00:00,2026-06-19 17:57:31.459582+00:00
1c3c4ac7-220d-4aef-86ff-f3808c243707,completed,2026-06-19 17:57:01.096191+00:00,2026-06-19 17:57:31.275613+00:00
aa261006-f29e-4b2e-ada0-b62a247e4565,completed,2026-06-19 17:57:01.252318+00:00,2026-06-19 17:57:31.451259+00:00
9af26481-7be9-4070-9b79-17b82d64e956,completed,2026-06-19 17:57:01.275301+00:00,2026-06-19 17:57:31.456539+00:00
df06849e-3531-487c-bf1e-627f2e8901ce,failed,2026-06-19 17:57:01.403617+00:00,2026-06-19 17:57:31.462875+00:00
7802312c-dc4f-4fb8-9b09-19478fcc75a5,failed,2026-06-19 17:57:01.436371+00:00,2026-06-19 17:57:31.466052+00:00
2a97e1f2-0532-476d-b8fd-8a5474abc9bd,failed,2026-06-19 17:57:01.457343+00:00,2026-06-19 17:57:31.466145+00:00
867886f8-da67-4790-ba13-0d95432ddce5,failed,2026-06-19 17:57:01.551116+00:00,2026-06-19 17:57:31.646769+00:00
e2f5ca19-94b6-4001-8aae-22423126d9c9,failed,2026-06-19 17:57:01.627662+00:00,2026-06-19 17:57:31.655726+00:00
8d09c83e-dfd7-47fd-913f-0369e88a265a,completed,2026-06-19 17:57:01.303443+00:00,2026-06-19 17:57:31.499638+00:00
2708c3af-12e4-4042-8e1a-a91b645e3a6e,completed,2026-06-19 17:57:01.475732+00:00,2026-06-19 17:57:31.643263+00:00
c2ed1605-e1e8-4b2a-8c60-0320a373bedc,failed,2026-06-19 17:57:01.576992+00:00,2026-06-19 17:57:31.649965+00:00
66700f8d-791a-4c5d-9261-f38e4ee54685,completed,2026-06-19 17:57:01.502838+00:00,2026-06-19 17:57:31.652327+00:00
c3e7c643-677a-4e31-a867-7115604232e6,failed,2026-06-19 17:57:01.734139+00:00,2026-06-19 17:57:31.806738+00:00
ef35de0f-c8a8-422b-a252-b60db0974461,completed,2026-06-19 17:57:01.528548+00:00,2026-06-19 17:57:31.660818+00:00
10c6e591-72e3-41c0-915b-964a5ea41a24,completed,2026-06-19 17:57:01.653945+00:00,2026-06-19 17:57:31.802551+00:00
2c75b128-0ae1-4683-ad26-144e792904a8,failed,2026-06-19 17:57:01.753155+00:00,2026-06-19 17:57:31.811001+00:00
ea6c086d-3cd3-44e3-9409-faeb9b3cfd70,completed,2026-06-19 17:57:01.705266+00:00,2026-06-19 17:57:31.849286+00:00
106ced19-a5a7-4f8d-a897-648bd765eba9,failed,2026-06-19 17:57:01.809552+00:00,2026-06-19 17:57:31.818424+00:00
040ceb89-27d3-44bd-bbb6-d6ce301d5ec2,failed,2026-06-19 17:57:01.909096+00:00,2026-06-19 17:57:32.014569+00:00
68da0044-b9fb-4590-8944-a914391488c0,failed,2026-06-19 17:57:01.958455+00:00,2026-06-19 17:57:32.020438+00:00
36133c5d-da16-4cc9-afd1-43da7542f7c3,failed,2026-06-19 17:57:02.538823+00:00,2026-06-19 17:57:32.587539+00:00
2f25fb2d-45f4-407c-bbb7-b90d63afe4a1,completed,2026-06-19 17:57:01.834284+00:00,2026-06-19 17:57:32.010190+00:00
e441f108-9a96-4c9c-8349-4b875b0fc15b,completed,2026-06-19 17:57:01.857056+00:00,2026-06-19 17:57:32.016869+00:00
50bc295f-0c8a-4d3a-bf53-d170e3bacc11,failed,2026-06-19 17:57:01.986905+00:00,2026-06-19 17:57:32.020500+00:00
fd303d41-153d-4315-ab5c-23a64843269c,failed,2026-06-19 17:57:02.011391+00:00,2026-06-19 17:57:32.023723+00:00
3af1a697-021c-468e-9874-75ada3f2c261,completed,2026-06-19 17:57:02.639408+00:00,2026-06-19 17:57:32.772515+00:00
71ce3434-5f8a-4f27-86cc-44abc7e2a3fc,completed,2026-06-19 17:57:01.881938+00:00,2026-06-19 17:57:32.034881+00:00
b65e6acc-7904-4b43-a1d1-77c993c11e6b,failed,2026-06-19 17:57:02.110419+00:00,2026-06-19 17:57:32.186101+00:00
9d28c169-4913-496a-8bb6-3f01e3e5fbb0,failed,2026-06-19 17:57:02.135706+00:00,2026-06-19 17:57:32.189898+00:00
1875e0cd-1c64-4269-873f-ae33941b97b6,failed,2026-06-19 17:57:02.160850+00:00,2026-06-19 17:57:32.193802+00:00
bd16972e-95ec-4702-915b-f50c6fdf1fbb,failed,2026-06-19 17:57:02.191012+00:00,2026-06-19 17:57:32.196949+00:00
eb1b82b1-44ae-4597-ba03-79af40b8ddcf,failed,2026-06-19 17:57:02.283301+00:00,2026-06-19 17:57:32.356431+00:00
3225a4c1-145a-49ca-afc7-3b6c561425ad,completed,2026-06-19 17:57:02.085276+00:00,2026-06-19 17:57:32.220094+00:00
4365a994-6594-4217-9347-cba45b1ad607,completed,2026-06-19 17:57:02.059046+00:00,2026-06-19 17:57:32.240615+00:00
e2a19fb5-9c7f-4496-8156-ecc215b5da79,completed,2026-06-19 17:57:02.211106+00:00,2026-06-19 17:57:32.352293+00:00
ceee3b1c-ec37-450d-9310-471bc2637621,failed,2026-06-19 17:57:02.310976+00:00,2026-06-19 17:57:32.359949+00:00
bb44d955-8d9b-4355-a381-d54a2d341e17,failed,2026-06-19 17:57:02.340446+00:00,2026-06-19 17:57:32.363567+00:00
a09e0ef3-ed95-4823-9654-cc2c4668be55,failed,2026-06-19 17:57:02.361136+00:00,2026-06-19 17:57:32.367536+00:00
b8ce2104-fb57-4dd6-9440-2b757f6aa89d,failed,2026-06-19 17:57:02.486960+00:00,2026-06-19 17:57:32.579527+00:00
f360804b-4efe-4205-ae6e-9a0d8757dd1e,completed,2026-06-19 17:57:02.238897+00:00,2026-06-19 17:57:32.402052+00:00
d77f66f6-de8b-4aec-983b-c5c9458febf7,completed,2026-06-19 17:57:02.260012+00:00,2026-06-19 17:57:32.432634+00:00
333541bb-c589-46a5-ba8b-abf7e0f4c01d,completed,2026-06-19 17:57:02.386901+00:00,2026-06-19 17:57:32.573268+00:00
b616039f-dca7-42d1-8bfd-ac4a42633ec0,failed,2026-06-19 17:57:02.513076+00:00,2026-06-19 17:57:32.582546+00:00
2bdb10ac-0385-4d86-82d9-c1074f162ec6,failed,2026-06-19 17:57:02.563524+00:00,2026-06-19 17:57:32.587687+00:00
328c0049-ceae-4b90-8547-1115d1a81fce,failed,2026-06-19 17:57:02.587570+00:00,2026-06-19 17:57:32.591760+00:00
e87c5b2e-9e8b-452e-b593-e5d685fbed6a,completed,2026-06-19 17:57:02.613263+00:00,2026-06-19 17:57:32.780071+00:00
4a0d4a19-9b24-4a39-a35c-1fb93c6b57a7,completed,2026-06-19 17:57:02.437543+00:00,2026-06-19 17:57:32.605913+00:00
8c177ff2-c742-4d69-9632-02b575a3e873,failed,2026-06-19 17:57:02.687397+00:00,2026-06-19 17:57:32.765341+00:00
382c0a44-1fbd-4676-b7d5-afd0028ac419,failed,2026-06-19 17:57:02.711554+00:00,2026-06-19 17:57:32.768604+00:00
67bb39bb-b261-4dd8-8739-e3bf9425ae07,failed,2026-06-19 17:57:02.746855+00:00,2026-06-19 17:57:32.771808+00:00
9bf2aadc-4e2b-4e5a-949b-989e2b21b427,failed,2026-06-19 17:57:02.772444+00:00,2026-06-19 17:57:32.775969+00:00
da437a0b-ecf4-4c10-9694-a2749349ed77,failed,2026-06-19 17:57:02.873194+00:00,2026-06-19 17:57:32.932482+00:00
ffae51bd-6bee-41e6-8aa0-86dfd0021fad,completed,2026-06-19 17:57:02.796758+00:00,2026-06-19 17:57:32.929089+00:00
5442f3fa-99ee-44e9-9653-051fab1700ac,failed,2026-06-19 17:57:02.903150+00:00,2026-06-19 17:57:32.935364+00:00
12dcc30a-3071-4272-9d7a-89360d175860,failed,2026-06-19 17:57:04.488553+00:00,2026-06-19 17:57:34.498535+00:00
9ebe3036-c3c5-4c39-90d4-727426e5c65b,completed,2026-06-19 17:57:02.846942+00:00,2026-06-19 17:57:32.966046+00:00
14948dfc-bad3-4073-ab9a-a9193b4c8302,completed,2026-06-19 17:57:03.005220+00:00,2026-06-19 17:57:33.116890+00:00
775fe3df-3312-4ff3-887c-92b79c2e9a15,completed,2026-06-19 17:57:03.052830+00:00,2026-06-19 17:57:33.149365+00:00
bfd08460-6ffa-437e-9df3-41f2ebd1829f,completed,2026-06-19 17:57:03.063437+00:00,2026-06-19 17:57:33.196291+00:00
5ba08dd9-13e9-4088-99ca-70cbd0bca7a2,completed,2026-06-19 17:57:03.236838+00:00,2026-06-19 17:57:33.324866+00:00
1ea85801-ac40-4f45-9792-3c401b8c66ad,completed,2026-06-19 17:57:03.212074+00:00,2026-06-19 17:57:33.341369+00:00
fb91b2f8-7b24-4b3d-abda-f7b59bc1c4a7,completed,2026-06-19 17:57:03.264214+00:00,2026-06-19 17:57:33.372008+00:00
481db3b3-3427-4013-bf82-fdbb271a732d,completed,2026-06-19 17:57:03.435373+00:00,2026-06-19 17:57:33.518212+00:00
4fe1d1ac-3b67-4001-bb9c-fb3d019dc2a6,completed,2026-06-19 17:57:03.489253+00:00,2026-06-19 17:57:33.585576+00:00
0c9b47bf-3791-4781-9307-438adaf24105,completed,2026-06-19 17:57:03.562023+00:00,2026-06-19 17:57:33.668612+00:00
9c7b9fda-3ab9-4a68-8f82-c7588719f819,completed,2026-06-19 17:57:03.610519+00:00,2026-06-19 17:57:33.691791+00:00
4645f1d5-693f-4bec-bbb6-e567a941b531,completed,2026-06-19 17:57:03.688671+00:00,2026-06-19 17:57:33.771727+00:00
b7c6be55-3c3d-4d1f-8643-a04b8eeeea5f,completed,2026-06-19 17:57:03.735908+00:00,2026-06-19 17:57:33.852445+00:00
ea960fd2-8124-4f63-bae4-b06b7dd4235e,completed,2026-06-19 17:57:03.813778+00:00,2026-06-19 17:57:33.861141+00:00
26a6632d-b0ea-46dd-88c8-d988661540cf,completed,2026-06-19 17:57:03.864031+00:00,2026-06-19 17:57:33.963734+00:00
8c2ecf97-87c1-4aac-a559-8c045cd9bed1,completed,2026-06-19 17:57:04.013793+00:00,2026-06-19 17:57:34.050939+00:00
650ebacf-d2a5-4c57-80b5-d3945d46019f,completed,2026-06-19 17:57:04.042532+00:00,2026-06-19 17:57:34.128035+00:00
72ba9030-f0f4-4276-bf0f-cfc3ef6a5539,completed,2026-06-19 17:57:04.088421+00:00,2026-06-19 17:57:34.195546+00:00
28d09ed1-364b-466c-a687-222ad61ff90c,completed,2026-06-19 17:57:04.240184+00:00,2026-06-19 17:57:34.295908+00:00
821ef94b-4792-414e-baab-3dc00378123d,completed,2026-06-19 17:57:04.271111+00:00,2026-06-19 17:57:34.369797+00:00
6c900ee7-7964-4900-b4ca-be28b626140c,completed,2026-06-19 17:57:04.215171+00:00,2026-06-19 17:57:34.495244+00:00
6b08ed46-446e-4d7e-a4a0-52c0a34d2fcf,completed,2026-06-19 17:57:04.396124+00:00,2026-06-19 17:57:34.563727+00:00
e942fd41-8d65-4fb9-b089-2011c8e2de9f,failed,2026-06-19 17:57:04.660946+00:00,2026-06-19 17:57:34.677253+00:00
b8d94e18-c08e-4e0b-b2a8-8dc4deb06b83,failed,2026-06-19 17:57:05.368753+00:00,2026-06-19 17:57:35.414574+00:00
1a161848-e953-4059-be84-7b87c155a821,completed,2026-06-19 17:57:06.439136+00:00,2026-06-19 17:57:36.588967+00:00
4216d455-5d2d-4705-a95b-4e7a5587b871,completed,2026-06-19 17:57:04.587661+00:00,2026-06-19 17:57:34.732522+00:00
1dd2f603-7b09-49c9-a479-0d05d9f9b533,completed,2026-06-19 17:57:04.716961+00:00,2026-06-19 17:57:34.863817+00:00
d6692427-1448-45ac-9098-7b0fe3a8b28a,completed,2026-06-19 17:57:04.739255+00:00,2026-06-19 17:57:34.901341+00:00
c4a51814-7070-4dc5-b8eb-7d9c52c89628,completed,2026-06-19 17:57:04.812146+00:00,2026-06-19 17:57:34.906969+00:00
b59d3f70-58fb-4722-94ac-49e96c6b2cf6,completed,2026-06-19 17:57:04.895594+00:00,2026-06-19 17:57:35.038205+00:00
d3053d96-7f4f-4d98-aea3-a7674933045f,completed,2026-06-19 17:57:04.945139+00:00,2026-06-19 17:57:35.087041+00:00
a683bde5-d64c-4d00-8d05-ea3cbfdec3ad,completed,2026-06-19 17:57:05.064375+00:00,2026-06-19 17:57:35.216946+00:00
e3b5565a-dde2-4c95-9c9c-699f5270edfc,completed,2026-06-19 17:57:05.192771+00:00,2026-06-19 17:57:35.276629+00:00
95381a2a-9959-4812-8745-91f7b4d073f2,completed,2026-06-19 17:57:05.244871+00:00,2026-06-19 17:57:35.411314+00:00
78991012-06de-44ec-9bab-ac093defd93e,failed,2026-06-19 17:57:06.483603+00:00,2026-06-19 17:57:36.528320+00:00
566d8f9b-faf5-4cf1-82a2-ef490deca375,completed,2026-06-19 17:57:05.315435+00:00,2026-06-19 17:57:35.450030+00:00
c557242f-fb14-435a-8786-e51a081c2c9e,completed,2026-06-19 17:57:05.112714+00:00,2026-06-19 17:57:35.480635+00:00
a4d214f0-5c88-4bb4-b0d9-6aa003bc8d02,completed,2026-06-19 17:57:05.444444+00:00,2026-06-19 17:57:35.592554+00:00
d0bb91d6-e2f6-4415-9ba0-6e6ad403f307,completed,2026-06-19 17:57:05.532031+00:00,2026-06-19 17:57:35.647850+00:00
b9026b95-37bb-4b28-9f00-34c6bc5b25f7,completed,2026-06-19 17:57:05.614328+00:00,2026-06-19 17:57:35.756265+00:00
e63faadc-5503-4124-be11-8c588b000e9d,completed,2026-06-19 17:57:05.642555+00:00,2026-06-19 17:57:35.795189+00:00
c03ae5f9-0bca-4c79-8ff6-6bdf1f2eb1c4,completed,2026-06-19 17:57:05.715404+00:00,2026-06-19 17:57:35.818579+00:00
aa4a227b-7f1b-4302-9f87-09ba1a005b22,completed,2026-06-19 17:57:05.798890+00:00,2026-06-19 17:57:35.948055+00:00
64581d8c-0cfb-40a0-b652-97828c29c1c3,completed,2026-06-19 17:57:05.820627+00:00,2026-06-19 17:57:35.981794+00:00
874e4170-22c2-4e73-b0f0-6c55c182a741,completed,2026-06-19 17:57:05.969918+00:00,2026-06-19 17:57:36.103370+00:00
455dbbc5-4cec-47a8-a460-bfa79c60b44c,completed,2026-06-19 17:57:06.015321+00:00,2026-06-19 17:57:36.196226+00:00
f574c40c-66c8-4484-9cd7-3f262bebe8a9,completed,2026-06-19 17:57:06.065013+00:00,2026-06-19 17:57:36.211153+00:00
040d0f0f-6daf-4608-9f12-2f91f968f463,completed,2026-06-19 17:57:06.162943+00:00,2026-06-19 17:57:36.302072+00:00
164ff64a-a05a-446f-9758-7217a5ab5557,completed,2026-06-19 17:57:06.236355+00:00,2026-06-19 17:57:36.387266+00:00
6d03d859-4c5f-4654-b8de-d0fbbe8155fd,completed,2026-06-19 17:57:06.211148+00:00,2026-06-19 17:57:36.406585+00:00
3357f30c-6d27-4dc4-8c6f-3a5becad479b,completed,2026-06-19 17:57:06.334981+00:00,2026-06-19 17:57:36.524793+00:00
7da6b862-934f-448d-9702-735a7cbb6639,completed,2026-06-19 17:57:06.409453+00:00,2026-06-19 17:57:36.562670+00:00
6dd176fb-4236-441e-ad4a-9d263360d469,failed,2026-06-19 17:57:07.211842+00:00,2026-06-19 17:57:37.239260+00:00
ead31aa2-3cee-4f82-9b39-ae47d5c91755,completed,2026-06-19 17:57:08.237135+00:00,2026-06-19 17:57:38.294178+00:00
9ccef6f1-9281-4cae-99a7-59d8339f49f5,completed,2026-06-19 17:57:06.638814+00:00,2026-06-19 17:57:36.807088+00:00
c2cdbf06-6589-4c2c-a7d1-e37c8e9a9bb3,completed,2026-06-19 17:57:06.761984+00:00,2026-06-19 17:57:36.876000+00:00
b9872cde-e01d-4b49-8ee8-20677479deea,completed,2026-06-19 17:57:06.784971+00:00,2026-06-19 17:57:36.929360+00:00
dba74368-ea13-466c-90b6-5cf6102cd33d,completed,2026-06-19 17:57:06.837025+00:00,2026-06-19 17:57:37.004254+00:00
08711c92-e791-4d48-9ce4-be3a3be48712,completed,2026-06-19 17:57:06.936196+00:00,2026-06-19 17:57:37.078542+00:00
6a6bca2b-3595-47a6-8f67-569868a03db4,completed,2026-06-19 17:57:06.960088+00:00,2026-06-19 17:57:37.120758+00:00
6ae7ce23-bbc8-4147-8ade-6201541b9885,completed,2026-06-19 17:57:08.734346+00:00,2026-06-19 17:57:38.832632+00:00
e922d6d0-7adb-4994-93ed-90f97e35bec0,completed,2026-06-19 17:57:07.158715+00:00,2026-06-19 17:57:37.307676+00:00
325276a0-074d-483b-935c-3c3502c04a56,completed,2026-06-19 17:57:07.185926+00:00,2026-06-19 17:57:37.354826+00:00
c37bce1b-2d8c-4da3-9603-5e7d016e9d21,completed,2026-06-19 17:57:07.372059+00:00,2026-06-19 17:57:37.464472+00:00
a9cf5252-1e0a-4210-a177-aa00814b7805,completed,2026-06-19 17:57:07.411286+00:00,2026-06-19 17:57:37.560035+00:00
e8479c82-d22d-4307-a75b-e0c85b44a084,completed,2026-06-19 17:57:07.565799+00:00,2026-06-19 17:57:37.634552+00:00
aae8d4c3-5506-4cb0-aaab-6717fd71cd79,completed,2026-06-19 17:57:07.617409+00:00,2026-06-19 17:57:37.732225+00:00
d8fd276b-dda1-4d00-b27d-fc50bc7043c8,completed,2026-06-19 17:57:07.584818+00:00,2026-06-19 17:57:37.747756+00:00
6da927e7-7bac-42c4-8c79-cd46b0eaea0a,completed,2026-06-19 17:57:07.737710+00:00,2026-06-19 17:57:37.828683+00:00
89dd34da-d537-41c2-9133-0ed26d733536,completed,2026-06-19 17:57:07.836661+00:00,2026-06-19 17:57:37.914039+00:00
af925344-eac9-4cb8-b168-cd648deb6574,completed,2026-06-19 17:57:07.935988+00:00,2026-06-19 17:57:37.996544+00:00
5e9d2234-8e96-47d5-8088-82ac11869120,completed,2026-06-19 17:57:08.038333+00:00,2026-06-19 17:57:38.115915+00:00
7a79cb71-986b-4d40-ae04-f742ffcc13ee,completed,2026-06-19 17:57:07.963088+00:00,2026-06-19 17:57:38.116860+00:00
85107df4-0050-4882-bc16-cfb67cebed96,completed,2026-06-19 17:57:08.164136+00:00,2026-06-19 17:57:38.185329+00:00
6f279518-320c-4f56-a94b-88ce66762f73,completed,2026-06-19 17:57:08.189709+00:00,2026-06-19 17:57:38.290159+00:00
027dca85-09fa-47dc-9e1f-7a9085357558,completed,2026-06-19 17:57:08.358873+00:00,2026-06-19 17:57:38.372434+00:00
8d1af466-311b-492b-9b87-fc62d16ad28b,completed,2026-06-19 17:57:08.416013+00:00,2026-06-19 17:57:38.476187+00:00
4caa5f81-c0aa-4ba6-9f1b-77aca54b2992,completed,2026-06-19 17:57:08.389627+00:00,2026-06-19 17:57:38.502403+00:00
19bd681f-3760-446c-9318-9c46a55a250b,completed,2026-06-19 17:57:08.535779+00:00,2026-06-19 17:57:38.532701+00:00
c1e2ae32-091e-4396-b96e-9d3c6f0e3efd,completed,2026-06-19 17:57:08.562957+00:00,2026-06-19 17:57:38.651388+00:00
99825404-8490-48d8-8b7f-6a317fbb32e6,completed,2026-06-19 17:57:08.590995+00:00,2026-06-19 17:57:38.680041+00:00
abc0caf6-60db-4291-a25c-97aef9291d9b,completed,2026-06-19 17:57:08.709809+00:00,2026-06-19 17:57:38.719894+00:00
70ac9a8a-e79f-4345-9c2a-fe71fe631eef,completed,2026-06-19 17:57:08.985701+00:00,2026-06-19 17:57:39.033648+00:00
2c50d06c-7267-4572-9838-5508af50065b,completed,2026-06-19 17:57:10.334810+00:00,2026-06-19 17:57:40.412653+00:00
8a24dd10-d0cf-4a6a-97da-8b0f821de8ea,completed,2026-06-19 17:57:08.911909+00:00,2026-06-19 17:57:39.030092+00:00
56b0f325-855c-41fb-a59a-d4a45ebeba72,completed,2026-06-19 17:57:09.060929+00:00,2026-06-19 17:57:39.071608+00:00
da286a67-69a3-4b76-8114-3902d2a6ac36,completed,2026-06-19 17:57:09.138135+00:00,2026-06-19 17:57:39.229311+00:00
777a0cae-1247-4c0c-81a6-c1e0cae49635,completed,2026-06-19 17:57:09.262091+00:00,2026-06-19 17:57:39.244765+00:00
b4e21175-9a02-4016-9728-a986da29b056,completed,2026-06-19 17:57:09.295597+00:00,2026-06-19 17:57:39.414618+00:00
f0873c1d-4ad0-4785-9bed-90245079df44,completed,2026-06-19 17:57:09.333512+00:00,2026-06-19 17:57:39.432084+00:00
5032f296-d458-4f9f-861a-17aec0b0d193,completed,2026-06-19 17:57:09.437657+00:00,2026-06-19 17:57:39.448883+00:00
dc82148a-78c1-4c7b-a7ca-692a3c768b2e,completed,2026-06-19 17:57:09.512573+00:00,2026-06-19 17:57:39.568989+00:00
2c95e0ed-d1c3-48c3-8348-f56326af366f,completed,2026-06-19 17:57:09.637006+00:00,2026-06-19 17:57:39.627890+00:00
50d87aa6-a7e6-487a-82a3-5fe734f18720,completed,2026-06-19 17:57:09.538664+00:00,2026-06-19 17:57:39.637935+00:00
93bce202-c7a9-488c-a61b-f6fed2d1284b,completed,2026-06-19 17:57:09.687660+00:00,2026-06-19 17:57:39.725403+00:00
bafac13e-dd89-4b83-89f5-4231824e71e5,completed,2026-06-19 17:57:09.727661+00:00,2026-06-19 17:57:39.818325+00:00
f47ac2ac-fa3f-475b-a0e0-7fb7d71c84f4,completed,2026-06-19 17:57:09.812447+00:00,2026-06-19 17:57:39.843327+00:00
ed78b2dd-bc01-42e8-bd5f-4c6d57b144e9,completed,2026-06-19 17:57:09.910739+00:00,2026-06-19 17:57:40.013813+00:00
eeede7f8-d23a-484a-be75-dba1b66854f3,completed,2026-06-19 17:57:09.986943+00:00,2026-06-19 17:57:40.023636+00:00
0686e7b0-fb69-43d5-b4cf-60b8801ae433,completed,2026-06-19 17:57:10.063902+00:00,2026-06-19 17:57:40.083352+00:00
16e8cc57-74d2-4763-9f99-d2ac306f123c,completed,2026-06-19 17:57:10.159906+00:00,2026-06-19 17:57:40.199254+00:00
b2f23ed7-0f85-4ac3-aab9-552ce0a6c15a,completed,2026-06-19 17:57:10.084295+00:00,2026-06-19 17:57:40.221302+00:00
1793e75d-4745-4f39-847f-90d4f13558e2,completed,2026-06-19 17:57:10.236403+00:00,2026-06-19 17:57:40.284310+00:00
ded1bafc-9894-4ea6-bec7-fc5f56b414b2,completed,2026-06-19 17:57:10.312261+00:00,2026-06-19 17:57:40.407079+00:00
33233128-3aeb-4b11-94ee-f7e2b10baafb,completed,2026-06-19 17:57:10.387161+00:00,2026-06-19 17:57:40.492402+00:00
9c431196-eb02-484e-9aca-03018b09c4e5,completed,2026-06-19 17:57:10.863774+00:00,2026-06-19 17:57:40.987768+00:00
c0fb0fb6-55bc-4c15-92b6-7da05ed6c41a,completed,2026-06-19 17:57:10.541097+00:00,2026-06-19 17:57:40.608699+00:00
1cb139e0-847b-4c7a-bf48-a7959ac29fb3,completed,2026-06-19 17:57:10.561129+00:00,2026-06-19 17:57:40.676113+00:00
53e4c137-941e-4014-9ce7-d671d14f09b2,completed,2026-06-19 17:57:10.666857+00:00,2026-06-19 17:57:40.741296+00:00
f83dcab5-7b0c-4c8b-b48e-f2151d506430,completed,2026-06-19 17:57:10.692612+00:00,2026-06-19 17:57:40.803805+00:00
9d4a6df5-9ad4-4a11-8a3e-18f52269cbb9,completed,2026-06-19 17:57:10.711422+00:00,2026-06-19 17:57:40.854448+00:00
1935aa07-4c72-47e9-9048-8fc413d876c4,completed,2026-06-19 17:57:10.831101+00:00,2026-06-19 17:57:40.916059+00:00
0552a1b7-e85b-4f81-ab8a-5a8cbfea9aab,completed,2026-06-19 17:57:12.887109+00:00,2026-06-19 17:57:43.086815+00:00
83683f46-a388-49e7-bb0c-ae7a44c48e14,completed,2026-06-19 17:57:13.038606+00:00,2026-06-19 17:57:43.064722+00:00
890c2ebc-12dc-46a6-a358-88a62e83b9c0,completed,2026-06-19 17:57:11.035223+00:00,2026-06-19 17:57:41.184937+00:00
5631132a-fb43-4437-a678-a6139a8d06ca,completed,2026-06-19 17:57:11.087082+00:00,2026-06-19 17:57:41.221993+00:00
65cdf156-0b0c-4fe0-afff-8e42ad81fa10,completed,2026-06-19 17:57:11.190091+00:00,2026-06-19 17:57:41.279538+00:00
70f37e12-04e2-4f08-b3aa-72afe47d5524,completed,2026-06-19 17:57:11.238857+00:00,2026-06-19 17:57:41.378362+00:00
2c8ccf75-4cb9-4c69-ad13-a0523dac6af4,completed,2026-06-19 17:57:11.263332+00:00,2026-06-19 17:57:41.409749+00:00
53b56fa0-e4f6-489b-bde6-b3a3648b7be6,completed,2026-06-19 17:57:11.383095+00:00,2026-06-19 17:57:41.479877+00:00
9e66e72d-6dec-4a83-a034-8990503fd551,completed,2026-06-19 17:57:11.442266+00:00,2026-06-19 17:57:41.582541+00:00
e686f26e-2c69-4b48-8ae5-e8f11b680efe,completed,2026-06-19 17:57:11.569093+00:00,2026-06-19 17:57:41.705709+00:00
8da99bf0-5ca8-4b88-b440-5645576b4438,completed,2026-06-19 17:57:11.595136+00:00,2026-06-19 17:57:41.724346+00:00
c4a43d3e-d497-4614-a0ad-e9352bb2ea84,completed,2026-06-19 17:57:11.621085+00:00,2026-06-19 17:57:41.788157+00:00
927880b9-f605-453b-b33f-926a4a13a7e5,completed,2026-06-19 17:57:11.805381+00:00,2026-06-19 17:57:41.902445+00:00
64978eed-daf1-451f-9fee-bfb098c54442,completed,2026-06-19 17:57:11.738440+00:00,2026-06-19 17:57:41.923930+00:00
a3553f88-9669-405b-9e21-0b02c85f7813,completed,2026-06-19 17:57:11.825570+00:00,2026-06-19 17:57:41.957927+00:00
4bf49e9a-1fc2-4c88-a639-3b314511fd06,completed,2026-06-19 17:57:11.925670+00:00,2026-06-19 17:57:42.083378+00:00
b0f85228-76f6-4fd3-b0ae-4f34cf53c48d,completed,2026-06-19 17:57:11.986913+00:00,2026-06-19 17:57:42.112476+00:00
34c4e1a5-e3ba-48b9-b93e-07b068e62114,completed,2026-06-19 17:57:11.999077+00:00,2026-06-19 17:57:42.136363+00:00
d15f76e4-057a-4c66-9cb2-53e7c83ebd09,completed,2026-06-19 17:57:12.139692+00:00,2026-06-19 17:57:42.233097+00:00
ebfcb857-a7e2-4aba-9be5-41cdfc8575ee,completed,2026-06-19 17:57:12.164936+00:00,2026-06-19 17:57:42.294611+00:00
2e03284d-7ad7-474a-a941-031bd206bc19,completed,2026-06-19 17:57:12.234070+00:00,2026-06-19 17:57:42.317388+00:00
b62ee352-7c7d-4a93-a2a9-eae85870f4ed,completed,2026-06-19 17:57:12.352158+00:00,2026-06-19 17:57:42.392954+00:00
f9ad7dde-cecb-4041-b588-80bfabfa64eb,completed,2026-06-19 17:57:12.392945+00:00,2026-06-19 17:57:42.492853+00:00
abf3edd5-8740-436b-95f8-a935f16e99af,completed,2026-06-19 17:57:12.386676+00:00,2026-06-19 17:57:42.503662+00:00
3356e113-c6ba-4925-a076-21856289fa64,completed,2026-06-19 17:57:12.543651+00:00,2026-06-19 17:57:42.664327+00:00
8d26cd3b-1885-4e59-b84a-78ed1fb111ef,completed,2026-06-19 17:57:12.585210+00:00,2026-06-19 17:57:42.680123+00:00
0ab672ca-a13e-4045-961e-6f355a78bcda,completed,2026-06-19 17:57:12.639013+00:00,2026-06-19 17:57:42.755540+00:00
5c8f2f45-c494-4a73-94a5-2f50a62ade3f,completed,2026-06-19 17:57:12.784110+00:00,2026-06-19 17:57:42.854801+00:00
2d879d61-fe4a-47f6-9b14-720e80b96503,completed,2026-06-19 17:57:12.835358+00:00,2026-06-19 17:57:42.906349+00:00
4b391548-a10b-423a-bd9d-8ddce2c9a609,completed,2026-06-19 17:57:12.937416+00:00,2026-06-19 17:57:43.057632+00:00
d8a37ac3-3dc7-4ee7-b099-efd9cf003645,completed,2026-06-19 17:57:13.662630+00:00,2026-06-19 17:57:43.793950+00:00
a51a3df0-e1aa-4dc0-ba1c-8ef30bfcbbfb,completed,2026-06-19 17:57:13.108503+00:00,2026-06-19 17:57:43.246136+00:00
01630025-1e62-4ecd-944a-60928279a63b,completed,2026-06-19 17:57:13.215443+00:00,2026-06-19 17:57:43.275408+00:00
b95e3210-df8a-42ad-a0be-186b47597da9,completed,2026-06-19 17:57:13.240955+00:00,2026-06-19 17:57:43.430735+00:00
c16ed9b8-7a7a-41fe-bab3-ccd710b8978d,completed,2026-06-19 17:57:13.442729+00:00,2026-06-19 17:57:43.452146+00:00
d212bd2c-1fab-4f31-ac85-67f7ea8c7595,completed,2026-06-19 17:57:13.487420+00:00,2026-06-19 17:57:43.594160+00:00
c48ee802-b896-4fa4-95ca-2a6803e6e2b7,completed,2026-06-19 17:57:13.460869+00:00,2026-06-19 17:57:43.621645+00:00
fdcb1b22-f4b9-4d41-b50e-58c5776f6010,completed,2026-06-19 17:57:13.615033+00:00,2026-06-19 17:57:43.632100+00:00
a47ff21f-08e4-48b4-8446-f8f46e12327b,completed,2026-06-19 17:57:13.749545+00:00,2026-06-19 17:57:43.782514+00:00
58c4686e-53f5-4719-be2f-a4f462f12e3c,completed,2026-06-19 17:57:13.640537+00:00,2026-06-19 17:57:43.791653+00:00
ebeadf31-d46a-415b-ab98-180126e5a133,completed,2026-06-19 17:57:13.786129+00:00,2026-06-19 17:57:43.936846+00:00
d171aa85-b3a4-4b95-a89d-6c9edc004ec1,completed,2026-06-19 17:57:13.966150+00:00,2026-06-19 17:57:43.997826+00:00
1f0841d2-4315-4d52-b0b0-7899ee39dfbb,completed,2026-06-19 17:57:15.091007+00:00,2026-06-19 17:57:45.161167+00:00
19f573b2-bba7-40e5-b410-162e2da169cd,completed,2026-06-19 17:57:13.987194+00:00,2026-06-19 17:57:44.112192+00:00
216286e6-d1dd-45d9-b2bf-10e3fb1b3b7e,completed,2026-06-19 17:57:14.009802+00:00,2026-06-19 17:57:44.160970+00:00
b6685ec0-1fb0-48d6-b7c6-51f3ddae8372,completed,2026-06-19 17:57:14.134492+00:00,2026-06-19 17:57:44.189517+00:00
a3c55650-9c7b-4d1f-b01d-dad4bebfcd92,completed,2026-06-19 17:57:14.162854+00:00,2026-06-19 17:57:44.283346+00:00
e2ed2ff2-8c70-4752-b5bf-366fcc165d4d,completed,2026-06-19 17:57:14.188095+00:00,2026-06-19 17:57:44.331067+00:00
56087f02-4f2e-4401-95c4-a9ec5463d136,completed,2026-06-19 17:57:14.314848+00:00,2026-06-19 17:57:44.355329+00:00
0161bcc4-ccc2-4539-b19f-a7908941360f,completed,2026-06-19 17:57:14.365068+00:00,2026-06-19 17:57:44.452422+00:00
511df918-82f3-475c-af13-13177a49337d,completed,2026-06-19 17:57:14.388240+00:00,2026-06-19 17:57:44.504097+00:00
6a909a22-79fd-402e-9ddf-b6db71c9d33a,completed,2026-06-19 17:57:14.513802+00:00,2026-06-19 17:57:44.553431+00:00
69b0ecec-3518-455b-aeb9-71d61602c54d,completed,2026-06-19 17:57:14.539614+00:00,2026-06-19 17:57:44.640433+00:00
c7b7c9da-e988-41f4-8267-e013999a7b6b,completed,2026-06-19 17:57:14.711019+00:00,2026-06-19 17:57:44.719074+00:00
356dfafb-1035-4015-90d6-a5e23a409ce9,completed,2026-06-19 17:57:14.733976+00:00,2026-06-19 17:57:44.818623+00:00
bd7a28cb-93ef-44d1-8a32-bc4fc4781fff,completed,2026-06-19 17:57:14.761982+00:00,2026-06-19 17:57:44.868065+00:00
bce4c721-7a40-49b9-86aa-10e293455326,completed,2026-06-19 17:57:14.911680+00:00,2026-06-19 17:57:44.909839+00:00
c64552f0-f447-46b8-a299-b0c4dcce322b,completed,2026-06-19 17:57:14.939457+00:00,2026-06-19 17:57:44.996931+00:00
550e94b5-67ff-4018-a36c-7255cc698d10,completed,2026-06-19 17:57:14.963429+00:00,2026-06-19 17:57:45.029717+00:00
9151a35c-a713-4bf1-a59d-6742721ac352,completed,2026-06-19 17:57:15.061082+00:00,2026-06-19 17:57:45.100155+00:00
4c49f913-1f3f-4c17-87e2-2fdf2e715e42,completed,2026-06-19 17:57:15.933764+00:00,2026-06-19 17:57:45.995665+00:00
a144eae2-c0a7-4864-aaea-8d07306e96b1,completed,2026-06-19 17:57:15.259893+00:00,2026-06-19 17:57:45.338328+00:00
d8030015-1a6a-4513-8a28-db425efb765e,completed,2026-06-19 17:57:15.291094+00:00,2026-06-19 17:57:45.419960+00:00
6340962e-e77c-4c72-b716-cc70267d08c2,completed,2026-06-19 17:57:15.389012+00:00,2026-06-19 17:57:45.466232+00:00
a78f307e-08f7-4763-8ce8-7c699a10b1c2,completed,2026-06-19 17:57:15.443535+00:00,2026-06-19 17:57:45.531828+00:00
30f5fb78-9a00-440a-8da4-4db48ba69bbb,completed,2026-06-19 17:57:15.492384+00:00,2026-06-19 17:57:45.591331+00:00
4cf021e4-3efb-499a-85fd-c05ced3d91ff,completed,2026-06-19 17:57:15.593498+00:00,2026-06-19 17:57:45.635713+00:00
036250d8-b4ec-4897-9c81-f3e8c833d30a,completed,2026-06-19 17:57:15.614345+00:00,2026-06-19 17:57:45.808409+00:00
51377769-d7ba-4a63-94f1-ffbdf490eced,completed,2026-06-19 17:57:15.759472+00:00,2026-06-19 17:57:45.823526+00:00
4076c3b4-29d4-497c-8e88-c18a53ef0a0c,completed,2026-06-19 17:57:15.785067+00:00,2026-06-19 17:57:45.923323+00:00
63702985-e0fd-4883-9282-1eb9f77630ea,completed,2026-06-19 17:57:15.860079+00:00,2026-06-19 17:57:45.987786+00:00
681e3db1-30d0-46c1-b9c7-56c68093ff0f,completed,2026-06-19 17:57:15.985205+00:00,2026-06-19 17:57:46.102323+00:00
aebaa468-58ce-4549-93c6-c69e234b74e4,completed,2026-06-19 17:57:17.158071+00:00,2026-06-19 17:57:47.306791+00:00
1bc5644e-4160-4263-a9dc-4e0655d7289b,completed,2026-06-19 17:57:16.109738+00:00,2026-06-19 17:57:46.180924+00:00
afdf539f-c68c-400b-8a4d-ba3e6cd15ec5,completed,2026-06-19 17:57:16.160264+00:00,2026-06-19 17:57:46.276682+00:00
9a8279d7-c495-4e6a-b20e-5272c3c6f933,completed,2026-06-19 17:57:16.212291+00:00,2026-06-19 17:57:46.355780+00:00
bb473114-0058-40a9-ae61-fd5f6aea48b9,completed,2026-06-19 17:57:16.307632+00:00,2026-06-19 17:57:46.379549+00:00
da2a7026-2a73-4cc4-9295-6b908667a887,completed,2026-06-19 17:57:16.361715+00:00,2026-06-19 17:57:46.445796+00:00
16e6f056-a983-42f0-badb-c8feda9012f4,completed,2026-06-19 17:57:16.383882+00:00,2026-06-19 17:57:46.540702+00:00
06beb2ab-33b4-4d49-a475-6be9e2dff046,completed,2026-06-19 17:57:16.485689+00:00,2026-06-19 17:57:46.568173+00:00
6e02f869-b07e-4d13-8d91-0093cb19fefd,completed,2026-06-19 17:57:16.533134+00:00,2026-06-19 17:57:46.623491+00:00
5d977453-2203-4b71-aa08-53ca72431c23,completed,2026-06-19 17:57:16.560590+00:00,2026-06-19 17:57:46.700168+00:00
ccb1ae01-4d0e-4982-bcc6-9200d73eff4e,completed,2026-06-19 17:57:16.658797+00:00,2026-06-19 17:57:46.791909+00:00
b41fd230-0836-4d15-8ed0-04491bf29087,completed,2026-06-19 17:57:16.735662+00:00,2026-06-19 17:57:46.880191+00:00
70382ec6-0168-447f-a6c9-93879441a5a2,completed,2026-06-19 17:57:16.808417+00:00,2026-06-19 17:57:46.947559+00:00
70e2d81b-29c3-4084-ac15-4a3052ca79a4,completed,2026-06-19 17:57:16.908211+00:00,2026-06-19 17:57:46.995897+00:00
b2aa51cc-5e77-4bb6-8d20-59c764fd2a1a,completed,2026-06-19 17:57:16.936773+00:00,2026-06-19 17:57:47.072642+00:00
ffabb8cb-7cdf-4ee9-8304-f076e3340770,completed,2026-06-19 17:57:17.012083+00:00,2026-06-19 17:57:47.127288+00:00
e77efa2a-53d4-4392-8c03-796ab8afcfa0,completed,2026-06-19 17:57:17.059101+00:00,2026-06-19 17:57:47.204137+00:00
498ab633-9a31-4e5e-a2b9-f38c57423af8,completed,2026-06-19 17:57:17.084839+00:00,2026-06-19 17:57:47.244430+00:00
735be669-7516-4e1d-a991-0e7593b07949,failed,2026-06-19 17:57:17.511847+00:00,2026-06-19 17:57:47.525093+00:00
eaa2330e-412b-45e5-a2a3-14e08abd5c9d,completed,2026-06-19 17:57:17.335371+00:00,2026-06-19 17:57:47.521547+00:00
4f3f296a-bb99-466e-958d-d9293a3148bd,completed,2026-06-19 17:57:19.208384+00:00,2026-06-19 17:57:49.383538+00:00
d752c499-4f9e-4c6f-9f6f-b68fdb25a9c7,completed,2026-06-19 17:57:17.434473+00:00,2026-06-19 17:57:47.579789+00:00
b2637155-6010-4f8b-b219-7cec5457196b,completed,2026-06-19 17:57:17.462193+00:00,2026-06-19 17:57:47.590744+00:00
c4158287-6eb6-49bc-bc63-75dfbaa26ba0,completed,2026-06-19 17:57:17.608824+00:00,2026-06-19 17:57:47.701572+00:00
615b755f-5ae8-4e4b-9579-ca1e90d22eb9,completed,2026-06-19 17:57:17.708456+00:00,2026-06-19 17:57:47.776853+00:00
ab628dae-495e-41f9-acbd-ff66f600b836,completed,2026-06-19 17:57:17.760217+00:00,2026-06-19 17:57:47.868905+00:00
f9756268-2d8a-4f1d-a1d4-735ca04bc276,completed,2026-06-19 17:57:17.809886+00:00,2026-06-19 17:57:47.947647+00:00
580ba143-5cb1-4ce6-8ee7-7e9162eb4bb0,completed,2026-06-19 17:57:17.908752+00:00,2026-06-19 17:57:47.971659+00:00
58bee8e6-14bc-472f-9a99-95ca7307cfeb,completed,2026-06-19 17:57:17.957670+00:00,2026-06-19 17:57:48.035933+00:00
b1bf76c1-8b8d-487a-9d8a-db55597b918b,completed,2026-06-19 17:57:17.983334+00:00,2026-06-19 17:57:48.127706+00:00
40d5a166-a5c7-41d3-a57b-b9868bdc85cd,completed,2026-06-19 17:57:18.086992+00:00,2026-06-19 17:57:48.161336+00:00
82ff1bcc-cd02-4b1e-a787-8ba930755695,completed,2026-06-19 17:57:18.135057+00:00,2026-06-19 17:57:48.199597+00:00
54950e5b-1a9b-4c28-993d-8a1636d53fbf,completed,2026-06-19 17:57:18.160311+00:00,2026-06-19 17:57:48.279495+00:00
552b632f-83b2-41eb-b5fe-6a02eae24790,completed,2026-06-19 17:57:18.308684+00:00,2026-06-19 17:57:48.399969+00:00
d51eae09-7d79-42a8-aed8-298c5729a6b7,completed,2026-06-19 17:57:18.333711+00:00,2026-06-19 17:57:48.443142+00:00
c79a209a-2979-4913-aadb-728eae7f94cf,completed,2026-06-19 17:57:18.460043+00:00,2026-06-19 17:57:48.515301+00:00
06f3a66b-e117-4758-bf69-f07dc6bb0dd0,completed,2026-06-19 17:57:18.496022+00:00,2026-06-19 17:57:48.579135+00:00
1cdbed11-224e-4661-a401-95faf5f122d5,completed,2026-06-19 17:57:18.509519+00:00,2026-06-19 17:57:48.641298+00:00
0459f200-a953-40d7-8f64-7948e4cc8554,completed,2026-06-19 17:57:18.633210+00:00,2026-06-19 17:57:48.711800+00:00
16892933-a963-4a31-afcf-42c03d3cbd91,completed,2026-06-19 17:57:18.663407+00:00,2026-06-19 17:57:48.758383+00:00
c387503a-9c5d-4cf4-a9a5-826e1f3bbc0e,completed,2026-06-19 17:57:18.686994+00:00,2026-06-19 17:57:48.824365+00:00
3189c48e-7e83-4420-babe-b34e70eb42f2,completed,2026-06-19 17:57:18.833451+00:00,2026-06-19 17:57:48.942953+00:00
47d10c46-3f6d-480b-a6e7-54d1cf85917c,completed,2026-06-19 17:57:18.859168+00:00,2026-06-19 17:57:48.989434+00:00
6f78e828-87e6-485f-bacd-731d14435c6f,completed,2026-06-19 17:57:18.985009+00:00,2026-06-19 17:57:49.077527+00:00
66aa30f8-7e97-4ffc-a32b-8c0549ff75e1,completed,2026-06-19 17:57:19.007291+00:00,2026-06-19 17:57:49.106417+00:00
95ae2bfc-d914-4833-94b9-94b3cca26c21,completed,2026-06-19 17:57:19.058177+00:00,2026-06-19 17:57:49.168098+00:00
f652aaea-3f4b-4ff6-b7e9-c1753c804a1d,completed,2026-06-19 17:57:19.133886+00:00,2026-06-19 17:57:49.266074+00:00
6ca9761f-a84f-410b-a195-d5c6132f1358,completed,2026-06-19 17:57:19.181803+00:00,2026-06-19 17:57:49.291354+00:00
93d93bc9-eb15-4d13-b122-bfb302371e8f,completed,2026-06-19 17:57:21.412135+00:00,2026-06-19 17:57:51.481786+00:00
6af5911a-9dba-4c91-be41-1714fdeb0a3a,failed,2026-06-19 17:57:21.060600+00:00,2026-06-19 17:57:51.098219+00:00
a61ce288-e8a0-46b3-896a-ec243c32ff75,completed,2026-06-19 17:57:19.409029+00:00,2026-06-19 17:57:49.582190+00:00
79c55be5-16fc-4332-91ee-d4ccaa2843c4,completed,2026-06-19 17:57:19.512563+00:00,2026-06-19 17:57:49.650853+00:00
4d0c6126-2d31-4b5d-9d21-8050a509a975,completed,2026-06-19 17:57:19.533750+00:00,2026-06-19 17:57:49.678134+00:00
bc86ce8f-182b-4a40-acd9-091c6fdc98f5,completed,2026-06-19 17:57:19.635628+00:00,2026-06-19 17:57:49.766035+00:00
72de8ed6-fd3f-4813-b86b-2b22b6561ad0,completed,2026-06-19 17:57:19.662428+00:00,2026-06-19 17:57:49.824358+00:00
5423f2ac-1a83-4e00-8877-6ccbba4f9a2b,completed,2026-06-19 17:57:19.735036+00:00,2026-06-19 17:57:49.856124+00:00
ffcae437-ae41-43af-9594-ab77c3675275,completed,2026-06-19 17:57:19.837174+00:00,2026-06-19 17:57:50.019896+00:00
662709a0-579f-4fa4-8590-bec8c610716d,completed,2026-06-19 17:57:19.932764+00:00,2026-06-19 17:57:50.058259+00:00
e5c2a724-4a11-4145-b3d2-65fec87228be,completed,2026-06-19 17:57:19.984780+00:00,2026-06-19 17:57:50.124382+00:00
0bdc1181-62a6-4253-8ad7-66f8bb621f96,completed,2026-06-19 17:57:20.040250+00:00,2026-06-19 17:57:50.195886+00:00
532da90b-84c7-4c35-87e2-53ed65fc6ceb,completed,2026-06-19 17:57:20.109653+00:00,2026-06-19 17:57:50.222243+00:00
41632c1e-0c7d-44e7-b279-125d557c54c1,completed,2026-06-19 17:57:20.163982+00:00,2026-06-19 17:57:50.297306+00:00
7787c850-c809-4fdd-a445-988d4e389f2f,completed,2026-06-19 17:57:20.235176+00:00,2026-06-19 17:57:50.369150+00:00
f52dee95-b68b-4641-9b18-d69374ddfb6d,completed,2026-06-19 17:57:20.311135+00:00,2026-06-19 17:57:50.414980+00:00
e565f690-5f75-43b4-99b2-ea4fe7e60f39,completed,2026-06-19 17:57:20.435619+00:00,2026-06-19 17:57:50.545090+00:00
1de342dd-147e-447e-bf9e-6be8529b58bc,completed,2026-06-19 17:57:20.483632+00:00,2026-06-19 17:57:50.579333+00:00
06a22c84-346e-47d8-a276-f0ab16ea3896,completed,2026-06-19 17:57:20.508382+00:00,2026-06-19 17:57:50.663750+00:00
7c5eab33-eb3b-4af5-b8fa-125d2d64964a,completed,2026-06-19 17:57:20.613818+00:00,2026-06-19 17:57:50.721546+00:00
60e82c19-8ec0-428d-804a-df80071980cf,completed,2026-06-19 17:57:20.661108+00:00,2026-06-19 17:57:50.772510+00:00
6ddbefcc-423f-4293-a8d9-8552765e67ba,completed,2026-06-19 17:57:20.685310+00:00,2026-06-19 17:57:50.820951+00:00
8b035e69-7e88-4d22-b481-591066aae6cc,completed,2026-06-19 17:57:20.783596+00:00,2026-06-19 17:57:50.896674+00:00
52f6a0a0-2d01-45a9-aad5-38b4d8ebed4a,completed,2026-06-19 17:57:20.811892+00:00,2026-06-19 17:57:50.956228+00:00
1626281c-7722-4dcf-b5a7-35c0e9567a43,completed,2026-06-19 17:57:20.990779+00:00,2026-06-19 17:57:51.094996+00:00
bb65e537-77f5-40e5-a629-42a08b46776f,completed,2026-06-19 17:57:21.043801+00:00,2026-06-19 17:57:51.139448+00:00
fc071f70-0878-4af8-9717-db6c219a60eb,completed,2026-06-19 17:57:21.065663+00:00,2026-06-19 17:57:51.182080+00:00
95884f4a-644d-4555-a392-554820d529ef,completed,2026-06-19 17:57:21.198954+00:00,2026-06-19 17:57:51.279341+00:00
fd7c7a51-82e3-4524-81c3-cdbabfa503de,completed,2026-06-19 17:57:21.213986+00:00,2026-06-19 17:57:51.314957+00:00
ca7b0c0c-7846-4f2a-9b23-7ee7f3d43d73,completed,2026-06-19 17:57:21.334892+00:00,2026-06-19 17:57:51.368238+00:00
dd1800ae-4ba9-40d6-afaf-c1703d1f9031,completed,2026-06-19 17:57:22.363871+00:00,2026-06-19 17:57:52.470752+00:00
330561c4-067f-4ccc-89e2-c2405fd1bddb,completed,2026-06-19 17:57:22.260616+00:00,2026-06-19 17:57:52.289785+00:00
d1133506-23d7-477e-a663-784c88838a51,completed,2026-06-19 17:57:21.544328+00:00,2026-06-19 17:57:51.674195+00:00
145c1af3-6d76-4696-8815-452340ab905a,completed,2026-06-19 17:57:21.583889+00:00,2026-06-19 17:57:51.681125+00:00
fafd1d88-5420-436a-be1e-d8bb0fd6f6ce,completed,2026-06-19 17:57:21.725022+00:00,2026-06-19 17:57:51.728376+00:00
6b99230e-2947-4fef-b691-0070e4df3819,completed,2026-06-19 17:57:21.770677+00:00,2026-06-19 17:57:51.868618+00:00
6c2358c1-3c53-4539-b4e3-25b6c6c672e9,completed,2026-06-19 17:57:21.742560+00:00,2026-06-19 17:57:51.882769+00:00
d37316ae-8267-4ab9-a297-f87d9431a2cd,completed,2026-06-19 17:57:21.867331+00:00,2026-06-19 17:57:51.894943+00:00
63f994f2-577c-4ae3-8200-e269820b266a,completed,2026-06-19 17:57:22.064547+00:00,2026-06-19 17:57:52.091805+00:00
f1156a99-0a45-433c-98cc-ba2a6ceabf36,completed,2026-06-19 17:57:22.137242+00:00,2026-06-19 17:57:52.196968+00:00
00956d7d-76d3-4f34-9bb9-6abf7cc9b6b6,completed,2026-06-19 17:57:22.169109+00:00,2026-06-19 17:57:52.285998+00:00
366bb593-f4aa-4696-9588-f0be785451dc,completed,2026-06-19 17:57:22.335321+00:00,2026-06-19 17:57:52.383219+00:00
3886fecd-b5cf-444b-98ac-3c2b60a85b5c,completed,2026-06-19 17:57:22.464512+00:00,2026-06-19 17:57:52.466791+00:00
b46a3c27-02a6-4ac8-b432-e7b844afd290,completed,2026-06-19 17:57:23.559614+00:00,2026-06-19 17:57:53.630322+00:00
c6b75329-7f5e-44da-9af0-f24cdd14b1f7,completed,2026-06-19 17:57:22.512867+00:00,2026-06-19 17:57:52.602797+00:00
c95aec1d-51e3-4727-80b0-887864b535cf,completed,2026-06-19 17:57:22.538849+00:00,2026-06-19 17:57:52.653358+00:00
e0e139cd-8c82-4583-ac1d-a08d7d302475,completed,2026-06-19 17:57:22.661419+00:00,2026-06-19 17:57:52.676418+00:00
4cb7d797-910d-4656-8758-7c488bff619e,completed,2026-06-19 17:57:22.712901+00:00,2026-06-19 17:57:52.780732+00:00
f18f758c-c475-45b2-b74f-a20553a9b75d,completed,2026-06-19 17:57:22.736314+00:00,2026-06-19 17:57:52.824392+00:00
55401f0c-d66b-4189-aa00-9543610f4d32,completed,2026-06-19 17:57:22.842558+00:00,2026-06-19 17:57:52.854109+00:00
0bd235de-58dd-4953-94d5-6f7446697a25,completed,2026-06-19 17:57:22.883426+00:00,2026-06-19 17:57:52.957406+00:00
de98a89f-633a-4052-979d-a21d9f04e75e,completed,2026-06-19 17:57:22.938494+00:00,2026-06-19 17:57:53.027795+00:00
e9f148e3-35b1-4948-8a3c-80d9a121affd,completed,2026-06-19 17:57:23.036507+00:00,2026-06-19 17:57:53.063803+00:00
ec36dc0f-20e1-44e4-a854-997f887728fb,completed,2026-06-19 17:57:23.119111+00:00,2026-06-19 17:57:53.208385+00:00
428e8cae-7727-41f3-9b0f-252a4af19406,completed,2026-06-19 17:57:23.217993+00:00,2026-06-19 17:57:53.259158+00:00
a290caeb-6a02-4e59-b5ca-db4304fce57c,completed,2026-06-19 17:57:23.270585+00:00,2026-06-19 17:57:53.306711+00:00
0d42f1fd-edc1-4514-ba84-fd630984ab1c,completed,2026-06-19 17:57:23.312181+00:00,2026-06-19 17:57:53.388235+00:00
5724c3b0-875b-4ac2-8e7e-2094b6ab804a,completed,2026-06-19 17:57:23.389332+00:00,2026-06-19 17:57:53.435159+00:00
3e753d00-f08b-40c7-9340-ce14bc147a9c,completed,2026-06-19 17:57:23.434205+00:00,2026-06-19 17:57:53.524953+00:00
279e3e02-5905-4b76-aabb-ebe2e60a61ea,completed,2026-06-19 17:57:23.513528+00:00,2026-06-19 17:57:53.565743+00:00
b6bf252a-2dde-4dce-9220-36dde26a444c,failed,2026-06-19 17:57:25.612266+00:00,2026-06-19 17:57:55.624680+00:00
3bf1cede-2f80-4fdc-ad27-5067656937b4,failed,2026-06-19 17:57:25.239006+00:00,2026-06-19 17:57:55.249630+00:00
22781c3d-8b94-48f1-a6a6-ca93f10ca943,completed,2026-06-19 17:57:23.789654+00:00,2026-06-19 17:57:53.815635+00:00
60ba38e5-a199-4d6c-9026-29a297360569,completed,2026-06-19 17:57:23.807065+00:00,2026-06-19 17:57:53.903992+00:00
148ab3fc-f705-4190-a05c-2d7f1179d2c2,completed,2026-06-19 17:57:23.841067+00:00,2026-06-19 17:57:53.980408+00:00
4373ade2-73af-44e5-bdda-9979363a4b2b,completed,2026-06-19 17:57:23.959446+00:00,2026-06-19 17:57:54.029219+00:00
a90d991d-52ab-4d2e-b766-d034db67299b,completed,2026-06-19 17:57:23.986119+00:00,2026-06-19 17:57:54.124604+00:00
5fe7cb35-18e0-4821-89b6-5292c3b57cb1,completed,2026-06-19 17:57:24.042619+00:00,2026-06-19 17:57:54.206466+00:00
d8a7790f-9bc7-492d-89cd-924f7b2f5fa3,completed,2026-06-19 17:57:24.146380+00:00,2026-06-19 17:57:54.264096+00:00
2dea25c6-2340-4a4a-ac5e-15a0240df3de,completed,2026-06-19 17:57:24.161102+00:00,2026-06-19 17:57:54.341502+00:00
97c5e1a3-0929-47d4-a3c7-f65351b28f42,completed,2026-06-19 17:57:24.335076+00:00,2026-06-19 17:57:54.419194+00:00
cfdc149a-7cf6-4988-afed-c8c21d0625b8,completed,2026-06-19 17:57:24.358568+00:00,2026-06-19 17:57:54.466073+00:00
b5e9f5f3-dc8d-434d-8fdf-edfd4962c5e8,completed,2026-06-19 17:57:24.384935+00:00,2026-06-19 17:57:54.528064+00:00
59bce8d4-03b8-4cdf-b51e-2072a54b4d0f,completed,2026-06-19 17:57:24.483646+00:00,2026-06-19 17:57:54.600695+00:00
3d2eb936-7e9c-4bed-b202-fae752244d73,completed,2026-06-19 17:57:24.583970+00:00,2026-06-19 17:57:54.681766+00:00
bf1b4a03-6916-46b6-9751-2ef03acfddab,completed,2026-06-19 17:57:24.509096+00:00,2026-06-19 17:57:54.699898+00:00
92f1e343-472d-4abd-97b0-9729e7570f11,completed,2026-06-19 17:57:24.684713+00:00,2026-06-19 17:57:54.872769+00:00
17c4f09b-f77b-4485-bd96-7f24955c12a9,completed,2026-06-19 17:57:24.786972+00:00,2026-06-19 17:57:54.889586+00:00
3bb2cb9f-5088-4e58-b746-6462439ff801,completed,2026-06-19 17:57:24.860218+00:00,2026-06-19 17:57:55.002453+00:00
afa012af-b186-4f8c-adcb-d32a1268da44,completed,2026-06-19 17:57:24.883992+00:00,2026-06-19 17:57:55.059130+00:00
3b8e1e70-ce48-4501-b241-b918a25b0941,completed,2026-06-19 17:57:24.936090+00:00,2026-06-19 17:57:55.086131+00:00
f7046f7f-8ad1-47f5-9d8b-bcda5b605a4c,completed,2026-06-19 17:57:25.033634+00:00,2026-06-19 17:57:55.183135+00:00
d1d9d3d7-37d2-40b7-a5f6-e29a5e972814,completed,2026-06-19 17:57:25.062265+00:00,2026-06-19 17:57:55.244496+00:00
fcaf083c-b2cd-4832-996c-09166c641498,completed,2026-06-19 17:57:25.604476+00:00,2026-06-19 17:57:55.753191+00:00
cc02bbfa-2074-4f68-932a-eca8e616af46,completed,2026-06-19 17:57:25.209737+00:00,2026-06-19 17:57:55.375598+00:00
d425a770-96fc-45f1-91e7-5cfc1db15661,completed,2026-06-19 17:57:25.310097+00:00,2026-06-19 17:57:55.445131+00:00
cac52731-7f70-4cce-be69-c3ea1b42e577,completed,2026-06-19 17:57:25.384763+00:00,2026-06-19 17:57:55.450980+00:00
3ca3c0df-b613-4903-9a29-bcf37dc8e941,completed,2026-06-19 17:57:25.433279+00:00,2026-06-19 17:57:55.579667+00:00
269b9978-59ee-4673-a106-073df8282beb,completed,2026-06-19 17:57:25.559318+00:00,2026-06-19 17:57:55.620563+00:00
624b439a-b9e1-4bfb-84b9-379cde2b80f0,completed,2026-06-19 17:57:25.462170+00:00,2026-06-19 17:57:55.648780+00:00
88fbd451-4d78-42af-9a07-88f7060dfe36,completed,2026-06-19 17:56:56.358443+00:00,2026-06-19 17:57:24.311127+00:00
4ca4c73f-faeb-440a-8dac-705b35978ca2,completed,2026-06-19 17:56:56.436897+00:00,2026-06-19 17:57:24.463543+00:00
b8eb6952-50b9-4c7e-9e7b-e7b1ce7c58e8,completed,2026-06-19 17:56:56.493342+00:00,2026-06-19 17:57:24.654650+00:00
d1aa3b4b-c007-4954-8da7-86a952490abf,completed,2026-06-19 17:56:56.602455+00:00,2026-06-19 17:57:24.851636+00:00
7c1d7c3d-d4e6-4f86-9363-51e917ad65d8,completed,2026-06-19 17:56:56.683408+00:00,2026-06-19 17:57:25.023947+00:00
e149dd03-7188-4833-b710-5ece3576f31a,completed,2026-06-19 17:56:56.740131+00:00,2026-06-19 17:57:25.184396+00:00
fec6b39c-9fb0-4c73-bcea-8f3efa564484,completed,2026-06-19 17:56:56.816819+00:00,2026-06-19 17:57:25.372781+00:00
7073a67a-67ce-4143-96fd-810e72c127e7,completed,2026-06-19 17:56:57.066464+00:00,2026-06-19 17:57:25.895643+00:00
1d41c7bd-ea8a-4397-add6-7d8dcdd30bbd,completed,2026-06-19 17:56:57.324240+00:00,2026-06-19 17:57:26.432599+00:00
e2d8c822-c82b-4f3a-a70d-ae82ad16e196,completed,2026-06-19 17:56:57.544203+00:00,2026-06-19 17:57:26.989516+00:00
ad701dc1-7786-43f7-97dd-b0ba4a46a451,completed,2026-06-19 17:56:58.024491+00:00,2026-06-19 17:57:28.038078+00:00
5d9d7117-9821-434c-80ae-ab1750118aa5,completed,2026-06-19 17:56:58.102757+00:00,2026-06-19 17:57:28.240033+00:00
2b28a013-017c-4d47-85b3-72f8b0245284,failed,2026-06-19 17:56:58.395962+00:00,2026-06-19 17:57:28.445698+00:00
d1cf5d12-df05-4a1f-9e4d-e5eceb4d01a2,failed,2026-06-19 17:56:58.420726+00:00,2026-06-19 17:57:28.449392+00:00
e98894df-11e0-4ca6-8a52-58cc9b4142a5,completed,2026-06-19 17:56:58.683710+00:00,2026-06-19 17:57:28.818198+00:00
d6c8655a-da49-4b0b-8c3a-bd3102c25773,failed,2026-06-19 17:56:58.950804+00:00,2026-06-19 17:57:29.002799+00:00
4f79896b-51f2-4f69-9470-a3893f34c2b9,failed,2026-06-19 17:56:59.443904+00:00,2026-06-19 17:57:29.541767+00:00
c3bfa3a7-f0af-480e-a981-5d97eb683102,failed,2026-06-19 17:56:59.706498+00:00,2026-06-19 17:57:29.738816+00:00
e367f8b5-64ae-41f8-83c7-694b816981d0,completed,2026-06-19 17:57:00.531372+00:00,2026-06-19 17:57:30.661558+00:00
9fca4435-5334-4022-abdb-e1626c5bb158,failed,2026-06-19 17:57:01.379359+00:00,2026-06-19 17:57:31.461165+00:00
7bb44d8c-7750-4c88-8f90-ab08c68d038a,failed,2026-06-19 17:57:01.603845+00:00,2026-06-19 17:57:31.653173+00:00
b53578e9-7c49-4394-83f1-6dd9093fb7ba,failed,2026-06-19 17:57:01.779818+00:00,2026-06-19 17:57:31.815164+00:00
c3ce6b99-41f0-41fb-b88a-e0186c7d98d5,failed,2026-06-19 17:57:01.932568+00:00,2026-06-19 17:57:32.017845+00:00
82cc60ac-856b-4750-840a-b38a6952bc9f,completed,2026-06-19 17:57:02.035915+00:00,2026-06-19 17:57:32.181321+00:00
ecf37cec-81c8-4d54-86fc-876cb8318a78,failed,2026-06-19 17:57:02.459550+00:00,2026-06-19 17:57:32.576650+00:00
ab9d5410-7be8-46d2-a8cd-0f415e36263a,completed,2026-06-19 17:57:04.562646+00:00,2026-06-19 17:57:34.673491+00:00
e2262b52-ac51-46c1-989b-2822965663bc,completed,2026-06-19 17:57:06.590228+00:00,2026-06-19 17:57:36.697151+00:00
8d29e3fd-c5b5-455e-a0ed-9563fd7f1332,completed,2026-06-19 17:57:07.386677+00:00,2026-06-19 17:57:37.564890+00:00
c11a9479-bdec-450f-87d8-3a2d026b3ef8,completed,2026-06-19 17:57:07.763028+00:00,2026-06-19 17:57:37.915469+00:00
aa8e5078-fed1-44bd-bbd3-94dcd755fbf3,completed,2026-06-19 17:57:08.760244+00:00,2026-06-19 17:57:38.855404+00:00
6412dfc2-a4e5-446a-86c7-f957ac62639e,completed,2026-06-19 17:56:56.626539+00:00,2026-06-19 17:57:24.931936+00:00
e2ee44db-1a43-461a-b7ad-8055bb05a61f,completed,2026-06-19 17:56:56.709864+00:00,2026-06-19 17:57:25.111868+00:00
5189df4a-eeb6-47f6-854b-b4aa0388807e,completed,2026-06-19 17:56:57.757268+00:00,2026-06-19 17:57:27.403368+00:00
7515a685-c0db-4c3e-b7d4-4c4bee451af3,completed,2026-06-19 17:56:57.810921+00:00,2026-06-19 17:57:27.567809+00:00
b781e9ca-9a40-4c81-9368-55f9ad384ebd,completed,2026-06-19 17:56:58.049179+00:00,2026-06-19 17:57:28.089497+00:00
392ab54c-b941-4480-bf27-2cd4ca2df9b1,completed,2026-06-19 17:56:58.127816+00:00,2026-06-19 17:57:28.299330+00:00
916a46d8-cf9b-4f15-a5a2-9e14f02d79ac,completed,2026-06-19 17:56:59.087136+00:00,2026-06-19 17:57:29.201603+00:00
5580c377-cfe6-49ab-b351-43a83d30bea9,completed,2026-06-19 17:56:59.811442+00:00,2026-06-19 17:57:29.941844+00:00
b4cf7026-8986-46ad-bce0-5c9175e9c55f,completed,2026-06-19 17:57:00.135626+00:00,2026-06-19 17:57:30.298519+00:00
ab7fda44-f5cf-4489-afe5-10786cfb9e0d,completed,2026-06-19 17:57:00.327170+00:00,2026-06-19 17:57:30.491974+00:00
599df738-49d1-4c3d-a423-00b31b260f83,completed,2026-06-19 17:57:00.712174+00:00,2026-06-19 17:57:30.855453+00:00
becd1ca9-09cc-424d-b196-25dd7d1fa5c3,completed,2026-06-19 17:57:00.889136+00:00,2026-06-19 17:57:31.028539+00:00
e11d3f3c-e518-44e7-9924-9140153a00cc,completed,2026-06-19 17:57:01.069025+00:00,2026-06-19 17:57:31.224979+00:00
28823bd6-c61c-42fa-8dc5-396f5ba28e2d,failed,2026-06-19 17:57:01.169877+00:00,2026-06-19 17:57:31.229565+00:00
a125bcce-b4fb-47c9-b802-3457701fa4e5,completed,2026-06-19 17:57:02.410740+00:00,2026-06-19 17:57:32.583284+00:00
cec6d880-ec34-4ae9-9ade-ec612dad7d83,completed,2026-06-19 17:57:03.384356+00:00,2026-06-19 17:57:33.502738+00:00
addb2612-ba51-44f8-b0e0-befb1de3ea6e,completed,2026-06-19 17:57:03.888813+00:00,2026-06-19 17:57:34.006529+00:00
457d5791-f28a-4fbb-819b-624fff983490,completed,2026-06-19 17:57:05.012040+00:00,2026-06-19 17:57:35.070312+00:00
ba168b9b-183c-43e5-a3f0-729fada02a58,completed,2026-06-19 17:57:05.888677+00:00,2026-06-19 17:57:35.982891+00:00
f1d8329a-0be6-46fd-ad7d-7ca7a06c1f8d,completed,2026-06-19 17:57:06.611535+00:00,2026-06-19 17:57:36.738820+00:00
4f128d76-091d-4a00-b543-3d962d3c6abb,completed,2026-06-19 17:57:09.110347+00:00,2026-06-19 17:57:39.224234+00:00
df4d4cc7-a338-494f-a7aa-218ea765264a,completed,2026-06-19 17:57:09.887326+00:00,2026-06-19 17:57:39.900621+00:00
02d8544b-8c3b-4f68-a7dc-ad94bfd5aef6,completed,2026-06-19 17:57:10.887507+00:00,2026-06-19 17:57:41.019906+00:00
f79bdd9b-672f-4767-a918-8cb1a981097c,completed,2026-06-19 17:57:12.712457+00:00,2026-06-19 17:57:42.855512+00:00
cf3547c2-eda7-49fd-9d71-4c3e78e49d62,failed,2026-06-19 17:57:27.084928+00:00,2026-06-19 17:57:57.091389+00:00
486b5a56-1d8f-4bb1-9bbd-b40b3b2964e7,completed,2026-06-19 17:57:27.736122+00:00,2026-06-19 17:57:57.832382+00:00
37247f0a-e92a-489b-9296-9579f2b873a6,failed,2026-06-19 17:57:27.785844+00:00,2026-06-19 17:57:57.803994+00:00
8fb547c1-b784-4a70-8234-6cd8d4a99971,completed,2026-06-19 17:57:25.813251+00:00,2026-06-19 17:57:55.939796+00:00
e49cac99-373c-4d48-ba39-18d0b667fcc2,completed,2026-06-19 17:57:25.910990+00:00,2026-06-19 17:57:55.998774+00:00
90678879-6c8e-43d6-8e81-bc90085dab09,completed,2026-06-19 17:57:25.964391+00:00,2026-06-19 17:57:56.044886+00:00
14cc3670-7b08-449c-8dd9-a9b9af2af949,completed,2026-06-19 17:57:25.997666+00:00,2026-06-19 17:57:56.128123+00:00
bb5664c3-eedb-4f47-9449-9bd364d542e8,completed,2026-06-19 17:57:26.084239+00:00,2026-06-19 17:57:56.196097+00:00
750d2256-7c83-4950-9b37-3c16e6efc189,completed,2026-06-19 17:57:26.133990+00:00,2026-06-19 17:57:56.238203+00:00
73fd4f92-8574-44c0-aa82-e20701d2b296,completed,2026-06-19 17:57:26.262624+00:00,2026-06-19 17:57:56.392469+00:00
9f44e115-3332-45fc-866f-26b29cf0d90a,completed,2026-06-19 17:57:26.338514+00:00,2026-06-19 17:57:56.433845+00:00
5e857369-9236-474e-9c07-678f219d7915,completed,2026-06-19 17:57:26.357773+00:00,2026-06-19 17:57:56.497830+00:00
585d6964-2a06-41b1-8952-9c3c176b6648,completed,2026-06-19 17:57:26.459031+00:00,2026-06-19 17:57:56.561627+00:00
553b2e64-a2df-4375-9d1c-9eb1ceab03eb,completed,2026-06-19 17:57:26.508845+00:00,2026-06-19 17:57:56.651888+00:00
9c7a4b0d-ecc4-4200-8577-fcf5a6be8faf,completed,2026-06-19 17:57:26.534201+00:00,2026-06-19 17:57:56.686325+00:00
22788f64-85af-48da-9f85-3e06a403265c,completed,2026-06-19 17:57:26.616468+00:00,2026-06-19 17:57:56.767807+00:00
54789049-e0bd-44fa-9747-f3f6bc1a20db,completed,2026-06-19 17:57:26.686497+00:00,2026-06-19 17:57:56.857674+00:00
f143de93-5aee-406f-9c37-43b810c16060,completed,2026-06-19 17:57:26.817512+00:00,2026-06-19 17:57:56.931862+00:00
36b0c188-a950-4e76-92f5-f2b3d4e7567c,completed,2026-06-19 17:57:26.867039+00:00,2026-06-19 17:57:57.030422+00:00
77dd0bf6-c312-4d28-8a4b-970eec2b8b05,completed,2026-06-19 17:57:26.917854+00:00,2026-06-19 17:57:57.087256+00:00
78a5372a-8a68-4b29-9833-1dcb4db1eb1f,completed,2026-06-19 17:57:27.009907+00:00,2026-06-19 17:57:57.142044+00:00
98ff7681-244e-451e-abb7-19476a6603dc,completed,2026-06-19 17:57:27.060357+00:00,2026-06-19 17:57:57.234160+00:00
a8d1a779-0966-4b24-bfff-2a21915c59f0,completed,2026-06-19 17:57:27.187794+00:00,2026-06-19 17:57:57.270207+00:00
bfb0d3f4-0152-4cc8-89c9-27bec339274b,completed,2026-06-19 17:57:27.237678+00:00,2026-06-19 17:57:57.314844+00:00
a8a44bea-8d70-4711-900a-639435f9747c,completed,2026-06-19 17:57:27.335231+00:00,2026-06-19 17:57:57.459708+00:00
e3d6a7a9-96a2-4a49-ad3d-fa2788ec19a8,completed,2026-06-19 17:57:27.411158+00:00,2026-06-19 17:57:57.476659+00:00
ae839ff8-b2d7-4a0d-878b-594edf3d93ef,completed,2026-06-19 17:57:27.434022+00:00,2026-06-19 17:57:57.610880+00:00
7aba33a4-cc6c-4701-a61a-1855cfebf84d,completed,2026-06-19 17:57:27.587689+00:00,2026-06-19 17:57:57.639487+00:00
f0f145c6-f9a5-486c-baf8-d1f1f63c54d0,completed,2026-06-19 17:57:27.616032+00:00,2026-06-19 17:57:57.799988+00:00
a4fa3de0-8198-4906-9de9-e6fd8ef2e7b6,completed,2026-06-19 17:57:27.713850+00:00,2026-06-19 17:57:57.809977+00:00
f2743d54-8977-48c7-9206-70ae5d43ac93,failed,2026-06-19 17:57:28.309191+00:00,2026-06-19 17:57:58.347925+00:00
f4c53290-7c61-4395-8c9f-e851e9e95d81,completed,2026-06-19 17:57:28.059499+00:00,2026-06-19 17:57:58.176435+00:00
47a65b3a-ff65-4cc5-aac7-0fd0333420c0,completed,2026-06-19 17:57:27.935973+00:00,2026-06-19 17:57:57.992778+00:00
544497b6-2921-4852-8e8d-7c177fd10e7c,failed,2026-06-19 17:57:28.956167+00:00,2026-06-19 17:57:58.962363+00:00
4c03c4cd-845f-41e9-bcb1-75b5b4e50a78,completed,2026-06-19 17:57:28.113677+00:00,2026-06-19 17:57:58.174226+00:00
5ed29786-34da-49bb-a8fe-66e5c69a9ac3,failed,2026-06-19 17:57:28.484766+00:00,2026-06-19 17:57:58.531578+00:00
62f28153-ae6a-4eda-9537-52c194fe4803,completed,2026-06-19 17:57:28.137747+00:00,2026-06-19 17:57:58.207571+00:00
941d3916-000d-466c-9268-045c76322d53,completed,2026-06-19 17:57:28.245538+00:00,2026-06-19 17:57:58.343476+00:00
233fdcea-0039-4154-8404-ec44ea685879,completed,2026-06-19 17:57:28.260585+00:00,2026-06-19 17:57:58.344594+00:00
cc83e087-8ef7-41fe-99c9-fef274f973bf,failed,2026-06-19 17:57:28.709261+00:00,2026-06-19 17:57:58.723141+00:00
c47966ec-0a4e-426a-8728-0443b0f495d5,completed,2026-06-19 17:57:28.284180+00:00,2026-06-19 17:57:58.411470+00:00
89845492-53dc-4c06-9b6a-78395670e96d,completed,2026-06-19 17:57:28.375184+00:00,2026-06-19 17:57:58.527751+00:00
92dcbf23-ee47-4fb0-8f5f-b8321b4bd437,failed,2026-06-19 17:57:28.509820+00:00,2026-06-19 17:57:58.534356+00:00
2e26f714-c394-4ec7-b747-e4d4ea02d96a,failed,2026-06-19 17:57:28.534707+00:00,2026-06-19 17:57:58.538748+00:00
ab71f731-6233-4f54-b0fe-e48773294ac6,completed,2026-06-19 17:57:28.384245+00:00,2026-06-19 17:57:58.542764+00:00
0420b9cc-b0e6-4068-ab61-31c203d25902,failed,2026-06-19 17:57:28.634938+00:00,2026-06-19 17:57:58.713746+00:00
23f20346-0f34-4ead-860c-5b21f29c09af,completed,2026-06-19 17:57:28.458642+00:00,2026-06-19 17:57:58.581866+00:00
25d3b00a-8385-4f7d-8c42-8336aa9df574,completed,2026-06-19 17:57:28.562774+00:00,2026-06-19 17:57:58.708408+00:00
7f1fbc11-e5c9-461f-a666-d93b18015451,failed,2026-06-19 17:57:28.659690+00:00,2026-06-19 17:57:58.716944+00:00
82f944cc-a095-42ee-a013-d078569985a4,completed,2026-06-19 17:57:28.585886+00:00,2026-06-19 17:57:58.719786+00:00
1bd97ee9-0dab-4f21-97d7-f1fb6d5f712d,failed,2026-06-19 17:57:28.809799+00:00,2026-06-19 17:57:58.900064+00:00
0a9461b7-7523-4472-b13e-4a3423566ab2,completed,2026-06-19 17:57:28.939040+00:00,2026-06-19 17:57:59.088127+00:00
756edc55-a2f4-48e1-ac63-d5dd0d230cfb,completed,2026-06-19 17:57:28.611234+00:00,2026-06-19 17:57:58.764346+00:00
e8ead564-8646-436c-9f35-cdafee5574a4,completed,2026-06-19 17:57:28.743080+00:00,2026-06-19 17:57:58.896270+00:00
df5aac52-3edc-4c3c-a544-1244609a159c,failed,2026-06-19 17:57:28.834259+00:00,2026-06-19 17:57:58.903306+00:00
c01c7c79-582c-4e55-b6f6-c590c07c40f4,failed,2026-06-19 17:57:28.859378+00:00,2026-06-19 17:57:58.906304+00:00
aa34a6a0-133d-4ea5-b736-55707bc43eaf,failed,2026-06-19 17:57:28.888262+00:00,2026-06-19 17:57:58.911522+00:00
d0350567-936e-4905-8c9e-f3c7fdb3ed79,completed,2026-06-19 17:57:29.009212+00:00,2026-06-19 17:57:59.163253+00:00
751dc171-1c32-4cd2-86c4-d2a593463559,completed,2026-06-19 17:57:28.785550+00:00,2026-06-19 17:57:58.958824+00:00
a51d0f97-64d3-407d-a87b-3bb711d638ab,completed,2026-06-19 17:57:28.913154+00:00,2026-06-19 17:57:59.078006+00:00
24695b87-49c5-478c-928d-cfe11b74976c,failed,2026-06-19 17:57:29.073584+00:00,2026-06-19 17:57:59.084177+00:00
9903528d-3e9b-40cb-a3cc-f3be90c68c11,failed,2026-06-19 17:57:29.409776+00:00,2026-06-19 17:57:59.467847+00:00
19a2c102-084e-4a4f-b23d-c12070de9200,failed,2026-06-19 17:57:29.209602+00:00,2026-06-19 17:57:59.270806+00:00
9e6f9efd-a377-4992-8f15-bf382937f5fa,failed,2026-06-19 17:57:29.136984+00:00,2026-06-19 17:57:59.168787+00:00
07462493-e5d2-4fc5-8121-99ebf0dd0780,failed,2026-06-19 17:57:29.159459+00:00,2026-06-19 17:57:59.171942+00:00
240330f1-ed85-4c3c-abe2-236f9dbbfd59,failed,2026-06-19 17:57:29.359975+00:00,2026-06-19 17:57:59.372057+00:00
5655f5a9-d3d1-45e1-b87b-85fb1e2c8054,completed,2026-06-19 17:57:29.114016+00:00,2026-06-19 17:57:59.266440+00:00
78ba3220-c3f6-4d26-864e-42fd4e4128cc,failed,2026-06-19 17:57:29.233937+00:00,2026-06-19 17:57:59.274409+00:00
20e7b0a4-d5f4-4fad-b849-792ba3f20477,failed,2026-06-19 17:57:29.433881+00:00,2026-06-19 17:57:59.469506+00:00
16435acf-5d1b-4992-b1cc-c81e7c72c0b2,completed,2026-06-19 17:57:29.086566+00:00,2026-06-19 17:57:59.288622+00:00
61855fc3-8fcb-49bf-8c7e-709396845576,completed,2026-06-19 17:57:29.184694+00:00,2026-06-19 17:57:59.368152+00:00
db7539c9-c6ee-498f-8c1b-da77ad955866,failed,2026-06-19 17:57:29.711737+00:00,2026-06-19 17:57:59.721766+00:00
366e5760-de9f-49f8-a921-52d75ed2a0aa,completed,2026-06-19 17:57:29.285587+00:00,2026-06-19 17:57:59.464420+00:00
08b9dd96-8490-48e4-96dc-d6d789672f73,failed,2026-06-19 17:57:29.461437+00:00,2026-06-19 17:57:59.470921+00:00
ef369c34-6d95-42ca-8894-be62a1f29919,failed,2026-06-19 17:57:29.610816+00:00,2026-06-19 17:57:59.650212+00:00
d47bbb31-6796-4fe0-b895-4ea10f3d9660,failed,2026-06-19 17:57:29.585829+00:00,2026-06-19 17:57:59.647243+00:00
d53b3ba5-541b-44f3-be35-d1b477acbab5,completed,2026-06-19 17:57:29.387607+00:00,2026-06-19 17:57:59.538201+00:00
27237286-9e08-4e72-b695-4d79dcac9f55,completed,2026-06-19 17:57:29.512622+00:00,2026-06-19 17:57:59.643557+00:00
e5807a10-bf5b-42e9-b701-9a6d1e50bf77,completed,2026-06-19 17:57:29.490546+00:00,2026-06-19 17:57:59.648719+00:00
04d258d6-8525-49b5-a778-466d7b0cf155,failed,2026-06-19 17:57:29.936245+00:00,2026-06-19 17:57:59.999672+00:00
8c541bfa-f1d4-4455-b59a-9226bb55b90c,failed,2026-06-19 17:57:29.760881+00:00,2026-06-19 17:57:59.812391+00:00
1d7a2b0c-55af-4235-9045-b2f53b94ee72,completed,2026-06-19 17:57:29.562129+00:00,2026-06-19 17:57:59.718897+00:00
aaa88382-4538-4a3d-a33f-f72088831043,failed,2026-06-19 17:57:29.885021+00:00,2026-06-19 17:57:59.907715+00:00
7e1428cd-a94c-4647-a635-6138f32138e2,completed,2026-06-19 17:57:29.689794+00:00,2026-06-19 17:57:59.808215+00:00
7d5e037e-87e2-467a-8c7d-cec8cec4b4ce,failed,2026-06-19 17:57:29.784571+00:00,2026-06-19 17:57:59.815651+00:00
2f2fd90b-991c-4bcc-814d-f01939ca8ff8,failed,2026-06-19 17:57:29.811426+00:00,2026-06-19 17:57:59.818543+00:00
c570de06-f74c-4072-820f-d288d45a0c4a,completed,2026-06-19 17:57:29.660016+00:00,2026-06-19 17:57:59.827795+00:00
c26c4e05-ba6f-4e37-b27c-5458092c4d5b,completed,2026-06-19 17:57:29.736597+00:00,2026-06-19 17:57:59.904391+00:00
f0977814-734e-4b1d-aebe-1aa7f856be9d,completed,2026-06-19 17:57:29.859927+00:00,2026-06-19 17:57:59.996844+00:00
76b7e14b-1e10-44d7-9194-d472b847e01b,completed,2026-06-19 17:57:29.835843+00:00,2026-06-19 17:58:00.014933+00:00
51413a9b-3c8d-4457-a76a-2a3af966842c,failed,2026-06-19 17:57:29.985428+00:00,2026-06-19 17:58:00.004970+00:00
1b650ba8-5297-42d7-beae-d232f2fc4450,failed,2026-06-19 17:57:30.159452+00:00,2026-06-19 17:58:00.178003+00:00
2449348c-8115-48ab-ae19-2ba415c8a928,failed,2026-06-19 17:57:30.559503+00:00,2026-06-19 17:58:00.565184+00:00
144987e5-fc84-48ae-8c3d-cc815f5b3188,failed,2026-06-19 17:57:30.060354+00:00,2026-06-19 17:58:00.120231+00:00
5be443e5-2949-402a-aaa3-2ef54a7a113a,failed,2026-06-19 17:57:30.084677+00:00,2026-06-19 17:58:00.123028+00:00
cfa8bebc-c1a4-4cd2-8689-8720d8f3d3ec,failed,2026-06-19 17:57:30.112038+00:00,2026-06-19 17:58:00.125935+00:00
d7317faa-7812-4d53-9ecd-08e723777482,failed,2026-06-19 17:57:30.235858+00:00,2026-06-19 17:58:00.323035+00:00
00b40b83-9a2d-421c-bf5c-88ed26f9e9ec,completed,2026-06-19 17:57:30.010838+00:00,2026-06-19 17:58:00.174943+00:00
9bb244dc-c984-4d1f-abda-57a8fbc46ee7,failed,2026-06-19 17:57:30.810194+00:00,2026-06-19 17:58:00.914374+00:00
c6de67d7-9aaf-46ee-941b-cbbc94b6480d,completed,2026-06-19 17:57:30.135432+00:00,2026-06-19 17:58:00.318811+00:00
b9f7c30d-0e88-42d4-8170-e2b9af15333c,failed,2026-06-19 17:57:30.259300+00:00,2026-06-19 17:58:00.327096+00:00
a0477713-7064-4f5f-82f4-38882cbfd4d3,failed,2026-06-19 17:57:30.294283+00:00,2026-06-19 17:58:00.330879+00:00
d993ef91-0883-4823-afc3-b859ea8f7283,failed,2026-06-19 17:57:30.309722+00:00,2026-06-19 17:58:00.334904+00:00
0ac2feb0-a792-431b-88f7-93bbd913284e,failed,2026-06-19 17:57:30.335932+00:00,2026-06-19 17:58:00.340986+00:00
639baafc-59d3-4018-8928-ad3bfb1dccc5,failed,2026-06-19 17:57:30.436161+00:00,2026-06-19 17:58:00.521598+00:00
b6957fe5-4610-439e-9ed6-3f62bc46c5a6,completed,2026-06-19 17:57:30.210853+00:00,2026-06-19 17:58:00.371730+00:00
1a9b723e-481b-4273-b5a7-7242179e7368,completed,2026-06-19 17:57:30.359104+00:00,2026-06-19 17:58:00.518665+00:00
769763cd-89ed-44dd-9331-afd0ae01c152,failed,2026-06-19 17:57:30.486201+00:00,2026-06-19 17:58:00.524409+00:00
0aecbd02-421f-4bd5-9849-e9204c78f9bc,failed,2026-06-19 17:57:30.511346+00:00,2026-06-19 17:58:00.527200+00:00
45657700-fac3-4714-affc-67779c1e1ebc,failed,2026-06-19 17:57:30.634427+00:00,2026-06-19 17:58:00.713010+00:00
4435e03c-3847-4011-b81b-8bc14b709a74,completed,2026-06-19 17:57:30.410155+00:00,2026-06-19 17:58:00.561693+00:00
3b7bc4ee-754c-4cff-b4b7-703c035ed8bc,completed,2026-06-19 17:57:30.534603+00:00,2026-06-19 17:58:00.708775+00:00
cabaf131-91d7-4fc5-9420-b9bf3d406bca,failed,2026-06-19 17:57:30.660345+00:00,2026-06-19 17:58:00.716702+00:00
e9935c49-574e-4c42-8079-161059b5e46b,failed,2026-06-19 17:57:30.684396+00:00,2026-06-19 17:58:00.719876+00:00
2d8820e7-ac8b-485f-a89d-cd8365203920,failed,2026-06-19 17:57:30.709909+00:00,2026-06-19 17:58:00.723486+00:00
1d8228e1-88ce-4d59-b54a-0f6d84cfc82a,completed,2026-06-19 17:57:30.759685+00:00,2026-06-19 17:58:00.913264+00:00
6148783e-c3f9-4403-8ea2-fde44521e773,completed,2026-06-19 17:57:30.610394+00:00,2026-06-19 17:58:00.740375+00:00
a3dbf64a-1faf-4bfc-9263-97b0a879c104,completed,2026-06-19 17:57:30.734750+00:00,2026-06-19 17:58:00.910519+00:00
6e007c93-c3c7-4dac-b4fe-5b6c21dbf37c,completed,2026-06-19 17:57:30.785289+00:00,2026-06-19 17:58:00.914528+00:00
d537b866-8c31-43f2-86ba-9c1bedeaf8f3,failed,2026-06-19 17:57:31.187470+00:00,2026-06-19 17:58:01.278264+00:00
11898818-2d96-4fcd-b02c-d04ab0ec5e86,failed,2026-06-19 17:57:31.012568+00:00,2026-06-19 17:58:01.096563+00:00
078f5180-6887-4fd8-b3e7-d738acf9c25a,completed,2026-06-19 17:57:30.985165+00:00,2026-06-19 17:58:01.093135+00:00
0a4ae848-c8f8-4e9b-a785-08eae8e551c6,failed,2026-06-19 17:57:31.036666+00:00,2026-06-19 17:58:01.099563+00:00
1a25fe28-186d-48d5-b296-bded5dbbe1e3,failed,2026-06-19 17:57:31.060959+00:00,2026-06-19 17:58:01.103492+00:00
fa145e77-c02a-4547-860f-6223f7f44bcd,failed,2026-06-19 17:57:31.084394+00:00,2026-06-19 17:58:01.106708+00:00
93d9fd92-7e8b-413b-936f-b217623ad4aa,failed,2026-06-19 17:57:31.262241+00:00,2026-06-19 17:58:01.287132+00:00
2d9f7bdb-ddcc-4f72-a4d7-9d78df50327c,completed,2026-06-19 17:57:30.935489+00:00,2026-06-19 17:58:01.112926+00:00
76b47cc0-c61b-4f5d-90f0-2172345437d2,completed,2026-06-19 17:57:30.959938+00:00,2026-06-19 17:58:01.122005+00:00
38b752ce-a0cf-4531-a7df-8797a95992e4,completed,2026-06-19 17:57:31.159968+00:00,2026-06-19 17:58:01.273799+00:00
aadf2c2b-4f27-4e2c-9bc8-b56a0f10dc31,failed,2026-06-19 17:57:31.234650+00:00,2026-06-19 17:58:01.281917+00:00
3678ec60-5bc4-40e8-9ced-2b800bbffe1f,completed,2026-06-19 17:57:31.109838+00:00,2026-06-19 17:58:01.284921+00:00
495bd59f-b859-482b-baa8-8a80e737a346,failed,2026-06-19 17:57:31.484960+00:00,2026-06-19 17:58:01.490314+00:00
c2662e39-e688-4bad-8e6e-7e78dedf7f81,failed,2026-06-19 17:57:31.360150+00:00,2026-06-19 17:58:01.476964+00:00
26eae9fa-05e3-43bf-a637-4a3a5cf78ad1,completed,2026-06-19 17:57:31.135541+00:00,2026-06-19 17:58:01.322976+00:00
7312295c-dcd7-4a3b-878f-6001aac1c018,completed,2026-06-19 17:57:31.310062+00:00,2026-06-19 17:58:01.472910+00:00
4412c14f-f95c-4043-86ce-ad9140ed2cb4,failed,2026-06-19 17:57:31.385470+00:00,2026-06-19 17:58:01.480185+00:00
2d8023fa-16cd-4b1e-872f-40ac03106191,failed,2026-06-19 17:57:31.410990+00:00,2026-06-19 17:58:01.483974+00:00
f6f35f12-0804-4541-8f6f-2a5bcc26d85c,failed,2026-06-19 17:57:31.584771+00:00,2026-06-19 17:58:01.657980+00:00
f58b2527-cf3a-4738-b938-a7c8e8b5fb8f,failed,2026-06-19 17:57:31.760190+00:00,2026-06-19 17:58:01.843401+00:00
a63b2b87-d26d-4af5-ae46-1abe16213613,completed,2026-06-19 17:57:31.339541+00:00,2026-06-19 17:58:01.511881+00:00
132921cf-4010-4dcd-9776-d1f14d8ad45c,completed,2026-06-19 17:57:31.535577+00:00,2026-06-19 17:58:01.655048+00:00
f8ddceb9-1a73-4dfc-8533-a8458e2d996f,failed,2026-06-19 17:57:31.609883+00:00,2026-06-19 17:58:01.660895+00:00
45206f62-0fcd-4dd4-853a-5c187d110b88,failed,2026-06-19 17:57:31.635472+00:00,2026-06-19 17:58:01.665280+00:00
de6eeef4-c5a3-4742-ab81-974ab29abbb9,failed,2026-06-19 17:57:31.659448+00:00,2026-06-19 17:58:01.668140+00:00
1ede012b-8e23-4b99-9f5a-fbeea818dbae,completed,2026-06-19 17:57:31.746308+00:00,2026-06-19 17:58:01.885915+00:00
1717a5e8-d4b3-4109-9f03-be68145b5c0c,completed,2026-06-19 17:57:31.510973+00:00,2026-06-19 17:58:01.675347+00:00
80ee2a73-34d3-46d0-92db-47b2f5b613c0,completed,2026-06-19 17:57:31.562006+00:00,2026-06-19 17:58:01.697122+00:00
4e306102-b837-4aa0-a977-8da72efc711d,completed,2026-06-19 17:57:31.721124+00:00,2026-06-19 17:58:01.838510+00:00
e7bde306-f2e9-4b6a-9c1f-9091560036bd,completed,2026-06-19 17:57:31.684813+00:00,2026-06-19 17:58:01.855239+00:00
0eeec771-bb7f-4e0c-82b1-269d21c5bf80,failed,2026-06-19 17:57:31.810393+00:00,2026-06-19 17:58:01.850328+00:00
b73701b2-608e-4a2c-8686-8d1127a9debb,failed,2026-06-19 17:57:31.834979+00:00,2026-06-19 17:58:01.853377+00:00
2ba3e575-8058-4e01-84f7-6fa6f2c528b6,failed,2026-06-19 17:57:31.933613+00:00,2026-06-19 17:58:02.023319+00:00
7e602578-ee62-43d6-b3b8-72a287097349,failed,2026-06-19 17:57:32.110090+00:00,2026-06-19 17:58:02.219396+00:00
2460dd9d-061a-4e19-8f74-d610c63a7b3a,failed,2026-06-19 17:57:32.286832+00:00,2026-06-19 17:58:02.298966+00:00
407e7cc3-73cb-4c47-88b6-57d9cd95f5df,completed,2026-06-19 17:57:31.859637+00:00,2026-06-19 17:58:02.020133+00:00
12488753-c09f-4dfc-88a3-b208eaefb31a,failed,2026-06-19 17:57:31.964338+00:00,2026-06-19 17:58:02.026819+00:00
fe4e5eb1-7b3f-45da-a52b-f19626d6ce8f,failed,2026-06-19 17:57:31.984479+00:00,2026-06-19 17:58:02.032051+00:00
b62211dc-cb9f-4e82-be1d-8054bddc40ee,failed,2026-06-19 17:57:32.137202+00:00,2026-06-19 17:58:02.220451+00:00
4026addf-5e05-420d-85fd-d87c0df086f1,completed,2026-06-19 17:57:31.909828+00:00,2026-06-19 17:58:02.065734+00:00
75d3f994-c0af-48b3-8802-973b9d50415f,completed,2026-06-19 17:57:32.035646+00:00,2026-06-19 17:58:02.215695+00:00
fa46d268-68bb-4815-aa95-2c797c41b239,completed,2026-06-19 17:57:32.061263+00:00,2026-06-19 17:58:02.215787+00:00
8fa34329-b211-4f08-8b15-fc3cc3c324af,failed,2026-06-19 17:57:32.160748+00:00,2026-06-19 17:58:02.222539+00:00
86d6b738-8966-4fd3-8eee-9e893a25ee0d,failed,2026-06-19 17:57:32.186923+00:00,2026-06-19 17:58:02.224171+00:00
badb903d-96f8-41b6-b882-f95f13de0939,failed,2026-06-19 17:57:32.212215+00:00,2026-06-19 17:58:02.225052+00:00
c03caddd-22a8-4b99-96b9-4ecb8592869a,failed,2026-06-19 17:57:32.364736+00:00,2026-06-19 17:58:02.404709+00:00
cbf33d2b-468c-483f-8ca1-9bb5c29f8fbf,failed,2026-06-19 17:57:32.336079+00:00,2026-06-19 17:58:02.400000+00:00
f331526b-3e89-4b12-8ac4-de121d7b2f6a,completed,2026-06-19 17:57:32.086761+00:00,2026-06-19 17:58:02.295574+00:00
2db55afb-186a-4431-adc4-7381bd2f5655,failed,2026-06-19 17:57:32.459933+00:00,2026-06-19 17:58:02.508424+00:00
15e144af-d795-42fa-80a6-f95dc472cda6,completed,2026-06-19 17:57:32.260189+00:00,2026-06-19 17:58:02.396243+00:00
02b8dbf9-b392-4eda-9b24-5d6754810e8e,failed,2026-06-19 17:57:32.402151+00:00,2026-06-19 17:58:02.406451+00:00
66cbeed6-2ce0-408d-9536-49d1f868baaa,failed,2026-06-19 17:57:32.559865+00:00,2026-06-19 17:58:02.583820+00:00
f3494637-1221-4d32-aff1-bab17c587591,completed,2026-06-19 17:57:32.610269+00:00,2026-06-19 17:58:02.764706+00:00
4a74d95a-aecf-4449-8d58-9b91ddf26325,completed,2026-06-19 17:57:32.310003+00:00,2026-06-19 17:58:02.505101+00:00
4b3d7d34-baea-4d8a-bd87-cb19bde749b2,failed,2026-06-19 17:57:32.485827+00:00,2026-06-19 17:58:02.511557+00:00
a7573f7c-531b-4061-a2c1-533d431a32e5,failed,2026-06-19 17:57:32.511537+00:00,2026-06-19 17:58:02.516028+00:00
260d7263-a4fc-4c04-8871-cdd9047c91da,failed,2026-06-19 17:57:32.647394+00:00,2026-06-19 17:58:02.699878+00:00
4c7ecbef-703e-4747-b407-df174cb93c91,completed,2026-06-19 17:57:32.412077+00:00,2026-06-19 17:58:02.580392+00:00
0a064390-6202-4add-a560-4a9baf54d236,completed,2026-06-19 17:57:32.537443+00:00,2026-06-19 17:58:02.696229+00:00
461fa516-2265-42fb-ac11-9d6a38b05ac0,completed,2026-06-19 17:57:32.586300+00:00,2026-06-19 17:58:02.760149+00:00
7767b87e-fed1-442d-a614-adc4c9ae41e5,completed,2026-06-19 17:57:02.663663+00:00,2026-06-19 17:57:32.761337+00:00
692d609f-0b9d-4ace-9f0a-7c098ca255a4,completed,2026-06-19 17:57:02.813744+00:00,2026-06-19 17:57:32.982757+00:00
512c4f45-098f-4055-86f4-6c43f7000d30,completed,2026-06-19 17:57:04.363969+00:00,2026-06-19 17:57:34.708661+00:00
ed46db97-7552-4a90-99db-eab54809da2f,completed,2026-06-19 17:57:05.494895+00:00,2026-06-19 17:57:35.624277+00:00
ed1768a7-28e8-4b98-b9d0-65979800b5a4,completed,2026-06-19 17:57:07.013565+00:00,2026-06-19 17:57:37.234232+00:00
5671c599-4756-46fc-b8e5-0a470366558f,completed,2026-06-19 17:57:08.886140+00:00,2026-06-19 17:57:38.901478+00:00
5dbe58a0-32bf-4a6c-8037-03e39479aae8,completed,2026-06-19 17:57:11.420297+00:00,2026-06-19 17:57:41.554624+00:00
0118a771-f2d2-4170-a157-24f73e6abf78,failed,2026-06-19 17:57:12.066666+00:00,2026-06-19 17:57:42.086968+00:00
3cd07708-3ede-40c8-87e2-b5866a4e497e,completed,2026-06-19 17:57:12.484868+00:00,2026-06-19 17:57:42.576562+00:00
2066e88e-ba7f-496c-82da-4e3e2ad99c8b,completed,2026-06-19 17:57:13.291942+00:00,2026-06-19 17:57:43.436987+00:00
19f1a72b-16df-444a-bc32-23b054325850,completed,2026-06-19 17:57:13.810422+00:00,2026-06-19 17:57:44.010905+00:00
ed52074e-4c6d-496e-9241-0aaa43feb258,completed,2026-06-19 17:57:15.211853+00:00,2026-06-19 17:57:45.273842+00:00
1a0b258a-d155-4856-b8d0-b8f82da9329b,completed,2026-06-19 17:57:19.371786+00:00,2026-06-19 17:57:49.485603+00:00
dcd8844e-50fb-42a7-8c94-377e32326bd9,completed,2026-06-19 17:57:21.959199+00:00,2026-06-19 17:57:52.098392+00:00
99387deb-1229-4329-81ce-7eb6cb6dccb0,completed,2026-06-19 17:57:23.661906+00:00,2026-06-19 17:57:53.757783+00:00
d8af0d2f-a6aa-45f1-bc93-a622250d081c,failed,2026-06-19 17:57:24.208616+00:00,2026-06-19 17:57:54.212842+00:00
f08941b8-e096-4553-ab50-5de9d13af93e,completed,2026-06-19 17:57:24.659259+00:00,2026-06-19 17:57:54.792692+00:00
7c8ea878-bdd1-4fc0-ac35-14bff71becfe,failed,2026-06-19 17:57:32.686217+00:00,2026-06-19 17:58:02.705581+00:00
607076ce-0b64-41f1-b031-fb9188e69c5e,failed,2026-06-19 17:57:32.834821+00:00,2026-06-19 17:58:02.871468+00:00
bf22d024-5d7f-4cf8-8072-2a2b851a3a14,failed,2026-06-19 17:57:32.740317+00:00,2026-06-19 17:58:02.766872+00:00
35e73778-98e2-4fd6-8ce7-86bbe5fa7721,failed,2026-06-19 17:57:32.760196+00:00,2026-06-19 17:58:02.769331+00:00
593a0c60-8ce0-4d40-9920-8b9aee917261,failed,2026-06-19 17:57:32.909537+00:00,2026-06-19 17:58:02.947764+00:00
499ac36c-4df5-4c3c-b941-ea82d9c512da,completed,2026-06-19 17:57:32.723166+00:00,2026-06-19 17:58:02.867152+00:00
cffefef5-1c2f-4d2e-bfbb-a057e3edff1d,failed,2026-06-19 17:57:32.860867+00:00,2026-06-19 17:58:02.874886+00:00
449ced2d-e285-4f60-bac3-959e33250a48,failed,2026-06-19 17:57:33.010790+00:00,2026-06-19 17:58:03.055746+00:00
61267f3c-e8f3-45f9-87da-59a1b3a8de91,completed,2026-06-19 17:57:32.809168+00:00,2026-06-19 17:58:02.944631+00:00
dc7eef91-8b51-4794-8587-e3ffc3f54928,failed,2026-06-19 17:57:32.946535+00:00,2026-06-19 17:58:02.951393+00:00
0aa08b5e-91b4-4d63-bd52-6adb7ce454ef,failed,2026-06-19 17:57:33.085095+00:00,2026-06-19 17:58:03.145850+00:00
fad58e24-0b40-42b3-bae0-08b3aef8ef8f,completed,2026-06-19 17:57:32.885900+00:00,2026-06-19 17:58:03.052422+00:00
84a185e2-105c-485e-931b-cc21a1981905,failed,2026-06-19 17:57:33.038226+00:00,2026-06-19 17:58:03.058465+00:00
5f8f69e6-8040-4a40-8bec-934b4f78ef8a,completed,2026-06-19 17:57:32.986832+00:00,2026-06-19 17:58:03.141889+00:00
ddf9a97c-019a-4a7b-b373-6c8f46df8221,completed,2026-06-19 17:57:34.035397+00:00,2026-06-19 17:58:04.099692+00:00
1a6bfb5f-a7f0-4f8c-9a33-6c9c8f26331f,completed,2026-06-19 17:57:33.060020+00:00,2026-06-19 17:58:03.244618+00:00
42c5077b-b159-4d45-8397-bd56f3f0f183,completed,2026-06-19 17:57:33.212887+00:00,2026-06-19 17:58:03.332459+00:00
6839ea42-88fa-4b04-868a-2aeccb42ea57,completed,2026-06-19 17:57:33.162898+00:00,2026-06-19 17:58:03.342246+00:00
1cdf0348-4bc9-402a-ab29-be725be33931,completed,2026-06-19 17:57:33.334770+00:00,2026-06-19 17:58:03.423176+00:00
fa1f9709-86f2-4edc-a9ce-ede8bd2ed1cc,completed,2026-06-19 17:57:33.360926+00:00,2026-06-19 17:58:03.516868+00:00
aecfc42b-6ab3-423a-a1c0-7f24e201ec49,completed,2026-06-19 17:57:33.386071+00:00,2026-06-19 17:58:03.525552+00:00
a56c7e51-358b-4e06-a2cc-af450c64a557,completed,2026-06-19 17:57:33.511630+00:00,2026-06-19 17:58:03.586402+00:00
3ac839d5-d650-44f3-9b0a-e95e4e9e4e25,completed,2026-06-19 17:57:33.535262+00:00,2026-06-19 17:58:03.701176+00:00
959cc979-7d48-45f0-97e9-2a0c1bebbc2f,completed,2026-06-19 17:57:33.614174+00:00,2026-06-19 17:58:03.715929+00:00
d188d484-cd59-48b9-bab6-c4c7beda5b95,completed,2026-06-19 17:57:33.684546+00:00,2026-06-19 17:58:03.749655+00:00
3082e52e-1c99-4b0a-a45a-705c13be9f91,completed,2026-06-19 17:57:33.798832+00:00,2026-06-19 17:58:03.864504+00:00
8eb7bca0-1306-423f-96f6-38db99ffedf0,completed,2026-06-19 17:57:33.710650+00:00,2026-06-19 17:58:03.884660+00:00
5e1c55d7-cfed-4967-87e5-60e48a2eb544,completed,2026-06-19 17:57:33.859794+00:00,2026-06-19 17:58:03.918800+00:00
4bc8d4a1-60c0-4c5d-8425-3440123dc857,completed,2026-06-19 17:57:33.885188+00:00,2026-06-19 17:58:04.037472+00:00
bd40a386-261f-431e-ab41-3ff25aa0ad61,completed,2026-06-19 17:57:33.986642+00:00,2026-06-19 17:58:04.067175+00:00
9ba6d0c0-d95e-425a-a051-23b229aefce3,completed,2026-06-19 17:57:34.209786+00:00,2026-06-19 17:58:04.301711+00:00
16e30522-77ff-400e-8245-d6a5ec799964,completed,2026-06-19 17:57:36.110049+00:00,2026-06-19 17:58:06.158508+00:00
cd0d2fe3-af56-4720-bd97-ff82347c2058,completed,2026-06-19 17:57:34.317344+00:00,2026-06-19 17:58:04.438652+00:00
3acb64ff-c20c-4177-9c3a-debf64f2f86e,completed,2026-06-19 17:57:34.509380+00:00,2026-06-19 17:58:04.491560+00:00
9f809f3c-dd67-4e03-a365-77559b119f0d,completed,2026-06-19 17:57:34.536897+00:00,2026-06-19 17:58:04.571476+00:00
86514493-22a7-4d0a-9cc0-462d4bc35b05,completed,2026-06-19 17:57:34.585988+00:00,2026-06-19 17:58:04.614300+00:00
a8eeb62b-b766-4aa3-8212-39aeaf9af736,completed,2026-06-19 17:57:34.688286+00:00,2026-06-19 17:58:04.672413+00:00
adee84a2-9faa-4d6c-abd7-ad7333c1d081,completed,2026-06-19 17:57:34.713918+00:00,2026-06-19 17:58:04.751660+00:00
34330c69-314e-493b-9c39-df5f22693bce,completed,2026-06-19 17:57:34.735808+00:00,2026-06-19 17:58:04.781353+00:00
15624cd9-b266-43a6-8617-b5a0688426ad,completed,2026-06-19 17:57:34.759908+00:00,2026-06-19 17:58:04.855087+00:00
ee9c4583-4cbe-4857-92af-d20988a5cd9d,completed,2026-06-19 17:57:34.884703+00:00,2026-06-19 17:58:04.927897+00:00
12b07d84-43d9-401c-b338-184b74666fd2,completed,2026-06-19 17:57:34.911041+00:00,2026-06-19 17:58:04.961562+00:00
7a141183-8472-453e-b182-fe3d7169c529,completed,2026-06-19 17:57:34.938028+00:00,2026-06-19 17:58:05.036060+00:00
4a7d47ff-be40-47f3-b059-bc7b386d0901,completed,2026-06-19 17:57:35.060602+00:00,2026-06-19 17:58:05.091581+00:00
f223f73a-adea-4e80-9a00-8a4e9e1b05a3,completed,2026-06-19 17:57:35.085074+00:00,2026-06-19 17:58:05.143930+00:00
2700dff1-d252-48b7-8b5d-46d1a0bb6730,completed,2026-06-19 17:57:35.234960+00:00,2026-06-19 17:58:05.285967+00:00
d9eae55c-ff86-44ea-895b-6fa8c7db69d1,completed,2026-06-19 17:57:35.286076+00:00,2026-06-19 17:58:05.312388+00:00
ddf7b0ae-ae36-4bbb-9bf9-5c459d71530c,completed,2026-06-19 17:57:35.434875+00:00,2026-06-19 17:58:05.408131+00:00
02e5c7c9-a313-4616-a2c4-56c17e0fbf74,completed,2026-06-19 17:57:35.459412+00:00,2026-06-19 17:58:05.448239+00:00
efe44cf2-3057-4186-bff2-80ca80b19885,completed,2026-06-19 17:57:35.484888+00:00,2026-06-19 17:58:05.491605+00:00
6c8858ca-b1b3-42e8-b84a-e0a2e721b7b0,completed,2026-06-19 17:57:35.512251+00:00,2026-06-19 17:58:05.585826+00:00
899f264a-13bb-4fb8-a41e-513eb296abef,completed,2026-06-19 17:57:35.611187+00:00,2026-06-19 17:58:05.628509+00:00
072b5aaf-47ca-4f75-a369-7c65cbf65a4b,completed,2026-06-19 17:57:35.636261+00:00,2026-06-19 17:58:05.688383+00:00
b93cef8f-1e2d-4a08-9b36-685b90a395ad,completed,2026-06-19 17:57:35.759760+00:00,2026-06-19 17:58:05.790090+00:00
e958f0f6-76d7-429e-ad35-2d00b9b56e0a,completed,2026-06-19 17:57:35.810610+00:00,2026-06-19 17:58:05.879327+00:00
9bb2bb08-658a-4b32-9751-bef06de88adf,completed,2026-06-19 17:57:35.965075+00:00,2026-06-19 17:58:05.946204+00:00
fa534a67-7db5-4a7e-935f-6213d3012070,completed,2026-06-19 17:57:35.833725+00:00,2026-06-19 17:58:05.968156+00:00
5b372fc3-8bee-4211-9c29-4119bf53cab9,completed,2026-06-19 17:57:35.988099+00:00,2026-06-19 17:58:06.062970+00:00
df100c2b-1405-42bd-b562-02c4a3de07f0,completed,2026-06-19 17:57:36.010841+00:00,2026-06-19 17:58:06.155508+00:00
7c8817f8-3ec9-444e-8f83-9fc012016ea7,completed,2026-06-19 17:57:36.210046+00:00,2026-06-19 17:58:06.238607+00:00
8debac55-22ac-456b-aa6f-4766574194df,completed,2026-06-19 17:57:38.387769+00:00,2026-06-19 17:58:08.464165+00:00
9294d186-bd6f-4b45-b7ca-5341f6e25b4e,completed,2026-06-19 17:57:36.409073+00:00,2026-06-19 17:58:06.448602+00:00
fee456d0-0cf5-47e2-be54-e9fead592d30,completed,2026-06-19 17:57:38.338855+00:00,2026-06-19 17:58:08.430333+00:00
cdd89605-591f-40a4-8586-7dd435370127,completed,2026-06-19 17:57:36.434653+00:00,2026-06-19 17:58:06.533438+00:00
832c08f6-b5be-45a0-b389-1b7e8a34a6f3,completed,2026-06-19 17:57:36.561197+00:00,2026-06-19 17:58:06.624294+00:00
cdd74bef-687f-4667-b26e-fb94d6f62fab,completed,2026-06-19 17:57:36.587629+00:00,2026-06-19 17:58:06.688248+00:00
3191323f-5a78-4a37-8f0a-baeb3913cc58,completed,2026-06-19 17:57:36.612251+00:00,2026-06-19 17:58:06.762856+00:00
bf8432bc-24fa-42c9-b82d-d9d927bf02a8,completed,2026-06-19 17:57:36.711520+00:00,2026-06-19 17:58:06.786327+00:00
8f533e08-7702-4d39-a3d1-7a495b92c2b5,completed,2026-06-19 17:57:36.760463+00:00,2026-06-19 17:58:06.883759+00:00
7365da4f-a506-4acb-bc84-cd3b19e77199,completed,2026-06-19 17:57:36.835154+00:00,2026-06-19 17:58:06.957942+00:00
c0621af6-53c6-4032-abcf-a42dde70c848,completed,2026-06-19 17:57:36.884516+00:00,2026-06-19 17:58:06.980469+00:00
71974397-6d72-4fcd-bbb9-e1bd7b5d1ab0,completed,2026-06-19 17:57:36.935397+00:00,2026-06-19 17:58:07.071232+00:00
cc114a05-0171-4711-9424-49c98df237ce,completed,2026-06-19 17:57:37.013523+00:00,2026-06-19 17:58:07.166242+00:00
131b53c6-5c02-467e-b20d-de6e1da13b51,completed,2026-06-19 17:57:37.085920+00:00,2026-06-19 17:58:07.174519+00:00
a3e0e796-f8fa-45a6-bc58-ef03c63ecebd,completed,2026-06-19 17:57:37.137504+00:00,2026-06-19 17:58:07.273495+00:00
e9049909-9624-495b-8e39-555e879c364e,completed,2026-06-19 17:57:37.261688+00:00,2026-06-19 17:58:07.361571+00:00
393991ec-dca2-47eb-83cc-89543ff820d7,completed,2026-06-19 17:57:37.336926+00:00,2026-06-19 17:58:07.454752+00:00
262b3797-787e-458d-a126-55287955aa36,completed,2026-06-19 17:57:37.488853+00:00,2026-06-19 17:58:07.524338+00:00
e261845b-8945-4f88-96eb-ade0f02c2cb4,completed,2026-06-19 17:57:37.386012+00:00,2026-06-19 17:58:07.553952+00:00
45f940cd-5273-46d3-a2ee-73ea473c1a20,completed,2026-06-19 17:57:37.586595+00:00,2026-06-19 17:58:07.649678+00:00
653a3e1d-e80f-4391-a77e-53c378967fb1,completed,2026-06-19 17:57:37.611582+00:00,2026-06-19 17:58:07.748797+00:00
53699b13-62b1-41a6-b75f-60028fb07609,completed,2026-06-19 17:57:37.738199+00:00,2026-06-19 17:58:07.835844+00:00
74debe6b-74a3-4b51-a49c-742c82992c69,completed,2026-06-19 17:57:37.835009+00:00,2026-06-19 17:58:07.925119+00:00
674620af-62d7-4979-95b7-428a283b8866,completed,2026-06-19 17:57:37.761655+00:00,2026-06-19 17:58:07.926649+00:00
0b337631-9f4f-4583-9411-96dafbae70a0,completed,2026-06-19 17:57:37.936406+00:00,2026-06-19 17:58:08.002120+00:00
2eed8343-5804-40f7-826c-d30ca0b8e520,completed,2026-06-19 17:57:38.011514+00:00,2026-06-19 17:58:08.102056+00:00
ffb44684-75d9-4320-aeb8-187dc9637f20,completed,2026-06-19 17:57:37.961378+00:00,2026-06-19 17:58:08.115582+00:00
d9695f1c-05bf-4428-a771-f532fa3e115c,completed,2026-06-19 17:57:38.137335+00:00,2026-06-19 17:58:08.165548+00:00
d73d79ec-645c-4dba-8f68-fe5ea34d8314,completed,2026-06-19 17:57:38.215643+00:00,2026-06-19 17:58:08.277254+00:00
b6951674-8818-4ffc-83e5-163364698a7f,completed,2026-06-19 17:57:38.311670+00:00,2026-06-19 17:58:08.351788+00:00
6d66fe37-8eb8-435d-aef8-123ed1d4d4a5,completed,2026-06-19 17:57:38.564591+00:00,2026-06-19 17:58:08.624342+00:00
99986ff3-fc5b-479e-ae56-ee31d6504e03,completed,2026-06-19 17:57:38.885921+00:00,2026-06-19 17:58:08.975897+00:00
14dfb23e-a65c-4a2f-81d7-89880bceeac4,completed,2026-06-19 17:57:40.614942+00:00,2026-06-19 17:58:10.548228+00:00
5a2aaebb-06cf-4a70-abd4-1c44a982c28f,completed,2026-06-19 17:57:38.510239+00:00,2026-06-19 17:58:08.620312+00:00
3a98e1e3-710c-4a2b-bcc0-ca5d227e95b1,completed,2026-06-19 17:57:38.661751+00:00,2026-06-19 17:58:08.712213+00:00
50af3e71-248f-423f-af2b-53fccc6da29d,completed,2026-06-19 17:57:40.509933+00:00,2026-06-19 17:58:10.438571+00:00
8ccf6cd9-beb7-495c-bfd2-0220a8d31b43,completed,2026-06-19 17:57:38.735650+00:00,2026-06-19 17:58:08.796582+00:00
934af17a-927c-441c-84e8-03ff4bc69b22,completed,2026-06-19 17:57:38.860912+00:00,2026-06-19 17:58:08.908300+00:00
5fb18d26-fe0e-46f1-a78e-87883a620ea0,completed,2026-06-19 17:57:38.910103+00:00,2026-06-19 17:58:08.974467+00:00
7d67d279-473e-4069-91ae-3c30e3d7b87e,completed,2026-06-19 17:57:39.035901+00:00,2026-06-19 17:58:09.087390+00:00
1a32a747-385a-4fcf-b40f-6f2dccc61362,completed,2026-06-19 17:57:39.060875+00:00,2026-06-19 17:58:09.143655+00:00
5b76d87e-d6f3-4cc2-acc0-b6af19de91bc,completed,2026-06-19 17:57:39.744035+00:00,2026-06-19 17:58:09.738931+00:00
e35403f4-8e68-480e-9b2a-37f981424c5f,completed,2026-06-19 17:57:39.236849+00:00,2026-06-19 17:58:09.253017+00:00
79e7b5e2-b351-4a37-b830-ae7894302d67,completed,2026-06-19 17:57:39.286127+00:00,2026-06-19 17:58:09.330076+00:00
f87bcef7-0024-412a-a524-c440cbbd00bb,completed,2026-06-19 17:57:39.264569+00:00,2026-06-19 17:58:09.331556+00:00
8d11aebc-e17e-4593-9b2b-01e6754274d4,completed,2026-06-19 17:57:39.442139+00:00,2026-06-19 17:58:09.418827+00:00
1449c725-21db-446f-aa06-e75fcc935a9d,completed,2026-06-19 17:57:39.486677+00:00,2026-06-19 17:58:09.520465+00:00
32fe0b3f-7e52-4280-8cf9-2500234d77ec,completed,2026-06-19 17:57:39.460502+00:00,2026-06-19 17:58:09.540215+00:00
c69b1c23-3410-46e2-a91d-f5e57a1588ba,completed,2026-06-19 17:57:39.587470+00:00,2026-06-19 17:58:09.585459+00:00
1910aa42-c211-4cd3-a5e9-20d775ab5072,completed,2026-06-19 17:57:39.661814+00:00,2026-06-19 17:58:09.729248+00:00
21c3d296-de37-467f-8e26-7270e0586a64,completed,2026-06-19 17:57:39.637865+00:00,2026-06-19 17:58:09.736027+00:00
55064127-7462-4adf-af4d-59248eaae3f8,completed,2026-06-19 17:57:39.910827+00:00,2026-06-19 17:58:09.895668+00:00
7d930cdc-d1bb-4f76-ac35-d99fd46ffa73,completed,2026-06-19 17:57:39.837363+00:00,2026-06-19 17:58:09.912387+00:00
bca1c3dc-1438-42ce-aac0-8a1b9a741071,completed,2026-06-19 17:57:39.862512+00:00,2026-06-19 17:58:09.916905+00:00
89a6df19-8541-43c7-9bd4-efcc2be15343,completed,2026-06-19 17:57:40.061391+00:00,2026-06-19 17:58:10.087089+00:00
cc7c46c4-61c2-44b5-9b91-8dd244b02e25,completed,2026-06-19 17:57:40.211796+00:00,2026-06-19 17:58:10.212377+00:00
2860914c-acf5-406c-88d9-f95aff0457fd,completed,2026-06-19 17:57:40.237089+00:00,2026-06-19 17:58:10.249593+00:00
b942aa05-7307-44c6-bf3f-52fc7cd411dc,completed,2026-06-19 17:57:40.310103+00:00,2026-06-19 17:58:10.262376+00:00
d20e64f7-94bd-42a7-94ff-223a819ddeef,completed,2026-06-19 17:57:40.412396+00:00,2026-06-19 17:58:10.369032+00:00
796999d5-3d88-4481-bbb4-d1f939170bea,completed,2026-06-19 17:57:40.438567+00:00,2026-06-19 17:58:10.436323+00:00
21aeafc4-8037-4737-b369-ef81c16f6870,completed,2026-06-19 17:57:10.512497+00:00,2026-06-19 17:57:40.580946+00:00
bfa43cb3-5c03-4c31-8036-6e3454717a56,completed,2026-06-19 17:57:11.013087+00:00,2026-06-19 17:57:41.100019+00:00
9d136b37-41c0-4c97-9f14-0d332c8a3885,completed,2026-06-19 17:57:16.039251+00:00,2026-06-19 17:57:46.172185+00:00
047cad12-879e-42e9-a892-daeb477c6766,completed,2026-06-19 17:57:17.288604+00:00,2026-06-19 17:57:47.429544+00:00
32d31ce6-1d99-43ce-b710-4397f2ddeddc,completed,2026-06-19 17:57:19.810496+00:00,2026-06-19 17:57:49.928053+00:00
e65b16d7-4d76-4067-8be5-084bfef4267b,completed,2026-06-19 17:57:20.334294+00:00,2026-06-19 17:57:50.480671+00:00
f7c19218-b5cd-4480-8311-7ff6cc13a0bd,completed,2026-06-19 17:57:20.833912+00:00,2026-06-19 17:57:51.002390+00:00
08fed986-f34e-4c16-ba38-1717127db258,completed,2026-06-19 17:57:21.522133+00:00,2026-06-19 17:57:51.563994+00:00
1d58904d-c50f-4acf-b2e2-cb85631b20a6,completed,2026-06-19 17:57:25.139268+00:00,2026-06-19 17:57:55.263137+00:00
0991fa0a-59cb-4e89-b373-68bd5006e57f,completed,2026-06-19 17:57:42.544676+00:00,2026-06-19 17:58:12.530486+00:00
e5f4440f-b693-415a-8a47-84733318ab25,completed,2026-06-19 17:57:41.111589+00:00,2026-06-19 17:58:11.087353+00:00
3b5ba08e-889f-4d86-a422-005297c0f55a,completed,2026-06-19 17:57:40.686592+00:00,2026-06-19 17:58:10.625540+00:00
29f8f76a-8c1e-4142-a352-efd4e891962f,completed,2026-06-19 17:57:40.762075+00:00,2026-06-19 17:58:10.724917+00:00
cd31133f-68ea-4404-9d6d-1fa5feb2fb3b,completed,2026-06-19 17:57:40.815364+00:00,2026-06-19 17:58:10.775903+00:00
ca98d26f-ea93-4406-9b87-4fda4e9378dc,completed,2026-06-19 17:57:40.870975+00:00,2026-06-19 17:58:10.817146+00:00
d24b1c5d-8793-4254-9186-8c50fc11d17f,completed,2026-06-19 17:57:40.936940+00:00,2026-06-19 17:58:10.881580+00:00
b69400df-2fd8-46d0-8218-70e221469b09,completed,2026-06-19 17:57:40.996607+00:00,2026-06-19 17:58:10.932467+00:00
05756cc3-7f8e-4a46-9b64-285f059e0d71,completed,2026-06-19 17:57:41.217734+00:00,2026-06-19 17:58:11.084709+00:00
034f14a3-ee02-45ba-9f39-ae9f2f4c5e04,completed,2026-06-19 17:57:41.237602+00:00,2026-06-19 17:58:11.229613+00:00
b36a12d7-6509-4381-a0ae-a5a03a29aa4f,completed,2026-06-19 17:57:41.286686+00:00,2026-06-19 17:58:11.265738+00:00
230d0dc9-143d-48e6-bcee-0be71622034c,completed,2026-06-19 17:57:41.418036+00:00,2026-06-19 17:58:11.402289+00:00
e4f9d308-176a-4ac5-8f1b-7d6be6372f09,completed,2026-06-19 17:57:41.500853+00:00,2026-06-19 17:58:11.415177+00:00
5ce2d981-4582-438d-99b0-38057c1259e5,completed,2026-06-19 17:57:41.587025+00:00,2026-06-19 17:58:11.455879+00:00
9c356178-49dc-4848-8cac-4b1c6cf72f26,completed,2026-06-19 17:57:41.606321+00:00,2026-06-19 17:58:11.574863+00:00
cf6de03a-cbc9-4a53-a5ce-15040527c0a9,completed,2026-06-19 17:57:41.711688+00:00,2026-06-19 17:58:11.602922+00:00
b3eb8f68-6931-4695-a5c8-4dc8e460d425,completed,2026-06-19 17:57:41.737052+00:00,2026-06-19 17:58:11.648314+00:00
f23e6a9c-4a13-4431-87e0-b2b26e8ed5d2,completed,2026-06-19 17:57:41.813108+00:00,2026-06-19 17:58:11.734326+00:00
83d2a8ed-2ab5-4e08-8c4b-86009e14f6dc,completed,2026-06-19 17:57:41.910538+00:00,2026-06-19 17:58:11.788314+00:00
14c633ee-76b5-48c4-81d7-a3de311052b9,completed,2026-06-19 17:57:41.937941+00:00,2026-06-19 17:58:11.844866+00:00
0bd5907a-92d6-4417-925b-81879c26c951,completed,2026-06-19 17:57:41.985852+00:00,2026-06-19 17:58:11.924487+00:00
07aed810-e3dc-4619-a421-1d28bb2e6936,completed,2026-06-19 17:57:42.089241+00:00,2026-06-19 17:58:11.972131+00:00
40948bba-9433-4222-8b59-07140142a54b,completed,2026-06-19 17:57:42.111720+00:00,2026-06-19 17:58:12.006439+00:00
b019d18b-07a0-4822-9945-10ee044acf23,completed,2026-06-19 17:57:42.162004+00:00,2026-06-19 17:58:12.158046+00:00
97eb2df2-8a4b-4c51-8171-81907cf69b85,completed,2026-06-19 17:57:42.264139+00:00,2026-06-19 17:58:12.184648+00:00
2ee1e552-9847-4feb-8309-70ecb0a01b39,completed,2026-06-19 17:57:42.313595+00:00,2026-06-19 17:58:12.248674+00:00
2e74b655-2128-4b1d-950d-a24633a1361f,completed,2026-06-19 17:57:42.339247+00:00,2026-06-19 17:58:12.339651+00:00
fbc261e4-5a9b-4697-9e71-f81f29bad291,completed,2026-06-19 17:57:42.411794+00:00,2026-06-19 17:58:12.369325+00:00
692593d9-a6bd-4ed7-bbc5-e90cf4ebea7d,completed,2026-06-19 17:57:42.509816+00:00,2026-06-19 17:58:12.416584+00:00
c82ec48e-9f73-4935-9ef5-298bcd94974f,completed,2026-06-19 17:57:42.587402+00:00,2026-06-19 17:58:12.521119+00:00
38e4d746-ea66-406f-bdde-645c1c17c789,completed,2026-06-19 17:57:44.686771+00:00,2026-06-19 17:58:14.586314+00:00
347aa9b4-9f9b-46e7-a226-0b28b5b0b673,completed,2026-06-19 17:57:44.737449+00:00,2026-06-19 17:58:14.690043+00:00
b0536cf0-831c-426e-9909-5c0a841032d8,completed,2026-06-19 17:57:42.761750+00:00,2026-06-19 17:58:12.701340+00:00
fa975410-4d74-4493-ba30-985086a77afe,completed,2026-06-19 17:57:42.860266+00:00,2026-06-19 17:58:12.781890+00:00
e2ceeebd-9cd1-41d5-984d-a61138cd230a,completed,2026-06-19 17:57:42.887623+00:00,2026-06-19 17:58:12.867277+00:00
325f6518-f4a9-4773-883b-d6ea3a6fcc43,completed,2026-06-19 17:57:42.936924+00:00,2026-06-19 17:58:12.881465+00:00
cfa7e50f-fffe-4ab2-8321-f6e2e68cba8c,completed,2026-06-19 17:57:43.088691+00:00,2026-06-19 17:58:12.967807+00:00
b0d14013-8db0-4573-9ee0-9db76ee44875,completed,2026-06-19 17:57:43.113175+00:00,2026-06-19 17:58:13.032259+00:00
ff9d29fb-aafe-4ec6-b656-07d451f05137,completed,2026-06-19 17:57:43.266785+00:00,2026-06-19 17:58:13.143405+00:00
af7bc716-9d70-4ed0-ba40-3f8756cc94b5,completed,2026-06-19 17:57:43.289667+00:00,2026-06-19 17:58:13.197859+00:00
22f5ce9b-d7db-469e-a32c-52339e0d73ff,completed,2026-06-19 17:57:43.313722+00:00,2026-06-19 17:58:13.250869+00:00
b8275a24-7456-4fd3-ac76-a14a6bb0406c,completed,2026-06-19 17:57:43.441073+00:00,2026-06-19 17:58:13.345810+00:00
3bae6c19-ecb9-478e-9f62-7b1588ea1e6a,completed,2026-06-19 17:57:43.460827+00:00,2026-06-19 17:58:13.413733+00:00
3732968a-a9bf-4b1f-8fea-e86919e94159,completed,2026-06-19 17:57:43.486732+00:00,2026-06-19 17:58:13.461800+00:00
80869e0c-0572-4b63-829d-e5427ec2a218,completed,2026-06-19 17:57:43.613674+00:00,2026-06-19 17:58:13.514962+00:00
3dc18e32-cdc3-41e2-956b-65dc924914ed,completed,2026-06-19 17:57:43.636671+00:00,2026-06-19 17:58:13.583799+00:00
47768e78-63c7-4afa-bba8-078334ebd08d,completed,2026-06-19 17:57:43.811249+00:00,2026-06-19 17:58:13.681206+00:00
bf3a26f2-e44a-4e80-8e88-d5ea1f0b6771,completed,2026-06-19 17:57:43.836968+00:00,2026-06-19 17:58:13.756133+00:00
6590a01b-f00a-4d02-ae49-bbf26220a3af,completed,2026-06-19 17:57:43.867791+00:00,2026-06-19 17:58:13.838366+00:00
cc5fe4ef-ed7a-4dad-a7ed-50f6c7bd5e98,completed,2026-06-19 17:57:43.961805+00:00,2026-06-19 17:58:13.872887+00:00
6ad05cab-c62e-4802-ae29-25130ccf7188,completed,2026-06-19 17:57:44.011726+00:00,2026-06-19 17:58:13.920221+00:00
7d860c68-b997-441b-acd8-8baf147444ad,completed,2026-06-19 17:57:44.036955+00:00,2026-06-19 17:58:14.027633+00:00
a2ec2208-f616-40f6-972e-f68e752f3e9d,completed,2026-06-19 17:57:44.137660+00:00,2026-06-19 17:58:14.054176+00:00
ac296309-dbca-4e2f-a42e-4a42aba7bd4d,completed,2026-06-19 17:57:44.187257+00:00,2026-06-19 17:58:14.073371+00:00
1431baed-86ce-4abd-ba25-c9d2f2660481,completed,2026-06-19 17:57:44.342080+00:00,2026-06-19 17:58:14.227212+00:00
1020a18b-69cd-49c0-b4d7-5b6ffd289bfb,completed,2026-06-19 17:57:44.516100+00:00,2026-06-19 17:58:14.383299+00:00
fba82e60-fa6f-419f-ab59-751acff0bda8,completed,2026-06-19 17:57:44.362253+00:00,2026-06-19 17:58:14.394058+00:00
831e5fad-a8e0-419e-a29f-3f1ac680ed6c,completed,2026-06-19 17:57:44.464594+00:00,2026-06-19 17:58:14.415565+00:00
13be8fc9-d7ba-4c81-a470-1ca9e18400d7,completed,2026-06-19 17:57:44.574315+00:00,2026-06-19 17:58:14.536274+00:00
46509f28-4fa2-42d0-94d6-b608660af1ef,completed,2026-06-19 17:57:44.666540+00:00,2026-06-19 17:58:14.555989+00:00
42bcb338-10a4-4e5d-9337-3e4dfa297499,completed,2026-06-19 17:57:13.095387+00:00,2026-06-19 17:57:43.236211+00:00
4d1cc1dd-1088-4a0f-8f93-b2e340baf31f,completed,2026-06-19 17:57:14.564783+00:00,2026-06-19 17:57:44.674843+00:00
e8a4457f-ad6d-4d3a-9db8-17b9729b7433,completed,2026-06-19 17:57:15.110583+00:00,2026-06-19 17:57:45.231587+00:00
fae94b71-fc39-42eb-9375-b0750a50fb46,completed,2026-06-19 17:57:15.693194+00:00,2026-06-19 17:57:45.741568+00:00
faf464af-52de-4cc5-b100-ff4e25e5ae72,completed,2026-06-19 17:57:16.709882+00:00,2026-06-19 17:57:46.798743+00:00
1c2e85ff-d7ae-44f8-938d-2da5f3715346,completed,2026-06-19 17:57:17.257355+00:00,2026-06-19 17:57:47.389597+00:00
b350654f-a97c-4013-8885-efba925d7751,completed,2026-06-19 17:57:17.658756+00:00,2026-06-19 17:57:47.778709+00:00
97cd4e79-7159-4af7-8e65-a433f5ced38b,completed,2026-06-19 17:57:18.262721+00:00,2026-06-19 17:57:48.328665+00:00
da048fcc-25ab-45b4-9be0-e275d72ff98c,completed,2026-06-19 17:57:18.810841+00:00,2026-06-19 17:57:48.888086+00:00
c56c6cc6-bf47-4592-a7e6-4580d2e1221f,completed,2026-06-19 17:57:19.309060+00:00,2026-06-19 17:57:49.475851+00:00
53da5cb7-cdd0-4a16-858f-3f3cfded2b0c,completed,2026-06-19 17:57:21.384154+00:00,2026-06-19 17:57:51.499966+00:00
791ecdc7-fec5-4d92-9129-4e5918033dcd,completed,2026-06-19 17:57:21.932914+00:00,2026-06-19 17:57:52.040887+00:00
3a501ce1-38a4-4e98-83ad-4bbd1fe41da7,completed,2026-06-19 17:57:23.086552+00:00,2026-06-19 17:57:53.121515+00:00
44ce92c8-edba-4b5e-b30d-3390939c5311,completed,2026-06-19 17:57:23.614601+00:00,2026-06-19 17:57:53.692574+00:00
52250c5f-0e2b-4f28-a3c6-0555204845e0,completed,2026-06-19 17:57:46.810472+00:00,2026-06-19 17:58:16.649650+00:00
fe6fb9ca-1433-4707-a2d6-c83dc5400132,completed,2026-06-19 17:57:46.887237+00:00,2026-06-19 17:58:16.741845+00:00
38f0ae8e-30db-4972-b55b-ac05b8f94240,completed,2026-06-19 17:57:44.936236+00:00,2026-06-19 17:58:14.906713+00:00
efb20988-bff9-40bd-ae85-c14f92a02ec2,completed,2026-06-19 17:57:44.887997+00:00,2026-06-19 17:58:14.754920+00:00
b11df3a1-db8d-40f5-b826-2a76e518211c,completed,2026-06-19 17:57:45.011673+00:00,2026-06-19 17:58:14.902158+00:00
4f3cc81a-c97b-4735-942f-a8affbabb805,completed,2026-06-19 17:57:45.037357+00:00,2026-06-19 17:58:14.928516+00:00
8ec638e9-c560-4148-bff0-fae4035d9ced,completed,2026-06-19 17:57:45.186849+00:00,2026-06-19 17:58:15.094925+00:00
dad9d8ca-4aa2-4d4c-b7d1-a6a2c27e8b42,completed,2026-06-19 17:57:45.236604+00:00,2026-06-19 17:58:15.121820+00:00
a08e10ad-c33b-4cc0-9a2c-a32f20265115,completed,2026-06-19 17:57:45.438552+00:00,2026-06-19 17:58:15.272554+00:00
3c8e9fd3-8083-482f-b0cd-3c51dc345992,completed,2026-06-19 17:57:45.285800+00:00,2026-06-19 17:58:15.280828+00:00
c24b43bd-9e76-4a7c-8e0b-98fe4d7c84ef,completed,2026-06-19 17:57:45.360696+00:00,2026-06-19 17:58:15.296595+00:00
89834922-efcc-4c88-a990-455f68d08ca9,completed,2026-06-19 17:57:45.537203+00:00,2026-06-19 17:58:15.426270+00:00
88032549-ffe7-4d0e-b084-b5460522d73f,completed,2026-06-19 17:57:45.489168+00:00,2026-06-19 17:58:15.446873+00:00
33aa5970-04e8-4df7-b65f-32b9c7962369,completed,2026-06-19 17:57:45.613223+00:00,2026-06-19 17:58:15.480359+00:00
5a167804-dff0-4878-be5b-0dac1c731409,completed,2026-06-19 17:57:45.660563+00:00,2026-06-19 17:58:15.594108+00:00
50da7ae8-bd67-468d-ba9b-5b6cec2c6c4a,completed,2026-06-19 17:57:45.760852+00:00,2026-06-19 17:58:15.616468+00:00
876fbeae-289c-404d-880f-6fcd7d3daae2,completed,2026-06-19 17:57:45.936202+00:00,2026-06-19 17:58:15.758329+00:00
1d4ba74e-b2d5-48b6-adcd-1cf348ee9ad6,completed,2026-06-19 17:57:45.836845+00:00,2026-06-19 17:58:15.803555+00:00
79071068-efc3-4ce1-b19c-d47c9a11dce3,completed,2026-06-19 17:57:46.011758+00:00,2026-06-19 17:58:15.859578+00:00
2355ecd9-0a56-40c1-ac1a-a5f2e66cac5a,completed,2026-06-19 17:57:46.035612+00:00,2026-06-19 17:58:15.920297+00:00
6be36085-68ff-4f37-8575-13355c79fbaf,completed,2026-06-19 17:57:46.111854+00:00,2026-06-19 17:58:15.976664+00:00
c459873c-22d5-4485-aaf6-6fe404f399a9,completed,2026-06-19 17:57:46.188315+00:00,2026-06-19 17:58:16.033287+00:00
4e70ee0f-1120-4c50-a39b-0dc35b6a1995,completed,2026-06-19 17:57:46.214500+00:00,2026-06-19 17:58:16.073362+00:00
eddb5a95-6360-462f-b11f-f9ed7a50f94c,completed,2026-06-19 17:57:46.287220+00:00,2026-06-19 17:58:16.137889+00:00
9be75c97-f194-46cb-81fc-7e381d0a6137,completed,2026-06-19 17:57:46.386626+00:00,2026-06-19 17:58:16.292949+00:00
738df19d-5f71-4ecc-9204-f7ff28f009ea,completed,2026-06-19 17:57:46.560956+00:00,2026-06-19 17:58:16.388408+00:00
6f4492f7-36c6-491d-93b5-7565b9151c60,completed,2026-06-19 17:57:46.635918+00:00,2026-06-19 17:58:16.461106+00:00
a2998d79-9100-4229-bca9-542d0dec1eae,completed,2026-06-19 17:57:46.587780+00:00,2026-06-19 17:58:16.466336+00:00
e49b358b-2f55-454e-a775-109142cd21e5,completed,2026-06-19 17:57:46.710907+00:00,2026-06-19 17:58:16.563812+00:00
378bdd83-96a4-4a27-896c-8769ae88f8ae,completed,2026-06-19 17:57:46.837775+00:00,2026-06-19 17:58:16.625317+00:00
1fba7317-e828-485e-a5fd-6ab4213b0b89,completed,2026-06-19 17:57:48.912020+00:00,2026-06-19 17:58:18.768639+00:00
d1b545c0-bc68-43d2-bdf3-a6b43def6d33,completed,2026-06-19 17:57:48.061496+00:00,2026-06-19 17:58:17.888782+00:00
74a864ba-9b68-43de-86de-c9cbf36c6b23,completed,2026-06-19 17:57:47.011945+00:00,2026-06-19 17:58:16.828570+00:00
a7743a69-976c-4dcc-bada-715dbaf2bd9e,completed,2026-06-19 17:57:47.087108+00:00,2026-06-19 17:58:16.900116+00:00
b7506897-b304-4a23-b0b8-bb36ce21bae4,completed,2026-06-19 17:57:47.136907+00:00,2026-06-19 17:58:16.975727+00:00
3e98d91d-104b-48ef-8c36-69fdedd71686,completed,2026-06-19 17:57:47.213336+00:00,2026-06-19 17:58:17.016615+00:00
e5d61a48-0358-44dd-8a5e-7929c730b1af,completed,2026-06-19 17:57:47.262003+00:00,2026-06-19 17:58:17.068003+00:00
88cc115f-9295-47e6-a8df-1b1a24f87bd7,completed,2026-06-19 17:57:47.312283+00:00,2026-06-19 17:58:17.169184+00:00
b6edff7c-bbbf-41fa-b189-bf39ec0d8ae8,completed,2026-06-19 17:57:47.436497+00:00,2026-06-19 17:58:17.234297+00:00
b4284490-478d-429e-a63e-e2a8451d70df,completed,2026-06-19 17:57:47.536306+00:00,2026-06-19 17:58:17.357447+00:00
bf2eac7f-6043-46a9-82ef-7c4a526a96a1,completed,2026-06-19 17:57:47.561579+00:00,2026-06-19 17:58:17.369499+00:00
992da7fd-9cac-4f75-877d-343b768af02b,completed,2026-06-19 17:57:47.587285+00:00,2026-06-19 17:58:17.393877+00:00
5bdd7e7f-0c41-4bc2-a247-3fc9856ead90,completed,2026-06-19 17:57:47.611231+00:00,2026-06-19 17:58:17.525338+00:00
25c24428-1dba-46ea-a9c3-96b1e153edc5,completed,2026-06-19 17:57:47.711952+00:00,2026-06-19 17:58:17.541003+00:00
875e0137-3812-4a69-931f-b7381492b5e8,completed,2026-06-19 17:57:47.787886+00:00,2026-06-19 17:58:17.600400+00:00
564a7bd7-ed6c-4d03-a160-a5b194482bcd,completed,2026-06-19 17:57:47.824366+00:00,2026-06-19 17:58:17.709018+00:00
aea8dd13-6fec-4949-9415-3a85a2ce954b,completed,2026-06-19 17:57:47.960540+00:00,2026-06-19 17:58:17.784489+00:00
c49f91c6-c4d7-41cb-ab2c-26d58869e4e0,completed,2026-06-19 17:57:47.986543+00:00,2026-06-19 17:58:17.883176+00:00
615654ff-f58b-4951-bc84-0995e2fd74e0,completed,2026-06-19 17:57:48.137037+00:00,2026-06-19 17:58:17.978219+00:00
9c740c91-f60e-45c4-8d62-54aae2cecedd,completed,2026-06-19 17:57:48.211274+00:00,2026-06-19 17:58:18.059390+00:00
1b8d1f77-2729-4b11-8a31-4af41e759407,completed,2026-06-19 17:57:48.285239+00:00,2026-06-19 17:58:18.161813+00:00
40fa9aee-b274-42de-834c-41046d4ffc68,completed,2026-06-19 17:57:48.415078+00:00,2026-06-19 17:58:18.225028+00:00
d078953d-bf35-4791-aa24-849ce6b56361,completed,2026-06-19 17:57:48.338799+00:00,2026-06-19 17:58:18.249805+00:00
1a54198d-53fc-4465-9cb3-0a318431d053,completed,2026-06-19 17:57:48.461184+00:00,2026-06-19 17:58:18.351896+00:00
f24c774b-dba5-412f-a570-e2cbe8fe5a5a,completed,2026-06-19 17:57:48.537439+00:00,2026-06-19 17:58:18.394839+00:00
572e8511-9fb2-4453-8af0-d6a7a2d2c15a,completed,2026-06-19 17:57:48.588885+00:00,2026-06-19 17:58:18.428479+00:00
d0a04d55-c8fa-46a9-b74c-a4720c0aa9a2,completed,2026-06-19 17:57:48.661905+00:00,2026-06-19 17:58:18.536596+00:00
0d87a535-05c9-46e5-b194-9c7096b5cbf3,completed,2026-06-19 17:57:48.739115+00:00,2026-06-19 17:58:18.589275+00:00
f4a7dcf3-6cbb-4109-9699-3f12d7f83728,completed,2026-06-19 17:57:48.792775+00:00,2026-06-19 17:58:18.615668+00:00
f5629dde-c352-4a66-affd-585edd4bcc9d,completed,2026-06-19 17:57:48.837745+00:00,2026-06-19 17:58:18.702655+00:00
f8a87166-20a2-425d-98ee-62e994ea8f71,completed,2026-06-19 17:57:51.113246+00:00,2026-06-19 17:58:21.051785+00:00
13a5861b-d177-4ebe-86f8-a49576959c32,completed,2026-06-19 17:57:50.912195+00:00,2026-06-19 17:58:20.915976+00:00
674c7257-b128-452c-a5b5-3154ab8cb0d6,completed,2026-06-19 17:57:49.114742+00:00,2026-06-19 17:58:18.944902+00:00
4e9fe2c6-f697-4fca-9549-8b5718e7ca0c,completed,2026-06-19 17:57:49.087744+00:00,2026-06-19 17:58:18.951280+00:00
454b3486-1119-4ff8-b5db-cdbc06bf71b2,completed,2026-06-19 17:57:49.287977+00:00,2026-06-19 17:58:19.089438+00:00
4ca7607b-7f50-4259-96c1-e020bbe97fec,completed,2026-06-19 17:57:49.312147+00:00,2026-06-19 17:58:19.105822+00:00
67b5071d-bac3-49a7-9330-493fbc716359,completed,2026-06-19 17:57:49.413122+00:00,2026-06-19 17:58:19.242830+00:00
d4b1030f-e429-41eb-a49e-ffd2f62431e8,completed,2026-06-19 17:57:49.486274+00:00,2026-06-19 17:58:19.256138+00:00
a142d8b4-37c9-44a5-afbe-932890477c99,completed,2026-06-19 17:57:49.188484+00:00,2026-06-19 17:58:19.417146+00:00
185ac181-a3ee-4f5a-b94e-c80f46964dca,completed,2026-06-19 17:57:49.586972+00:00,2026-06-19 17:58:19.446881+00:00
f9708528-5657-4fef-89ac-e44b5d2f0623,completed,2026-06-19 17:57:49.660757+00:00,2026-06-19 17:58:19.549315+00:00
c690a458-917f-4ac9-bbf2-25c1eeea4545,completed,2026-06-19 17:57:49.690032+00:00,2026-06-19 17:58:19.596875+00:00
7707c916-5dae-4a82-ac54-57578a0b4c82,completed,2026-06-19 17:57:49.785911+00:00,2026-06-19 17:58:19.636352+00:00
e08f24d7-df2e-4e48-8faf-8245b4dc3bc3,completed,2026-06-19 17:57:49.837697+00:00,2026-06-19 17:58:19.730275+00:00
552a650b-8864-4407-8303-3a7bc4dd8c9f,completed,2026-06-19 17:57:49.860585+00:00,2026-06-19 17:58:19.787800+00:00
b2e8a165-3d61-4a02-a4f3-a4955063b9a7,completed,2026-06-19 17:57:49.937770+00:00,2026-06-19 17:58:19.795577+00:00
49d84a97-bb87-4b60-a4c9-58f77c5b8c0b,completed,2026-06-19 17:57:50.063000+00:00,2026-06-19 17:58:19.954790+00:00
2016f68f-3200-4ad1-be7c-953c1b0227cd,completed,2026-06-19 17:57:50.136600+00:00,2026-06-19 17:58:19.989142+00:00
626b8b02-0d00-40db-9c4d-3c27f4fc6a6c,completed,2026-06-19 17:57:50.238074+00:00,2026-06-19 17:58:20.115501+00:00
12edb8cd-4507-416d-84c0-c7140526a672,completed,2026-06-19 17:57:50.311311+00:00,2026-06-19 17:58:20.164429+00:00
d1cc8bbb-18ca-4a11-a9b2-2530236811a6,completed,2026-06-19 17:57:50.436301+00:00,2026-06-19 17:58:20.305856+00:00
9cb0ca88-2e4f-4871-ab74-7c4ca1956898,completed,2026-06-19 17:57:50.386221+00:00,2026-06-19 17:58:20.337143+00:00
afd45b25-d2a8-4818-921b-bc164a3596a2,completed,2026-06-19 17:57:50.561697+00:00,2026-06-19 17:58:20.498093+00:00
d190baf1-b45f-4bf4-a451-05a0a54dd2ca,completed,2026-06-19 17:57:50.686279+00:00,2026-06-19 17:58:20.501533+00:00
923fc01e-b014-4377-b212-7bb3e859c20a,completed,2026-06-19 17:57:50.586791+00:00,2026-06-19 17:58:20.527420+00:00
3f5ce55d-657f-43ab-a723-0f8fb6c4b2e9,completed,2026-06-19 17:57:50.836059+00:00,2026-06-19 17:58:20.685943+00:00
7434e6ab-5400-4b57-8e02-80431454768a,completed,2026-06-19 17:57:50.736586+00:00,2026-06-19 17:58:20.702052+00:00
3408e6e3-7991-495b-b9a2-822a93724fb0,completed,2026-06-19 17:57:50.788000+00:00,2026-06-19 17:58:20.703006+00:00
e2686eba-7c35-4567-aea5-7093b6246e9d,completed,2026-06-19 17:57:50.962216+00:00,2026-06-19 17:58:20.885680+00:00
2c2d1115-8867-4540-b411-3fa9789607d8,completed,2026-06-19 17:57:51.011451+00:00,2026-06-19 17:58:20.905720+00:00
12402985-be56-4e42-97da-3e3900a28e97,completed,2026-06-19 17:57:53.137246+00:00,2026-06-19 17:58:23.324743+00:00
f7beaf8e-0c81-42f8-b646-58e9b8d24da1,completed,2026-06-19 17:57:52.489965+00:00,2026-06-19 17:58:22.604041+00:00
ec362049-2103-4913-bb4c-132d2e4cf83e,completed,2026-06-19 17:57:51.162016+00:00,2026-06-19 17:58:21.105917+00:00
36fe1e4a-e142-47ce-a822-fdc6bd391e03,completed,2026-06-19 17:57:51.187746+00:00,2026-06-19 17:58:21.222545+00:00
2ad1f607-3e03-4155-a0e8-b6fade0c6781,completed,2026-06-19 17:57:52.511528+00:00,2026-06-19 17:58:22.599202+00:00
9904ddbb-bd44-4083-87c2-e0c8edb2aef4,completed,2026-06-19 17:57:51.337057+00:00,2026-06-19 17:58:21.319067+00:00
0c8f2946-01d8-4ea1-aa0f-92b51262a8fd,completed,2026-06-19 17:57:51.386980+00:00,2026-06-19 17:58:21.413074+00:00
e3293eb4-745f-4f43-8201-62f9729a3515,completed,2026-06-19 17:57:51.486370+00:00,2026-06-19 17:58:21.496764+00:00
bd9c20fa-59a9-4de6-b86c-ac5a251e1737,completed,2026-06-19 17:57:51.512420+00:00,2026-06-19 17:58:21.525053+00:00
abad9789-fa8d-42b8-9eca-6fabadabb57b,completed,2026-06-19 17:57:51.587089+00:00,2026-06-19 17:58:21.605858+00:00
da56b9dd-10b8-4300-ac4b-2287abf56085,completed,2026-06-19 17:57:51.687309+00:00,2026-06-19 17:58:21.695909+00:00
b8934e1b-1b96-4f48-b814-ce692bbd9f99,completed,2026-06-19 17:57:51.712552+00:00,2026-06-19 17:58:21.734646+00:00
f8a823fe-315a-4924-9b12-23e4281913ac,completed,2026-06-19 17:57:51.737328+00:00,2026-06-19 17:58:21.795030+00:00
22841bad-bdde-4d81-a6d1-ac736360be0f,completed,2026-06-19 17:57:51.887493+00:00,2026-06-19 17:58:21.941290+00:00
71f5ed34-2857-4d47-b1bb-e68c1cfc807e,completed,2026-06-19 17:57:51.911396+00:00,2026-06-19 17:58:21.971132+00:00
4bc45c8c-e01f-453a-a3ea-b6e5c2a90f05,completed,2026-06-19 17:57:51.937100+00:00,2026-06-19 17:58:21.979579+00:00
c42bca6f-be66-4c4d-a920-654fe225f425,completed,2026-06-19 17:57:52.060890+00:00,2026-06-19 17:58:22.126249+00:00
a1bb6356-8e30-4bd4-b0d1-9b8e7fea679e,completed,2026-06-19 17:57:52.110507+00:00,2026-06-19 17:58:22.170782+00:00
6294106d-8d05-4f02-b849-82a0a8adaaa5,completed,2026-06-19 17:57:52.211998+00:00,2026-06-19 17:58:22.365838+00:00
0d83f5be-d0a6-42fc-b489-c53f2b0f4f2b,completed,2026-06-19 17:57:52.338332+00:00,2026-06-19 17:58:22.382304+00:00
df2db91d-d64b-401b-9a1c-0e3457eb095c,completed,2026-06-19 17:57:52.312005+00:00,2026-06-19 17:58:22.408433+00:00
ef0ea9ce-df77-4572-b73c-fb86c62e5413,completed,2026-06-19 17:57:52.412285+00:00,2026-06-19 17:58:22.594984+00:00
cd7a443f-9ec0-4666-a567-c400e64ddac7,completed,2026-06-19 17:57:52.661687+00:00,2026-06-19 17:58:22.791951+00:00
8043ac01-c76f-457f-ba2b-09bcfa92bf42,completed,2026-06-19 17:57:52.687461+00:00,2026-06-19 17:58:22.824282+00:00
7eafd57c-0869-4193-94a2-cf5eda2a1418,completed,2026-06-19 17:57:52.786950+00:00,2026-06-19 17:58:22.938062+00:00
a90a2a44-b654-48cf-8736-94dc65655a2c,completed,2026-06-19 17:57:52.862948+00:00,2026-06-19 17:58:22.991806+00:00
e39afc37-3ba5-4fd0-a420-c0359577ecb5,completed,2026-06-19 17:57:52.836670+00:00,2026-06-19 17:58:23.005134+00:00
31953446-3df7-417f-938a-d2564a1495f8,completed,2026-06-19 17:57:52.986711+00:00,2026-06-19 17:58:23.123913+00:00
da3332f8-854a-429e-a33e-ebd36f43a979,completed,2026-06-19 17:57:53.036767+00:00,2026-06-19 17:58:23.157233+00:00
9939e9fa-1e8d-40cf-b8f0-d03925ec1eed,completed,2026-06-19 17:57:53.090995+00:00,2026-06-19 17:58:23.196068+00:00
d8af858c-0540-4283-929b-2b35e7bdf7e6,failed,2026-06-19 17:57:53.315235+00:00,2026-06-19 17:58:23.331183+00:00
3406505f-dcde-40b3-bf0a-e38592876a2a,completed,2026-06-19 17:57:53.442922+00:00,2026-06-19 17:58:23.529500+00:00
d0a845a0-255e-42ac-b7fe-dc41d5336f61,completed,2026-06-19 17:57:55.313464+00:00,2026-06-19 17:58:25.375420+00:00
82d4b213-70a6-4455-88c3-e8423af7940e,completed,2026-06-19 17:57:53.413770+00:00,2026-06-19 17:58:23.527045+00:00
f9769958-b51a-4fbd-b6fe-d68dba9315d5,completed,2026-06-19 17:57:53.548021+00:00,2026-06-19 17:58:23.551052+00:00
2726774b-c866-4458-ac8a-d45b0290d295,completed,2026-06-19 17:57:53.638851+00:00,2026-06-19 17:58:23.696990+00:00
13fbf419-d728-45ef-9852-9b43441a7b7e,completed,2026-06-19 17:57:55.387532+00:00,2026-06-19 17:58:25.346384+00:00
fde9ecf4-a23a-4588-a694-6733e795bfc9,completed,2026-06-19 17:57:53.712758+00:00,2026-06-19 17:58:23.744584+00:00
0c45ebd4-8793-426a-b6c1-8caa60adf7e6,completed,2026-06-19 17:57:53.764502+00:00,2026-06-19 17:58:23.882857+00:00
1111e3ac-59e0-498c-b91d-0b1f37327ed1,completed,2026-06-19 17:57:53.840645+00:00,2026-06-19 17:58:23.893808+00:00
65adac60-5caf-42fe-b5f6-30e705cc6dee,completed,2026-06-19 17:57:53.913438+00:00,2026-06-19 17:58:23.939800+00:00
405d399b-b014-4791-a3a3-71fdc34ec0fa,completed,2026-06-19 17:57:53.988321+00:00,2026-06-19 17:58:24.045882+00:00
8d98b812-31a3-4057-9d6a-c89083d2b21c,completed,2026-06-19 17:57:54.048214+00:00,2026-06-19 17:58:24.091458+00:00
8fe547d2-b738-4a49-ac7e-1bab7e72c51b,completed,2026-06-19 17:57:54.138129+00:00,2026-06-19 17:58:24.121056+00:00
384a8724-4c9d-4787-874b-414a7b04d402,completed,2026-06-19 17:57:54.216848+00:00,2026-06-19 17:58:24.209097+00:00
47b2827f-834b-424c-a0fc-1fc71a224100,completed,2026-06-19 17:57:54.247681+00:00,2026-06-19 17:58:24.280581+00:00
720198f2-1183-43c2-bcfc-f2f9497df44f,completed,2026-06-19 17:57:54.363182+00:00,2026-06-19 17:58:24.384102+00:00
c18f1780-dc7d-4e7a-84b3-172a433a84d5,completed,2026-06-19 17:57:54.438015+00:00,2026-06-19 17:58:24.441369+00:00
8d073ddb-5420-449d-b9a3-e9440c8becc4,completed,2026-06-19 17:57:54.486449+00:00,2026-06-19 17:58:24.480777+00:00
3251e735-ff4a-4f43-8749-8fed67c317e3,completed,2026-06-19 17:57:54.536607+00:00,2026-06-19 17:58:24.540509+00:00
fd3983ba-e6df-4f21-9983-cf0d8de8c1db,completed,2026-06-19 17:57:54.611019+00:00,2026-06-19 17:58:24.631304+00:00
f5d5f127-330a-4301-b9bb-c49289108350,completed,2026-06-19 17:57:54.688606+00:00,2026-06-19 17:58:24.656006+00:00
a2dd1ea1-3d08-4cb5-87a9-4c54e5d095dc,completed,2026-06-19 17:57:54.712386+00:00,2026-06-19 17:58:24.709726+00:00
502aec7c-fdde-48c7-b43b-138a595804a9,completed,2026-06-19 17:57:54.812643+00:00,2026-06-19 17:58:24.822856+00:00
15799e2a-9b05-4145-98c3-ca9793c19e09,completed,2026-06-19 17:57:54.911422+00:00,2026-06-19 17:58:24.867507+00:00
d785f151-5ed4-41cd-874a-c73ca6f2f12b,completed,2026-06-19 17:57:55.014232+00:00,2026-06-19 17:58:25.006736+00:00
d143f3d5-f82c-4e66-9cf2-72e381631bc4,completed,2026-06-19 17:57:55.110255+00:00,2026-06-19 17:58:25.017728+00:00
67619929-e6e2-4783-a75a-9f6282d45ed6,completed,2026-06-19 17:57:55.085389+00:00,2026-06-19 17:58:25.032028+00:00
f3a1eb0d-5b4f-419b-ab57-ca957df7f027,completed,2026-06-19 17:57:55.274232+00:00,2026-06-19 17:58:25.189884+00:00
52d4333e-5cf4-4c7a-9286-fa2e0dae3bb0,completed,2026-06-19 17:57:55.215103+00:00,2026-06-19 17:58:25.207956+00:00
91e006a8-cdfc-42b2-b741-389e9afce796,completed,2026-06-19 17:57:25.765109+00:00,2026-06-19 17:57:55.803073+00:00
0fd9fdd9-1c57-4101-8447-0046812ca11e,completed,2026-06-19 17:57:25.786191+00:00,2026-06-19 17:57:55.856451+00:00
d03bbe68-adfb-4d7c-8e53-17daa78bfbb9,completed,2026-06-19 17:57:26.173866+00:00,2026-06-19 17:57:56.307204+00:00
32d1e23a-6bc7-495e-b3db-7629ad42380f,completed,2026-06-19 17:57:26.742207+00:00,2026-06-19 17:57:56.871936+00:00
95cee644-af9c-4f3c-8ef4-08b5729ae8a9,completed,2026-06-19 17:57:57.140419+00:00,2026-06-19 17:58:27.067847+00:00
ff0eb665-12ac-47bc-9e9c-d7b8993ca7ab,completed,2026-06-19 17:57:57.161821+00:00,2026-06-19 17:58:27.107838+00:00
0858da72-7d48-4907-8f2c-4ab7886ea305,completed,2026-06-19 17:57:56.788493+00:00,2026-06-19 17:58:26.759641+00:00
ac7e2725-248c-4e5a-9375-658e7ff48dcc,completed,2026-06-19 17:57:55.463596+00:00,2026-06-19 17:58:25.436546+00:00
5c68bd85-6e8a-4bd7-a6c3-74aaa9b5dc79,completed,2026-06-19 17:57:55.487378+00:00,2026-06-19 17:58:25.516259+00:00
1b401b22-8144-4ede-9d0e-bd7d7904b552,completed,2026-06-19 17:57:55.637051+00:00,2026-06-19 17:58:25.610037+00:00
e19db9a3-502f-426b-92b8-e34436abad77,completed,2026-06-19 17:57:55.662184+00:00,2026-06-19 17:58:25.695062+00:00
771afce8-e590-4ff3-8da6-36cde449afa7,completed,2026-06-19 17:57:55.687415+00:00,2026-06-19 17:58:25.711967+00:00
09ba8a04-ce1e-47a4-bde9-4d3a5de8f145,completed,2026-06-19 17:57:55.762371+00:00,2026-06-19 17:58:25.762147+00:00
64d86f3b-e4c7-431c-8cb9-6c85be358595,completed,2026-06-19 17:57:55.815879+00:00,2026-06-19 17:58:25.872571+00:00
09c04440-38c8-4855-ba8c-e8e300eb9aa0,completed,2026-06-19 17:57:55.861946+00:00,2026-06-19 17:58:25.891995+00:00
e8d6e2a6-410d-4761-9976-4b5edbd7ba4d,completed,2026-06-19 17:57:55.961674+00:00,2026-06-19 17:58:25.939875+00:00
3a36fb27-3a85-4449-8ca1-0b3c2f2b409d,completed,2026-06-19 17:57:56.012772+00:00,2026-06-19 17:58:26.050278+00:00
c09a4e89-3c49-4a4c-bc80-6b7697c9e5b8,completed,2026-06-19 17:57:56.137951+00:00,2026-06-19 17:58:26.147399+00:00
c1c5140b-a0d6-46d9-9788-e4919532214b,completed,2026-06-19 17:57:56.210876+00:00,2026-06-19 17:58:26.196422+00:00
ea3e059e-549a-419c-ba54-1ca3b33b4269,completed,2026-06-19 17:57:56.264569+00:00,2026-06-19 17:58:26.243950+00:00
d9a78255-b780-4ff2-b111-16b5eb13c1ff,completed,2026-06-19 17:57:56.312895+00:00,2026-06-19 17:58:26.308399+00:00
a1af3043-27be-41fa-9d9e-e4a2cb82e1ae,completed,2026-06-19 17:57:56.412936+00:00,2026-06-19 17:58:26.400499+00:00
ba788b69-a628-4726-bef4-a7e8e8ce8088,completed,2026-06-19 17:57:56.464901+00:00,2026-06-19 17:58:26.437269+00:00
dc009aba-49c2-4a5b-b7ad-1570f3026dad,completed,2026-06-19 17:57:56.519156+00:00,2026-06-19 17:58:26.481620+00:00
234ddfc1-9f65-4096-8045-99df764f2b8f,completed,2026-06-19 17:57:56.573569+00:00,2026-06-19 17:58:26.580600+00:00
08c973a5-9e11-4f42-aa79-16aa1d136102,completed,2026-06-19 17:57:56.718504+00:00,2026-06-19 17:58:26.664213+00:00
5ed5fbe8-2b6f-4cfe-83d5-3580e253fdea,completed,2026-06-19 17:57:56.866871+00:00,2026-06-19 17:58:26.755260+00:00
160d11b1-0dae-4d16-b619-1b34a857da36,completed,2026-06-19 17:57:56.889183+00:00,2026-06-19 17:58:26.856304+00:00
caf51542-b1c3-4ed1-9f4d-a87564f42ba5,completed,2026-06-19 17:57:57.037636+00:00,2026-06-19 17:58:26.923856+00:00
ac65f3fe-6989-4ecd-95f0-0321c795fe2e,completed,2026-06-19 17:57:57.120876+00:00,2026-06-19 17:58:27.045792+00:00
d63b55d3-e4ce-4a8e-a0cb-a94f514679b2,failed,2026-06-19 17:57:58.662032+00:00,2026-06-19 17:58:28.691219+00:00
97c6702f-2d29-44ec-9ab6-899bd80f748f,completed,2026-06-19 17:57:57.287883+00:00,2026-06-19 17:58:27.240804+00:00
24c7c64f-8ac5-44dd-870c-4e21b1aa2d36,completed,2026-06-19 17:57:57.337818+00:00,2026-06-19 17:58:27.299819+00:00
ffcd323b-3558-44bd-ac23-74653ed605c8,completed,2026-06-19 17:57:57.439134+00:00,2026-06-19 17:58:27.380744+00:00
cd128a15-2a88-4415-8410-763b0f8ab00b,completed,2026-06-19 17:57:57.489774+00:00,2026-06-19 17:58:27.412345+00:00
3f39f476-3be1-4fdf-bee4-fd3f86c9cfe1,completed,2026-06-19 17:57:57.511848+00:00,2026-06-19 17:58:27.480059+00:00
287721f0-b5f4-4adb-a4f1-6fa2265f1e76,completed,2026-06-19 17:57:57.655109+00:00,2026-06-19 17:58:27.546983+00:00
5919ac1a-100c-4461-b8b4-f1dedf924177,completed,2026-06-19 17:57:57.686389+00:00,2026-06-19 17:58:27.655603+00:00
5c5730e8-4c8e-4e8d-adf5-348e69d215e6,completed,2026-06-19 17:57:57.814516+00:00,2026-06-19 17:58:27.705989+00:00
4526bc20-697f-4224-9450-0fc5afe5bb00,completed,2026-06-19 17:57:57.837247+00:00,2026-06-19 17:58:27.750336+00:00
0e3e5996-ab85-4a06-8c31-c3b8d6b0a8e9,completed,2026-06-19 17:57:57.862347+00:00,2026-06-19 17:58:27.855571+00:00
6c0dad1b-ca27-45ed-9a2c-dc1a7cd1100c,completed,2026-06-19 17:57:57.887453+00:00,2026-06-19 17:58:27.872222+00:00
8861d6bd-7388-47cb-957d-25c9f2329ad7,completed,2026-06-19 17:57:58.012415+00:00,2026-06-19 17:58:27.928878+00:00
0a1f20f5-0078-4adc-b8d2-6cef2d9ec525,completed,2026-06-19 17:57:58.038319+00:00,2026-06-19 17:58:28.051662+00:00
9805a73a-eb21-4ec6-b4b9-0b404a496a8f,completed,2026-06-19 17:57:58.185999+00:00,2026-06-19 17:58:28.088235+00:00
38e83420-cf57-4261-9939-9981c7940695,completed,2026-06-19 17:57:58.236401+00:00,2026-06-19 17:58:28.215420+00:00
1448a1dd-279c-4c7a-9f08-1a336cda5deb,completed,2026-06-19 17:57:58.214258+00:00,2026-06-19 17:58:28.223913+00:00
be3bdff9-90f7-4d2b-819a-e45645eadf63,completed,2026-06-19 17:57:58.362456+00:00,2026-06-19 17:58:28.271049+00:00
964b4463-5433-4a75-9c14-3c1cddf0415e,completed,2026-06-19 17:57:58.387076+00:00,2026-06-19 17:58:28.377245+00:00
14041f49-915a-4ed6-a91d-d9d0a40d46bd,completed,2026-06-19 17:57:58.411045+00:00,2026-06-19 17:58:28.402807+00:00
4cc04a5e-ea71-4f3d-9217-7d0405c07680,completed,2026-06-19 17:57:58.437744+00:00,2026-06-19 17:58:28.452504+00:00
281db640-5150-4b30-bb81-d25f34c1f900,completed,2026-06-19 17:57:58.462390+00:00,2026-06-19 17:58:28.544566+00:00
7813f54e-0c49-4b8a-9ce6-6b54f9c22f2a,completed,2026-06-19 17:57:58.537557+00:00,2026-06-19 17:58:28.583541+00:00
a375e3ea-f3e0-4044-a22e-037ebf11f9d0,completed,2026-06-19 17:57:58.590219+00:00,2026-06-19 17:58:28.688156+00:00
2a0a9b24-c1cc-4dba-ae23-4da0c794cf06,failed,2026-06-19 17:57:58.816557+00:00,2026-06-19 17:58:28.849869+00:00
89b3dada-a619-422e-9204-c8dbd318e3fe,completed,2026-06-19 17:57:58.612231+00:00,2026-06-19 17:58:28.758700+00:00
a69fcc8f-6268-4820-83e6-ee2c976b3e96,completed,2026-06-19 17:57:58.637491+00:00,2026-06-19 17:58:28.795489+00:00
0d96ab2b-8823-452a-b6ea-a6cac0889c74,completed,2026-06-19 17:57:58.740430+00:00,2026-06-19 17:58:28.846285+00:00
3af9b605-5500-4224-9f9c-3d4382d2f9da,failed,2026-06-19 17:57:58.836505+00:00,2026-06-19 17:58:28.853396+00:00
4e4a13b4-8704-46dd-8142-9c74a654e700,completed,2026-06-19 17:57:58.761591+00:00,2026-06-19 17:58:28.930552+00:00
27c8d952-3c5a-404c-b776-14c0b3463376,completed,2026-06-19 17:57:27.259195+00:00,2026-06-19 17:57:57.432520+00:00
08a2fe62-45af-42a1-9f77-5521dfb900cb,completed,2026-06-19 17:57:27.886035+00:00,2026-06-19 17:57:58.011945+00:00
88fbedb9-d98d-411b-a01a-e43c6ccaae37,completed,2026-06-19 17:57:29.910586+00:00,2026-06-19 17:58:00.117074+00:00
fd1fe5c9-1e83-47e6-81b3-4c54fab5a5f4,failed,2026-06-19 17:57:30.909373+00:00,2026-06-19 17:58:00.921055+00:00
2c26fcfb-1403-4f9b-9516-cb1bb9c20891,completed,2026-06-19 17:57:31.286186+00:00,2026-06-19 17:58:01.484884+00:00
ad1b2414-9519-47ee-9a76-d84ce67b942c,failed,2026-06-19 17:57:31.460297+00:00,2026-06-19 17:58:01.488466+00:00
b8798488-addc-4f92-8026-8aa0decc5754,failed,2026-06-19 17:57:31.785937+00:00,2026-06-19 17:58:01.846667+00:00
624a1a02-a37a-4bab-a574-9c074dfa9fca,failed,2026-06-19 17:57:32.009653+00:00,2026-06-19 17:58:02.035186+00:00
6165c272-e5b2-4165-b71d-7998ffa38039,completed,2026-06-19 17:57:32.239153+00:00,2026-06-19 17:58:02.401168+00:00
48a1d1ca-bb9b-4ccb-90e9-beff2310a6fc,completed,2026-06-19 17:57:32.436814+00:00,2026-06-19 17:58:02.580711+00:00
1d4a8ba9-30a5-4593-b249-679028366945,completed,2026-06-19 17:57:32.960990+00:00,2026-06-19 17:58:03.148498+00:00
6bd4134e-339e-4bb0-aff0-bd7a5edd8dfb,completed,2026-06-19 17:57:34.061501+00:00,2026-06-19 17:58:04.235020+00:00
2fcab7de-ba3b-44df-ade5-ceed17cca94d,completed,2026-06-19 17:57:37.286877+00:00,2026-06-19 17:58:07.365237+00:00
c9a43a83-8c48-4510-930b-17e071b105b0,completed,2026-06-19 17:57:38.161195+00:00,2026-06-19 17:58:08.277794+00:00
5bf0c7a4-96b4-43b3-a773-be32ff0639af,completed,2026-06-19 17:57:40.636610+00:00,2026-06-19 17:58:10.592898+00:00
3b4665ea-5b7d-4743-803c-93e05c444863,completed,2026-06-19 17:57:42.715250+00:00,2026-06-19 17:58:12.676420+00:00
a7008195-e4f9-4a98-9e4a-559f2246d1b9,completed,2026-06-19 17:57:46.962173+00:00,2026-06-19 17:58:16.784410+00:00
cc419d09-b83d-40ad-af47-6bb4ceb15adf,completed,2026-06-19 17:57:48.185491+00:00,2026-06-19 17:58:18.049205+00:00
1eab5e80-9af9-4f6e-9fb4-969b1ec04e2a,completed,2026-06-19 17:57:48.962182+00:00,2026-06-19 17:58:18.788729+00:00
eff3bd03-1754-4d48-9eef-c9af3bffee7c,completed,2026-06-19 17:57:49.516787+00:00,2026-06-19 17:58:19.402589+00:00
633b5fdc-0fb3-4609-873b-a622ba2b1efc,completed,2026-06-19 17:57:50.044179+00:00,2026-06-19 17:58:19.919336+00:00
6185eb99-cc8c-47a1-a886-aec878c76996,completed,2026-06-19 17:57:50.211224+00:00,2026-06-19 17:58:20.117475+00:00
c5ff2f7e-1102-4e9b-a8db-1e7f1d4cceb0,completed,2026-06-19 17:57:52.137940+00:00,2026-06-19 17:58:22.152757+00:00
66119193-b90f-4553-9d06-c0ff6d292a5d,completed,2026-06-19 17:57:53.288298+00:00,2026-06-19 17:58:23.371272+00:00
a3697c67-7e5f-44b7-8d52-82f5945460bc,completed,2026-06-19 17:57:54.287649+00:00,2026-06-19 17:58:24.304646+00:00
92bed726-cb53-4fff-a212-7ae547c90bf0,completed,2026-06-19 17:57:54.888464+00:00,2026-06-19 17:58:24.836823+00:00
b7c0c468-21af-4962-8f22-c77cd9171a4f,completed,2026-06-19 17:58:25.812377+00:00,2026-06-19 17:58:53.822472+00:00
bf830109-d0bd-497f-8fd4-f8746b41db1e,completed,2026-06-19 17:57:27.516828+00:00,2026-06-19 17:57:57.639956+00:00
fad87afd-8dcb-43eb-8194-6665e13a3536,completed,2026-06-19 17:57:27.960726+00:00,2026-06-19 17:57:57.994817+00:00
8bf77bed-5a72-4482-96ae-4c1b424d387f,failed,2026-06-19 17:57:28.690385+00:00,2026-06-19 17:57:58.720014+00:00
676bdf0b-2835-44db-8bde-c537c2f061c0,failed,2026-06-19 17:57:29.040616+00:00,2026-06-19 17:57:59.081464+00:00
e3c8e3f1-03f4-4d33-8f78-8351aa5035c8,completed,2026-06-19 17:57:29.309766+00:00,2026-06-19 17:57:59.464976+00:00
a16d85d3-c8cc-4b81-ba70-e006a093eede,failed,2026-06-19 17:57:29.636475+00:00,2026-06-19 17:57:59.651498+00:00
c7aaae56-439f-4914-8f3a-06e000497698,completed,2026-06-19 17:57:30.034748+00:00,2026-06-19 17:58:00.183340+00:00
f05c546f-771b-433a-a77c-d3f07f383212,completed,2026-06-19 17:57:30.387777+00:00,2026-06-19 17:58:00.562153+00:00
617a84dd-38ab-4af4-a9c2-3da6b4ac0d52,completed,2026-06-19 17:57:30.588322+00:00,2026-06-19 17:58:00.743874+00:00
3c266143-8307-4ba8-87b3-43fd19b03d0b,failed,2026-06-19 17:57:30.860762+00:00,2026-06-19 17:58:00.918984+00:00
8478fbcd-1f00-4d25-aec9-63cd380a7b90,failed,2026-06-19 17:57:32.678642+00:00,2026-06-19 17:58:02.702827+00:00
f5d75b7f-33bf-40ba-8bf6-bed4f9670ee0,completed,2026-06-19 17:57:35.110536+00:00,2026-06-19 17:58:05.219001+00:00
39882d8a-ff27-45a1-ae9c-17e3725adccd,completed,2026-06-19 17:57:35.661335+00:00,2026-06-19 17:58:05.761785+00:00
65f70e3d-660f-404b-be0b-4d16338988c3,completed,2026-06-19 17:57:36.310762+00:00,2026-06-19 17:58:06.347818+00:00
ec5e8736-21d7-40f8-83e7-f5fa10d3d9b2,completed,2026-06-19 17:57:37.660660+00:00,2026-06-19 17:58:07.748917+00:00
4dd8d813-c08e-4506-a8e9-1322ab808da7,completed,2026-06-19 17:57:38.684974+00:00,2026-06-19 17:58:08.791917+00:00
8c7e0e91-246b-4266-93d1-cdcc2e4abff6,completed,2026-06-19 17:57:39.088872+00:00,2026-06-19 17:58:09.143284+00:00
344e63dc-986e-4c98-b577-a2eaa57ea042,completed,2026-06-19 17:57:40.111986+00:00,2026-06-19 17:58:10.092200+00:00
704967c3-dee2-4cd4-a39a-06109a38237c,completed,2026-06-19 17:57:41.024315+00:00,2026-06-19 17:58:11.003649+00:00
86c4e6d0-7f7d-4a67-972e-104996a1a065,completed,2026-06-19 17:57:42.138770+00:00,2026-06-19 17:58:12.087105+00:00
507a7fa7-fc0d-40de-aa23-ad2b7a5b613f,completed,2026-06-19 17:57:42.688185+00:00,2026-06-19 17:58:12.599885+00:00
a26361f1-492d-4426-a44d-60bdbbea3238,completed,2026-06-19 17:57:44.289871+00:00,2026-06-19 17:58:14.231495+00:00
e5647b03-0fbd-4f92-84cc-3f1b9093e061,completed,2026-06-19 17:57:46.461968+00:00,2026-06-19 17:58:16.297215+00:00
dd13756c-0699-4665-a012-8c959cca4b9c,completed,2026-06-19 17:57:47.418423+00:00,2026-06-19 17:58:17.194491+00:00
3ef95d9b-003d-488e-94e4-2174548da108,completed,2026-06-19 17:57:47.887237+00:00,2026-06-19 17:58:17.719386+00:00
a5e8762d-228b-4783-a2ee-dc17878142bf,completed,2026-06-19 17:57:50.486674+00:00,2026-06-19 17:58:20.337313+00:00
05bbde56-e288-4084-8d1a-58540c356912,completed,2026-06-19 17:57:53.214386+00:00,2026-06-19 17:58:23.367833+00:00
b8260e72-cea3-4f2f-9d45-2e182923cda1,completed,2026-06-19 17:57:55.589258+00:00,2026-06-19 17:58:25.542831+00:00
1fbca6c5-fe4a-4095-aacb-ac250537ba9b,completed,2026-06-19 17:57:56.063408+00:00,2026-06-19 17:58:26.071918+00:00
f3b21a44-2375-4564-b955-4b0bdd059ad7,failed,2026-06-19 17:57:28.334554+00:00,2026-06-19 17:57:58.349602+00:00
fd50841e-8e87-45cc-ab40-be02ecbcb6b1,completed,2026-06-19 17:57:28.763055+00:00,2026-06-19 17:57:58.912902+00:00
e2aa598b-04c7-4096-beb2-d4df7245621c,failed,2026-06-19 17:57:29.261118+00:00,2026-06-19 17:57:59.277686+00:00
c813109f-4869-4457-a7c4-935d38d86cdf,failed,2026-06-19 17:57:29.960878+00:00,2026-06-19 17:58:00.002331+00:00
886a94ae-375f-4944-9a36-12981a5ab836,completed,2026-06-19 17:57:30.184464+00:00,2026-06-19 17:58:00.372601+00:00
5e16563d-b0c2-487a-aa2b-6fddaabd45ed,failed,2026-06-19 17:57:30.836539+00:00,2026-06-19 17:58:00.915856+00:00
fe6cf19c-4818-4652-831e-5423268baaac,failed,2026-06-19 17:57:30.884815+00:00,2026-06-19 17:58:00.920107+00:00
af17e790-82d5-4e59-9ca0-ae29c44639fd,completed,2026-06-19 17:57:31.886156+00:00,2026-06-19 17:58:02.032551+00:00
191881f6-2eb5-4774-8df6-75c42a4ec512,completed,2026-06-19 17:57:32.785957+00:00,2026-06-19 17:58:02.952899+00:00
ab40cafb-8490-4cb2-bd54-808474305a82,failed,2026-06-19 17:57:33.135659+00:00,2026-06-19 17:58:03.149817+00:00
d23c6d19-7fbd-49aa-a99f-2e47043de123,completed,2026-06-19 17:57:34.137433+00:00,2026-06-19 17:58:04.238454+00:00
db0dddd2-4df8-4577-a71a-ff2fd65e15c3,completed,2026-06-19 17:57:34.385041+00:00,2026-06-19 17:58:04.391827+00:00
6b58388d-2e98-4742-a2fd-7ce4c02ebf96,completed,2026-06-19 17:57:36.237662+00:00,2026-06-19 17:58:06.348094+00:00
1989c0ff-0f25-4fe3-a843-4f7e1b2c19af,completed,2026-06-19 17:57:36.536335+00:00,2026-06-19 17:58:06.514197+00:00
0eac0381-08a8-4659-9937-9b67a27b6708,completed,2026-06-19 17:57:38.485530+00:00,2026-06-19 17:58:08.542561+00:00
bfaa0734-a4c7-46fb-9641-84ee1df0b249,completed,2026-06-19 17:57:40.035875+00:00,2026-06-19 17:58:10.042020+00:00
09426006-c97e-4e74-a352-40e6bcd7ccc0,completed,2026-06-19 17:57:41.394845+00:00,2026-06-19 17:58:11.254707+00:00
a81e3573-6a5f-4e4e-9398-ed77449af245,completed,2026-06-19 17:57:43.138741+00:00,2026-06-19 17:58:13.058666+00:00
eb26dd25-1662-4fc7-bf41-439ea602183c,completed,2026-06-19 17:57:43.661236+00:00,2026-06-19 17:58:13.662181+00:00
25a2989d-f584-45dc-b5b4-9e032ea21c93,completed,2026-06-19 17:57:44.211881+00:00,2026-06-19 17:58:14.216535+00:00
95637ef8-936e-4196-a4db-0e7b32544a68,completed,2026-06-19 17:57:44.834853+00:00,2026-06-19 17:58:14.741735+00:00
9d6d06c7-40b8-4af6-aa86-4bda3da0c6d2,completed,2026-06-19 17:57:45.110474+00:00,2026-06-19 17:58:15.098540+00:00
d2f53143-eae4-4e8f-bcaa-c2efc9c97327,completed,2026-06-19 17:57:45.814586+00:00,2026-06-19 17:58:15.676412+00:00
9d041c35-3a06-44c7-a8fa-0132d7b4d82a,completed,2026-06-19 17:57:46.363286+00:00,2026-06-19 17:58:16.209262+00:00
afb9025c-0155-4c20-a62c-2d18948d9236,completed,2026-06-19 17:57:49.012570+00:00,2026-06-19 17:58:18.873599+00:00
d0382984-733b-484d-ad24-b162438c9447,completed,2026-06-19 17:57:51.136846+00:00,2026-06-19 17:58:21.100004+00:00
8cc30deb-6b0d-470c-b787-5e05e62c2488,completed,2026-06-19 17:57:51.287468+00:00,2026-06-19 17:58:21.291006+00:00
29cf2fc2-6f84-4419-8aa0-97bb7fa2e354,completed,2026-06-19 17:57:52.612114+00:00,2026-06-19 17:58:22.750396+00:00
086013c5-9a17-4c7e-a5df-4b5553f1bfae,completed,2026-06-19 17:57:53.588649+00:00,2026-06-19 17:58:23.716498+00:00
36f43127-afd7-492e-ac6e-8be0edc8bb76,completed,2026-06-19 17:57:57.260758+00:00,2026-06-19 17:58:27.207766+00:00
ba11f531-a7d2-4d0f-a61d-c806ddd95dbb,completed,2026-06-19 17:57:58.061808+00:00,2026-06-19 17:58:28.053236+00:00
61df3f6f-fd57-4663-bc12-7fecdecc7c22,failed,2026-06-19 17:57:58.888129+00:00,2026-06-19 17:58:28.934367+00:00
8e7559e4-9eed-45aa-af7c-2c68a594d132,failed,2026-06-19 17:57:58.912279+00:00,2026-06-19 17:58:28.938992+00:00
82081b18-0da4-46fa-be95-a22fff94c709,failed,2026-06-19 17:57:58.937818+00:00,2026-06-19 17:58:28.941950+00:00
a6395787-d166-4a3c-99f0-ecd7b49eb34b,failed,2026-06-19 17:57:59.060912+00:00,2026-06-19 17:58:29.111697+00:00
0f738677-bf7f-43dd-8e82-3819ddffc6a1,failed,2026-06-19 17:57:59.237741+00:00,2026-06-19 17:58:29.295725+00:00
59d099c5-3b26-41a6-9900-17673f6857ef,failed,2026-06-19 17:57:59.016508+00:00,2026-06-19 17:58:29.020104+00:00
4f163602-d4e3-448a-b801-259f027c75dd,failed,2026-06-19 17:57:59.187918+00:00,2026-06-19 17:58:29.191165+00:00
ae177126-fac0-4302-8dd2-6c565efba49e,completed,2026-06-19 17:57:58.964774+00:00,2026-06-19 17:58:29.108013+00:00
96365623-ee29-4f8e-87d3-863811a86432,failed,2026-06-19 17:57:59.113828+00:00,2026-06-19 17:58:29.120504+00:00
d32018ff-b80c-4257-aa50-0280b6eade22,completed,2026-06-19 17:57:58.987152+00:00,2026-06-19 17:58:29.144309+00:00
0512f762-5498-4926-84b8-83e91084ae6a,completed,2026-06-19 17:57:59.043013+00:00,2026-06-19 17:58:29.187563+00:00
5362f1e0-08a4-4ed8-b75d-e79faa257275,failed,2026-06-19 17:57:59.362715+00:00,2026-06-19 17:58:29.392528+00:00
14c5cd29-fcba-4d51-83b4-93c1b365726a,completed,2026-06-19 17:57:59.163453+00:00,2026-06-19 17:58:29.292277+00:00
106e87a7-d37d-46cd-b857-dfa002b1ed4d,failed,2026-06-19 17:57:59.261814+00:00,2026-06-19 17:58:29.299625+00:00
7a8f0828-6924-44ff-b35e-c0ebd06da3b9,failed,2026-06-19 17:57:59.287854+00:00,2026-06-19 17:58:29.302675+00:00
2de68eff-c289-4fb1-81e0-128ef4e553b0,failed,2026-06-19 17:57:59.436633+00:00,2026-06-19 17:58:29.470082+00:00
0f01ebf9-c7eb-4d65-9331-19701ea88225,completed,2026-06-19 17:57:59.212930+00:00,2026-06-19 17:58:29.388186+00:00
e78bbb4f-22ed-4885-a388-858d71e59fa1,failed,2026-06-19 17:57:59.387721+00:00,2026-06-19 17:58:29.396046+00:00
dc362683-84c0-42ea-866a-92d81ecb4219,failed,2026-06-19 17:57:59.540291+00:00,2026-06-19 17:58:29.566828+00:00
98046c4d-8117-4090-a633-0a6a828d1237,completed,2026-06-19 17:57:59.312421+00:00,2026-06-19 17:58:29.466302+00:00
4d402e6f-e84c-4672-83d8-478b6876cb72,failed,2026-06-19 17:57:59.613629+00:00,2026-06-19 17:58:29.628536+00:00
6d9a29c4-614c-46b4-925d-f728116d3d96,completed,2026-06-19 17:57:59.336816+00:00,2026-06-19 17:58:29.495139+00:00
04a1349b-044f-457c-8da8-cb72236b45e4,completed,2026-06-19 17:57:59.412129+00:00,2026-06-19 17:58:29.562912+00:00
2bab99c3-1697-42f6-852a-166f7d2cd634,failed,2026-06-19 17:57:59.713504+00:00,2026-06-19 17:58:29.740246+00:00
27765165-c8e0-494b-b8a0-9122c26d0688,completed,2026-06-19 17:57:59.490761+00:00,2026-06-19 17:58:29.625242+00:00
5230aeba-4d0e-48f1-ab4f-177316fa72d5,completed,2026-06-19 17:57:59.688010+00:00,2026-06-19 17:58:29.861269+00:00
5c93a151-4f10-4e14-b31b-56f4887be6a5,completed,2026-06-19 17:57:59.512333+00:00,2026-06-19 17:58:29.685357+00:00
7daad466-4884-4ac5-b4ab-6b0b00abd6d4,completed,2026-06-19 17:57:59.587092+00:00,2026-06-19 17:58:29.735653+00:00
6a22c596-8741-4548-8ad5-f4f775b0d23e,failed,2026-06-19 17:57:59.738769+00:00,2026-06-19 17:58:29.745236+00:00
c409e515-0b82-4916-8312-bc2744435717,completed,2026-06-19 17:57:59.663280+00:00,2026-06-19 17:58:29.802346+00:00
1c9e435d-5f3d-4982-945c-3c8b6f7f6a65,failed,2026-06-19 17:57:59.937885+00:00,2026-06-19 17:58:29.965381+00:00
13e90b22-d514-463b-8d4b-c5d328c8d548,failed,2026-06-19 17:57:59.838641+00:00,2026-06-19 17:58:29.864729+00:00
30aaaea3-8a83-4346-8b5c-fef3a95232ee,failed,2026-06-19 17:57:59.862408+00:00,2026-06-19 17:58:29.867486+00:00
2631ebcc-0bd0-4f85-a59f-ec73414be43d,failed,2026-06-19 17:58:00.035717+00:00,2026-06-19 17:58:30.061404+00:00
7d9cf6df-ecbd-4d18-8b29-6171fdf39bc6,failed,2026-06-19 17:58:00.262874+00:00,2026-06-19 17:58:30.306300+00:00
8c9711bc-6fe0-4b04-aa53-fee35afcffdc,completed,2026-06-19 17:57:59.813169+00:00,2026-06-19 17:58:29.961758+00:00
c67c81a1-8015-47c9-982d-039371280781,failed,2026-06-19 17:57:59.962651+00:00,2026-06-19 17:58:29.969602+00:00
5feb4bba-d7c1-4020-8bff-ab2c332a193a,failed,2026-06-19 17:58:00.136825+00:00,2026-06-19 17:58:30.139556+00:00
bfe7fe3e-ef45-421e-b15f-ebf5e80f6db4,completed,2026-06-19 17:57:59.888127+00:00,2026-06-19 17:58:30.054952+00:00
4b51661f-ce8e-4b0f-9e63-429d3086bea7,failed,2026-06-19 17:58:00.060987+00:00,2026-06-19 17:58:30.063935+00:00
39439d72-3b7c-43ed-a765-55105538127a,failed,2026-06-19 17:58:00.189014+00:00,2026-06-19 17:58:30.227459+00:00
8d2fc6a8-a026-4aa2-bcc5-6f08b5c460a9,completed,2026-06-19 17:57:59.916860+00:00,2026-06-19 17:58:30.099984+00:00
9a052f06-c2eb-4369-8ad6-2cf72165fe66,completed,2026-06-19 17:57:59.990010+00:00,2026-06-19 17:58:30.136035+00:00
d1aaaa6a-625a-46c4-96c2-29a748e9a053,completed,2026-06-19 17:58:00.086305+00:00,2026-06-19 17:58:30.222511+00:00
d810d6aa-1ba4-4928-8f4b-838468ce2911,failed,2026-06-19 17:58:00.213338+00:00,2026-06-19 17:58:30.232339+00:00
e185799d-91d9-4e30-888d-3e2d72c4f0dc,failed,2026-06-19 17:58:00.387978+00:00,2026-06-19 17:58:30.403183+00:00
d421aa1c-7250-4a3b-b4cc-85d7ef4a699e,failed,2026-06-19 17:58:00.293362+00:00,2026-06-19 17:58:30.310986+00:00
02df650a-913f-4e95-a6c4-c4d0336a3942,failed,2026-06-19 17:58:00.437650+00:00,2026-06-19 17:58:30.507430+00:00
adf7c3f9-8db8-4cbc-baae-3cb20a5683a7,completed,2026-06-19 17:58:00.164782+00:00,2026-06-19 17:58:30.357739+00:00
711bd56d-34dc-4aca-ac85-b27b591cd1e4,completed,2026-06-19 17:58:00.237266+00:00,2026-06-19 17:58:30.399007+00:00
2c3961e8-81b6-46db-9879-b32cf99b9e97,completed,2026-06-19 17:58:00.340740+00:00,2026-06-19 17:58:30.504279+00:00
784ac829-3c9b-476b-b39d-2292241679a3,failed,2026-06-19 17:58:00.462515+00:00,2026-06-19 17:58:30.510249+00:00
1023f63d-845a-475f-a2b7-a1beb8f58112,failed,2026-06-19 17:58:00.511906+00:00,2026-06-19 17:58:30.515612+00:00
bb6dfd1f-4360-4db4-9fe7-d8588645f8e7,failed,2026-06-19 17:58:00.611911+00:00,2026-06-19 17:58:30.704193+00:00
eab5ad22-bb4f-47c5-a2a3-2b1040269df0,completed,2026-06-19 17:58:00.363287+00:00,2026-06-19 17:58:30.558925+00:00
d7795e3a-ce11-42ec-8048-02cc668d73b7,completed,2026-06-19 17:58:00.411751+00:00,2026-06-19 17:58:30.579568+00:00
dbc4e01b-9970-41af-b4c5-e770a9789f89,completed,2026-06-19 17:58:00.537261+00:00,2026-06-19 17:58:30.699606+00:00
840441e1-d09a-469e-ab02-c08cdb7dc2dc,failed,2026-06-19 17:58:00.637717+00:00,2026-06-19 17:58:30.707706+00:00
730de5d6-4a7c-4e99-9002-3d6a9262a5b9,failed,2026-06-19 17:58:00.662816+00:00,2026-06-19 17:58:30.711545+00:00
63200366-124d-47c4-84d9-e87fa0326608,completed,2026-06-19 17:58:00.562131+00:00,2026-06-19 17:58:30.732212+00:00
fe3796b4-c404-4c12-8aee-28d91326c2bd,failed,2026-06-19 17:58:00.812336+00:00,2026-06-19 17:58:30.872681+00:00
e1592ea2-0262-41d9-8e23-064d3d125888,failed,2026-06-19 17:58:01.237704+00:00,2026-06-19 17:58:31.244601+00:00
3368f507-413b-482e-8ed8-53f42af7dffd,failed,2026-06-19 17:58:01.113113+00:00,2026-06-19 17:58:31.116861+00:00
6cf4a574-4f23-4f50-81f0-14d36a4eb5ce,completed,2026-06-19 17:58:00.737237+00:00,2026-06-19 17:58:30.869762+00:00
762ffaf0-cfec-4968-bce4-96502625cad0,failed,2026-06-19 17:58:00.838984+00:00,2026-06-19 17:58:30.875485+00:00
46b594d6-4af2-4e55-aa3e-cf788c43844c,failed,2026-06-19 17:58:00.862496+00:00,2026-06-19 17:58:30.878436+00:00
64b3ad29-13c3-49cb-b043-c51ad49fd992,failed,2026-06-19 17:58:00.962835+00:00,2026-06-19 17:58:31.031545+00:00
56b37bea-adbe-412b-84fd-eceb1479451d,completed,2026-06-19 17:58:00.763201+00:00,2026-06-19 17:58:30.903555+00:00
5a690a8c-00c9-4b16-aba1-c80d77df4534,completed,2026-06-19 17:58:00.786654+00:00,2026-06-19 17:58:30.936336+00:00
d0e830c4-b4ae-4a61-82be-cca4e2baf4cc,failed,2026-06-19 17:58:00.987699+00:00,2026-06-19 17:58:31.038241+00:00
53f7a988-009b-4370-9b0b-849e2c3e2346,failed,2026-06-19 17:58:01.012977+00:00,2026-06-19 17:58:31.041631+00:00
bd550249-d5d6-496f-8b06-f15a4bda4a99,failed,2026-06-19 17:58:01.038760+00:00,2026-06-19 17:58:31.045053+00:00
8bb397aa-da8b-4d92-86ec-37c9bded3ffd,failed,2026-06-19 17:58:01.189138+00:00,2026-06-19 17:58:31.234535+00:00
3f969b73-970c-4345-b40f-39f8c8191a4f,completed,2026-06-19 17:58:00.918565+00:00,2026-06-19 17:58:31.072610+00:00
7ad0c0c5-ae86-4e6e-b541-2af4ef6c1081,completed,2026-06-19 17:58:00.940281+00:00,2026-06-19 17:58:31.112867+00:00
7eace7c8-0b12-4f3a-9a3c-c322637b0e2b,failed,2026-06-19 17:58:01.562147+00:00,2026-06-19 17:58:31.667714+00:00
8569dedc-7cc2-445f-bd06-73996a22df7b,completed,2026-06-19 17:58:01.062138+00:00,2026-06-19 17:58:31.225699+00:00
e1f34dc8-d4d9-486f-9646-70aec4e57d5f,failed,2026-06-19 17:58:01.212557+00:00,2026-06-19 17:58:31.239338+00:00
9c63d054-b042-4d32-b126-859687437a9c,failed,2026-06-19 17:58:01.387848+00:00,2026-06-19 17:58:31.479881+00:00
2a079b23-c5ea-4b87-8c29-28588c5f3c78,failed,2026-06-19 17:58:01.337798+00:00,2026-06-19 17:58:31.470368+00:00
5e9fc3f9-2d78-42e6-b166-22bc6427cca8,completed,2026-06-19 17:58:01.140718+00:00,2026-06-19 17:58:31.304498+00:00
02b3bec4-ed5d-4b8a-8624-de201e33196f,completed,2026-06-19 17:58:01.287226+00:00,2026-06-19 17:58:31.466070+00:00
c59e1165-2476-483a-a7a4-96bbe6eace07,failed,2026-06-19 17:58:01.361741+00:00,2026-06-19 17:58:31.474664+00:00
d1913c20-7359-4b65-a485-f94a176a0f7b,completed,2026-06-19 17:58:01.263326+00:00,2026-06-19 17:58:31.476167+00:00
2d8e6200-35e7-4d40-b17c-84986a587974,failed,2026-06-19 17:58:01.587905+00:00,2026-06-19 17:58:31.671001+00:00
93123c2a-1747-4342-a8d3-091289796df8,failed,2026-06-19 17:58:01.614140+00:00,2026-06-19 17:58:31.671860+00:00
aa95ddf4-2f69-451a-b075-b517c6e8692e,completed,2026-06-19 17:58:01.312358+00:00,2026-06-19 17:58:31.503880+00:00
8d87aa03-ce36-43bb-a217-8aba93b33679,completed,2026-06-19 17:58:01.537348+00:00,2026-06-19 17:58:31.664267+00:00
797a1888-8910-4eac-b8ef-770f0b8dce66,completed,2026-06-19 17:58:01.486964+00:00,2026-06-19 17:58:31.667526+00:00
7767b6e0-d2c7-4193-9f68-28f3b5bc9148,completed,2026-06-19 17:58:01.513757+00:00,2026-06-19 17:58:31.670245+00:00
86edc445-7149-44a8-aa61-e3f29f578a96,failed,2026-06-19 17:58:01.761188+00:00,2026-06-19 17:58:31.826434+00:00
08190842-fad7-4f56-9895-9cea947648a6,failed,2026-06-19 17:58:02.413838+00:00,2026-06-19 17:58:32.432773+00:00
c79f7746-9206-4dfb-96f1-0e619f04b269,failed,2026-06-19 17:58:01.864026+00:00,2026-06-19 17:58:31.868673+00:00
e049697c-3b5e-42a7-94e7-549d26cc5bbf,completed,2026-06-19 17:58:01.686615+00:00,2026-06-19 17:58:31.822019+00:00
787e383f-58cb-4828-97ff-1933b038d589,failed,2026-06-19 17:58:01.788640+00:00,2026-06-19 17:58:31.829635+00:00
84d809bb-2ca3-461c-a500-2b627cd9eada,failed,2026-06-19 17:58:01.814664+00:00,2026-06-19 17:58:31.832898+00:00
83204e61-f404-4198-a142-e9532b588d51,failed,2026-06-19 17:58:01.938490+00:00,2026-06-19 17:58:31.996173+00:00
41c59385-511a-437a-9fd0-7d9df091fc72,completed,2026-06-19 17:58:01.738475+00:00,2026-06-19 17:58:31.864408+00:00
3078b3e6-af26-4da9-abbb-0edd4f067344,failed,2026-06-19 17:58:02.037985+00:00,2026-06-19 17:58:32.063941+00:00
bf0ee323-a1e4-45b5-bb1e-5fa2523528ff,completed,2026-06-19 17:58:01.716520+00:00,2026-06-19 17:58:31.896836+00:00
df18fdea-1fa7-4eef-8900-7aba9b8db283,completed,2026-06-19 17:58:01.837795+00:00,2026-06-19 17:58:31.992754+00:00
879ade76-bef8-43c8-8a79-1c8fddf82753,failed,2026-06-19 17:58:01.962844+00:00,2026-06-19 17:58:31.999151+00:00
42b116df-3128-40eb-98cc-a4672e1dfe40,failed,2026-06-19 17:58:01.987584+00:00,2026-06-19 17:58:32.002739+00:00
876ad870-b385-4b3f-994d-c130d5ce6bf6,failed,2026-06-19 17:58:02.139624+00:00,2026-06-19 17:58:32.196922+00:00
b6419a1a-341c-4edc-affe-5c0d0d7903dc,completed,2026-06-19 17:58:01.888167+00:00,2026-06-19 17:58:32.059953+00:00
3af2771e-595a-48cb-85c5-ac51c25d6b12,failed,2026-06-19 17:58:02.064942+00:00,2026-06-19 17:58:32.067514+00:00
c34ebbc9-0613-47f2-a85d-8be21884ab6a,completed,2026-06-19 17:58:02.014062+00:00,2026-06-19 17:58:32.192260+00:00
7bdaa3eb-052f-4fed-bcbc-520fbc725ce7,failed,2026-06-19 17:58:02.161995+00:00,2026-06-19 17:58:32.200082+00:00
2ace2d2a-8dd2-40b0-8845-83d4df1f02aa,failed,2026-06-19 17:58:02.188048+00:00,2026-06-19 17:58:32.202930+00:00
e4b4cb9f-1248-45b8-aab1-9e3b1e3bd098,failed,2026-06-19 17:58:02.312668+00:00,2026-06-19 17:58:32.364937+00:00
918b33f1-e72e-4ba5-8ce5-da99e9d43c9f,completed,2026-06-19 17:58:02.115694+00:00,2026-06-19 17:58:32.229691+00:00
f6d8e006-4f5d-401a-a993-cf48285cb4d5,completed,2026-06-19 17:58:02.087484+00:00,2026-06-19 17:58:32.248925+00:00
522c1b67-0ac5-4b9c-81a2-7f8dc4aff492,completed,2026-06-19 17:58:02.238065+00:00,2026-06-19 17:58:32.361272+00:00
e802db0b-eee9-490b-8058-392da0d2d49a,failed,2026-06-19 17:58:02.362773+00:00,2026-06-19 17:58:32.372329+00:00
03de68fb-50ea-4350-ba15-4572264d612e,failed,2026-06-19 17:58:02.487641+00:00,2026-06-19 17:58:32.549904+00:00
966535d9-1e07-464a-90af-65154e72f229,completed,2026-06-19 17:58:02.265465+00:00,2026-06-19 17:58:32.428685+00:00
927d0820-ef11-46bd-b938-4ddfcc85a676,completed,2026-06-19 17:58:02.463216+00:00,2026-06-19 17:58:32.624707+00:00
7d765f79-bcbb-4ff1-a515-8206d7aaaa15,completed,2026-06-19 17:58:02.400212+00:00,2026-06-19 17:58:32.546433+00:00
2b4653a4-188b-4e9f-81d7-aff863f071ff,failed,2026-06-19 17:58:02.515902+00:00,2026-06-19 17:58:32.553682+00:00
87f44bc2-3366-47ae-ad42-43af233fedef,completed,2026-06-19 17:58:02.438135+00:00,2026-06-19 17:58:32.607958+00:00
cf99358f-a036-451f-adaf-08d57160b555,failed,2026-06-19 17:58:02.686985+00:00,2026-06-19 17:58:32.749851+00:00
eb809c2a-1ef0-4e5e-8a70-9ec1a3c10c0e,failed,2026-06-19 17:58:02.586233+00:00,2026-06-19 17:58:32.616946+00:00
d3fd8076-b367-4bb7-a53d-7e89b2d09fb3,failed,2026-06-19 17:58:02.609997+00:00,2026-06-19 17:58:32.620919+00:00
830e447e-6e46-4ec0-a9ff-1218525ec542,failed,2026-06-19 17:58:02.813959+00:00,2026-06-19 17:58:32.820211+00:00
bb855700-85ec-4356-a022-e69ea37dcbdc,completed,2026-06-19 17:58:02.568299+00:00,2026-06-19 17:58:32.745049+00:00
c5835f41-a19a-470e-a987-6654ea6095e1,failed,2026-06-19 17:58:02.711509+00:00,2026-06-19 17:58:32.753494+00:00
cfd6bb1a-d250-4584-8163-edae8ebe466d,failed,2026-06-19 17:58:02.736237+00:00,2026-06-19 17:58:32.757137+00:00
6657cb53-005a-4586-8c9b-3328ca6fb5de,failed,2026-06-19 17:58:02.864498+00:00,2026-06-19 17:58:32.922954+00:00
90bf29dc-61b4-4393-9012-398942449579,completed,2026-06-19 17:58:02.661951+00:00,2026-06-19 17:58:32.816291+00:00
bf6413f4-a4be-47ab-87af-d0c9e9fb1ac3,failed,2026-06-19 17:58:03.012610+00:00,2026-06-19 17:58:33.017035+00:00
947757c2-32f3-4aec-af33-ffad183dff42,completed,2026-06-19 17:58:02.760844+00:00,2026-06-19 17:58:32.920097+00:00
35f756e1-7202-45d9-b5e6-6e33506b48ff,failed,2026-06-19 17:58:02.895704+00:00,2026-06-19 17:58:32.925505+00:00
d1a273b6-c158-4167-a4cb-e9de3ae70480,failed,2026-06-19 17:58:02.924165+00:00,2026-06-19 17:58:32.928901+00:00
1ae101b8-33ba-4456-bf92-9e9acaf2130d,failed,2026-06-19 17:58:03.063443+00:00,2026-06-19 17:58:33.094705+00:00
bf301a16-9cb9-4e87-afb9-001e288d6fff,completed,2026-06-19 17:58:02.788281+00:00,2026-06-19 17:58:32.956650+00:00
4057d069-e268-4cab-9b10-af44aaf84859,completed,2026-06-19 17:58:02.837269+00:00,2026-06-19 17:58:33.008202+00:00
8e46f876-d066-4ec2-b0a1-8247cf8eb718,failed,2026-06-19 17:58:03.164984+00:00,2026-06-19 17:58:33.206253+00:00
dc50f7cc-116b-4d7c-bd1e-5cd3764fbe27,completed,2026-06-19 17:58:02.942799+00:00,2026-06-19 17:58:33.090793+00:00
7167729b-640f-40cb-acd4-e08d5ab8c374,failed,2026-06-19 17:58:03.091269+00:00,2026-06-19 17:58:33.097888+00:00
6d9a86bc-60d9-4888-9182-a4babd38f142,failed,2026-06-19 17:58:03.241726+00:00,2026-06-19 17:58:33.268338+00:00
0a6745a4-f7ae-4cad-a906-483480657ffa,completed,2026-06-19 17:58:02.964394+00:00,2026-06-19 17:58:33.115713+00:00
2e3a1c83-d4a9-4f83-aae4-7f69585b43f6,completed,2026-06-19 17:58:03.039562+00:00,2026-06-19 17:58:33.198609+00:00
97378d5a-f3fa-41fb-9428-04399d2f1416,failed,2026-06-19 17:58:03.189219+00:00,2026-06-19 17:58:33.210569+00:00
a22bee13-499a-46e4-a0dc-bc8149f602b6,failed,2026-06-19 17:58:03.343164+00:00,2026-06-19 17:58:33.391878+00:00
a22f27e9-1b90-47a1-b903-2e6a8a23fee9,failed,2026-06-19 17:58:03.266949+00:00,2026-06-19 17:58:33.271874+00:00
a818a976-7618-4fce-8da5-e35c60de1f97,completed,2026-06-19 17:58:03.320574+00:00,2026-06-19 17:58:33.486537+00:00
3ebeca97-f27a-441d-bad0-7a0711019ecf,completed,2026-06-19 17:58:03.140409+00:00,2026-06-19 17:58:33.285043+00:00
96454684-2f9a-4c2d-9cbb-6c1ed80eb1ad,completed,2026-06-19 17:58:03.217798+00:00,2026-06-19 17:58:33.387705+00:00
a9c015fd-da2d-40a7-9e44-d2fd3ade81a0,failed,2026-06-19 17:58:03.368910+00:00,2026-06-19 17:58:33.395116+00:00
48120411-10d6-4386-893b-e8566747c89f,completed,2026-06-19 17:58:03.292556+00:00,2026-06-19 17:58:33.422728+00:00
ebfc915b-f792-41d3-a95a-3343b95d7187,completed,2026-06-19 17:58:04.701475+00:00,2026-06-19 17:58:34.797147+00:00
4b9a71fe-1174-419b-ac54-08082b6fd384,completed,2026-06-19 17:58:03.559076+00:00,2026-06-19 17:58:33.684423+00:00
b9cb325a-3654-472e-b4de-b77d883279ac,completed,2026-06-19 17:58:03.600165+00:00,2026-06-19 17:58:33.743362+00:00
09737a03-88de-4207-9971-4987e9646126,completed,2026-06-19 17:58:03.729067+00:00,2026-06-19 17:58:33.758104+00:00
5e9e1815-6853-4991-8c36-8e50164776ed,completed,2026-06-19 17:58:03.754973+00:00,2026-06-19 17:58:33.868446+00:00
48175d74-e53c-488f-a647-f5b5df296121,completed,2026-06-19 17:58:03.780776+00:00,2026-06-19 17:58:33.892005+00:00
9c4974cf-6318-4167-b334-1fa0d21ed2ba,completed,2026-06-19 17:58:03.883477+00:00,2026-06-19 17:58:33.932714+00:00
dcd7433f-4853-4248-99aa-ee1c811f4ea4,completed,2026-06-19 17:58:04.040899+00:00,2026-06-19 17:58:34.119777+00:00
c533138c-02f7-4abf-80a7-1fdb5c00bae6,completed,2026-06-19 17:58:04.092237+00:00,2026-06-19 17:58:34.224139+00:00
3e534ec7-1f3e-4958-8afc-89fe0849dcbe,completed,2026-06-19 17:58:04.119265+00:00,2026-06-19 17:58:34.237183+00:00
dd54847a-6ccd-4785-b519-653aad201392,completed,2026-06-19 17:58:04.250372+00:00,2026-06-19 17:58:34.300657+00:00
9bb2684e-ef9d-4006-8d81-00af6a28d53b,completed,2026-06-19 17:58:04.279607+00:00,2026-06-19 17:58:34.411335+00:00
9eca4dce-c215-4edf-b282-4f77ff27c551,completed,2026-06-19 17:58:04.307665+00:00,2026-06-19 17:58:34.442211+00:00
bcb1ceaf-69fd-4f8b-8cde-eee139b94ccb,completed,2026-06-19 17:58:04.409976+00:00,2026-06-19 17:58:34.468151+00:00
8ef2177b-5104-4f58-b0a9-952766c9d2b9,completed,2026-06-19 17:58:04.464258+00:00,2026-06-19 17:58:34.558969+00:00
415aeab4-3821-4ccf-89db-6c8336a5d07a,completed,2026-06-19 17:58:04.515122+00:00,2026-06-19 17:58:34.618823+00:00
40d70ee4-8f88-4f09-bbce-e151f6815f11,completed,2026-06-19 17:58:04.593681+00:00,2026-06-19 17:58:34.644364+00:00
6c8e062a-41be-46cf-acb9-74ee3eab1085,completed,2026-06-19 17:58:04.624983+00:00,2026-06-19 17:58:34.736149+00:00
4214257b-4590-4746-9433-661b273652ce,completed,2026-06-19 17:58:04.782649+00:00,2026-06-19 17:58:34.794377+00:00
9728f7f3-19ab-47c7-9252-1fe332fb0f90,completed,2026-06-19 17:58:04.808548+00:00,2026-06-19 17:58:34.921774+00:00
8fc5591c-17c8-4c56-8372-6f91d5bf5384,completed,2026-06-19 17:58:05.459179+00:00,2026-06-19 17:58:35.508559+00:00
277c80b0-4b5e-41bf-9218-7c0b017cbb2c,completed,2026-06-19 17:58:04.942598+00:00,2026-06-19 17:58:34.970737+00:00
a3f4d2f5-d2c5-4b19-a749-b01a482db687,completed,2026-06-19 17:58:04.971614+00:00,2026-06-19 17:58:35.084952+00:00
c4eac05d-5ea4-4242-9643-8aa92c91ed91,completed,2026-06-19 17:58:05.052426+00:00,2026-06-19 17:58:35.096159+00:00
b326804a-dbc7-4354-8bf9-438583672879,completed,2026-06-19 17:58:05.105941+00:00,2026-06-19 17:58:35.144042+00:00
ad3b20de-dd82-402e-ad40-989d3d1a6a49,completed,2026-06-19 17:58:05.160163+00:00,2026-06-19 17:58:35.225964+00:00
39e4899c-17a0-48c1-92db-e332f77b62ec,completed,2026-06-19 17:58:05.242893+00:00,2026-06-19 17:58:35.276133+00:00
ce1b8f02-2be7-4074-9c0e-cb39b29aef40,completed,2026-06-19 17:58:05.295464+00:00,2026-06-19 17:58:35.331883+00:00
5ff7180f-88c6-49d1-9752-48028d60f6b6,completed,2026-06-19 17:58:05.326053+00:00,2026-06-19 17:58:35.369399+00:00
f29209c9-343f-4692-83f9-692d92cbbc4b,completed,2026-06-19 17:58:05.433244+00:00,2026-06-19 17:58:35.437529+00:00
6409b286-4a23-4f70-8f23-48c4a6f35947,completed,2026-06-19 17:58:07.757633+00:00,2026-06-19 17:58:37.638890+00:00
30790deb-acf6-424f-9fbb-2f24d71c0c9f,completed,2026-06-19 17:58:05.655869+00:00,2026-06-19 17:58:35.675700+00:00
44f050f2-5cee-4462-8b15-7325c048e178,completed,2026-06-19 17:58:05.709590+00:00,2026-06-19 17:58:35.700841+00:00
94e9d48f-17cc-4cf7-a4a5-6adef643980d,completed,2026-06-19 17:58:05.771940+00:00,2026-06-19 17:58:35.771720+00:00
cdd5c13f-ee8d-4711-9ec3-218bce57bf7e,completed,2026-06-19 17:58:05.825420+00:00,2026-06-19 17:58:35.831187+00:00
e5c344af-1cb7-4804-b98a-ad883f9a003a,completed,2026-06-19 17:58:05.903420+00:00,2026-06-19 17:58:35.884511+00:00
c91e94d4-368f-43e0-9204-3707d7c5467c,completed,2026-06-19 17:58:05.962540+00:00,2026-06-19 17:58:35.952519+00:00
7ff4deff-49fa-42b9-bae5-df964561523d,completed,2026-06-19 17:58:06.074202+00:00,2026-06-19 17:58:36.067709+00:00
94b785fe-ecf7-48ac-94fb-1c0009393316,completed,2026-06-19 17:58:06.213668+00:00,2026-06-19 17:58:36.129880+00:00
88fee76d-de5e-4759-8cba-ac89b6752968,completed,2026-06-19 17:58:06.188139+00:00,2026-06-19 17:58:36.139220+00:00
0b3921e3-87aa-46c5-bdde-5d4398f555ff,completed,2026-06-19 17:58:06.245997+00:00,2026-06-19 17:58:36.250306+00:00
36c2d829-e579-4d19-8912-d42bc673f26e,completed,2026-06-19 17:58:06.355890+00:00,2026-06-19 17:58:36.286486+00:00
71a196c8-db33-4cd5-878e-5b9f7fd16061,completed,2026-06-19 17:58:06.385257+00:00,2026-06-19 17:58:36.316109+00:00
e47ffb2e-849b-47a0-bcce-afabef014e1e,completed,2026-06-19 17:58:06.469768+00:00,2026-06-19 17:58:36.413125+00:00
632047d4-2ce9-45f3-94cd-91f3f332cd15,completed,2026-06-19 17:58:06.530865+00:00,2026-06-19 17:58:36.476988+00:00
3098bc09-33e6-4266-8774-410a875ac32e,completed,2026-06-19 17:58:06.641641+00:00,2026-06-19 17:58:36.577601+00:00
450d3f24-cb16-4c14-a149-6ed48fe800de,completed,2026-06-19 17:58:06.785107+00:00,2026-06-19 17:58:36.635001+00:00
b8c98139-0760-4128-a756-2965a5363c89,completed,2026-06-19 17:58:06.718325+00:00,2026-06-19 17:58:36.664534+00:00
d4ad3222-d0b0-4e6a-ac43-bb6f9a7c2ab3,completed,2026-06-19 17:58:06.815807+00:00,2026-06-19 17:58:36.766724+00:00
e958f3c5-0fde-4770-9419-4ec00dc19b2b,completed,2026-06-19 17:58:06.909642+00:00,2026-06-19 17:58:36.788150+00:00
2b1616aa-488d-4b08-ac0f-88551b1db7f4,completed,2026-06-19 17:58:06.988887+00:00,2026-06-19 17:58:36.844147+00:00
6f082162-1cfc-43f0-9db1-17c99e8467b8,completed,2026-06-19 17:58:07.077498+00:00,2026-06-19 17:58:36.937213+00:00
784d614e-2df2-4211-b70c-0e3f489e5cf4,completed,2026-06-19 17:58:07.016924+00:00,2026-06-19 17:58:36.968209+00:00
3670fe07-c346-4c21-ad0e-5f15dc33ed9e,completed,2026-06-19 17:58:07.222064+00:00,2026-06-19 17:58:37.132819+00:00
6ea6e6c1-de00-4ec0-8c89-df76f416b6fc,completed,2026-06-19 17:58:07.280968+00:00,2026-06-19 17:58:37.148939+00:00
67197cc0-b9ad-4900-9957-eb02400f2084,completed,2026-06-19 17:58:07.370217+00:00,2026-06-19 17:58:37.204987+00:00
b5b190a7-6be0-4d07-8196-0cd6e03cbe2c,completed,2026-06-19 17:58:07.399439+00:00,2026-06-19 17:58:37.326440+00:00
01823f6d-2a35-4616-b21c-fe825b96e951,completed,2026-06-19 17:58:07.460538+00:00,2026-06-19 17:58:37.394005+00:00
b138574a-76a2-407d-9903-231d94278b18,completed,2026-06-19 17:58:07.554057+00:00,2026-06-19 17:58:37.449250+00:00
73b08384-7f69-45a4-8664-ade89da00312,completed,2026-06-19 17:58:07.584617+00:00,2026-06-19 17:58:37.546725+00:00
54ed87bb-a971-4e54-b052-3cb18bed1b3d,completed,2026-06-19 17:58:09.793173+00:00,2026-06-19 17:58:39.627799+00:00
56f952b8-6799-4a23-8cba-b68305fdc9de,completed,2026-06-19 17:58:07.847546+00:00,2026-06-19 17:58:37.822271+00:00
7e1ace8d-1963-406a-bd83-87124ae4a170,completed,2026-06-19 17:58:07.975991+00:00,2026-06-19 17:58:37.924493+00:00
6d3f9a74-5921-4eec-ab45-0013962d167e,completed,2026-06-19 17:58:08.036560+00:00,2026-06-19 17:58:37.987414+00:00
92530253-8796-4d2f-87d7-a327f505053e,completed,2026-06-19 17:58:08.120851+00:00,2026-06-19 17:58:38.002418+00:00
f38a2cac-61e9-418d-82f5-57af8f116ae4,completed,2026-06-19 17:58:08.151337+00:00,2026-06-19 17:58:38.106238+00:00
2fcf1318-cd0c-4930-8a0e-acc4acea0dcb,completed,2026-06-19 17:58:08.184119+00:00,2026-06-19 17:58:38.148932+00:00
bf7eaf0f-cecd-42ec-87aa-65e5678a198b,completed,2026-06-19 17:58:08.303432+00:00,2026-06-19 17:58:38.180143+00:00
27ccb287-850f-4ec4-869a-a800d3c0e68c,completed,2026-06-19 17:58:08.337023+00:00,2026-06-19 17:58:38.282855+00:00
66b37baf-0e2d-4a3a-8aaa-3eac9dedbd5d,completed,2026-06-19 17:58:08.365029+00:00,2026-06-19 17:58:38.318800+00:00
c62b9e6e-a383-4544-a34c-5abb3e5967de,completed,2026-06-19 17:58:08.458898+00:00,2026-06-19 17:58:38.337087+00:00
752b98dc-174d-4d75-bd01-cc0890cbb5d7,completed,2026-06-19 17:58:08.551035+00:00,2026-06-19 17:58:38.469653+00:00
5ebb3e09-9a41-4913-b773-aa18753a1e89,completed,2026-06-19 17:58:08.489232+00:00,2026-06-19 17:58:38.484268+00:00
87a8e71b-188f-416c-ae34-e0adfda83c33,completed,2026-06-19 17:58:08.645332+00:00,2026-06-19 17:58:38.523410+00:00
caf64b26-3563-4175-82a5-b6bff242d2e7,completed,2026-06-19 17:58:08.675110+00:00,2026-06-19 17:58:38.611532+00:00
319b682d-9e92-4b77-baeb-6c2ba4ef2ab9,completed,2026-06-19 17:58:08.799550+00:00,2026-06-19 17:58:38.701994+00:00
c8db684c-1f2e-44a0-85d0-87dbeb1dad15,completed,2026-06-19 17:58:08.831856+00:00,2026-06-19 17:58:38.772881+00:00
5910b697-edbf-4fab-99d7-2716cd4c8aff,completed,2026-06-19 17:58:08.926049+00:00,2026-06-19 17:58:38.842598+00:00
19eec5d1-bdb2-43c1-b813-6601a3bf7670,completed,2026-06-19 17:58:08.989023+00:00,2026-06-19 17:58:38.888391+00:00
249db314-4f52-48f5-ad31-122aa9044ab7,completed,2026-06-19 17:58:09.020854+00:00,2026-06-19 17:58:38.929213+00:00
dd9d9c93-1a31-4f64-bcd7-3c7f98d4231d,completed,2026-06-19 17:58:09.116497+00:00,2026-06-19 17:58:39.015193+00:00
09f78aca-2e64-46c6-91d9-a0bc92fad1c5,completed,2026-06-19 17:58:09.149206+00:00,2026-06-19 17:58:39.064371+00:00
f5042b8d-6cd0-489f-b182-438185ee6797,completed,2026-06-19 17:58:09.177623+00:00,2026-06-19 17:58:39.106839+00:00
d0bed69f-937b-48aa-9023-fe2439793b48,completed,2026-06-19 17:58:09.340123+00:00,2026-06-19 17:58:39.221587+00:00
02f0a87f-9e32-484b-9285-3ac0c95f6bf0,completed,2026-06-19 17:58:09.370298+00:00,2026-06-19 17:58:39.284801+00:00
d5ae255f-c937-4e9b-b935-a0347cde8557,completed,2026-06-19 17:58:09.438360+00:00,2026-06-19 17:58:39.367846+00:00
8ffabe7d-4570-4a12-9b15-c09847268d7d,completed,2026-06-19 17:58:09.531540+00:00,2026-06-19 17:58:39.376179+00:00
8fcc4728-5579-4051-bf96-4759152fe8cd,completed,2026-06-19 17:58:09.567396+00:00,2026-06-19 17:58:39.438723+00:00
0830d487-4efa-40ae-af44-76b5043f8103,completed,2026-06-19 17:58:09.759256+00:00,2026-06-19 17:58:39.541177+00:00
db894731-519a-4b76-b5d1-5020f64f3d2e,completed,2026-06-19 17:58:09.598437+00:00,2026-06-19 17:58:39.552353+00:00
0ffcba37-081f-4532-bcaf-933264993295,completed,2026-06-19 17:58:11.812450+00:00,2026-06-19 17:58:41.602608+00:00
18e9771a-774d-470e-a5c9-87c829bbf34b,completed,2026-06-19 17:58:09.957157+00:00,2026-06-19 17:58:39.784910+00:00
8c2e1095-b788-440c-baa4-307b309bad0b,completed,2026-06-19 17:58:09.991482+00:00,2026-06-19 17:58:39.860513+00:00
2e44053c-c1ad-4ac7-84c6-c70aba99c2b4,completed,2026-06-19 17:58:10.055262+00:00,2026-06-19 17:58:39.887652+00:00
df4c4033-9e82-4831-b0e6-29dba0df6457,completed,2026-06-19 17:58:10.121226+00:00,2026-06-19 17:58:39.960866+00:00
3b9a3979-3d5a-45af-a00e-6f79585890c6,completed,2026-06-19 17:58:10.154060+00:00,2026-06-19 17:58:40.014154+00:00
f1e0aea7-54ac-4173-83e7-3c98a3b818b1,completed,2026-06-19 17:58:10.220743+00:00,2026-06-19 17:58:40.068469+00:00
49fe38cb-4542-4636-846c-7c429f695700,completed,2026-06-19 17:58:10.320506+00:00,2026-06-19 17:58:40.163404+00:00
aded66b7-9853-48f9-94b5-2ae3c61c3f0a,completed,2026-06-19 17:58:10.387508+00:00,2026-06-19 17:58:40.242082+00:00
508be7ba-e9ac-4ffd-acf7-5525eccdbbcb,completed,2026-06-19 17:58:10.455390+00:00,2026-06-19 17:58:40.299984+00:00
04c34258-5ca7-4972-988e-25ee1f842400,completed,2026-06-19 17:58:10.489920+00:00,2026-06-19 17:58:40.349267+00:00
a12b91d5-cd83-4237-9886-8bd38bff8bb6,completed,2026-06-19 17:58:10.556637+00:00,2026-06-19 17:58:40.410835+00:00
a24fa65a-93f3-4d49-85f8-542054d3a915,completed,2026-06-19 17:58:10.624825+00:00,2026-06-19 17:58:40.460115+00:00
10437322-ab1f-4ad0-b044-ab3c0fb014de,completed,2026-06-19 17:58:10.657886+00:00,2026-06-19 17:58:40.521072+00:00
568c7396-c437-4156-9def-271332a8eac6,completed,2026-06-19 17:58:10.760141+00:00,2026-06-19 17:58:40.574530+00:00
74e50984-ba00-4c04-a55f-30555750af40,completed,2026-06-19 17:58:10.848268+00:00,2026-06-19 17:58:40.689566+00:00
97726657-166a-47e6-8064-853a156ea316,completed,2026-06-19 17:58:10.896511+00:00,2026-06-19 17:58:40.721351+00:00
2930045f-91d9-4b5a-aeee-f3488052bd69,completed,2026-06-19 17:58:10.936220+00:00,2026-06-19 17:58:40.820690+00:00
6b41a1e0-b9ea-476b-99e8-e5e3ee3a7f86,completed,2026-06-19 17:58:11.036776+00:00,2026-06-19 17:58:40.870583+00:00
b201938a-6aa5-4f40-8d1f-a0d4ec8a4f66,completed,2026-06-19 17:58:11.138355+00:00,2026-06-19 17:58:41.009281+00:00
8780c78b-fd0f-415e-af1d-0b89325ee672,completed,2026-06-19 17:58:11.278251+00:00,2026-06-19 17:58:41.021591+00:00
d3918696-bf61-4dfe-b9fd-e7101a3d6804,completed,2026-06-19 17:58:11.244037+00:00,2026-06-19 17:58:41.047029+00:00
f728080d-309a-45e2-8260-5b82e7b0b666,completed,2026-06-19 17:58:11.418325+00:00,2026-06-19 17:58:41.181912+00:00
8cfb961f-c43e-4299-af8a-040e520cbb6c,completed,2026-06-19 17:58:11.312812+00:00,2026-06-19 17:58:41.193980+00:00
0d03a54c-75fb-4142-88a1-abe27d3c426a,completed,2026-06-19 17:58:11.453960+00:00,2026-06-19 17:58:41.236651+00:00
ebe0c2c0-0652-4f72-ab5f-e12fbf7332b1,completed,2026-06-19 17:58:11.598230+00:00,2026-06-19 17:58:41.341133+00:00
8222ac46-6745-4dd5-b236-2c74b0a92c76,completed,2026-06-19 17:58:11.490264+00:00,2026-06-19 17:58:41.369075+00:00
9928306a-984f-4161-b06a-37a114e351b4,completed,2026-06-19 17:58:11.629861+00:00,2026-06-19 17:58:41.419915+00:00
b287ecc0-5644-4b08-9702-f41af99eebee,completed,2026-06-19 17:58:11.666849+00:00,2026-06-19 17:58:41.504151+00:00
ed705deb-95a0-4388-8f46-c1e42b6a67df,completed,2026-06-19 17:58:11.773230+00:00,2026-06-19 17:58:41.545047+00:00
9f936411-877d-43a0-adb0-17c396018db4,completed,2026-06-19 17:58:13.962630+00:00,2026-06-19 17:58:43.676885+00:00
211390f6-c1df-4ebc-8e73-c18ea8a6a7c0,completed,2026-06-19 17:58:13.846289+00:00,2026-06-19 17:58:43.606572+00:00
c99e739c-c715-4757-86cd-84017eef44c1,completed,2026-06-19 17:58:11.987733+00:00,2026-06-19 17:58:41.784448+00:00
523e6e9e-ffcf-49f8-b031-1215ecd11343,completed,2026-06-19 17:58:12.029180+00:00,2026-06-19 17:58:41.830347+00:00
7cc12725-3469-4d10-a5a0-29127529bad8,completed,2026-06-19 17:58:12.097127+00:00,2026-06-19 17:58:41.905000+00:00
81806fe8-c887-45b0-a370-99675659572f,completed,2026-06-19 17:58:12.171660+00:00,2026-06-19 17:58:41.972074+00:00
f4a26fbd-2858-4842-a2dd-4202abd9739c,completed,2026-06-19 17:58:12.206002+00:00,2026-06-19 17:58:42.024334+00:00
07137035-9489-4527-8933-79e7607c020f,completed,2026-06-19 17:58:12.279910+00:00,2026-06-19 17:58:42.065301+00:00
dd6be35b-f2ee-4055-b911-35c11f0f0006,completed,2026-06-19 17:58:12.389970+00:00,2026-06-19 17:58:42.193408+00:00
a0b16f0b-2903-4e18-9fde-41e54b24ab02,completed,2026-06-19 17:58:12.427996+00:00,2026-06-19 17:58:42.240458+00:00
83ee03c3-8ac4-444e-a968-b415c017fc84,completed,2026-06-19 17:58:12.538923+00:00,2026-06-19 17:58:42.309693+00:00
1c3d5a62-aa75-44b4-930b-b597ffb88aa7,completed,2026-06-19 17:58:12.577201+00:00,2026-06-19 17:58:42.357108+00:00
1bae8ac9-a607-467d-a09e-12e3e28f1501,completed,2026-06-19 17:58:12.617378+00:00,2026-06-19 17:58:42.411852+00:00
885f0400-c8cf-4ca7-bc82-bcf0b439de4b,completed,2026-06-19 17:58:12.695392+00:00,2026-06-19 17:58:42.467299+00:00
40ac2287-36ad-48cf-83e6-671a965e5620,completed,2026-06-19 17:58:12.724448+00:00,2026-06-19 17:58:42.543781+00:00
0abdc05c-6289-48a1-9f33-b873da4a9742,completed,2026-06-19 17:58:12.801532+00:00,2026-06-19 17:58:42.593230+00:00
d1d89ae9-55ce-4222-b514-79e7ffa4e383,completed,2026-06-19 17:58:12.914236+00:00,2026-06-19 17:58:42.712363+00:00
80bac946-4791-4e9a-9523-41a376862ad8,completed,2026-06-19 17:58:12.989333+00:00,2026-06-19 17:58:42.768566+00:00
3daa712e-6bb4-4c23-80f4-127386041005,completed,2026-06-19 17:58:13.106396+00:00,2026-06-19 17:58:42.864012+00:00
50d69f89-5099-4957-91fc-4f8887198606,completed,2026-06-19 17:58:13.219056+00:00,2026-06-19 17:58:42.950528+00:00
c29e8ab8-8926-4852-add3-a97d7ab55230,completed,2026-06-19 17:58:13.180907+00:00,2026-06-19 17:58:42.985695+00:00
e53dd10a-65ac-4983-994e-220752d480cb,completed,2026-06-19 17:58:13.256817+00:00,2026-06-19 17:58:43.021879+00:00
3613d310-4894-47fd-998f-66b98e49de94,completed,2026-06-19 17:58:13.372748+00:00,2026-06-19 17:58:43.100735+00:00
b7001969-7d12-41c8-a713-9622199e4a68,completed,2026-06-19 17:58:13.450739+00:00,2026-06-19 17:58:43.176128+00:00
a7d81ba0-3575-442a-b8e0-ae26d9844838,completed,2026-06-19 17:58:13.491216+00:00,2026-06-19 17:58:43.191276+00:00
cdff6fb1-efa4-49c9-a9bb-11b0584ab0de,completed,2026-06-19 17:58:13.527952+00:00,2026-06-19 17:58:43.254747+00:00
c3f6a257-c761-4d08-805d-ce0d1fcdae83,completed,2026-06-19 17:58:13.685331+00:00,2026-06-19 17:58:43.345224+00:00
a91f731e-9412-4414-8718-24d5bdc02931,completed,2026-06-19 17:58:13.727618+00:00,2026-06-19 17:58:43.435737+00:00
537fdf33-f512-4901-a49a-aca7788de50a,completed,2026-06-19 17:58:13.764218+00:00,2026-06-19 17:58:43.523479+00:00
d24a8426-739e-4d14-84d3-cd8244bb9968,completed,2026-06-19 17:58:13.882502+00:00,2026-06-19 17:58:43.578009+00:00
0d4efe5c-c742-4352-9645-bdd1843c99be,completed,2026-06-19 17:58:14.991855+00:00,2026-06-19 17:58:44.620312+00:00
b2388491-0c5f-4940-9d87-28d13721e01f,completed,2026-06-19 17:58:15.995733+00:00,2026-06-19 17:58:45.690005+00:00
74c9c0dd-ef0c-4912-bc6f-584481596eee,completed,2026-06-19 17:58:14.083739+00:00,2026-06-19 17:58:43.769529+00:00
3784cb9f-14b8-4149-b3c7-ad528f8b3e20,completed,2026-06-19 17:58:14.123557+00:00,2026-06-19 17:58:43.842923+00:00
01492f31-4caa-476b-8a6b-2e69aebcc4c0,completed,2026-06-19 17:58:14.243426+00:00,2026-06-19 17:58:43.931937+00:00
06747f17-5d72-4c48-afa7-409ac43274c2,completed,2026-06-19 17:58:14.285514+00:00,2026-06-19 17:58:43.948223+00:00
82fff5bb-0eb7-41d5-96e5-25b63fc813ab,completed,2026-06-19 17:58:14.326706+00:00,2026-06-19 17:58:43.999627+00:00
9cddbee8-06f1-4df3-9c9f-e22cf339c40c,completed,2026-06-19 17:58:14.408809+00:00,2026-06-19 17:58:44.104119+00:00
87c157fb-4665-4070-a584-ab8d93ca4c81,completed,2026-06-19 17:58:14.497471+00:00,2026-06-19 17:58:44.168097+00:00
5621fed9-5981-424c-a4e6-c2d098ffd5da,completed,2026-06-19 17:58:14.571673+00:00,2026-06-19 17:58:44.277045+00:00
bb21c23a-b55e-40a4-83fa-30dfafd0dbb7,completed,2026-06-19 17:58:14.655595+00:00,2026-06-19 17:58:44.345753+00:00
09e2bb8d-a0c1-42c9-9f55-799b4c581760,completed,2026-06-19 17:58:14.695657+00:00,2026-06-19 17:58:44.429526+00:00
af22e845-ef34-43ad-807f-1fd8cba2f208,completed,2026-06-19 17:58:14.779156+00:00,2026-06-19 17:58:44.456787+00:00
49460b9b-ea1a-4199-b787-6059bdfb1fec,completed,2026-06-19 17:58:14.822936+00:00,2026-06-19 17:58:44.511280+00:00
ac6b4d1b-758b-4859-abe9-d8cf3a8e55fe,completed,2026-06-19 17:58:14.947983+00:00,2026-06-19 17:58:44.618102+00:00
ad77fefe-f94e-463c-8725-be0951d47259,completed,2026-06-19 17:58:15.944399+00:00,2026-06-19 17:58:45.595261+00:00
6bb9fe9e-41e6-4c3a-8152-c4b6396fd35b,completed,2026-06-19 17:58:15.033451+00:00,2026-06-19 17:58:44.670327+00:00
cb7593a8-500c-4348-ac2b-04472a5a600d,completed,2026-06-19 17:58:15.159090+00:00,2026-06-19 17:58:44.797576+00:00
a5e36ea3-4760-494a-bfdf-0b3dde9afdc8,completed,2026-06-19 17:58:15.203594+00:00,2026-06-19 17:58:44.834526+00:00
66b1eefb-d10a-4330-9762-cf2d6282b00c,completed,2026-06-19 17:58:15.332647+00:00,2026-06-19 17:58:44.971239+00:00
32960554-2c38-4172-b829-dd2c2333d4c8,completed,2026-06-19 17:58:15.287826+00:00,2026-06-19 17:58:44.971646+00:00
883bc2fe-1c91-4936-b020-a45f2b28253b,completed,2026-06-19 17:58:15.373896+00:00,2026-06-19 17:58:44.980998+00:00
38b32db5-4a1e-4b3f-b325-662464eb71da,completed,2026-06-19 17:58:15.550845+00:00,2026-06-19 17:58:45.121056+00:00
0ed9b367-1e97-4a9c-a777-a569d913e763,completed,2026-06-19 17:58:15.505297+00:00,2026-06-19 17:58:45.148496+00:00
2446ef56-f5f1-4b28-9d48-d326e5ef3029,completed,2026-06-19 17:58:15.461807+00:00,2026-06-19 17:58:45.155531+00:00
f2b09e86-8003-4b5f-9c34-039e8352a336,completed,2026-06-19 17:58:15.607189+00:00,2026-06-19 17:58:45.267100+00:00
0cbf67e6-3c98-472a-9e91-010bed398a9a,completed,2026-06-19 17:58:15.644454+00:00,2026-06-19 17:58:45.329484+00:00
429350f8-79dc-420c-a091-5bf0ecf104e3,completed,2026-06-19 17:58:15.768329+00:00,2026-06-19 17:58:45.417108+00:00
90cfcc83-9566-4254-98cd-705ac8ce6a31,completed,2026-06-19 17:58:15.816431+00:00,2026-06-19 17:58:45.513693+00:00
69989b35-6a97-444b-badc-99c9f1fa8eb4,completed,2026-06-19 17:58:15.902503+00:00,2026-06-19 17:58:45.531911+00:00
0a617eb1-c507-4b46-9d69-edae61203653,completed,2026-06-19 17:58:17.991364+00:00,2026-06-19 17:58:47.641488+00:00
58904b97-6fd2-47fe-aff1-98c9d1c27d7e,completed,2026-06-19 17:58:16.124861+00:00,2026-06-19 17:58:45.748422+00:00
37f703d7-2da7-41b4-8d75-086c2b41afa3,completed,2026-06-19 17:58:16.170579+00:00,2026-06-19 17:58:45.834613+00:00
6b3b2409-e1be-4ae4-aae9-6e0d2194d76c,completed,2026-06-19 17:58:16.214193+00:00,2026-06-19 17:58:45.883374+00:00
fa25a155-6394-43e2-8fe6-e9ef35562d99,completed,2026-06-19 17:58:16.307382+00:00,2026-06-19 17:58:45.927321+00:00
8e56af1f-327a-485b-b8cf-b7066f5a7589,completed,2026-06-19 17:58:16.354807+00:00,2026-06-19 17:58:46.004254+00:00
5cd27ffe-6272-45f5-ad5f-3bfeb1a04dd1,completed,2026-06-19 17:58:16.398357+00:00,2026-06-19 17:58:46.046053+00:00
caab45ba-f0fd-484f-9343-7b3e7cb4d8b5,completed,2026-06-19 17:58:16.535837+00:00,2026-06-19 17:58:46.172342+00:00
f2fb8f70-56be-47e7-a05a-b835e13a7174,completed,2026-06-19 17:58:16.583766+00:00,2026-06-19 17:58:46.236516+00:00
98ee7111-5280-4d86-a21d-6566c41079da,completed,2026-06-19 17:58:16.675890+00:00,2026-06-19 17:58:46.297092+00:00
557e4646-877e-483c-9bae-e494379eb49b,completed,2026-06-19 17:58:16.721952+00:00,2026-06-19 17:58:46.344498+00:00
f573a877-fc87-482d-aa3f-45c3782dfec4,completed,2026-06-19 17:58:16.769934+00:00,2026-06-19 17:58:46.412104+00:00
6ae761b1-9491-4281-b604-118d9efc5262,completed,2026-06-19 17:58:16.815985+00:00,2026-06-19 17:58:46.478174+00:00
188ce062-8f2d-485a-84c3-43cf88860ba2,completed,2026-06-19 17:58:16.864610+00:00,2026-06-19 17:58:46.535447+00:00
80502ec3-7f20-4a74-9fcb-725509153a63,completed,2026-06-19 17:58:16.911169+00:00,2026-06-19 17:58:46.580275+00:00
5b2fa55d-991d-4d8f-be00-0fca68a5ca4f,completed,2026-06-19 17:58:17.053398+00:00,2026-06-19 17:58:46.716442+00:00
64b3ddc0-d937-4bcb-9b78-a8e4ca901b50,completed,2026-06-19 17:58:17.102754+00:00,2026-06-19 17:58:46.739672+00:00
54d25f82-fb4f-4067-82a7-d39f5fb4f189,completed,2026-06-19 17:58:17.197326+00:00,2026-06-19 17:58:46.820789+00:00
a762ad5d-c2e5-4187-8d2f-1e69e21bda98,completed,2026-06-19 17:58:17.246058+00:00,2026-06-19 17:58:46.896460+00:00
b432e094-d82d-40ba-8e21-39b2e544570b,completed,2026-06-19 17:58:17.306152+00:00,2026-06-19 17:58:46.908256+00:00
ad50f09b-5e3a-444f-bb55-c4936c7a11c6,completed,2026-06-19 17:58:17.392528+00:00,2026-06-19 17:58:47.008347+00:00
9ce5bb3f-3423-4eda-b288-2682f966e76c,completed,2026-06-19 17:58:17.490960+00:00,2026-06-19 17:58:47.067129+00:00
63996979-fec6-4a3d-bd4a-c6d5b55c3141,completed,2026-06-19 17:58:17.441044+00:00,2026-06-19 17:58:47.092574+00:00
84ef6266-1679-4c69-9c7a-02a3440af911,completed,2026-06-19 17:58:17.637799+00:00,2026-06-19 17:58:47.243387+00:00
866ebfc6-3b31-405b-8096-9d7a476e9bc2,completed,2026-06-19 17:58:17.589640+00:00,2026-06-19 17:58:47.285486+00:00
e559965e-2216-47e3-8eff-ab45e79a1cc8,completed,2026-06-19 17:58:17.737691+00:00,2026-06-19 17:58:47.338318+00:00
44033816-ccb4-4a84-80a8-fe23a5e70411,completed,2026-06-19 17:58:17.787881+00:00,2026-06-19 17:58:47.411155+00:00
a7e5d73b-8e1d-473c-98b5-b904ecf4e519,completed,2026-06-19 17:58:17.840505+00:00,2026-06-19 17:58:47.457405+00:00
d3950e77-9cd4-4e57-97ac-a461a27ccdab,completed,2026-06-19 17:58:17.888006+00:00,2026-06-19 17:58:47.502157+00:00
3cff25d4-a9c8-46dd-8270-f282b65e5d56,completed,2026-06-19 17:58:17.939052+00:00,2026-06-19 17:58:47.586217+00:00
12102501-b353-4ad5-8aa8-e06862640c4c,completed,2026-06-19 17:58:20.187910+00:00,2026-06-19 17:58:49.584683+00:00
03337db2-ed13-4619-a48b-1cf5fa8a3484,completed,2026-06-19 17:58:19.155507+00:00,2026-06-19 17:58:48.704186+00:00
c6389394-bb89-4e33-a92e-ba4a99e682b3,completed,2026-06-19 17:58:18.217671+00:00,2026-06-19 17:58:47.826550+00:00
1cf1e458-7717-4d59-a5de-edc06ed1d8d6,completed,2026-06-19 17:58:18.248272+00:00,2026-06-19 17:58:47.844955+00:00
d64d11c8-418f-4333-b4de-cf50a8ea05e1,completed,2026-06-19 17:58:18.299405+00:00,2026-06-19 17:58:47.894389+00:00
7cc614a5-40d0-427a-a587-4bcc75e9eb4b,completed,2026-06-19 17:58:18.401901+00:00,2026-06-19 17:58:48.007374+00:00
a1d487a9-850a-40df-bae4-37bbc6c7d303,completed,2026-06-19 17:58:18.508577+00:00,2026-06-19 17:58:48.050905+00:00
b2d5f8c5-33e1-49fc-bf1d-f9c1bb7c36d2,completed,2026-06-19 17:58:18.561062+00:00,2026-06-19 17:58:48.159645+00:00
9cb1f939-d900-4d77-bfcb-4ee3e0874622,completed,2026-06-19 17:58:18.613956+00:00,2026-06-19 17:58:48.180379+00:00
3367517e-1408-4c01-9510-4b8f37f88892,completed,2026-06-19 17:58:18.666732+00:00,2026-06-19 17:58:48.226798+00:00
8cc2df3f-c6cd-4da4-9c07-f11c48671620,completed,2026-06-19 17:58:18.721268+00:00,2026-06-19 17:58:48.343609+00:00
cc0f46a2-e25a-4b73-bc60-b2a64b6b61e3,completed,2026-06-19 17:58:18.776186+00:00,2026-06-19 17:58:48.355982+00:00
8ee765d2-9eac-4685-86c1-4ea54ef68616,completed,2026-06-19 17:58:18.827135+00:00,2026-06-19 17:58:48.379756+00:00
c7c68b11-b9e2-4e95-91c7-65dc32ab4322,completed,2026-06-19 17:58:18.991342+00:00,2026-06-19 17:58:48.505854+00:00
9326f481-6fae-4ae9-bac8-71248ff417e1,completed,2026-06-19 17:58:18.882963+00:00,2026-06-19 17:58:48.525050+00:00
4ae5169a-0b6d-4209-aa6c-5d5389e380bc,completed,2026-06-19 17:58:19.045684+00:00,2026-06-19 17:58:48.552278+00:00
993d6af9-1968-484f-98a3-9858071c3ef2,completed,2026-06-19 17:58:19.265461+00:00,2026-06-19 17:58:48.701643+00:00
09e71eb6-0ad6-4eb7-b918-4598f80bf678,completed,2026-06-19 17:58:19.489589+00:00,2026-06-19 17:58:48.865860+00:00
3f3dedf8-52c7-49f2-911e-63c5b1e5d8c4,completed,2026-06-19 17:58:19.321893+00:00,2026-06-19 17:58:48.866675+00:00
164ab8c4-ed41-4d29-8a19-0ba015324111,completed,2026-06-19 17:58:19.548174+00:00,2026-06-19 17:58:48.980671+00:00
d1eb487c-3eda-4a63-9a7b-754916771cd8,completed,2026-06-19 17:58:19.660828+00:00,2026-06-19 17:58:49.036878+00:00
2a8fd566-7150-4fa5-a7a7-d2132a49b764,completed,2026-06-19 17:58:19.605396+00:00,2026-06-19 17:58:49.065935+00:00
4de08130-46e2-4b46-9f1b-05de1ed93ede,completed,2026-06-19 17:58:19.721476+00:00,2026-06-19 17:58:49.148137+00:00
db2136e3-233a-4284-945f-d31fdf72bf3e,completed,2026-06-19 17:58:19.776299+00:00,2026-06-19 17:58:49.208056+00:00
1cb4e693-f9df-4761-bba7-d1a2d0efa76f,completed,2026-06-19 17:58:19.834339+00:00,2026-06-19 17:58:49.226518+00:00
faf2fba0-9424-47ab-8c5a-fb7d353bad64,completed,2026-06-19 17:58:19.894520+00:00,2026-06-19 17:58:49.298426+00:00
ddc2e21d-c20b-4fb6-932a-962ac2202a14,completed,2026-06-19 17:58:19.951769+00:00,2026-06-19 17:58:49.396345+00:00
293ece2e-2075-4e45-86e6-79048bc3f98b,completed,2026-06-19 17:58:20.010332+00:00,2026-06-19 17:58:49.411377+00:00
60f7d2d1-5c67-4f85-8ff5-040d46d2accb,completed,2026-06-19 17:58:20.070334+00:00,2026-06-19 17:58:49.449998+00:00
85ba2c3f-f36c-40fc-8bda-29fd6fbfadde,completed,2026-06-19 17:58:20.127439+00:00,2026-06-19 17:58:49.580420+00:00
e3699b93-5d01-441a-adca-97885ef0761f,completed,2026-06-19 17:58:22.566438+00:00,2026-06-19 17:58:51.604651+00:00
971b360f-c02c-40fa-bf9c-3b495f8a0ad9,completed,2026-06-19 17:58:20.376200+00:00,2026-06-19 17:58:49.743642+00:00
813fbdb8-be05-4ae8-b63c-18db78f6b135,completed,2026-06-19 17:58:20.431790+00:00,2026-06-19 17:58:49.780711+00:00
39da7bcf-35a3-4dd0-9404-6ee4365c49ee,completed,2026-06-19 17:58:20.555439+00:00,2026-06-19 17:58:49.899721+00:00
a8f9524a-8621-426c-b659-e2e60ad31699,completed,2026-06-19 17:58:20.613150+00:00,2026-06-19 17:58:49.929614+00:00
19092c65-b2a6-4b99-b1cf-dcffe03a6c8e,completed,2026-06-19 17:58:20.677304+00:00,2026-06-19 17:58:49.944543+00:00
0ba5b7f6-3b49-4f21-8ef7-9578e00a452f,completed,2026-06-19 17:58:20.738511+00:00,2026-06-19 17:58:50.065149+00:00
2687176d-0ad3-4c9e-b049-2e6697b8f29f,completed,2026-06-19 17:58:20.863140+00:00,2026-06-19 17:58:50.127952+00:00
5ecf8a40-e30f-4d76-a0a7-e215512f80ce,completed,2026-06-19 17:58:20.933456+00:00,2026-06-19 17:58:50.215755+00:00
9f503ef6-6e9c-47f8-a6f0-2049fd8d577b,completed,2026-06-19 17:58:20.991367+00:00,2026-06-19 17:58:50.268169+00:00
43cd045a-b3d0-4c41-82be-2937e041b8a4,completed,2026-06-19 17:58:21.054767+00:00,2026-06-19 17:58:50.328500+00:00
e0b9d4b6-3e76-47f9-a731-459d9c72e50a,completed,2026-06-19 17:58:21.121656+00:00,2026-06-19 17:58:50.383040+00:00
39f3b4b5-2b45-464c-bc72-efb30ec8a419,completed,2026-06-19 17:58:21.186912+00:00,2026-06-19 17:58:50.449783+00:00
b1669d9e-1607-4d15-8e2e-669782e98ddc,completed,2026-06-19 17:58:21.249799+00:00,2026-06-19 17:58:50.502101+00:00
542487f2-dad9-430f-acec-68d3e78a4e7e,completed,2026-06-19 17:58:21.318986+00:00,2026-06-19 17:58:50.533464+00:00
4fd10654-8149-4ef8-97e3-a5a99ba106a5,completed,2026-06-19 17:58:21.449288+00:00,2026-06-19 17:58:50.668029+00:00
f7eb2dc3-1fc4-4b29-a60e-70d54ac196e8,completed,2026-06-19 17:58:21.517567+00:00,2026-06-19 17:58:50.698760+00:00
9ed3d02d-6a60-400f-b4d8-2050c22fe0bc,completed,2026-06-19 17:58:21.588431+00:00,2026-06-19 17:58:50.799442+00:00
cbcdfa3e-5daa-47c4-9669-00640307e1d3,completed,2026-06-19 17:58:21.648244+00:00,2026-06-19 17:58:50.834112+00:00
0e80334c-f612-414c-a478-0b4764924c49,completed,2026-06-19 17:58:21.720869+00:00,2026-06-19 17:58:50.877285+00:00
1bbda2f3-2ffc-41b6-bf71-e0d16fa8b370,completed,2026-06-19 17:58:21.792918+00:00,2026-06-19 17:58:50.988587+00:00
87b6fda2-91e2-462b-9114-d6674ecb9a66,completed,2026-06-19 17:58:21.853290+00:00,2026-06-19 17:58:51.008526+00:00
d7b0af4a-d69d-4fb4-a1a2-39762ff6ac5e,completed,2026-06-19 17:58:21.920324+00:00,2026-06-19 17:58:51.068933+00:00
fab9b551-9ed8-4c40-9870-dc7d106a5758,completed,2026-06-19 17:58:22.062105+00:00,2026-06-19 17:58:51.172737+00:00
1b51f3a2-2247-4bc7-b46c-a4815599d24f,completed,2026-06-19 17:58:22.132869+00:00,2026-06-19 17:58:51.242429+00:00
5a6d3fde-6f49-4b4d-b5cf-1f3a46afa18c,completed,2026-06-19 17:58:22.205826+00:00,2026-06-19 17:58:51.291722+00:00
f185682e-9e39-4298-9887-e165f983555a,completed,2026-06-19 17:58:22.280083+00:00,2026-06-19 17:58:51.376765+00:00
03f37743-4bd1-41d0-921f-6730ece09388,completed,2026-06-19 17:58:22.347775+00:00,2026-06-19 17:58:51.424453+00:00
7c046b63-1e37-4f4b-a58e-2a61c627cc04,completed,2026-06-19 17:58:22.419310+00:00,2026-06-19 17:58:51.471757+00:00
5b2c0669-b98a-4d1d-ac8b-f8f1f9bfd5cf,completed,2026-06-19 17:58:22.495014+00:00,2026-06-19 17:58:51.568548+00:00
e086a5ba-7fdf-4724-9286-cc4cf1d0f9a7,completed,2026-06-19 17:58:25.491004+00:00,2026-06-19 17:58:53.684809+00:00
c98674a4-cfc1-4d51-b1cb-abdcab8d4e85,completed,2026-06-19 17:58:22.788325+00:00,2026-06-19 17:58:51.771751+00:00
c38c7ce9-bd68-4572-9b95-375ec463f695,completed,2026-06-19 17:58:22.863123+00:00,2026-06-19 17:58:51.793873+00:00
24289aaa-c500-4445-9f63-44cb3a9e02e1,completed,2026-06-19 17:58:22.942488+00:00,2026-06-19 17:58:51.912891+00:00
c178c79d-083f-4a1a-8112-d23ad8fc2e15,completed,2026-06-19 17:58:23.016290+00:00,2026-06-19 17:58:51.973091+00:00
8ce31b5c-95dd-4a74-98d8-eb19948e48ff,completed,2026-06-19 17:58:23.095036+00:00,2026-06-19 17:58:51.983950+00:00
44669f85-a8d6-4dff-815f-7af3b0642ba0,completed,2026-06-19 17:58:23.172329+00:00,2026-06-19 17:58:52.086060+00:00
6f14f460-27a5-4a74-b990-6d983dd318d2,completed,2026-06-19 17:58:23.330585+00:00,2026-06-19 17:58:52.175444+00:00
8fee50a9-b959-4e04-92bf-63c747f6500b,completed,2026-06-19 17:58:23.410789+00:00,2026-06-19 17:58:52.291594+00:00
b1baae6b-aafa-46fe-8782-c2dc24bff659,completed,2026-06-19 17:58:23.574086+00:00,2026-06-19 17:58:52.357922+00:00
c4e84dbc-7ab3-49ba-8649-ab6b28c96471,completed,2026-06-19 17:58:23.493022+00:00,2026-06-19 17:58:52.395090+00:00
e81dd1f6-f048-4c4b-938a-e9b79e77c1df,completed,2026-06-19 17:58:23.655199+00:00,2026-06-19 17:58:52.460099+00:00
603683d5-f56a-4ade-bb25-f3b57431188c,completed,2026-06-19 17:58:23.741440+00:00,2026-06-19 17:58:52.528160+00:00
600e0ecb-57aa-497c-a1d1-87a1584644a0,completed,2026-06-19 17:58:23.824811+00:00,2026-06-19 17:58:52.593941+00:00
24abc59d-8094-4543-b238-5c6f3adce701,completed,2026-06-19 17:58:23.910744+00:00,2026-06-19 17:58:52.638647+00:00
146b40be-84a5-4f4f-99ba-87612c17e2b2,completed,2026-06-19 17:58:24.077784+00:00,2026-06-19 17:58:52.783890+00:00
0a65cddd-7c7a-4755-aa23-20ac3e8a63a4,completed,2026-06-19 17:58:24.164569+00:00,2026-06-19 17:58:52.815437+00:00
b5b53d4e-0e48-4e37-8b8a-98cc36edcaa2,completed,2026-06-19 17:58:24.252257+00:00,2026-06-19 17:58:52.919814+00:00
9a57eeec-0d67-44fd-80e4-587ab0e61f69,completed,2026-06-19 17:58:24.341201+00:00,2026-06-19 17:58:52.956057+00:00
fe0ac7a9-7984-42c6-b0da-906310705028,completed,2026-06-19 17:58:24.440439+00:00,2026-06-19 17:58:52.975719+00:00
32b050a4-e2e4-4f5c-9f69-7c101575e5b0,completed,2026-06-19 17:58:24.521326+00:00,2026-06-19 17:58:53.087444+00:00
dd1a3f5a-5056-4713-8e16-177bd4e5b4ae,completed,2026-06-19 17:58:24.705774+00:00,2026-06-19 17:58:53.111617+00:00
69c802e0-fd78-4d9c-a745-7cabc6fb52e1,completed,2026-06-19 17:58:24.616285+00:00,2026-06-19 17:58:53.137526+00:00
c5e92dcf-6915-47d2-82b3-ad842761500b,completed,2026-06-19 17:58:24.991812+00:00,2026-06-19 17:58:53.308060+00:00
d5daaa0e-0ff9-4f5f-98c7-9d913fbf1435,completed,2026-06-19 17:58:24.895347+00:00,2026-06-19 17:58:53.316935+00:00
ccfafeeb-8b17-4187-a5de-0d6d8ef4e117,completed,2026-06-19 17:58:25.092155+00:00,2026-06-19 17:58:53.463554+00:00
952a7937-dacb-4728-905c-3eb33340cb34,completed,2026-06-19 17:58:25.188597+00:00,2026-06-19 17:58:53.476949+00:00
3f0b611b-aadb-41cd-a526-8626a5878ff6,completed,2026-06-19 17:58:25.287020+00:00,2026-06-19 17:58:53.486658+00:00
0a0a2289-8c09-48c8-83f9-7a1d9bb600ac,completed,2026-06-19 17:58:25.389174+00:00,2026-06-19 17:58:53.624730+00:00
041b14c2-4a2d-479c-ae8d-831cf9c9aabf,completed,2026-06-19 17:58:25.596812+00:00,2026-06-19 17:58:53.666220+00:00
fdf6b98e-fb8c-4007-8a17-88c07320b198,completed,2026-06-19 17:57:55.288238+00:00,2026-06-19 17:58:25.189924+00:00
a4855f84-4777-4643-af27-47abdd52c84b,completed,2026-06-19 17:57:57.669502+00:00,2026-06-19 17:58:27.572392+00:00
84f9a551-e161-4eec-921b-64330c7bdb17,completed,2026-06-19 17:57:58.562757+00:00,2026-06-19 17:58:28.616238+00:00
0e5e5def-2eb7-48a6-b0d6-096d828efaa1,completed,2026-06-19 17:57:58.799212+00:00,2026-06-19 17:58:28.970056+00:00
4f84c0d8-da70-414e-9b49-d1d3b8835821,failed,2026-06-19 17:57:59.787474+00:00,2026-06-19 17:58:29.806157+00:00
338058dc-240d-4774-9679-5c3528daef2d,completed,2026-06-19 17:58:01.089019+00:00,2026-06-19 17:58:31.240533+00:00
4f90daa6-b3fa-420f-a077-0907452c7d46,failed,2026-06-19 17:58:01.413464+00:00,2026-06-19 17:58:31.481276+00:00
7cbe6eac-b2ae-45b1-b468-d0704bbb811c,failed,2026-06-19 17:58:01.637571+00:00,2026-06-19 17:58:31.672784+00:00
e8ed4c3f-1689-48ee-94c5-e67b00767b4e,completed,2026-06-19 17:58:01.912024+00:00,2026-06-19 17:58:32.075257+00:00
a28cb8d6-3246-4f13-9c31-1ed3bc919c85,completed,2026-06-19 17:58:02.637231+00:00,2026-06-19 17:58:32.779767+00:00
55813b4b-6629-4e1a-acb0-4569e43c0c01,completed,2026-06-19 17:58:03.910028+00:00,2026-06-19 17:58:34.062020+00:00
a73b817e-3d0c-4584-bea3-97cebe9b54e3,completed,2026-06-19 17:58:05.988324+00:00,2026-06-19 17:58:35.980136+00:00
bb253ac5-4f15-4a06-a047-b438a2740200,completed,2026-06-19 17:58:07.193407+00:00,2026-06-19 17:58:37.020157+00:00
33b8b9f8-f1d0-4c29-9067-c7c517e8399e,completed,2026-06-19 17:58:09.826325+00:00,2026-06-19 17:58:39.688377+00:00
ded90e42-0e41-497a-9d1d-6e9e36d9cbd8,completed,2026-06-19 17:58:12.353664+00:00,2026-06-19 17:58:42.131017+00:00
90b1595e-1c39-4a23-b647-812fd0844805,completed,2026-06-19 17:58:12.875571+00:00,2026-06-19 17:58:42.617600+00:00
babd7f1b-8efa-4e56-8a2d-4743c5771239,completed,2026-06-19 17:58:13.064792+00:00,2026-06-19 17:58:42.769855+00:00
e30fa1da-d849-4d56-9c01-d274789c7774,completed,2026-06-19 17:58:14.448525+00:00,2026-06-19 17:58:44.128402+00:00
afcac5ce-031f-4882-8fc2-ed7867c009b8,completed,2026-06-19 17:58:14.614752+00:00,2026-06-19 17:58:44.277353+00:00
398ca17f-2c1f-4bc2-8d8a-6cf475ee33fd,completed,2026-06-19 17:58:15.117077+00:00,2026-06-19 17:58:44.798371+00:00
7d956d96-4f2d-4d0c-b648-3f56541bb4ea,completed,2026-06-19 17:58:15.688971+00:00,2026-06-19 17:58:45.330105+00:00
d5204938-58dd-4656-b625-c9c464d32357,completed,2026-06-19 17:58:16.080004+00:00,2026-06-19 17:58:45.712082+00:00
d1cc37bf-ef8d-4895-9962-48ff55f3c8f0,completed,2026-06-19 17:58:23.252180+00:00,2026-06-19 17:58:52.160106+00:00
f5d141f1-e797-42ab-b639-404d353bc808,completed,2026-06-19 17:58:30.305578+00:00,2026-06-19 17:58:55.619543+00:00
49ed9ab5-c194-41e9-99e2-d51572a653db,completed,2026-06-19 17:58:31.026329+00:00,2026-06-19 17:58:55.667590+00:00
9ac610dc-3f6e-4300-ac91-edaf9710436a,completed,2026-06-19 17:58:31.513832+00:00,2026-06-19 17:58:55.762984+00:00
c0ba4b95-4958-425a-8b04-6179b99e2007,completed,2026-06-19 17:58:25.923081+00:00,2026-06-19 17:58:53.875972+00:00
28cdbc3e-8bfb-4199-9db1-1ef4769cfcff,completed,2026-06-19 17:58:26.028841+00:00,2026-06-19 17:58:53.979525+00:00
3270965b-36ad-4562-8b1d-9dbf204d47a6,completed,2026-06-19 17:58:26.142942+00:00,2026-06-19 17:58:54.035273+00:00
9ea934d4-8f75-4bc9-8c59-f1161957983b,completed,2026-06-19 17:58:26.255980+00:00,2026-06-19 17:58:54.112911+00:00
e503d5ab-7675-474b-af45-5e95217eff32,completed,2026-06-19 17:58:26.373732+00:00,2026-06-19 17:58:54.201111+00:00
0ff9ce66-e79c-404e-8f11-b2dfbafc0331,completed,2026-06-19 17:58:26.491511+00:00,2026-06-19 17:58:54.253208+00:00
9e6060d9-f15e-464c-8214-b0338a90046d,completed,2026-06-19 17:58:26.615911+00:00,2026-06-19 17:58:54.359045+00:00
fc7bfb17-0110-429c-b9d0-0f555f943039,completed,2026-06-19 17:58:26.737269+00:00,2026-06-19 17:58:54.406313+00:00
d9506152-8b98-4d52-8de4-281b977c9236,completed,2026-06-19 17:58:26.865969+00:00,2026-06-19 17:58:54.463999+00:00
2cd6b8e4-9ba8-4575-9f90-c690871bf4c3,completed,2026-06-19 17:58:26.992640+00:00,2026-06-19 17:58:54.516673+00:00
440d3de0-f589-40f6-b6ad-72b19c5085e4,completed,2026-06-19 17:58:27.125973+00:00,2026-06-19 17:58:54.563868+00:00
39431fc4-cb37-4290-950d-8e12779ea81c,completed,2026-06-19 17:58:27.261097+00:00,2026-06-19 17:58:54.656135+00:00
fee0f39d-3d61-4d00-970c-c8f2da239307,completed,2026-06-19 17:58:27.542262+00:00,2026-06-19 17:58:54.705303+00:00
f47a6a3f-ae3a-4038-8a4b-484e91d09deb,completed,2026-06-19 17:58:27.398428+00:00,2026-06-19 17:58:54.712860+00:00
3b6e9dd7-c675-42c7-ba00-73bf63a8ae5b,completed,2026-06-19 17:58:27.689498+00:00,2026-06-19 17:58:54.831416+00:00
76bcf722-c346-4d37-a835-b136d454da10,completed,2026-06-19 17:58:27.994058+00:00,2026-06-19 17:58:54.861461+00:00
fa1ad721-697b-448b-9d0b-fa92f5e3335e,completed,2026-06-19 17:58:27.848777+00:00,2026-06-19 17:58:54.892622+00:00
a49e3a1a-49a8-4245-bf1f-45426909eb62,completed,2026-06-19 17:58:28.156306+00:00,2026-06-19 17:58:55.011949+00:00
84fa4796-1f94-4fd2-8326-c06ce46cce73,completed,2026-06-19 17:58:28.322570+00:00,2026-06-19 17:58:55.037265+00:00
bf890564-8c93-4250-ac46-ae6b8d29323a,completed,2026-06-19 17:58:28.496845+00:00,2026-06-19 17:58:55.052428+00:00
4a0480e2-25fd-4631-8e88-1d9660af536e,completed,2026-06-19 17:58:28.678863+00:00,2026-06-19 17:58:55.168886+00:00
8fc02dc2-d797-49e6-a17f-e6004167a1ae,completed,2026-06-19 17:58:28.864188+00:00,2026-06-19 17:58:55.220631+00:00
247e4729-d374-4a7c-86de-9c03edec5014,completed,2026-06-19 17:58:29.274737+00:00,2026-06-19 17:58:55.323097+00:00
8d73a67d-ad99-44a7-b266-546822bdedc3,completed,2026-06-19 17:58:29.498623+00:00,2026-06-19 17:58:55.421054+00:00
3686e399-5ff5-4204-b104-99182833992a,completed,2026-06-19 17:58:29.739667+00:00,2026-06-19 17:58:55.422868+00:00
08286d76-a8c3-42e5-86d5-da926dbd2b33,completed,2026-06-19 17:58:30.011911+00:00,2026-06-19 17:58:55.494971+00:00
ca051421-37bf-4814-ac17-9e173d0eb50b,completed,2026-06-19 17:58:30.618978+00:00,2026-06-19 17:58:55.620398+00:00
7a774755-e4f9-4f2a-9ff2-7c920a5d5996,completed,2026-06-19 17:57:56.664612+00:00,2026-06-19 17:58:26.594874+00:00
443a9056-ed8c-427b-8481-fbc1ce9f5e79,completed,2026-06-19 17:57:56.936367+00:00,2026-06-19 17:58:26.923296+00:00
9ed3b419-8ca9-4db6-8645-5076942397da,failed,2026-06-19 17:57:59.086164+00:00,2026-06-19 17:58:29.116422+00:00
96b64118-f69a-46d8-9370-3febf14bd167,completed,2026-06-19 17:57:59.139360+00:00,2026-06-19 17:58:29.304402+00:00
7c9734a3-faee-4488-afeb-bbab4faf508c,failed,2026-06-19 17:58:00.013718+00:00,2026-06-19 17:58:30.058651+00:00
728d93de-d17a-425f-b338-55623e85bfa9,completed,2026-06-19 17:58:00.586360+00:00,2026-06-19 17:58:30.739588+00:00
c1d34728-3cd7-4ee3-82ff-913f3575b9eb,failed,2026-06-19 17:58:01.665071+00:00,2026-06-19 17:58:31.673501+00:00
bd092135-d4bc-4f3c-a7c5-d1662eb0bad9,completed,2026-06-19 17:58:02.286407+00:00,2026-06-19 17:58:32.437033+00:00
70a49fe7-cdc3-4c8f-9f3b-992b1f584201,failed,2026-06-19 17:58:02.989304+00:00,2026-06-19 17:58:33.014027+00:00
b678b9a9-b218-4687-a753-82c18b0d3dbc,completed,2026-06-19 17:58:03.445482+00:00,2026-06-19 17:58:33.575280+00:00
371639de-0923-4575-934c-5f17b647e029,completed,2026-06-19 17:58:03.937135+00:00,2026-06-19 17:58:34.062273+00:00
eaf96ef6-bc1a-4986-9111-3d9b883472bf,completed,2026-06-19 17:58:05.516574+00:00,2026-06-19 17:58:35.532180+00:00
73e091f4-6af0-4cde-921a-ec8f12cc191f,completed,2026-06-19 17:58:07.668792+00:00,2026-06-19 17:58:37.639710+00:00
a6c1284e-8063-4adc-8458-176a0716ac5e,completed,2026-06-19 17:58:07.939315+00:00,2026-06-19 17:58:37.814587+00:00
77acef9b-93fc-4889-be81-cc4b8d7df2f3,completed,2026-06-19 17:58:10.288612+00:00,2026-06-19 17:58:40.138884+00:00
f0042e19-b57c-4600-aaee-e403c964713c,completed,2026-06-19 17:58:10.795409+00:00,2026-06-19 17:58:40.639639+00:00
ccd4f1c2-7659-4279-b83a-65af159c8c25,completed,2026-06-19 17:58:11.882309+00:00,2026-06-19 17:58:41.652549+00:00
1a57421f-7c11-40da-be5b-691956cff0c9,completed,2026-06-19 17:58:16.491315+00:00,2026-06-19 17:58:46.121977+00:00
9077afb9-8205-4fc8-af3c-982af504b679,completed,2026-06-19 17:58:17.005121+00:00,2026-06-19 17:58:46.648699+00:00
b3fbd1b9-77ad-4615-b3bd-70c875ff3bfb,completed,2026-06-19 17:58:17.540375+00:00,2026-06-19 17:58:47.191721+00:00
8cd75ecc-0fbd-4b1f-ba67-219ea403744f,completed,2026-06-19 17:58:18.093353+00:00,2026-06-19 17:58:47.666862+00:00
f8991404-89f6-42a0-8234-a132e7f18e8f,completed,2026-06-19 17:58:18.456087+00:00,2026-06-19 17:58:48.008440+00:00
69a59405-3cc7-45b3-a096-31c8aa1548fa,completed,2026-06-19 17:58:19.099148+00:00,2026-06-19 17:58:48.684413+00:00
2b7a8b37-e06b-417c-aab5-15a9a971ea31,completed,2026-06-19 17:58:20.310734+00:00,2026-06-19 17:58:49.748556+00:00
984d504f-2b99-4064-9a91-cf97e5248a6a,completed,2026-06-19 17:58:20.800004+00:00,2026-06-19 17:58:50.098723+00:00
77483f96-3734-432a-8446-b4b466934739,completed,2026-06-19 17:58:21.380969+00:00,2026-06-19 17:58:50.635910+00:00
fd2aa16e-415e-4213-bf9f-6cd4fec973eb,completed,2026-06-19 17:58:21.994023+00:00,2026-06-19 17:58:51.131900+00:00
27b71b82-e505-4d4c-87fc-8961b40a3a4a,completed,2026-06-19 17:58:22.638383+00:00,2026-06-19 17:58:51.632331+00:00
959dda43-d87d-43b7-a96f-dd4548baa6cc,completed,2026-06-19 17:58:23.992941+00:00,2026-06-19 17:58:52.707000+00:00
dce47a05-d389-4852-8a66-8012efbbb468,completed,2026-06-19 17:57:58.861578+00:00,2026-06-19 17:58:29.016466+00:00
acf43e68-3c4a-4b59-987b-9f05f6f86605,failed,2026-06-19 17:57:59.563488+00:00,2026-06-19 17:58:29.570299+00:00
000aa0f8-9dda-41d9-995d-c07591372711,completed,2026-06-19 17:57:59.762853+00:00,2026-06-19 17:58:29.910656+00:00
0101115e-22a6-4fbc-a5de-41141317abae,completed,2026-06-19 17:58:00.111204+00:00,2026-06-19 17:58:30.299888+00:00
7b89668c-5bb0-4d48-9114-a27c55669c2d,failed,2026-06-19 17:58:00.486890+00:00,2026-06-19 17:58:30.513058+00:00
1abb3c14-f6f7-45c1-ae9e-93b48fe4b5b5,failed,2026-06-19 17:58:00.688600+00:00,2026-06-19 17:58:30.714932+00:00
7be8e3cf-6e8b-4bdb-b171-a4558c98a815,completed,2026-06-19 17:58:00.887586+00:00,2026-06-19 17:58:31.025851+00:00
fd190b08-dc86-4136-8cf0-72a5a85b9708,failed,2026-06-19 17:58:01.161514+00:00,2026-06-19 17:58:31.230438+00:00
85e234a5-0d11-460c-9d1c-c240e1f06954,failed,2026-06-19 17:58:02.337795+00:00,2026-06-19 17:58:32.368987+00:00
350c4092-5a76-40e2-ab77-abbc1949d079,failed,2026-06-19 17:58:02.551369+00:00,2026-06-19 17:58:32.557232+00:00
2eed71b3-c0e3-4178-9141-abc7f7714bb4,completed,2026-06-19 17:58:03.116403+00:00,2026-06-19 17:58:33.264586+00:00
2d34cb0c-27ac-4538-9f16-a3212dab1fa7,completed,2026-06-19 17:58:03.522795+00:00,2026-06-19 17:58:33.592015+00:00
9b60189a-6bb5-47b9-a6ef-48620acbdbcd,completed,2026-06-19 17:58:04.862960+00:00,2026-06-19 17:58:34.944370+00:00
8c73fa0c-5a56-4dc8-8099-6a03363ebc42,completed,2026-06-19 17:58:05.598861+00:00,2026-06-19 17:58:35.607098+00:00
24a147d5-8106-4d5e-a73b-7f85c695badf,completed,2026-06-19 17:58:06.555259+00:00,2026-06-19 17:58:36.491450+00:00
b3756f20-d40f-4129-8f46-761b397d7dda,completed,2026-06-19 17:58:07.786135+00:00,2026-06-19 17:58:37.738222+00:00
571bb0c5-0800-4bb3-9f29-57533f4bbab3,completed,2026-06-19 17:58:08.737861+00:00,2026-06-19 17:58:38.655382+00:00
1f2f90f8-d542-41d6-81e3-3958103711fc,completed,2026-06-19 17:58:09.283111+00:00,2026-06-19 17:58:39.183525+00:00
4d1ed7fd-91e2-4f82-bd62-20de0d990ed3,completed,2026-06-19 17:58:09.922945+00:00,2026-06-19 17:58:39.719473+00:00
1273ac8b-8a8d-4ccc-be11-1043c2e3a46f,completed,2026-06-19 17:58:11.104263+00:00,2026-06-19 17:58:40.872926+00:00
bb534a38-cb74-4be0-97d1-3340743d613d,completed,2026-06-19 17:58:11.953369+00:00,2026-06-19 17:58:41.723007+00:00
afc46834-2013-461b-a69a-6d6d07341847,completed,2026-06-19 17:58:13.605476+00:00,2026-06-19 17:58:43.436443+00:00
ed5a85ae-8b88-4b70-ba8c-6807afcdd1e9,completed,2026-06-19 17:58:14.041926+00:00,2026-06-19 17:58:43.746909+00:00
7c73e49b-2206-4fc9-a69a-f907f2d41050,completed,2026-06-19 17:58:18.146183+00:00,2026-06-19 17:58:47.733733+00:00
0a88332c-fdb9-4332-85c4-b2ce505c3265,completed,2026-06-19 17:58:19.434153+00:00,2026-06-19 17:58:48.843596+00:00
03d39600-8736-4095-8c78-a96900cfd0e6,completed,2026-06-19 17:58:20.257037+00:00,2026-06-19 17:58:49.613215+00:00
85a1c3cc-3b89-43f5-8c61-75bd94615596,completed,2026-06-19 17:58:22.713945+00:00,2026-06-19 17:58:51.741362+00:00
2bd90ad1-c0a4-4808-85d7-e5c3e0ead11b,completed,2026-06-19 17:58:29.063530+00:00,2026-06-19 17:58:55.222439+00:00
b2716649-17be-445b-a608-1051d9d75539,completed,2026-06-19 17:58:24.802416+00:00,2026-06-19 17:58:53.257097+00:00
d072c2d5-17cf-47b4-ab14-b4acd73ec347,completed,2026-06-19 17:58:25.702508+00:00,2026-06-19 17:58:53.827544+00:00
