id,status,created_at,finished_at
f8b2cdc4-b219-4e63-bdb5-bd1ea93153dd,completed,2026-06-19 19:51:33.468423+00:00,2026-06-19 19:51:33.579147+00:00
6bf81e17-3b0d-422f-9b57-8fbbaa330658,completed,2026-06-19 19:51:29.683904+00:00,2026-06-19 19:51:30.624472+00:00
26e1e757-43e9-4b18-b117-10124c34aa43,completed,2026-06-19 19:51:33.784271+00:00,2026-06-19 19:51:33.899626+00:00
3d812e36-da57-44de-8bd7-f3e6ad018a8c,completed,2026-06-19 19:51:30.134180+00:00,2026-06-19 19:51:31.036631+00:00
112f5ab1-4ce7-40d1-8ff0-23801e491da7,completed,2026-06-19 19:51:30.568675+00:00,2026-06-19 19:51:31.477245+00:00
1118b855-53bf-4982-b8ee-14365bc84253,completed,2026-06-19 19:51:35.514560+00:00,2026-06-19 19:51:35.626879+00:00
e2799656-487b-483f-a254-e61b2054964a,completed,2026-06-19 19:51:30.984322+00:00,2026-06-19 19:51:31.890460+00:00
064e36e6-ae6e-45e8-bb2e-e7250842d958,completed,2026-06-19 19:51:34.089001+00:00,2026-06-19 19:51:34.199288+00:00
eb25fe60-868b-49c3-88bb-138f41c40ff5,completed,2026-06-19 19:51:31.375111+00:00,2026-06-19 19:51:32.285330+00:00
6f87eb12-f370-46b3-ab33-2551e1517de3,completed,2026-06-19 19:51:32.468822+00:00,2026-06-19 19:51:32.589711+00:00
853f2bc7-2a5a-4cd6-80c7-a1927cb55cda,completed,2026-06-19 19:51:31.750279+00:00,2026-06-19 19:51:32.654235+00:00
635f995f-d49a-4456-b52b-0f32f4919f5c,completed,2026-06-19 19:51:32.819335+00:00,2026-06-19 19:51:32.933075+00:00
82d62195-b30c-48e8-8c24-8e3f9827286e,completed,2026-06-19 19:51:32.124919+00:00,2026-06-19 19:51:33.021359+00:00
d5503f88-37e8-4b3c-9654-587f9a060682,completed,2026-06-19 19:51:34.387154+00:00,2026-06-19 19:51:34.506962+00:00
d5f72fd1-caf7-4b0f-921e-33d09539bbc5,completed,2026-06-19 19:51:33.139112+00:00,2026-06-19 19:51:33.251946+00:00
1ca558b6-050a-4c5e-bcfe-956c860e5ef6,completed,2026-06-19 19:51:36.560481+00:00,2026-06-19 19:51:36.677753+00:00
5a75fba9-1c28-4146-a891-cbd75e5410e5,completed,2026-06-19 19:51:35.786572+00:00,2026-06-19 19:51:35.899228+00:00
e838071e-7ccf-49f7-8b98-6dc3499d3aab,completed,2026-06-19 19:51:34.674999+00:00,2026-06-19 19:51:34.798452+00:00
d27ef623-ec38-47c9-9f26-b5757fe7688e,completed,2026-06-19 19:51:34.963251+00:00,2026-06-19 19:51:35.080775+00:00
4560bb13-df85-4bf6-af10-cdaaaa8e1b4b,completed,2026-06-19 19:51:35.245386+00:00,2026-06-19 19:51:35.351201+00:00
4075b4fc-0086-4a52-aa38-64cdc32ec193,completed,2026-06-19 19:51:36.045899+00:00,2026-06-19 19:51:36.160868+00:00
9791a14e-c7cc-4d8b-8274-d59b12a9492e,completed,2026-06-19 19:51:37.298006+00:00,2026-06-19 19:51:37.412184+00:00
60c17cf6-f3b8-43e6-b31d-5cdfa6325786,completed,2026-06-19 19:51:36.308323+00:00,2026-06-19 19:51:36.414542+00:00
4e6923e4-381e-4c87-a465-652caec4363a,completed,2026-06-19 19:51:36.810859+00:00,2026-06-19 19:51:36.914578+00:00
7be1526e-0685-4e34-8cf6-b90d47335b31,completed,2026-06-19 19:51:37.057821+00:00,2026-06-19 19:51:37.169415+00:00
23a764f4-ef36-4e5a-b6b2-04f84cb0f247,completed,2026-06-19 19:51:37.780467+00:00,2026-06-19 19:51:37.892529+00:00
edef847d-e961-4ae6-9413-3a01c56c32bd,completed,2026-06-19 19:51:37.539072+00:00,2026-06-19 19:51:37.650003+00:00
2c7bcb80-5365-41b5-9450-78f4bb5dd3f4,completed,2026-06-19 19:51:38.005420+00:00,2026-06-19 19:51:38.122374+00:00
319306ba-f345-4dbb-8995-2bb3ed3780d5,completed,2026-06-19 19:51:38.230462+00:00,2026-06-19 19:51:38.340117+00:00
771c54b2-977a-42ad-a73c-7bc95a35d5a9,completed,2026-06-19 19:51:38.467765+00:00,2026-06-19 19:51:38.580696+00:00
8b820c21-dbe1-47cd-b28f-2f40891b1fc6,completed,2026-06-19 19:51:38.679666+00:00,2026-06-19 19:51:38.798451+00:00
2fe25dac-27e2-4785-a393-33d90dcb8227,completed,2026-06-19 19:51:40.953261+00:00,2026-06-19 19:51:41.055938+00:00
6f63abe9-747b-4394-b9f5-edb4923b6dbc,completed,2026-06-19 19:51:38.903374+00:00,2026-06-19 19:51:39.012995+00:00
e76f9c17-bfe2-40a3-b147-03481e28ac1e,completed,2026-06-19 19:51:39.116396+00:00,2026-06-19 19:51:39.219736+00:00
b03cd5b9-3b6e-491d-8051-e9af178c7000,completed,2026-06-19 19:51:44.551129+00:00,2026-06-19 19:51:44.659924+00:00
a18e8c0c-4fd4-4570-8f65-4c8a1dd89ebe,completed,2026-06-19 19:51:39.332231+00:00,2026-06-19 19:51:39.447666+00:00
5261e1b0-b0f9-40ff-bce1-9ef30b51c516,completed,2026-06-19 19:51:41.146422+00:00,2026-06-19 19:51:41.239677+00:00
e8fdf2d4-0259-46ef-8e93-a6182f6e6507,completed,2026-06-19 19:51:39.544154+00:00,2026-06-19 19:51:39.651744+00:00
e506a427-0925-473e-b5f0-3783313c30dd,completed,2026-06-19 19:51:39.749785+00:00,2026-06-19 19:51:39.870263+00:00
5915c012-0f9a-49eb-8351-f2ad4c633014,completed,2026-06-19 19:51:42.273605+00:00,2026-06-19 19:51:42.375433+00:00
17e5176e-3df9-43be-9ad7-2a5a3459463a,completed,2026-06-19 19:51:39.957474+00:00,2026-06-19 19:51:40.070152+00:00
036b1143-a8fd-4a5f-847e-33dd6b45aa27,completed,2026-06-19 19:51:41.341790+00:00,2026-06-19 19:51:41.450517+00:00
23f6187e-fd73-4080-8a3a-5222001cc2c1,completed,2026-06-19 19:51:40.160567+00:00,2026-06-19 19:51:40.270778+00:00
268ef87d-4318-4c9a-8e39-d1763c3bad3f,completed,2026-06-19 19:51:40.364278+00:00,2026-06-19 19:51:40.467460+00:00
40251433-4c5f-4b68-9b11-7e99826fec03,completed,2026-06-19 19:51:40.564500+00:00,2026-06-19 19:51:40.677552+00:00
bef3f599-de67-403e-8541-82bc45ab2582,completed,2026-06-19 19:51:41.531541+00:00,2026-06-19 19:51:41.643862+00:00
38e5ef70-c708-4ee5-a79d-24194e96dfca,completed,2026-06-19 19:51:40.764168+00:00,2026-06-19 19:51:40.863666+00:00
a5670de0-88ca-4839-b5e7-b4a717de9169,completed,2026-06-19 19:51:42.966681+00:00,2026-06-19 19:51:43.071245+00:00
807a8ed5-f005-4be2-9021-a29dd02aabd6,completed,2026-06-19 19:51:42.449911+00:00,2026-06-19 19:51:42.544678+00:00
2de414ad-b66e-4921-9790-818548191c27,completed,2026-06-19 19:51:41.717512+00:00,2026-06-19 19:51:41.825022+00:00
e1b495f3-ad48-454a-b532-d5f9b1b8e478,completed,2026-06-19 19:51:41.904558+00:00,2026-06-19 19:51:42.007401+00:00
6639f0f2-cf0e-4662-8d04-a58ab441cfa3,completed,2026-06-19 19:51:42.099590+00:00,2026-06-19 19:51:42.200749+00:00
e2db7ca9-3871-469f-affc-f62ea76acba3,completed,2026-06-19 19:51:42.612960+00:00,2026-06-19 19:51:42.713247+00:00
9910f8a3-1b46-4cad-8e97-cb2e4180f217,completed,2026-06-19 19:51:43.712764+00:00,2026-06-19 19:51:43.808987+00:00
c9ac1b88-4c79-4b6d-9adc-b8473283ed19,completed,2026-06-19 19:51:42.796822+00:00,2026-06-19 19:51:42.914205+00:00
b13eca6b-67d1-402f-8fb7-b070970276c8,completed,2026-06-19 19:51:43.142079+00:00,2026-06-19 19:51:43.249279+00:00
2232510d-8597-4612-aa2a-384791a17b7e,completed,2026-06-19 19:51:43.318149+00:00,2026-06-19 19:51:43.417881+00:00
950c9a3f-c508-4d0d-9fc7-64d850a1a92b,completed,2026-06-19 19:51:44.049466+00:00,2026-06-19 19:51:44.152057+00:00
08ebb84d-fa68-42d7-972a-a0f0444eb2bf,completed,2026-06-19 19:51:43.887868+00:00,2026-06-19 19:51:43.990298+00:00
c56db290-1ff6-4e25-8c86-5975e8406f63,completed,2026-06-19 19:51:44.224294+00:00,2026-06-19 19:51:44.329725+00:00
305bbf0e-08ec-4479-b572-647774fc7d24,completed,2026-06-19 19:51:44.386586+00:00,2026-06-19 19:51:44.484337+00:00
14d64117-dcba-44fa-a50d-d32c1cd9e1ac,completed,2026-06-19 19:51:44.492247+00:00,2026-06-19 19:51:44.614401+00:00
95dab767-c146-454f-9e05-e96100729d68,completed,2026-06-19 19:51:46.233994+00:00,2026-06-19 19:51:46.344324+00:00
aef317e1-8a70-4b7e-87e2-d7eae69ebf76,completed,2026-06-19 19:51:44.821444+00:00,2026-06-19 19:51:44.928268+00:00
e59e5fbd-e3e5-40a6-9b4d-1d36937df885,completed,2026-06-19 19:51:44.881696+00:00,2026-06-19 19:51:44.979334+00:00
8b657249-30c1-4756-883a-a7c055d1f18a,completed,2026-06-19 19:51:47.758090+00:00,2026-06-19 19:51:47.870084+00:00
5235a757-606a-4386-97c8-98327d8dce69,completed,2026-06-19 19:51:46.386783+00:00,2026-06-19 19:51:46.488048+00:00
6fe7d72a-ddd3-4d6c-b329-50ef5034ba67,completed,2026-06-19 19:51:45.140265+00:00,2026-06-19 19:51:45.244428+00:00
843fcae4-261b-4f54-b995-3bb0fd2b7a9a,completed,2026-06-19 19:51:45.198203+00:00,2026-06-19 19:51:45.304730+00:00
db82a151-185a-40c2-94c5-b8ecb5b33a68,completed,2026-06-19 19:51:45.299834+00:00,2026-06-19 19:51:45.412153+00:00
dc3e7ff9-8635-4b70-bdf2-905e0d156ebe,completed,2026-06-19 19:51:45.458021+00:00,2026-06-19 19:51:45.569143+00:00
7ab0b757-c9ce-4981-8343-a36471929f89,completed,2026-06-19 19:51:46.539051+00:00,2026-06-19 19:51:46.644414+00:00
dbd92c5b-a799-4da7-8a2e-7cdbc6e9a09d,completed,2026-06-19 19:51:45.622135+00:00,2026-06-19 19:51:45.721526+00:00
1ebbfacc-29af-4694-be76-219351824fa2,completed,2026-06-19 19:51:45.771786+00:00,2026-06-19 19:51:45.877826+00:00
095d0990-e951-43c7-a4c6-abedca0fbaa2,completed,2026-06-19 19:51:47.856193+00:00,2026-06-19 19:51:47.963815+00:00
8c93b7af-6258-46d0-a7e7-0cfb8c6949bb,completed,2026-06-19 19:51:45.927450+00:00,2026-06-19 19:51:46.026969+00:00
3b9a3a9e-2e10-45b8-97d7-0144ea7e9438,completed,2026-06-19 19:51:46.076568+00:00,2026-06-19 19:51:46.180662+00:00
3bdba742-1f74-43bc-a686-7da7a9dfb875,completed,2026-06-19 19:51:47.320912+00:00,2026-06-19 19:51:47.431771+00:00
dd673d0c-3aef-4c64-932e-4112a8851ea2,completed,2026-06-19 19:51:46.688644+00:00,2026-06-19 19:51:46.842113+00:00
be76bda7-ca55-4a35-a35a-14d3c9ac36ee,completed,2026-06-19 19:51:47.425588+00:00,2026-06-19 19:51:47.532102+00:00
12566068-a835-4b49-9672-b883c6c5ab07,completed,2026-06-19 19:51:46.838288+00:00,2026-06-19 19:51:46.944165+00:00
75b656cf-a08a-403d-a694-40680e19d0ef,completed,2026-06-19 19:51:47.003174+00:00,2026-06-19 19:51:47.105726+00:00
8d700c75-c299-431c-a90b-7ef78a5dc18c,completed,2026-06-19 19:51:47.167554+00:00,2026-06-19 19:51:47.264984+00:00
61420aeb-ca90-4c76-a79a-75df951c3860,completed,2026-06-19 19:51:47.569982+00:00,2026-06-19 19:51:47.667608+00:00
74eb05e6-6a97-4478-8648-0ae44f6ec181,completed,2026-06-19 19:51:48.424881+00:00,2026-06-19 19:51:48.525165+00:00
5da81946-2392-448d-beac-eb8783604be1,completed,2026-06-19 19:51:48.194019+00:00,2026-06-19 19:51:48.304145+00:00
082a469d-f410-4c0f-968d-377bce2fa139,completed,2026-06-19 19:51:48.285101+00:00,2026-06-19 19:51:48.399129+00:00
3c4243c2-70d7-49c5-bdc7-cae03a864244,completed,2026-06-19 19:51:48.001373+00:00,2026-06-19 19:51:48.111548+00:00
3009e9e6-1189-4ec4-b3ee-4a1c52e5b186,completed,2026-06-19 19:51:48.849723+00:00,2026-06-19 19:51:48.955483+00:00
7e4e37c6-91f7-4aac-9d42-0437c049554d,completed,2026-06-19 19:51:48.604363+00:00,2026-06-19 19:51:48.707672+00:00
3a815c52-c3d2-4a1e-8cd7-4d2fa6cd5435,completed,2026-06-19 19:51:48.808605+00:00,2026-06-19 19:51:48.910477+00:00
82389d15-3638-49ee-b871-c5ad7cb2b0f0,completed,2026-06-19 19:51:48.980174+00:00,2026-06-19 19:51:49.088639+00:00
4cd716db-2118-4041-9cd2-9e2ac2e1536e,completed,2026-06-19 19:51:49.117447+00:00,2026-06-19 19:51:49.232062+00:00
b17b5886-b3a4-4c72-a0e4-b874018275da,completed,2026-06-19 19:51:50.580202+00:00,2026-06-19 19:51:50.693699+00:00
e79d07cc-dc1a-4c82-bd7d-b0ac54c7f9b6,completed,2026-06-19 19:51:49.253745+00:00,2026-06-19 19:51:49.353341+00:00
b33efd5a-1a97-4ff1-921f-e1657549a096,completed,2026-06-19 19:51:49.389520+00:00,2026-06-19 19:51:49.484314+00:00
8f0a63d1-f03d-4b39-8faa-7e05336978e0,completed,2026-06-19 19:51:49.520654+00:00,2026-06-19 19:51:49.620417+00:00
270ccf0d-a4d6-42dd-b9ba-e1c9134eccf4,completed,2026-06-19 19:51:50.709616+00:00,2026-06-19 19:51:50.822661+00:00
c93e76e8-aa15-4954-90da-7ac5444d67ed,completed,2026-06-19 19:51:49.658008+00:00,2026-06-19 19:51:49.767877+00:00
ea4dd98e-492c-4e73-8ae5-529c83f8a48c,completed,2026-06-19 19:51:49.790535+00:00,2026-06-19 19:51:49.894812+00:00
9ac6832c-4c4e-41be-b2a3-289d4def3559,completed,2026-06-19 19:51:51.474389+00:00,2026-06-19 19:51:51.577775+00:00
4ad9be8f-366f-4ca7-be0b-86d61664ce27,completed,2026-06-19 19:51:49.925891+00:00,2026-06-19 19:51:50.049928+00:00
c941e90a-173c-4f40-947c-2620177e5b8b,completed,2026-06-19 19:51:50.835554+00:00,2026-06-19 19:51:50.940171+00:00
55c66f34-1eeb-4318-91e4-eee2fcc15ace,completed,2026-06-19 19:51:50.057427+00:00,2026-06-19 19:51:50.154892+00:00
c731257a-0796-4962-9b68-e440b0395ac6,completed,2026-06-19 19:51:50.187086+00:00,2026-06-19 19:51:50.295096+00:00
baba7aa1-9ddf-48b1-8a58-623539a603d7,completed,2026-06-19 19:51:50.320287+00:00,2026-06-19 19:51:50.439563+00:00
f96d14e9-516f-4c1c-88e3-252066427bb9,completed,2026-06-19 19:51:50.965874+00:00,2026-06-19 19:51:51.071720+00:00
00430dce-e67c-410a-9333-eff8f383d87a,completed,2026-06-19 19:51:50.451231+00:00,2026-06-19 19:51:50.569263+00:00
3da0ba47-dbea-4168-9a67-e08cb504885e,completed,2026-06-19 19:51:51.970545+00:00,2026-06-19 19:51:52.069545+00:00
483ca5fe-2cee-4d92-bfbf-4c578d1cf487,completed,2026-06-19 19:51:51.599037+00:00,2026-06-19 19:51:51.709675+00:00
d9525d7e-cd59-4259-994b-0c7225d73478,completed,2026-06-19 19:51:51.093233+00:00,2026-06-19 19:51:51.208457+00:00
0884fff4-3987-4c62-82f7-26d47c790f2a,completed,2026-06-19 19:51:51.221619+00:00,2026-06-19 19:51:51.322619+00:00
36aefcb7-0b3f-4fcc-a147-4634cffa8613,completed,2026-06-19 19:51:51.347582+00:00,2026-06-19 19:51:51.444846+00:00
7a45c73b-cbe7-4de0-aff8-e8efb17b4338,completed,2026-06-19 19:51:51.723779+00:00,2026-06-19 19:51:51.823864+00:00
811b64d3-dad7-4a85-9d18-4b685ab5830d,completed,2026-06-19 19:51:52.341628+00:00,2026-06-19 19:51:52.455666+00:00
1dacce54-6f9e-4d58-ba59-419f2fba64fa,completed,2026-06-19 19:51:51.849266+00:00,2026-06-19 19:51:51.956772+00:00
65448439-be2a-484d-a96f-c449594f9de6,completed,2026-06-19 19:51:52.095876+00:00,2026-06-19 19:51:52.192422+00:00
acf5d6d3-369e-4461-b0fb-4f0f6a64656a,completed,2026-06-19 19:51:52.220403+00:00,2026-06-19 19:51:52.323869+00:00
3f11df1e-65ed-4238-abe3-ed85dd2f054b,completed,2026-06-19 19:51:52.586257+00:00,2026-06-19 19:51:52.696788+00:00
9908e35f-b68f-4da2-8781-440ffc1ef632,completed,2026-06-19 19:51:52.462776+00:00,2026-06-19 19:51:52.585631+00:00
ec05dc44-fe9d-4faf-bf67-16ca49c1df42,completed,2026-06-19 19:51:52.706979+00:00,2026-06-19 19:51:52.814618+00:00
285d35b9-8745-4466-ac7c-878c02db7eae,completed,2026-06-19 19:51:52.824882+00:00,2026-06-19 19:51:52.928035+00:00
68540813-864c-460b-8a12-ada3d37c39e2,completed,2026-06-19 19:51:52.946048+00:00,2026-06-19 19:51:53.048549+00:00
2725cf29-05b9-4ec4-8b34-0e46b79b9a9a,completed,2026-06-19 19:51:53.065992+00:00,2026-06-19 19:51:53.170172+00:00
b2b19a18-702b-4281-b596-920a60755b97,completed,2026-06-19 19:51:54.351627+00:00,2026-06-19 19:51:54.452480+00:00
e4f336b4-87a2-4d83-8e91-2acc1515999c,completed,2026-06-19 19:51:53.185359+00:00,2026-06-19 19:51:53.289922+00:00
8e832948-cec3-4d6a-babf-7f532aaad6d7,completed,2026-06-19 19:51:53.300612+00:00,2026-06-19 19:51:53.404966+00:00
fc4c2e50-d3bb-438c-b124-2855fac0bc52,completed,2026-06-19 19:51:53.421616+00:00,2026-06-19 19:51:53.521473+00:00
1d1f920f-e8a7-4317-985f-c0e506c6aa6e,completed,2026-06-19 19:51:53.541316+00:00,2026-06-19 19:51:53.641466+00:00
88de773a-c538-4ada-93a7-e4a9774a9fd1,completed,2026-06-19 19:51:55.146464+00:00,2026-06-19 19:51:55.256052+00:00
680731a6-90ef-4e8e-a54a-bff69a6ee27a,completed,2026-06-19 19:51:53.657126+00:00,2026-06-19 19:51:53.755817+00:00
0ee077f7-bb5b-40a6-b246-6fd03efe575d,completed,2026-06-19 19:51:54.467216+00:00,2026-06-19 19:51:54.597556+00:00
32dbc1df-dce0-44aa-939e-dfbf4f244f38,completed,2026-06-19 19:51:53.771956+00:00,2026-06-19 19:51:53.870263+00:00
6b601fde-c19c-490a-8c54-8649f0e91242,completed,2026-06-19 19:51:53.892478+00:00,2026-06-19 19:51:53.991457+00:00
3e6d6561-915b-482c-a59d-4efa4c1ffddb,completed,2026-06-19 19:51:54.583754+00:00,2026-06-19 19:51:54.697459+00:00
04aba1b9-3a4e-4624-b810-89a8f0544069,completed,2026-06-19 19:51:54.007421+00:00,2026-06-19 19:51:54.109587+00:00
e687036f-6d23-4c45-80cb-6434ed510967,completed,2026-06-19 19:51:54.121357+00:00,2026-06-19 19:51:54.222755+00:00
8d15fd5a-f954-4a15-a591-1f20499a9b1b,completed,2026-06-19 19:51:54.695492+00:00,2026-06-19 19:51:54.794673+00:00
c00eb6e4-62e1-498a-9760-d0215b1d598b,completed,2026-06-19 19:51:54.239920+00:00,2026-06-19 19:51:54.345383+00:00
1005808a-99d1-4de3-a686-4658fbddc9b8,completed,2026-06-19 19:51:55.594862+00:00,2026-06-19 19:51:55.691353+00:00
1c705c2b-ba55-4c82-8643-4086367bf726,completed,2026-06-19 19:51:55.258528+00:00,2026-06-19 19:51:55.365159+00:00
ce05f983-b953-470b-9a7f-0476156fdf83,completed,2026-06-19 19:51:54.810182+00:00,2026-06-19 19:51:54.918034+00:00
542bacb9-eae3-450c-8b92-d97d11e9d94c,completed,2026-06-19 19:51:54.922118+00:00,2026-06-19 19:51:55.043783+00:00
5e07b9de-018a-4bd3-a668-eabe7f59ab9c,completed,2026-06-19 19:51:55.034643+00:00,2026-06-19 19:51:55.135517+00:00
4d393da2-d087-4ea4-b8c7-a191f43a79d4,completed,2026-06-19 19:51:55.369773+00:00,2026-06-19 19:51:55.472997+00:00
ca55539b-de3c-4a3e-8c16-86984a914fce,completed,2026-06-19 19:51:55.921449+00:00,2026-06-19 19:51:56.017957+00:00
ad308f7e-47be-4cb3-b097-09cb779a8a98,completed,2026-06-19 19:51:55.481394+00:00,2026-06-19 19:51:55.586703+00:00
aba1b1e7-8b44-4eb3-8fa8-eeb3c5f4df1a,completed,2026-06-19 19:51:55.701615+00:00,2026-06-19 19:51:55.804127+00:00
11259baf-deeb-48a2-917a-b3d2c8be6915,completed,2026-06-19 19:51:55.811312+00:00,2026-06-19 19:51:55.911362+00:00
996fb1f9-6dd1-4869-8b93-9ad996f9710b,completed,2026-06-19 19:51:56.139414+00:00,2026-06-19 19:51:56.234570+00:00
1162d7ed-bd9f-400d-b688-8173fa93dbf8,completed,2026-06-19 19:51:56.029554+00:00,2026-06-19 19:51:56.138065+00:00
ed59ad4a-e800-4799-87b9-834200938491,completed,2026-06-19 19:51:56.244471+00:00,2026-06-19 19:51:56.356674+00:00
2c6d4363-34ba-4bf4-9285-69c0e990b98b,completed,2026-06-19 19:51:56.355918+00:00,2026-06-19 19:51:56.460143+00:00
aa63d0e2-97f3-48e3-9479-db3d72a83252,completed,2026-06-19 19:51:56.462665+00:00,2026-06-19 19:51:56.573172+00:00
2d5df64c-a1d1-4191-806d-568d9964e556,completed,2026-06-19 19:51:56.572140+00:00,2026-06-19 19:51:56.669533+00:00
805318a5-ef25-4c2a-8e47-93ff0851ad18,completed,2026-06-19 19:51:57.733867+00:00,2026-06-19 19:51:57.835358+00:00
536bb762-e867-4ca5-9e28-db599d996524,completed,2026-06-19 19:51:56.679239+00:00,2026-06-19 19:51:56.775275+00:00
f8750528-2fe7-4774-9d14-6ab046795a6d,completed,2026-06-19 19:51:59.259220+00:00,2026-06-19 19:51:59.354927+00:00
ac32b5b5-94dc-44ba-923e-4960b21048ee,completed,2026-06-19 19:51:56.794727+00:00,2026-06-19 19:51:56.904514+00:00
f3b13da1-61cd-4f3d-b1e2-adf166526612,completed,2026-06-19 19:51:56.892753+00:00,2026-06-19 19:51:57.000504+00:00
b523db61-d6cf-4b3f-9386-5c25b0f81cd2,completed,2026-06-19 19:51:57.837591+00:00,2026-06-19 19:51:57.937121+00:00
fd7eb36e-2229-4458-9ce7-5828c680ae11,completed,2026-06-19 19:51:57.000068+00:00,2026-06-19 19:51:57.096931+00:00
742f6402-2a15-459e-aed2-558e183ee4bf,completed,2026-06-19 19:51:57.104649+00:00,2026-06-19 19:51:57.205062+00:00
dadcb825-bd42-4786-bb73-d042b499144e,completed,2026-06-19 19:51:57.210614+00:00,2026-06-19 19:51:57.306331+00:00
52c99e10-ffa7-48e7-9a08-d4b5b42a6a02,completed,2026-06-19 19:51:57.316028+00:00,2026-06-19 19:51:57.413986+00:00
94c44953-4962-487e-a158-00605782aeed,completed,2026-06-19 19:51:58.759431+00:00,2026-06-19 19:51:58.866611+00:00
ab088faf-71a1-47ee-9ec2-0e355298b50a,completed,2026-06-19 19:51:57.418164+00:00,2026-06-19 19:51:57.523769+00:00
8e867112-442d-48f8-ad0b-020c9515ba0d,completed,2026-06-19 19:51:57.944081+00:00,2026-06-19 19:51:58.063587+00:00
2e0dd43a-0964-48a1-8946-40e32aa364f0,completed,2026-06-19 19:51:57.526086+00:00,2026-06-19 19:51:57.631865+00:00
32552394-2498-4ffa-b019-e481f442561f,completed,2026-06-19 19:51:57.631018+00:00,2026-06-19 19:51:57.728519+00:00
d4531bde-8866-4a45-b407-25244cbcf269,completed,2026-06-19 19:51:58.454419+00:00,2026-06-19 19:51:58.562394+00:00
736a9beb-e93e-4c36-b711-4950641a52e3,completed,2026-06-19 19:51:58.047079+00:00,2026-06-19 19:51:58.158625+00:00
a3d1e305-62fe-49bf-9f0f-43ccf3935781,completed,2026-06-19 19:51:58.147048+00:00,2026-06-19 19:51:58.250399+00:00
4af7cb54-d890-40e6-89f9-d684550fd79d,completed,2026-06-19 19:51:58.861399+00:00,2026-06-19 19:51:58.955443+00:00
5f4c7daf-161e-4e50-a95f-b04c28e4b328,completed,2026-06-19 19:51:58.250170+00:00,2026-06-19 19:51:58.352724+00:00
23127308-becb-461f-b4c2-1503fe391fa8,completed,2026-06-19 19:51:58.353569+00:00,2026-06-19 19:51:58.456793+00:00
c8ba558b-5453-44bd-b1b3-f70be6a7bf98,completed,2026-06-19 19:51:58.554439+00:00,2026-06-19 19:51:58.666710+00:00
03807fbf-0aa9-4658-a359-d804060460e7,completed,2026-06-19 19:51:59.061816+00:00,2026-06-19 19:51:59.174235+00:00
19d6a0a3-6670-4c08-b816-d2c9dd1f2bdf,completed,2026-06-19 19:51:58.658673+00:00,2026-06-19 19:51:58.773804+00:00
76ceaa39-01f8-4132-8511-ead72adcd293,completed,2026-06-19 19:51:58.965451+00:00,2026-06-19 19:51:59.082940+00:00
15f7512c-e349-4321-87d0-2946179a51df,completed,2026-06-19 19:51:59.751596+00:00,2026-06-19 19:51:59.860317+00:00
6b618580-539c-486e-8592-288d1037f424,completed,2026-06-19 19:51:59.160680+00:00,2026-06-19 19:51:59.267015+00:00
9c84da6f-6f53-4f27-acba-29fab1cbc26f,completed,2026-06-19 19:51:59.359803+00:00,2026-06-19 19:51:59.462796+00:00
77ea7ec2-e5f1-4016-aff1-df12b8aae44d,completed,2026-06-19 19:51:59.458173+00:00,2026-06-19 19:51:59.570765+00:00
05e27f19-29bd-44be-b28b-604a6129f26d,completed,2026-06-19 19:51:59.555932+00:00,2026-06-19 19:51:59.673483+00:00
355bdc44-c4f7-4106-ba39-f059961c5f13,completed,2026-06-19 19:51:59.654520+00:00,2026-06-19 19:51:59.773039+00:00
0703c530-be1c-4aec-8a2d-df79a3fd54d3,completed,2026-06-19 19:52:01.341042+00:00,2026-06-19 19:52:01.452673+00:00
1dc2c9dc-d7b1-4d3c-a59f-913441892f46,completed,2026-06-19 19:52:00.794287+00:00,2026-06-19 19:52:00.897329+00:00
e00c5071-4fb5-43a7-b8b7-f1f90da5ee63,completed,2026-06-19 19:51:59.849259+00:00,2026-06-19 19:51:59.983982+00:00
6c17a95f-5b40-4d7d-8d19-08755950f3cc,completed,2026-06-19 19:51:59.946398+00:00,2026-06-19 19:52:00.057777+00:00
ea4bc5f1-739a-4113-801b-a01b39b5d92d,completed,2026-06-19 19:52:00.040986+00:00,2026-06-19 19:52:00.144974+00:00
3be069da-5cfa-4209-8b15-c1b162d272e8,completed,2026-06-19 19:52:00.885901+00:00,2026-06-19 19:52:01.027618+00:00
402b741f-7bd3-4218-bd91-759a9144d2c3,completed,2026-06-19 19:52:00.148409+00:00,2026-06-19 19:52:00.253246+00:00
226c8254-0fec-467c-8a15-349dfa4e5527,completed,2026-06-19 19:52:00.232821+00:00,2026-06-19 19:52:00.362841+00:00
89e89b10-6bc8-4aad-8ddb-7bb6cc893ad1,completed,2026-06-19 19:52:01.700583+00:00,2026-06-19 19:52:01.797396+00:00
bac37257-bd66-4983-93dc-efcab5175622,completed,2026-06-19 19:52:00.327901+00:00,2026-06-19 19:52:00.432473+00:00
2f036fd3-84a9-4562-9337-f46594ce325a,completed,2026-06-19 19:52:00.982927+00:00,2026-06-19 19:52:01.099248+00:00
3165d412-4934-4fb0-99b1-7cb473d72533,completed,2026-06-19 19:52:00.422451+00:00,2026-06-19 19:52:00.541834+00:00
56d3ee0c-48cb-4b21-ae68-d2adfb36ac2a,completed,2026-06-19 19:52:00.513262+00:00,2026-06-19 19:52:00.621694+00:00
66aa3a35-ef5a-434b-b396-c9e84cf89fd9,completed,2026-06-19 19:52:01.432704+00:00,2026-06-19 19:52:01.539178+00:00
bb513c2a-39f7-43da-a559-717eab5dc642,completed,2026-06-19 19:52:00.609162+00:00,2026-06-19 19:52:00.725016+00:00
efb9a1f5-765e-4912-8628-f3483a1997d3,completed,2026-06-19 19:52:00.702042+00:00,2026-06-19 19:52:00.803536+00:00
b82b5350-21b2-425a-948c-681a2a0f2be0,completed,2026-06-19 19:52:01.070477+00:00,2026-06-19 19:52:01.179692+00:00
50a1ee68-8d39-4100-a1f0-ee1146c65040,completed,2026-06-19 19:52:01.163574+00:00,2026-06-19 19:52:01.291927+00:00
0d167d3a-5b0d-4166-88a0-d7d7f1ea1af9,completed,2026-06-19 19:52:01.252380+00:00,2026-06-19 19:52:01.365901+00:00
0ece5375-56b0-4f83-9cc0-0325fddccf64,completed,2026-06-19 19:52:01.790337+00:00,2026-06-19 19:52:01.890512+00:00
5c159ad1-bfbb-4115-a519-df1c731f6adc,completed,2026-06-19 19:52:01.522724+00:00,2026-06-19 19:52:01.624877+00:00
d14b2382-0fe2-45ea-b48c-a423855020ab,completed,2026-06-19 19:52:01.965695+00:00,2026-06-19 19:52:02.067930+00:00
18ebfa42-0b62-4475-96f3-1748d07107b2,completed,2026-06-19 19:52:01.609339+00:00,2026-06-19 19:52:01.708195+00:00
0fed3ee3-aa85-4396-b61a-0f2fa6c67b1e,completed,2026-06-19 19:52:02.139758+00:00,2026-06-19 19:52:02.248360+00:00
4cb040f0-1948-4d92-997d-4140566e41dc,completed,2026-06-19 19:52:01.877999+00:00,2026-06-19 19:52:01.972933+00:00
961df357-95c8-4122-8331-c1f8c242c13f,completed,2026-06-19 19:52:02.571814+00:00,2026-06-19 19:52:02.681752+00:00
0764fbe4-1ba8-49f5-9d25-05c7e36cc2c5,completed,2026-06-19 19:52:02.053223+00:00,2026-06-19 19:52:02.170607+00:00
9ab77da7-e07c-4be5-81fc-4f6e999684af,completed,2026-06-19 19:52:02.227380+00:00,2026-06-19 19:52:02.325093+00:00
6227cce3-31f2-4f30-9fb0-e6ce2bfb8fef,completed,2026-06-19 19:52:02.313700+00:00,2026-06-19 19:52:02.414612+00:00
936bbeef-4d14-41aa-bbb4-7b8f04b13e83,completed,2026-06-19 19:52:02.400832+00:00,2026-06-19 19:52:02.502669+00:00
bd8bc268-440b-442b-9de6-36960ffdb25b,completed,2026-06-19 19:52:02.484810+00:00,2026-06-19 19:52:02.608897+00:00
eeef1d99-da0e-4223-88a7-ea93e5182a3e,completed,2026-06-19 19:52:03.980118+00:00,2026-06-19 19:52:04.091099+00:00
8beb27af-a52c-4e89-a38c-04df67ca9a92,completed,2026-06-19 19:52:03.493827+00:00,2026-06-19 19:52:03.627502+00:00
d65954e4-85d9-40a4-80a3-2bda3d55a80c,completed,2026-06-19 19:52:02.656995+00:00,2026-06-19 19:52:02.758728+00:00
3f0f0ea8-f840-4378-9063-7e33788dd078,completed,2026-06-19 19:52:02.740952+00:00,2026-06-19 19:52:02.854642+00:00
22dca6ac-0107-4b34-b6d6-0ffc2a3a8a9b,completed,2026-06-19 19:52:02.825715+00:00,2026-06-19 19:52:02.930656+00:00
314f2aa3-299f-43f8-8fcb-41f866b8b450,completed,2026-06-19 19:52:03.576129+00:00,2026-06-19 19:52:03.715849+00:00
b7dda21b-4ee8-4c96-baba-5ad2cc2916ad,completed,2026-06-19 19:52:02.910603+00:00,2026-06-19 19:52:03.022377+00:00
127970fa-8e1a-45e0-9040-7144f0eb8e5f,completed,2026-06-19 19:52:02.994197+00:00,2026-06-19 19:52:03.092476+00:00
dd33e6f1-3499-44e8-8052-115dfc1bf2cd,completed,2026-06-19 19:52:04.301590+00:00,2026-06-19 19:52:04.403399+00:00
908d187d-3808-46de-a90c-39323b69ebdd,completed,2026-06-19 19:52:03.079225+00:00,2026-06-19 19:52:03.218034+00:00
658e7ece-9d73-4bb6-ba36-346175a43273,completed,2026-06-19 19:52:03.655611+00:00,2026-06-19 19:52:03.764512+00:00
f69c62df-a49b-40ae-88f8-c856a4bb2582,completed,2026-06-19 19:52:03.161678+00:00,2026-06-19 19:52:03.267723+00:00
ec13ae72-aed0-43f1-ab0e-4b846a73be51,completed,2026-06-19 19:52:03.243651+00:00,2026-06-19 19:52:03.357277+00:00
e8176e9f-0fcf-43ee-aaae-9aadb85401c2,completed,2026-06-19 19:52:04.061288+00:00,2026-06-19 19:52:04.172185+00:00
f1d2e6c7-e99e-406a-a3a3-023b5473362e,completed,2026-06-19 19:52:03.329534+00:00,2026-06-19 19:52:03.437347+00:00
66f98ae4-7962-4d25-aa1c-74a32c1a59cb,completed,2026-06-19 19:52:03.416444+00:00,2026-06-19 19:52:03.534235+00:00
75c70845-fa75-4511-b6f0-56bc4549c131,completed,2026-06-19 19:52:03.738855+00:00,2026-06-19 19:52:03.846957+00:00
2e178f2c-8ea3-4345-895d-7492be6470ab,completed,2026-06-19 19:52:03.817919+00:00,2026-06-19 19:52:03.945277+00:00
1998df95-005b-46e0-8f77-7b6dfddaf369,completed,2026-06-19 19:52:03.900009+00:00,2026-06-19 19:52:04.006381+00:00
1815adac-cf5f-4bf0-b90e-d8ad204819a0,completed,2026-06-19 19:52:04.381515+00:00,2026-06-19 19:52:04.494169+00:00
c2ab126a-ab00-4143-ae4e-a00deaa3a3c0,completed,2026-06-19 19:52:04.141333+00:00,2026-06-19 19:52:04.252654+00:00
e235bb29-000f-4d1e-8c5e-678ccb26a6e1,completed,2026-06-19 19:52:04.539212+00:00,2026-06-19 19:52:04.658456+00:00
dc439c1e-0d33-47d4-9957-04d2aefeebca,completed,2026-06-19 19:52:04.219773+00:00,2026-06-19 19:52:04.326221+00:00
d2e539e8-c671-4348-a291-5e312e5d65a6,completed,2026-06-19 19:52:04.696614+00:00,2026-06-19 19:52:04.802036+00:00
3e7fbbdf-5bdd-4e13-9ad4-717ec0f0750d,completed,2026-06-19 19:52:04.459014+00:00,2026-06-19 19:52:04.555981+00:00
a3912bd7-fbb0-4245-87c5-0daecec2cb99,completed,2026-06-19 19:52:05.085159+00:00,2026-06-19 19:52:05.198827+00:00
79ba8d8b-9198-4de3-9811-b20e976b776c,completed,2026-06-19 19:52:04.615257+00:00,2026-06-19 19:52:04.721696+00:00
5810d835-1190-4730-aa30-3ddae25ddd64,completed,2026-06-19 19:52:04.773198+00:00,2026-06-19 19:52:04.887782+00:00
8004d3ef-d351-4a46-8406-fdda7adfd2b5,completed,2026-06-19 19:52:04.852915+00:00,2026-06-19 19:52:04.950071+00:00
dafea429-7ced-4d78-919f-e5a49f3533c2,completed,2026-06-19 19:52:04.929075+00:00,2026-06-19 19:52:05.037334+00:00
46fe2fb4-b8d8-4b22-be81-2b718ad8e835,completed,2026-06-19 19:52:05.007227+00:00,2026-06-19 19:52:05.111045+00:00
086126c7-e6c2-4812-8cf0-e3004e8c1253,completed,2026-06-19 19:52:06.363990+00:00,2026-06-19 19:52:06.468163+00:00
064e04c9-6d72-4b0d-a01a-0655a91cf6b1,completed,2026-06-19 19:52:05.918903+00:00,2026-06-19 19:52:06.021900+00:00
cc80f471-fe65-48a4-bb82-5df14f0bf66d,completed,2026-06-19 19:52:05.160176+00:00,2026-06-19 19:52:05.272972+00:00
dcd9d590-c849-41d2-aa0e-2e820734bb60,completed,2026-06-19 19:52:05.238493+00:00,2026-06-19 19:52:05.352521+00:00
da2f9f47-39ba-44b8-bde9-1f604e420d16,completed,2026-06-19 19:52:05.315609+00:00,2026-06-19 19:52:05.426037+00:00
2a754ae1-a7c9-4a15-9b42-e4347e14980e,completed,2026-06-19 19:52:05.992701+00:00,2026-06-19 19:52:06.099073+00:00
88bbb0d8-201a-49b4-a6e9-c319bd108be4,completed,2026-06-19 19:52:05.391816+00:00,2026-06-19 19:52:05.499765+00:00
fbc107ff-2590-433a-b82f-027eb89884cb,completed,2026-06-19 19:52:05.468120+00:00,2026-06-19 19:52:05.573493+00:00
98d02b70-b045-4b94-bfaa-c4610053e4ca,completed,2026-06-19 19:52:06.657930+00:00,2026-06-19 19:52:06.761952+00:00
3eb25ac7-b640-495d-a4ff-e3a7a4d741b2,completed,2026-06-19 19:52:05.545177+00:00,2026-06-19 19:52:05.653946+00:00
dad5ba41-1636-4c3a-bb55-573b6348a7d2,completed,2026-06-19 19:52:06.067266+00:00,2026-06-19 19:52:06.166175+00:00
e9a580b9-62cf-425e-86cf-71f22c0548a9,completed,2026-06-19 19:52:05.620978+00:00,2026-06-19 19:52:05.727540+00:00
e2dee630-67f5-4b0e-b296-d14d31ee0872,completed,2026-06-19 19:52:05.695977+00:00,2026-06-19 19:52:05.808018+00:00
b13bd147-5127-4a10-8686-0f8e5ceee2db,completed,2026-06-19 19:52:06.437333+00:00,2026-06-19 19:52:06.556930+00:00
03ef1351-c985-4ef8-beb8-8e3ed9a2baa5,completed,2026-06-19 19:52:05.768695+00:00,2026-06-19 19:52:05.880113+00:00
7f230b51-4795-4a38-a687-7d8f79b025e9,completed,2026-06-19 19:52:05.845747+00:00,2026-06-19 19:52:05.961427+00:00
c984a419-74ca-4518-9641-f17ea32ba6bd,completed,2026-06-19 19:52:06.140866+00:00,2026-06-19 19:52:06.258291+00:00
e1951aa0-d590-4a59-aead-78c2009e0541,completed,2026-06-19 19:52:06.219827+00:00,2026-06-19 19:52:06.331431+00:00
f8226db1-aef4-4d6a-ba18-f742c9c59953,completed,2026-06-19 19:52:06.290324+00:00,2026-06-19 19:52:06.396015+00:00
592e5319-fb95-4425-b4e8-d329cb80423f,completed,2026-06-19 19:52:06.729502+00:00,2026-06-19 19:52:06.842109+00:00
54a36c5c-ec31-42f9-9d24-b34eaca6f0c2,completed,2026-06-19 19:52:06.511554+00:00,2026-06-19 19:52:06.627034+00:00
4ea84210-c0de-4e2a-a31c-9c3c06dffd09,completed,2026-06-19 19:52:06.872163+00:00,2026-06-19 19:52:06.975703+00:00
73990b3a-1367-4be7-8d6d-08e915f3cc06,completed,2026-06-19 19:52:06.584613+00:00,2026-06-19 19:52:06.703990+00:00
9b4f1b46-39a6-4517-a0f1-e6bfe5052499,completed,2026-06-19 19:52:07.019100+00:00,2026-06-19 19:52:07.142156+00:00
952dc86f-aa3f-408b-a0c3-26eec5a0cc9a,completed,2026-06-19 19:52:06.801981+00:00,2026-06-19 19:52:06.914928+00:00
9788c468-c6a3-4df1-9325-450634022813,completed,2026-06-19 19:52:07.374820+00:00,2026-06-19 19:52:07.468227+00:00
3a80f22c-df14-44de-a578-6ae83fc21f40,completed,2026-06-19 19:52:06.948032+00:00,2026-06-19 19:52:07.046078+00:00
341288ab-2599-4616-801c-aac8882a9692,completed,2026-06-19 19:52:07.090182+00:00,2026-06-19 19:52:07.217710+00:00
bee9cf19-1ba6-4c59-a1c7-0c8a0822dfbf,completed,2026-06-19 19:52:07.162246+00:00,2026-06-19 19:52:07.278769+00:00
4138e6ca-c1ad-48b9-8615-85302655752a,completed,2026-06-19 19:52:07.232911+00:00,2026-06-19 19:52:07.330937+00:00
9334d8d6-130d-41a7-b502-e2fb95942035,completed,2026-06-19 19:52:07.303795+00:00,2026-06-19 19:52:07.418059+00:00
fe770bcd-edc7-4e68-8a04-f0098efc3c76,completed,2026-06-19 19:52:08.555866+00:00,2026-06-19 19:52:08.666232+00:00
c6420b48-2c14-4661-834c-51895ac54b87,completed,2026-06-19 19:52:08.144698+00:00,2026-06-19 19:52:08.247756+00:00
5b7d745c-073f-4858-9b5d-97842224374b,completed,2026-06-19 19:52:07.446120+00:00,2026-06-19 19:52:07.546311+00:00
2ac24a94-c817-4814-b7de-0bb7ec910fb4,completed,2026-06-19 19:52:07.516756+00:00,2026-06-19 19:52:07.630559+00:00
40ec9ea3-a15c-406d-a6ef-4de7b9c83979,completed,2026-06-19 19:52:07.585726+00:00,2026-06-19 19:52:07.696807+00:00
6dffe7d1-c6f1-4d09-a29a-cf191e4cf23b,completed,2026-06-19 19:52:08.213021+00:00,2026-06-19 19:52:08.333473+00:00
5ae02e1e-54d4-4331-a602-89f11018a356,completed,2026-06-19 19:52:07.656868+00:00,2026-06-19 19:52:07.773359+00:00
510477b3-79c8-4ab4-881f-9a20394cd727,completed,2026-06-19 19:52:07.727497+00:00,2026-06-19 19:52:07.829977+00:00
6e723f37-90dc-4d4a-9c52-dfefabdc00df,completed,2026-06-19 19:52:08.827723+00:00,2026-06-19 19:52:08.932515+00:00
4a919072-cfca-42f8-90ba-7ccdde2f4dda,completed,2026-06-19 19:52:07.797478+00:00,2026-06-19 19:52:07.895802+00:00
2f7e8f1d-0d9d-4c36-bbfd-57dd42be5624,completed,2026-06-19 19:52:08.279682+00:00,2026-06-19 19:52:08.389625+00:00
a97f3894-73eb-4e26-a15d-6f466dd0e767,completed,2026-06-19 19:52:07.867000+00:00,2026-06-19 19:52:07.965611+00:00
fa211dde-6a14-473d-a4d1-e60f82d1a2a1,completed,2026-06-19 19:52:07.938519+00:00,2026-06-19 19:52:08.042202+00:00
94799161-061b-42cf-a951-26b741ced48a,completed,2026-06-19 19:52:08.623284+00:00,2026-06-19 19:52:08.726157+00:00
8b73adb2-faa7-4496-90ca-216e8ac931d1,completed,2026-06-19 19:52:08.006553+00:00,2026-06-19 19:52:08.103565+00:00
f3f19a81-7234-4de3-83ab-87acc1a8a134,completed,2026-06-19 19:52:08.075973+00:00,2026-06-19 19:52:08.166909+00:00
9239e7a6-491f-4084-a52f-4f2cee6fc66b,completed,2026-06-19 19:52:08.351587+00:00,2026-06-19 19:52:08.454974+00:00
5ec6910d-5a93-40e0-9026-7768a995e093,completed,2026-06-19 19:52:08.419428+00:00,2026-06-19 19:52:08.537099+00:00
ece10d5e-c196-4f5a-bf6e-c01591e1848b,completed,2026-06-19 19:52:08.487210+00:00,2026-06-19 19:52:08.599377+00:00
654f2be4-3a38-4a72-9c39-b965ea3fd3c9,completed,2026-06-19 19:52:08.894782+00:00,2026-06-19 19:52:09.016580+00:00
b208b7b3-0b95-4315-b7d0-c54e39cab901,completed,2026-06-19 19:52:08.692412+00:00,2026-06-19 19:52:08.800635+00:00
48322698-0d95-476c-afe0-b60ef5a6342c,completed,2026-06-19 19:52:09.028989+00:00,2026-06-19 19:52:09.129562+00:00
0c56cb6b-267b-4f7b-bbe1-4dc1bf14d5e2,completed,2026-06-19 19:52:08.759939+00:00,2026-06-19 19:52:08.864985+00:00
b852fd52-bd08-46a7-93b4-4c1106f7c7af,completed,2026-06-19 19:52:09.161656+00:00,2026-06-19 19:52:09.272629+00:00
89c9b5c5-9a4f-4d60-9c21-3458ba5f2ee8,completed,2026-06-19 19:52:08.962932+00:00,2026-06-19 19:52:09.064560+00:00
9f97ce9f-e97b-490a-a5d2-fc1d35248406,completed,2026-06-19 19:52:09.495044+00:00,2026-06-19 19:52:09.589446+00:00
1cd0bf29-b264-4a3d-85aa-768e17c86d12,completed,2026-06-19 19:52:09.100898+00:00,2026-06-19 19:52:09.211803+00:00
1564cfdd-e4fc-4fd3-ae00-c0482f6e018b,completed,2026-06-19 19:52:09.227850+00:00,2026-06-19 19:52:09.327490+00:00
67dbb968-3e16-4717-8c05-4ed5e42251b7,completed,2026-06-19 19:52:09.297673+00:00,2026-06-19 19:52:09.406370+00:00
a61b32b9-f3c9-4236-9a9b-a6975676dc87,completed,2026-06-19 19:52:09.363814+00:00,2026-06-19 19:52:09.467146+00:00
df740c07-1933-4130-a515-af76c64b391d,completed,2026-06-19 19:52:09.426849+00:00,2026-06-19 19:52:09.533337+00:00
9cbb545c-267f-4a14-b62c-1d3a248984cf,completed,2026-06-19 19:52:10.594595+00:00,2026-06-19 19:52:10.705856+00:00
8246c5e0-2648-4203-9f48-600f58a4502a,completed,2026-06-19 19:52:10.209775+00:00,2026-06-19 19:52:10.316009+00:00
ad2f3b73-0917-47ba-ac85-9929e89018fa,completed,2026-06-19 19:52:09.557628+00:00,2026-06-19 19:52:09.657801+00:00
81a084cd-8947-4c1b-ab6d-efae3339a390,completed,2026-06-19 19:52:09.626433+00:00,2026-06-19 19:52:09.726968+00:00
808f1ec3-015b-493b-9dc7-da139ba93718,completed,2026-06-19 19:52:09.690217+00:00,2026-06-19 19:52:09.791506+00:00
4d2d74ac-a0f0-4daf-9306-d59a3d1b4da2,completed,2026-06-19 19:52:10.274438+00:00,2026-06-19 19:52:10.375346+00:00
82ccaa63-0140-416d-80e7-513c0aaabb92,completed,2026-06-19 19:52:09.756996+00:00,2026-06-19 19:52:09.863544+00:00
95135416-f646-4798-8bfe-f2bbb0d401cb,completed,2026-06-19 19:52:09.824196+00:00,2026-06-19 19:52:09.934498+00:00
a7f47655-2a75-4709-8756-e9ba72a6a27f,completed,2026-06-19 19:52:10.847291+00:00,2026-06-19 19:52:10.957835+00:00
d864880e-3e43-4dd9-9359-d95e3e573a11,completed,2026-06-19 19:52:09.887900+00:00,2026-06-19 19:52:09.993642+00:00
48340895-820d-461c-bbaa-7795310e80dd,completed,2026-06-19 19:52:10.338198+00:00,2026-06-19 19:52:10.453586+00:00
b03baa09-f6a1-4c8e-a820-4440d27e52ac,completed,2026-06-19 19:52:09.955648+00:00,2026-06-19 19:52:10.062148+00:00
f241e1f9-486f-4af5-ae70-3eb2a76e6e00,completed,2026-06-19 19:52:10.016356+00:00,2026-06-19 19:52:10.136709+00:00
3e1254ad-eec1-4047-92a4-148fa9d43b7d,completed,2026-06-19 19:52:10.656920+00:00,2026-06-19 19:52:10.767613+00:00
1a2bd541-f5d2-4caa-a8d7-a221db0fe99c,completed,2026-06-19 19:52:10.081418+00:00,2026-06-19 19:52:10.185957+00:00
159667c7-0d23-43ba-97ff-afe94d65f513,completed,2026-06-19 19:52:10.145469+00:00,2026-06-19 19:52:10.243874+00:00
5dce4202-153a-4248-a343-5738530b9b9a,completed,2026-06-19 19:52:10.402979+00:00,2026-06-19 19:52:10.532032+00:00
b3e42f36-5f4d-4654-9185-8b682a4394d5,completed,2026-06-19 19:52:10.469246+00:00,2026-06-19 19:52:10.579922+00:00
f3b240ec-a46d-414a-afe3-1ca98c83cb90,completed,2026-06-19 19:52:10.531301+00:00,2026-06-19 19:52:10.643666+00:00
065658a8-f97b-48d7-ad6e-0e813e565021,completed,2026-06-19 19:52:10.911455+00:00,2026-06-19 19:52:11.013932+00:00
9cb48223-1887-4331-b4e0-9b7bb0ed627a,completed,2026-06-19 19:52:10.721539+00:00,2026-06-19 19:52:10.827325+00:00
9afd5667-35ff-4339-93f9-2281822820b5,completed,2026-06-19 19:52:11.037167+00:00,2026-06-19 19:52:11.136774+00:00
9d66588a-6008-48b9-a636-8dae1707d850,completed,2026-06-19 19:52:10.783738+00:00,2026-06-19 19:52:10.889668+00:00
d571a4aa-d7cc-4496-819a-b7037aecdd91,completed,2026-06-19 19:52:11.164326+00:00,2026-06-19 19:52:11.274570+00:00
a71cca83-cf11-4814-964b-be74f25bdfd9,completed,2026-06-19 19:52:10.973560+00:00,2026-06-19 19:52:11.076063+00:00
3491a6ff-e3fd-462d-a889-e5a30ad3caad,completed,2026-06-19 19:52:11.473250+00:00,2026-06-19 19:52:11.595140+00:00
a1f382b1-9d9a-4304-8e1a-dab16a308a98,completed,2026-06-19 19:52:11.098741+00:00,2026-06-19 19:52:11.209191+00:00
63069792-9a9f-4abf-bc2f-2c8cf7ef404b,completed,2026-06-19 19:52:11.230046+00:00,2026-06-19 19:52:11.345238+00:00
473c3079-7dc4-4a49-bd1a-04fbb162ea1a,completed,2026-06-19 19:52:11.286043+00:00,2026-06-19 19:52:11.401718+00:00
09a4900c-c066-47e2-9a1c-64fa45d6036e,completed,2026-06-19 19:52:11.349260+00:00,2026-06-19 19:52:11.466447+00:00
5924f80d-1c8c-4f2d-9b63-82a2bfe1b410,completed,2026-06-19 19:52:11.410562+00:00,2026-06-19 19:52:11.521082+00:00
b2a94f03-f510-4036-b1f8-b4924654a113,completed,2026-06-19 19:52:12.514755+00:00,2026-06-19 19:52:12.625468+00:00
690ba686-7bf9-44df-82a0-c9ad965e3692,completed,2026-06-19 19:52:12.146108+00:00,2026-06-19 19:52:12.255761+00:00
7c15ec7b-2ea5-4a82-8c13-79e4c528876f,completed,2026-06-19 19:52:11.534634+00:00,2026-06-19 19:52:11.636256+00:00
13d6ef3e-cb57-40ad-bc51-d85de4bce64d,completed,2026-06-19 19:52:11.597741+00:00,2026-06-19 19:52:11.701901+00:00
3830d26d-447f-4eaf-9f94-3be0ed408423,completed,2026-06-19 19:52:11.659323+00:00,2026-06-19 19:52:11.760642+00:00
cd89aac7-2587-48e5-908f-afe35754b9ee,completed,2026-06-19 19:52:12.208507+00:00,2026-06-19 19:52:12.312494+00:00
aa9f3fbd-bc67-42f1-947e-661645cf5eba,completed,2026-06-19 19:52:11.720673+00:00,2026-06-19 19:52:11.827177+00:00
e899b5de-7958-4b45-ae68-2ecb1fa48865,completed,2026-06-19 19:52:11.782910+00:00,2026-06-19 19:52:11.881744+00:00
9288c84d-0b9f-4a79-ab72-4358653dd02d,completed,2026-06-19 19:52:12.747040+00:00,2026-06-19 19:52:12.848770+00:00
179c789b-6978-4ec8-8e17-90479140fef0,completed,2026-06-19 19:52:11.844783+00:00,2026-06-19 19:52:11.952893+00:00
2c8b9a10-1749-4aad-8bc1-eeefc8623ea9,completed,2026-06-19 19:52:12.266232+00:00,2026-06-19 19:52:12.374471+00:00
6049ac2c-2e1e-4222-8631-9e040df11dfb,completed,2026-06-19 19:52:11.907565+00:00,2026-06-19 19:52:12.008437+00:00
da062a0e-06db-4b9f-8ba8-97b7c57a02e6,completed,2026-06-19 19:52:11.965561+00:00,2026-06-19 19:52:12.072073+00:00
df38045b-8148-4c53-aa06-eb08fa0cca80,completed,2026-06-19 19:52:12.583882+00:00,2026-06-19 19:52:12.690172+00:00
beda98a9-20ca-4f80-af47-94db5bb94f25,completed,2026-06-19 19:52:12.026473+00:00,2026-06-19 19:52:12.127498+00:00
df9aecd4-a7fb-4b46-9576-c03682bf65e5,completed,2026-06-19 19:52:12.085935+00:00,2026-06-19 19:52:12.187825+00:00
b6da51ef-bef9-49bc-8788-646499ac841f,completed,2026-06-19 19:52:12.329567+00:00,2026-06-19 19:52:12.435047+00:00
5c3a3430-6d3d-47ab-8aa5-172d6f9438c6,completed,2026-06-19 19:52:12.387745+00:00,2026-06-19 19:52:12.514211+00:00
ae3461ed-acb9-4c89-a392-d8b2a247e82d,completed,2026-06-19 19:52:12.456148+00:00,2026-06-19 19:52:12.576095+00:00
3b9a79ce-32c9-4b77-ac02-08bce248034b,completed,2026-06-19 19:52:12.806062+00:00,2026-06-19 19:52:12.901947+00:00
41f50cd1-7966-4177-adfe-1522335b7a0a,completed,2026-06-19 19:52:12.630851+00:00,2026-06-19 19:52:12.730571+00:00
1d31d1f6-2e7f-4859-a60b-50c068198a9e,completed,2026-06-19 19:52:12.925253+00:00,2026-06-19 19:52:13.025069+00:00
a685afe8-8ae8-4e99-b956-be53149336f6,completed,2026-06-19 19:52:12.691484+00:00,2026-06-19 19:52:12.797423+00:00
35f912fe-2429-4c39-8ab3-4103b3ffe50d,completed,2026-06-19 19:52:13.047259+00:00,2026-06-19 19:52:13.148042+00:00
badef866-d69a-4a98-a925-f8d9fc57fa16,completed,2026-06-19 19:52:12.866649+00:00,2026-06-19 19:52:12.968368+00:00
601af5d9-5e95-44f0-9e9c-d3570fe3459d,completed,2026-06-19 19:52:13.339758+00:00,2026-06-19 19:52:13.435863+00:00
66459abe-d86b-4298-8b59-89d1c0d2ba31,completed,2026-06-19 19:52:12.986873+00:00,2026-06-19 19:52:13.099797+00:00
a4a6895d-0d17-4897-bc12-477016744014,completed,2026-06-19 19:52:13.101861+00:00,2026-06-19 19:52:13.203747+00:00
876be05c-4749-402c-90bb-a48017803cb0,completed,2026-06-19 19:52:13.163035+00:00,2026-06-19 19:52:13.270669+00:00
5d0005c2-888e-4364-9d67-5378b2e78514,completed,2026-06-19 19:52:13.221731+00:00,2026-06-19 19:52:13.324144+00:00
cd23fd28-cf3c-41c3-8962-ff758bce160b,completed,2026-06-19 19:52:13.280060+00:00,2026-06-19 19:52:13.384155+00:00
19bd4862-0dd9-4749-b2ec-f25267b85a67,completed,2026-06-19 19:52:14.319491+00:00,2026-06-19 19:52:14.431860+00:00
ade054f0-0462-456b-bcbc-11d9ba31569d,completed,2026-06-19 19:52:13.978344+00:00,2026-06-19 19:52:14.077446+00:00
ee7d26fb-287b-4887-ba15-eb910286a9f5,completed,2026-06-19 19:52:13.411546+00:00,2026-06-19 19:52:13.538920+00:00
20657f67-c936-4533-9c94-f30dc2558c23,completed,2026-06-19 19:52:13.455171+00:00,2026-06-19 19:52:13.584380+00:00
7a4e3975-3d13-4908-aa8c-5e0bbe10db55,completed,2026-06-19 19:52:13.509440+00:00,2026-06-19 19:52:13.612599+00:00
db9e0090-f034-42aa-a976-2eb11f07422b,completed,2026-06-19 19:52:14.034035+00:00,2026-06-19 19:52:14.145755+00:00
58c47fee-56d6-494f-b487-bce4e17a41de,completed,2026-06-19 19:52:13.571046+00:00,2026-06-19 19:52:13.676470+00:00
92a05dc8-1207-4c66-80df-f09db38a7426,completed,2026-06-19 19:52:13.636755+00:00,2026-06-19 19:52:13.741169+00:00
0ccae74c-bcb0-4cac-929a-09eeed3cf844,completed,2026-06-19 19:52:14.545961+00:00,2026-06-19 19:52:14.652938+00:00
80673262-9bfa-4ae9-adcd-b42c56c0d2c0,completed,2026-06-19 19:52:13.688153+00:00,2026-06-19 19:52:13.794015+00:00
74008e68-f960-4a63-b754-689fac9a8471,completed,2026-06-19 19:52:13.745839+00:00,2026-06-19 19:52:13.854051+00:00
c0f982ef-fd55-4c82-9ec6-4468748677a6,completed,2026-06-19 19:52:14.375130+00:00,2026-06-19 19:52:14.484353+00:00
29cf6162-3d7e-4346-b330-a83ad612ad83,completed,2026-06-19 19:52:13.800470+00:00,2026-06-19 19:52:13.904966+00:00
531adf77-59a8-4861-9e2a-f6a23b460089,completed,2026-06-19 19:52:14.091632+00:00,2026-06-19 19:52:14.209727+00:00
8a33f44f-1dfc-4e06-9cfc-6e7c487e8149,completed,2026-06-19 19:52:13.862021+00:00,2026-06-19 19:52:13.959407+00:00
65d9b2d2-093b-4d38-8a89-b9e25a31d2d6,completed,2026-06-19 19:52:13.919025+00:00,2026-06-19 19:52:14.019383+00:00
ee987b9b-299e-4580-94df-aa4c4577b935,completed,2026-06-19 19:52:14.148322+00:00,2026-06-19 19:52:14.253267+00:00
e2277d96-7f06-4781-a9c1-7db3b9a2865f,completed,2026-06-19 19:52:14.205696+00:00,2026-06-19 19:52:14.315548+00:00
a2a04012-ea5c-4191-beae-bbe62bcef8be,completed,2026-06-19 19:52:14.601452+00:00,2026-06-19 19:52:14.694948+00:00
abe581a8-7c3a-4bd8-9871-652365a0a7b3,completed,2026-06-19 19:52:14.263385+00:00,2026-06-19 19:52:14.400634+00:00
936adc6d-74cb-429f-b158-ada42a3e67d8,completed,2026-06-19 19:52:14.432868+00:00,2026-06-19 19:52:14.536988+00:00
90e1a583-db9b-4397-a50c-6e8d646b8e79,completed,2026-06-19 19:52:14.715269+00:00,2026-06-19 19:52:14.816317+00:00
919b768c-6870-4c70-8ee6-4bcbe79dbdd7,completed,2026-06-19 19:52:14.485627+00:00,2026-06-19 19:52:14.587298+00:00
17c82e8c-b83c-475e-8866-43737d170ce6,completed,2026-06-19 19:52:14.826977+00:00,2026-06-19 19:52:14.924710+00:00
12be65ba-5c25-4c2b-902c-59149b550d2b,completed,2026-06-19 19:52:14.658168+00:00,2026-06-19 19:52:14.753955+00:00
98df4db0-a8dc-488a-aa93-37bfbaddf410,completed,2026-06-19 19:52:15.107847+00:00,2026-06-19 19:52:15.210734+00:00
fcb60a70-8ef0-4a7d-94ff-45e3c850f7df,completed,2026-06-19 19:52:14.767751+00:00,2026-06-19 19:52:14.868205+00:00
1ecbbef6-3c1c-4ea3-aaf3-080e6212bccb,completed,2026-06-19 19:52:14.883654+00:00,2026-06-19 19:52:14.988511+00:00
4d730348-bc1f-4f32-bad4-3854ed559b7f,completed,2026-06-19 19:52:14.939139+00:00,2026-06-19 19:52:15.044434+00:00
21ea0659-406e-4c52-a2f6-b9c843946c1d,completed,2026-06-19 19:52:14.994360+00:00,2026-06-19 19:52:15.103469+00:00
0563560b-63ec-4f06-b0e0-6f636b1520d5,completed,2026-06-19 19:52:15.050879+00:00,2026-06-19 19:52:15.155852+00:00
86974dc2-38c1-46e8-a8c9-6faf8939c0da,completed,2026-06-19 19:52:16.254836+00:00,2026-06-19 19:52:16.367580+00:00
51e20e15-e95d-41f1-9e03-c9d553c5f65b,completed,2026-06-19 19:52:16.041420+00:00,2026-06-19 19:52:16.162071+00:00
db6b86d4-9e60-420e-af7b-82685ec4d233,completed,2026-06-19 19:52:15.161895+00:00,2026-06-19 19:52:15.301413+00:00
579d7105-64fb-48e6-897a-8446cfafe17f,completed,2026-06-19 19:52:15.217558+00:00,2026-06-19 19:52:15.323795+00:00
d396fc23-44a0-4965-b174-db53931feec3,completed,2026-06-19 19:52:15.713691+00:00,2026-06-19 19:52:15.837879+00:00
6ed6fc48-6957-4e93-8f32-989e22698e99,completed,2026-06-19 19:52:15.766131+00:00,2026-06-19 19:52:15.872543+00:00
11f47d73-861e-4d87-ab7c-d5ceddbb2dd2,completed,2026-06-19 19:52:15.274152+00:00,2026-06-19 19:52:15.409826+00:00
42c81ae5-214e-4dfd-b3f6-835346500ce1,completed,2026-06-19 19:52:15.328260+00:00,2026-06-19 19:52:15.450558+00:00
ff7c3880-4549-4503-9085-a4f62b46c56b,completed,2026-06-19 19:52:15.385487+00:00,2026-06-19 19:52:15.488045+00:00
d429320f-b822-4790-b966-07ebe7b8e140,completed,2026-06-19 19:52:15.439494+00:00,2026-06-19 19:52:15.556093+00:00
28b985b5-cd6f-493a-b848-6ac7abfaf89a,completed,2026-06-19 19:52:15.494415+00:00,2026-06-19 19:52:15.605375+00:00
7baeeacc-0e20-4edb-95fb-09a7b67ad5b2,completed,2026-06-19 19:52:16.793029+00:00,2026-06-19 19:52:16.909364+00:00
da19d0a8-eef4-4f36-8e1f-18993a7abf21,completed,2026-06-19 19:52:15.824381+00:00,2026-06-19 19:52:15.939300+00:00
71363f8f-414c-4d2e-9dde-4fa9d24d713f,completed,2026-06-19 19:52:15.551069+00:00,2026-06-19 19:52:15.665002+00:00
c8943bb7-14ce-4092-a986-58163344e57d,completed,2026-06-19 19:52:16.097856+00:00,2026-06-19 19:52:16.212438+00:00
d96aee90-875b-44c1-9f25-6570d62631ab,completed,2026-06-19 19:52:15.606740+00:00,2026-06-19 19:52:15.729865+00:00
4eb77c22-bf8a-4459-9632-066330e0c929,completed,2026-06-19 19:52:15.658456+00:00,2026-06-19 19:52:15.764053+00:00
cc01c918-bd3b-4064-87b4-365b2a224045,completed,2026-06-19 19:52:15.936152+00:00,2026-06-19 19:52:16.064051+00:00
bf19f631-8b9c-4636-af2d-c23666b0d233,completed,2026-06-19 19:52:15.878179+00:00,2026-06-19 19:52:16.067283+00:00
c9304266-8104-4c7a-bbe2-5c68e282cacd,completed,2026-06-19 19:52:15.987288+00:00,2026-06-19 19:52:16.095534+00:00
11e97023-ac0c-4741-9568-93fb41a70348,completed,2026-06-19 19:52:16.471521+00:00,2026-06-19 19:52:16.594449+00:00
fd17c5d1-5e8d-4901-857d-c78c0f137e78,completed,2026-06-19 19:52:16.363881+00:00,2026-06-19 19:52:16.481837+00:00
8bf7aa43-6936-410e-a94b-c5c03589080e,completed,2026-06-19 19:52:16.148822+00:00,2026-06-19 19:52:16.260054+00:00
eef4a93d-506c-4118-9d31-85c0db024c0c,completed,2026-06-19 19:52:16.201741+00:00,2026-06-19 19:52:16.316296+00:00
edaa607d-6c38-4852-9427-e04172ceff7c,completed,2026-06-19 19:52:16.310185+00:00,2026-06-19 19:52:16.429891+00:00
bb33ad88-f95d-42fd-8baa-a6738c144071,completed,2026-06-19 19:52:16.526420+00:00,2026-06-19 19:52:16.633754+00:00
773ba61a-73d1-45ca-a7fa-2f040fe0026b,completed,2026-06-19 19:52:16.579729+00:00,2026-06-19 19:52:16.688395+00:00
a9ec0dcc-faa9-434b-b622-7dd46e7e2861,completed,2026-06-19 19:52:16.418506+00:00,2026-06-19 19:52:16.536611+00:00
56b2b97b-aa6a-4da6-bb2d-918ce76c9dc3,completed,2026-06-19 19:52:16.684879+00:00,2026-06-19 19:52:16.788143+00:00
3d68b710-bb01-4d8e-93ca-280ab07c2cc4,completed,2026-06-19 19:52:16.632074+00:00,2026-06-19 19:52:16.745868+00:00
54adf95f-9ade-41bf-9e50-94a8d214f6d0,completed,2026-06-19 19:52:16.738396+00:00,2026-06-19 19:52:16.867281+00:00
682d9825-391f-4607-b7f2-3ccf1c9fe672,completed,2026-06-19 19:52:17.322523+00:00,2026-06-19 19:52:17.426992+00:00
52a94592-d084-4877-b6b8-55369fa63ad9,completed,2026-06-19 19:52:17.634272+00:00,2026-06-19 19:52:17.753416+00:00
c54f4094-a884-4b17-9d8a-93ee2e4d2060,completed,2026-06-19 19:52:16.842377+00:00,2026-06-19 19:52:16.943504+00:00
10770953-64dd-43e6-93a8-905561bb17db,completed,2026-06-19 19:52:16.899536+00:00,2026-06-19 19:52:17.007027+00:00
551c4d2c-9712-4e3e-8a07-e2c11f7afb5a,completed,2026-06-19 19:52:17.685087+00:00,2026-06-19 19:52:17.788007+00:00
43ca1d9e-05c2-40e1-81b5-f024e7594d60,completed,2026-06-19 19:52:16.950542+00:00,2026-06-19 19:52:17.060271+00:00
b336cffb-6e89-4c37-b7a4-abdca3e3261e,completed,2026-06-19 19:52:17.373889+00:00,2026-06-19 19:52:17.492296+00:00
3fb4f64b-8d8a-4b73-9243-2d980aa399c5,completed,2026-06-19 19:52:17.005395+00:00,2026-06-19 19:52:17.114591+00:00
a4eceafc-e5dc-42ea-bc69-fdc7baf3d2cc,completed,2026-06-19 19:52:17.058085+00:00,2026-06-19 19:52:17.167491+00:00
31cd5d5e-f602-4c92-9116-04d3d48571da,completed,2026-06-19 19:52:17.426949+00:00,2026-06-19 19:52:17.533283+00:00
1cc83341-2fce-4e3c-b7bb-643354fed8e7,completed,2026-06-19 19:52:17.109628+00:00,2026-06-19 19:52:17.220990+00:00
0127f65f-747d-4e0a-ab3d-13a7bc04fb7f,completed,2026-06-19 19:52:17.162252+00:00,2026-06-19 19:52:17.268308+00:00
a879ab9c-77a1-4717-8b40-243e528cae82,completed,2026-06-19 19:52:17.842245+00:00,2026-06-19 19:52:17.957565+00:00
a37ca7f3-d632-431e-a393-b4bd56fb094c,completed,2026-06-19 19:52:17.215343+00:00,2026-06-19 19:52:17.328432+00:00
653db6aa-7b68-4279-9975-b07a0df6779a,completed,2026-06-19 19:52:17.267540+00:00,2026-06-19 19:52:17.392066+00:00
d229d036-79fe-4c9e-a252-6574b0d3f58a,completed,2026-06-19 19:52:18.304364+00:00,2026-06-19 19:52:18.417725+00:00
6a8e13ed-9201-4691-8078-9d8e11b8a5af,completed,2026-06-19 19:52:17.479910+00:00,2026-06-19 19:52:17.591918+00:00
40682166-4cd5-4adf-9255-eac3b33c8ee8,completed,2026-06-19 19:52:17.526872+00:00,2026-06-19 19:52:17.635453+00:00
731e6b14-6545-4dcc-91bd-adfb3d5d9ed7,completed,2026-06-19 19:52:18.252968+00:00,2026-06-19 19:52:18.359081+00:00
8bb89cee-728e-44fe-b464-e4db3bb36f1a,completed,2026-06-19 19:52:17.583209+00:00,2026-06-19 19:52:17.703344+00:00
78cae7f3-7fc6-4fa8-a17a-1675ff2f67e8,completed,2026-06-19 19:52:17.891267+00:00,2026-06-19 19:52:18.023667+00:00
2a9966a4-220e-462a-95ce-f6f7841d234e,completed,2026-06-19 19:52:17.737211+00:00,2026-06-19 19:52:17.849716+00:00
5e791243-3462-457e-9ec6-9ff7a08b19cd,completed,2026-06-19 19:52:17.995213+00:00,2026-06-19 19:52:18.124086+00:00
b60861d0-4c84-4d3b-a378-e562ff6751fc,completed,2026-06-19 19:52:17.789710+00:00,2026-06-19 19:52:17.901559+00:00
0d2f7e96-f238-409c-b931-7c6068f83bdd,completed,2026-06-19 19:52:18.100839+00:00,2026-06-19 19:52:18.218211+00:00
ecab6010-5e77-484d-8920-ddb9fe2e62b7,completed,2026-06-19 19:52:17.943992+00:00,2026-06-19 19:52:18.079256+00:00
7f4baff4-617e-4540-a4a7-c75a48eff1c4,completed,2026-06-19 19:52:18.355593+00:00,2026-06-19 19:52:18.473008+00:00
60418684-e438-4ec1-b0b8-9a745fd42d29,completed,2026-06-19 19:52:18.047310+00:00,2026-06-19 19:52:18.169439+00:00
0bb76465-d673-45d1-877f-1fbbe1d8322c,completed,2026-06-19 19:52:18.149554+00:00,2026-06-19 19:52:18.268961+00:00
d0e463c9-a890-4d29-adf2-84bc9ebb1e4c,completed,2026-06-19 19:52:18.200064+00:00,2026-06-19 19:52:18.318264+00:00
c5e4e98a-4804-4770-b43b-ecbced775ae5,completed,2026-06-19 19:53:01.666062+00:00,2026-06-19 19:53:01.786853+00:00
274ee855-7d46-422e-857b-2d4cbac6141e,completed,2026-06-19 19:52:19.163710+00:00,2026-06-19 19:52:19.277078+00:00
bdd1a9eb-786f-442d-a942-526c9bb35c22,completed,2026-06-19 19:52:18.861374+00:00,2026-06-19 19:52:18.985392+00:00
0e1f1f47-8d3b-41ac-89c6-cf7926d2340c,completed,2026-06-19 19:52:18.405117+00:00,2026-06-19 19:52:18.528463+00:00
2348c069-6dac-4b29-87b2-46c3fd8396b5,completed,2026-06-19 19:52:18.455549+00:00,2026-06-19 19:52:18.573983+00:00
40d43a70-3d98-438f-9701-cc75813cb74f,completed,2026-06-19 19:52:18.913861+00:00,2026-06-19 19:52:19.029095+00:00
2f5f2011-38f1-47a7-b017-11ce2afa7b1d,completed,2026-06-19 19:52:18.506477+00:00,2026-06-19 19:52:18.628889+00:00
4b1ac5dc-399b-4f5e-81e8-1e159b9bb4fc,completed,2026-06-19 19:52:18.557947+00:00,2026-06-19 19:52:18.672796+00:00
d753979f-6632-4568-a11b-e27129137e3d,completed,2026-06-19 19:52:19.369850+00:00,2026-06-19 19:52:19.477473+00:00
134c3fbf-80ca-4c4c-bf27-d17088bd3986,completed,2026-06-19 19:52:18.610247+00:00,2026-06-19 19:52:18.721452+00:00
82eebf25-8e16-459c-8972-549d9b6a07a6,completed,2026-06-19 19:52:18.964342+00:00,2026-06-19 19:52:19.080591+00:00
f0dfcf85-0d63-4008-bd1a-6a84c2f3f5c8,completed,2026-06-19 19:52:18.659397+00:00,2026-06-19 19:52:18.764900+00:00
855c19da-a4fe-4d59-886b-6cd97eb874b8,completed,2026-06-19 19:52:18.710719+00:00,2026-06-19 19:52:18.824682+00:00
828e878a-9bbc-4339-86f3-9e6af4a7c892,completed,2026-06-19 19:52:19.211867+00:00,2026-06-19 19:52:19.326425+00:00
001e9f05-f8d6-45e6-911e-73a5df33b2ad,completed,2026-06-19 19:52:18.760490+00:00,2026-06-19 19:52:18.880059+00:00
08fbb016-ab7d-44bf-b89c-b8748df193dd,completed,2026-06-19 19:52:18.811940+00:00,2026-06-19 19:52:18.931748+00:00
e49341a0-449d-476f-9aaa-e803e1a0054d,completed,2026-06-19 19:52:19.906932+00:00,2026-06-19 19:52:20.025328+00:00
4146b889-f344-447c-ab29-94540d545224,completed,2026-06-19 19:52:19.014664+00:00,2026-06-19 19:52:19.122086+00:00
03b1707f-95de-4196-8125-f31b2b70c54c,completed,2026-06-19 19:52:19.060693+00:00,2026-06-19 19:52:19.180509+00:00
e979039d-71e9-400b-bff7-1d6500e53d5a,completed,2026-06-19 19:52:19.758728+00:00,2026-06-19 19:52:19.859310+00:00
ed707ec3-446a-4f51-b663-3aa17036e259,completed,2026-06-19 19:52:19.112436+00:00,2026-06-19 19:52:19.222663+00:00
ed6a44b4-38c3-432c-b114-5702021f0159,completed,2026-06-19 19:52:19.414140+00:00,2026-06-19 19:52:19.527579+00:00
9c59d99f-8699-4168-bec2-aeea1dca3eba,completed,2026-06-19 19:52:19.263430+00:00,2026-06-19 19:52:19.381270+00:00
1237829b-7d32-43bd-9d9e-60b961ce99a5,completed,2026-06-19 19:52:19.510870+00:00,2026-06-19 19:52:19.632032+00:00
b1f38576-7026-4be9-85ed-2be34a954a84,completed,2026-06-19 19:52:19.319858+00:00,2026-06-19 19:52:19.424258+00:00
14cc229c-dcbb-4ffc-8341-21b626086e58,completed,2026-06-19 19:52:19.609892+00:00,2026-06-19 19:52:19.736629+00:00
11e9727b-ea1d-498b-9634-1b56644dd9a6,completed,2026-06-19 19:52:19.461100+00:00,2026-06-19 19:52:19.576037+00:00
eb48a4dd-7802-4abc-8cdf-02119ec95e64,completed,2026-06-19 19:52:19.860664+00:00,2026-06-19 19:52:19.982092+00:00
58ce3598-cec1-48b1-83fa-b479e97f2807,completed,2026-06-19 19:52:19.560254+00:00,2026-06-19 19:52:19.688079+00:00
c6b9ee03-3780-46f6-9f16-ed9840cfcbff,completed,2026-06-19 19:52:19.658606+00:00,2026-06-19 19:52:19.762935+00:00
59cb10e3-08fa-4446-af4e-24b0e49ff1fe,completed,2026-06-19 19:52:19.709491+00:00,2026-06-19 19:52:19.839974+00:00
581f3386-717e-475f-af90-82758483e21d,completed,2026-06-19 19:52:19.807623+00:00,2026-06-19 19:52:19.929374+00:00
06d9f3ef-8b22-4c44-9cbd-c3d807c9ea9f,completed,2026-06-19 19:52:20.684657+00:00,2026-06-19 19:52:20.787491+00:00
de4883ab-14da-4ff1-a9d0-95ec389b91b7,completed,2026-06-19 19:52:20.393452+00:00,2026-06-19 19:52:20.502663+00:00
d8b7d968-92aa-47d3-b050-b1271ab2a24f,completed,2026-06-19 19:52:19.954859+00:00,2026-06-19 19:52:20.066660+00:00
643b9f6b-383a-4c13-aed6-9666353be40e,completed,2026-06-19 19:52:20.008984+00:00,2026-06-19 19:52:20.136090+00:00
fdcde910-6116-47fc-a11e-c7119c89479b,completed,2026-06-19 19:52:20.053608+00:00,2026-06-19 19:52:20.153004+00:00
5e48165e-c8fd-4ab5-818a-a25f12fd155a,completed,2026-06-19 19:52:20.441000+00:00,2026-06-19 19:52:20.566282+00:00
7919f0a5-305b-4219-8f11-a8818fef5071,completed,2026-06-19 19:52:20.103155+00:00,2026-06-19 19:52:20.208863+00:00
81f74359-3f6f-4b05-9717-fa2f7456c4dd,completed,2026-06-19 19:52:20.876394+00:00,2026-06-19 19:52:20.996924+00:00
a59c6a77-f76f-444e-b1f6-97c194db4a6d,completed,2026-06-19 19:52:20.150681+00:00,2026-06-19 19:52:20.266183+00:00
b83e4673-e532-476b-be71-c3860f904f9d,completed,2026-06-19 19:52:20.489739+00:00,2026-06-19 19:52:20.611806+00:00
70af5a6b-10ea-4958-97a6-143db16eec91,completed,2026-06-19 19:52:20.200279+00:00,2026-06-19 19:52:20.309402+00:00
048be1bb-207a-44af-a71a-88faae9aa28d,completed,2026-06-19 19:52:20.247630+00:00,2026-06-19 19:52:20.349743+00:00
caaaf88d-2971-489c-8f0e-855542419c1b,completed,2026-06-19 19:52:20.733731+00:00,2026-06-19 19:52:20.847433+00:00
2b00971e-b877-4158-b17f-f2ffb0e9fc10,completed,2026-06-19 19:52:20.296625+00:00,2026-06-19 19:52:20.400159+00:00
5977c509-f1aa-464e-a985-445be5ea9256,completed,2026-06-19 19:52:20.344287+00:00,2026-06-19 19:52:20.448935+00:00
7161776b-7a0c-4be0-80c3-06ab426033a7,completed,2026-06-19 19:52:20.539065+00:00,2026-06-19 19:52:20.649964+00:00
64361cb3-05b0-48a1-a51c-4b8623f16f43,completed,2026-06-19 19:52:20.587467+00:00,2026-06-19 19:52:20.698653+00:00
77713157-276b-4fe8-8d35-9751e7d81bd2,completed,2026-06-19 19:52:21.397520+00:00,2026-06-19 19:52:21.510507+00:00
b8155b87-4a66-4e7a-8533-7652d1fdff39,completed,2026-06-19 19:52:20.637348+00:00,2026-06-19 19:52:20.745192+00:00
01266006-d371-4b0c-8e2a-60332d6fe8f0,completed,2026-06-19 19:52:20.924375+00:00,2026-06-19 19:52:21.038523+00:00
e2d09fc8-f3aa-4214-98c4-403493223017,completed,2026-06-19 19:52:20.776575+00:00,2026-06-19 19:52:20.882460+00:00
26019a15-95ff-4e97-8717-f3cee940b91c,completed,2026-06-19 19:52:21.018553+00:00,2026-06-19 19:52:21.127868+00:00
1b4cf354-6f2b-4282-814e-554027f27277,completed,2026-06-19 19:52:20.828178+00:00,2026-06-19 19:52:20.935145+00:00
5506106f-da8f-4af7-8a81-bbfffcc35fd5,completed,2026-06-19 19:52:21.114231+00:00,2026-06-19 19:52:21.244531+00:00
b1566354-bab5-4265-a10d-71807c948313,completed,2026-06-19 19:52:20.972593+00:00,2026-06-19 19:52:21.087854+00:00
0fecebb6-7c3f-46f6-8165-88cd571f5324,completed,2026-06-19 19:52:21.068470+00:00,2026-06-19 19:52:21.165989+00:00
d91be3a4-3158-4f81-9cbd-d746af0c58a2,completed,2026-06-19 19:52:21.355825+00:00,2026-06-19 19:52:21.470890+00:00
3cc0e6fb-ca3b-4ce1-90b1-d9fad2119501,completed,2026-06-19 19:52:21.163813+00:00,2026-06-19 19:52:21.272419+00:00
a1976211-1f91-4eaf-b99b-0c81f9bb652f,completed,2026-06-19 19:52:21.210377+00:00,2026-06-19 19:52:21.316900+00:00
f826986f-6d42-4d13-aad3-5f36561bf8e4,completed,2026-06-19 19:52:21.259921+00:00,2026-06-19 19:52:21.362487+00:00
fbc0f268-718a-40a3-88b3-a47af6007ece,completed,2026-06-19 19:52:21.306937+00:00,2026-06-19 19:52:21.420890+00:00
77713093-e1cb-4d7f-b420-eef1fd0189f0,completed,2026-06-19 19:52:22.151589+00:00,2026-06-19 19:52:22.256643+00:00
9e98db39-44b9-4369-a640-ad8f3f3d9ef4,completed,2026-06-19 19:52:21.872608+00:00,2026-06-19 19:52:21.985735+00:00
1726e9e6-adbe-4d4b-a60d-6bc2615ddc86,completed,2026-06-19 19:52:21.446994+00:00,2026-06-19 19:52:21.550481+00:00
fa4e07c0-9a1e-4edd-b6a0-98f1ed5de083,completed,2026-06-19 19:52:21.494701+00:00,2026-06-19 19:52:21.604577+00:00
4654ff7d-a401-4e0b-b5c6-c9a78de50e67,completed,2026-06-19 19:52:21.918152+00:00,2026-06-19 19:52:22.031667+00:00
f0187838-7dbf-40f5-ac11-f45f24de3128,completed,2026-06-19 19:52:21.541410+00:00,2026-06-19 19:52:21.661332+00:00
20a90413-9d73-4bfe-bcdb-1b92e83fc5f9,completed,2026-06-19 19:52:21.588394+00:00,2026-06-19 19:52:21.689772+00:00
bde34035-d1be-4bd1-94e3-8b54f068a543,completed,2026-06-19 19:52:22.337640+00:00,2026-06-19 19:52:22.449449+00:00
f232f1bc-7d2d-44db-abcc-48b7769108f2,completed,2026-06-19 19:52:21.642912+00:00,2026-06-19 19:52:21.750654+00:00
305cbd95-5620-49a9-9e8d-1fad8a0aac61,completed,2026-06-19 19:52:21.963708+00:00,2026-06-19 19:52:22.086413+00:00
d7de921f-5d0a-4a68-b114-efcdfbd95b58,completed,2026-06-19 19:52:21.685167+00:00,2026-06-19 19:52:21.796460+00:00
59f45427-7008-4314-8586-262035343794,completed,2026-06-19 19:52:21.730597+00:00,2026-06-19 19:52:21.839292+00:00
6c1695be-c265-427f-991a-d95ec66ee1e8,completed,2026-06-19 19:52:22.199444+00:00,2026-06-19 19:52:22.312013+00:00
17bb408e-0347-4423-b686-45caeb8b45c1,completed,2026-06-19 19:52:21.776900+00:00,2026-06-19 19:52:21.879984+00:00
bf70638c-3772-49d2-afd9-2bc775d6bec9,completed,2026-06-19 19:52:21.823628+00:00,2026-06-19 19:52:21.937118+00:00
c0b442bf-30a6-4a3a-a483-264714c41e6c,completed,2026-06-19 19:52:22.010702+00:00,2026-06-19 19:52:22.128860+00:00
794ffd0c-0c27-4c2a-9dd1-f8b6628ce063,completed,2026-06-19 19:52:22.058263+00:00,2026-06-19 19:52:22.165138+00:00
11513794-47fe-4a82-bd5c-5903154deb31,completed,2026-06-19 19:52:22.843069+00:00,2026-06-19 19:52:22.953950+00:00
70a3c19b-c217-498e-a2aa-3b24a017a0b3,completed,2026-06-19 19:52:22.104486+00:00,2026-06-19 19:52:22.208510+00:00
c867dfdd-e46e-423f-b671-742c0719e0ca,completed,2026-06-19 19:52:22.383862+00:00,2026-06-19 19:52:22.491750+00:00
fb99e013-332f-44be-bb09-c1d03e7fa176,completed,2026-06-19 19:52:22.244436+00:00,2026-06-19 19:52:22.366110+00:00
d89ea7fb-4a8a-48f9-b54f-bd5ac232cfed,completed,2026-06-19 19:52:22.484418+00:00,2026-06-19 19:52:22.594093+00:00
02b507f7-3c59-444b-8a75-3a5a051f4caf,completed,2026-06-19 19:52:22.292570+00:00,2026-06-19 19:52:22.398384+00:00
89aad608-333a-4ae9-9641-3e75e5daa9d7,completed,2026-06-19 19:52:22.567151+00:00,2026-06-19 19:52:22.684523+00:00
0c0988a7-2f57-4538-b3a3-9679ce824d32,completed,2026-06-19 19:52:22.432203+00:00,2026-06-19 19:52:22.542774+00:00
425e2495-00af-4922-84db-c3f2894f129c,completed,2026-06-19 19:52:22.798266+00:00,2026-06-19 19:52:22.925244+00:00
be96b53e-3d4a-44ba-bacc-d71ee58eea02,completed,2026-06-19 19:52:22.521338+00:00,2026-06-19 19:52:22.630340+00:00
2890c2a3-5288-449b-90dd-26d8eadb8b97,completed,2026-06-19 19:52:22.613267+00:00,2026-06-19 19:52:22.738471+00:00
e798bd96-147e-4a8a-8b3a-2ea56b49cd3a,completed,2026-06-19 19:52:22.660308+00:00,2026-06-19 19:52:22.775342+00:00
56d8a5ac-c195-4f4c-afe8-02cb7d9d85da,completed,2026-06-19 19:52:22.705108+00:00,2026-06-19 19:52:22.808812+00:00
7b55a102-410f-4c87-af81-56f3b12ca9ca,completed,2026-06-19 19:52:22.751896+00:00,2026-06-19 19:52:22.865688+00:00
a95e47a9-b546-4a0c-be08-8cdc9066b226,completed,2026-06-19 19:52:23.570642+00:00,2026-06-19 19:52:23.684510+00:00
a702cff5-3b64-42af-b0de-689dd2476447,completed,2026-06-19 19:52:23.298018+00:00,2026-06-19 19:52:23.396933+00:00
a370c7ca-2838-4346-93a3-9d5c82349f98,completed,2026-06-19 19:52:22.888601+00:00,2026-06-19 19:52:22.993332+00:00
c1b97972-13c3-43a1-8052-d4b8acd6840d,completed,2026-06-19 19:52:22.937171+00:00,2026-06-19 19:52:23.052655+00:00
57b4eccd-9b4c-4e1a-83be-8d4aacc41b7e,completed,2026-06-19 19:52:23.345583+00:00,2026-06-19 19:52:23.450410+00:00
b12a10c5-a42b-40bb-9eef-3c0b4f446af2,completed,2026-06-19 19:52:22.982499+00:00,2026-06-19 19:52:23.095377+00:00
2db84a80-0ca1-4022-bb31-efb3b074890b,completed,2026-06-19 19:52:23.028932+00:00,2026-06-19 19:52:23.141403+00:00
140fabef-5fd8-4172-9527-893e5ccd06e6,completed,2026-06-19 19:52:23.749564+00:00,2026-06-19 19:52:23.864584+00:00
aed7a5ad-5c20-497d-a6c2-bad44ad6f09d,completed,2026-06-19 19:52:23.072248+00:00,2026-06-19 19:52:23.197651+00:00
3b4cbe8b-e601-4353-ba52-d7d69abde0f8,completed,2026-06-19 19:52:23.391382+00:00,2026-06-19 19:52:23.501611+00:00
4aeaa5b6-c292-4397-a8c5-b17726ad2500,completed,2026-06-19 19:52:23.117932+00:00,2026-06-19 19:52:23.223810+00:00
8fadd665-2fe3-42a5-b822-4aead79cb245,completed,2026-06-19 19:52:23.162523+00:00,2026-06-19 19:52:23.273744+00:00
e648eb36-b91c-43df-8edc-bdb6dbbb82ef,completed,2026-06-19 19:52:23.614399+00:00,2026-06-19 19:52:23.726830+00:00
3b0717d0-3409-4418-8034-b147f0d6f7df,completed,2026-06-19 19:52:23.205982+00:00,2026-06-19 19:52:23.325681+00:00
a88d6d3c-a1fe-440d-a83f-dd144e1e4e27,completed,2026-06-19 19:52:23.255126+00:00,2026-06-19 19:52:23.362091+00:00
2c87be71-e16e-48f3-8a8b-0d0c3977b27f,completed,2026-06-19 19:52:23.435784+00:00,2026-06-19 19:52:23.548677+00:00
a72523a7-a244-43ee-b772-2f2e36ed9c4b,completed,2026-06-19 19:52:23.482219+00:00,2026-06-19 19:52:23.592883+00:00
9bfabd47-1efe-4483-a601-8dfb69fabe03,completed,2026-06-19 19:52:24.240712+00:00,2026-06-19 19:52:24.348289+00:00
1550c527-d16c-4bfa-a90d-00742e7bc20e,completed,2026-06-19 19:52:23.525226+00:00,2026-06-19 19:52:23.639431+00:00
8f20ad8c-48f1-4b6c-9b99-b1bcf0fc7ef1,completed,2026-06-19 19:52:23.795289+00:00,2026-06-19 19:52:23.918219+00:00
d5751226-371f-4381-81ea-6445b3b7856c,completed,2026-06-19 19:52:23.660508+00:00,2026-06-19 19:52:23.776116+00:00
91a98353-e7d6-413c-aa0d-bdee7da27677,completed,2026-06-19 19:52:23.881435+00:00,2026-06-19 19:52:24.003082+00:00
bb516d66-a479-4a29-b7fb-52636532c7fc,completed,2026-06-19 19:52:23.704017+00:00,2026-06-19 19:52:23.816307+00:00
a231ec17-a988-442b-b5e8-90c66e6302a3,completed,2026-06-19 19:52:23.974626+00:00,2026-06-19 19:52:24.094100+00:00
925905b5-c670-48dc-a25f-3ccf9b3275c0,completed,2026-06-19 19:52:23.838861+00:00,2026-06-19 19:52:23.962856+00:00
66b9b5a5-e81d-49d1-8f71-67fa5ceac539,completed,2026-06-19 19:52:24.195701+00:00,2026-06-19 19:52:24.307773+00:00
56d2c5f0-aee5-4711-9113-1fc84ec608da,completed,2026-06-19 19:52:23.928792+00:00,2026-06-19 19:52:24.059531+00:00
8b20c105-ab3a-4853-8158-9e40a09d1888,completed,2026-06-19 19:52:24.018453+00:00,2026-06-19 19:52:24.152118+00:00
6e489e1d-ba11-4d47-b653-4433524e2d66,completed,2026-06-19 19:52:24.065274+00:00,2026-06-19 19:52:24.185705+00:00
38d863c6-4b3a-4d99-be0e-32f37b46d513,completed,2026-06-19 19:52:24.107028+00:00,2026-06-19 19:52:24.224172+00:00
aa922c96-c578-465c-afce-d2707c6fda57,completed,2026-06-19 19:52:24.152404+00:00,2026-06-19 19:52:24.259308+00:00
c83a0d9b-eda0-46cd-a79a-45972276f73e,completed,2026-06-19 19:52:24.944983+00:00,2026-06-19 19:52:25.055680+00:00
1581447b-0a11-42b5-b47e-8eb63af129da,completed,2026-06-19 19:52:24.683150+00:00,2026-06-19 19:52:24.793534+00:00
87c71ce7-93da-481e-aa0f-71bee8ec2877,completed,2026-06-19 19:52:24.284893+00:00,2026-06-19 19:52:24.408649+00:00
a7d4b36a-9143-4841-b123-a31b2b58b48b,completed,2026-06-19 19:52:24.329154+00:00,2026-06-19 19:52:24.457089+00:00
45a3d115-9fd4-432d-b925-eef108510959,completed,2026-06-19 19:52:24.726244+00:00,2026-06-19 19:52:24.832115+00:00
903c76b3-757f-4314-9294-22f57d6a5bfe,completed,2026-06-19 19:52:24.373727+00:00,2026-06-19 19:52:24.480411+00:00
98563576-4a4f-4ace-9331-81371cdf1d2d,completed,2026-06-19 19:52:24.418412+00:00,2026-06-19 19:52:24.526800+00:00
d9727f0c-8ab3-491f-a04e-0583b514a2f6,completed,2026-06-19 19:52:25.121637+00:00,2026-06-19 19:52:25.235028+00:00
5f13cbc8-e9db-45fe-ad8c-ede3d257178c,completed,2026-06-19 19:52:24.460984+00:00,2026-06-19 19:52:24.572378+00:00
db90b088-72df-4e11-be4d-b2b27d2aa355,completed,2026-06-19 19:52:24.766003+00:00,2026-06-19 19:52:24.883147+00:00
b23a8b08-42d7-4f2e-afef-68e099863c77,completed,2026-06-19 19:52:24.506811+00:00,2026-06-19 19:52:24.624250+00:00
f9c9692e-00b1-4634-8330-738e6b84a138,completed,2026-06-19 19:52:24.552992+00:00,2026-06-19 19:52:24.667718+00:00
9c7e72fe-3f36-4c01-9e8e-52038116bb0d,completed,2026-06-19 19:52:24.989791+00:00,2026-06-19 19:52:25.104775+00:00
ddac8953-72d9-4e7a-8c71-61b1eada52d0,completed,2026-06-19 19:52:24.598068+00:00,2026-06-19 19:52:24.716302+00:00
8e5e0efb-50b7-4cdd-bd4e-a9417ac43d0a,completed,2026-06-19 19:52:24.638450+00:00,2026-06-19 19:52:24.740202+00:00
e0abbf24-b5bb-40ed-a7ce-3ccf0a9eab0b,completed,2026-06-19 19:52:24.811500+00:00,2026-06-19 19:52:24.916370+00:00
9c9ab993-8a8e-48e6-9643-d492071b2dfb,completed,2026-06-19 19:52:24.858142+00:00,2026-06-19 19:52:24.961189+00:00
72027b43-6d0d-416a-a58f-5ba9f87ef9e7,completed,2026-06-19 19:52:25.596192+00:00,2026-06-19 19:52:25.722046+00:00
177f2d50-dbad-48dd-a9a8-989b90f1f508,completed,2026-06-19 19:52:24.901715+00:00,2026-06-19 19:52:25.021082+00:00
de8c3564-acbc-4dbb-9114-acf908683aab,completed,2026-06-19 19:52:25.164080+00:00,2026-06-19 19:52:25.272706+00:00
109e5ab0-ac71-45d6-ba03-0173ee4e3df7,completed,2026-06-19 19:52:25.029362+00:00,2026-06-19 19:52:25.145379+00:00
d738dddc-2a63-4e0c-8aef-9d0cb4c05fc5,completed,2026-06-19 19:52:25.252252+00:00,2026-06-19 19:52:25.374726+00:00
c64d1fb5-0609-482d-9a12-577b7840f274,completed,2026-06-19 19:52:25.076957+00:00,2026-06-19 19:52:25.181883+00:00
094363cc-8ada-4257-b1e9-ed15ae1bab32,completed,2026-06-19 19:52:25.336002+00:00,2026-06-19 19:52:25.442627+00:00
216f397c-75f5-4166-a04a-e8197026af83,completed,2026-06-19 19:52:25.207708+00:00,2026-06-19 19:52:25.322147+00:00
d007e7f2-34ec-4dc6-a482-c78ed5c20463,completed,2026-06-19 19:52:25.553610+00:00,2026-06-19 19:52:25.671103+00:00
973605ea-d0ea-4c4a-a574-3305e17d1f5f,completed,2026-06-19 19:52:25.294444+00:00,2026-06-19 19:52:25.407577+00:00
677cf73b-a035-4abb-8dc5-96623d7a1993,completed,2026-06-19 19:52:25.381451+00:00,2026-06-19 19:52:25.495434+00:00
33d48fde-45e5-4d96-834e-307f9d8b6cfc,completed,2026-06-19 19:52:25.423162+00:00,2026-06-19 19:52:25.525979+00:00
db802633-4fb0-42b1-80af-4aa70c02f7d2,completed,2026-06-19 19:52:25.467838+00:00,2026-06-19 19:52:25.584756+00:00
a00a4e75-7fbb-4454-a82e-b0993585f837,completed,2026-06-19 19:52:25.510672+00:00,2026-06-19 19:52:25.629809+00:00
195a5b72-dce3-41e1-822f-fbbf4bf6e1d0,completed,2026-06-19 19:52:26.279453+00:00,2026-06-19 19:52:26.396135+00:00
87e275a9-79b9-41a3-98a9-39673455dcec,completed,2026-06-19 19:52:26.032058+00:00,2026-06-19 19:52:26.139471+00:00
d598b1e5-36e3-4042-ac77-1a0b50c3a945,completed,2026-06-19 19:52:25.645433+00:00,2026-06-19 19:52:25.771799+00:00
d7897690-f2ee-40b5-a475-5c3f385b5f20,completed,2026-06-19 19:52:25.681513+00:00,2026-06-19 19:52:25.782456+00:00
0ff08005-7696-4585-ad8b-dac42ed7ba6d,completed,2026-06-19 19:52:26.067102+00:00,2026-06-19 19:52:26.184773+00:00
9bc7e4ee-0f98-41f5-b9e0-d07676031cd0,completed,2026-06-19 19:52:25.725679+00:00,2026-06-19 19:52:25.854460+00:00
adeb3b56-7b23-492e-9f4b-759d6492189f,completed,2026-06-19 19:52:25.766721+00:00,2026-06-19 19:52:25.889960+00:00
334dfbb8-8f15-4a93-b2a2-321fe31dd848,completed,2026-06-19 19:52:26.449639+00:00,2026-06-19 19:52:26.564313+00:00
2307661d-4ec6-4707-92b3-aa0d526b4c6e,completed,2026-06-19 19:52:25.810615+00:00,2026-06-19 19:52:25.916497+00:00
38cb2cea-5f2f-4ae6-9607-f1982efcd659,completed,2026-06-19 19:52:25.854337+00:00,2026-06-19 19:52:25.965853+00:00
7eb447bb-3ed3-497d-a0c5-618d4e51aec0,completed,2026-06-19 19:52:26.106568+00:00,2026-06-19 19:52:26.238948+00:00
5729c3a7-8112-4598-af12-3bc1619abed2,completed,2026-06-19 19:52:26.321747+00:00,2026-06-19 19:52:26.429636+00:00
0513b3a0-0cc1-45f6-9a33-2fbded4539c3,completed,2026-06-19 19:52:25.895721+00:00,2026-06-19 19:52:26.036555+00:00
4b8cfab2-586d-41e7-ba73-371d5ff4f91e,completed,2026-06-19 19:52:25.939815+00:00,2026-06-19 19:52:26.054554+00:00
cb6b3435-8733-4739-8a13-f3f4e185ebb0,completed,2026-06-19 19:52:25.982936+00:00,2026-06-19 19:52:26.104210+00:00
a0e869d2-80d1-448e-9edf-669be7fa51e2,completed,2026-06-19 19:52:26.153421+00:00,2026-06-19 19:52:26.301595+00:00
9f91232a-dff6-4bcd-9011-230d5d9d993d,completed,2026-06-19 19:52:26.192436+00:00,2026-06-19 19:52:26.316378+00:00
fd7bfcbd-2aca-499e-a3d2-9fb195ab2d1b,completed,2026-06-19 19:52:26.912602+00:00,2026-06-19 19:52:27.033510+00:00
05fbf2e6-1f66-4702-ac9a-8532abefe88d,completed,2026-06-19 19:52:26.235910+00:00,2026-06-19 19:52:26.356063+00:00
ec9e5e06-c54e-4c74-889f-789f0e1aad14,completed,2026-06-19 19:52:26.491922+00:00,2026-06-19 19:52:26.612608+00:00
a0a82f6a-5f2c-4037-b310-76646ada734d,completed,2026-06-19 19:52:26.363092+00:00,2026-06-19 19:52:26.470298+00:00
d9abbc39-fa53-452e-80f3-cf997550f670,completed,2026-06-19 19:52:26.576365+00:00,2026-06-19 19:52:26.684710+00:00
42da925d-993d-4968-84d5-b216ea50c600,completed,2026-06-19 19:52:26.404961+00:00,2026-06-19 19:52:26.504627+00:00
0c809eec-8c41-4b19-896b-875305cd845b,completed,2026-06-19 19:52:26.660309+00:00,2026-06-19 19:52:26.768940+00:00
9de54573-c986-4c2a-b89a-6c3f17abaf9e,completed,2026-06-19 19:52:26.534199+00:00,2026-06-19 19:52:26.656506+00:00
dbc7f3ad-e393-487e-9e82-c58caa50854b,completed,2026-06-19 19:52:26.870813+00:00,2026-06-19 19:52:27.002933+00:00
6f78a281-66c2-49be-8262-fac7b08a0bf1,completed,2026-06-19 19:52:26.618250+00:00,2026-06-19 19:52:26.725758+00:00
e3d062ba-734a-4a90-9e3f-9f88b60bbc17,completed,2026-06-19 19:52:26.703117+00:00,2026-06-19 19:52:26.814606+00:00
8a20c217-8519-4178-bf60-33fba081cb5e,completed,2026-06-19 19:52:26.743654+00:00,2026-06-19 19:52:26.852360+00:00
9e2fdf2f-7d33-4c1c-ae21-e06f078b747f,completed,2026-06-19 19:52:26.785206+00:00,2026-06-19 19:52:26.895567+00:00
a5b8779e-a7f1-4bd1-8fc5-e54a97125bb8,completed,2026-06-19 19:52:26.827618+00:00,2026-06-19 19:52:26.936684+00:00
53bb5e0d-a80b-4f17-92bd-fe04d6d2adab,completed,2026-06-19 19:52:27.576004+00:00,2026-06-19 19:52:27.688836+00:00
aa046d22-b6b0-4340-8853-b13ca3ab4036,completed,2026-06-19 19:52:27.331578+00:00,2026-06-19 19:52:27.449610+00:00
291b1a2a-d4f4-4ba1-9921-8362bb17a373,completed,2026-06-19 19:52:26.953722+00:00,2026-06-19 19:52:27.067780+00:00
a17b195f-efc9-4de7-b96b-c619f834b7a3,completed,2026-06-19 19:52:26.993824+00:00,2026-06-19 19:52:27.122529+00:00
62560108-9779-4751-accd-1393ac5a2b53,completed,2026-06-19 19:52:27.371876+00:00,2026-06-19 19:52:27.489231+00:00
161039e3-5430-4664-bcbe-fd4b4d034f09,completed,2026-06-19 19:52:27.048609+00:00,2026-06-19 19:52:27.171085+00:00
d676335e-de39-4076-bc9f-b2a38d8fb11b,completed,2026-06-19 19:52:27.077377+00:00,2026-06-19 19:52:27.197540+00:00
5542ed80-8415-4de5-bd4c-3494a1264673,completed,2026-06-19 19:52:27.742286+00:00,2026-06-19 19:52:27.850910+00:00
e335c445-308a-4fcb-a5bb-e9b2c8ca535e,completed,2026-06-19 19:52:27.122182+00:00,2026-06-19 19:52:27.243054+00:00
f073986c-5b8b-4b15-93b5-e016faae2958,completed,2026-06-19 19:52:27.409992+00:00,2026-06-19 19:52:27.519478+00:00
8c9cfda0-ceac-450a-98b6-4bbfa42f06c5,completed,2026-06-19 19:52:27.163357+00:00,2026-06-19 19:52:27.296694+00:00
b00b6071-3943-4da0-8def-d3e49e167a07,completed,2026-06-19 19:52:27.202891+00:00,2026-06-19 19:52:27.320590+00:00
e9a078e1-1f0b-4c87-a5e6-090dce893874,completed,2026-06-19 19:52:27.621362+00:00,2026-06-19 19:52:27.728582+00:00
c47fa84b-d345-4f9f-b1eb-5311728038ab,completed,2026-06-19 19:52:27.245495+00:00,2026-06-19 19:52:27.386062+00:00
afa2732a-75e5-4bfb-be9f-5681ffdba600,completed,2026-06-19 19:52:27.288497+00:00,2026-06-19 19:52:27.404144+00:00
eb21311e-6c61-4df2-9b97-73651f0fbedd,completed,2026-06-19 19:52:27.450011+00:00,2026-06-19 19:52:27.562769+00:00
71952086-3cfd-484d-aaf8-6f3a114db418,completed,2026-06-19 19:52:27.494528+00:00,2026-06-19 19:52:27.597292+00:00
1a5f2cd2-b403-4051-89fc-e2e40dab234d,completed,2026-06-19 19:52:28.190834+00:00,2026-06-19 19:52:28.294684+00:00
b39b9d58-4267-4ee5-986e-379762638bac,completed,2026-06-19 19:52:27.538301+00:00,2026-06-19 19:52:27.648009+00:00
78b7a8bd-d127-42ad-933b-fbd9a69d7288,completed,2026-06-19 19:52:27.784391+00:00,2026-06-19 19:52:27.899943+00:00
ac16537f-e025-48c9-959b-b60a18602883,completed,2026-06-19 19:52:27.659849+00:00,2026-06-19 19:52:27.770556+00:00
715215fe-0d49-4b58-a16d-f2b95c7f1ce8,completed,2026-06-19 19:52:27.700998+00:00,2026-06-19 19:52:27.810060+00:00
14f2f83f-87ec-41c3-994f-42f4a7138027,completed,2026-06-19 19:52:28.154326+00:00,2026-06-19 19:52:28.271745+00:00
be7b4bba-36ff-49ae-8476-b4bbfd1489ad,completed,2026-06-19 19:52:27.990142+00:00,2026-06-19 19:52:28.106591+00:00
1c99f3ce-7f73-4080-a0e4-2800ee0521b6,completed,2026-06-19 19:52:27.824214+00:00,2026-06-19 19:52:27.944053+00:00
2f6df647-3e1c-4d59-b48c-0cec415137a4,completed,2026-06-19 19:52:27.868005+00:00,2026-06-19 19:52:28.001726+00:00
bc2e6486-b5c2-4c33-96ba-36b219ceecf7,completed,2026-06-19 19:52:27.904840+00:00,2026-06-19 19:52:28.039917+00:00
c0286fd4-526a-4c21-8625-e2f4c978a285,completed,2026-06-19 19:52:27.946472+00:00,2026-06-19 19:52:28.066904+00:00
65b14b74-7635-498c-911d-de7708b44370,completed,2026-06-19 19:52:28.031659+00:00,2026-06-19 19:52:28.139215+00:00
51cc0200-958a-4b12-8c65-249cc6af3a3d,completed,2026-06-19 19:52:28.079806+00:00,2026-06-19 19:52:28.188138+00:00
9411d2fd-c7aa-4a17-96c1-86a67a6add50,completed,2026-06-19 19:52:28.113398+00:00,2026-06-19 19:52:28.214553+00:00
9e17916a-7306-4714-9e00-548310f2ab93,completed,2026-06-19 19:52:28.841061+00:00,2026-06-19 19:52:28.945382+00:00
c52a7440-fad6-4330-8966-fdafff734cff,completed,2026-06-19 19:52:28.235615+00:00,2026-06-19 19:52:28.347068+00:00
c841f154-fe66-4f99-a646-536e9bbbf4f5,completed,2026-06-19 19:52:28.598810+00:00,2026-06-19 19:52:28.736773+00:00
c5746dfe-ffc3-4fc8-866a-0e4f9e3d946e,completed,2026-06-19 19:52:28.274783+00:00,2026-06-19 19:52:28.390154+00:00
0db5022e-d684-4a91-960f-d450a95dc443,completed,2026-06-19 19:52:28.640547+00:00,2026-06-19 19:52:28.765964+00:00
fb105bd5-a468-435e-9585-23b8f171ce87,completed,2026-06-19 19:52:28.320253+00:00,2026-06-19 19:52:28.440673+00:00
fa8b115d-16ce-4ba3-bf2e-17016e9cf0fb,completed,2026-06-19 19:52:28.356166+00:00,2026-06-19 19:52:28.455581+00:00
02a8269d-77b5-4846-9798-9ded445dd075,completed,2026-06-19 19:52:29.002984+00:00,2026-06-19 19:52:29.123842+00:00
514bc0d9-0708-4584-9a39-c9324023c1b1,completed,2026-06-19 19:52:28.398736+00:00,2026-06-19 19:52:28.502260+00:00
de1de380-8b0d-42cd-a146-885373656b34,completed,2026-06-19 19:52:28.434314+00:00,2026-06-19 19:52:28.546154+00:00
5298121a-1b40-4488-a292-c772ab097155,completed,2026-06-19 19:52:28.881843+00:00,2026-06-19 19:52:28.996841+00:00
a4946654-ee26-4fd7-ad01-2bb74232e8bd,completed,2026-06-19 19:52:28.477896+00:00,2026-06-19 19:52:28.594009+00:00
403b15f7-7837-4007-a7fc-551deed97c69,completed,2026-06-19 19:52:28.519686+00:00,2026-06-19 19:52:28.629252+00:00
19a3585c-eeba-4f9e-a28d-4dd199a24200,completed,2026-06-19 19:52:28.558866+00:00,2026-06-19 19:52:28.665991+00:00
75c43543-8db4-464f-b318-02182838f115,completed,2026-06-19 19:52:28.680957+00:00,2026-06-19 19:52:28.812684+00:00
5ecddf0e-eb11-4f04-9c77-d8e93af129dc,completed,2026-06-19 19:52:28.721458+00:00,2026-06-19 19:52:28.840598+00:00
2170ac21-604a-44df-8cd0-92916f9c9e21,completed,2026-06-19 19:52:29.442586+00:00,2026-06-19 19:52:29.543958+00:00
caed695d-4d61-4641-9b3a-ea3add9759e4,completed,2026-06-19 19:52:28.763864+00:00,2026-06-19 19:52:28.876939+00:00
c4b9b0ba-9fc5-49b1-b27c-11e299fc52d4,completed,2026-06-19 19:52:29.040463+00:00,2026-06-19 19:52:29.152236+00:00
3c6c28ce-0b3f-49e4-963f-ac7ab146436d,completed,2026-06-19 19:52:28.799673+00:00,2026-06-19 19:52:28.905013+00:00
2e624da2-f51f-409e-b00c-5bda13bbe9b0,completed,2026-06-19 19:52:28.920157+00:00,2026-06-19 19:52:29.035591+00:00
f28b8cc0-21c4-459e-8b4b-f95a8dc02bbd,completed,2026-06-19 19:52:29.122268+00:00,2026-06-19 19:52:29.227943+00:00
fe5fa0cf-9461-4f5c-a425-3a554ba03389,completed,2026-06-19 19:52:28.959968+00:00,2026-06-19 19:52:29.059782+00:00
e06fdbd2-ba74-47c0-89f1-fad10630e982,completed,2026-06-19 19:52:29.201637+00:00,2026-06-19 19:52:29.309353+00:00
389d603f-4f0e-45b2-ab63-2f6032df5e56,completed,2026-06-19 19:52:29.082988+00:00,2026-06-19 19:52:29.189555+00:00
dec52cbc-eb74-4570-a9a4-a805588e4cee,completed,2026-06-19 19:52:29.400023+00:00,2026-06-19 19:52:29.520389+00:00
842f4dc0-9fb2-47d1-9a45-27615731eff8,completed,2026-06-19 19:52:29.164451+00:00,2026-06-19 19:52:29.281530+00:00
3234d557-a0f8-45c9-858d-72ae53dbe802,completed,2026-06-19 19:52:29.239585+00:00,2026-06-19 19:52:29.347581+00:00
3daf724b-e3ec-49e5-b44d-03a9f77aa47a,completed,2026-06-19 19:52:29.283462+00:00,2026-06-19 19:52:29.392131+00:00
54612709-6251-45c5-9c87-c07dec68c711,completed,2026-06-19 19:52:29.320540+00:00,2026-06-19 19:52:29.420738+00:00
fe7a7691-c543-4f31-8a91-dad8113bd93e,completed,2026-06-19 19:52:29.364988+00:00,2026-06-19 19:52:29.473789+00:00
1c8a78a9-c4a6-4b8a-b075-e622be9c6fda,completed,2026-06-19 19:52:30.230866+00:00,2026-06-19 19:52:30.336533+00:00
24307e17-e01e-430f-b526-f964981792fb,completed,2026-06-19 19:52:29.838440+00:00,2026-06-19 19:52:29.941055+00:00
06894c5e-0f95-49ad-9446-307a744f8cf8,completed,2026-06-19 19:52:29.481577+00:00,2026-06-19 19:52:29.587923+00:00
ab34e17e-f6d0-42e5-8378-87cdf0fcf378,completed,2026-06-19 19:52:30.075575+00:00,2026-06-19 19:52:30.218411+00:00
6ef96340-6095-4b6f-87a6-d3f60d1cd7e5,completed,2026-06-19 19:52:29.523294+00:00,2026-06-19 19:52:29.633762+00:00
f04e95d2-ccd2-44c9-a208-e105da24ade6,completed,2026-06-19 19:52:29.876604+00:00,2026-06-19 19:52:29.980158+00:00
810f1bfa-5e3f-4ba9-9d1b-a504fed0018f,completed,2026-06-19 19:52:29.563647+00:00,2026-06-19 19:52:29.676477+00:00
c064564b-3a77-473b-9463-358cb84d2fcc,completed,2026-06-19 19:52:29.601156+00:00,2026-06-19 19:52:29.702737+00:00
236f1a58-4373-4a51-9b6a-1daa9be014c6,completed,2026-06-19 19:52:29.639159+00:00,2026-06-19 19:52:29.751514+00:00
5320839c-f6f4-4552-b131-b26acf96dc72,completed,2026-06-19 19:52:29.917488+00:00,2026-06-19 19:52:30.025711+00:00
d4efaef6-ec30-41cf-b50a-7ba32d5899b9,completed,2026-06-19 19:52:29.680919+00:00,2026-06-19 19:52:29.792688+00:00
c0d9f6e5-6497-434f-986a-0b0c71127713,completed,2026-06-19 19:52:29.720581+00:00,2026-06-19 19:52:29.829460+00:00
6975ed2d-c397-492d-be18-1b3878c4eb98,completed,2026-06-19 19:52:30.581601+00:00,2026-06-19 19:52:30.693200+00:00
b52dab2d-28a2-41df-b428-ae31f56d4354,completed,2026-06-19 19:52:29.759473+00:00,2026-06-19 19:52:29.865810+00:00
952f4490-0d9c-47bd-8a42-04971b753928,completed,2026-06-19 19:52:30.113291+00:00,2026-06-19 19:52:30.248806+00:00
9ee9d373-d626-4565-95ff-bf5366da44d0,completed,2026-06-19 19:52:29.800083+00:00,2026-06-19 19:52:29.914946+00:00
f5af7b63-8043-463b-981d-cb35ba2acb73,completed,2026-06-19 19:52:30.154167+00:00,2026-06-19 19:52:30.260664+00:00
5188854d-1a86-4b11-a0fd-13e5e467e7b6,completed,2026-06-19 19:52:29.957173+00:00,2026-06-19 19:52:30.077703+00:00
8c75535b-dc0b-4893-a5b8-cb36b91659c5,completed,2026-06-19 19:52:29.996816+00:00,2026-06-19 19:52:30.110771+00:00
c60a582b-3c63-4091-9629-9a05722e28a2,completed,2026-06-19 19:52:30.388774+00:00,2026-06-19 19:52:30.504969+00:00
324ab789-5eeb-492b-9c15-d2dbbf4dab6b,completed,2026-06-19 19:52:30.041653+00:00,2026-06-19 19:52:30.160513+00:00
e24ade67-f4f7-4091-891e-dc2f7ddfb7ac,completed,2026-06-19 19:52:30.193092+00:00,2026-06-19 19:52:30.308534+00:00
ad6320cf-36cb-4844-a15e-14d2aa132518,completed,2026-06-19 19:52:30.619308+00:00,2026-06-19 19:52:30.732268+00:00
a22a0daa-33aa-4c22-a70e-923125bb0e24,completed,2026-06-19 19:52:30.465622+00:00,2026-06-19 19:52:30.575452+00:00
602c5e88-c10c-4741-8ca1-a74f5e614797,completed,2026-06-19 19:52:30.272492+00:00,2026-06-19 19:52:30.416121+00:00
4c2b90f9-6041-4657-a161-9de7e5b59f23,completed,2026-06-19 19:52:30.311263+00:00,2026-06-19 19:52:30.426953+00:00
a5432797-413b-44db-bec8-0a2659227103,completed,2026-06-19 19:52:30.349852+00:00,2026-06-19 19:52:30.477720+00:00
1fb5657f-0c88-42d0-a806-5248252ba5c9,completed,2026-06-19 19:52:30.659561+00:00,2026-06-19 19:52:30.785189+00:00
a3748eff-b1a8-4df2-8547-bc6f2a9fcad3,completed,2026-06-19 19:52:30.426122+00:00,2026-06-19 19:52:30.532740+00:00
4655a54b-da9f-4b93-9b53-a53ea004d10e,completed,2026-06-19 19:52:30.502616+00:00,2026-06-19 19:52:30.620011+00:00
62de2b42-1e04-4ace-b8f2-645620b81d60,completed,2026-06-19 19:52:30.543986+00:00,2026-06-19 19:52:30.667333+00:00
49fd180e-94f0-4e35-9c98-21484256280c,completed,2026-06-19 19:52:31.017125+00:00,2026-06-19 19:52:31.133577+00:00
d8113d0c-5a36-40f9-a72a-9e39cb331ebf,completed,2026-06-19 19:52:31.047526+00:00,2026-06-19 19:52:31.155573+00:00
b330a4d6-bf31-4c8f-8f68-f4c9a3c42e16,completed,2026-06-19 19:52:30.697355+00:00,2026-06-19 19:52:30.801277+00:00
94414f82-a34c-424d-809c-19ee39b61aec,completed,2026-06-19 19:52:31.278988+00:00,2026-06-19 19:52:31.391844+00:00
c29e2021-6706-44c5-b468-8688bb553d44,completed,2026-06-19 19:52:30.737809+00:00,2026-06-19 19:52:30.876112+00:00
d1945a87-325c-473f-8129-87c62fd86339,completed,2026-06-19 19:52:30.774920+00:00,2026-06-19 19:52:30.884931+00:00
b1b9b5bd-fd7b-423e-87fc-bef3696577a6,completed,2026-06-19 19:52:30.815920+00:00,2026-06-19 19:52:30.934001+00:00
d1a39170-97c7-4742-a73d-7ebb5e65d043,completed,2026-06-19 19:52:31.083847+00:00,2026-06-19 19:52:31.205553+00:00
a2feaa89-7e40-467a-97b2-207173d016fc,completed,2026-06-19 19:52:30.852676+00:00,2026-06-19 19:52:30.968870+00:00
717b91a2-e5ae-434b-a33e-cd09b22d204e,completed,2026-06-19 19:52:31.125947+00:00,2026-06-19 19:52:31.234135+00:00
18ca3f02-cc98-46de-ad1b-bba3bcffc207,completed,2026-06-19 19:52:30.894491+00:00,2026-06-19 19:52:31.007257+00:00
2b7092da-ae8a-4faa-bbd8-7c067efebdc1,completed,2026-06-19 19:52:31.429555+00:00,2026-06-19 19:52:31.539718+00:00
e39dc8dc-5667-41da-ba5d-77c4fa5355ab,completed,2026-06-19 19:52:30.932953+00:00,2026-06-19 19:52:31.043334+00:00
8cd099a6-acbb-4fcd-8570-865981be7b93,completed,2026-06-19 19:52:30.970393+00:00,2026-06-19 19:52:31.083043+00:00
61d407f3-05de-4347-807a-e1276d6d4d22,completed,2026-06-19 19:52:31.317034+00:00,2026-06-19 19:52:31.440427+00:00
8b2333e8-f83c-4ab1-bcfb-bb1bf07fe1c4,completed,2026-06-19 19:52:31.355492+00:00,2026-06-19 19:52:31.468398+00:00
3d48a588-0ed9-498c-9c05-b1e63b4bc465,completed,2026-06-19 19:52:31.163485+00:00,2026-06-19 19:52:31.279691+00:00
bc6bcc92-5786-4ae6-ab51-5c83871331bb,completed,2026-06-19 19:52:31.202034+00:00,2026-06-19 19:52:31.308967+00:00
46de06c8-9fe0-4878-ac82-17f7af2126cf,completed,2026-06-19 19:52:31.851684+00:00,2026-06-19 19:52:31.974861+00:00
bcbea934-d234-47fc-88d1-aad95dd93404,completed,2026-06-19 19:52:31.240778+00:00,2026-06-19 19:52:31.344657+00:00
23ba667d-8216-4f57-9320-722ea5f7680c,completed,2026-06-19 19:52:31.469577+00:00,2026-06-19 19:52:31.582834+00:00
5c857a68-57fa-489d-8af1-a95f8866ea31,completed,2026-06-19 19:52:31.546882+00:00,2026-06-19 19:52:31.649058+00:00
3dad2f12-f110-446e-92cf-2e89249a1724,completed,2026-06-19 19:52:31.393734+00:00,2026-06-19 19:52:31.495259+00:00
a6153b18-d53e-4a56-8e9c-0b03d6e30741,completed,2026-06-19 19:52:31.619255+00:00,2026-06-19 19:52:31.723312+00:00
60fa026f-3fb7-4fef-89c8-a7c8c27f0269,completed,2026-06-19 19:52:31.508618+00:00,2026-06-19 19:52:31.618662+00:00
9bbf2ce4-abf0-4e36-8f2e-e26d68273ae9,completed,2026-06-19 19:52:31.812491+00:00,2026-06-19 19:52:31.919632+00:00
5724791b-f9d1-4877-8e54-8b3a1a7cd2b5,completed,2026-06-19 19:52:31.584343+00:00,2026-06-19 19:52:31.687778+00:00
2923a39d-db3d-46f0-9901-5d7d876b2bbe,completed,2026-06-19 19:52:31.660949+00:00,2026-06-19 19:52:31.770115+00:00
fc9257a6-5612-416c-bb03-abc160ba76d0,completed,2026-06-19 19:52:31.699625+00:00,2026-06-19 19:52:31.798207+00:00
3b49a4f2-d643-4711-bd42-f4166e2d75a9,completed,2026-06-19 19:52:31.737289+00:00,2026-06-19 19:52:31.837442+00:00
9d4cbc5d-9a00-42a2-86cf-4d134c4762d2,completed,2026-06-19 19:52:31.774725+00:00,2026-06-19 19:52:31.879851+00:00
088c07e9-da84-4731-9653-66689c42ac38,completed,2026-06-19 19:52:32.905120+00:00,2026-06-19 19:52:33.036390+00:00
092bec26-7ca5-4013-88b0-46594879dd4e,completed,2026-06-19 19:52:32.271302+00:00,2026-06-19 19:52:32.382010+00:00
7635303f-02cc-4c71-8544-4c0b7ad03f3c,completed,2026-06-19 19:52:31.889285+00:00,2026-06-19 19:52:32.009349+00:00
53727666-8ff6-4a10-8e83-476df45833f7,completed,2026-06-19 19:52:32.280820+00:00,2026-06-19 19:52:32.401008+00:00
76bdd6f7-2cb5-4953-b4f3-b192adf26989,completed,2026-06-19 19:52:31.926144+00:00,2026-06-19 19:52:32.050974+00:00
81437ce5-365f-423e-9886-f8c1db258e6d,completed,2026-06-19 19:52:31.966286+00:00,2026-06-19 19:52:32.093459+00:00
82410829-24f4-4504-b82f-e77a4dc53752,completed,2026-06-19 19:52:32.001842+00:00,2026-06-19 19:52:32.107944+00:00
cce07733-f336-4937-b382-0002a0eac58e,completed,2026-06-19 19:52:32.648398+00:00,2026-06-19 19:52:32.768165+00:00
6157dd14-3df7-46da-97a8-b1c113dbb0cc,completed,2026-06-19 19:52:32.039308+00:00,2026-06-19 19:52:32.146950+00:00
69ef8703-2db1-4083-a7f1-44699a768f6b,completed,2026-06-19 19:52:32.076894+00:00,2026-06-19 19:52:32.184593+00:00
55438fe3-2cc1-436e-9827-091d124f79b8,completed,2026-06-19 19:52:32.113949+00:00,2026-06-19 19:52:32.224235+00:00
5788f8e8-57ac-4f23-ad19-d5b3bc68b88e,completed,2026-06-19 19:52:32.621145+00:00,2026-06-19 19:52:32.792529+00:00
b49e1340-efb2-432e-a39a-0060fdd08182,completed,2026-06-19 19:52:32.192002+00:00,2026-06-19 19:52:32.304188+00:00
14c23a00-9246-4dbb-877a-5528807ba120,completed,2026-06-19 19:52:32.199020+00:00,2026-06-19 19:52:32.309306+00:00
b30b8a6d-b3a7-481a-9830-14868858708d,completed,2026-06-19 19:52:32.316466+00:00,2026-06-19 19:52:32.435677+00:00
de0471e1-9cf6-40a6-9778-abc712141bd3,completed,2026-06-19 19:52:32.349411+00:00,2026-06-19 19:52:32.456092+00:00
e4ccf0af-a931-4c35-a3c0-a2b33ace80ad,completed,2026-06-19 19:52:32.416316+00:00,2026-06-19 19:52:32.518784+00:00
9a94b4d3-0ed8-4dab-97bf-f6964a5fb692,completed,2026-06-19 19:52:32.410389+00:00,2026-06-19 19:52:32.525585+00:00
b4f41852-e016-49ce-863c-03bf3bb6cc2f,completed,2026-06-19 19:52:32.454601+00:00,2026-06-19 19:52:32.568296+00:00
4de7fd50-e375-4710-9c30-e413d84049af,completed,2026-06-19 19:52:32.493484+00:00,2026-06-19 19:52:32.605673+00:00
0da267e8-16c5-4748-a6b0-d6222ea20952,completed,2026-06-19 19:52:32.911933+00:00,2026-06-19 19:52:33.040817+00:00
92b443e2-745f-4644-ae14-3ec94ea52095,completed,2026-06-19 19:52:32.644296+00:00,2026-06-19 19:52:32.743459+00:00
a4f97eae-b995-40d5-9376-a9593a6cacc2,completed,2026-06-19 19:52:32.627274+00:00,2026-06-19 19:52:32.748573+00:00
50fae6ea-aec1-433a-b077-810522210e0a,completed,2026-06-19 19:52:32.679633+00:00,2026-06-19 19:52:32.795731+00:00
9ee31aa4-592c-4c09-9f89-704e004ee90d,completed,2026-06-19 19:52:32.723979+00:00,2026-06-19 19:52:32.837984+00:00
004b654b-3007-4a01-a78e-f0f67b7d0d5d,completed,2026-06-19 19:52:32.912928+00:00,2026-06-19 19:52:33.036407+00:00
2fd23da5-a6ee-47d9-b5af-974dd51c2fe8,completed,2026-06-19 19:52:33.062955+00:00,2026-06-19 19:52:33.187569+00:00
579aec6e-45a5-4bc5-b8d4-8980beaf9cb8,completed,2026-06-19 19:52:32.870477+00:00,2026-06-19 19:52:32.975130+00:00
37aed82f-131e-47d8-a6a2-2848e1ff402b,completed,2026-06-19 19:52:32.877053+00:00,2026-06-19 19:52:33.009130+00:00
813969c0-1a00-46f3-b8b1-fe15b8532ca5,completed,2026-06-19 19:52:33.054503+00:00,2026-06-19 19:52:33.193100+00:00
746625be-14af-46f7-88a3-751f6cd446ac,completed,2026-06-19 19:52:33.047008+00:00,2026-06-19 19:52:33.165416+00:00
ef94ba0b-1908-4de3-8dcb-c28b053342c3,completed,2026-06-19 19:53:01.691382+00:00,2026-06-19 19:53:01.813424+00:00
d9a53b29-1229-4183-89fb-2cc5a77aaaf7,completed,2026-06-19 19:52:33.062138+00:00,2026-06-19 19:52:33.193312+00:00
7e420b27-aef0-4b80-91d3-fb0f0b429dbf,completed,2026-06-19 19:53:03.465214+00:00,2026-06-19 19:53:03.590205+00:00
d7ccf977-c194-4dd9-9a3b-a8819d2c16f9,completed,2026-06-19 19:53:03.490960+00:00,2026-06-19 19:53:03.617009+00:00
ed5267bd-5782-4053-8a9d-416714b12c20,completed,2026-06-19 19:53:04.652665+00:00,2026-06-19 19:53:04.779999+00:00
525ea801-96fa-47d9-ae0a-e80bf45a649c,completed,2026-06-19 19:53:04.791841+00:00,2026-06-19 19:53:04.923458+00:00
2c234469-4238-40c7-ac82-636e46784b5e,completed,2026-06-19 19:53:04.819727+00:00,2026-06-19 19:53:04.936223+00:00
9b2ba211-162c-4dd9-b1b9-28e22474b3b7,completed,2026-06-19 19:53:04.883285+00:00,2026-06-19 19:53:05.063980+00:00
b01f0db4-1f7b-4603-9478-de20252ea279,completed,2026-06-19 19:53:04.956911+00:00,2026-06-19 19:53:05.105438+00:00
a949fb6e-a994-46e1-a854-d7ba523eee6b,completed,2026-06-19 19:53:05.080720+00:00,2026-06-19 19:53:05.204989+00:00
e9290bdc-9e9c-4c66-80f7-28335362b1ab,completed,2026-06-19 19:53:05.819414+00:00,2026-06-19 19:53:05.927672+00:00
033587ce-4195-46de-a799-4e28b98b194b,completed,2026-06-19 19:53:05.143357+00:00,2026-06-19 19:53:05.265517+00:00
faeded73-f2d5-42d3-88f4-f32482560623,completed,2026-06-19 19:53:05.240134+00:00,2026-06-19 19:53:05.364648+00:00
7b9950a7-5db3-4bdd-9e80-fbef323d1331,completed,2026-06-19 19:53:05.266897+00:00,2026-06-19 19:53:05.386214+00:00
3db6d560-8352-4893-8f69-610f4d29e918,completed,2026-06-19 19:53:05.840569+00:00,2026-06-19 19:53:05.970139+00:00
f2314b21-5091-46e7-83a3-2d67b8ecf894,completed,2026-06-19 19:53:05.291349+00:00,2026-06-19 19:53:05.409532+00:00
46a41837-3d1d-4c75-bffd-403ae8274f3f,completed,2026-06-19 19:53:05.614134+00:00,2026-06-19 19:53:05.755323+00:00
048c1edf-c410-461f-b306-1c14c105d3d9,completed,2026-06-19 19:53:05.384973+00:00,2026-06-19 19:53:05.515404+00:00
ce4ec671-c782-4d61-b109-3fecaa2581b6,completed,2026-06-19 19:53:05.621490+00:00,2026-06-19 19:53:05.756676+00:00
fbc28811-5a30-4074-91da-c4e1a28acde0,completed,2026-06-19 19:53:05.423284+00:00,2026-06-19 19:53:05.551229+00:00
73bc3016-9b92-4279-ab0c-1791bd84d3be,completed,2026-06-19 19:53:05.441983+00:00,2026-06-19 19:53:05.568484+00:00
ae07a205-9013-402d-9030-50742fc10ba0,completed,2026-06-19 19:53:05.465313+00:00,2026-06-19 19:53:05.581161+00:00
0b29263d-aaa7-4718-a981-b9b89a05a4e4,completed,2026-06-19 19:53:05.490887+00:00,2026-06-19 19:53:05.630351+00:00
57c372fd-173a-4029-a18a-2cd4c9cb2a53,completed,2026-06-19 19:53:05.636478+00:00,2026-06-19 19:53:05.760451+00:00
e7d7d639-f91f-4bc3-b171-37ed50f25320,completed,2026-06-19 19:53:05.649084+00:00,2026-06-19 19:53:05.771491+00:00
20e9138a-e3b1-4583-b039-b9cc2b4a0bf4,completed,2026-06-19 19:53:06.260607+00:00,2026-06-19 19:53:06.388855+00:00
13e32988-3849-45ec-a059-cbd1f66f9b31,completed,2026-06-19 19:53:06.034108+00:00,2026-06-19 19:53:06.150597+00:00
2a84599f-c1b5-4e6a-a3b1-195f3bb5d4eb,completed,2026-06-19 19:53:06.056268+00:00,2026-06-19 19:53:06.182414+00:00
ac3f076a-d4bf-4141-ad25-616a269a5fce,completed,2026-06-19 19:53:06.457372+00:00,2026-06-19 19:53:06.577815+00:00
fcc04560-aea9-4c42-819c-83c98718225e,completed,2026-06-19 19:53:06.448598+00:00,2026-06-19 19:53:06.580496+00:00
e0bfbf3d-3559-447b-ab4a-9f8ace2e4f39,completed,2026-06-19 19:53:06.661033+00:00,2026-06-19 19:53:06.779593+00:00
ceb510eb-4aaf-4ff3-8f62-3c9c364a3ed1,completed,2026-06-19 19:52:33.679574+00:00,2026-06-19 19:52:33.783680+00:00
8bb06829-8a26-4a69-844b-c6389c3bc841,completed,2026-06-19 19:52:33.458647+00:00,2026-06-19 19:52:33.584998+00:00
872c720f-e1d6-4259-9762-671fda2c1178,completed,2026-06-19 19:52:33.088817+00:00,2026-06-19 19:52:33.221821+00:00
a118a07f-a147-45b5-a5ed-15cf3081bd87,completed,2026-06-19 19:52:33.126723+00:00,2026-06-19 19:52:33.241109+00:00
a5927821-b10d-46c6-8a5f-22d09e6f2330,completed,2026-06-19 19:52:33.478778+00:00,2026-06-19 19:52:33.605483+00:00
9848b8b2-04ac-40f7-9b72-6421e55c8ad3,completed,2026-06-19 19:52:33.464967+00:00,2026-06-19 19:52:33.611309+00:00
5443a6ae-da86-4cad-aeb5-08d3f4f64a51,completed,2026-06-19 19:52:33.495875+00:00,2026-06-19 19:52:33.617336+00:00
638f5bf3-d0a9-4b16-8b4b-3a8eddfa6f3d,completed,2026-06-19 19:52:33.472017+00:00,2026-06-19 19:52:33.623549+00:00
fa39bb32-e754-4861-bfa2-879c9d3a2f61,completed,2026-06-19 19:52:33.532353+00:00,2026-06-19 19:52:33.646135+00:00
3c04dd28-bddc-41a0-9249-517a7bb3d8e0,completed,2026-06-19 19:52:33.259780+00:00,2026-06-19 19:52:33.372854+00:00
4f3d3ccc-85d8-48d8-b988-36af169e0ba2,completed,2026-06-19 19:52:33.253455+00:00,2026-06-19 19:52:33.389748+00:00
ea560b58-3431-457d-bb74-72df6e600c48,completed,2026-06-19 19:52:33.266655+00:00,2026-06-19 19:52:33.389811+00:00
d44f2045-00ac-408e-aba5-5438172a53a9,completed,2026-06-19 19:52:33.274816+00:00,2026-06-19 19:52:33.395356+00:00
9b96ee72-0a68-43fa-bc47-0dc72387e064,completed,2026-06-19 19:52:33.311766+00:00,2026-06-19 19:52:33.436210+00:00
17e8d662-f705-4a9d-9a8b-993825969307,completed,2026-06-19 19:52:33.668878+00:00,2026-06-19 19:52:33.794670+00:00
4b5d1a06-b308-4d28-ae53-2d3bc5570ce7,completed,2026-06-19 19:52:33.674944+00:00,2026-06-19 19:52:33.800429+00:00
bf19ce89-94fc-4766-b828-d694042c116f,completed,2026-06-19 19:52:33.719828+00:00,2026-06-19 19:52:33.838048+00:00
25b0ab7a-d738-4aba-869d-6c54491d18a5,completed,2026-06-19 19:52:33.875162+00:00,2026-06-19 19:52:34.033300+00:00
5025db12-9915-4bd4-8898-2087c9880793,completed,2026-06-19 19:52:33.935330+00:00,2026-06-19 19:52:34.061678+00:00
191b0e75-94f4-44b6-826d-f02b643b193b,completed,2026-06-19 19:52:34.104800+00:00,2026-06-19 19:52:34.235141+00:00
358bf8e4-76d4-4793-9b5d-3d7a1fcbc2eb,completed,2026-06-19 19:52:33.868433+00:00,2026-06-19 19:52:34.000327+00:00
b3b65622-4343-4871-8ba1-5ca5327b3d18,completed,2026-06-19 19:52:33.883037+00:00,2026-06-19 19:52:34.000768+00:00
c00563e4-c572-4248-899d-d9914a8eecae,completed,2026-06-19 19:52:33.662316+00:00,2026-06-19 19:52:33.782328+00:00
bf212858-74ab-45e6-9c45-542c0664e790,completed,2026-06-19 19:52:34.098574+00:00,2026-06-19 19:52:34.229552+00:00
a3b49b4d-3ba8-4a74-b094-61e896164f2e,completed,2026-06-19 19:52:33.898794+00:00,2026-06-19 19:52:34.017193+00:00
7ab5e627-78a1-4270-b7bb-e6935fa6df32,completed,2026-06-19 19:52:33.889993+00:00,2026-06-19 19:52:34.023082+00:00
473c9819-cc9d-480a-bc5c-ad586731c9c3,completed,2026-06-19 19:52:34.085452+00:00,2026-06-19 19:52:34.222195+00:00
c9ecf706-0ca2-4788-b284-c62ed60fed7a,completed,2026-06-19 19:52:34.124572+00:00,2026-06-19 19:52:34.247985+00:00
80133106-876c-42bc-bd03-d01c91e2b70a,completed,2026-06-19 19:52:34.154161+00:00,2026-06-19 19:52:34.276849+00:00
7f40c631-ec44-4c91-bb9d-92a3fcd0becc,completed,2026-06-19 19:52:34.092330+00:00,2026-06-19 19:52:34.212649+00:00
f4c822d7-db4d-4ec3-9cbb-acb7de488fb6,completed,2026-06-19 19:52:34.277582+00:00,2026-06-19 19:52:34.420244+00:00
3fe562f9-ea0d-4b50-a18b-e4c0880065a1,completed,2026-06-19 19:53:01.814721+00:00,2026-06-19 19:53:01.933441+00:00
bfa3848b-2b2f-4926-b93f-89060f1970f3,completed,2026-06-19 19:52:34.284749+00:00,2026-06-19 19:52:34.399967+00:00
ba5f8ffb-e406-407f-a767-94f5ab033dec,completed,2026-06-19 19:52:34.291546+00:00,2026-06-19 19:52:34.410014+00:00
5b5aff61-698f-4c8b-aa02-9e053321c2a4,completed,2026-06-19 19:53:03.366396+00:00,2026-06-19 19:53:03.469456+00:00
e7a7c309-1ce0-4fd2-aab6-cc8fac0a9325,completed,2026-06-19 19:53:04.091221+00:00,2026-06-19 19:53:04.217908+00:00
94b67faa-100f-4b09-bb86-695314090f36,completed,2026-06-19 19:53:04.315140+00:00,2026-06-19 19:53:04.437650+00:00
6aa2b2c7-8775-476c-8f3c-e284515b275b,completed,2026-06-19 19:53:04.116206+00:00,2026-06-19 19:53:04.242029+00:00
763cc0d0-7004-4325-8884-28065891adc6,completed,2026-06-19 19:53:04.216024+00:00,2026-06-19 19:53:04.346469+00:00
d05379ab-3f01-4568-a17b-c4021ab79d17,completed,2026-06-19 19:53:03.972938+00:00,2026-06-19 19:53:04.097753+00:00
ebbe23f8-306b-4003-9194-11e1c1d3be8a,completed,2026-06-19 19:53:04.242330+00:00,2026-06-19 19:53:04.365110+00:00
fc75b5e6-a67b-430b-8dbd-f3593cf45763,completed,2026-06-19 19:53:03.991028+00:00,2026-06-19 19:53:04.124868+00:00
bb47dbf4-7738-4f4d-9fdf-a60adf95a5c2,completed,2026-06-19 19:53:04.015156+00:00,2026-06-19 19:53:04.142958+00:00
410b0cf9-c0a4-4db4-9750-b6a6f51a0c13,completed,2026-06-19 19:53:04.041397+00:00,2026-06-19 19:53:04.157934+00:00
edd133b4-8fc9-4177-ba0c-e132f413e5bd,completed,2026-06-19 19:53:04.659323+00:00,2026-06-19 19:53:04.778963+00:00
bd3bc53a-8ea7-4f37-990a-1b4560fbd47b,completed,2026-06-19 19:53:04.265409+00:00,2026-06-19 19:53:04.386164+00:00
32df6436-cbcb-4200-bb90-6be392c4aee2,completed,2026-06-19 19:53:04.070857+00:00,2026-06-19 19:53:04.201505+00:00
8dd80f8f-d265-4908-be72-8475ee9ade45,completed,2026-06-19 19:53:04.142917+00:00,2026-06-19 19:53:04.260160+00:00
fa1541d0-ef2f-4228-87e1-889bc37be85e,completed,2026-06-19 19:53:04.465113+00:00,2026-06-19 19:53:04.596533+00:00
cd87ba03-995e-4154-bd0f-08e417333e5c,completed,2026-06-19 19:53:04.165164+00:00,2026-06-19 19:53:04.304141+00:00
89364cce-76c2-411f-bf91-7ea6edf3912c,completed,2026-06-19 19:53:04.189996+00:00,2026-06-19 19:53:04.304518+00:00
d574cd67-ad76-409b-a078-856b73787dc1,completed,2026-06-19 19:53:04.391621+00:00,2026-06-19 19:53:04.505970+00:00
fb235770-108b-4cde-b303-2879919d8e30,completed,2026-06-19 19:53:04.415440+00:00,2026-06-19 19:53:04.535065+00:00
10bbb296-8ff0-43fe-8b4d-ff37d2ee0e23,completed,2026-06-19 19:53:04.290598+00:00,2026-06-19 19:53:04.404639+00:00
1c8482c4-67f9-43b0-a55f-1d8e73504256,completed,2026-06-19 19:53:04.490410+00:00,2026-06-19 19:53:04.613975+00:00
3e55c2e7-94ab-4743-bcbf-551e32b656ab,completed,2026-06-19 19:53:04.818675+00:00,2026-06-19 19:53:04.940443+00:00
a89a811f-e19f-4b7c-8aeb-41b5ad905aeb,completed,2026-06-19 19:53:04.341296+00:00,2026-06-19 19:53:04.484712+00:00
6a151d2f-e4d3-4fb4-83bc-f6761757981a,completed,2026-06-19 19:53:04.366390+00:00,2026-06-19 19:53:04.513618+00:00
6af1bbfc-4581-414c-8951-0ddc19fc7983,completed,2026-06-19 19:53:04.439753+00:00,2026-06-19 19:53:04.570535+00:00
f0c1dc8c-c96a-4506-bd02-39886e0b3e87,completed,2026-06-19 19:53:04.516160+00:00,2026-06-19 19:53:04.621000+00:00
986667d0-f93a-4d93-848f-ce5caf3cc8c9,completed,2026-06-19 19:53:04.646308+00:00,2026-06-19 19:53:04.770092+00:00
438a92a7-ca8c-4d6d-b58c-18dfe8c8b197,completed,2026-06-19 19:53:04.966227+00:00,2026-06-19 19:53:05.100207+00:00
2689677b-72e9-46e6-8529-a86ae6335fa4,completed,2026-06-19 19:52:34.590464+00:00,2026-06-19 19:52:34.710190+00:00
7fdd2804-da93-413c-904d-f16159531121,completed,2026-06-19 19:52:34.625291+00:00,2026-06-19 19:52:34.733538+00:00
134d264e-940d-4b22-bc36-d360d558f375,completed,2026-06-19 19:52:34.983881+00:00,2026-06-19 19:52:35.093333+00:00
ebb9fcea-58b2-4b4a-8665-81608154395e,completed,2026-06-19 19:52:34.300698+00:00,2026-06-19 19:52:34.433148+00:00
f14bf37a-e1d1-468b-9a1e-461245406256,completed,2026-06-19 19:52:34.336507+00:00,2026-06-19 19:52:34.457592+00:00
6a492e7e-994e-4d88-8142-8e50bd8a108c,completed,2026-06-19 19:52:34.388837+00:00,2026-06-19 19:52:34.501347+00:00
ba37b5b3-1b8f-4603-a12e-6ef09aef367d,completed,2026-06-19 19:52:34.662272+00:00,2026-06-19 19:52:34.780360+00:00
9ecb3ef5-fba3-4870-a78f-024d22ab450d,completed,2026-06-19 19:52:34.407723+00:00,2026-06-19 19:52:34.521437+00:00
714a2d48-870b-4053-b597-6a7199642690,completed,2026-06-19 19:52:34.449340+00:00,2026-06-19 19:52:34.563710+00:00
132c85ce-8b71-4ce5-b3e4-0c34dd9719d3,completed,2026-06-19 19:52:34.856765+00:00,2026-06-19 19:52:34.986071+00:00
9c05a778-1892-4c24-bd67-292fe0f7c17a,completed,2026-06-19 19:52:34.501322+00:00,2026-06-19 19:52:34.623870+00:00
25f9b42a-8232-4aed-a276-6d1f8df074aa,completed,2026-06-19 19:52:35.056543+00:00,2026-06-19 19:52:35.169588+00:00
4d8f4eb5-9e5d-4bf5-b0f0-a80010b9bec8,completed,2026-06-19 19:52:34.517744+00:00,2026-06-19 19:52:34.638773+00:00
bc3b19f8-77d1-451d-9ab5-ebf0bbd7f94d,completed,2026-06-19 19:52:34.889218+00:00,2026-06-19 19:52:35.008279+00:00
425523e2-1a19-4635-bbf1-2f748121056f,completed,2026-06-19 19:52:34.552586+00:00,2026-06-19 19:52:34.669069+00:00
133bae30-7765-4107-a656-02e2fec3dfe0,completed,2026-06-19 19:52:34.697012+00:00,2026-06-19 19:52:34.819138+00:00
cf9d7739-4806-455b-aea7-6e906c645892,completed,2026-06-19 19:52:35.270536+00:00,2026-06-19 19:52:35.379877+00:00
08e43a00-2c6a-4c50-82e9-4676925ebda0,completed,2026-06-19 19:52:34.733528+00:00,2026-06-19 19:52:34.861529+00:00
f6dba5d0-4dd1-4222-b3bc-abcf0dd75804,completed,2026-06-19 19:52:34.768776+00:00,2026-06-19 19:52:34.876758+00:00
87475099-0a00-4d60-829a-004bd7e8b0dd,completed,2026-06-19 19:52:35.021323+00:00,2026-06-19 19:52:35.129043+00:00
0d633ae1-01d4-41c3-b9d2-64f47b93da0d,completed,2026-06-19 19:52:34.806115+00:00,2026-06-19 19:52:34.928362+00:00
cedfa69a-2be4-4559-a5cd-8f4207842fb3,completed,2026-06-19 19:52:34.948126+00:00,2026-06-19 19:52:35.049878+00:00
c51fd534-1a72-4363-ade3-3d1ba463de2d,completed,2026-06-19 19:52:35.127419+00:00,2026-06-19 19:52:35.244779+00:00
27fcd26b-79b7-4cbe-97c9-ad4fab1d87a6,completed,2026-06-19 19:52:34.912266+00:00,2026-06-19 19:52:35.078729+00:00
7d8463ec-62fb-4b7d-bb64-31d846b75321,completed,2026-06-19 19:52:35.342224+00:00,2026-06-19 19:52:35.454256+00:00
d256bb7c-3e85-4cee-b0d2-9a1ceb7d5436,completed,2026-06-19 19:52:35.378427+00:00,2026-06-19 19:52:35.498430+00:00
125ff705-e90d-4f35-9e5c-15014085c8d2,completed,2026-06-19 19:52:35.091895+00:00,2026-06-19 19:52:35.207252+00:00
3626f8a3-54d8-4a53-a3e4-ee1ac105547e,completed,2026-06-19 19:52:35.163459+00:00,2026-06-19 19:52:35.290404+00:00
1da153d0-3a6b-4447-baeb-e47bf5619979,completed,2026-06-19 19:52:35.201626+00:00,2026-06-19 19:52:35.333842+00:00
f8f860e7-b7b4-4fc8-9e15-3b5c1f025878,completed,2026-06-19 19:52:35.234668+00:00,2026-06-19 19:52:35.347418+00:00
88b3033f-c5da-46c9-b465-56d75cf326a5,completed,2026-06-19 19:52:35.305207+00:00,2026-06-19 19:52:35.413777+00:00
5f86ba26-0175-4d4f-b459-2e0b55d38e1c,completed,2026-06-19 19:52:35.948281+00:00,2026-06-19 19:52:36.066252+00:00
2c4ac713-1003-42f4-8b21-f5fc16ab089b,completed,2026-06-19 19:52:35.733539+00:00,2026-06-19 19:52:35.845947+00:00
ca4410a4-5c9e-4ba4-b713-ee324e68241a,completed,2026-06-19 19:52:35.414045+00:00,2026-06-19 19:52:35.524577+00:00
600d46fe-9440-4755-873d-9257e2f7562a,completed,2026-06-19 19:52:35.449005+00:00,2026-06-19 19:52:35.560492+00:00
4b8d9f70-8a43-4f3d-a39e-17b6e4354eec,completed,2026-06-19 19:52:35.767989+00:00,2026-06-19 19:52:35.883893+00:00
6124bc56-ac7c-4a1d-b8cd-328607fa67f6,completed,2026-06-19 19:52:35.484653+00:00,2026-06-19 19:52:35.609418+00:00
fddc77b1-b0e2-41e5-993a-8669dda097d0,completed,2026-06-19 19:52:35.519940+00:00,2026-06-19 19:52:35.633328+00:00
af888715-29ec-4dfd-ae16-6751fb8dc1ec,completed,2026-06-19 19:52:35.554870+00:00,2026-06-19 19:52:35.659039+00:00
b63ba58d-e32a-4bf0-927c-41b5f56f3bb9,completed,2026-06-19 19:52:35.802917+00:00,2026-06-19 19:52:35.903876+00:00
a6b882d0-8a11-490f-9d71-9bfe0e0fb987,completed,2026-06-19 19:52:35.589958+00:00,2026-06-19 19:52:35.696759+00:00
10631efa-7d95-4b3b-ba19-23cb15d6683d,completed,2026-06-19 19:52:35.627937+00:00,2026-06-19 19:52:35.735526+00:00
e281ead6-2d07-4cbd-9d8e-2d34e708c884,completed,2026-06-19 19:52:36.154801+00:00,2026-06-19 19:52:36.273524+00:00
41afaa80-fc69-442a-a79d-5efbb91e1708,completed,2026-06-19 19:52:35.662762+00:00,2026-06-19 19:52:35.760512+00:00
98a898da-3d7c-4ce6-b349-f96b08d35aae,completed,2026-06-19 19:52:35.979692+00:00,2026-06-19 19:52:36.099425+00:00
a19adf6e-3fce-4162-acf5-d772c9535aef,completed,2026-06-19 19:52:35.697468+00:00,2026-06-19 19:52:35.802881+00:00
67439efe-5910-40cb-b447-df49d833544a,completed,2026-06-19 19:52:36.084057+00:00,2026-06-19 19:52:36.201385+00:00
22e037a8-ecbd-43a0-9544-4efd6911e0b1,completed,2026-06-19 19:52:35.838692+00:00,2026-06-19 19:52:35.960813+00:00
88e00758-f6a8-40eb-9722-9900e1314e9e,completed,2026-06-19 19:52:35.881315+00:00,2026-06-19 19:52:36.001012+00:00
ac1d42cc-c4a9-4bb1-b3bf-7fdf447100c4,completed,2026-06-19 19:52:36.399585+00:00,2026-06-19 19:52:36.514542+00:00
0cdd15d6-5157-40ae-ab3c-be0ed6eee28c,completed,2026-06-19 19:52:35.908204+00:00,2026-06-19 19:52:36.024143+00:00
da2e5168-e4ba-4216-9672-32549b693cb2,completed,2026-06-19 19:52:36.015293+00:00,2026-06-19 19:52:36.131829+00:00
4e0bfc00-dce1-4f5f-8bf1-2f3d1c4a4acf,completed,2026-06-19 19:52:36.225272+00:00,2026-06-19 19:52:36.335662+00:00
4d208eea-d41e-4f55-a202-4c8262599942,completed,2026-06-19 19:52:36.050389+00:00,2026-06-19 19:52:36.180506+00:00
c5fea466-518d-4c89-aa64-05ad6a700506,completed,2026-06-19 19:52:36.119443+00:00,2026-06-19 19:52:36.230587+00:00
c1136e76-fbf6-4015-9260-b5bea5592f92,completed,2026-06-19 19:52:36.294575+00:00,2026-06-19 19:52:36.400483+00:00
d064057f-e989-4452-89cf-58f44de9d978,completed,2026-06-19 19:52:36.436851+00:00,2026-06-19 19:52:36.546977+00:00
3c5d841c-9cc9-480a-8fac-3430d7f6cf91,completed,2026-06-19 19:52:36.191263+00:00,2026-06-19 19:52:36.318248+00:00
8ad63f23-c3b6-43d8-a748-2c488259c3cd,completed,2026-06-19 19:52:36.260532+00:00,2026-06-19 19:52:36.374284+00:00
4a104592-ea60-47a9-b787-313580e83f5b,completed,2026-06-19 19:52:36.469247+00:00,2026-06-19 19:52:36.585776+00:00
32e95d1d-51c8-412e-a090-8ae8c32a619e,completed,2026-06-19 19:52:36.330643+00:00,2026-06-19 19:52:36.444171+00:00
50d094de-95ba-4d53-a054-540cb009b70c,completed,2026-06-19 19:52:36.366086+00:00,2026-06-19 19:52:36.487748+00:00
c9786091-ba54-4742-99be-e3a4643e45a4,completed,2026-06-19 19:52:36.991292+00:00,2026-06-19 19:52:37.107684+00:00
fa707196-cff4-4a36-b836-7d7a46d97105,completed,2026-06-19 19:52:36.818767+00:00,2026-06-19 19:52:36.929165+00:00
6db8bc8b-2d29-419c-a003-6b44b38d4bb2,completed,2026-06-19 19:52:36.504531+00:00,2026-06-19 19:52:36.631348+00:00
28e25393-4bfa-4060-adaf-f6fe8356ca00,completed,2026-06-19 19:52:36.539712+00:00,2026-06-19 19:52:36.668534+00:00
517363ce-80e0-461f-a0c6-add64ca6900f,completed,2026-06-19 19:52:37.026369+00:00,2026-06-19 19:52:37.132244+00:00
27f1b93e-e895-4af3-b448-15908187baa4,completed,2026-06-19 19:52:36.575676+00:00,2026-06-19 19:52:36.683115+00:00
3fbcf85c-3ad8-4122-bcce-3b613f9967d4,completed,2026-06-19 19:52:36.852928+00:00,2026-06-19 19:52:36.961553+00:00
a7279ad7-ca41-4dad-b854-fdcc4b98e6cf,completed,2026-06-19 19:52:36.607991+00:00,2026-06-19 19:52:36.727267+00:00
75a64ed7-0c32-4db3-a640-6216c0c28342,completed,2026-06-19 19:52:36.643710+00:00,2026-06-19 19:52:36.750474+00:00
80505fb9-342b-4eb5-8a27-c6fd09a1926e,completed,2026-06-19 19:52:36.678775+00:00,2026-06-19 19:52:36.780529+00:00
1a4b33de-345b-4e3a-b1b4-848760c79979,completed,2026-06-19 19:52:36.713182+00:00,2026-06-19 19:52:36.819980+00:00
5f6987ae-f0bd-4a4f-abd7-b5da86cf37e8,completed,2026-06-19 19:52:37.061960+00:00,2026-06-19 19:52:37.171513+00:00
3e1adece-b274-4172-b981-26aadeb0dc65,completed,2026-06-19 19:52:36.748904+00:00,2026-06-19 19:52:36.871790+00:00
f928d9c4-e87c-4947-8b97-fec3b9cc4dd0,completed,2026-06-19 19:52:36.789220+00:00,2026-06-19 19:52:36.890202+00:00
adb4be73-1347-45da-b6db-4d11c2f2c3e7,completed,2026-06-19 19:52:37.169582+00:00,2026-06-19 19:52:37.288448+00:00
78fd6c41-419b-40a2-8bec-27ddad5eca16,completed,2026-06-19 19:52:36.888208+00:00,2026-06-19 19:52:37.001233+00:00
9c516b38-b116-4a3d-a086-810e76c259db,completed,2026-06-19 19:52:36.922113+00:00,2026-06-19 19:52:37.037963+00:00
b736d4dd-6f54-45b5-bd37-89e33208e34f,completed,2026-06-19 19:52:36.957420+00:00,2026-06-19 19:52:37.055990+00:00
17600dfe-ef77-4487-8ee5-8cd088dc0280,completed,2026-06-19 19:52:37.488802+00:00,2026-06-19 19:52:37.607895+00:00
3cd7acd4-76bd-4b73-9e25-b9f574418fae,completed,2026-06-19 19:52:37.198533+00:00,2026-06-19 19:52:37.320937+00:00
5b4c3681-8144-4430-8d27-7300db47d389,completed,2026-06-19 19:52:37.234301+00:00,2026-06-19 19:52:37.347086+00:00
1b8921cc-890d-463e-a278-a044841db497,completed,2026-06-19 19:52:37.096027+00:00,2026-06-19 19:52:37.214220+00:00
ebeca3cd-5c86-4567-919f-f43afe837788,completed,2026-06-19 19:52:37.302472+00:00,2026-06-19 19:52:37.413055+00:00
fe576e77-9471-4ce4-9538-16efd70e4f94,completed,2026-06-19 19:52:37.129356+00:00,2026-06-19 19:52:37.247753+00:00
5cd9c6a3-2c90-490e-b33f-755200fc2979,completed,2026-06-19 19:52:37.370102+00:00,2026-06-19 19:52:37.478268+00:00
b5864105-ee23-436a-a718-bb1e918f8fd3,completed,2026-06-19 19:52:37.508098+00:00,2026-06-19 19:52:37.622548+00:00
3a68ec9d-9e38-4750-b4fc-e805ff492639,completed,2026-06-19 19:52:37.266253+00:00,2026-06-19 19:52:37.377777+00:00
b6235964-0de0-4511-afff-413cdfc5a72f,completed,2026-06-19 19:52:37.336889+00:00,2026-06-19 19:52:37.453137+00:00
a919c3ab-47c0-411d-a1a4-a61b7d1f5ca1,completed,2026-06-19 19:52:37.550414+00:00,2026-06-19 19:52:37.664686+00:00
40236bf1-c132-4732-a92b-310bc5e0d1c0,completed,2026-06-19 19:52:37.404798+00:00,2026-06-19 19:52:37.520956+00:00
90251c67-804f-4af2-b747-3738f5da357f,completed,2026-06-19 19:52:37.447262+00:00,2026-06-19 19:52:37.559436+00:00
fc0bc35d-2d67-41b9-8146-96f42939ef1f,completed,2026-06-19 19:52:37.856086+00:00,2026-06-19 19:52:37.967106+00:00
969f6e5b-0304-46aa-bab7-2ce6524c218c,completed,2026-06-19 19:52:37.883233+00:00,2026-06-19 19:52:37.992866+00:00
abf99dc1-065a-4eac-bea2-eadb6484ca8c,completed,2026-06-19 19:52:38.495423+00:00,2026-06-19 19:52:38.605828+00:00
2716da8b-9090-4206-be23-4bf423dd0aac,completed,2026-06-19 19:52:37.576741+00:00,2026-06-19 19:52:37.688124+00:00
6711a0e1-ec29-409a-8f1c-3d2ad0fea8f8,completed,2026-06-19 19:52:38.088214+00:00,2026-06-19 19:52:38.207700+00:00
8f73f095-7726-4776-83fa-098481e508dc,completed,2026-06-19 19:52:37.610226+00:00,2026-06-19 19:52:37.754894+00:00
66827333-a8d0-4bbd-8c48-2ddae71aa48d,completed,2026-06-19 19:52:37.643425+00:00,2026-06-19 19:52:37.764870+00:00
356ee225-88fa-4923-ab0a-f8c67df9f5f5,completed,2026-06-19 19:52:37.917862+00:00,2026-06-19 19:52:38.047080+00:00
777df27b-c540-406b-9d11-fe51c91a0de0,completed,2026-06-19 19:52:37.679993+00:00,2026-06-19 19:52:37.797865+00:00
025649f1-68d8-4667-a8e6-574dcd9b2d12,completed,2026-06-19 19:52:37.712428+00:00,2026-06-19 19:52:37.825317+00:00
a8227d94-36e1-43d8-9f17-fc121eeb2fea,completed,2026-06-19 19:52:38.304563+00:00,2026-06-19 19:52:38.418271+00:00
b420a622-ece1-4891-83a8-bbf6c75f93e4,completed,2026-06-19 19:52:37.747811+00:00,2026-06-19 19:52:37.895547+00:00
cbcc7d27-6d83-4872-92cf-d770b121efa5,completed,2026-06-19 19:52:38.124994+00:00,2026-06-19 19:52:38.236489+00:00
d2e72276-3c4a-43a4-885d-3638b341d152,completed,2026-06-19 19:52:37.782044+00:00,2026-06-19 19:52:37.926567+00:00
615c2331-3781-498e-9385-1aac62d71646,completed,2026-06-19 19:52:37.815505+00:00,2026-06-19 19:52:37.933227+00:00
846d1b33-6ccc-4eb0-961c-8ea420fe9785,completed,2026-06-19 19:52:37.954290+00:00,2026-06-19 19:52:38.067831+00:00
6ce9edd7-580a-44f3-a4bf-6d69073bada4,completed,2026-06-19 19:52:38.223275+00:00,2026-06-19 19:52:38.350568+00:00
9240aa60-8d3c-4e9e-aaa6-e0924948ea06,completed,2026-06-19 19:52:37.995708+00:00,2026-06-19 19:52:38.105770+00:00
2b3a789c-94ed-4888-9b4a-6f1ab59e69bc,completed,2026-06-19 19:52:38.022519+00:00,2026-06-19 19:52:38.142853+00:00
44737d22-019d-4c44-a389-889ddc3efd46,completed,2026-06-19 19:52:38.528741+00:00,2026-06-19 19:52:38.646665+00:00
092fe834-ba51-44f0-9f8b-f26d2ed0b62f,completed,2026-06-19 19:52:38.054614+00:00,2026-06-19 19:52:38.176028+00:00
6653b5f6-29be-4212-a3b3-dcb139dc44a8,completed,2026-06-19 19:52:38.364998+00:00,2026-06-19 19:52:38.481257+00:00
849a2e84-dafe-4484-9596-159281fa70b9,completed,2026-06-19 19:52:38.157220+00:00,2026-06-19 19:52:38.324215+00:00
0a176c5f-4ad0-4387-92b0-875c3049046b,completed,2026-06-19 19:52:38.190661+00:00,2026-06-19 19:52:38.324916+00:00
a6b01a22-c8f1-4879-aa13-b7817099aa65,completed,2026-06-19 19:52:38.258611+00:00,2026-06-19 19:52:38.374467+00:00
3ac06bbb-d5f4-4126-94dd-d473a8b51b4e,completed,2026-06-19 19:52:38.566669+00:00,2026-06-19 19:52:38.673891+00:00
9cba2607-4a9e-4ece-adca-aca9a5cff6a9,completed,2026-06-19 19:53:01.715649+00:00,2026-06-19 19:53:01.826014+00:00
082e2820-de61-435b-aefa-f920236f5590,completed,2026-06-19 19:52:38.325279+00:00,2026-06-19 19:52:38.433182+00:00
6de7d6b8-0f0c-49e9-b6b5-e1508cec6b12,completed,2026-06-19 19:52:38.392682+00:00,2026-06-19 19:52:38.514508+00:00
a3af9974-9f5c-4ad9-91d5-29d8f205b58c,completed,2026-06-19 19:52:38.426122+00:00,2026-06-19 19:52:38.542490+00:00
dc01667f-cb00-4a78-96ca-9a964ac5afc2,completed,2026-06-19 19:52:38.458666+00:00,2026-06-19 19:52:38.572011+00:00
4d7c1d80-67fa-415d-b8ab-62bd3256eef7,completed,2026-06-19 19:52:38.861777+00:00,2026-06-19 19:52:38.976354+00:00
2856dea7-3d14-4fde-8eb9-2292a30c3a21,completed,2026-06-19 19:52:38.896272+00:00,2026-06-19 19:52:39.021160+00:00
cbc1972f-1497-4217-84f7-9542ff0a6ce8,completed,2026-06-19 19:52:38.593899+00:00,2026-06-19 19:52:38.707277+00:00
7e75da95-c1ff-45ea-be4e-9a7fd4c89ab8,completed,2026-06-19 19:52:38.635406+00:00,2026-06-19 19:52:38.760860+00:00
fe532a06-d1af-4abe-9724-26868cde370e,completed,2026-06-19 19:52:38.929869+00:00,2026-06-19 19:52:39.033995+00:00
3afb49a2-e42b-484c-84fa-183c1f1ffeea,completed,2026-06-19 19:52:38.661668+00:00,2026-06-19 19:52:38.779723+00:00
5381c2a7-e1f0-42ed-8094-bfc79ef2d1a1,completed,2026-06-19 19:52:39.097670+00:00,2026-06-19 19:52:39.207928+00:00
9e9ba054-58b7-4257-b461-a79c6bb0e653,completed,2026-06-19 19:52:38.699332+00:00,2026-06-19 19:52:38.843046+00:00
92322b90-1c80-4388-9b41-9b8b9d0b396f,completed,2026-06-19 19:52:38.730978+00:00,2026-06-19 19:52:38.859107+00:00
485fe793-eee0-4a02-a2c3-fee7cfc6569b,completed,2026-06-19 19:52:38.762106+00:00,2026-06-19 19:52:38.878822+00:00
d0cb1008-27fd-441a-948f-090901d40cd6,completed,2026-06-19 19:52:39.296070+00:00,2026-06-19 19:52:39.416019+00:00
819dbb69-3fb7-47b2-b33f-201588335e28,completed,2026-06-19 19:52:38.795854+00:00,2026-06-19 19:52:38.923335+00:00
60419d8b-0329-4d31-8271-da9d06f79aa7,completed,2026-06-19 19:52:39.129156+00:00,2026-06-19 19:52:39.263311+00:00
69d2ad61-d6c9-4695-b856-fbbe2c58a33f,completed,2026-06-19 19:52:38.830489+00:00,2026-06-19 19:52:38.958150+00:00
3bc65051-2c1c-44be-945a-4cd1c7d58c43,completed,2026-06-19 19:52:38.963783+00:00,2026-06-19 19:52:39.081182+00:00
c013ddf2-fb22-41f4-9717-78a83d90a0d6,completed,2026-06-19 19:52:39.231012+00:00,2026-06-19 19:52:39.346185+00:00
b2f486a3-a3e9-4d3f-be55-c360dc392a8b,completed,2026-06-19 19:52:38.997956+00:00,2026-06-19 19:52:39.122687+00:00
fa7d581e-a260-4025-9f71-2c58ad790e54,completed,2026-06-19 19:52:39.031441+00:00,2026-06-19 19:52:39.140674+00:00
f58ef47b-3dcc-434a-84c6-04a729619f6b,completed,2026-06-19 19:52:39.535842+00:00,2026-06-19 19:52:39.641187+00:00
29942d3b-5f6f-4019-8cad-ca25f6ae3bee,completed,2026-06-19 19:52:39.064501+00:00,2026-06-19 19:52:39.175515+00:00
6b508a20-a05e-46db-b895-207fe5a4392a,completed,2026-06-19 19:52:39.164598+00:00,2026-06-19 19:52:39.283224+00:00
643cebe3-39b9-48f9-91c0-397cc79e69f5,completed,2026-06-19 19:52:39.364766+00:00,2026-06-19 19:52:39.480637+00:00
84768e6e-16b1-4b71-9610-62a20eb8e355,completed,2026-06-19 19:52:39.198638+00:00,2026-06-19 19:52:39.312723+00:00
7df5d57d-6c76-4361-8838-c5affaa8832c,completed,2026-06-19 19:52:39.266703+00:00,2026-06-19 19:52:39.368769+00:00
0ef93349-e3e1-4140-8527-f849bce1ade6,completed,2026-06-19 19:52:39.564207+00:00,2026-06-19 19:52:39.667309+00:00
aa54db32-4a7e-4dcb-a605-73a46f327534,completed,2026-06-19 19:52:39.594557+00:00,2026-06-19 19:52:39.707631+00:00
ea1d8e79-c7e3-4f5a-8c74-76fa3091b1f9,completed,2026-06-19 19:52:39.330533+00:00,2026-06-19 19:52:39.437386+00:00
cee369b7-b693-4c71-a0d0-bf1e400cdf10,completed,2026-06-19 19:52:39.396608+00:00,2026-06-19 19:52:39.508740+00:00
70122c09-3ecf-45d9-9333-48bb2ec86214,completed,2026-06-19 19:52:39.429707+00:00,2026-06-19 19:52:39.551219+00:00
58653f90-47cf-448e-9504-c814e22d6a8b,completed,2026-06-19 19:52:39.463466+00:00,2026-06-19 19:52:39.578238+00:00
2b8b141c-a5d3-4d57-a579-a6f1360c22af,completed,2026-06-19 19:52:39.496711+00:00,2026-06-19 19:52:39.605837+00:00
1881b0bc-3acf-4c1d-9e69-894777299b66,completed,2026-06-19 19:52:39.909341+00:00,2026-06-19 19:52:40.019273+00:00
69a7781f-2ee1-4955-861e-6f817415f5b4,completed,2026-06-19 19:52:39.926346+00:00,2026-06-19 19:52:40.034771+00:00
79184a93-3f11-4880-9c9a-4a8ace1d75ef,completed,2026-06-19 19:52:39.628657+00:00,2026-06-19 19:52:39.742892+00:00
ecf784e0-82d6-4060-964b-c832d468dcf5,completed,2026-06-19 19:52:39.661739+00:00,2026-06-19 19:52:39.772621+00:00
427e813c-14d8-4b98-8ee3-b36f1885ce06,completed,2026-06-19 19:52:39.694973+00:00,2026-06-19 19:52:39.800149+00:00
b5c98e10-6c1b-4f1d-b490-09775dfd22b4,completed,2026-06-19 19:52:40.123496+00:00,2026-06-19 19:52:40.243955+00:00
35108d44-2b0c-48e1-a8e0-386f1047af40,completed,2026-06-19 19:52:39.958390+00:00,2026-06-19 19:52:40.066771+00:00
0b517e48-2550-4323-a3de-a16f866d428c,completed,2026-06-19 19:52:39.727842+00:00,2026-06-19 19:52:39.840287+00:00
7394b7d7-d0b7-4ef6-b60d-af5040299166,completed,2026-06-19 19:52:39.762253+00:00,2026-06-19 19:52:39.868736+00:00
79a2d21d-66d7-4b63-8c90-0df771ad1bae,completed,2026-06-19 19:52:39.801426+00:00,2026-06-19 19:52:39.909342+00:00
01e0cd86-42f2-477c-8bf8-8768c187a002,completed,2026-06-19 19:52:40.319821+00:00,2026-06-19 19:52:40.453525+00:00
1f79ffc4-98b7-433e-aa7b-4570c6fd1b79,completed,2026-06-19 19:52:39.826909+00:00,2026-06-19 19:52:39.933824+00:00
e4dd5b0a-f3a9-45b6-b19d-91b5049b2130,completed,2026-06-19 19:52:40.154532+00:00,2026-06-19 19:52:40.265409+00:00
8edbeddc-0405-4e2e-a673-70a697a1cd46,completed,2026-06-19 19:52:39.860308+00:00,2026-06-19 19:52:39.961670+00:00
193cf9c9-cc2c-4201-b651-94d0456a483f,completed,2026-06-19 19:52:40.613092+00:00,2026-06-19 19:52:40.768702+00:00
a2257946-13b3-4cec-85cc-83409b46f6d0,completed,2026-06-19 19:52:39.991545+00:00,2026-06-19 19:52:40.096814+00:00
5e5f35f7-f0a3-46d2-8122-a6058c9945d4,completed,2026-06-19 19:52:40.253673+00:00,2026-06-19 19:52:40.371605+00:00
672d0968-f858-46c8-9b20-09bdf635f7c6,completed,2026-06-19 19:52:40.024053+00:00,2026-06-19 19:52:40.142378+00:00
b834ac79-17c7-4903-aab9-633443fd6cb8,completed,2026-06-19 19:52:40.056679+00:00,2026-06-19 19:52:40.183734+00:00
405427cf-d19f-479e-95df-8a1853239279,completed,2026-06-19 19:52:40.549361+00:00,2026-06-19 19:52:40.681264+00:00
3d71d484-8f63-47f5-a6df-d642f6173df5,completed,2026-06-19 19:52:40.090308+00:00,2026-06-19 19:52:40.196584+00:00
365c5c35-3340-4e4f-bf5f-de677e7d8143,completed,2026-06-19 19:52:40.187845+00:00,2026-06-19 19:52:40.293575+00:00
59cc4c0a-4c57-4121-a876-8782bc64f477,completed,2026-06-19 19:52:40.387803+00:00,2026-06-19 19:52:40.500112+00:00
7caabbe1-59cc-4ba8-83ca-ad56646d2acc,completed,2026-06-19 19:52:40.221220+00:00,2026-06-19 19:52:40.327725+00:00
c49af805-c22f-4bc3-a23b-001d56f8e1c5,completed,2026-06-19 19:52:40.288342+00:00,2026-06-19 19:52:40.396654+00:00
8923a0dc-15da-4bea-b2bd-540e9ba8e0c9,completed,2026-06-19 19:52:40.582666+00:00,2026-06-19 19:52:40.706846+00:00
e8b4fbd3-56c5-489e-ae71-f4710dcff9bd,completed,2026-06-19 19:52:40.355554+00:00,2026-06-19 19:52:40.460599+00:00
27fdfcff-1316-4d88-ad31-ea2aa5546191,completed,2026-06-19 19:52:40.419573+00:00,2026-06-19 19:52:40.525585+00:00
4f0a5339-6988-445b-8749-3c43b0583594,completed,2026-06-19 19:52:40.451672+00:00,2026-06-19 19:52:40.553179+00:00
06fc7c53-1c4a-474f-8815-8c4e6c155afe,completed,2026-06-19 19:52:40.483927+00:00,2026-06-19 19:52:40.599492+00:00
7a841a53-45da-4c77-8c39-7e642ff06011,completed,2026-06-19 19:52:40.514910+00:00,2026-06-19 19:52:40.633736+00:00
44bc6297-2502-40ad-a937-60d1af69e585,completed,2026-06-19 19:52:40.906369+00:00,2026-06-19 19:52:41.032050+00:00
3126ce48-6ec9-4413-bb41-7d3b3c206cbc,completed,2026-06-19 19:53:01.740163+00:00,2026-06-19 19:53:01.865442+00:00
94e6f382-876b-4082-bf69-9bbf3984b6e0,completed,2026-06-19 19:52:40.937804+00:00,2026-06-19 19:52:41.051999+00:00
49ca7f53-37a9-47c6-a7b4-4dafbc9d7cda,completed,2026-06-19 19:52:40.646258+00:00,2026-06-19 19:52:40.760027+00:00
0df08a35-9c01-4f04-a1c6-6f8304ff3bbb,completed,2026-06-19 19:52:40.677463+00:00,2026-06-19 19:52:40.796451+00:00
e31498e6-3693-403a-a1a8-7c634b1de706,completed,2026-06-19 19:52:40.969305+00:00,2026-06-19 19:52:41.088628+00:00
a758ea8e-aaf5-4447-8c67-b173721b251d,completed,2026-06-19 19:52:40.744488+00:00,2026-06-19 19:52:40.866003+00:00
374e4f45-36e5-47a4-b900-3528d033626c,completed,2026-06-19 19:52:40.709968+00:00,2026-06-19 19:52:40.866270+00:00
299b9bf7-b843-4c4c-996e-e31f88f060a6,completed,2026-06-19 19:52:40.775306+00:00,2026-06-19 19:52:40.877223+00:00
8d156726-8c16-4164-9393-becd234a6de4,completed,2026-06-19 19:52:41.325122+00:00,2026-06-19 19:52:41.435845+00:00
2573eb1e-0e56-4954-8d35-19fda60edc7b,completed,2026-06-19 19:52:40.808617+00:00,2026-06-19 19:52:40.936939+00:00
8c82f4a8-b2cc-4eb1-bff8-fb892d98c6e3,completed,2026-06-19 19:52:41.131674+00:00,2026-06-19 19:52:41.267292+00:00
ec658eca-9413-4672-9669-1a7548296a84,completed,2026-06-19 19:52:40.842363+00:00,2026-06-19 19:52:40.948913+00:00
c82498d3-2a49-4d06-894e-b8df913c8eff,completed,2026-06-19 19:52:41.163600+00:00,2026-06-19 19:52:41.276663+00:00
4f55926c-ecaa-43c3-b120-06904c8533ca,completed,2026-06-19 19:52:40.873322+00:00,2026-06-19 19:52:41.004274+00:00
60d0fe9b-2f49-480e-9b4d-b73cd2ef6c33,completed,2026-06-19 19:52:41.002745+00:00,2026-06-19 19:52:41.107662+00:00
bef1dfcb-2b4e-4bc1-a4b5-07b14341aa58,completed,2026-06-19 19:52:41.260434+00:00,2026-06-19 19:52:41.382096+00:00
2f57f6ee-7460-4d1f-bd3c-b75f95137ecd,completed,2026-06-19 19:52:41.034353+00:00,2026-06-19 19:52:41.148128+00:00
53c68ced-877a-47ff-953c-5614b9b6c5a0,completed,2026-06-19 19:52:41.067819+00:00,2026-06-19 19:52:41.174329+00:00
c8732eed-ac81-46ee-b81e-04ac06bec2d9,completed,2026-06-19 19:52:41.099654+00:00,2026-06-19 19:52:41.220748+00:00
94fe16b0-7eb1-43eb-92ad-938c8b53db48,completed,2026-06-19 19:52:41.195525+00:00,2026-06-19 19:52:41.316969+00:00
30f646be-2461-44a7-b894-a065c333bbd0,completed,2026-06-19 19:52:41.389961+00:00,2026-06-19 19:52:41.504165+00:00
bbf5e1db-b200-4165-b1fa-7d22675daea9,completed,2026-06-19 19:52:41.227718+00:00,2026-06-19 19:52:41.338484+00:00
c95e17a5-e2b8-4c15-b118-7eae05af6370,completed,2026-06-19 19:52:41.292078+00:00,2026-06-19 19:52:41.420891+00:00
8a4a75a4-56d6-4f52-b053-4e265b63edbd,completed,2026-06-19 19:52:41.455031+00:00,2026-06-19 19:52:41.567362+00:00
629d4a40-661f-41bf-bdf5-d2b0e9b1bc66,completed,2026-06-19 19:52:41.521509+00:00,2026-06-19 19:52:41.632363+00:00
7d43beb8-e957-4cec-be54-9c7058f8d7c2,completed,2026-06-19 19:52:41.358527+00:00,2026-06-19 19:52:41.504582+00:00
a81e24f6-01e1-4c60-be8f-8023bc443032,completed,2026-06-19 19:52:41.583686+00:00,2026-06-19 19:52:41.692869+00:00
2f21fe2e-acd0-46bf-bcc0-514eb15dc63f,completed,2026-06-19 19:52:41.421619+00:00,2026-06-19 19:52:41.554531+00:00
a30609a8-475a-486a-960d-5e730ffce0c2,completed,2026-06-19 19:52:41.485758+00:00,2026-06-19 19:52:41.617483+00:00
b7e657ac-6347-4589-807b-df88026a4370,completed,2026-06-19 19:52:41.548480+00:00,2026-06-19 19:52:41.667356+00:00
2eb90599-6fe9-4326-bdb5-643cd836e4e2,completed,2026-06-19 19:52:41.614495+00:00,2026-06-19 19:52:41.734197+00:00
cebf6143-e01e-47a3-93bb-f28c43670b5f,completed,2026-06-19 19:53:02.041676+00:00,2026-06-19 19:53:02.155251+00:00
ca73ed23-c8db-43dc-881e-aa56ea711842,completed,2026-06-19 19:53:02.197032+00:00,2026-06-19 19:53:02.305227+00:00
07447493-bd8a-48e0-9a33-6d1024e5ce21,completed,2026-06-19 19:53:02.067756+00:00,2026-06-19 19:53:02.187411+00:00
146ac1f3-41e6-474d-b5e0-ad760c60bbd9,completed,2026-06-19 19:53:01.865500+00:00,2026-06-19 19:53:01.986925+00:00
574189f0-6d1e-4043-8770-f3393b618666,completed,2026-06-19 19:54:01.679473+00:00,2026-06-19 19:54:01.800711+00:00
62d7376c-5148-41ef-a990-cc45ee24c4f1,completed,2026-06-19 19:53:01.890980+00:00,2026-06-19 19:53:02.000693+00:00
810788dd-2c8e-4be0-adb0-11a972ce6f0e,completed,2026-06-19 19:53:02.090406+00:00,2026-06-19 19:53:02.207294+00:00
cc31586c-7c30-463c-b2bd-4ee9f55a49e4,completed,2026-06-19 19:53:01.915508+00:00,2026-06-19 19:53:02.034966+00:00
9411e571-f08d-49a6-a8b8-d631d9484cf1,completed,2026-06-19 19:53:01.940386+00:00,2026-06-19 19:53:02.064395+00:00
6ec7d80a-b6b0-4b1f-9ad7-4136b3b1ca40,completed,2026-06-19 19:53:02.340576+00:00,2026-06-19 19:53:02.460598+00:00
08529565-51c1-4fd4-848c-b355ccee7d91,completed,2026-06-19 19:53:01.965847+00:00,2026-06-19 19:53:02.074610+00:00
ba217c0c-d38c-4660-9c34-26a9c0c49eb2,completed,2026-06-19 19:53:02.220457+00:00,2026-06-19 19:53:02.336918+00:00
ee6dfbf5-5a89-417e-b5ff-a2475ca8aa27,completed,2026-06-19 19:53:01.992314+00:00,2026-06-19 19:53:02.112527+00:00
c03c55f0-b6af-492d-b400-f8c14e0ebe35,completed,2026-06-19 19:53:02.017672+00:00,2026-06-19 19:53:02.134300+00:00
31cb7cd0-9595-4bb3-aa5a-f4baf5851cac,completed,2026-06-19 19:53:02.392909+00:00,2026-06-19 19:53:02.508196+00:00
723e3c77-5cf9-4b13-9ebb-032b7d1bafc6,completed,2026-06-19 19:53:02.265422+00:00,2026-06-19 19:53:02.421810+00:00
7d7f1094-b70c-4012-a022-51c17eb5bc7f,completed,2026-06-19 19:53:02.115693+00:00,2026-06-19 19:53:02.225169+00:00
82a8bfa8-a55a-411c-a4bb-0fe57219fb69,completed,2026-06-19 19:53:02.293466+00:00,2026-06-19 19:53:02.427761+00:00
a1b0e176-1f95-423a-a1ae-531d9774499c,completed,2026-06-19 19:53:02.141523+00:00,2026-06-19 19:53:02.251630+00:00
36a1f49f-9123-4d71-a130-cd38953c6cae,completed,2026-06-19 19:53:02.166420+00:00,2026-06-19 19:53:02.296620+00:00
0c0e6a45-861c-450d-a269-dad4fddfb5cc,completed,2026-06-19 19:53:02.491447+00:00,2026-06-19 19:53:02.623678+00:00
d0f06610-c803-47b1-afbf-ca7594fed5ea,completed,2026-06-19 19:53:02.243670+00:00,2026-06-19 19:53:02.361767+00:00
7b319c2e-1e04-4f6a-ba18-415bf330d8b7,completed,2026-06-19 19:53:02.571129+00:00,2026-06-19 19:53:02.692843+00:00
3adf8994-7dd7-4307-862c-97f0bb99161e,completed,2026-06-19 19:53:02.415647+00:00,2026-06-19 19:53:02.536954+00:00
4c242286-4bce-4f52-bafb-66e513997fde,completed,2026-06-19 19:53:02.314660+00:00,2026-06-19 19:53:02.431147+00:00
cfbc7a13-e6af-4116-bfe4-df4396da1f85,completed,2026-06-19 19:53:02.465827+00:00,2026-06-19 19:53:02.602088+00:00
79d0ee16-15ec-4380-b386-06b281bc0231,completed,2026-06-19 19:53:02.516126+00:00,2026-06-19 19:53:02.636682+00:00
329271fb-bf08-456c-81ef-b11d062b3ba9,completed,2026-06-19 19:53:02.366130+00:00,2026-06-19 19:53:02.510671+00:00
c6ac4d7f-3daf-4186-83dc-b62abd448980,completed,2026-06-19 19:53:02.441605+00:00,2026-06-19 19:53:02.573679+00:00
dc825ae1-12c9-472f-8fb2-f6a80081e4ff,completed,2026-06-19 19:53:02.541825+00:00,2026-06-19 19:53:02.710649+00:00
980d28e5-19ef-4dcb-80bd-39668c663d5b,completed,2026-06-19 19:52:41.934244+00:00,2026-06-19 19:52:42.051842+00:00
ae17108b-81a5-4733-9809-e2d32e253af5,completed,2026-06-19 19:52:41.645318+00:00,2026-06-19 19:52:41.764853+00:00
44f1957d-f1c3-4859-8707-9ee91bc6462e,completed,2026-06-19 19:52:42.123994+00:00,2026-06-19 19:52:42.248382+00:00
2eb5c203-a3b1-4ba7-bf5e-8795ee5ae9b9,completed,2026-06-19 19:52:41.678787+00:00,2026-06-19 19:52:41.786263+00:00
c8880729-1f39-49c7-8fff-1e81b45e57cd,completed,2026-06-19 19:52:41.965715+00:00,2026-06-19 19:52:42.081316+00:00
727fdb6f-6be9-451f-be6f-0fcad3e20e3e,completed,2026-06-19 19:52:41.709178+00:00,2026-06-19 19:52:41.830384+00:00
28362893-df61-4ab2-a45c-1f6f83750fed,completed,2026-06-19 19:52:41.744125+00:00,2026-06-19 19:52:41.864018+00:00
9595d1a5-b8ed-4294-80bd-fbc22ebc6989,completed,2026-06-19 19:52:41.775066+00:00,2026-06-19 19:52:41.894160+00:00
aa0995f1-819d-4a4e-8626-9c220a1cd0a4,completed,2026-06-19 19:52:41.997504+00:00,2026-06-19 19:52:42.108421+00:00
c1cffde7-e299-42e8-ab31-dde6bf6c5c90,completed,2026-06-19 19:52:41.809452+00:00,2026-06-19 19:52:41.924795+00:00
1720a3ef-ea5d-4cda-851c-861c249c0c2b,completed,2026-06-19 19:52:42.314263+00:00,2026-06-19 19:52:42.431597+00:00
c9c0784d-763e-4d7e-9c95-c3c2d503fa59,completed,2026-06-19 19:52:41.839293+00:00,2026-06-19 19:52:41.948988+00:00
0a224d81-be23-433c-9084-b64dadc41e5e,completed,2026-06-19 19:52:42.155424+00:00,2026-06-19 19:52:42.271064+00:00
2f6309dc-c5d0-4605-af16-16c8a5692ed9,completed,2026-06-19 19:52:41.870465+00:00,2026-06-19 19:52:41.983502+00:00
d49d5024-aaee-4dd4-a37d-ec2b238b1a4a,completed,2026-06-19 19:52:41.902819+00:00,2026-06-19 19:52:42.024304+00:00
007fef26-d2f6-443b-9266-567da12cf7da,completed,2026-06-19 19:52:42.253019+00:00,2026-06-19 19:52:42.376430+00:00
e6b869df-6666-4198-9fa7-86b198b68f91,completed,2026-06-19 19:52:42.028538+00:00,2026-06-19 19:52:42.141252+00:00
380e6bda-f6b0-471d-b86e-8521724e51cc,completed,2026-06-19 19:52:42.060782+00:00,2026-06-19 19:52:42.165003+00:00
2d2d3d30-a40b-4aff-a59d-83af34993558,completed,2026-06-19 19:52:42.536217+00:00,2026-06-19 19:52:42.668419+00:00
d6f1730f-a2aa-4c8a-893e-5fe84c09d34b,completed,2026-06-19 19:52:42.092465+00:00,2026-06-19 19:52:42.203434+00:00
bbd5cb12-4e6d-41f9-b1fb-9ddfbae7015c,completed,2026-06-19 19:52:42.188357+00:00,2026-06-19 19:52:42.304075+00:00
b9771a59-a84f-4f3d-8559-09951196f287,completed,2026-06-19 19:52:42.377851+00:00,2026-06-19 19:52:42.500197+00:00
ef791336-63df-48b8-9415-29d50b104874,completed,2026-06-19 19:52:42.220342+00:00,2026-06-19 19:52:42.338012+00:00
8dd0b580-3897-48a5-8af6-d5c9ce866164,completed,2026-06-19 19:52:42.283460+00:00,2026-06-19 19:52:42.396910+00:00
39cce1ce-c09d-4013-8543-423a06da69fa,completed,2026-06-19 19:52:42.566812+00:00,2026-06-19 19:52:42.707438+00:00
7e62daf4-73d7-4199-b2c0-6f40953a8dea,completed,2026-06-19 19:52:42.598746+00:00,2026-06-19 19:52:42.716766+00:00
40ab3e6c-2742-483a-89ac-f643526dd93b,completed,2026-06-19 19:52:42.346291+00:00,2026-06-19 19:52:42.453191+00:00
d1ad6530-9baf-4379-b767-e6c8b96695e0,completed,2026-06-19 19:52:42.411139+00:00,2026-06-19 19:52:42.527165+00:00
3a6c1300-f08f-4c2b-880a-7fd0f91e3b20,completed,2026-06-19 19:52:42.442006+00:00,2026-06-19 19:52:42.560371+00:00
8ef5f014-6d39-428c-9620-0851f1292546,completed,2026-06-19 19:52:42.472605+00:00,2026-06-19 19:52:42.591754+00:00
ad5c8b92-a31d-41d3-b7c9-9b0e0c877f81,completed,2026-06-19 19:52:42.503487+00:00,2026-06-19 19:52:42.617637+00:00
36a6aef6-7779-4897-b11d-16e08e1b33bd,completed,2026-06-19 19:52:42.882821+00:00,2026-06-19 19:52:43.005514+00:00
204644b3-c066-446e-bbcd-c913a0c6171f,completed,2026-06-19 19:52:43.289223+00:00,2026-06-19 19:52:43.409306+00:00
2a34ae5c-ecac-4a7e-a9a1-4336b1b76d99,completed,2026-06-19 19:52:42.629702+00:00,2026-06-19 19:52:42.753362+00:00
c3154578-ec01-40ac-a31b-54d93119a20f,completed,2026-06-19 19:52:43.103041+00:00,2026-06-19 19:52:43.209890+00:00
50d8a516-eab4-43a6-b14f-772e71b78ec8,completed,2026-06-19 19:52:42.663325+00:00,2026-06-19 19:52:42.774951+00:00
67de3824-4f1b-4020-9175-1bbb73e0aaba,completed,2026-06-19 19:52:42.914552+00:00,2026-06-19 19:52:43.056079+00:00
391ebe42-6e80-429e-bccd-79f1d9e5d7f4,completed,2026-06-19 19:52:42.694392+00:00,2026-06-19 19:52:42.813804+00:00
c10e0174-affb-4b3d-ab31-44b6cda9ab63,completed,2026-06-19 19:52:42.944962+00:00,2026-06-19 19:52:43.058480+00:00
ab552290-4ae2-4fc6-a6d5-eb2a70e9fb4c,completed,2026-06-19 19:52:42.724882+00:00,2026-06-19 19:52:42.834465+00:00
8c1a5e14-7443-4850-a6a3-b28db226746d,completed,2026-06-19 19:52:42.756351+00:00,2026-06-19 19:52:42.879639+00:00
cd042c23-7fb2-4d65-a355-72500008b8dd,completed,2026-06-19 19:52:42.789909+00:00,2026-06-19 19:52:42.905748+00:00
437d2590-d0c0-4edf-86d3-e93af27bce6d,completed,2026-06-19 19:52:42.819729+00:00,2026-06-19 19:52:42.934483+00:00
a88d0630-200e-43e2-a43d-1ca663a105d3,completed,2026-06-19 19:52:43.134126+00:00,2026-06-19 19:52:43.240570+00:00
fb01363c-e68e-434a-8140-b48cc026d028,completed,2026-06-19 19:52:42.850874+00:00,2026-06-19 19:52:42.972131+00:00
3b7566eb-cd51-4e88-9329-fe5f6f5393f4,completed,2026-06-19 19:52:43.572351+00:00,2026-06-19 19:52:43.695263+00:00
970f4aa9-027e-4eba-8e7e-bb1bcc21afcc,completed,2026-06-19 19:52:42.976692+00:00,2026-06-19 19:52:43.085147+00:00
29da21c2-794c-4867-a0c6-76679f7f3ca7,completed,2026-06-19 19:52:43.197331+00:00,2026-06-19 19:52:43.348767+00:00
0d50d9e8-9594-4854-906d-be8256f1e136,completed,2026-06-19 19:52:43.007219+00:00,2026-06-19 19:52:43.111526+00:00
1f6f1bfb-67c3-4430-b7dd-0ec2da67b256,completed,2026-06-19 19:52:43.039756+00:00,2026-06-19 19:52:43.163983+00:00
c1018038-c225-44a9-bf7e-cf246a9ee8ae,completed,2026-06-19 19:52:43.537956+00:00,2026-06-19 19:52:43.642014+00:00
ca1113f6-1ded-4a02-986c-1ac0d56040b8,completed,2026-06-19 19:52:43.070815+00:00,2026-06-19 19:52:43.182570+00:00
02bfa3d9-18c0-49ec-bc09-514272ead098,completed,2026-06-19 19:52:43.164745+00:00,2026-06-19 19:52:43.269326+00:00
3b9859b4-0e34-4dcd-9cd8-a51e540d75f7,completed,2026-06-19 19:52:43.226051+00:00,2026-06-19 19:52:43.366589+00:00
94959bf0-26fd-4068-8fa8-770fb17fa988,completed,2026-06-19 19:52:43.257390+00:00,2026-06-19 19:52:43.368690+00:00
dd33988d-f76b-47c6-a6d3-55ebad6d8c32,completed,2026-06-19 19:52:43.413621+00:00,2026-06-19 19:52:43.525572+00:00
764c8a9e-0a87-4dc3-afeb-7c7b8cc377eb,completed,2026-06-19 19:52:43.320121+00:00,2026-06-19 19:52:43.435180+00:00
9feee780-fee3-4c28-a98b-9934afaa9f72,completed,2026-06-19 19:52:43.506826+00:00,2026-06-19 19:52:43.617560+00:00
f94d75a7-25e3-498e-8d4b-cad397696819,completed,2026-06-19 19:52:43.350881+00:00,2026-06-19 19:52:43.481398+00:00
f346fcc6-3e13-43e3-9058-35242fd07085,completed,2026-06-19 19:52:43.381300+00:00,2026-06-19 19:52:43.499929+00:00
3b07237a-8821-419d-9b23-e4ac2d904863,completed,2026-06-19 19:52:43.444061+00:00,2026-06-19 19:52:43.554021+00:00
144ea620-2ece-4626-ae50-f2a62683fea4,completed,2026-06-19 19:52:43.476640+00:00,2026-06-19 19:52:43.596981+00:00
f276a7ff-3a96-43cc-82a5-5c4abf183615,completed,2026-06-19 19:52:43.817892+00:00,2026-06-19 19:52:43.970252+00:00
d6bbe363-f908-4c02-b134-f051cbd8369b,completed,2026-06-19 19:52:43.599843+00:00,2026-06-19 19:52:43.720006+00:00
076c9077-998a-4e05-a594-9e80fa50a499,completed,2026-06-19 19:52:44.070153+00:00,2026-06-19 19:52:44.184861+00:00
8865254d-a4d4-4977-88c4-dabcf8374663,completed,2026-06-19 19:52:43.631923+00:00,2026-06-19 19:52:43.735632+00:00
03c21a0e-4898-4ed4-bb3e-bbf85a3379b1,completed,2026-06-19 19:52:43.879617+00:00,2026-06-19 19:52:44.006940+00:00
d9880c31-ac1e-4136-99f7-e148866237a8,completed,2026-06-19 19:52:43.664268+00:00,2026-06-19 19:52:43.775035+00:00
2d96724d-25bc-448e-b393-42faccdfdc09,completed,2026-06-19 19:52:43.705951+00:00,2026-06-19 19:52:43.816626+00:00
2d1ac852-26a9-4566-a38e-5557b4eff744,completed,2026-06-19 19:52:43.725812+00:00,2026-06-19 19:52:43.841835+00:00
fa91fe6d-631f-41f4-98f4-6b3a6cdffc5c,completed,2026-06-19 19:52:44.248378+00:00,2026-06-19 19:52:44.348543+00:00
689fb64d-ae43-4673-bddf-ce37286b5d0e,completed,2026-06-19 19:52:43.754979+00:00,2026-06-19 19:52:43.859787+00:00
cdca08a5-e283-4781-a8de-20e144d2d46f,completed,2026-06-19 19:52:44.096396+00:00,2026-06-19 19:52:44.212474+00:00
b1cb10eb-1322-4da5-9652-ba906df1a158,completed,2026-06-19 19:52:43.786041+00:00,2026-06-19 19:52:43.899781+00:00
57da21a4-7f5a-428b-837a-5d78c9c78af6,completed,2026-06-19 19:52:43.847024+00:00,2026-06-19 19:52:43.959761+00:00
64152378-5f2b-45b1-8dcf-3ca9f17e2414,completed,2026-06-19 19:52:43.914910+00:00,2026-06-19 19:52:44.037901+00:00
8a1bf48c-1f39-40e7-a5ed-f2dc727315c0,completed,2026-06-19 19:52:43.942819+00:00,2026-06-19 19:52:44.072189+00:00
d3409a53-849b-4c92-9e41-42584f0abd03,completed,2026-06-19 19:52:44.187824+00:00,2026-06-19 19:52:44.296509+00:00
679616e0-ff2f-4712-a865-e30c079b0b2a,completed,2026-06-19 19:52:43.970713+00:00,2026-06-19 19:52:44.102702+00:00
01474421-da52-4edf-8e2f-683dc1c0936f,completed,2026-06-19 19:52:44.003059+00:00,2026-06-19 19:52:44.110920+00:00
b3fc7255-35bb-484a-9040-39e9e07f7e57,completed,2026-06-19 19:52:44.463566+00:00,2026-06-19 19:52:44.588765+00:00
be94191f-1aac-47fd-85bc-0bdc8014bacf,completed,2026-06-19 19:52:44.032670+00:00,2026-06-19 19:52:44.152740+00:00
53e56fea-6f0b-4d29-bc70-1312fcad2140,completed,2026-06-19 19:52:44.126001+00:00,2026-06-19 19:52:44.249053+00:00
bbe1f661-b185-4022-bbd9-53b97932fed9,completed,2026-06-19 19:52:44.310503+00:00,2026-06-19 19:52:44.427570+00:00
9d202565-2155-42b4-87c5-3bade79c9241,completed,2026-06-19 19:52:44.155546+00:00,2026-06-19 19:52:44.272415+00:00
67de372f-34c3-4966-8d0b-fea168742b16,completed,2026-06-19 19:52:44.225864+00:00,2026-06-19 19:52:44.334411+00:00
bc0c0fbf-4170-4985-85e6-ed3de679cde0,completed,2026-06-19 19:52:44.494345+00:00,2026-06-19 19:52:44.604764+00:00
4644e159-d09e-42eb-a543-75eb5597c9be,completed,2026-06-19 19:52:44.525102+00:00,2026-06-19 19:52:44.635911+00:00
6a6f6ca9-d33c-430a-9b0f-e7e047204faa,completed,2026-06-19 19:52:44.280331+00:00,2026-06-19 19:52:44.384824+00:00
85ac1d04-e0ea-47df-b03d-53a2197d6c2d,completed,2026-06-19 19:52:44.340493+00:00,2026-06-19 19:52:44.446657+00:00
080a1a9f-aac2-49d9-84ac-04970203d555,completed,2026-06-19 19:52:44.373045+00:00,2026-06-19 19:52:44.492012+00:00
1d20e87a-9c59-4695-8142-a6111ca192a8,completed,2026-06-19 19:52:44.401868+00:00,2026-06-19 19:52:44.511455+00:00
76c73e8a-3545-4719-9078-1edf627df9c1,completed,2026-06-19 19:52:44.433110+00:00,2026-06-19 19:52:44.582737+00:00
beedac8a-c861-445b-9950-85401525b804,completed,2026-06-19 19:52:44.798573+00:00,2026-06-19 19:52:44.919165+00:00
eac1afa3-6595-4745-ac52-9d44e634bdcb,completed,2026-06-19 19:52:44.829715+00:00,2026-06-19 19:52:44.946370+00:00
ebd3a50e-d0ad-49e8-96a5-3d3ab74d7cee,completed,2026-06-19 19:52:44.556462+00:00,2026-06-19 19:52:44.676837+00:00
0bc76564-5c41-4b1f-84b6-d467a597ce23,completed,2026-06-19 19:52:44.589162+00:00,2026-06-19 19:52:44.700224+00:00
e1c767fc-d69b-45af-9c7d-23ffa084ec4c,completed,2026-06-19 19:52:45.012769+00:00,2026-06-19 19:52:45.117244+00:00
49e68a7b-4a36-4517-95e5-0dcd628d5e68,completed,2026-06-19 19:52:44.616553+00:00,2026-06-19 19:52:44.720140+00:00
587f2fa9-dbdd-40a4-8884-1f33f6e80a77,completed,2026-06-19 19:52:44.861006+00:00,2026-06-19 19:52:44.980303+00:00
45e1bf4f-98c6-49e3-8477-dc8b38a1b941,completed,2026-06-19 19:52:44.647283+00:00,2026-06-19 19:52:44.766268+00:00
7ed4233e-49a1-442c-acb1-54fa86e49e5a,completed,2026-06-19 19:52:44.678376+00:00,2026-06-19 19:52:44.795300+00:00
9518cca3-6467-4bef-9d5b-765f601a06ce,completed,2026-06-19 19:52:44.707030+00:00,2026-06-19 19:52:44.814711+00:00
a49cfd0b-3e6c-48e9-812f-2114eead08c6,completed,2026-06-19 19:52:45.194289+00:00,2026-06-19 19:52:45.307874+00:00
f5d095a8-4379-4298-8228-1142e4dad40d,completed,2026-06-19 19:52:44.740611+00:00,2026-06-19 19:52:44.860973+00:00
b22c9884-a454-4411-b4de-13899f452e60,completed,2026-06-19 19:52:45.044068+00:00,2026-06-19 19:52:45.151752+00:00
61c7e950-8b86-47e5-bb2d-6f56dda1d90f,completed,2026-06-19 19:52:44.769068+00:00,2026-06-19 19:52:44.876660+00:00
98e473b6-982f-4df9-86f0-b2134d77b05b,completed,2026-06-19 19:52:44.891070+00:00,2026-06-19 19:52:44.996309+00:00
3aff2f41-656c-4eec-bb8c-39cb31e540cb,completed,2026-06-19 19:52:45.134489+00:00,2026-06-19 19:52:45.247985+00:00
88400365-5e9b-499a-a64d-120f0a5bf956,completed,2026-06-19 19:52:44.920552+00:00,2026-06-19 19:52:45.041985+00:00
cd230d34-f0ab-4737-991b-b54ab90ab341,completed,2026-06-19 19:52:44.950822+00:00,2026-06-19 19:52:45.058280+00:00
92f8c0b9-348b-43a0-9678-fa2087dc0bce,completed,2026-06-19 19:52:45.406725+00:00,2026-06-19 19:52:45.517581+00:00
a18058a8-ea10-448e-9955-ac0d8804224c,completed,2026-06-19 19:52:44.981762+00:00,2026-06-19 19:52:45.087939+00:00
7e3776db-f972-4a40-a567-5a37e9ce09df,completed,2026-06-19 19:52:45.073239+00:00,2026-06-19 19:52:45.183363+00:00
0f48f896-ad1e-4d5b-bb46-221c446d858f,completed,2026-06-19 19:52:45.255056+00:00,2026-06-19 19:52:45.361381+00:00
944e2535-b653-4d24-968a-e31ff53f27d8,completed,2026-06-19 19:52:45.103916+00:00,2026-06-19 19:52:45.213892+00:00
c959fce8-b12b-4a63-bd31-d274e95c4aef,completed,2026-06-19 19:52:45.166352+00:00,2026-06-19 19:52:45.270192+00:00
2379811d-cd4b-411a-a9f9-27e37c8f7ead,completed,2026-06-19 19:52:45.436385+00:00,2026-06-19 19:52:45.549499+00:00
ba26e32c-de32-437c-abc2-a98062cc3417,completed,2026-06-19 19:52:45.466810+00:00,2026-06-19 19:52:45.589011+00:00
4264c237-2d40-4796-aa35-9e1f42a59f96,completed,2026-06-19 19:52:45.226722+00:00,2026-06-19 19:52:45.344729+00:00
90756b4a-ba14-4ce4-8a1c-9e3e7cff65ed,completed,2026-06-19 19:52:45.285568+00:00,2026-06-19 19:52:45.394379+00:00
969a2cc1-7bd4-4aeb-9eec-7cf8fac6a193,completed,2026-06-19 19:52:45.315044+00:00,2026-06-19 19:52:45.434009+00:00
b60ae11e-33f7-40c4-aa62-5c9a1562aa4a,completed,2026-06-19 19:52:45.347713+00:00,2026-06-19 19:52:45.464298+00:00
20ea2a81-3ea1-4a3f-8670-5a3eadc45bb5,completed,2026-06-19 19:52:45.377569+00:00,2026-06-19 19:52:45.487350+00:00
b6a84387-d240-4a48-a3e9-ff04e89f59a3,completed,2026-06-19 19:52:45.737063+00:00,2026-06-19 19:52:45.856943+00:00
e704bdbf-2354-462c-8a7c-13ed47fd606d,completed,2026-06-19 19:52:45.766253+00:00,2026-06-19 19:52:45.874786+00:00
6baec486-bb9b-4f3c-ad04-6702d8a3db22,completed,2026-06-19 19:52:45.496575+00:00,2026-06-19 19:52:45.606273+00:00
1171c202-db8c-44e4-953e-9f51ee31a64a,completed,2026-06-19 19:52:45.948644+00:00,2026-06-19 19:52:46.059084+00:00
8c1b5ea7-008a-4ebd-b4c0-22a67c1ceaa9,completed,2026-06-19 19:52:45.526394+00:00,2026-06-19 19:52:45.652129+00:00
53435df4-8c89-47ce-8e61-bde970dc469d,completed,2026-06-19 19:52:45.556630+00:00,2026-06-19 19:52:45.665779+00:00
2403bca5-c143-4166-9097-35786aa2d0f5,completed,2026-06-19 19:52:45.797393+00:00,2026-06-19 19:52:45.917945+00:00
cf825601-d8c1-48ec-aac3-2bef1c03b59a,completed,2026-06-19 19:52:45.587249+00:00,2026-06-19 19:52:45.694933+00:00
2c039fa8-728d-4bd8-bc53-cfea2c84edd2,completed,2026-06-19 19:52:45.619556+00:00,2026-06-19 19:52:45.724951+00:00
8f618ff0-0346-4ca5-8451-61bf242f5071,completed,2026-06-19 19:52:45.648345+00:00,2026-06-19 19:52:45.758221+00:00
bf8ae4dd-26ec-4a6b-b2b0-b07a1622c88e,completed,2026-06-19 19:52:46.394767+00:00,2026-06-19 19:52:46.506709+00:00
5acf871b-ce3d-4e54-a131-2360f1f97554,completed,2026-06-19 19:52:45.977121+00:00,2026-06-19 19:52:46.083951+00:00
52466722-d252-4784-8f70-38a37daff6c9,completed,2026-06-19 19:52:45.677061+00:00,2026-06-19 19:52:45.806566+00:00
7971d021-abe1-463f-acdd-52a98ac0e218,completed,2026-06-19 19:52:45.708846+00:00,2026-06-19 19:52:45.823396+00:00
e7280faf-1eef-481d-9ae5-87b5e151146b,completed,2026-06-19 19:52:46.127213+00:00,2026-06-19 19:52:46.249789+00:00
9cc78aa6-c701-43b2-b2bc-082819be1494,completed,2026-06-19 19:52:45.827846+00:00,2026-06-19 19:52:45.945300+00:00
2c0e6f0e-6a1d-4eea-96c9-9bc016a10ace,completed,2026-06-19 19:52:46.066467+00:00,2026-06-19 19:52:46.171108+00:00
50242bcd-1951-4aeb-bcc1-b5534d11ccb3,completed,2026-06-19 19:52:45.858867+00:00,2026-06-19 19:52:45.974722+00:00
3c9c9fac-76b2-4b0c-a27a-13be9ce47953,completed,2026-06-19 19:52:46.335176+00:00,2026-06-19 19:52:46.474278+00:00
c40aaf88-c56c-4bce-b707-b19f4b2e6778,completed,2026-06-19 19:52:45.887348+00:00,2026-06-19 19:52:46.015048+00:00
6d348b61-5451-4faa-9bce-47dfafda1cc6,completed,2026-06-19 19:52:45.917958+00:00,2026-06-19 19:52:46.034592+00:00
4252d71c-f535-43b3-8120-e8a371b2c115,completed,2026-06-19 19:52:46.009154+00:00,2026-06-19 19:52:46.117354+00:00
e7daf91a-fcf8-43d6-841b-055a65f087d9,completed,2026-06-19 19:52:46.186252+00:00,2026-06-19 19:52:46.305546+00:00
c6dfb407-7f70-456e-947f-bd1b6e14a94a,completed,2026-06-19 19:52:46.036959+00:00,2026-06-19 19:52:46.145951+00:00
6d46a091-a8d2-4d9c-ae6b-6f16bc6d1035,completed,2026-06-19 19:52:46.096643+00:00,2026-06-19 19:52:46.220050+00:00
8b429a99-a51d-4408-8df6-41d57e9facc7,completed,2026-06-19 19:52:46.365114+00:00,2026-06-19 19:52:46.490298+00:00
1b82bc93-77f3-483c-b725-4cce9facd288,completed,2026-06-19 19:52:46.157840+00:00,2026-06-19 19:52:46.274971+00:00
dbc559cd-bb0b-4061-b1bd-ad2b0e316335,completed,2026-06-19 19:52:46.217241+00:00,2026-06-19 19:52:46.338976+00:00
b75f8786-d79a-4159-95cb-b0fd64347885,completed,2026-06-19 19:52:46.246165+00:00,2026-06-19 19:52:46.363834+00:00
6ae6e22f-45a8-4780-9679-2c6eb30afdd6,completed,2026-06-19 19:52:46.275003+00:00,2026-06-19 19:52:46.389313+00:00
509c23b3-1ba0-43e3-8e3b-335aa0ffb4d9,completed,2026-06-19 19:52:46.306672+00:00,2026-06-19 19:52:46.426437+00:00
117904eb-e246-4725-821a-95d8c30c1ec3,completed,2026-06-19 19:52:47.194254+00:00,2026-06-19 19:52:47.301051+00:00
7f5335a3-9fec-4f44-84d0-15e5fc3b481d,completed,2026-06-19 19:52:46.692741+00:00,2026-06-19 19:52:46.801353+00:00
2b7c3ffd-daf7-46f8-af3e-0f8796697094,completed,2026-06-19 19:52:46.868870+00:00,2026-06-19 19:52:46.974570+00:00
282cb8c8-ed5a-4b0b-91b9-5bbd80b4ef17,completed,2026-06-19 19:52:46.425144+00:00,2026-06-19 19:52:46.537702+00:00
f833e259-23eb-43a8-9bd6-2cf0b3aa7954,completed,2026-06-19 19:52:46.455894+00:00,2026-06-19 19:52:46.594567+00:00
6dde554b-716e-4674-9bdf-e7dbaa5830fe,completed,2026-06-19 19:52:46.486092+00:00,2026-06-19 19:52:46.606057+00:00
9edddbf1-6483-4ffd-874d-216ac0b4448f,completed,2026-06-19 19:52:46.721651+00:00,2026-06-19 19:52:46.844835+00:00
f26abf43-5bf7-427d-9379-46239f6ef035,completed,2026-06-19 19:52:47.049089+00:00,2026-06-19 19:52:47.170792+00:00
85515dc9-4caf-464a-8d92-53f6aa5c0d12,completed,2026-06-19 19:52:46.544833+00:00,2026-06-19 19:52:46.650307+00:00
496140aa-c313-408c-96f8-1718431c38f3,completed,2026-06-19 19:52:46.514299+00:00,2026-06-19 19:52:46.848654+00:00
41c195a3-33d7-4c1b-91ec-5f3ea2ec5b75,completed,2026-06-19 19:52:46.574858+00:00,2026-06-19 19:52:46.684444+00:00
eb71e169-0095-4255-a76e-98dc0a969134,completed,2026-06-19 19:52:46.898767+00:00,2026-06-19 19:52:47.005119+00:00
62cc4179-44e5-4926-801c-e3eaed62e60a,completed,2026-06-19 19:52:46.604093+00:00,2026-06-19 19:52:46.733236+00:00
1996cf63-62e7-416b-83a2-66c7ba37f868,completed,2026-06-19 19:52:46.633251+00:00,2026-06-19 19:52:46.745852+00:00
536744f5-7894-4a05-ae05-00fc7e9fa22a,completed,2026-06-19 19:52:47.076318+00:00,2026-06-19 19:52:47.189717+00:00
111053f5-d113-42fd-98ed-549d896cf9c4,completed,2026-06-19 19:52:46.662182+00:00,2026-06-19 19:52:46.780660+00:00
ba6af288-e290-475b-a20a-df3ee43c27b2,completed,2026-06-19 19:52:46.988060+00:00,2026-06-19 19:52:47.107595+00:00
45265fe2-4230-42b3-a13e-02c15bafe149,completed,2026-06-19 19:52:46.751399+00:00,2026-06-19 19:52:46.874749+00:00
63a9467f-21f6-4758-a2e3-febe7aaac621,completed,2026-06-19 19:52:46.970951+00:00,2026-06-19 19:52:47.107848+00:00
5dc074fe-95e9-4464-b431-ae3dbf3143a9,completed,2026-06-19 19:52:46.781192+00:00,2026-06-19 19:52:46.907998+00:00
0e972ebc-4686-4eb1-9189-e85580409ac1,completed,2026-06-19 19:52:46.809708+00:00,2026-06-19 19:52:46.925961+00:00
0f2bbdf1-11ed-4969-87f4-d3ea21954e4c,completed,2026-06-19 19:52:47.253308+00:00,2026-06-19 19:52:47.367591+00:00
7502285d-43b3-4049-b34a-3369c95f60b6,completed,2026-06-19 19:52:46.840135+00:00,2026-06-19 19:52:46.960038+00:00
ad7e6e86-4bc2-42e3-9cd9-8d8fb602b353,completed,2026-06-19 19:52:46.929173+00:00,2026-06-19 19:52:47.047454+00:00
fe476014-627c-4d88-9620-f71c2c421c03,completed,2026-06-19 19:52:47.106268+00:00,2026-06-19 19:52:47.220070+00:00
de687489-8df5-464b-8cc7-490a243192c9,completed,2026-06-19 19:52:47.016790+00:00,2026-06-19 19:52:47.129341+00:00
e963fb56-fd22-4b8a-a6aa-1689cc998f7b,completed,2026-06-19 19:52:47.281585+00:00,2026-06-19 19:52:47.410454+00:00
b7e58ee4-32ea-4ed4-a172-5682578b525d,completed,2026-06-19 19:52:47.137512+00:00,2026-06-19 19:52:47.251653+00:00
43672746-28f8-464e-ba70-6617a3169e53,completed,2026-06-19 19:52:47.312259+00:00,2026-06-19 19:52:47.447334+00:00
45a385d5-e930-473e-9a10-1bf634685299,completed,2026-06-19 19:52:47.164406+00:00,2026-06-19 19:52:47.290406+00:00
dfd68ca2-a14d-4c52-b823-8acf4291b644,completed,2026-06-19 19:52:47.223019+00:00,2026-06-19 19:52:47.349535+00:00
112d39be-1a52-4cd2-9144-2103b49231b5,completed,2026-06-19 19:52:47.574716+00:00,2026-06-19 19:52:47.691487+00:00
e63fb50e-aa88-42cf-8f26-b64fe8a2b845,completed,2026-06-19 19:52:48.070490+00:00,2026-06-19 19:52:48.180063+00:00
70cf533e-b55c-4f8d-ace1-0312d3992013,completed,2026-06-19 19:52:47.603389+00:00,2026-06-19 19:52:47.713889+00:00
71e89048-1626-4f85-87d5-95a67334d27f,completed,2026-06-19 19:52:47.341889+00:00,2026-06-19 19:52:47.468190+00:00
1fc2f052-fa30-4eba-9437-b1b3a25b73ee,completed,2026-06-19 19:52:47.369489+00:00,2026-06-19 19:52:47.483106+00:00
1f945036-8fea-4b72-b7c7-530925cff65f,completed,2026-06-19 19:52:47.399730+00:00,2026-06-19 19:52:47.516418+00:00
d8c61e7e-4854-485d-affa-919d6fb47c73,completed,2026-06-19 19:52:47.634872+00:00,2026-06-19 19:52:47.748144+00:00
3b694c2a-47b1-4d20-8016-05b0494c9a0b,completed,2026-06-19 19:52:47.429044+00:00,2026-06-19 19:52:47.575589+00:00
8df25116-82cd-44c4-a27d-1097fac09fdd,completed,2026-06-19 19:52:47.778403+00:00,2026-06-19 19:52:47.898022+00:00
15558777-e464-4ef9-9318-57aab7e83e49,completed,2026-06-19 19:52:47.458544+00:00,2026-06-19 19:52:47.586309+00:00
a98c31f1-a255-48b6-83c7-6a472d80cff1,completed,2026-06-19 19:52:47.489508+00:00,2026-06-19 19:52:47.596498+00:00
d99f48cd-ec99-4e1b-89c2-b86a77d50ab9,completed,2026-06-19 19:52:47.808399+00:00,2026-06-19 19:52:47.919122+00:00
b9de4934-c863-44a8-bcf4-72cb33c93182,completed,2026-06-19 19:52:47.518790+00:00,2026-06-19 19:52:47.639499+00:00
80b2638a-1f14-4895-85ff-2872633aa14f,completed,2026-06-19 19:52:47.547349+00:00,2026-06-19 19:52:47.665503+00:00
2effb23a-9f2b-4182-93b2-6c25ba1c3638,completed,2026-06-19 19:52:48.216529+00:00,2026-06-19 19:52:48.331853+00:00
ef961e1a-320f-4c14-8afd-3c32861808b7,completed,2026-06-19 19:52:47.661594+00:00,2026-06-19 19:52:47.771099+00:00
8471c256-9cf8-4dd3-a1df-a9db73b84f1e,completed,2026-06-19 19:52:47.867148+00:00,2026-06-19 19:52:47.987980+00:00
7f0f8376-a239-47c7-8468-2240b3cb8962,completed,2026-06-19 19:52:47.896543+00:00,2026-06-19 19:52:48.009196+00:00
cb0974ef-9b45-4d59-83cc-4032859916e4,completed,2026-06-19 19:52:47.692983+00:00,2026-06-19 19:52:47.816625+00:00
c0f3d0c0-9f21-403e-bffa-673cbc63c4cc,completed,2026-06-19 19:52:47.721133+00:00,2026-06-19 19:52:47.841447+00:00
2b5929e8-537e-4d03-a940-e665bd547686,completed,2026-06-19 19:52:47.749499+00:00,2026-06-19 19:52:47.865007+00:00
3452450c-6116-49e6-a994-b62959fe399c,completed,2026-06-19 19:52:47.839500+00:00,2026-06-19 19:52:47.984615+00:00
44e75596-9547-49f6-9621-6a0ce3cf64a8,completed,2026-06-19 19:52:48.012311+00:00,2026-06-19 19:52:48.128648+00:00
1d2093a9-5ead-4cac-b6e5-584c17e591df,completed,2026-06-19 19:52:48.185733+00:00,2026-06-19 19:52:48.299450+00:00
6a227ae9-5551-4a82-b031-fd9523147a60,completed,2026-06-19 19:52:47.925006+00:00,2026-06-19 19:52:48.044457+00:00
f8e675e5-2535-4905-b447-7b198be2fcd7,completed,2026-06-19 19:52:47.954249+00:00,2026-06-19 19:52:48.075175+00:00
43c74fa5-4a9c-496c-9374-e59fb0c0bc23,completed,2026-06-19 19:52:47.983765+00:00,2026-06-19 19:52:48.109130+00:00
1be33d55-d8e6-40b6-bd41-d73b294279de,completed,2026-06-19 19:52:48.165190+00:00,2026-06-19 19:52:48.287740+00:00
4a86c687-3f28-4451-bbd4-9122283b38d7,completed,2026-06-19 19:52:48.060136+00:00,2026-06-19 19:52:48.177343+00:00
a61b8c0d-6329-4133-8961-b738acebde3e,completed,2026-06-19 19:52:48.100241+00:00,2026-06-19 19:52:48.216543+00:00
756bbf9e-c66f-4d73-aa1d-0eab79190c73,completed,2026-06-19 19:52:48.127608+00:00,2026-06-19 19:52:48.243655+00:00
05704839-c9fb-4bba-9abb-b4908e947ee6,completed,2026-06-19 19:52:49.049954+00:00,2026-06-19 19:52:49.170948+00:00
7a4b9c85-9d53-4b60-92fe-6735688107cd,completed,2026-06-19 19:52:48.475558+00:00,2026-06-19 19:52:48.608160+00:00
21c4b1e1-4db0-4e75-84e8-ac071c6e867f,completed,2026-06-19 19:52:48.649706+00:00,2026-06-19 19:52:48.771043+00:00
8479ef7e-9597-4823-b567-818e03558635,completed,2026-06-19 19:52:48.504589+00:00,2026-06-19 19:52:48.635596+00:00
bda4781e-3800-42c9-8f65-d85120855a82,completed,2026-06-19 19:52:48.244017+00:00,2026-06-19 19:52:48.366891+00:00
2b6e291d-849a-4bb8-880c-a43c6c996f08,completed,2026-06-19 19:52:48.273909+00:00,2026-06-19 19:52:48.406226+00:00
0dc694f5-b70c-4950-9161-c97173f97953,completed,2026-06-19 19:52:48.302244+00:00,2026-06-19 19:52:48.414218+00:00
9c9a5689-b88e-4ccc-a9b9-15ac263b09f5,completed,2026-06-19 19:52:48.338701+00:00,2026-06-19 19:52:48.452949+00:00
a9ba630a-0024-4bd3-99a3-4bf55af2c366,completed,2026-06-19 19:52:48.534001+00:00,2026-06-19 19:52:48.676662+00:00
0a8e35df-bb2b-4cce-b89d-b9160886ab9f,completed,2026-06-19 19:52:48.362282+00:00,2026-06-19 19:52:48.476844+00:00
7b06dcf9-7fba-4dd1-bd31-f83c3b2834a2,completed,2026-06-19 19:52:48.388819+00:00,2026-06-19 19:52:48.504791+00:00
e531b1b7-3f85-4f5c-8d3f-cec0d1c47fde,completed,2026-06-19 19:52:48.682826+00:00,2026-06-19 19:52:48.794566+00:00
39a176b9-b409-4f12-a9a4-91707feaaa81,completed,2026-06-19 19:52:48.418026+00:00,2026-06-19 19:52:48.534410+00:00
979b610d-09ae-414b-b083-9ec745817854,completed,2026-06-19 19:52:48.850427+00:00,2026-06-19 19:52:48.963414+00:00
0684ff77-19a6-47af-86b9-24e6fad1f0fa,completed,2026-06-19 19:52:48.453964+00:00,2026-06-19 19:52:48.584480+00:00
16dd689f-3755-43c5-97a3-c717ce51a82d,completed,2026-06-19 19:52:48.562360+00:00,2026-06-19 19:52:48.699208+00:00
bb82b315-f1a8-4695-bc14-373c635ed9d5,completed,2026-06-19 19:52:48.793031+00:00,2026-06-19 19:52:48.916946+00:00
a1911807-a2e2-4386-8681-e4ab7d95b53c,completed,2026-06-19 19:52:48.596297+00:00,2026-06-19 19:52:48.739991+00:00
7d6a4852-e833-48b1-b54e-c4c7d1883bba,completed,2026-06-19 19:52:48.620781+00:00,2026-06-19 19:52:48.746176+00:00
f5a90449-ab43-4ded-a14c-1aafdfb8ea36,completed,2026-06-19 19:52:48.705611+00:00,2026-06-19 19:52:48.825942+00:00
6d31c6a5-ee02-4a40-8e15-6da1f50af059,completed,2026-06-19 19:52:48.879133+00:00,2026-06-19 19:52:49.011331+00:00
8f4d6c08-33af-49b6-b90c-8258af3fc08e,completed,2026-06-19 19:52:48.736456+00:00,2026-06-19 19:52:48.859531+00:00
b5db0756-a748-48c9-b503-59aecbc37b05,completed,2026-06-19 19:52:48.763918+00:00,2026-06-19 19:52:48.875053+00:00
dc31b57e-c274-478c-9f6c-8366a89d2197,completed,2026-06-19 19:53:01.766600+00:00,2026-06-19 19:53:01.887802+00:00
60421b18-6536-437a-b08e-4324b3418f63,completed,2026-06-19 19:52:48.823153+00:00,2026-06-19 19:52:48.946329+00:00
7ba1191d-fd74-4700-88e5-2ce53f9c31a5,completed,2026-06-19 19:52:48.993468+00:00,2026-06-19 19:52:49.119267+00:00
433ac1b4-fbfc-48ee-b24f-051164c26f45,completed,2026-06-19 19:52:49.021056+00:00,2026-06-19 19:52:49.132951+00:00
1d5cf001-55d6-4fff-852f-db71d0a408ff,completed,2026-06-19 19:52:48.909033+00:00,2026-06-19 19:52:49.018121+00:00
0d46b2da-5669-45b3-8f3f-4fd2fcedda13,completed,2026-06-19 19:52:49.079045+00:00,2026-06-19 19:52:49.184403+00:00
a614de2b-4132-4ea8-9b9d-8d97ed8b084c,completed,2026-06-19 19:52:48.935683+00:00,2026-06-19 19:52:49.060649+00:00
4cc4f6a8-d73b-4c05-8eed-24983559268c,completed,2026-06-19 19:52:48.965580+00:00,2026-06-19 19:52:49.082959+00:00
49ab5d44-360e-42db-92d4-33aaeb0ea5cb,completed,2026-06-19 19:52:49.882049+00:00,2026-06-19 19:52:49.990053+00:00
bbeb588b-5916-4e2e-9f4f-87a9b8449ea9,completed,2026-06-19 19:52:49.338078+00:00,2026-06-19 19:52:49.458413+00:00
b7a2f398-6842-4984-8474-08ebfaff9a5f,completed,2026-06-19 19:52:49.366731+00:00,2026-06-19 19:52:49.470972+00:00
66c227b1-c8d4-4110-bfd0-7d6bb31c3cd8,completed,2026-06-19 19:52:49.108651+00:00,2026-06-19 19:52:49.213761+00:00
70167577-bfc2-44e9-be97-4ced1d1e3b2b,completed,2026-06-19 19:52:49.513697+00:00,2026-06-19 19:52:49.629059+00:00
8f5af087-1b1c-4d1e-a28b-789aa5dda36b,completed,2026-06-19 19:52:49.136384+00:00,2026-06-19 19:52:49.253997+00:00
5bc4b4a9-9e9f-4124-bc12-1f8a840e2e30,completed,2026-06-19 19:52:49.393932+00:00,2026-06-19 19:52:49.497893+00:00
18125d9b-e7d2-4727-8cbb-f36cb40a3250,completed,2026-06-19 19:52:49.164795+00:00,2026-06-19 19:52:49.273543+00:00
7586dbe0-d75f-426f-b562-a07ee6706e34,completed,2026-06-19 19:52:49.194574+00:00,2026-06-19 19:52:49.301740+00:00
bc4e750f-aa4d-40e1-b7d0-4fb2636364fe,completed,2026-06-19 19:52:49.221022+00:00,2026-06-19 19:52:49.329822+00:00
02da8b78-95e7-41e8-9aa8-15a5979cf47c,completed,2026-06-19 19:52:49.251855+00:00,2026-06-19 19:52:49.367357+00:00
d0e332fd-e436-41c8-9b22-89e9097cc3ea,completed,2026-06-19 19:52:49.705316+00:00,2026-06-19 19:52:49.812472+00:00
fb0697a1-5c42-4c57-bfff-7131b73b6f07,completed,2026-06-19 19:52:49.280242+00:00,2026-06-19 19:52:49.386553+00:00
1be26d5b-f909-456a-8e14-5d1fd7bcf3b4,completed,2026-06-19 19:52:49.536493+00:00,2026-06-19 19:52:49.657620+00:00
0e13ec9a-bc72-4311-88d1-64e71e2fc470,completed,2026-06-19 19:52:49.306931+00:00,2026-06-19 19:52:49.427554+00:00
ffe72d40-b373-42e4-84a3-1ff34ae46db3,completed,2026-06-19 19:52:49.423615+00:00,2026-06-19 19:52:49.530387+00:00
aedc1293-043a-48a9-b188-b2d108cae4f8,completed,2026-06-19 19:52:49.904026+00:00,2026-06-19 19:52:50.012407+00:00
a0d81880-831b-45d0-9579-3e19c2974c5d,completed,2026-06-19 19:52:49.647865+00:00,2026-06-19 19:52:49.777621+00:00
65a212b7-cfee-4584-8df3-a19ec0d9a907,completed,2026-06-19 19:52:49.450052+00:00,2026-06-19 19:52:49.572701+00:00
f80e8d9d-eb5d-4f3b-9aea-cd2835062393,completed,2026-06-19 19:52:49.478917+00:00,2026-06-19 19:52:49.580104+00:00
f9cba28d-93b6-464d-bd14-618093314865,completed,2026-06-19 19:52:49.677640+00:00,2026-06-19 19:52:49.779168+00:00
7f271765-e75a-420e-a7c1-67f5d66986e0,completed,2026-06-19 19:52:49.564073+00:00,2026-06-19 19:52:49.707102+00:00
21d778ea-ab5f-4e58-b35a-577a520d5bb7,completed,2026-06-19 19:52:49.591710+00:00,2026-06-19 19:52:49.707856+00:00
4c39aa04-625c-41c0-bb58-0a89e3844b30,completed,2026-06-19 19:52:49.761121+00:00,2026-06-19 19:52:49.871565+00:00
fd4ecfdd-ba57-40c0-a288-08e9645d3dc4,completed,2026-06-19 19:52:49.620331+00:00,2026-06-19 19:52:49.721770+00:00
e07cf02c-f7a8-4b4c-a186-e11e0cbf0da0,completed,2026-06-19 19:52:49.931106+00:00,2026-06-19 19:52:50.045556+00:00
d430d71d-7e41-4f3c-ac9d-98690f18b820,completed,2026-06-19 19:52:49.960062+00:00,2026-06-19 19:52:50.076821+00:00
6fe1a655-ab58-46ec-bd29-9a0900f19dd2,completed,2026-06-19 19:52:49.732518+00:00,2026-06-19 19:52:49.837271+00:00
07225f07-0705-40b3-92c9-d29f51665c16,completed,2026-06-19 19:52:49.790626+00:00,2026-06-19 19:52:49.892348+00:00
b5fa9283-7e52-4aa8-b35d-7079e918e1fb,completed,2026-06-19 19:52:49.818142+00:00,2026-06-19 19:52:49.923679+00:00
e12a6981-4910-4ad7-8880-275b1c7b596b,completed,2026-06-19 19:52:49.850603+00:00,2026-06-19 19:52:49.967975+00:00
e758946a-c6c5-49fd-b414-d838f436c1c2,completed,2026-06-19 19:52:50.691716+00:00,2026-06-19 19:52:50.803910+00:00
ce05fb10-4833-4af3-8f43-8aef7f513945,completed,2026-06-19 19:52:50.213133+00:00,2026-06-19 19:52:50.328993+00:00
359ab652-7492-4283-85fe-a9ef7bb423c8,completed,2026-06-19 19:52:50.242020+00:00,2026-06-19 19:52:50.357185+00:00
7bba1999-dfde-4fff-88b2-7230b52fcaea,completed,2026-06-19 19:52:49.988517+00:00,2026-06-19 19:52:50.096599+00:00
93577ee6-59b3-43a1-93f5-15b436ebe0f4,completed,2026-06-19 19:52:50.381821+00:00,2026-06-19 19:52:50.502876+00:00
d5b938dd-387c-49dc-bada-1aee7273fdae,completed,2026-06-19 19:52:50.270972+00:00,2026-06-19 19:52:50.378200+00:00
83ecc50d-963e-4c61-9671-ba722bca25a7,completed,2026-06-19 19:52:50.016400+00:00,2026-06-19 19:52:50.147295+00:00
c4cb9021-f319-4ff8-8656-3d81d1fb39cf,completed,2026-06-19 19:52:50.045482+00:00,2026-06-19 19:52:50.148270+00:00
2c5dd9f3-a102-4c1d-9231-5866783049a3,completed,2026-06-19 19:52:50.073969+00:00,2026-06-19 19:52:50.176771+00:00
214892b8-955c-4bd6-84e6-84b9d246ad37,completed,2026-06-19 19:52:50.774068+00:00,2026-06-19 19:52:50.892560+00:00
65c35975-5eb9-47e8-9219-0591cf5f3f66,completed,2026-06-19 19:52:50.101956+00:00,2026-06-19 19:52:50.207027+00:00
52508ff3-feb3-4f84-8958-3305d7794ae7,completed,2026-06-19 19:52:50.131198+00:00,2026-06-19 19:52:50.233916+00:00
c8686312-ea28-46c9-a0fe-dba528112f35,completed,2026-06-19 19:52:50.156410+00:00,2026-06-19 19:52:50.258632+00:00
f2173c4f-6f5b-44f6-9a93-ddb1cc2e1c1a,completed,2026-06-19 19:52:50.410464+00:00,2026-06-19 19:52:50.541418+00:00
6b2bb8b7-92fd-4e02-82e0-72b105f7c17b,completed,2026-06-19 19:52:50.186623+00:00,2026-06-19 19:52:50.302146+00:00
f60745cf-c4c3-46e8-801d-bfc87ac9d24e,completed,2026-06-19 19:52:50.494233+00:00,2026-06-19 19:52:50.618301+00:00
0e211b06-19e6-46ab-93c2-ff880e9e7eaa,completed,2026-06-19 19:52:50.297954+00:00,2026-06-19 19:52:50.414724+00:00
98095e7b-8a50-424f-8db8-a94d7d4bf268,completed,2026-06-19 19:52:50.325541+00:00,2026-06-19 19:52:50.453788+00:00
55afea0d-493a-4771-a238-c929ecda86c8,completed,2026-06-19 19:52:50.802930+00:00,2026-06-19 19:52:50.927971+00:00
86e698be-865f-421a-ad99-17cd6c8b174d,completed,2026-06-19 19:52:50.357263+00:00,2026-06-19 19:52:50.477687+00:00
17309723-2eef-45ee-a113-d58d11151d8b,completed,2026-06-19 19:52:50.437914+00:00,2026-06-19 19:52:50.557184+00:00
61cdae11-ef81-46cc-b6c4-c03529229056,completed,2026-06-19 19:52:50.606457+00:00,2026-06-19 19:52:50.732579+00:00
33a7b889-573e-4ff8-b9f2-8ad3285244a9,completed,2026-06-19 19:52:50.466675+00:00,2026-06-19 19:52:50.585185+00:00
9d07f508-8487-4b8d-bc1f-61509d1bc65b,completed,2026-06-19 19:52:50.550119+00:00,2026-06-19 19:52:50.655377+00:00
89a4b511-73d6-43a8-a26c-0273060bbff4,completed,2026-06-19 19:52:50.523675+00:00,2026-06-19 19:52:50.664450+00:00
f67b761b-5a5a-435b-b964-9458c8c338b4,completed,2026-06-19 19:52:50.830128+00:00,2026-06-19 19:52:50.954510+00:00
e074801f-6965-49af-86c0-78729ddf1e3f,completed,2026-06-19 19:52:50.579008+00:00,2026-06-19 19:52:50.707958+00:00
46ff2cf2-4010-4c1b-a823-b7356b2fdbc9,completed,2026-06-19 19:52:50.634094+00:00,2026-06-19 19:52:50.751607+00:00
513f6e03-e86f-447e-8f88-122edfb1e072,completed,2026-06-19 19:52:50.662063+00:00,2026-06-19 19:52:50.782020+00:00
c8e7405f-998b-4b0e-b9e3-e8aee237e8bb,completed,2026-06-19 19:52:50.718952+00:00,2026-06-19 19:52:50.825610+00:00
dab50986-2c29-400a-9eeb-44ada628a211,completed,2026-06-19 19:52:50.745893+00:00,2026-06-19 19:52:50.862528+00:00
f0f08b42-acaa-4b04-90fa-17224e7d8cd5,completed,2026-06-19 19:52:51.081572+00:00,2026-06-19 19:52:51.182507+00:00
158e27f4-4b6d-434f-9208-f43a4d8a29fc,completed,2026-06-19 19:52:51.662395+00:00,2026-06-19 19:52:51.800460+00:00
a7f20db3-b4d1-41a7-90a5-3fdd4ebaa18c,completed,2026-06-19 19:52:50.859623+00:00,2026-06-19 19:52:50.963646+00:00
fbe5e79e-f12f-410b-9bdf-b500617497f5,completed,2026-06-19 19:52:51.247431+00:00,2026-06-19 19:52:51.375649+00:00
b81442ba-cad8-4e8e-8e57-db4aca8f02a7,completed,2026-06-19 19:52:51.113367+00:00,2026-06-19 19:52:51.224552+00:00
f1670d70-2512-4c49-8d0c-18a4e693011b,completed,2026-06-19 19:52:50.886418+00:00,2026-06-19 19:52:51.027986+00:00
eb093320-752a-4eb0-be0b-06a22437479c,completed,2026-06-19 19:52:51.136518+00:00,2026-06-19 19:52:51.243265+00:00
e4246c06-8273-47b3-b3d6-7943c8c3c510,completed,2026-06-19 19:52:50.913464+00:00,2026-06-19 19:52:51.041169+00:00
758b0cdf-0ca0-4188-9e61-8eb205179b18,completed,2026-06-19 19:52:50.941864+00:00,2026-06-19 19:52:51.057999+00:00
075ae241-971f-4f2c-bddc-b74a5638141d,completed,2026-06-19 19:52:51.276509+00:00,2026-06-19 19:52:51.387656+00:00
9f060572-61f6-406a-a1ff-00b34e8e277b,completed,2026-06-19 19:52:50.969438+00:00,2026-06-19 19:52:51.087815+00:00
dc96623b-e35c-4e54-917e-734954748d4c,completed,2026-06-19 19:52:50.999058+00:00,2026-06-19 19:52:51.104470+00:00
00d707aa-71fd-4451-b8bc-31f4bee8d0b3,completed,2026-06-19 19:52:51.025479+00:00,2026-06-19 19:52:51.135469+00:00
e732646b-b7dc-4b0d-9dec-49799f5b6df4,completed,2026-06-19 19:53:01.789666+00:00,2026-06-19 19:53:01.906263+00:00
e07ebc6f-42b0-428b-9b40-31a71bb542fb,completed,2026-06-19 19:52:51.052459+00:00,2026-06-19 19:52:51.160112+00:00
e26cbeaf-1a69-4e1a-a78a-103e98075277,completed,2026-06-19 19:52:51.608077+00:00,2026-06-19 19:52:51.752167+00:00
3cc9e712-7d8d-412c-9953-18ea6550bd83,completed,2026-06-19 19:52:51.177677+00:00,2026-06-19 19:52:51.288413+00:00
010940bd-b103-4219-95d0-0d9282992d36,completed,2026-06-19 19:52:51.193109+00:00,2026-06-19 19:52:51.305018+00:00
07aac7d3-8f5a-4805-afba-6d6458b81326,completed,2026-06-19 19:52:51.397202+00:00,2026-06-19 19:52:51.516788+00:00
c52a470a-8896-4a98-8a96-13bc7e5b2378,completed,2026-06-19 19:52:51.220522+00:00,2026-06-19 19:52:51.329156+00:00
39fb9962-5f7a-4015-9f16-1b1fab94e5a8,completed,2026-06-19 19:52:51.413932+00:00,2026-06-19 19:52:51.518574+00:00
e76b2162-f003-4eaa-9bed-c2ecf8c7619b,completed,2026-06-19 19:52:51.442884+00:00,2026-06-19 19:52:51.558273+00:00
d5dd7b7c-9ec9-4a86-ac17-5cab37d958c2,completed,2026-06-19 19:52:51.303793+00:00,2026-06-19 19:52:51.432636+00:00
219f44f9-44e3-4fad-964c-03ff36e69ed3,completed,2026-06-19 19:52:51.334185+00:00,2026-06-19 19:52:51.444992+00:00
358a1492-155a-4e40-8b30-52cab83bdf55,completed,2026-06-19 19:52:51.470444+00:00,2026-06-19 19:52:51.594065+00:00
f389a2c6-3212-498b-b607-8c3b1420a70f,completed,2026-06-19 19:52:51.358959+00:00,2026-06-19 19:52:51.469740+00:00
f36eb734-c226-4c26-a3df-ebacef594fc9,completed,2026-06-19 19:52:51.635369+00:00,2026-06-19 19:52:51.744793+00:00
8d3aca02-7774-42f4-84e3-8e0fa0c2a33d,completed,2026-06-19 19:52:51.497373+00:00,2026-06-19 19:52:51.610504+00:00
7762de59-133e-41ed-bc22-a554c5590767,completed,2026-06-19 19:52:51.527120+00:00,2026-06-19 19:52:51.652689+00:00
c8a96177-b956-4672-960e-e26939adf8ee,completed,2026-06-19 19:52:51.552320+00:00,2026-06-19 19:52:51.677509+00:00
8e306da8-c401-4061-9b39-fc39202087f4,completed,2026-06-19 19:52:51.582062+00:00,2026-06-19 19:52:51.709125+00:00
56b53a1a-3786-4624-93b0-d3b45c1fc20e,completed,2026-06-19 19:52:52.241990+00:00,2026-06-19 19:52:52.358503+00:00
3c60b1fb-874f-496b-bec2-61737ce7e495,completed,2026-06-19 19:52:51.690224+00:00,2026-06-19 19:52:51.800940+00:00
a623e0e0-f0f9-4832-82a1-19b3e9106235,completed,2026-06-19 19:52:51.939102+00:00,2026-06-19 19:52:52.058459+00:00
f6b66e93-a724-40cc-a899-bf8365181add,completed,2026-06-19 19:52:51.726694+00:00,2026-06-19 19:52:51.843939+00:00
dd69f34d-fa36-4163-bb2e-96ab5648ac0c,completed,2026-06-19 19:52:51.745934+00:00,2026-06-19 19:52:51.861099+00:00
2557db2d-be0a-4007-bba1-a684ec290479,completed,2026-06-19 19:52:51.772883+00:00,2026-06-19 19:52:51.882539+00:00
856f9613-7302-4401-bf95-0f0fb7897b45,completed,2026-06-19 19:52:51.966308+00:00,2026-06-19 19:52:52.081107+00:00
e17e5ea9-5308-4462-8c35-61c709616526,completed,2026-06-19 19:52:51.801020+00:00,2026-06-19 19:52:51.932733+00:00
b73239d0-8735-4372-b9f0-439126bbb845,completed,2026-06-19 19:52:52.075683+00:00,2026-06-19 19:52:52.216040+00:00
d922aa5e-93cb-4bd0-9365-93615524aa6d,completed,2026-06-19 19:52:51.829901+00:00,2026-06-19 19:52:51.950373+00:00
d0701985-fe57-4555-b811-9b386959ab56,completed,2026-06-19 19:52:52.105057+00:00,2026-06-19 19:52:52.225217+00:00
f2bb4a5b-78b0-4364-9dbe-ffb83095c4db,completed,2026-06-19 19:52:51.856483+00:00,2026-06-19 19:52:51.971660+00:00
de67e57c-fc99-4261-83f2-413d3627c897,completed,2026-06-19 19:52:51.883260+00:00,2026-06-19 19:52:51.994854+00:00
6e4b816a-a85c-40fe-919c-b88cc2e46c3b,completed,2026-06-19 19:52:51.909845+00:00,2026-06-19 19:52:52.023946+00:00
f014274b-b76d-4dd5-a22f-8f798aeaf3be,completed,2026-06-19 19:52:52.185968+00:00,2026-06-19 19:52:52.302670+00:00
c395a667-a339-4afe-be25-070646780194,completed,2026-06-19 19:52:51.993536+00:00,2026-06-19 19:52:52.110884+00:00
12faaf60-986e-4c63-a852-7cf0cbe63fba,completed,2026-06-19 19:52:52.212297+00:00,2026-06-19 19:52:52.320625+00:00
19a5e983-2c5f-4dc7-bdba-1b70d9f36f91,completed,2026-06-19 19:52:52.021120+00:00,2026-06-19 19:52:52.147308+00:00
80afd5ee-2434-4d90-8161-62898c486e43,completed,2026-06-19 19:52:52.048221+00:00,2026-06-19 19:52:52.156925+00:00
dccfb65d-2988-41cd-9ea3-b286e34fb857,completed,2026-06-19 19:52:52.433297+00:00,2026-06-19 19:52:52.541872+00:00
4e498e95-7c35-4e16-9ce8-638d8f46c1b3,completed,2026-06-19 19:52:52.130332+00:00,2026-06-19 19:52:52.264590+00:00
c62aaec9-fedd-499c-b441-cc7bad6c7ebb,completed,2026-06-19 19:52:52.294765+00:00,2026-06-19 19:52:52.416318+00:00
1e2076ab-fcbd-49a1-b821-aa7e24b5e20d,completed,2026-06-19 19:52:52.157450+00:00,2026-06-19 19:52:52.271134+00:00
ed64615e-c6fd-4602-a66a-f3ccfb8732e7,completed,2026-06-19 19:52:52.486612+00:00,2026-06-19 19:52:52.612599+00:00
39197d8b-35c4-42eb-aa3d-7fce86b459ae,completed,2026-06-19 19:52:52.543287+00:00,2026-06-19 19:52:52.664387+00:00
0a7bbf16-0645-458b-a8bf-cdfb943d5bc0,completed,2026-06-19 19:52:52.403502+00:00,2026-06-19 19:52:52.521326+00:00
52ed301a-d05b-4699-8772-797be18fb633,completed,2026-06-19 19:52:52.267179+00:00,2026-06-19 19:52:52.394219+00:00
165609b5-c53f-4656-af8b-6eb75409b2d8,completed,2026-06-19 19:52:52.322732+00:00,2026-06-19 19:52:52.445726+00:00
9e04ed92-5084-41d9-b55a-bfe2ba1cf791,completed,2026-06-19 19:52:52.350944+00:00,2026-06-19 19:52:52.466384+00:00
e6fe0713-d3ac-429e-bcd9-76b623f8cc3c,completed,2026-06-19 19:52:52.377593+00:00,2026-06-19 19:52:52.499388+00:00
b6f86eae-57fa-4141-87bd-403e38470103,completed,2026-06-19 19:52:52.460394+00:00,2026-06-19 19:52:52.590705+00:00
92a0c728-3233-47a1-adb4-eb7756bbbcb0,completed,2026-06-19 19:52:52.517847+00:00,2026-06-19 19:52:52.647677+00:00
c4db2c5d-6894-4e65-bfa9-3505cac58a58,completed,2026-06-19 19:53:01.839940+00:00,2026-06-19 19:53:01.948942+00:00
06924d9a-1e39-4c04-9538-ea7c756a2fe7,completed,2026-06-19 19:53:03.415376+00:00,2026-06-19 19:53:03.525011+00:00
31b8b45b-0f19-4e7d-b654-edca811f5c15,completed,2026-06-19 19:53:04.665422+00:00,2026-06-19 19:53:04.770206+00:00
4a110833-a63c-4ac8-9a33-101ddd26c6e0,completed,2026-06-19 19:53:04.797450+00:00,2026-06-19 19:53:04.925936+00:00
1059822c-d092-436a-b225-2972970dfa0b,completed,2026-06-19 19:53:04.811065+00:00,2026-06-19 19:53:04.933325+00:00
642c5738-922d-4252-8026-bd9abf26d11b,completed,2026-06-19 19:53:04.891397+00:00,2026-06-19 19:53:05.045974+00:00
83b63854-e31a-45d8-b217-96000951c2dd,completed,2026-06-19 19:53:04.950054+00:00,2026-06-19 19:53:05.096263+00:00
303a0a87-7e67-439c-a51f-e6cb84ff0591,completed,2026-06-19 19:53:05.044153+00:00,2026-06-19 19:53:05.180544+00:00
38dbe470-3144-4f27-a5ba-169b88a4354f,completed,2026-06-19 19:53:05.121525+00:00,2026-06-19 19:53:05.263645+00:00
a32ebe43-64f8-439b-a2c2-c4a35ff7389c,completed,2026-06-19 19:53:05.129252+00:00,2026-06-19 19:53:05.269312+00:00
4ac003d8-5c7b-4a35-907b-72d7a8a7a61c,completed,2026-06-19 19:53:05.218966+00:00,2026-06-19 19:53:05.337500+00:00
0d901bf9-828c-4048-88fe-4b8da7c56c10,completed,2026-06-19 19:53:05.405867+00:00,2026-06-19 19:53:05.551658+00:00
dca3caf5-72ab-4925-8ed5-f17a755ee108,completed,2026-06-19 19:53:05.644402+00:00,2026-06-19 19:53:05.771766+00:00
03d68c11-c67b-41f8-8e7e-1110c90e4a37,completed,2026-06-19 19:53:05.665288+00:00,2026-06-19 19:53:05.784961+00:00
41d44f3c-0b0b-4d5e-9409-00d4389bebfd,completed,2026-06-19 19:53:06.433977+00:00,2026-06-19 19:53:06.576808+00:00
4bc48acb-2796-4bd0-9dbc-6a39783b4426,completed,2026-06-19 19:53:05.833823+00:00,2026-06-19 19:53:05.964477+00:00
779f8700-b5a6-4244-985a-b2fb84f8cb8c,completed,2026-06-19 19:53:05.852032+00:00,2026-06-19 19:53:05.981600+00:00
e1fcca7c-e0bd-4fc6-af2e-41e85d5d924f,completed,2026-06-19 19:53:05.850081+00:00,2026-06-19 19:53:05.991207+00:00
721b2d51-3c7b-48a5-8e18-65471b0a3d49,completed,2026-06-19 19:53:06.267579+00:00,2026-06-19 19:53:06.394676+00:00
6fdc0f02-9227-4fc5-ab49-2ca3a486a597,completed,2026-06-19 19:53:06.456503+00:00,2026-06-19 19:53:06.599963+00:00
088db3ff-3b0e-4346-adf4-8b817373011e,completed,2026-06-19 19:53:06.040782+00:00,2026-06-19 19:53:06.171785+00:00
69799971-ecbe-433f-b3d8-014c381b77d8,completed,2026-06-19 19:53:06.065659+00:00,2026-06-19 19:53:06.193734+00:00
9661d0dd-72ec-4d7d-883b-0b3546c69799,completed,2026-06-19 19:53:06.315444+00:00,2026-06-19 19:53:06.489987+00:00
23be2fc9-844b-4910-93d8-5e3353234aa5,completed,2026-06-19 19:53:06.091090+00:00,2026-06-19 19:53:06.253870+00:00
7829c0ac-db3d-4aa8-9d44-0e30707ae686,completed,2026-06-19 19:53:06.227328+00:00,2026-06-19 19:53:06.362971+00:00
608ef447-c368-4f07-a7a8-3136e165c390,completed,2026-06-19 19:53:06.238717+00:00,2026-06-19 19:53:06.379134+00:00
5c0466d4-b6fb-4652-9abd-b25bcb436c8c,completed,2026-06-19 19:53:06.245937+00:00,2026-06-19 19:53:06.390134+00:00
f9877453-9f8d-458c-8f49-94b177f6ed11,completed,2026-06-19 19:53:06.272078+00:00,2026-06-19 19:53:06.404339+00:00
0d7c057c-8752-492e-a946-bd363b22e3a0,completed,2026-06-19 19:53:06.290824+00:00,2026-06-19 19:53:06.477892+00:00
4424f445-270f-4044-a611-d9794537f661,completed,2026-06-19 19:53:06.667353+00:00,2026-06-19 19:53:06.806503+00:00
cb65e56a-0cdd-4e7f-8df8-558d00fd5168,completed,2026-06-19 19:52:53.110870+00:00,2026-06-19 19:52:53.230864+00:00
fd516021-3cb8-4823-9717-6dbce476b455,completed,2026-06-19 19:52:52.947603+00:00,2026-06-19 19:52:53.066765+00:00
b35e4805-3909-46f4-98a2-ab04b47f3f5a,completed,2026-06-19 19:52:52.817387+00:00,2026-06-19 19:52:52.937052+00:00
1327283e-8e70-430e-b8fd-8970636bac64,completed,2026-06-19 19:52:52.567296+00:00,2026-06-19 19:52:52.680500+00:00
26c04f3b-e129-44f0-97a3-100b23c58c7b,completed,2026-06-19 19:52:52.800287+00:00,2026-06-19 19:52:52.944611+00:00
ca73bc52-0fee-453c-873f-1bd4f41507b6,completed,2026-06-19 19:52:52.595453+00:00,2026-06-19 19:52:52.710785+00:00
08b1a6b0-d806-4437-b749-32a236f18679,completed,2026-06-19 19:52:53.326813+00:00,2026-06-19 19:52:53.453887+00:00
15ea316b-1263-405a-8273-18fb56991e3a,completed,2026-06-19 19:52:52.623943+00:00,2026-06-19 19:52:52.748193+00:00
cbad4641-b841-4022-8b37-3b28918204f1,completed,2026-06-19 19:52:52.840472+00:00,2026-06-19 19:52:52.965793+00:00
5a828ef8-6930-4eb6-be8d-c2f28dbe07ac,completed,2026-06-19 19:52:52.651174+00:00,2026-06-19 19:52:52.766562+00:00
80601260-aafb-4a59-b7f6-9f4177d5305b,completed,2026-06-19 19:52:52.677984+00:00,2026-06-19 19:52:52.807925+00:00
b716e6f7-cf70-4d9a-83c0-92bffd32d453,completed,2026-06-19 19:52:52.704610+00:00,2026-06-19 19:52:52.822061+00:00
add11b6b-4bd7-4a33-b8aa-5354421d0305,completed,2026-06-19 19:52:52.730348+00:00,2026-06-19 19:52:52.839979+00:00
028b7555-4d10-472f-b2ad-d046813d7f8c,completed,2026-06-19 19:52:52.976045+00:00,2026-06-19 19:52:53.106208+00:00
2af31b8c-987a-4d56-b6b2-873d81ad4e7f,completed,2026-06-19 19:52:52.758245+00:00,2026-06-19 19:52:52.868744+00:00
634bbe32-aba6-49af-b380-02c9896e5d8b,completed,2026-06-19 19:52:53.056796+00:00,2026-06-19 19:52:53.181983+00:00
ca230b8a-20ee-47d1-8115-eed71a93ae32,completed,2026-06-19 19:52:52.867711+00:00,2026-06-19 19:52:52.996850+00:00
6a3a836c-18f4-4276-9c96-d6f711924d5c,completed,2026-06-19 19:52:52.896491+00:00,2026-06-19 19:52:53.030159+00:00
a662d2a3-68d8-4670-8543-9d08f5b9d2bd,completed,2026-06-19 19:52:53.354216+00:00,2026-06-19 19:52:53.466931+00:00
27a02cff-9243-4904-9411-6bf83948db3d,completed,2026-06-19 19:52:52.922081+00:00,2026-06-19 19:52:53.045802+00:00
09c35523-2765-45b1-b262-f84564e3ded7,completed,2026-06-19 19:54:01.698312+00:00,2026-06-19 19:54:01.822963+00:00
e471feb8-2173-4ce4-b92c-17cd75ca4415,completed,2026-06-19 19:52:53.004551+00:00,2026-06-19 19:52:53.124703+00:00
7719ea3b-b61c-4221-a3f4-b7f86c08d304,completed,2026-06-19 19:52:53.165919+00:00,2026-06-19 19:52:53.291399+00:00
b4ecb602-e611-49a8-aa3b-945271786120,completed,2026-06-19 19:52:53.029836+00:00,2026-06-19 19:52:53.146795+00:00
5f6421a1-f79f-4fc2-bd5f-9d24ad6fcb7e,completed,2026-06-19 19:52:53.085590+00:00,2026-06-19 19:52:53.208910+00:00
32df09eb-5602-4482-9c92-358304b19020,completed,2026-06-19 19:52:53.273376+00:00,2026-06-19 19:52:53.404097+00:00
d14fd238-a074-4242-8b5e-931442291154,completed,2026-06-19 19:52:53.139304+00:00,2026-06-19 19:52:53.264933+00:00
89b2a4bd-9e78-491e-a512-1872fd613e43,completed,2026-06-19 19:52:53.191800+00:00,2026-06-19 19:52:53.317705+00:00
502367e9-ee12-4d01-939f-7156aeb9fe42,completed,2026-06-19 19:52:53.222359+00:00,2026-06-19 19:52:53.349452+00:00
303c798d-677e-4160-bae9-9d1f535317ca,completed,2026-06-19 19:52:53.246133+00:00,2026-06-19 19:52:53.383504+00:00
356ee96e-a943-4020-ba16-2d68d5e1d9c9,completed,2026-06-19 19:52:53.308769+00:00,2026-06-19 19:52:53.428447+00:00
c63bcab7-c57e-4da5-be4d-0d47f20438e1,completed,2026-06-19 19:52:53.380533+00:00,2026-06-19 19:52:53.511223+00:00
beb5eb70-26b9-4f74-9bc5-f7b239822be9,completed,2026-06-19 19:53:02.790558+00:00,2026-06-19 19:53:02.901027+00:00
2bde14e1-bc68-4c60-98d9-07ff267224c5,completed,2026-06-19 19:53:02.941162+00:00,2026-06-19 19:53:03.054430+00:00
1a48d5ff-7889-496e-a3f0-2b1442e8458c,completed,2026-06-19 19:53:02.815678+00:00,2026-06-19 19:53:02.934172+00:00
02625e49-ef52-4bbe-9516-1f2b08643fba,completed,2026-06-19 19:53:03.315772+00:00,2026-06-19 19:53:03.430839+00:00
4d0ed3e9-ca8f-4991-80c4-65a9fd7f6f82,completed,2026-06-19 19:53:02.618560+00:00,2026-06-19 19:53:02.744239+00:00
fadb4e83-922e-45b4-b045-e4a0e60f379a,completed,2026-06-19 19:53:02.840320+00:00,2026-06-19 19:53:02.962693+00:00
0e79e3f4-4d26-46dd-974d-0c183b784ef9,completed,2026-06-19 19:53:02.641754+00:00,2026-06-19 19:53:02.776265+00:00
04175bb0-3563-438a-9130-55160578c37e,completed,2026-06-19 19:53:02.666952+00:00,2026-06-19 19:53:02.791823+00:00
66784145-1480-4a6e-a067-bbd9294dc49c,completed,2026-06-19 19:53:02.691973+00:00,2026-06-19 19:53:02.800024+00:00
8b8f73ef-3a7a-441a-9bc6-3dfc97bd83a1,completed,2026-06-19 19:53:03.241001+00:00,2026-06-19 19:53:03.361595+00:00
3288eb93-b710-473e-80b9-854b4e4a2ee3,completed,2026-06-19 19:53:02.715408+00:00,2026-06-19 19:53:02.832563+00:00
71391246-c8d4-401a-b796-7ed1ebf6491b,completed,2026-06-19 19:53:02.965412+00:00,2026-06-19 19:53:03.085384+00:00
82f368c2-b7f6-4cdf-97cb-c466fb7753d2,completed,2026-06-19 19:53:02.740407+00:00,2026-06-19 19:53:02.844586+00:00
f0ba3c60-3600-41a0-b9e8-63af5c22689d,completed,2026-06-19 19:53:02.766393+00:00,2026-06-19 19:53:02.885306+00:00
018c0ce0-7c73-427e-8f71-fe8416fcbdc5,completed,2026-06-19 19:53:03.140533+00:00,2026-06-19 19:53:03.260261+00:00
474f694f-e6d6-414b-9403-07ce55137927,completed,2026-06-19 19:53:03.015550+00:00,2026-06-19 19:53:03.171050+00:00
727436cc-b5c0-497b-a2eb-cf997fdca630,completed,2026-06-19 19:53:02.864744+00:00,2026-06-19 19:53:02.982935+00:00
abe10dc8-4877-4fea-8e7e-b002d8aa1dc7,completed,2026-06-19 19:53:02.890488+00:00,2026-06-19 19:53:03.000528+00:00
59f82683-e472-43f0-b17f-d30e6ebde961,completed,2026-06-19 19:53:02.915088+00:00,2026-06-19 19:53:03.027770+00:00
f7afccb1-2780-496b-a3a9-4359450903ff,completed,2026-06-19 19:53:02.991392+00:00,2026-06-19 19:53:03.129535+00:00
ae10ec71-4249-438c-a8f0-934a48305901,completed,2026-06-19 19:53:03.165203+00:00,2026-06-19 19:53:03.287664+00:00
d5e0ea8e-a7e3-4f69-974f-42ce21b4366b,completed,2026-06-19 19:53:03.040997+00:00,2026-06-19 19:53:03.160337+00:00
8a498e06-f829-41c8-b4ba-7d8b069aba2e,completed,2026-06-19 19:53:03.066542+00:00,2026-06-19 19:53:03.199980+00:00
eeaa5cfd-4e54-419d-b9de-60c164cdf116,completed,2026-06-19 19:53:03.092011+00:00,2026-06-19 19:53:03.244670+00:00
06ee6ab6-d8cb-4a1d-9fde-301a2dabfeec,completed,2026-06-19 19:53:03.116498+00:00,2026-06-19 19:53:03.244597+00:00
210ea27f-cf86-4fbe-bfcb-d56a345b64a7,completed,2026-06-19 19:53:03.265469+00:00,2026-06-19 19:53:03.392339+00:00
ed433afe-da27-41ec-bb26-e5d43cc1f613,completed,2026-06-19 19:53:03.290909+00:00,2026-06-19 19:53:03.404877+00:00
090164e5-1a8a-4f0a-a711-6f3ffdba6700,completed,2026-06-19 19:53:03.341941+00:00,2026-06-19 19:53:03.463538+00:00
8058c7ca-ccc1-4690-8584-fc164e92c003,completed,2026-06-19 19:53:03.189494+00:00,2026-06-19 19:53:03.343656+00:00
7f0c189f-76ef-45a5-b0c3-e0ea7b33009f,completed,2026-06-19 19:53:03.214994+00:00,2026-06-19 19:53:03.348226+00:00
957e7084-0ba7-460f-85b5-a2744f655d16,completed,2026-06-19 19:52:53.970134+00:00,2026-06-19 19:52:54.083607+00:00
3d9a7ab2-e15f-4f2f-be49-8c539432c0c3,completed,2026-06-19 19:52:53.649710+00:00,2026-06-19 19:52:53.766705+00:00
7cc024d5-0cd1-4233-bb48-1d7b521f3939,completed,2026-06-19 19:52:53.678026+00:00,2026-06-19 19:52:53.785909+00:00
c42bc135-353f-464b-a024-1702b6e6844c,completed,2026-06-19 19:52:53.434842+00:00,2026-06-19 19:52:53.561784+00:00
ebe8be9d-d46d-431d-a16f-69c2e14b7600,completed,2026-06-19 19:52:53.462512+00:00,2026-06-19 19:52:53.573449+00:00
74853d71-a83d-4ab5-a47f-a5464b79ea80,completed,2026-06-19 19:52:53.707692+00:00,2026-06-19 19:52:53.816845+00:00
188ba685-e8a0-4044-965c-7d1219b6042c,completed,2026-06-19 19:52:53.495756+00:00,2026-06-19 19:52:53.619743+00:00
b7381fdd-5153-4e27-9b6f-cb692d8354f1,completed,2026-06-19 19:52:54.131815+00:00,2026-06-19 19:52:54.278212+00:00
b15e8851-3f4d-4f8e-9c78-1cf88d657cb9,completed,2026-06-19 19:52:53.522093+00:00,2026-06-19 19:52:53.660537+00:00
94bbad96-a951-471a-8f5c-c6787c0085cf,completed,2026-06-19 19:52:53.543065+00:00,2026-06-19 19:52:53.669125+00:00
c8f0b2f8-fbcb-40cd-8ab2-17db42c4dddd,completed,2026-06-19 19:52:53.839633+00:00,2026-06-19 19:52:53.947876+00:00
9d7d34b4-babe-4637-b2ef-5116bc84a4a8,completed,2026-06-19 19:52:53.596153+00:00,2026-06-19 19:52:53.702372+00:00
09aa3208-e320-4374-a1b7-07320d1cd50c,completed,2026-06-19 19:52:53.569245+00:00,2026-06-19 19:52:53.706391+00:00
18a4f742-9da4-4e29-9501-bbb1baccbbde,completed,2026-06-19 19:52:53.816103+00:00,2026-06-19 19:52:53.951020+00:00
8b831144-d2dc-4987-a48d-22e2425cf664,completed,2026-06-19 19:52:53.623294+00:00,2026-06-19 19:52:53.738636+00:00
4e429cac-113d-4139-a78a-1772b363a3de,completed,2026-06-19 19:52:53.918604+00:00,2026-06-19 19:52:54.040935+00:00
236e6606-0537-48cb-b695-17f8442f4247,completed,2026-06-19 19:52:53.737815+00:00,2026-06-19 19:52:53.849682+00:00
36dec8d6-28b3-4b53-80d8-ca30c176acfe,completed,2026-06-19 19:52:53.758075+00:00,2026-06-19 19:52:53.874024+00:00
f1b06061-335a-48db-a031-65540b98dab9,completed,2026-06-19 19:52:54.212234+00:00,2026-06-19 19:52:54.332792+00:00
44bb376e-fc8c-48ad-84bf-0466f5ab15b7,completed,2026-06-19 19:52:53.784389+00:00,2026-06-19 19:52:53.919091+00:00
020f1fec-fe0c-469f-9184-ed13cae4a1e6,completed,2026-06-19 19:52:54.026155+00:00,2026-06-19 19:52:54.138346+00:00
7dca940c-1fcf-4405-b815-dad76af6adcb,completed,2026-06-19 19:52:53.863436+00:00,2026-06-19 19:52:53.981846+00:00
e402cfa5-3bba-438a-ae5a-e01d21550f34,completed,2026-06-19 19:52:53.890997+00:00,2026-06-19 19:52:53.996705+00:00
f8d39571-a752-4089-bddc-ec47946f2518,completed,2026-06-19 19:52:54.051687+00:00,2026-06-19 19:52:54.177915+00:00
d202299a-7d3c-4644-8ec4-171a16fcc50f,completed,2026-06-19 19:52:53.944264+00:00,2026-06-19 19:52:54.074070+00:00
ec6582d1-3665-421e-bbc9-0a02f034261e,completed,2026-06-19 19:52:54.239309+00:00,2026-06-19 19:52:54.364511+00:00
0f6f33fa-9c7d-411b-a44b-e3832e02e042,completed,2026-06-19 19:52:54.193540+00:00,2026-06-19 19:52:54.309459+00:00
653714f5-6eed-4f09-99d5-cc015fd27461,completed,2026-06-19 19:52:53.998455+00:00,2026-06-19 19:52:54.139154+00:00
67131835-e2cf-48c4-9ed5-f0835c4a0573,completed,2026-06-19 19:52:54.077657+00:00,2026-06-19 19:52:54.213693+00:00
f5659d92-e18a-4598-996b-e207fadd3ca8,completed,2026-06-19 19:52:54.104231+00:00,2026-06-19 19:52:54.228176+00:00
02d6ad26-5544-4a4f-b7e1-826478130793,completed,2026-06-19 19:52:54.158648+00:00,2026-06-19 19:52:54.269303+00:00
5b182024-5f37-445b-b611-47417fd84264,completed,2026-06-19 19:52:53.406514+00:00,2026-06-19 19:52:53.526983+00:00
6ebf9914-1375-46d9-9f18-8a08a7e3e925,completed,2026-06-19 19:53:02.592201+00:00,2026-06-19 19:53:02.708012+00:00
96c9a168-709c-47b9-8f47-ca39e30b3d3b,completed,2026-06-19 19:53:03.440000+00:00,2026-06-19 19:53:03.552049+00:00
bef2921d-2cb1-48de-9c0c-30e379f968e9,completed,2026-06-19 19:53:04.677859+00:00,2026-06-19 19:53:04.795942+00:00
0b0e6b91-3678-47cf-a762-f44be40af0b8,completed,2026-06-19 19:53:04.804081+00:00,2026-06-19 19:53:04.944054+00:00
f7342efa-7449-4f2f-854e-54eb4c277c8b,completed,2026-06-19 19:53:04.873673+00:00,2026-06-19 19:53:04.997056+00:00
5fd4e9ad-4e91-452e-8d02-f56d02fa953b,completed,2026-06-19 19:53:05.035845+00:00,2026-06-19 19:53:05.159061+00:00
5d63a1ae-4bf3-412f-acae-d878d297c02c,completed,2026-06-19 19:53:05.044206+00:00,2026-06-19 19:53:05.179040+00:00
175cf134-5863-4186-8fb5-49d0fab9c9b1,completed,2026-06-19 19:53:05.191300+00:00,2026-06-19 19:53:05.308321+00:00
ad705da4-0487-41ba-a9a0-da65670292a9,completed,2026-06-19 19:53:05.178332+00:00,2026-06-19 19:53:05.308602+00:00
e83b42ef-53e8-416d-a9b5-f0767aaf9f55,completed,2026-06-19 19:53:05.826325+00:00,2026-06-19 19:53:05.971281+00:00
7901ee12-1921-4d0e-b7e7-00ed9725783d,completed,2026-06-19 19:53:05.399109+00:00,2026-06-19 19:53:05.517178+00:00
b15b9a4c-7a83-41e2-a9bb-bc33b2411db7,completed,2026-06-19 19:53:05.391705+00:00,2026-06-19 19:53:05.551806+00:00
b2472e4a-0254-4157-a7f9-0c780580de97,completed,2026-06-19 19:53:05.629225+00:00,2026-06-19 19:53:05.758271+00:00
a37ee832-b275-460d-a4d3-cf6e9a591dcf,completed,2026-06-19 19:53:05.690535+00:00,2026-06-19 19:53:05.868448+00:00
6b00e816-f696-4cb8-8fa1-1de2cc7c7b32,completed,2026-06-19 19:53:06.715875+00:00,2026-06-19 19:53:06.905175+00:00
1ee6a335-987f-4e68-a6ce-171ec636792d,completed,2026-06-19 19:53:06.253157+00:00,2026-06-19 19:53:06.385150+00:00
0b83e0ac-9711-4d10-8f8c-383b19a7d856,completed,2026-06-19 19:53:05.865636+00:00,2026-06-19 19:53:05.993767+00:00
afa3785a-ed86-4010-98b0-b08f8bcc2c7e,completed,2026-06-19 19:53:05.892467+00:00,2026-06-19 19:53:06.042597+00:00
74c020dd-2c18-49db-8fbf-cf9b05a3520d,completed,2026-06-19 19:53:06.026503+00:00,2026-06-19 19:53:06.152285+00:00
946bd8a2-97fe-4eb1-a985-23aeba45b6c7,completed,2026-06-19 19:53:06.057578+00:00,2026-06-19 19:53:06.180966+00:00
64ad54ea-2c12-4a35-883b-69fc56916e3b,completed,2026-06-19 19:53:06.049422+00:00,2026-06-19 19:53:06.188040+00:00
7e322ab0-002b-4bda-8d37-33eac853ed7f,completed,2026-06-19 19:53:06.678892+00:00,2026-06-19 19:53:06.802296+00:00
d62175ef-434b-422c-bdac-1fe690d6234a,completed,2026-06-19 19:53:06.440804+00:00,2026-06-19 19:53:06.601568+00:00
28342470-cc27-462e-b0ec-d8dacd8e1815,completed,2026-06-19 19:53:06.467258+00:00,2026-06-19 19:53:06.607843+00:00
23d1f761-e96d-4c35-9c63-f54ec7499697,completed,2026-06-19 19:53:06.497723+00:00,2026-06-19 19:53:06.624550+00:00
7d6197fc-897a-40ab-aa41-a564c5c9ed3f,completed,2026-06-19 19:53:06.675691+00:00,2026-06-19 19:53:06.809709+00:00
1f98983a-e1f8-4a97-984b-11a43b34e6a9,completed,2026-06-19 19:53:06.699021+00:00,2026-06-19 19:53:06.829789+00:00
07a2a8d6-5f3f-4c7c-972d-0fab67bc7983,completed,2026-06-19 19:53:06.515986+00:00,2026-06-19 19:53:06.687749+00:00
5644a9a2-56da-4dc8-82bb-3b1c0336efa8,completed,2026-06-19 19:53:06.647624+00:00,2026-06-19 19:53:06.772302+00:00
2805375a-6e68-46ff-a026-45a71b5418cc,completed,2026-06-19 19:53:06.654821+00:00,2026-06-19 19:53:06.797505+00:00
11712171-3889-4939-bea6-35e2017c007f,completed,2026-06-19 19:52:54.615806+00:00,2026-06-19 19:52:54.759247+00:00
d19537a1-cc96-40f3-9f7a-0f507e3b6a9c,completed,2026-06-19 19:52:54.746693+00:00,2026-06-19 19:52:54.876877+00:00
39b57636-23aa-4d5a-89c8-78952f9e0324,completed,2026-06-19 19:52:54.478453+00:00,2026-06-19 19:52:54.625289+00:00
90613b48-67bd-485b-8cee-4a9c45957407,completed,2026-06-19 19:52:54.504669+00:00,2026-06-19 19:52:54.636202+00:00
b56b01af-7d7e-4b41-b486-8fcae48d4162,completed,2026-06-19 19:52:54.265109+00:00,2026-06-19 19:52:54.393325+00:00
8c8dceb5-9c9f-45ec-b5be-c26dec4b064c,completed,2026-06-19 19:52:54.292526+00:00,2026-06-19 19:52:54.397468+00:00
082f61f1-d7ae-4a37-9746-62f6c98257a0,completed,2026-06-19 19:52:54.730647+00:00,2026-06-19 19:52:54.878364+00:00
1abd0902-d39d-4aec-8b3d-52c538870304,completed,2026-06-19 19:52:54.319146+00:00,2026-06-19 19:52:54.432462+00:00
8433e8c9-b127-487e-8ce1-123182a5428a,completed,2026-06-19 19:52:54.531481+00:00,2026-06-19 19:52:54.650117+00:00
e8616494-5b3c-489d-adfc-5bcf587e4ae7,completed,2026-06-19 19:52:54.344001+00:00,2026-06-19 19:52:54.467264+00:00
2114493a-d8cf-49cf-8f72-d87d5c23fb46,completed,2026-06-19 19:52:54.637301+00:00,2026-06-19 19:52:54.767723+00:00
f03c1391-6552-467e-b02b-9cd9f8f799e7,completed,2026-06-19 19:52:54.373824+00:00,2026-06-19 19:52:54.483996+00:00
a777e536-156a-4230-9219-faae72ff4af4,completed,2026-06-19 19:52:54.399355+00:00,2026-06-19 19:52:54.515579+00:00
47809109-9c08-4d35-90ce-fe250d1790be,completed,2026-06-19 19:52:54.798707+00:00,2026-06-19 19:52:54.904120+00:00
6b265574-8aac-443b-805d-972689f4556c,completed,2026-06-19 19:52:54.424052+00:00,2026-06-19 19:52:54.551937+00:00
5e55ea5f-3092-4108-b60f-c13a43384c41,completed,2026-06-19 19:52:54.667544+00:00,2026-06-19 19:52:54.784073+00:00
de4a6579-955c-42dd-b5be-f2ddfa8f9adb,completed,2026-06-19 19:52:54.451688+00:00,2026-06-19 19:52:54.570047+00:00
b2621e87-adc7-49d6-9134-7ea37383b734,completed,2026-06-19 19:52:54.770850+00:00,2026-06-19 19:52:54.880133+00:00
faf96cb4-2268-40cd-b955-e6a43d17b218,completed,2026-06-19 19:52:54.558200+00:00,2026-06-19 19:52:54.676327+00:00
48ad8fd8-8f65-4887-a476-bf0e4aa93a04,completed,2026-06-19 19:52:54.584301+00:00,2026-06-19 19:52:54.713961+00:00
cff81fd3-acf7-4482-8636-463d3acbd650,completed,2026-06-19 19:52:54.823861+00:00,2026-06-19 19:52:54.934526+00:00
cc541e81-ba59-45dd-8771-6d4b67844a19,completed,2026-06-19 19:52:54.981622+00:00,2026-06-19 19:52:55.093747+00:00
071b6816-579e-44c4-99dd-b6c5b1a00358,completed,2026-06-19 19:52:54.701435+00:00,2026-06-19 19:52:54.808579+00:00
ff1e59dd-9116-4af1-a1f7-b8b703b438ed,completed,2026-06-19 19:52:54.848285+00:00,2026-06-19 19:52:54.976402+00:00
c3d96de4-a3be-4288-b32d-3a47960f9da5,completed,2026-06-19 19:52:55.005834+00:00,2026-06-19 19:52:55.122024+00:00
0b903567-686f-4c5e-8cb4-373212c93d39,completed,2026-06-19 19:52:55.033383+00:00,2026-06-19 19:52:55.151210+00:00
2bdedcd5-6cee-46a6-96ae-b99f219d177d,completed,2026-06-19 19:52:55.059430+00:00,2026-06-19 19:52:55.194180+00:00
a1ddb34e-4acb-4243-b298-2257dc4864d1,completed,2026-06-19 19:52:54.881390+00:00,2026-06-19 19:52:54.997386+00:00
9e3f2133-bb60-4d66-9da5-9e7fd6d18800,completed,2026-06-19 19:52:54.900234+00:00,2026-06-19 19:52:55.028664+00:00
39d05fb2-1b46-4ddc-8138-b08c752fe418,completed,2026-06-19 19:52:54.933975+00:00,2026-06-19 19:52:55.046954+00:00
112a7f38-d859-4fd6-8e56-31aeaba3cd5d,completed,2026-06-19 19:52:54.953707+00:00,2026-06-19 19:52:55.078473+00:00
96a23284-ef2a-4ea4-814b-5603fedbf7ba,completed,2026-06-19 19:52:55.270360+00:00,2026-06-19 19:52:55.401965+00:00
cc9d27e7-43fd-4983-aa12-c11b17cf83d8,completed,2026-06-19 19:52:55.611936+00:00,2026-06-19 19:52:55.745068+00:00
8d0cfa40-06b2-4e04-972e-5968c057b04c,completed,2026-06-19 19:52:55.295994+00:00,2026-06-19 19:52:55.426334+00:00
4c98049a-f63a-493b-87ba-d2dfd8c19ebb,completed,2026-06-19 19:52:55.454045+00:00,2026-06-19 19:52:55.566605+00:00
1d5e6f88-8a94-4e7c-8a37-6d15e6ebf917,completed,2026-06-19 19:52:55.085120+00:00,2026-06-19 19:52:55.214724+00:00
48193ac8-a3cf-4ba2-b33f-1eb7bccdf161,completed,2026-06-19 19:52:55.322463+00:00,2026-06-19 19:52:55.436091+00:00
f0432782-cea3-47b2-9bff-c9495d23aed7,completed,2026-06-19 19:52:55.113860+00:00,2026-06-19 19:52:55.237697+00:00
ace3fd5e-2980-461f-b024-8cdb7d583950,completed,2026-06-19 19:52:55.139771+00:00,2026-06-19 19:52:55.265971+00:00
74aecb7b-59e5-4a7b-946d-c8cb83f2270c,completed,2026-06-19 19:52:55.164715+00:00,2026-06-19 19:52:55.292052+00:00
5e555a0a-de76-433f-b9b1-9513d5328a75,completed,2026-06-19 19:52:55.192321+00:00,2026-06-19 19:52:55.319676+00:00
727572e6-6e0e-4e14-adf5-2b820bf28e0e,completed,2026-06-19 19:52:55.217277+00:00,2026-06-19 19:52:55.341596+00:00
4d4deff1-ad5e-4e59-a862-d61dbd62f54d,completed,2026-06-19 19:52:55.793491+00:00,2026-06-19 19:52:55.920070+00:00
9381c521-1aef-4adf-ac3d-ea284a072482,completed,2026-06-19 19:52:55.244435+00:00,2026-06-19 19:52:55.373133+00:00
c1c62866-73af-45f6-957f-47f1c6e7e6a7,completed,2026-06-19 19:52:55.480973+00:00,2026-06-19 19:52:55.619336+00:00
09013562-f4b4-48bc-bd0c-30bad2e30b3f,completed,2026-06-19 19:52:55.819765+00:00,2026-06-19 19:52:55.934380+00:00
981d19f6-8730-4c31-986f-f20b7fe256fa,completed,2026-06-19 19:52:55.350740+00:00,2026-06-19 19:52:55.482190+00:00
42424944-e508-41b2-b5f2-eb3d4f96f20c,completed,2026-06-19 19:52:55.375639+00:00,2026-06-19 19:52:55.509267+00:00
c9d0fc50-5e66-4e0b-94aa-a3a9da02f770,completed,2026-06-19 19:52:55.846951+00:00,2026-06-19 19:52:55.974497+00:00
4f523187-aa83-4648-b027-f644e8a9bedb,completed,2026-06-19 19:52:55.400857+00:00,2026-06-19 19:52:55.515163+00:00
f287fd98-b424-44c3-a952-529bab67688f,completed,2026-06-19 19:52:55.559680+00:00,2026-06-19 19:52:55.695424+00:00
a9ec17bc-25cb-4878-b462-2f48be9dd88c,completed,2026-06-19 19:52:55.427600+00:00,2026-06-19 19:52:55.547206+00:00
3b3fc6f3-0d57-426f-9583-058fd01df221,completed,2026-06-19 19:52:55.505719+00:00,2026-06-19 19:52:55.627313+00:00
be401be9-0d04-48df-91fd-7be6fbf52cc4,completed,2026-06-19 19:52:55.664718+00:00,2026-06-19 19:52:55.784690+00:00
6364dc65-2d78-4982-96c7-5cd25401bc14,completed,2026-06-19 19:52:55.532417+00:00,2026-06-19 19:52:55.655208+00:00
2fabc2d8-abc8-4760-a10e-b8208209e017,completed,2026-06-19 19:52:55.584692+00:00,2026-06-19 19:52:55.711999+00:00
6e50eb0a-0af3-4d32-a5ac-4956fe913800,completed,2026-06-19 19:52:55.742976+00:00,2026-06-19 19:52:55.859229+00:00
83346fc1-66b0-4d0f-b478-b7a912549ca8,completed,2026-06-19 19:52:55.636958+00:00,2026-06-19 19:52:55.750562+00:00
17597dae-6581-43e8-b485-0d256fee75c2,completed,2026-06-19 19:52:55.690737+00:00,2026-06-19 19:52:55.801348+00:00
f13b5284-cb0e-4cf2-8067-80bf60d9de4e,completed,2026-06-19 19:52:55.872417+00:00,2026-06-19 19:52:56.005699+00:00
b4b6c3f0-346c-4da1-a4ec-478692bf40b1,completed,2026-06-19 19:52:55.714866+00:00,2026-06-19 19:52:55.854183+00:00
ca4e5621-93ad-4cca-bf3e-cc2f130e5707,completed,2026-06-19 19:52:55.767770+00:00,2026-06-19 19:52:55.882163+00:00
181ca7f0-b4fb-4586-8413-88aa75a829e8,completed,2026-06-19 19:52:56.418383+00:00,2026-06-19 19:52:56.538762+00:00
f6f69991-2964-40b1-8c51-b8cd4e236447,completed,2026-06-19 19:52:56.262483+00:00,2026-06-19 19:52:56.377005+00:00
ea59f84a-bd51-4c4b-80f7-8cbe81be19f2,completed,2026-06-19 19:52:56.125649+00:00,2026-06-19 19:52:56.244324+00:00
c88618e3-4a30-4767-80b4-05523ccfdf65,completed,2026-06-19 19:52:56.134146+00:00,2026-06-19 19:52:56.245565+00:00
5fa425b2-3491-4875-ba5f-c4e1c88b0f79,completed,2026-06-19 19:52:55.898674+00:00,2026-06-19 19:52:56.023417+00:00
a662e5df-48c7-4130-87bc-5143f10962b3,completed,2026-06-19 19:52:55.924095+00:00,2026-06-19 19:52:56.038101+00:00
c2b9ff6e-9992-4be5-ae67-f48381c779b2,completed,2026-06-19 19:52:56.340538+00:00,2026-06-19 19:52:56.479078+00:00
a8486f00-3943-4088-b17d-d46dfd646866,completed,2026-06-19 19:52:55.950788+00:00,2026-06-19 19:52:56.088755+00:00
38ee81ed-265e-4a28-b87b-c766e1fbfb8a,completed,2026-06-19 19:52:55.979631+00:00,2026-06-19 19:52:56.092191+00:00
e3a3041c-2e82-457b-a030-ecd1d4ce6511,completed,2026-06-19 19:52:56.004585+00:00,2026-06-19 19:52:56.123924+00:00
af88271f-e921-4141-a028-0a8bf23b4ff6,completed,2026-06-19 19:52:56.029570+00:00,2026-06-19 19:52:56.148920+00:00
623a68d7-169e-430e-8e80-1670ac8f24b9,completed,2026-06-19 19:52:56.600226+00:00,2026-06-19 19:52:56.714712+00:00
52106012-1de5-4582-a7b7-27e87488a302,completed,2026-06-19 19:52:56.055840+00:00,2026-06-19 19:52:56.184805+00:00
bb79f7cd-4ff7-49da-95ae-cf3757790745,completed,2026-06-19 19:52:56.118124+00:00,2026-06-19 19:52:56.281167+00:00
e76a8cc3-f218-48fa-8840-954dc665d14d,completed,2026-06-19 19:52:56.158744+00:00,2026-06-19 19:52:56.298902+00:00
8b5be001-77bb-4706-b09a-b554757fcb40,completed,2026-06-19 19:52:56.184917+00:00,2026-06-19 19:52:56.316931+00:00
bd853099-c1e1-4291-8dd7-75e882b41619,completed,2026-06-19 19:52:56.366932+00:00,2026-06-19 19:52:56.480064+00:00
07ddde5d-c88d-4763-8a0f-dbf1a3af7e42,completed,2026-06-19 19:52:56.210296+00:00,2026-06-19 19:52:56.338454+00:00
51d61b2d-aa0a-40ea-abf9-a3f0276b69f5,completed,2026-06-19 19:52:56.237006+00:00,2026-06-19 19:52:56.345085+00:00
923b09d7-0706-47ec-8b8b-1994f4163b67,completed,2026-06-19 19:52:56.469186+00:00,2026-06-19 19:52:56.583500+00:00
deab6a29-a579-40aa-a0c4-725ffb7a4f62,completed,2026-06-19 19:52:56.316738+00:00,2026-06-19 19:52:56.452662+00:00
87f2d0dc-f9b4-4fe0-b79e-4c48e1086234,completed,2026-06-19 19:52:56.328577+00:00,2026-06-19 19:52:56.465908+00:00
05044359-8d09-433e-9743-b362e6d15484,completed,2026-06-19 19:52:56.626187+00:00,2026-06-19 19:52:56.747669+00:00
1a84c889-1919-499b-b856-e0668c2ff12b,completed,2026-06-19 19:52:56.650724+00:00,2026-06-19 19:52:56.781015+00:00
42d6ab90-bdc4-4f04-a681-e46152736964,completed,2026-06-19 19:52:56.392113+00:00,2026-06-19 19:52:56.520588+00:00
9bf31827-380f-47ec-97f2-b359e4c9e5a0,completed,2026-06-19 19:52:56.676574+00:00,2026-06-19 19:52:56.880148+00:00
d3ea92df-13af-41b3-b02e-e8b48f9106ca,completed,2026-06-19 19:52:56.443521+00:00,2026-06-19 19:52:56.575774+00:00
5678a9b1-1a16-46be-b17e-ba9b45ec9da6,completed,2026-06-19 19:52:56.495173+00:00,2026-06-19 19:52:56.614981+00:00
bc2a287c-c5f3-48c3-b286-cb741f0091f7,completed,2026-06-19 19:52:56.520859+00:00,2026-06-19 19:52:56.631849+00:00
70d80225-acef-446f-96a5-72715aed4a42,completed,2026-06-19 19:52:56.551783+00:00,2026-06-19 19:52:56.671895+00:00
f66f2aa4-022e-4556-b080-60c0aadfd34d,completed,2026-06-19 19:52:56.575546+00:00,2026-06-19 19:52:56.697549+00:00
eadd68ae-a432-482e-8c6d-2792bba13dc0,completed,2026-06-19 19:52:56.886364+00:00,2026-06-19 19:52:57.029455+00:00
29c2303b-3a5b-4e0b-a806-0626ff82859c,completed,2026-06-19 19:52:56.908479+00:00,2026-06-19 19:52:57.036760+00:00
e7d98342-af8d-46b7-9853-8a4355ad3a83,completed,2026-06-19 19:52:56.701654+00:00,2026-06-19 19:52:56.824870+00:00
71dbf692-8e64-4ea7-a914-7a799a96f820,completed,2026-06-19 19:52:56.933643+00:00,2026-06-19 19:52:57.059239+00:00
dc5b3161-099c-47d0-b732-0e074c11d57c,completed,2026-06-19 19:52:56.728278+00:00,2026-06-19 19:52:56.851797+00:00
a0133cab-8c79-436e-baa2-01584fc2bbc3,completed,2026-06-19 19:52:56.754037+00:00,2026-06-19 19:52:56.862881+00:00
b0390c4a-6243-4805-8a90-89ad5e4e719e,completed,2026-06-19 19:52:57.219248+00:00,2026-06-19 19:52:57.354489+00:00
b5a20e98-c20e-49f2-a501-cae8d7440b69,completed,2026-06-19 19:52:56.779151+00:00,2026-06-19 19:52:56.894958+00:00
ad922e21-2a49-4183-8e89-8c97b0d06211,completed,2026-06-19 19:52:57.063576+00:00,2026-06-19 19:52:57.202150+00:00
570168b0-68f7-40f0-ba33-260bc865ed15,completed,2026-06-19 19:52:56.804995+00:00,2026-06-19 19:52:56.930237+00:00
38a584e3-cb67-4e1b-a484-ca88d0af9783,completed,2026-06-19 19:52:56.830325+00:00,2026-06-19 19:52:56.952315+00:00
b5bbfae2-b0ac-417f-8190-f7336dbdf6e8,completed,2026-06-19 19:52:57.395317+00:00,2026-06-19 19:52:57.512776+00:00
b38ee1ba-66b9-4610-ac5f-9d0f0805ec49,completed,2026-06-19 19:52:56.856068+00:00,2026-06-19 19:52:56.972255+00:00
90ac0c7b-6ada-4276-acfd-59a492e9957b,completed,2026-06-19 19:52:57.114215+00:00,2026-06-19 19:52:57.225852+00:00
6ea4af3f-d0f9-4cc5-992f-7f8a0b626f7e,completed,2026-06-19 19:52:57.165128+00:00,2026-06-19 19:52:57.270293+00:00
3cf0f3bc-5b4d-489b-b2cf-e268042773ed,completed,2026-06-19 19:52:56.959416+00:00,2026-06-19 19:52:57.069329+00:00
2d6f9570-39b6-4e95-a5ea-a67e40308441,completed,2026-06-19 19:52:57.318698+00:00,2026-06-19 19:52:57.430766+00:00
2ae2e609-b25e-41fd-a666-8db99209d4e7,completed,2026-06-19 19:52:56.984454+00:00,2026-06-19 19:52:57.111976+00:00
a69961c4-d346-45f6-a9a4-3753350339a0,completed,2026-06-19 19:52:57.010943+00:00,2026-06-19 19:52:57.138847+00:00
760c442c-9a73-4f3b-802c-05824fe13615,completed,2026-06-19 19:52:57.450213+00:00,2026-06-19 19:52:57.568156+00:00
7f06f57e-514b-44c3-9fa9-d8cabba23a78,completed,2026-06-19 19:52:57.036744+00:00,2026-06-19 19:52:57.158346+00:00
24a28a7a-418f-4cec-b682-1c17008dc32e,completed,2026-06-19 19:52:57.089865+00:00,2026-06-19 19:52:57.227361+00:00
45b3bc6a-c9c9-4c1e-afb3-075ed5c60df4,completed,2026-06-19 19:52:57.140031+00:00,2026-06-19 19:52:57.267687+00:00
fd41a754-b36a-4b50-8222-8c9ee7370e7c,completed,2026-06-19 19:52:57.192819+00:00,2026-06-19 19:52:57.338446+00:00
2426dded-7b3f-4086-b6cc-30cfea5be353,completed,2026-06-19 19:52:57.242519+00:00,2026-06-19 19:52:57.359567+00:00
1ba198cd-3b9d-48d6-a73e-216f0350918c,completed,2026-06-19 19:52:57.430090+00:00,2026-06-19 19:52:57.554844+00:00
fde72878-e52d-4408-8e48-9363017df95d,completed,2026-06-19 19:52:57.268413+00:00,2026-06-19 19:52:57.417879+00:00
aa432bc1-db0d-46af-ab1c-9dddc5568428,completed,2026-06-19 19:52:57.299611+00:00,2026-06-19 19:52:57.429043+00:00
8acc7795-b84b-4bdc-96a4-06f669b9fe8c,completed,2026-06-19 19:52:57.471615+00:00,2026-06-19 19:52:57.624633+00:00
445d8d06-bbfa-4c31-9bcd-8067c68d1a87,completed,2026-06-19 19:52:57.344407+00:00,2026-06-19 19:52:57.468178+00:00
8f331f81-6abd-484e-842e-375b6e642872,completed,2026-06-19 19:52:57.370099+00:00,2026-06-19 19:52:57.494571+00:00
10542d8d-4207-4b24-9c86-e11db6e2c907,completed,2026-06-19 19:52:57.679655+00:00,2026-06-19 19:52:57.805320+00:00
9916015a-3820-45f5-bfc3-5aabfd688dab,completed,2026-06-19 19:52:57.701831+00:00,2026-06-19 19:52:57.821144+00:00
14d1b234-41c9-4157-93d1-da11c97c20e7,completed,2026-06-19 19:52:58.212964+00:00,2026-06-19 19:52:58.356567+00:00
9f159365-e862-40d2-b6df-492a504bcd46,completed,2026-06-19 19:52:57.496701+00:00,2026-06-19 19:52:57.625923+00:00
31428a21-b2d5-47aa-941d-c03a33c96d53,completed,2026-06-19 19:52:57.727822+00:00,2026-06-19 19:52:57.837914+00:00
8cda1e5b-053a-4218-94ad-3ac5c8d51660,completed,2026-06-19 19:52:57.522904+00:00,2026-06-19 19:52:57.636606+00:00
f0173c50-6001-4cca-bc28-6b239cd090ca,completed,2026-06-19 19:52:57.548362+00:00,2026-06-19 19:52:57.655303+00:00
1aa21fa7-f027-4dcd-97b4-76ed48c52c5a,completed,2026-06-19 19:52:57.829640+00:00,2026-06-19 19:52:57.961897+00:00
8cefe3b1-a7eb-446a-a8fa-60f10aef9fc0,completed,2026-06-19 19:52:57.575128+00:00,2026-06-19 19:52:57.692868+00:00
93d7f752-b68d-4dcd-ae77-789ff430a156,completed,2026-06-19 19:52:57.854807+00:00,2026-06-19 19:52:57.968068+00:00
1bef5cb3-16c7-4209-a317-f01a77379b7e,completed,2026-06-19 19:52:57.600687+00:00,2026-06-19 19:52:57.715644+00:00
f5c631e6-7a5c-4074-976d-72a4aced2341,completed,2026-06-19 19:52:57.627471+00:00,2026-06-19 19:52:57.752475+00:00
a0b8f494-b409-4599-a1c6-30f7467fe834,completed,2026-06-19 19:52:58.038487+00:00,2026-06-19 19:52:58.143796+00:00
8fd83f1f-6423-4342-adce-bc1f3904ebe8,completed,2026-06-19 19:52:57.650676+00:00,2026-06-19 19:52:57.778904+00:00
a065bb92-5e1e-44ff-a65c-b69cedf61583,completed,2026-06-19 19:52:57.880750+00:00,2026-06-19 19:52:58.002007+00:00
94240731-f440-4cbb-999c-e0f743e8f61f,completed,2026-06-19 19:52:57.956977+00:00,2026-06-19 19:52:58.071856+00:00
aafb0c8a-0f16-4460-9a30-4e644a450312,completed,2026-06-19 19:52:57.751727+00:00,2026-06-19 19:52:57.869597+00:00
8447013f-28c3-485b-bdf2-9eb4506fc921,completed,2026-06-19 19:52:57.780510+00:00,2026-06-19 19:52:57.894402+00:00
68d9265f-0d1f-41a5-aa8f-57bffadf1553,completed,2026-06-19 19:52:58.235117+00:00,2026-06-19 19:52:58.358264+00:00
05048255-070b-465a-a7d4-4b86abe04651,completed,2026-06-19 19:52:57.804051+00:00,2026-06-19 19:52:57.939170+00:00
bf37b812-9ca5-405b-81d9-854cb2e219e7,completed,2026-06-19 19:52:58.183711+00:00,2026-06-19 19:52:58.305187+00:00
ab862707-e687-4b26-8e7b-41335fd6e7a7,completed,2026-06-19 19:52:58.059591+00:00,2026-06-19 19:52:58.177628+00:00
0f5294f7-b94a-4d5c-bd02-621e1915c761,completed,2026-06-19 19:52:57.907014+00:00,2026-06-19 19:52:58.045378+00:00
e7b4d001-3510-46bd-b4f4-f42a718aeaa4,completed,2026-06-19 19:52:57.930038+00:00,2026-06-19 19:52:58.056568+00:00
c51a2687-41eb-437d-ad52-83f2cd291b7c,completed,2026-06-19 19:52:57.988521+00:00,2026-06-19 19:52:58.111708+00:00
187f9992-e535-4e1f-9f55-d37eee86ffd0,completed,2026-06-19 19:52:58.260470+00:00,2026-06-19 19:52:58.387308+00:00
1c78d62a-0bba-4ceb-a545-e306c46460ee,completed,2026-06-19 19:52:58.020252+00:00,2026-06-19 19:52:58.155838+00:00
11c14162-9b42-4056-87dd-5be979939d5c,completed,2026-06-19 19:52:58.082189+00:00,2026-06-19 19:52:58.207904+00:00
d277d2e1-47ca-4318-8472-ebe6c25f8b26,completed,2026-06-19 19:52:58.107657+00:00,2026-06-19 19:52:58.236794+00:00
2fd04d46-5a66-4edd-a8ad-0813518b3e3e,completed,2026-06-19 19:52:58.134716+00:00,2026-06-19 19:52:58.251632+00:00
2289d402-de53-4dc3-be3a-d6d3fa41996e,completed,2026-06-19 19:52:58.167120+00:00,2026-06-19 19:52:58.283157+00:00
4354c135-b872-4dc1-ac7a-220e6f741df2,completed,2026-06-19 19:52:58.614238+00:00,2026-06-19 19:52:58.760748+00:00
338c474f-0070-4206-80cc-da9d58ea120d,completed,2026-06-19 19:52:58.485982+00:00,2026-06-19 19:52:58.608051+00:00
3ef210a9-115e-4fb2-8c66-e93f2cfd2edc,completed,2026-06-19 19:52:59.042656+00:00,2026-06-19 19:52:59.165942+00:00
561b4424-4592-4e9e-9fc5-5137efb129db,completed,2026-06-19 19:52:58.512999+00:00,2026-06-19 19:52:58.628972+00:00
b988a902-523a-4457-98ea-dcfc0696802d,completed,2026-06-19 19:52:58.285858+00:00,2026-06-19 19:52:58.410091+00:00
cb887c17-8ccc-4f5e-b1a0-4374e1b14e65,completed,2026-06-19 19:52:58.311991+00:00,2026-06-19 19:52:58.439761+00:00
511e96ed-d3af-45c5-9940-2e2396471d60,completed,2026-06-19 19:52:58.739083+00:00,2026-06-19 19:52:58.861599+00:00
81fb5121-b2e6-4615-8bf8-c26f382a8baf,completed,2026-06-19 19:52:58.337255+00:00,2026-06-19 19:52:58.458768+00:00
f85c8380-8255-4813-8acf-02e529b88f37,completed,2026-06-19 19:52:58.537575+00:00,2026-06-19 19:52:58.653721+00:00
0317b5ae-7d73-440a-9937-20453fb28f2a,completed,2026-06-19 19:52:58.361293+00:00,2026-06-19 19:52:58.469342+00:00
24c33602-58e5-476e-ab9b-9f3d03f9bf01,completed,2026-06-19 19:52:58.386402+00:00,2026-06-19 19:52:58.508965+00:00
004e75ce-ac43-421a-a7f3-eb9d200bd7cc,completed,2026-06-19 19:52:58.638479+00:00,2026-06-19 19:52:58.767502+00:00
8369934e-c616-44e1-8dab-faff3da8a8c4,completed,2026-06-19 19:52:58.411538+00:00,2026-06-19 19:52:58.535358+00:00
efdbff1c-7e80-47d9-9244-02540616ffd8,completed,2026-06-19 19:52:58.790591+00:00,2026-06-19 19:52:58.912493+00:00
b6bf3693-4020-4123-8cd0-a848714a196d,completed,2026-06-19 19:52:58.437037+00:00,2026-06-19 19:52:58.564107+00:00
3c447a4c-1d4d-41c4-b846-6e098f635387,completed,2026-06-19 19:52:58.663348+00:00,2026-06-19 19:52:58.788690+00:00
267445fd-54e1-4d7e-9e7e-2b4a34b5a9f1,completed,2026-06-19 19:52:58.461201+00:00,2026-06-19 19:52:58.580555+00:00
d7172532-fd9f-4fcd-8bf1-c29d25c66751,completed,2026-06-19 19:52:58.562961+00:00,2026-06-19 19:52:58.706334+00:00
dfcfcfb4-3902-4895-8be8-27f0742ca738,completed,2026-06-19 19:52:58.587695+00:00,2026-06-19 19:52:58.714802+00:00
b11b4b6f-79ba-426c-a4dc-5770c12e5421,completed,2026-06-19 19:52:58.766252+00:00,2026-06-19 19:52:58.882661+00:00
cc0e0238-78b1-4aff-91fe-f477c0ce95c0,completed,2026-06-19 19:52:58.965522+00:00,2026-06-19 19:52:59.096242+00:00
976f661b-673d-4b4a-ba89-69b536cbfa46,completed,2026-06-19 19:52:58.689670+00:00,2026-06-19 19:52:58.825292+00:00
45dcf92e-1c4a-46f6-b876-688408d1a168,completed,2026-06-19 19:52:58.714048+00:00,2026-06-19 19:52:58.838233+00:00
9e6d5c79-ea75-48a2-a1f9-14aa3d5ab34d,completed,2026-06-19 19:52:58.914879+00:00,2026-06-19 19:52:59.032938+00:00
d5c08f8e-e5fb-49b9-8b03-ff879ed1075e,completed,2026-06-19 19:52:59.016977+00:00,2026-06-19 19:52:59.168262+00:00
93f8fdbe-ed38-478e-80e8-d3ab984fcd0a,completed,2026-06-19 19:52:58.815580+00:00,2026-06-19 19:52:58.923852+00:00
7160700e-a477-4341-9bb4-e3407ad76a69,completed,2026-06-19 19:52:58.999589+00:00,2026-06-19 19:52:59.126734+00:00
2f1bd99f-7e5e-4cdb-bfc9-40459fd39403,completed,2026-06-19 19:52:58.840220+00:00,2026-06-19 19:52:58.988734+00:00
ba657ed3-19ab-4ea1-9ade-7acfee8ae276,completed,2026-06-19 19:52:58.864922+00:00,2026-06-19 19:52:58.994325+00:00
0c7649d7-49f2-4b28-9a67-c97cb72bfe21,completed,2026-06-19 19:52:58.895912+00:00,2026-06-19 19:52:59.030499+00:00
537a16be-b06d-440f-a1ff-827011091c99,completed,2026-06-19 19:52:58.939944+00:00,2026-06-19 19:52:59.080002+00:00
38595a0e-adc1-4c79-93cb-c0bb9e723e81,completed,2026-06-19 19:52:59.569205+00:00,2026-06-19 19:52:59.677205+00:00
cabad7b3-3648-463e-95d3-d1b94e78c94e,completed,2026-06-19 19:52:59.264082+00:00,2026-06-19 19:52:59.378449+00:00
6ed4098a-9bb6-480f-8b08-ae537e3e22ff,completed,2026-06-19 19:52:59.765806+00:00,2026-06-19 19:52:59.884031+00:00
1fd847e5-0ab6-4344-bd8d-19903c3f59ae,completed,2026-06-19 19:52:59.289635+00:00,2026-06-19 19:52:59.411019+00:00
d8f4bfaf-8bbd-46f6-b60a-c2ffab0c4075,completed,2026-06-19 19:52:59.066009+00:00,2026-06-19 19:52:59.188554+00:00
8ae796f6-542f-44b8-ab9f-a86b3fdfc606,completed,2026-06-19 19:52:59.097803+00:00,2026-06-19 19:52:59.216551+00:00
305d5ed7-17d4-4710-aa16-e0b96ac34101,completed,2026-06-19 19:52:59.515217+00:00,2026-06-19 19:52:59.628862+00:00
a78e7d51-ae23-496f-af81-e831c0b9d1fc,completed,2026-06-19 19:52:59.116655+00:00,2026-06-19 19:52:59.240171+00:00
ad80928c-5a8f-4097-bf57-76b8790c956d,completed,2026-06-19 19:52:59.316872+00:00,2026-06-19 19:52:59.429635+00:00
104e12c2-68b3-47de-ac94-cf4cf2b72abd,completed,2026-06-19 19:52:59.142146+00:00,2026-06-19 19:52:59.264009+00:00
e881c118-033e-4cd9-aa8c-344a984e8c9f,completed,2026-06-19 19:52:59.414912+00:00,2026-06-19 19:52:59.526019+00:00
1a98fe3a-13fe-4537-8899-644dc059d8f1,completed,2026-06-19 19:52:59.166868+00:00,2026-06-19 19:52:59.285031+00:00
3df6c129-1300-4bf0-b781-c7abc1fc44af,completed,2026-06-19 19:52:59.191508+00:00,2026-06-19 19:52:59.334860+00:00
d902bd68-f9e3-409f-a876-4648d6ec1165,completed,2026-06-19 19:52:59.214705+00:00,2026-06-19 19:52:59.342513+00:00
4a616222-5d99-412e-af91-4812a59dc638,completed,2026-06-19 19:52:59.440520+00:00,2026-06-19 19:52:59.564384+00:00
a1e02087-1b0b-44b1-805c-1ba2b7469eb4,completed,2026-06-19 19:52:59.240166+00:00,2026-06-19 19:52:59.365168+00:00
d2396b69-77c0-4c32-a4c2-3f51ac74a0a7,completed,2026-06-19 19:52:59.789622+00:00,2026-06-19 19:52:59.912495+00:00
11c59593-187e-478d-8aed-59371269801a,completed,2026-06-19 19:52:59.339863+00:00,2026-06-19 19:52:59.476518+00:00
2fa112a7-03db-468e-a6a2-cf140000f023,completed,2026-06-19 19:52:59.368156+00:00,2026-06-19 19:52:59.483318+00:00
7b72531c-d842-49f9-8248-93c0ca60529d,completed,2026-06-19 19:52:59.539164+00:00,2026-06-19 19:52:59.647857+00:00
60044bd4-e78e-48b8-92a1-9483bd99811c,completed,2026-06-19 19:52:59.390042+00:00,2026-06-19 19:52:59.517398+00:00
b8cce0af-14c8-4b19-92fe-f9a54a51484e,completed,2026-06-19 19:52:59.616799+00:00,2026-06-19 19:52:59.717960+00:00
264be7e0-2822-417e-8d64-f2ede97d0d8e,completed,2026-06-19 19:52:59.464375+00:00,2026-06-19 19:52:59.584740+00:00
598aa77d-8c11-464c-bc1d-2efab2434efd,completed,2026-06-19 19:52:59.741319+00:00,2026-06-19 19:52:59.867861+00:00
f5d94ceb-42f1-4e37-a1a4-6c45ddb9bd14,completed,2026-06-19 19:52:59.490033+00:00,2026-06-19 19:52:59.614362+00:00
4d18c27e-72e8-42bb-91c0-5b6439f25e20,completed,2026-06-19 19:52:59.815600+00:00,2026-06-19 19:52:59.933697+00:00
89d47e7b-3646-4058-8f7a-263491ec8d33,completed,2026-06-19 19:52:59.595455+00:00,2026-06-19 19:52:59.713257+00:00
7b40e5c3-0669-4142-9e51-2f818735fb09,completed,2026-06-19 19:52:59.640327+00:00,2026-06-19 19:52:59.762955+00:00
d60440df-5491-4895-8028-90c96b586892,completed,2026-06-19 19:52:59.667403+00:00,2026-06-19 19:52:59.782511+00:00
9570f288-026b-46e1-bdf7-3dfbaede6859,completed,2026-06-19 19:52:59.689971+00:00,2026-06-19 19:52:59.815573+00:00
0600bd62-45fb-4ae7-9dff-c6e14b6dc86a,completed,2026-06-19 19:52:59.715836+00:00,2026-06-19 19:52:59.840883+00:00
1670010a-1b1d-43d0-932e-73dd52f5539f,completed,2026-06-19 19:53:00.339835+00:00,2026-06-19 19:53:00.468110+00:00
ff2c1c53-8d12-4789-a4f8-eb2e5f554061,completed,2026-06-19 19:53:00.040317+00:00,2026-06-19 19:53:00.148191+00:00
9d868a4a-3c44-4549-9bc5-3c2d16815b58,completed,2026-06-19 19:53:00.190256+00:00,2026-06-19 19:53:00.304669+00:00
cf656fe0-a707-4778-84da-8ebf20d786f4,completed,2026-06-19 19:52:59.839647+00:00,2026-06-19 19:52:59.955815+00:00
7f705272-6c95-4bfc-8fd3-3464ce76318e,completed,2026-06-19 19:53:00.539956+00:00,2026-06-19 19:53:00.656622+00:00
778ec0d4-31b5-4c4c-b9ed-f6ee56977444,completed,2026-06-19 19:52:59.865536+00:00,2026-06-19 19:52:59.984100+00:00
b848353a-defd-4d28-9010-c6590a90af96,completed,2026-06-19 19:53:00.091678+00:00,2026-06-19 19:53:00.195938+00:00
78e5e82f-3c45-48a9-ac59-f20a370a720e,completed,2026-06-19 19:52:59.890169+00:00,2026-06-19 19:53:00.009185+00:00
0a2c9a0c-25e9-47f6-9c41-1b51e7d99215,completed,2026-06-19 19:52:59.914769+00:00,2026-06-19 19:53:00.036376+00:00
304fe21e-c9fd-4718-8f38-66f31c7eaa06,completed,2026-06-19 19:52:59.939761+00:00,2026-06-19 19:53:00.062807+00:00
3282c607-1364-4952-8394-13f430f2be20,completed,2026-06-19 19:53:00.490608+00:00,2026-06-19 19:53:00.615093+00:00
0796eb7d-3d9d-4c19-bb23-be75b12d8791,completed,2026-06-19 19:52:59.965025+00:00,2026-06-19 19:53:00.084680+00:00
96947474-726a-4c7e-8a27-6b8b64bf5b6c,completed,2026-06-19 19:53:00.215007+00:00,2026-06-19 19:53:00.331466+00:00
bc860b4d-cab1-460f-b043-1b4b8aae331e,completed,2026-06-19 19:52:59.989987+00:00,2026-06-19 19:53:00.101723+00:00
2f282eab-8fa3-49c2-8916-fb3e5cf79be5,completed,2026-06-19 19:53:00.014638+00:00,2026-06-19 19:53:00.132365+00:00
7bbc8bf5-3bf2-4738-becd-605106584493,completed,2026-06-19 19:53:00.290692+00:00,2026-06-19 19:53:00.408660+00:00
659da900-5fe6-46d6-b904-1e710c4bbf53,completed,2026-06-19 19:53:00.065256+00:00,2026-06-19 19:53:00.225393+00:00
198e5494-4dc6-4b31-9b15-2cffcaa6e1e0,completed,2026-06-19 19:53:00.114987+00:00,2026-06-19 19:53:00.232406+00:00
7bba570a-0322-4931-bdb2-bf5f3c50883a,completed,2026-06-19 19:53:00.139638+00:00,2026-06-19 19:53:00.270851+00:00
4c14f1df-6759-4223-a09e-bb29157f8c10,completed,2026-06-19 19:53:00.565836+00:00,2026-06-19 19:53:00.690989+00:00
133d8a47-7d4a-4bd9-af3b-c56880b4e33d,completed,2026-06-19 19:53:00.165279+00:00,2026-06-19 19:53:00.275256+00:00
efc353ee-9fbe-4d63-b634-d048eed70cf6,completed,2026-06-19 19:53:00.516561+00:00,2026-06-19 19:53:00.649982+00:00
f6a27c85-0f0c-4d41-b0b1-de939b376480,completed,2026-06-19 19:53:00.240680+00:00,2026-06-19 19:53:00.386053+00:00
1cc5a6ae-bd95-4e19-83f6-866740610868,completed,2026-06-19 19:53:00.267390+00:00,2026-06-19 19:53:00.388271+00:00
ec71f980-66c8-414f-9619-64a990206b9c,completed,2026-06-19 19:53:00.315467+00:00,2026-06-19 19:53:00.444194+00:00
704ac102-ef76-4363-9a93-f4031dfa168a,completed,2026-06-19 19:53:00.591259+00:00,2026-06-19 19:53:00.704857+00:00
3f2aa217-0ca0-4001-9799-17290b6d5232,completed,2026-06-19 19:53:00.365282+00:00,2026-06-19 19:53:00.491538+00:00
b5730710-d140-4aa6-a0fa-2b218e336df3,completed,2026-06-19 19:53:00.391117+00:00,2026-06-19 19:53:00.517246+00:00
0c283389-a429-46c7-bdf3-00d22c3e962d,completed,2026-06-19 19:53:00.414848+00:00,2026-06-19 19:53:00.525196+00:00
cd96b37a-b6d4-4193-a98f-c437289768d4,completed,2026-06-19 19:53:00.441746+00:00,2026-06-19 19:53:00.552394+00:00
27c85285-7e31-434e-b642-2da581437d5c,completed,2026-06-19 19:53:00.466946+00:00,2026-06-19 19:53:00.610498+00:00
a3c093d9-a915-4511-a20f-a93febaa2d2a,completed,2026-06-19 19:53:01.115636+00:00,2026-06-19 19:53:01.242843+00:00
4a6c98f7-19f3-4b14-ba2c-013c68e46c1f,completed,2026-06-19 19:53:00.794787+00:00,2026-06-19 19:53:00.918754+00:00
66d43391-6a74-4af8-b682-33489af21e2d,completed,2026-06-19 19:53:00.819632+00:00,2026-06-19 19:53:00.940888+00:00
80f908db-a67e-457e-b0aa-c9b975cac93d,completed,2026-06-19 19:53:01.066831+00:00,2026-06-19 19:53:01.176887+00:00
00d3b003-b438-4f35-af1d-8995d5c88beb,completed,2026-06-19 19:53:00.617502+00:00,2026-06-19 19:53:00.734334+00:00
ebd07972-7339-48ab-863a-f1f1c632899c,completed,2026-06-19 19:53:00.843066+00:00,2026-06-19 19:53:00.961510+00:00
139791ba-8099-4535-b527-d84244e19c93,completed,2026-06-19 19:53:00.641340+00:00,2026-06-19 19:53:00.767076+00:00
36238373-a301-4a66-8c57-a8deee16e84f,completed,2026-06-19 19:53:00.665544+00:00,2026-06-19 19:53:00.791112+00:00
dcddee79-dc7b-41bb-8dfc-6f8bd93b649d,completed,2026-06-19 19:53:00.944130+00:00,2026-06-19 19:53:01.073875+00:00
109472d8-fcd9-452b-95dd-00dc6bfd448c,completed,2026-06-19 19:53:00.691671+00:00,2026-06-19 19:53:00.802736+00:00
3315412c-5177-410d-aef1-c1b53766f940,completed,2026-06-19 19:53:00.721604+00:00,2026-06-19 19:53:00.836094+00:00
5875e182-5bc8-4d1d-9756-f33aa25571a2,completed,2026-06-19 19:53:01.266448+00:00,2026-06-19 19:53:01.383247+00:00
79d577b3-d4d1-42a1-80d8-3321a0bb72f7,completed,2026-06-19 19:53:00.745194+00:00,2026-06-19 19:53:00.869085+00:00
926eb09c-cbb9-4738-95a4-a239d21898a4,completed,2026-06-19 19:53:00.966437+00:00,2026-06-19 19:53:01.108188+00:00
42137523-927f-4a83-9535-a99bfc8a0442,completed,2026-06-19 19:53:00.802058+00:00,2026-06-19 19:53:00.912144+00:00
2dc02fb9-06b0-4d1b-856a-ced5061cfd7b,completed,2026-06-19 19:53:01.216204+00:00,2026-06-19 19:53:01.350134+00:00
36fe3729-963b-44ef-aa00-db90f8c25963,completed,2026-06-19 19:53:00.868555+00:00,2026-06-19 19:53:01.006893+00:00
1bb5ffc6-9048-4a52-8357-ad0859995692,completed,2026-06-19 19:53:00.889223+00:00,2026-06-19 19:53:01.014100+00:00
225ef6eb-974f-4331-95ee-b880011b36c7,completed,2026-06-19 19:53:00.915395+00:00,2026-06-19 19:53:01.042482+00:00
dffefa67-c4db-4430-867f-482bab578990,completed,2026-06-19 19:53:01.240432+00:00,2026-06-19 19:53:01.366440+00:00
f6837547-d3ee-496a-b560-d62fe55b71a7,completed,2026-06-19 19:53:01.291555+00:00,2026-06-19 19:53:01.414795+00:00
bf894b6a-b9b2-4a14-bb53-458bc83ef2ae,completed,2026-06-19 19:53:00.990327+00:00,2026-06-19 19:53:01.123769+00:00
a81c080a-33e5-4056-b615-ef0d2aeb7087,completed,2026-06-19 19:53:01.015106+00:00,2026-06-19 19:53:01.131002+00:00
f64011af-aed7-43f4-8a77-42ed19914b19,completed,2026-06-19 19:53:01.041082+00:00,2026-06-19 19:53:01.154671+00:00
35f63bab-2136-4a76-a1ab-8139164ffd8d,completed,2026-06-19 19:53:01.317614+00:00,2026-06-19 19:53:01.433828+00:00
003aa259-b7a5-4c07-a99a-b09eb34f9645,completed,2026-06-19 19:53:01.090770+00:00,2026-06-19 19:53:01.202118+00:00
868fa2dd-b25c-4436-8349-5f397dd4e3b6,completed,2026-06-19 19:53:03.390842+00:00,2026-06-19 19:53:03.494738+00:00
32301175-31fb-468f-9346-410d6992dd78,completed,2026-06-19 19:53:01.152067+00:00,2026-06-19 19:53:01.269632+00:00
b82f89e1-f354-4eb8-ad9e-a809d2c85c6d,completed,2026-06-19 19:53:01.187672+00:00,2026-06-19 19:53:01.321493+00:00
5fd3b1cc-8b65-44f1-ac46-d4574f727312,completed,2026-06-19 19:53:01.191837+00:00,2026-06-19 19:53:01.321490+00:00
df10da3f-5b05-4b61-9d14-80bf52976be1,completed,2026-06-19 19:53:04.658833+00:00,2026-06-19 19:53:04.767403+00:00
0357b572-3733-4ddc-9caa-f24518a0fd8e,completed,2026-06-19 19:53:03.691623+00:00,2026-06-19 19:53:03.802082+00:00
1b695b8a-35f1-4b0a-bee9-ea22263fc637,completed,2026-06-19 19:53:01.542045+00:00,2026-06-19 19:53:01.680592+00:00
d849a9c3-4411-4470-a7cc-91b34e0bfed8,completed,2026-06-19 19:53:01.566464+00:00,2026-06-19 19:53:01.708765+00:00
63dff578-613c-4db6-9d9c-8bc2ba310b70,completed,2026-06-19 19:53:01.590977+00:00,2026-06-19 19:53:01.715337+00:00
5bcb4468-9a17-48e3-a9f9-f99582995d62,completed,2026-06-19 19:53:01.615971+00:00,2026-06-19 19:53:01.744148+00:00
8ca4123a-8e35-42a6-ba93-97e59c141947,completed,2026-06-19 19:53:01.641407+00:00,2026-06-19 19:53:01.768803+00:00
ab60c1c9-8954-4c67-a58f-04d33b51126f,completed,2026-06-19 19:53:01.349929+00:00,2026-06-19 19:53:01.483279+00:00
4a0ca9b5-0a33-4802-94c8-83377929fc4d,completed,2026-06-19 19:53:01.370132+00:00,2026-06-19 19:53:01.499040+00:00
de0e4cbd-add3-4515-ab06-b6dc3e49a30a,completed,2026-06-19 19:53:01.391442+00:00,2026-06-19 19:53:01.547456+00:00
10efc95a-0a71-4fd6-973b-3e7df6094343,completed,2026-06-19 19:53:01.442280+00:00,2026-06-19 19:53:01.567936+00:00
aa6e4c2f-6c59-41e1-a683-8cb06225e621,completed,2026-06-19 19:53:01.417823+00:00,2026-06-19 19:53:01.568229+00:00
21b20bcb-9f72-4cec-9416-a12c3764b047,completed,2026-06-19 19:53:03.540941+00:00,2026-06-19 19:53:03.671062+00:00
10b21a5a-c450-4fcf-9817-ee7bce394074,completed,2026-06-19 19:53:01.468258+00:00,2026-06-19 19:53:01.587820+00:00
402ecae8-009b-4141-80f5-355712bddb3a,completed,2026-06-19 19:53:03.567991+00:00,2026-06-19 19:53:03.691057+00:00
9b811dad-8f56-44cd-8d97-6f5a82403886,completed,2026-06-19 19:53:01.491318+00:00,2026-06-19 19:53:01.609280+00:00
c2d950f9-b61b-4223-8d61-11c54f3679b6,completed,2026-06-19 19:53:01.516358+00:00,2026-06-19 19:53:01.632978+00:00
641008d0-a029-4462-9f0a-636508920278,completed,2026-06-19 19:53:03.890796+00:00,2026-06-19 19:53:04.008088+00:00
2cf9d211-afca-49d8-87f4-997b84d96d77,completed,2026-06-19 19:53:03.641493+00:00,2026-06-19 19:53:03.764882+00:00
d2e23653-6d15-4734-8b3e-8d19e4c1d731,completed,2026-06-19 19:53:03.791571+00:00,2026-06-19 19:53:03.920163+00:00
7dd782f9-ae1e-401f-9234-4a650cd68498,completed,2026-06-19 19:53:03.516928+00:00,2026-06-19 19:53:03.642062+00:00
4d72665a-9b56-44b5-abc4-f26fcd213250,completed,2026-06-19 19:53:03.870327+00:00,2026-06-19 19:53:03.987266+00:00
74bdcff7-4f1b-4cd1-a769-b69f5ece9402,completed,2026-06-19 19:53:03.739828+00:00,2026-06-19 19:53:03.854226+00:00
9758de1e-d533-47f4-9999-7e430d2dce94,completed,2026-06-19 19:53:03.600966+00:00,2026-06-19 19:53:03.730133+00:00
7d8b1a6d-4651-4379-acb0-37cb48f24fd3,completed,2026-06-19 19:53:03.616371+00:00,2026-06-19 19:53:03.729376+00:00
5943b45d-a80d-4b00-b741-495ffa6eba5a,completed,2026-06-19 19:53:03.665814+00:00,2026-06-19 19:53:03.786053+00:00
7e0c95c4-042c-4b4e-b28b-203817c26382,completed,2026-06-19 19:53:03.940402+00:00,2026-06-19 19:53:04.067340+00:00
fbbbbad5-14d6-4741-86f2-1fd37c520dbf,completed,2026-06-19 19:53:03.840827+00:00,2026-06-19 19:53:03.951271+00:00
06f072b5-573b-4600-94a0-d103d8e22ad0,completed,2026-06-19 19:53:03.716268+00:00,2026-06-19 19:53:03.840905+00:00
8fd71876-beb2-480d-85e0-ccb417777281,completed,2026-06-19 19:53:03.765685+00:00,2026-06-19 19:53:03.893029+00:00
c4e65979-fa99-4d46-9b42-1da957261ff3,completed,2026-06-19 19:53:03.918583+00:00,2026-06-19 19:53:04.045196+00:00
f72360c3-b185-4298-8e69-cc92ce5ea98f,completed,2026-06-19 19:53:03.815439+00:00,2026-06-19 19:53:03.944752+00:00
f46fcf9a-094e-4bb1-a406-68265ac3b60b,completed,2026-06-19 19:53:07.415606+00:00,2026-06-19 19:53:07.537062+00:00
f66c1968-af29-4936-bd38-dd8a36a24e3e,completed,2026-06-19 19:53:06.916532+00:00,2026-06-19 19:53:07.117710+00:00
06895158-c51e-479c-9a6e-c19835c5869e,completed,2026-06-19 19:53:07.166094+00:00,2026-06-19 19:53:07.319886+00:00
4711a8b8-680c-4a16-a603-f0a1e5978643,completed,2026-06-19 19:53:06.851689+00:00,2026-06-19 19:53:06.980176+00:00
d93a4805-bb5e-49ee-ba14-8432239a6515,completed,2026-06-19 19:53:06.858282+00:00,2026-06-19 19:53:06.980602+00:00
18b3e56a-0b88-433e-b551-c009b57cf04b,completed,2026-06-19 19:53:07.220745+00:00,2026-06-19 19:53:07.367403+00:00
061fb881-42c3-43a3-b31c-15e7a783bd4a,completed,2026-06-19 19:53:06.845380+00:00,2026-06-19 19:53:06.994804+00:00
3a02d1d4-0c84-4a89-a608-dedfac5ff6ff,completed,2026-06-19 19:53:06.871616+00:00,2026-06-19 19:53:06.997139+00:00
04f10937-1b97-44ca-8614-013422c42aef,completed,2026-06-19 19:53:06.863929+00:00,2026-06-19 19:53:07.001157+00:00
6e0a0e5e-790f-4b17-a58e-6c6de6162268,completed,2026-06-19 19:53:06.870478+00:00,2026-06-19 19:53:07.008216+00:00
493ec64a-da9b-473f-b999-32c371072143,completed,2026-06-19 19:53:06.892830+00:00,2026-06-19 19:53:07.030054+00:00
c12a862d-b05a-4df0-80d4-e9a9510683c9,completed,2026-06-19 19:53:07.270846+00:00,2026-06-19 19:53:07.404681+00:00
27d4a33c-bf1a-4ef4-820e-955926a1cf14,completed,2026-06-19 19:53:07.091011+00:00,2026-06-19 19:53:07.256977+00:00
a8a74c28-e78f-44dc-9316-bb9744fdb596,completed,2026-06-19 19:53:07.050689+00:00,2026-06-19 19:53:07.173971+00:00
8c678d38-8223-4aeb-9f3b-09d89ddf3102,completed,2026-06-19 19:53:07.342333+00:00,2026-06-19 19:53:07.464155+00:00
facd0fd5-7065-4b1e-ba34-7d33d4134e18,completed,2026-06-19 19:53:07.057105+00:00,2026-06-19 19:53:07.186527+00:00
7f88ce0d-34bc-40bf-b632-c8fea7c78f31,completed,2026-06-19 19:53:07.063281+00:00,2026-06-19 19:53:07.192852+00:00
76b8eda6-dd45-4fdc-98ba-f71a7bb726c2,completed,2026-06-19 19:53:07.071603+00:00,2026-06-19 19:53:07.206560+00:00
5ac81fc0-9d2d-4848-b114-877ea7527d6d,completed,2026-06-19 19:53:07.078588+00:00,2026-06-19 19:53:07.214471+00:00
857bc98d-2bc7-4102-866d-2b13d3b5ac09,completed,2026-06-19 19:53:07.079746+00:00,2026-06-19 19:53:07.214581+00:00
59ecd7f3-96d5-4c9d-a339-6c9d80ee10dc,completed,2026-06-19 19:53:07.440927+00:00,2026-06-19 19:53:07.554282+00:00
9a12323b-4bc5-4503-8962-05ecdad92873,completed,2026-06-19 19:53:07.127104+00:00,2026-06-19 19:53:07.304351+00:00
eff55305-c39c-447b-bb98-2755d46b11ab,completed,2026-06-19 19:53:07.158544+00:00,2026-06-19 19:53:07.308083+00:00
3813e88b-f59d-4d7b-8551-f9b966156375,completed,2026-06-19 19:53:07.318235+00:00,2026-06-19 19:53:07.445460+00:00
3553667d-b7ce-44ae-8bec-37168bef3b9d,completed,2026-06-19 19:53:07.490589+00:00,2026-06-19 19:53:07.619112+00:00
0011e725-7444-415c-bc0c-40c77a4b7893,completed,2026-06-19 19:53:07.228527+00:00,2026-06-19 19:53:07.361055+00:00
fac8568e-09bf-4e8e-b3d7-82b899c79bef,completed,2026-06-19 19:53:07.244291+00:00,2026-06-19 19:53:07.388336+00:00
f8f2a168-6d5a-43b0-8d4c-e2a173f8a46d,completed,2026-06-19 19:53:07.291827+00:00,2026-06-19 19:53:07.428478+00:00
bad598e1-a63c-4ab1-afed-b00272433137,completed,2026-06-19 19:53:07.466530+00:00,2026-06-19 19:53:07.600591+00:00
c8f60366-c8df-4751-9fb3-729662158dfa,completed,2026-06-19 19:53:07.366012+00:00,2026-06-19 19:53:07.486858+00:00
2f6df96b-1d88-4a6b-bc7e-0ea7523fdde5,completed,2026-06-19 19:53:07.392483+00:00,2026-06-19 19:53:07.511308+00:00
bdfcc8b3-949b-4ad6-a548-91778981b523,completed,2026-06-19 19:53:07.841965+00:00,2026-06-19 19:53:07.974878+00:00
9d50dafe-03c0-45de-a708-50fe801c303b,completed,2026-06-19 19:53:07.716122+00:00,2026-06-19 19:53:07.829073+00:00
b0dc5202-d667-4e77-a121-b5be2f32cbe3,completed,2026-06-19 19:53:08.240570+00:00,2026-06-19 19:53:08.365979+00:00
c84eaae6-af47-49b7-99d2-9ff787c4baa3,completed,2026-06-19 19:53:07.518380+00:00,2026-06-19 19:53:07.637228+00:00
d459142b-3e56-4682-8fe5-8ba6fc49bf42,completed,2026-06-19 19:53:07.741712+00:00,2026-06-19 19:53:07.867913+00:00
e12dfce0-ca9d-43f9-b059-ea8590938f3b,completed,2026-06-19 19:53:07.541111+00:00,2026-06-19 19:53:07.668434+00:00
1eb2c955-5b27-485c-b162-b6a18dd24017,completed,2026-06-19 19:53:07.965962+00:00,2026-06-19 19:53:08.080774+00:00
d4d3b903-d4cb-4be3-a1ae-083ac40db887,completed,2026-06-19 19:53:07.765634+00:00,2026-06-19 19:53:07.880940+00:00
5e9dc63f-99a6-4336-8f87-624f4893a6fa,completed,2026-06-19 19:53:07.567537+00:00,2026-06-19 19:53:07.696127+00:00
bff863a7-ec2a-4214-b15a-232ac7b1505e,completed,2026-06-19 19:53:07.590865+00:00,2026-06-19 19:53:07.717835+00:00
57be1286-2ac7-4942-9727-e3d6377466b2,completed,2026-06-19 19:53:07.867426+00:00,2026-06-19 19:53:07.977254+00:00
43d3bca9-f0f0-4cdf-9dc8-5ac50fe99b29,completed,2026-06-19 19:53:07.616776+00:00,2026-06-19 19:53:07.746035+00:00
2306b923-dfe5-4bb6-a988-45f7f823c477,completed,2026-06-19 19:53:07.640527+00:00,2026-06-19 19:53:07.759199+00:00
6a870980-8561-49e4-85bb-9174d5010d5c,completed,2026-06-19 19:53:08.016857+00:00,2026-06-19 19:53:08.142753+00:00
662dbc14-0f21-4ecd-a7a1-405a3ef0a387,completed,2026-06-19 19:53:07.667279+00:00,2026-06-19 19:53:07.786869+00:00
9029565b-ad70-446d-a508-a2c971e4971c,completed,2026-06-19 19:53:07.690420+00:00,2026-06-19 19:53:07.812400+00:00
058bbdfe-0cee-47b6-b792-f42bcd5b6a0e,completed,2026-06-19 19:53:07.791556+00:00,2026-06-19 19:53:07.906442+00:00
27816425-6857-4e16-88f3-8046972277f3,completed,2026-06-19 19:53:08.191499+00:00,2026-06-19 19:53:08.331363+00:00
a6eb7621-9147-4549-9bc0-0795f7475271,completed,2026-06-19 19:53:07.815671+00:00,2026-06-19 19:53:07.935426+00:00
ee88eb3a-c1f4-46db-99a9-400e9ba223ed,completed,2026-06-19 19:53:08.216684+00:00,2026-06-19 19:53:08.324927+00:00
23942644-20ad-4bff-a162-b5820c99bf9c,completed,2026-06-19 19:53:07.891966+00:00,2026-06-19 19:53:08.023432+00:00
a5b45b39-0846-4170-951d-85fa4afd3575,completed,2026-06-19 19:53:07.915444+00:00,2026-06-19 19:53:08.031905+00:00
6623a6e7-2d83-45a6-95c2-3c8d088e63ee,completed,2026-06-19 19:53:08.067467+00:00,2026-06-19 19:53:08.184131+00:00
f7779fcb-d296-4930-8f83-f6ee669b3283,completed,2026-06-19 19:53:07.939909+00:00,2026-06-19 19:53:08.060927+00:00
e6f76a80-2c96-41a8-89b2-92f34b728300,completed,2026-06-19 19:53:08.266792+00:00,2026-06-19 19:53:08.391282+00:00
8af89f76-3cd0-4b73-a11e-dc90adad6626,completed,2026-06-19 19:53:07.990761+00:00,2026-06-19 19:53:08.132744+00:00
ddee8114-1c16-438f-a712-4a15cf2538a0,completed,2026-06-19 19:53:08.042280+00:00,2026-06-19 19:53:08.160191+00:00
15aa6eb2-396f-42c9-8d6b-0162c31c0bdc,completed,2026-06-19 19:53:08.090999+00:00,2026-06-19 19:53:08.196397+00:00
54fdbb81-9e91-4ec2-a195-4c811b19e550,completed,2026-06-19 19:53:08.114532+00:00,2026-06-19 19:53:08.227745+00:00
887ad34c-92ef-4b39-80e7-cc2b4fcf29ad,completed,2026-06-19 19:53:08.140936+00:00,2026-06-19 19:53:08.264393+00:00
0b5e4dd2-9847-45b9-826d-de208b70b243,completed,2026-06-19 19:53:08.166188+00:00,2026-06-19 19:53:08.297235+00:00
262d2bf2-8a81-4446-826b-97a82110e56f,completed,2026-06-19 19:53:08.466493+00:00,2026-06-19 19:53:08.590054+00:00
73cbdb3e-1088-45d8-b7e7-9dedc7dd33b5,completed,2026-06-19 19:53:08.617463+00:00,2026-06-19 19:53:08.743949+00:00
f64ff37b-2412-4579-a026-5821802839cf,completed,2026-06-19 19:53:08.491147+00:00,2026-06-19 19:53:08.599541+00:00
8f8850ed-978f-47d4-a517-eb7e2a9cf58d,completed,2026-06-19 19:53:08.991221+00:00,2026-06-19 19:53:09.116666+00:00
18a9f0ff-521a-46c3-955c-d640c0efc238,completed,2026-06-19 19:53:08.291680+00:00,2026-06-19 19:53:08.408868+00:00
54ff9cd6-745a-4b87-9e25-4329d7a4e118,completed,2026-06-19 19:53:08.317365+00:00,2026-06-19 19:53:08.430763+00:00
e3fd6bb8-b67d-41dd-a782-92230838e3bc,completed,2026-06-19 19:53:08.716443+00:00,2026-06-19 19:53:08.843978+00:00
e82c85eb-6ee2-4672-a5e3-6b1b7f02d0de,completed,2026-06-19 19:53:09.042381+00:00,2026-06-19 19:53:09.171430+00:00
940d812c-6eb9-4da2-a87d-846e579e4bab,completed,2026-06-19 19:53:08.357498+00:00,2026-06-19 19:53:08.469751+00:00
3aaccf43-32df-425c-a7c0-46e20db5ffbb,completed,2026-06-19 19:53:08.641531+00:00,2026-06-19 19:53:08.750240+00:00
28f11dc4-6df9-4c61-92a2-b59a7b8d5e67,completed,2026-06-19 19:53:08.374635+00:00,2026-06-19 19:53:08.499784+00:00
c40ee02e-2e44-4faf-b475-54fb055bb1d5,completed,2026-06-19 19:53:08.390658+00:00,2026-06-19 19:53:08.511199+00:00
6097b91b-d0cd-416c-80d1-47982ee8fa43,completed,2026-06-19 19:53:08.416326+00:00,2026-06-19 19:53:08.534809+00:00
1160326b-76bd-4d47-8480-b4bbabe7d535,completed,2026-06-19 19:53:08.792267+00:00,2026-06-19 19:53:08.903705+00:00
6c051b3e-8ed6-40f9-949a-5908c65d2630,completed,2026-06-19 19:53:08.441180+00:00,2026-06-19 19:53:08.550134+00:00
742c322c-40eb-4ec7-aa07-208fe67c7e09,completed,2026-06-19 19:53:08.516678+00:00,2026-06-19 19:53:08.659063+00:00
5ca4808e-951d-4878-8f1e-65eaa3bebf1d,completed,2026-06-19 19:53:08.541140+00:00,2026-06-19 19:53:08.664096+00:00
fae1f6c8-bfd9-4aba-9ec0-4983878c44b9,completed,2026-06-19 19:53:08.566472+00:00,2026-06-19 19:53:08.690015+00:00
1f71f6fe-d3dd-4be2-83f6-0c31cf28850b,completed,2026-06-19 19:53:08.892369+00:00,2026-06-19 19:53:09.006962+00:00
dbb70e1c-fc58-41db-ab29-185fbcad9746,completed,2026-06-19 19:53:08.590431+00:00,2026-06-19 19:53:08.722617+00:00
e10a47e7-4b1b-441e-a2ba-65dba978a1be,completed,2026-06-19 19:53:08.969165+00:00,2026-06-19 19:53:09.080431+00:00
1c2cd2f5-c5eb-4d0f-aa56-07e6b8f50eae,completed,2026-06-19 19:53:08.691389+00:00,2026-06-19 19:53:08.808462+00:00
9581099b-f6ed-4b4a-b2cb-0c8f24914986,completed,2026-06-19 19:53:08.666438+00:00,2026-06-19 19:53:08.832870+00:00
402bdb23-7dad-4d45-ab19-97637fc90a2c,completed,2026-06-19 19:53:08.741330+00:00,2026-06-19 19:53:08.872198+00:00
3b2080f6-5c55-4150-a82b-b81f58f8e887,completed,2026-06-19 19:53:08.765978+00:00,2026-06-19 19:53:08.889543+00:00
8b15f1ab-87ad-4aba-9729-b03cb0db4241,completed,2026-06-19 19:53:08.815785+00:00,2026-06-19 19:53:08.946605+00:00
d40bbbae-7dc6-4780-ad11-1c25b58c285f,completed,2026-06-19 19:53:08.840337+00:00,2026-06-19 19:53:08.963242+00:00
3a7f7911-7e5e-45f8-91cb-7a6ce1fdb0cd,completed,2026-06-19 19:53:09.015755+00:00,2026-06-19 19:53:09.138745+00:00
b8d5321e-ae0b-42ab-8239-849af01438d2,completed,2026-06-19 19:53:08.866786+00:00,2026-06-19 19:53:08.996988+00:00
82090a80-3dd5-481d-9174-7fc141061ef9,completed,2026-06-19 19:53:08.917772+00:00,2026-06-19 19:53:09.039436+00:00
9d255abd-1bc1-4666-ad86-bcba9b43469c,completed,2026-06-19 19:53:08.941111+00:00,2026-06-19 19:53:09.067604+00:00
c85b3103-369d-4ac5-af8e-804818474e88,completed,2026-06-19 19:53:09.566455+00:00,2026-06-19 19:53:09.675574+00:00
09c243dc-48a4-4c0c-9554-f050c509dbde,completed,2026-06-19 19:53:09.415876+00:00,2026-06-19 19:53:09.538002+00:00
f81be770-652f-4fcb-a21d-d5ff739dcc3e,completed,2026-06-19 19:53:09.291791+00:00,2026-06-19 19:53:09.400384+00:00
2f7b5a6f-aa48-4050-934c-92288bdd90b3,completed,2026-06-19 19:53:09.266410+00:00,2026-06-19 19:53:09.410824+00:00
a2c6848b-d319-405d-93df-88e3057c4237,completed,2026-06-19 19:53:09.067628+00:00,2026-06-19 19:53:09.184439+00:00
dc87e24b-ffe8-4a40-8d40-7b795bbe1430,completed,2026-06-19 19:53:09.091802+00:00,2026-06-19 19:53:09.213817+00:00
25d8dcff-be0c-4b66-a5c5-5e5665ce562a,completed,2026-06-19 19:53:09.491750+00:00,2026-06-19 19:53:09.632748+00:00
1075fcda-c5cd-414e-92d9-993b4bba2817,completed,2026-06-19 19:53:09.316004+00:00,2026-06-19 19:53:09.442154+00:00
f9f3f2df-f32c-4c42-a3f8-1a34e5bd355d,completed,2026-06-19 19:53:09.117086+00:00,2026-06-19 19:53:09.256747+00:00
b890bc6b-9509-43cb-b284-c55b1f4719a7,completed,2026-06-19 19:53:09.142717+00:00,2026-06-19 19:53:09.270332+00:00
6d1728a9-f5c3-467f-bf4f-d7e192a2b23c,completed,2026-06-19 19:53:09.591609+00:00,2026-06-19 19:53:09.701013+00:00
8485d70d-e608-452e-8c2c-4f986d9feb92,completed,2026-06-19 19:53:09.165691+00:00,2026-06-19 19:53:09.295712+00:00
4e4f9af5-6a71-4d76-a167-a6224a4bf07a,completed,2026-06-19 19:53:09.196494+00:00,2026-06-19 19:53:09.309387+00:00
cfeb54fe-622e-4e51-825b-1fef24692bff,completed,2026-06-19 19:53:09.443060+00:00,2026-06-19 19:53:09.555863+00:00
b0348210-0cc5-4e73-a6c4-10eaaa68575e,completed,2026-06-19 19:53:09.215826+00:00,2026-06-19 19:53:09.336765+00:00
69632009-dbe1-4795-ba99-57a23f36f835,completed,2026-06-19 19:53:09.241032+00:00,2026-06-19 19:53:09.357225+00:00
ab358f70-a85f-41b1-96f6-b486e667bde2,completed,2026-06-19 19:53:09.516111+00:00,2026-06-19 19:53:09.632986+00:00
c7d648fb-2442-450d-8145-9fee25ff638d,completed,2026-06-19 19:53:09.342260+00:00,2026-06-19 19:53:09.458885+00:00
30dde79a-c54e-4ee7-a585-1e9d02d7dab6,completed,2026-06-19 19:54:01.732858+00:00,2026-06-19 19:54:01.847314+00:00
9f9ef026-344e-45c3-8fa2-2305251d4015,completed,2026-06-19 19:53:09.369418+00:00,2026-06-19 19:53:09.504273+00:00
917d4a4b-a52d-4a3b-89b8-76dc50ebb26e,completed,2026-06-19 19:53:09.390697+00:00,2026-06-19 19:53:09.516886+00:00
5a34130d-a8ba-42da-94b3-b9eb191041c8,completed,2026-06-19 19:53:09.618884+00:00,2026-06-19 19:53:09.740990+00:00
707ef4e6-8de7-476a-a586-a07dbed4f77a,completed,2026-06-19 19:53:09.466937+00:00,2026-06-19 19:53:09.596007+00:00
e589a1c1-7699-4490-95e2-f13a179233bc,completed,2026-06-19 19:53:09.767368+00:00,2026-06-19 19:53:09.925208+00:00
867f0391-10cc-40de-bfd1-c91c72c8a920,completed,2026-06-19 19:53:09.817396+00:00,2026-06-19 19:53:09.939832+00:00
6d8ca75e-92d1-477f-b5f5-afbfbe2f1980,completed,2026-06-19 19:53:09.541478+00:00,2026-06-19 19:53:09.655292+00:00
aa404b97-652c-4869-b7f7-e0a0a2897492,completed,2026-06-19 19:53:09.716845+00:00,2026-06-19 19:53:09.829084+00:00
10a037f0-0e85-4212-9bb8-748ae46146ff,completed,2026-06-19 19:53:09.640694+00:00,2026-06-19 19:53:09.754880+00:00
b29342a1-acc7-4540-8fb8-481175b3e4b9,completed,2026-06-19 19:53:09.666430+00:00,2026-06-19 19:53:09.788646+00:00
80bac550-b3d2-4633-b192-6fc031a0a440,completed,2026-06-19 19:53:09.804084+00:00,2026-06-19 19:53:09.951837+00:00
3edfd7c8-b071-4abc-8580-601b944d644a,completed,2026-06-19 19:53:09.748648+00:00,2026-06-19 19:53:09.864212+00:00
34b546ce-1249-437c-bd8d-7e309dd4fae9,completed,2026-06-19 19:53:09.708777+00:00,2026-06-19 19:53:09.820925+00:00
06ec1bdc-48f1-4283-9617-02270e108fb5,completed,2026-06-19 19:53:50.969360+00:00,2026-06-19 19:53:51.197355+00:00
e5d02785-7737-4bf7-b1b6-8b3105052724,completed,2026-06-19 19:54:02.533289+00:00,2026-06-19 19:54:02.663769+00:00
ddfe375a-2ebc-4350-8140-c5449c69c343,completed,2026-06-19 19:54:02.222912+00:00,2026-06-19 19:54:02.348895+00:00
88f04831-d4d7-4e5f-8dce-8a5f386be98b,completed,2026-06-19 19:54:02.096165+00:00,2026-06-19 19:54:02.217558+00:00
71c2e779-e10a-49e8-9ea6-9e886f9be272,completed,2026-06-19 19:54:01.862394+00:00,2026-06-19 19:54:01.973678+00:00
e3dce07f-038b-4f57-99f6-8446b93e650e,completed,2026-06-19 19:54:01.890093+00:00,2026-06-19 19:54:02.002770+00:00
92eaa175-a254-44fb-b305-1f021f0a9702,completed,2026-06-19 19:54:02.115264+00:00,2026-06-19 19:54:02.224841+00:00
eb2e775c-0855-40a1-840d-97d1510b8fbc,completed,2026-06-19 19:54:02.585801+00:00,2026-06-19 19:54:02.717723+00:00
0389762b-b4a2-4ceb-b757-471fa98a8f78,completed,2026-06-19 19:54:01.916507+00:00,2026-06-19 19:54:02.037620+00:00
5140c7ce-49f7-4716-8b96-47d1b9f08f65,completed,2026-06-19 19:54:01.944595+00:00,2026-06-19 19:54:02.058112+00:00
f24e3717-79f3-4c3d-be69-76b871819dc9,completed,2026-06-19 19:54:01.973758+00:00,2026-06-19 19:54:02.089336+00:00
ff755620-085c-4169-b5d1-9de65b22ff4e,completed,2026-06-19 19:54:02.389812+00:00,2026-06-19 19:54:02.527286+00:00
65d440a7-f505-4a0d-b527-5e8ae129f2f5,completed,2026-06-19 19:54:01.999628+00:00,2026-06-19 19:54:02.128640+00:00
a50e48b8-079e-4704-8bb0-f9e652673c87,completed,2026-06-19 19:54:02.030662+00:00,2026-06-19 19:54:02.135171+00:00
66b10876-4a39-4632-ad6a-396c15dc0f31,completed,2026-06-19 19:54:02.249941+00:00,2026-06-19 19:54:02.369937+00:00
4af5f205-647f-420e-b653-9bc2c49b0383,completed,2026-06-19 19:54:02.056178+00:00,2026-06-19 19:54:02.159419+00:00
5436e1d7-915b-41ed-b2d9-ede46413c6bb,completed,2026-06-19 19:54:02.333455+00:00,2026-06-19 19:54:02.445268+00:00
420903f9-6247-41fc-a6d1-68211956eb05,completed,2026-06-19 19:54:02.149536+00:00,2026-06-19 19:54:02.280734+00:00
644e21cf-b3f8-479d-acb5-e9763d4dcb41,completed,2026-06-19 19:54:02.194624+00:00,2026-06-19 19:54:02.304886+00:00
6bc8121d-a4a9-4100-86ff-e3277acaab0b,completed,2026-06-19 19:54:02.172394+00:00,2026-06-19 19:54:02.308647+00:00
bdcb5826-3c36-4c5d-9b8c-c59959ac62f7,completed,2026-06-19 19:54:02.614265+00:00,2026-06-19 19:54:02.754462+00:00
2d558892-55b5-4d84-85a3-8825acd911a8,completed,2026-06-19 19:54:02.277306+00:00,2026-06-19 19:54:02.391920+00:00
d8978f7a-0850-4f4b-868f-951e0fc09aa8,completed,2026-06-19 19:54:02.445770+00:00,2026-06-19 19:54:02.556904+00:00
818c15f5-d601-4a51-a9d8-9124d43ca225,completed,2026-06-19 19:54:02.305866+00:00,2026-06-19 19:54:02.417196+00:00
1977644b-bd33-43e9-8dfa-d51021100cea,completed,2026-06-19 19:54:02.362389+00:00,2026-06-19 19:54:02.496461+00:00
c5a0ce74-b1bf-44fd-ae3c-bd5ef7e6c68c,completed,2026-06-19 19:54:02.558485+00:00,2026-06-19 19:54:02.675927+00:00
e8935498-ef49-46db-b977-dca5910aaa68,completed,2026-06-19 19:54:02.431697+00:00,2026-06-19 19:54:02.702983+00:00
7ea8558a-584f-4add-9eca-faa4af492934,completed,2026-06-19 19:54:02.475489+00:00,2026-06-19 19:54:02.611363+00:00
1aba2c6b-70c7-4598-8f74-4de8ffa4a501,completed,2026-06-19 19:54:02.502903+00:00,2026-06-19 19:54:02.618235+00:00
efb20ad7-7b6d-468b-a1d3-a9aa8a6b288a,completed,2026-06-19 19:53:10.367521+00:00,2026-06-19 19:53:10.486577+00:00
f88b6bb1-55d7-4918-8c1a-0bf2887431c1,completed,2026-06-19 19:53:10.066445+00:00,2026-06-19 19:53:10.183251+00:00
ad329081-7b8c-44f3-a7a2-957109ab8f68,completed,2026-06-19 19:53:10.222818+00:00,2026-06-19 19:53:10.330242+00:00
8afae320-9734-4a97-9d30-6081016b9ac8,completed,2026-06-19 19:53:10.098119+00:00,2026-06-19 19:53:10.208527+00:00
f6163fa1-e345-42bb-a40c-6e2997f32028,completed,2026-06-19 19:53:09.867223+00:00,2026-06-19 19:53:09.982094+00:00
2a349422-3bda-4de6-86f0-fba99623117d,completed,2026-06-19 19:53:09.891604+00:00,2026-06-19 19:53:10.008270+00:00
98f538f2-83ac-4d4a-b4c8-cfc879990166,completed,2026-06-19 19:53:10.567512+00:00,2026-06-19 19:53:10.680185+00:00
e0f1d240-c2ef-4bdf-b7ad-afd455f01210,completed,2026-06-19 19:53:09.915544+00:00,2026-06-19 19:53:10.031997+00:00
05951bcf-5da2-4fc6-b159-a9c108769603,completed,2026-06-19 19:53:10.116423+00:00,2026-06-19 19:53:10.225909+00:00
1325ff38-aae7-42fc-8626-4cee7fc68a70,completed,2026-06-19 19:53:09.944111+00:00,2026-06-19 19:53:10.055289+00:00
5d29bc41-f8c4-4b30-aa05-a3628b9e1a3c,completed,2026-06-19 19:53:09.969226+00:00,2026-06-19 19:53:10.084787+00:00
a0e00286-0652-4c18-b39a-bbd16b7bf16d,completed,2026-06-19 19:53:09.990666+00:00,2026-06-19 19:53:10.112140+00:00
191ee078-8ee9-4f87-8d44-6b58c3f04418,completed,2026-06-19 19:53:10.016077+00:00,2026-06-19 19:53:10.130877+00:00
d8069b60-6000-4a2b-8917-5731b83d7079,completed,2026-06-19 19:53:10.543433+00:00,2026-06-19 19:53:10.651782+00:00
377aa209-2a76-4712-9c11-06c3ba061268,completed,2026-06-19 19:53:10.041858+00:00,2026-06-19 19:53:10.165591+00:00
69cc0fc6-91cb-44c1-aff5-c7f6fd8a437f,completed,2026-06-19 19:53:10.320015+00:00,2026-06-19 19:53:10.435559+00:00
67313cfb-7afa-4286-9a9e-4defa28897dd,completed,2026-06-19 19:53:10.141467+00:00,2026-06-19 19:53:10.260822+00:00
b140f075-7b9b-4a54-b2ed-adb1eb4202a2,completed,2026-06-19 19:53:10.590852+00:00,2026-06-19 19:53:10.720359+00:00
30b15586-474b-4d65-ba62-4ecc0f4c81c5,completed,2026-06-19 19:53:10.172340+00:00,2026-06-19 19:53:10.296779+00:00
db49eda4-cd4f-4a77-b2e2-7599990fe341,completed,2026-06-19 19:53:10.190859+00:00,2026-06-19 19:53:10.301607+00:00
9d5ee0af-dbae-40f0-b634-246c53542b17,completed,2026-06-19 19:53:10.242904+00:00,2026-06-19 19:53:10.370988+00:00
58e599d8-1dcc-4797-8aaf-9c6ffea71072,completed,2026-06-19 19:53:10.266947+00:00,2026-06-19 19:53:10.386496+00:00
b03cc9e6-491a-44fc-b1db-ff3a9d3717ee,completed,2026-06-19 19:53:10.291324+00:00,2026-06-19 19:53:10.394920+00:00
9e6cc687-962a-4f8e-b3bf-39ce4aa59c92,completed,2026-06-19 19:53:10.416875+00:00,2026-06-19 19:53:10.530799+00:00
22521940-d121-4b6f-b96a-906853872a7b,completed,2026-06-19 19:53:10.341113+00:00,2026-06-19 19:53:10.465722+00:00
325527fd-0beb-452c-8c41-0514c058c3ef,completed,2026-06-19 19:53:10.615610+00:00,2026-06-19 19:53:10.730667+00:00
13bf6f6f-aacd-49af-aa41-8da04206958b,completed,2026-06-19 19:53:10.394953+00:00,2026-06-19 19:53:10.509359+00:00
959c6e8b-8683-4916-8689-1b9e71408d80,completed,2026-06-19 19:53:10.449703+00:00,2026-06-19 19:53:10.555806+00:00
016d73bd-86ab-4572-bd9f-3b9331af9113,completed,2026-06-19 19:53:10.466054+00:00,2026-06-19 19:53:10.588839+00:00
4a31f7f0-e674-4a40-91a7-528471d31937,completed,2026-06-19 19:53:10.491040+00:00,2026-06-19 19:53:10.607370+00:00
1d1b7225-33a3-40fe-8207-804ed91998da,completed,2026-06-19 19:53:10.516924+00:00,2026-06-19 19:53:10.630283+00:00
1b71ac41-a827-438d-9458-d76a1a3a5821,completed,2026-06-19 19:53:09.843688+00:00,2026-06-19 19:53:09.964239+00:00
a19c73be-a42e-4fec-99b5-97ca6d3a647e,completed,2026-06-19 19:53:26.925671+00:00,2026-06-19 19:53:27.146998+00:00
77f76e9e-5121-4582-b3e9-5bd6bb5000d4,completed,2026-06-19 19:53:32.493552+00:00,2026-06-19 19:53:32.614508+00:00
584c8078-d3cf-4dbf-a0f7-9476f72587a5,completed,2026-06-19 19:54:01.760049+00:00,2026-06-19 19:54:01.874466+00:00
7d5bc4da-0605-4820-b8ac-b3b93e982b02,completed,2026-06-19 19:54:05.226041+00:00,2026-06-19 19:54:05.334474+00:00
fff047a3-ca72-4099-b232-695e8ab512a3,completed,2026-06-19 19:54:06.583799+00:00,2026-06-19 19:54:06.698387+00:00
7a5ad663-dabe-4e2b-8029-d87fe7b39997,completed,2026-06-19 19:54:07.778987+00:00,2026-06-19 19:54:07.890207+00:00
d85d157c-b0d5-4ccc-9cae-c534bfdb4c81,completed,2026-06-19 19:54:07.847858+00:00,2026-06-19 19:54:07.974163+00:00
b99b5089-1fe7-4ee2-a223-a569b438ac29,completed,2026-06-19 19:54:08.024009+00:00,2026-06-19 19:54:08.139444+00:00
f4930e2a-277a-44ed-a132-290fb691a002,completed,2026-06-19 19:54:08.096077+00:00,2026-06-19 19:54:08.206964+00:00
6cf29997-75b2-4ae6-8728-c62dc1568174,completed,2026-06-19 19:54:10.114246+00:00,2026-06-19 19:54:10.231636+00:00
79a73ec1-89bb-4ac1-acfa-d32c9f382460,completed,2026-06-19 19:54:10.192790+00:00,2026-06-19 19:54:10.294574+00:00
0c7b2dfd-058d-43e0-908b-8c9b59f11f0f,completed,2026-06-19 19:54:10.392139+00:00,2026-06-19 19:54:10.527617+00:00
6db064e0-d0a1-45b4-a8e5-35be665746e5,completed,2026-06-19 19:54:10.472402+00:00,2026-06-19 19:54:10.584833+00:00
a25e4eb6-87ff-4a23-935b-cbb69180f2a2,completed,2026-06-19 19:54:10.512147+00:00,2026-06-19 19:54:10.630674+00:00
c45b1d0a-8390-4f8c-afe0-bae3cf894fb5,completed,2026-06-19 19:54:11.333065+00:00,2026-06-19 19:54:11.460427+00:00
04d933d2-e50f-4f59-89ed-89a9a05f89d9,completed,2026-06-19 19:54:11.390577+00:00,2026-06-19 19:54:11.516359+00:00
67dd7faa-3c89-469f-8e8c-f0113fb2282e,completed,2026-06-19 19:54:11.524317+00:00,2026-06-19 19:54:11.639954+00:00
ee07a9b6-d2d1-430e-a9c8-a56817d1c70c,completed,2026-06-19 19:54:11.911291+00:00,2026-06-19 19:54:12.012207+00:00
1737d13a-8e87-4603-8254-256e61613d68,completed,2026-06-19 19:54:11.934359+00:00,2026-06-19 19:54:12.034447+00:00
bef7ec81-aed5-44aa-8409-202dc9968f2a,completed,2026-06-19 19:54:11.978395+00:00,2026-06-19 19:54:12.079914+00:00
8e7ff81e-fd1a-4a29-9e60-d536bc221385,completed,2026-06-19 19:54:12.022491+00:00,2026-06-19 19:54:12.130209+00:00
d9710aa0-a8a7-4c7c-b566-b03663494527,completed,2026-06-19 19:54:12.063949+00:00,2026-06-19 19:54:12.170055+00:00
f7e973ce-b848-4abf-a441-bb1804502f53,completed,2026-06-19 19:54:12.115528+00:00,2026-06-19 19:54:12.213268+00:00
514484db-1516-41b0-aeab-8ec0524c6c85,completed,2026-06-19 19:54:12.151955+00:00,2026-06-19 19:54:12.253472+00:00
572574b0-6bd5-4da4-90c6-a8a7a1894ddc,completed,2026-06-19 19:54:12.206294+00:00,2026-06-19 19:54:12.306802+00:00
efc20c20-a638-42d6-874e-762817576387,completed,2026-06-19 19:54:12.240639+00:00,2026-06-19 19:54:12.362543+00:00
fdf1456a-ecdc-420f-981e-9fc9f9572c5b,completed,2026-06-19 19:54:12.288454+00:00,2026-06-19 19:54:12.409577+00:00
aeef35e7-8e70-45e4-ab14-af4c2ef8ccdc,completed,2026-06-19 19:54:12.328449+00:00,2026-06-19 19:54:12.442173+00:00
93896670-53cc-4f67-9153-39800e878f98,completed,2026-06-19 19:54:12.380544+00:00,2026-06-19 19:54:12.485857+00:00
fd442483-6934-465f-9721-fb1e707a024e,completed,2026-06-19 19:54:12.428367+00:00,2026-06-19 19:54:12.546424+00:00
1f6d29e1-f30c-4c8b-8ef4-0f6fadda107e,completed,2026-06-19 19:53:10.815958+00:00,2026-06-19 19:53:10.941697+00:00
97a1df6e-7ede-4f1b-9218-7d78a49d96f8,completed,2026-06-19 19:53:11.215935+00:00,2026-06-19 19:53:11.345695+00:00
5cce1301-bbf8-48a1-9794-21390db487af,completed,2026-06-19 19:53:11.065427+00:00,2026-06-19 19:53:11.195900+00:00
2475567e-93d8-4d56-bc0d-b5d793f0c960,completed,2026-06-19 19:53:10.840557+00:00,2026-06-19 19:53:10.971505+00:00
f494b166-7038-4850-ba29-da013fd7874d,completed,2026-06-19 19:53:10.640973+00:00,2026-06-19 19:53:10.768987+00:00
28498744-7880-4afb-b863-14490c129ed4,completed,2026-06-19 19:53:10.665972+00:00,2026-06-19 19:53:10.777667+00:00
313c6bcd-8db6-460f-8f8c-b8e5ddf8227f,completed,2026-06-19 19:53:10.691875+00:00,2026-06-19 19:53:10.794374+00:00
28a25deb-aa65-4b8a-bbda-dd28a98fd90e,completed,2026-06-19 19:53:10.867312+00:00,2026-06-19 19:53:10.992866+00:00
49c97f04-3cad-4d06-93b4-66354ec03d66,completed,2026-06-19 19:53:11.391568+00:00,2026-06-19 19:53:11.514884+00:00
968dadc2-c5e8-4df0-872d-25daa110fcdf,completed,2026-06-19 19:53:10.717173+00:00,2026-06-19 19:53:10.834872+00:00
56ff4e61-dcec-4908-99e1-7447b3a53cbb,completed,2026-06-19 19:53:10.966436+00:00,2026-06-19 19:53:11.101152+00:00
818be7be-0bda-4ff0-b587-f60abdfcf054,completed,2026-06-19 19:53:10.754772+00:00,2026-06-19 19:53:10.867029+00:00
4450195b-280a-4265-961f-26101fe9cada,completed,2026-06-19 19:53:10.766164+00:00,2026-06-19 19:53:10.888298+00:00
02f21cc7-88ab-40c9-8633-77ef9448bd34,completed,2026-06-19 19:53:11.141436+00:00,2026-06-19 19:53:11.263401+00:00
aa59c422-750c-4a29-a691-a289abd9ef3a,completed,2026-06-19 19:53:10.791060+00:00,2026-06-19 19:53:10.909943+00:00
67afef27-7c18-4055-b74b-e293360783d6,completed,2026-06-19 19:53:10.992843+00:00,2026-06-19 19:53:11.128623+00:00
0c53b117-d1c8-445e-90d8-584d585d7d16,completed,2026-06-19 19:53:10.892585+00:00,2026-06-19 19:53:11.009302+00:00
ddef01ed-7769-4a8c-969a-41f1950549ee,completed,2026-06-19 19:53:11.092210+00:00,2026-06-19 19:53:11.217521+00:00
ac91da0f-902b-4fde-bfba-0600db67d24e,completed,2026-06-19 19:53:11.366107+00:00,2026-06-19 19:53:11.478227+00:00
1b52a88b-69eb-4bd8-a05c-d2abdf85b657,completed,2026-06-19 19:53:10.922819+00:00,2026-06-19 19:53:11.048708+00:00
95285914-ffaa-4b7c-a51a-11b6663e7289,completed,2026-06-19 19:53:10.941072+00:00,2026-06-19 19:53:11.094723+00:00
1c2890a7-7c1a-485e-88e5-b89593a58a92,completed,2026-06-19 19:53:11.266845+00:00,2026-06-19 19:53:11.420914+00:00
57de2498-7e53-4f38-88b9-76f7030a1023,completed,2026-06-19 19:53:11.015314+00:00,2026-06-19 19:53:11.152666+00:00
5442ba7a-414b-4f32-a3b4-71833c30aa38,completed,2026-06-19 19:53:11.040850+00:00,2026-06-19 19:53:11.156937+00:00
7116a474-dccb-480a-81e3-2a641f989a6e,completed,2026-06-19 19:53:11.116656+00:00,2026-06-19 19:53:11.240268+00:00
39a03d76-4565-43b6-a828-44da2df459fd,completed,2026-06-19 19:53:11.318697+00:00,2026-06-19 19:53:11.433583+00:00
c584c37e-bea0-4e40-bb34-dc5c82a53e77,completed,2026-06-19 19:53:11.165597+00:00,2026-06-19 19:53:11.276891+00:00
5961ab9a-67ad-4ac3-b752-aad4feb5bee3,completed,2026-06-19 19:53:11.344072+00:00,2026-06-19 19:53:11.460131+00:00
e87ddfbd-837f-4fb7-87e4-fb6ae0df6641,completed,2026-06-19 19:53:11.190764+00:00,2026-06-19 19:53:11.328375+00:00
fe1706bb-52ae-402a-af5f-892f0453c37c,completed,2026-06-19 19:53:11.240736+00:00,2026-06-19 19:53:11.365551+00:00
958925f0-3dd5-4ff8-91e2-1843115b5bd9,completed,2026-06-19 19:53:11.291166+00:00,2026-06-19 19:53:11.418133+00:00
f580454b-ab41-405a-ab9c-345ca3c3c936,completed,2026-06-19 19:53:11.743039+00:00,2026-06-19 19:53:11.872684+00:00
4346e57f-9b60-4327-a127-4fe8de2cab77,completed,2026-06-19 19:53:11.615308+00:00,2026-06-19 19:53:11.722571+00:00
fb82ef69-e572-41ea-b122-44c3569451a1,completed,2026-06-19 19:53:11.866498+00:00,2026-06-19 19:53:11.969238+00:00
a067d08d-782d-4c81-915a-21a715dfd757,completed,2026-06-19 19:53:11.642679+00:00,2026-06-19 19:53:11.760696+00:00
4f573e0e-dddb-453e-8533-53f95d575a85,completed,2026-06-19 19:53:11.416365+00:00,2026-06-19 19:53:11.532836+00:00
9e19c263-3c2a-4ae9-ac12-b4b376edf09c,completed,2026-06-19 19:53:12.116275+00:00,2026-06-19 19:53:12.228452+00:00
d4294a5d-0894-4c3d-9de1-473cb270a53b,completed,2026-06-19 19:53:11.449126+00:00,2026-06-19 19:53:11.582812+00:00
f4fd4143-80e7-4d26-a56f-53336129436d,completed,2026-06-19 19:53:11.465740+00:00,2026-06-19 19:53:11.585699+00:00
c3ed3543-f06b-469a-9208-935f62dcb5bc,completed,2026-06-19 19:53:11.665930+00:00,2026-06-19 19:53:11.777411+00:00
71794639-18fb-47cf-8b49-62490bda0b37,completed,2026-06-19 19:53:11.490963+00:00,2026-06-19 19:53:11.617139+00:00
10919a6e-9d9b-4e0a-9dec-7234ee4ae1b9,completed,2026-06-19 19:53:11.766551+00:00,2026-06-19 19:53:11.889808+00:00
e87c1bd3-270e-49bb-a92e-0f44271af99c,completed,2026-06-19 19:53:11.516144+00:00,2026-06-19 19:53:11.635251+00:00
a721180d-6e82-4ead-a76b-0cad52fc17a1,completed,2026-06-19 19:53:11.541551+00:00,2026-06-19 19:53:11.660340+00:00
ee3b3c55-b116-4316-ad16-5db8cc74473c,completed,2026-06-19 19:53:11.915257+00:00,2026-06-19 19:53:12.037451+00:00
4507193b-2805-482d-8cfa-4b62a3d8a1a6,completed,2026-06-19 19:53:11.565837+00:00,2026-06-19 19:53:11.693220+00:00
e8b627ef-847f-4fae-a3d8-6207f8522a63,completed,2026-06-19 19:53:11.791536+00:00,2026-06-19 19:53:11.908227+00:00
e7c2e0a8-77c0-4d3d-b82f-57d4e12ddac9,completed,2026-06-19 19:53:11.592536+00:00,2026-06-19 19:53:11.703874+00:00
2d4510d4-b0ce-45b4-a21a-13d664c917c0,completed,2026-06-19 19:53:11.691582+00:00,2026-06-19 19:53:11.812073+00:00
ca035e98-3194-4ded-a587-cc285d331611,completed,2026-06-19 19:53:12.141313+00:00,2026-06-19 19:53:12.255732+00:00
6bb21da9-5c77-4a3b-b09c-260e383d2e14,completed,2026-06-19 19:53:11.716539+00:00,2026-06-19 19:53:11.823469+00:00
4ae63797-df81-4874-9af1-d68a20c833c3,completed,2026-06-19 19:53:12.091066+00:00,2026-06-19 19:53:12.202930+00:00
eb57c0c9-204c-4c54-9d04-277dce2c56d0,completed,2026-06-19 19:53:11.816938+00:00,2026-06-19 19:53:11.944484+00:00
f5e5cfd8-8f4b-41b8-bc4c-98f92b8c295c,completed,2026-06-19 19:53:11.967109+00:00,2026-06-19 19:53:12.077983+00:00
84b179e8-392b-40f2-a132-7310a8d83800,completed,2026-06-19 19:53:11.843969+00:00,2026-06-19 19:53:11.963403+00:00
c518288f-2405-480f-bae7-fd1218be4310,completed,2026-06-19 19:53:11.891866+00:00,2026-06-19 19:53:12.018150+00:00
6548b80e-2eea-4bee-b97a-c2d8cfc3e7de,completed,2026-06-19 19:53:12.042750+00:00,2026-06-19 19:53:12.160533+00:00
abd81731-f18d-44b4-b32f-36928a54c11c,completed,2026-06-19 19:53:11.944117+00:00,2026-06-19 19:53:12.055445+00:00
b2e079ec-a5b7-40b8-a136-316918a9a237,completed,2026-06-19 19:53:11.991051+00:00,2026-06-19 19:53:12.114947+00:00
cb1ad31a-9849-4ad3-8519-94aa5c4894e8,completed,2026-06-19 19:53:12.167815+00:00,2026-06-19 19:53:12.304887+00:00
8ca8b492-7e3f-4daf-9d27-348bab7e6bfa,completed,2026-06-19 19:53:12.017472+00:00,2026-06-19 19:53:12.154891+00:00
50eef0b6-dd11-4c20-b4c5-563732a831c3,completed,2026-06-19 19:53:12.066005+00:00,2026-06-19 19:53:12.178959+00:00
1a0d624c-e7e3-4a9c-9036-b150b8b450d5,completed,2026-06-19 19:53:12.691138+00:00,2026-06-19 19:53:12.810659+00:00
6fd1c438-6d1a-4fc1-b527-ac4df0bbec58,completed,2026-06-19 19:53:12.391713+00:00,2026-06-19 19:53:12.517892+00:00
dd0e47e9-2df6-42c9-b3af-95b1e7a2f1ed,completed,2026-06-19 19:53:12.542415+00:00,2026-06-19 19:53:12.651473+00:00
fa954c55-1123-46c5-b8c9-2f4d92dea797,completed,2026-06-19 19:53:12.426833+00:00,2026-06-19 19:53:12.540686+00:00
30bf3cd6-99d2-468c-b131-dceeab4294b5,completed,2026-06-19 19:53:12.190923+00:00,2026-06-19 19:53:12.339039+00:00
3b8c0559-5855-4cb8-99d3-c498803d3d0a,completed,2026-06-19 19:53:12.916102+00:00,2026-06-19 19:53:13.035310+00:00
7fb16812-47b9-446c-a2cd-18523a9670bd,completed,2026-06-19 19:53:12.215106+00:00,2026-06-19 19:53:12.346864+00:00
f1015ea3-b371-481e-b50f-56d023d6cfef,completed,2026-06-19 19:53:12.442064+00:00,2026-06-19 19:53:12.560898+00:00
eaacf105-de7e-4359-99f1-89133ecee8c7,completed,2026-06-19 19:53:12.243131+00:00,2026-06-19 19:53:12.386610+00:00
94cac561-c343-451e-a2da-508fb09921c4,completed,2026-06-19 19:53:12.267398+00:00,2026-06-19 19:53:12.392025+00:00
60365819-bab0-4b9a-8aad-913509d97c73,completed,2026-06-19 19:53:12.291704+00:00,2026-06-19 19:53:12.416501+00:00
ca316657-ebb5-480a-88a4-aa74898f4c69,completed,2026-06-19 19:53:12.315831+00:00,2026-06-19 19:53:12.434974+00:00
5a1288a3-d257-4e91-a371-76bce3abe6d1,completed,2026-06-19 19:53:12.566421+00:00,2026-06-19 19:53:12.681503+00:00
81c91214-24bb-459a-9a46-f2c151007d41,completed,2026-06-19 19:53:12.341249+00:00,2026-06-19 19:53:12.470524+00:00
e2751b0b-573f-40c9-8381-4968391858a4,completed,2026-06-19 19:53:12.366943+00:00,2026-06-19 19:53:12.473462+00:00
a7611e0c-c288-4bda-b90c-50723a66247a,completed,2026-06-19 19:53:12.641610+00:00,2026-06-19 19:53:12.752173+00:00
a57a61c7-86dd-4655-abc8-f7a07eb72a19,completed,2026-06-19 19:53:12.465504+00:00,2026-06-19 19:53:12.593937+00:00
dfc9283c-313e-44c0-8848-63322c076bc2,completed,2026-06-19 19:53:12.490473+00:00,2026-06-19 19:53:12.608202+00:00
9b6470fa-ef09-4e43-b804-f31e4e7f4207,completed,2026-06-19 19:53:12.791438+00:00,2026-06-19 19:53:12.898803+00:00
0dde2fa9-df8d-43b1-be79-5665eddf644c,completed,2026-06-19 19:53:12.517461+00:00,2026-06-19 19:53:12.632087+00:00
069c0187-0068-4fb2-92bf-3aeb15b93a0d,completed,2026-06-19 19:53:12.867423+00:00,2026-06-19 19:53:12.992603+00:00
df6f0fdc-1b8f-4423-aa1c-653145a500ea,completed,2026-06-19 19:53:12.591157+00:00,2026-06-19 19:53:12.704564+00:00
50295ee6-7b10-4737-8a22-5ec6df42eb41,completed,2026-06-19 19:53:12.616530+00:00,2026-06-19 19:53:12.732144+00:00
21e37835-2d31-4364-95b8-aaaf0394c9f5,completed,2026-06-19 19:53:12.667319+00:00,2026-06-19 19:53:12.778686+00:00
dbdd645c-24cb-4f44-97c5-4a458acb2225,completed,2026-06-19 19:53:12.942588+00:00,2026-06-19 19:53:13.108780+00:00
96b74cc6-d957-4f88-aeda-63e92b875968,completed,2026-06-19 19:53:12.716903+00:00,2026-06-19 19:53:12.825577+00:00
739995eb-c947-46ae-aee0-4c930ae43a1a,completed,2026-06-19 19:53:12.891731+00:00,2026-06-19 19:53:13.012441+00:00
525caf15-70fe-40ab-84a0-8a6523cdd1cb,completed,2026-06-19 19:53:12.742303+00:00,2026-06-19 19:53:12.871961+00:00
80cc6faf-b4f4-48ef-90ad-de5b6e3fee70,completed,2026-06-19 19:53:12.765850+00:00,2026-06-19 19:53:12.887350+00:00
974b91a5-01e5-48a6-a1c2-3c920fd7bad3,completed,2026-06-19 19:53:12.815817+00:00,2026-06-19 19:53:12.937795+00:00
bfd37ba5-29d9-442a-ba54-e9c074a8d061,completed,2026-06-19 19:53:12.841363+00:00,2026-06-19 19:53:12.983934+00:00
9940611a-4de1-4b2e-b395-47214ef73649,completed,2026-06-19 19:53:13.470649+00:00,2026-06-19 19:53:13.583487+00:00
7edf98a8-e9d2-4e4d-97ff-b1ba4e7a81e2,completed,2026-06-19 19:53:13.173103+00:00,2026-06-19 19:53:13.293616+00:00
d58c6117-3af3-4418-8a70-a8e424f15252,completed,2026-06-19 19:53:13.317901+00:00,2026-06-19 19:53:13.435424+00:00
3c43f3db-36d1-4d50-9cc5-e4ea9f0405b6,completed,2026-06-19 19:53:13.192124+00:00,2026-06-19 19:53:13.302440+00:00
de19031a-2206-4ac0-a60c-f74dfd45ae4b,completed,2026-06-19 19:53:12.969329+00:00,2026-06-19 19:53:13.081012+00:00
d7009c6f-fb21-47a5-ae73-684183414aea,completed,2026-06-19 19:53:12.991570+00:00,2026-06-19 19:53:13.107753+00:00
89217132-b345-4ee4-84f4-05e1aa5b91b3,completed,2026-06-19 19:53:13.667233+00:00,2026-06-19 19:53:13.788916+00:00
f60371ac-5060-4cc3-a7ac-76beed954e9e,completed,2026-06-19 19:53:13.218093+00:00,2026-06-19 19:53:13.331391+00:00
26a037f2-df38-41fb-a867-ea9f53974d40,completed,2026-06-19 19:53:13.017919+00:00,2026-06-19 19:53:13.148250+00:00
bf21aaa6-3bd5-48e0-9741-f9618ba18ade,completed,2026-06-19 19:53:13.041642+00:00,2026-06-19 19:53:13.166638+00:00
955ac62e-7dca-4172-8af5-232405a0452e,completed,2026-06-19 19:53:13.067135+00:00,2026-06-19 19:53:13.201238+00:00
57db8656-1e6a-479e-a993-8a1a4d0667f4,completed,2026-06-19 19:53:13.091469+00:00,2026-06-19 19:53:13.212854+00:00
d75879b9-b5a0-4ad6-a15b-bfd3b54317a1,completed,2026-06-19 19:53:13.343654+00:00,2026-06-19 19:53:13.459461+00:00
fca002c1-10ea-422c-8ecb-75750ba544ef,completed,2026-06-19 19:53:13.118719+00:00,2026-06-19 19:53:13.240244+00:00
580ba4cb-deea-4cdf-88e4-801f035807b5,completed,2026-06-19 19:53:13.141428+00:00,2026-06-19 19:53:13.253030+00:00
3e227ea9-a771-4109-b698-583d03358f0a,completed,2026-06-19 19:53:13.241582+00:00,2026-06-19 19:53:13.359812+00:00
e172935b-cd2f-41e4-bff2-8b30611425b0,completed,2026-06-19 19:53:13.696333+00:00,2026-06-19 19:53:13.805078+00:00
2a5811a6-64bd-4622-92e3-d28f194fd1f6,completed,2026-06-19 19:53:13.418367+00:00,2026-06-19 19:53:13.552904+00:00
6ff5209a-cf33-4185-9667-6b4df00e59fc,completed,2026-06-19 19:53:13.267248+00:00,2026-06-19 19:53:13.398884+00:00
9b9aee5f-eaf7-43c2-a4ef-f42b2ac82a2e,completed,2026-06-19 19:53:13.296610+00:00,2026-06-19 19:53:13.408851+00:00
8f9331d5-688c-4b32-b62c-b34946ce2d22,completed,2026-06-19 19:53:13.640953+00:00,2026-06-19 19:53:13.752666+00:00
0b6e6be8-30c4-4423-a5a4-6fd8ed829dd4,completed,2026-06-19 19:53:13.368973+00:00,2026-06-19 19:53:13.482879+00:00
e7737603-3740-46c3-b91d-fed228551493,completed,2026-06-19 19:53:13.543855+00:00,2026-06-19 19:53:13.660986+00:00
6f0c68ce-e915-4514-8e40-c5e7487a30dc,completed,2026-06-19 19:53:13.395219+00:00,2026-06-19 19:53:13.515537+00:00
a5e1ff0d-f0cd-4a2e-954e-60ad6fd39cb1,completed,2026-06-19 19:53:13.717266+00:00,2026-06-19 19:53:13.851515+00:00
0bbbd4d7-3e37-45e5-b7d0-8750dd1ac22a,completed,2026-06-19 19:53:13.453880+00:00,2026-06-19 19:53:13.578501+00:00
a4198353-5b6a-4619-98ee-7791033042e4,completed,2026-06-19 19:53:13.492943+00:00,2026-06-19 19:53:13.619990+00:00
8c2fa1d8-356a-4d37-b6a5-d21a9bbc2bac,completed,2026-06-19 19:53:13.518236+00:00,2026-06-19 19:53:13.637745+00:00
76b97ff9-312f-453e-9312-d5b659aabaac,completed,2026-06-19 19:53:13.567308+00:00,2026-06-19 19:53:13.677826+00:00
32cae3fb-62ee-447c-a6b6-96bee0c3feef,completed,2026-06-19 19:53:13.597456+00:00,2026-06-19 19:53:13.714163+00:00
3a1542ca-2e09-4caf-ade2-6fa7e7cdc667,completed,2026-06-19 19:53:13.617332+00:00,2026-06-19 19:53:13.743371+00:00
118c2d51-4138-4ad9-8fad-2088d417d57f,completed,2026-06-19 19:53:14.242557+00:00,2026-06-19 19:53:14.355490+00:00
9ffb66ca-f7cf-4d19-83a0-673e1c670e54,completed,2026-06-19 19:53:14.092003+00:00,2026-06-19 19:53:14.202941+00:00
c75d731f-2df1-4021-9eac-1885d41e1e16,completed,2026-06-19 19:53:13.941176+00:00,2026-06-19 19:53:14.075824+00:00
eeb578c3-a6c9-4011-b099-05eaf3b15399,completed,2026-06-19 19:53:13.741874+00:00,2026-06-19 19:53:13.852810+00:00
1f1ac2cb-3d71-4478-b6fa-0cb4b573307b,completed,2026-06-19 19:53:14.441660+00:00,2026-06-19 19:53:14.557649+00:00
60576321-7c0f-4bb1-96e4-40c42b15245c,completed,2026-06-19 19:53:13.766389+00:00,2026-06-19 19:53:13.894046+00:00
4fe03599-5f9b-40bb-ba65-0d29166c2189,completed,2026-06-19 19:53:13.969776+00:00,2026-06-19 19:53:14.099773+00:00
bac25bed-b5b1-4e4a-941e-a660627194de,completed,2026-06-19 19:53:13.792356+00:00,2026-06-19 19:53:13.913273+00:00
ad307b6f-a3f2-49d6-968f-7fe9865cf5cb,completed,2026-06-19 19:53:13.992033+00:00,2026-06-19 19:53:14.108315+00:00
36148099-da61-4dc3-85d2-471a31202404,completed,2026-06-19 19:53:13.816753+00:00,2026-06-19 19:53:13.935402+00:00
5259f86a-c370-44b8-9618-db139ec4bd4d,completed,2026-06-19 19:53:13.840706+00:00,2026-06-19 19:53:13.952423+00:00
03d05f79-3b0e-4490-8f4c-1ea62f700042,completed,2026-06-19 19:53:13.868825+00:00,2026-06-19 19:53:13.980784+00:00
47bc0c61-3bcd-4238-a715-f18f9426fa5b,completed,2026-06-19 19:53:13.891792+00:00,2026-06-19 19:53:14.013440+00:00
f48050e8-4aa5-4af5-a5be-625325b8f7c4,completed,2026-06-19 19:53:14.116856+00:00,2026-06-19 19:53:14.244728+00:00
2bc09975-1dc8-4be1-9ed4-95299977983d,completed,2026-06-19 19:53:13.916724+00:00,2026-06-19 19:53:14.030091+00:00
569fbe95-6089-4092-b24c-549f6802ee95,completed,2026-06-19 19:53:14.191622+00:00,2026-06-19 19:53:14.313226+00:00
20566276-4d59-4d8b-afed-948c002e3fe4,completed,2026-06-19 19:53:14.018614+00:00,2026-06-19 19:53:14.135932+00:00
4a8bd708-67db-40b6-acf9-b29d6ad149d0,completed,2026-06-19 19:53:14.042045+00:00,2026-06-19 19:53:14.150369+00:00
023bbd8f-fc2f-49f2-a858-b946579df18c,completed,2026-06-19 19:53:14.469052+00:00,2026-06-19 19:53:14.602425+00:00
507b27bb-94ac-4870-b513-5a302645b44c,completed,2026-06-19 19:53:14.067178+00:00,2026-06-19 19:53:14.186012+00:00
ba7f901b-e100-4996-9a29-1b103b708920,completed,2026-06-19 19:53:14.492032+00:00,2026-06-19 19:53:14.608560+00:00
8901f7a2-88a9-47c6-aed1-2416754b8849,completed,2026-06-19 19:53:14.143173+00:00,2026-06-19 19:53:14.259823+00:00
bb235f9f-32d4-4936-8672-21435ad4ea77,completed,2026-06-19 19:53:14.292903+00:00,2026-06-19 19:53:14.414076+00:00
d6baf029-72cd-42c1-a05c-1f1fdfe272e1,completed,2026-06-19 19:53:14.169238+00:00,2026-06-19 19:53:14.289499+00:00
14d9fc84-707f-452a-bc36-9b73b33a915b,completed,2026-06-19 19:53:14.216596+00:00,2026-06-19 19:53:14.326603+00:00
7ee959b2-43d4-4415-858e-be66eb0324ac,completed,2026-06-19 19:54:01.783495+00:00,2026-06-19 19:54:01.919050+00:00
aa2c88fb-a75f-4bb0-bd95-8cbe4bda22f4,completed,2026-06-19 19:53:14.266373+00:00,2026-06-19 19:53:14.394071+00:00
e7669881-3106-4a97-a478-853b9a3c2bb6,completed,2026-06-19 19:53:14.317358+00:00,2026-06-19 19:53:14.432669+00:00
8e1fb98f-6cfe-4b31-adb2-e013fb091c19,completed,2026-06-19 19:53:14.344204+00:00,2026-06-19 19:53:14.451816+00:00
e909d72d-c5ed-4d48-b890-df5454169659,completed,2026-06-19 19:53:14.369521+00:00,2026-06-19 19:53:14.477664+00:00
fabad494-e8e8-4c2c-8ab8-751e4e1f1ff9,completed,2026-06-19 19:53:14.393138+00:00,2026-06-19 19:53:14.531722+00:00
3d25cdef-d587-4aaa-b05a-64301182b9fd,completed,2026-06-19 19:53:15.267049+00:00,2026-06-19 19:53:15.391504+00:00
16adc5d9-2820-4078-aa32-0fe4ce407cce,completed,2026-06-19 19:53:14.721065+00:00,2026-06-19 19:53:14.835685+00:00
c3db5eb6-32ab-4fc2-9ce5-a7cb2541f79e,completed,2026-06-19 19:53:14.867897+00:00,2026-06-19 19:53:14.985121+00:00
b3e025fb-6861-4c5e-b7a6-561867c70235,completed,2026-06-19 19:53:14.518312+00:00,2026-06-19 19:53:14.632027+00:00
e83cec91-6cab-4a53-9613-df9f107e5977,completed,2026-06-19 19:53:14.741189+00:00,2026-06-19 19:53:14.868304+00:00
92e6e691-706f-4c23-9577-1bec94ac6c71,completed,2026-06-19 19:53:14.543983+00:00,2026-06-19 19:53:14.653574+00:00
f22bbd5b-8f06-4b5a-8555-2ac34579f1a5,completed,2026-06-19 19:53:15.216488+00:00,2026-06-19 19:53:15.350340+00:00
bc449259-342a-4b2c-94c1-aab034452f56,completed,2026-06-19 19:53:14.567545+00:00,2026-06-19 19:53:14.701264+00:00
5d3105f9-5769-44f8-b881-9181eb1f3c1d,completed,2026-06-19 19:53:14.592184+00:00,2026-06-19 19:53:14.715483+00:00
0cdfc1c2-d6b1-4171-ab84-b09ba633aa24,completed,2026-06-19 19:53:15.191784+00:00,2026-06-19 19:53:15.319928+00:00
820dbfe9-1a34-44a9-9a82-4253a7e06c84,completed,2026-06-19 19:53:14.620777+00:00,2026-06-19 19:53:14.748981+00:00
ad3edb0b-3e3a-4452-9311-9b1646e437b7,completed,2026-06-19 19:53:14.644239+00:00,2026-06-19 19:53:14.761295+00:00
5287fb3a-8660-42a8-ab71-43b11b0e5f7c,completed,2026-06-19 19:53:14.667066+00:00,2026-06-19 19:53:14.796399+00:00
f5b4e762-5a4d-4fa1-a4a0-31ed4e7d3a0d,completed,2026-06-19 19:53:14.692229+00:00,2026-06-19 19:53:14.808943+00:00
fe753a78-1d82-4f1a-ad22-49bbf6f25f88,completed,2026-06-19 19:53:15.042548+00:00,2026-06-19 19:53:15.175771+00:00
724fee2c-3666-43b9-afee-2fe46dc48491,completed,2026-06-19 19:53:14.769818+00:00,2026-06-19 19:53:14.896037+00:00
6a59bed2-d361-4ce4-a84a-f8202bb71c0f,completed,2026-06-19 19:53:15.247879+00:00,2026-06-19 19:53:15.363063+00:00
269d80c0-7e73-4d38-982d-aaf441bfc75a,completed,2026-06-19 19:53:14.805243+00:00,2026-06-19 19:53:14.920815+00:00
9fc59164-c652-4cc4-a734-ee728bc68ba0,completed,2026-06-19 19:53:15.016271+00:00,2026-06-19 19:53:15.136064+00:00
caafaacf-6905-48de-a1ce-c7f0d8e04082,completed,2026-06-19 19:53:14.842549+00:00,2026-06-19 19:53:14.956021+00:00
09489050-64b1-4d55-845c-5c8ad3a088f1,completed,2026-06-19 19:53:14.827000+00:00,2026-06-19 19:53:14.956315+00:00
4e98c3ae-c600-481a-b161-7d1457656be8,completed,2026-06-19 19:53:14.916169+00:00,2026-06-19 19:53:15.022755+00:00
98ba7bde-c7f6-45da-8e7a-40d0b1a49e2e,completed,2026-06-19 19:53:14.891576+00:00,2026-06-19 19:53:15.033434+00:00
6fa3bb07-3d74-454b-8f32-b623b7aaf25a,completed,2026-06-19 19:53:15.091281+00:00,2026-06-19 19:53:15.215510+00:00
0d8d8be0-f257-44b0-8592-d1b5b2073212,completed,2026-06-19 19:53:14.945486+00:00,2026-06-19 19:53:15.068014+00:00
106a8ae0-6355-4c93-b161-5cb1fd42d480,completed,2026-06-19 19:53:14.966809+00:00,2026-06-19 19:53:15.104501+00:00
6e1ca948-3239-4fa8-b73d-8af1e56d4bb2,completed,2026-06-19 19:53:14.992692+00:00,2026-06-19 19:53:15.123328+00:00
eec626a3-d290-4f13-b761-3a2d4a1ed3bd,completed,2026-06-19 19:53:15.065964+00:00,2026-06-19 19:53:15.184341+00:00
2c73ff77-914c-4d87-8db0-2efaf933d1ae,completed,2026-06-19 19:53:15.121294+00:00,2026-06-19 19:53:15.244894+00:00
bde72481-d88c-471d-97e2-c90bbe8f1608,completed,2026-06-19 19:53:15.141636+00:00,2026-06-19 19:53:15.259345+00:00
91df3e9b-2748-47d1-ba7b-9f6c07649dae,completed,2026-06-19 19:53:15.166605+00:00,2026-06-19 19:53:15.287861+00:00
74f19921-a912-4b19-a5d1-1e40b58d963e,completed,2026-06-19 19:53:14.420184+00:00,2026-06-19 19:53:14.532277+00:00
b8824fab-5bc1-4ad8-be5f-df5f1bdd2f8f,completed,2026-06-19 19:53:19.973977+00:00,2026-06-19 19:53:20.120163+00:00
c73b54f9-79a0-4eb1-bded-6ca388dd3e40,completed,2026-06-19 19:53:29.453649+00:00,2026-06-19 19:53:29.584760+00:00
54c803a2-2e95-4449-96c7-e43d8bd9ec0f,completed,2026-06-19 19:53:34.793082+00:00,2026-06-19 19:53:34.917821+00:00
3d39625d-cddf-4dd1-8401-b0757b1cccce,completed,2026-06-19 19:53:43.344757+00:00,2026-06-19 19:53:43.485789+00:00
9c00819a-3d7c-4137-aa59-0ef27180a95b,completed,2026-06-19 19:53:50.941776+00:00,2026-06-19 19:53:51.163909+00:00
7c7b664a-fe24-4f07-8990-be5054d14a1f,completed,2026-06-19 19:54:01.812846+00:00,2026-06-19 19:54:01.926285+00:00
f6dc783b-ba0d-4f13-985f-40d7c8a49ef7,completed,2026-06-19 19:54:06.290726+00:00,2026-06-19 19:54:06.403428+00:00
1ac599e9-7add-4c69-a6f8-f89a5ec9fef4,completed,2026-06-19 19:54:06.520982+00:00,2026-06-19 19:54:06.636537+00:00
45ec9ff1-839e-4976-b532-a14bed271b23,completed,2026-06-19 19:54:07.957051+00:00,2026-06-19 19:54:08.085046+00:00
d1a36c5a-65e9-4d4a-98b7-23c900a0ffd0,completed,2026-06-19 19:54:07.988796+00:00,2026-06-19 19:54:08.102090+00:00
449ce475-af30-4b59-a949-170dd5a1c5d8,completed,2026-06-19 19:54:10.074979+00:00,2026-06-19 19:54:10.187380+00:00
05302b88-4ef9-43ed-af77-87c598b628c9,completed,2026-06-19 19:54:10.313381+00:00,2026-06-19 19:54:10.429027+00:00
92662ca5-f545-4f48-81e6-d5640661697d,completed,2026-06-19 19:54:10.353079+00:00,2026-06-19 19:54:10.456504+00:00
fafc560d-c6f0-4425-81ba-97782fe83125,completed,2026-06-19 19:54:11.252908+00:00,2026-06-19 19:54:11.363301+00:00
48f1bca2-d2a7-4c57-a596-f483b9d6af1e,completed,2026-06-19 19:54:10.592878+00:00,2026-06-19 19:54:10.706722+00:00
8b4fb018-31b3-4ca9-b8a2-d4f688e910ed,completed,2026-06-19 19:54:10.836096+00:00,2026-06-19 19:54:10.931531+00:00
4f12f4f7-4be5-43e9-bfbe-5918552bd6d6,completed,2026-06-19 19:54:10.633437+00:00,2026-06-19 19:54:10.740502+00:00
15e779d5-65d6-40d9-9efb-144ded98dc27,completed,2026-06-19 19:54:10.681930+00:00,2026-06-19 19:54:10.801276+00:00
7245603a-c7ec-4fd5-aa5d-44122bbe6482,completed,2026-06-19 19:54:11.004763+00:00,2026-06-19 19:54:11.109851+00:00
746e8f9f-3d9a-47f5-b69e-6c30a9230af4,completed,2026-06-19 19:54:10.718951+00:00,2026-06-19 19:54:10.818609+00:00
33974c16-0c87-4c21-982d-9f4b06af8841,completed,2026-06-19 19:54:10.918444+00:00,2026-06-19 19:54:11.029360+00:00
bf61b158-f06b-4a55-bf3b-215505210cfa,completed,2026-06-19 19:54:10.757839+00:00,2026-06-19 19:54:10.878721+00:00
1e10aa17-8aa6-436d-88b2-89aeb0778e5d,completed,2026-06-19 19:54:10.799215+00:00,2026-06-19 19:54:10.910855+00:00
630c1138-12b9-40b7-bca7-a518df95104e,completed,2026-06-19 19:54:10.877051+00:00,2026-06-19 19:54:10.998095+00:00
d2218fdf-9699-48c7-aff4-b22c3fa2399d,completed,2026-06-19 19:54:11.218570+00:00,2026-06-19 19:54:11.322386+00:00
0f7e7307-5af4-432d-8e66-7dadc5606f5f,completed,2026-06-19 19:54:10.965710+00:00,2026-06-19 19:54:11.068964+00:00
4d983631-519b-4427-a965-31be883b8524,completed,2026-06-19 19:54:11.043085+00:00,2026-06-19 19:54:11.166770+00:00
0fce7aa6-795a-4490-b37a-929b7666fb3f,completed,2026-06-19 19:54:11.084949+00:00,2026-06-19 19:54:11.198793+00:00
ae6bacc6-e296-45c4-b32e-b0e484c19d2e,completed,2026-06-19 19:54:11.130670+00:00,2026-06-19 19:54:11.235427+00:00
6a5447cb-39c1-4a6f-b8ba-1e80ad4145ab,completed,2026-06-19 19:54:11.171108+00:00,2026-06-19 19:54:11.280720+00:00
53d54bba-d37a-4c50-b995-25012f45abda,completed,2026-06-19 19:53:15.493472+00:00,2026-06-19 19:53:15.615409+00:00
908b0bef-cef7-4958-abca-d5fbd772c12a,completed,2026-06-19 19:53:16.020502+00:00,2026-06-19 19:53:16.153866+00:00
31c6386b-ed61-4f80-b738-9680c7748a61,completed,2026-06-19 19:53:15.517219+00:00,2026-06-19 19:53:15.641774+00:00
fc384d42-20fb-4611-a863-100dc93e7e81,completed,2026-06-19 19:53:15.292378+00:00,2026-06-19 19:53:15.434026+00:00
4c9db22b-2644-4bbe-b7ee-1768aa0202f3,completed,2026-06-19 19:53:15.317355+00:00,2026-06-19 19:53:15.440033+00:00
8a0c08d0-875a-4cac-bf8b-2eb8e8631a88,completed,2026-06-19 19:53:15.341996+00:00,2026-06-19 19:53:15.447991+00:00
8f7bd61a-7528-477b-9852-2c2fc6fe70f5,completed,2026-06-19 19:53:15.642130+00:00,2026-06-19 19:53:15.771087+00:00
2c67856c-e1ca-4f64-9ad1-c00d8a1fe099,completed,2026-06-19 19:53:15.367934+00:00,2026-06-19 19:53:15.507495+00:00
fa64a9fb-8e7e-4a5b-84b0-9c0692e084bf,completed,2026-06-19 19:53:15.392304+00:00,2026-06-19 19:53:15.516512+00:00
0d21566c-30b0-4819-9de4-24ed36eb6352,completed,2026-06-19 19:53:15.616777+00:00,2026-06-19 19:53:15.790398+00:00
e395e827-80d9-4351-ab24-23b5ab7cb538,completed,2026-06-19 19:53:15.417192+00:00,2026-06-19 19:53:15.537820+00:00
fab2f990-6ce0-470a-ad48-bc860f60d3b9,completed,2026-06-19 19:53:15.441748+00:00,2026-06-19 19:53:15.540888+00:00
08a8479d-8566-48d9-b40f-d814b7babfe0,completed,2026-06-19 19:53:15.666729+00:00,2026-06-19 19:53:15.796001+00:00
e0f3068f-800d-4a00-8f5a-7ca2e812522b,completed,2026-06-19 19:53:15.467253+00:00,2026-06-19 19:53:15.589229+00:00
0af92a35-ef31-4001-877a-0a2f36ecee15,completed,2026-06-19 19:53:15.542180+00:00,2026-06-19 19:53:15.669530+00:00
4fe5000a-7954-4909-99f8-37d290249a6e,completed,2026-06-19 19:53:15.897853+00:00,2026-06-19 19:53:16.021580+00:00
5559858e-c47f-45ce-8f78-92b03dccc185,completed,2026-06-19 19:53:15.565984+00:00,2026-06-19 19:53:15.692751+00:00
d10cfc9a-3207-4740-9d3a-3f3b1c41bb3b,completed,2026-06-19 19:53:15.741194+00:00,2026-06-19 19:53:15.872907+00:00
7966f75a-2f34-496b-a8e4-98a24b36055e,completed,2026-06-19 19:53:15.591756+00:00,2026-06-19 19:53:15.719038+00:00
c16a16f6-a208-4e20-b503-d327acdad6c1,completed,2026-06-19 19:53:15.816418+00:00,2026-06-19 19:53:15.932544+00:00
ea2a58da-ed31-4e7c-8c34-b326c78b50cc,completed,2026-06-19 19:53:15.967367+00:00,2026-06-19 19:53:16.079115+00:00
7899d9af-d6ac-44e2-b0be-7fa5f5e1f907,completed,2026-06-19 19:53:15.692074+00:00,2026-06-19 19:53:15.810215+00:00
ebf03edb-b693-45e9-afdc-8801b56c0706,completed,2026-06-19 19:53:15.719491+00:00,2026-06-19 19:53:15.837411+00:00
e6399c9a-8b8b-4774-ba05-a7a4ce0945de,completed,2026-06-19 19:53:16.042113+00:00,2026-06-19 19:53:16.174372+00:00
cf450bf9-6c4a-49c3-9222-7671dca536d4,completed,2026-06-19 19:53:15.767399+00:00,2026-06-19 19:53:15.902931+00:00
a4f9c7e2-b8f9-4d12-90a0-5ab44718f51a,completed,2026-06-19 19:53:15.792719+00:00,2026-06-19 19:53:15.935177+00:00
91f2e13f-0716-4cb5-8ccf-066c162bc195,completed,2026-06-19 19:53:15.992302+00:00,2026-06-19 19:53:16.114515+00:00
82175f09-f121-488c-8dcd-fd25c5fa1cc0,completed,2026-06-19 19:53:15.842081+00:00,2026-06-19 19:53:15.971089+00:00
2ae018c3-475b-4d90-84a5-7257cc6d98ce,completed,2026-06-19 19:53:15.866980+00:00,2026-06-19 19:53:16.006154+00:00
4dbd464a-ab33-4d35-8219-a7b9dd87c580,completed,2026-06-19 19:53:15.917445+00:00,2026-06-19 19:53:16.036800+00:00
cbee50e7-dd48-4b12-b82b-78df4466bf2e,completed,2026-06-19 19:53:15.942397+00:00,2026-06-19 19:53:16.055269+00:00
728ac3ac-b57d-446b-808c-fd8e09dffc97,completed,2026-06-19 19:53:16.719511+00:00,2026-06-19 19:53:16.833010+00:00
7848aea6-ee1c-4a9f-99d7-ffdcca51c56e,completed,2026-06-19 19:53:16.268073+00:00,2026-06-19 19:53:16.384783+00:00
4284a943-dadc-46d6-b589-dbb529b961a0,completed,2026-06-19 19:53:16.418381+00:00,2026-06-19 19:53:16.527788+00:00
6bbe6013-5af5-4db1-9aef-eb2f7c8d79ae,completed,2026-06-19 19:53:16.292247+00:00,2026-06-19 19:53:16.402401+00:00
d5771e3c-ce62-4810-b862-fad055e56d1f,completed,2026-06-19 19:53:16.077156+00:00,2026-06-19 19:53:16.202402+00:00
bf447e30-7ea7-462c-846a-ddd3c4740f36,completed,2026-06-19 19:53:16.093150+00:00,2026-06-19 19:53:16.208361+00:00
14222425-99a9-49d7-9919-2f80b13a3af4,completed,2026-06-19 19:53:16.767727+00:00,2026-06-19 19:53:16.892750+00:00
64c08e0b-d518-4e98-a2a8-8ab9112248e5,completed,2026-06-19 19:53:16.116414+00:00,2026-06-19 19:53:16.237121+00:00
4cf2c823-6c89-4f63-b90e-721145dcfc5f,completed,2026-06-19 19:53:16.316054+00:00,2026-06-19 19:53:16.434153+00:00
8e6ea798-e71f-43b9-9260-14b1e5949c7e,completed,2026-06-19 19:53:16.142622+00:00,2026-06-19 19:53:16.260478+00:00
d7881e2e-75f0-4be3-971d-815085bfb10b,completed,2026-06-19 19:53:16.167129+00:00,2026-06-19 19:53:16.294925+00:00
71d7efe9-b17d-48bd-a852-821a395ab351,completed,2026-06-19 19:53:16.567384+00:00,2026-06-19 19:53:16.718586+00:00
c1da670c-1455-4fe2-9713-296583f656d2,completed,2026-06-19 19:53:16.192771+00:00,2026-06-19 19:53:16.308473+00:00
272e6291-9cce-4a99-8874-8caac11c3b6f,completed,2026-06-19 19:53:16.442858+00:00,2026-06-19 19:53:16.553325+00:00
072a88fc-2042-4ae5-9bee-433531674a25,completed,2026-06-19 19:53:16.216471+00:00,2026-06-19 19:53:16.345786+00:00
836b0238-4db4-410e-b93b-0e44bbb1006e,completed,2026-06-19 19:53:16.241143+00:00,2026-06-19 19:53:16.360568+00:00
eb13eae8-68cc-4945-bf77-29a3b5e79b0f,completed,2026-06-19 19:53:16.518386+00:00,2026-06-19 19:53:16.632670+00:00
fee3793d-3c6b-4e96-8c1c-b88031e34064,completed,2026-06-19 19:53:16.340912+00:00,2026-06-19 19:53:16.451757+00:00
f19c161b-9765-4cbf-99c0-8419c953f45a,completed,2026-06-19 19:53:16.367249+00:00,2026-06-19 19:53:16.493437+00:00
27f259a2-8eb1-400a-be28-3302d30b5d92,completed,2026-06-19 19:53:16.805562+00:00,2026-06-19 19:53:16.921361+00:00
7638f121-22eb-4435-8df5-29b3069ccddf,completed,2026-06-19 19:53:16.392763+00:00,2026-06-19 19:53:16.515726+00:00
5a7a7cbd-efd0-4e5d-8272-930a2feb89e4,completed,2026-06-19 19:53:16.593469+00:00,2026-06-19 19:53:16.726125+00:00
f86d870f-2144-4081-8e4e-c80b224cf999,completed,2026-06-19 19:53:16.467833+00:00,2026-06-19 19:53:16.589657+00:00
9c7d6435-3385-44ca-be69-bd50668cd917,completed,2026-06-19 19:53:16.641058+00:00,2026-06-19 19:53:16.761951+00:00
776974e6-4ee0-4ae4-a148-34a393c6489e,completed,2026-06-19 19:53:16.492579+00:00,2026-06-19 19:53:16.611809+00:00
d0c24811-b0e5-4790-bfff-921065dacd41,completed,2026-06-19 19:53:16.542927+00:00,2026-06-19 19:53:16.656218+00:00
94084e62-c2b1-493f-b5bb-9e6efbfe049e,completed,2026-06-19 19:54:01.837430+00:00,2026-06-19 19:54:01.967649+00:00
490f4453-47de-4752-84c9-9f7e9cf661f1,completed,2026-06-19 19:53:16.744964+00:00,2026-06-19 19:53:16.874523+00:00
5672929a-d385-4b51-a066-fae0471d66bc,completed,2026-06-19 19:53:16.616809+00:00,2026-06-19 19:53:16.727073+00:00
b4cfa05b-48f3-4c48-be5b-b4c9e61b498d,completed,2026-06-19 19:53:16.668689+00:00,2026-06-19 19:53:16.795862+00:00
11596614-0170-4a53-b0bb-850e7d144a15,completed,2026-06-19 19:53:16.699640+00:00,2026-06-19 19:53:16.823179+00:00
9d2eda06-d31d-49ac-874c-f79cfe6d6c38,completed,2026-06-19 19:53:16.830095+00:00,2026-06-19 19:53:16.939460+00:00
172a40fc-4e38-46c5-816f-1420977598cf,completed,2026-06-19 19:53:21.467016+00:00,2026-06-19 19:53:21.653321+00:00
8fd96917-22bc-42fd-a1e7-174ac434b82d,completed,2026-06-19 19:53:21.679827+00:00,2026-06-19 19:53:21.792236+00:00
aff1bc09-3809-48a6-b8ab-90e6b8135720,completed,2026-06-19 19:53:29.475440+00:00,2026-06-19 19:53:29.596170+00:00
77ba0187-54e6-448f-a061-669cf728a54f,completed,2026-06-19 19:53:49.569613+00:00,2026-06-19 19:53:49.688341+00:00
cb2ca99a-6473-440b-b207-7340dcf36804,completed,2026-06-19 19:54:03.132606+00:00,2026-06-19 19:54:03.239446+00:00
843c6adf-58cb-44ea-af9a-e4b82756bb27,completed,2026-06-19 19:54:02.842344+00:00,2026-06-19 19:54:02.954796+00:00
bb2ab61e-1f3f-4fef-ae8c-0e5993f46baf,completed,2026-06-19 19:54:02.986876+00:00,2026-06-19 19:54:03.098810+00:00
a4b21572-8082-4ecc-a0e9-757bd4fc0ffc,completed,2026-06-19 19:54:02.642930+00:00,2026-06-19 19:54:02.764069+00:00
ce79b326-ef47-4b10-b2c3-ec333f3c5e22,completed,2026-06-19 19:54:02.671366+00:00,2026-06-19 19:54:02.776835+00:00
bca90045-186e-4a8c-bbff-af1c64c0cddb,completed,2026-06-19 19:54:03.048784+00:00,2026-06-19 19:54:03.166338+00:00
ac1030cd-6f60-44e6-8bcf-9ceaae0b50c8,completed,2026-06-19 19:54:02.698836+00:00,2026-06-19 19:54:02.808712+00:00
50cc5086-ca92-4a13-bc49-32004f4282f2,completed,2026-06-19 19:54:02.874176+00:00,2026-06-19 19:54:02.992717+00:00
25ebe86f-e08d-4a06-8f78-0c38fc1dd96a,completed,2026-06-19 19:54:02.733901+00:00,2026-06-19 19:54:02.841908+00:00
59756192-e8b0-4dee-abda-567a188c5c9d,completed,2026-06-19 19:54:02.757027+00:00,2026-06-19 19:54:02.866417+00:00
e40f55a8-020e-4cd8-8ca1-8f6dac2ff9b0,completed,2026-06-19 19:54:03.391623+00:00,2026-06-19 19:54:03.509658+00:00
7cb90b8d-9a85-4f83-95c0-119aa2255cb5,completed,2026-06-19 19:54:02.784177+00:00,2026-06-19 19:54:02.913557+00:00
7729719c-01ea-4c68-b7d5-726f19f644d5,completed,2026-06-19 19:54:02.816059+00:00,2026-06-19 19:54:02.917489+00:00
c55aac4b-d580-4974-9679-63caa7e10f02,completed,2026-06-19 19:54:02.900239+00:00,2026-06-19 19:54:03.017869+00:00
d1cdb5c6-8cbb-4493-b115-e0c4c7a6ddbc,completed,2026-06-19 19:54:02.932539+00:00,2026-06-19 19:54:03.056406+00:00
0e68a355-ed37-4b7d-afe4-d4239d519415,completed,2026-06-19 19:54:02.955821+00:00,2026-06-19 19:54:03.068615+00:00
8495a9aa-49da-45ae-bdd0-c103f3c18eaa,completed,2026-06-19 19:54:03.014842+00:00,2026-06-19 19:54:03.134780+00:00
c90ce555-df00-4c87-b012-5577586603c0,completed,2026-06-19 19:54:03.185229+00:00,2026-06-19 19:54:03.293004+00:00
b1c56f26-d7ea-456a-b682-17be4f0235e9,completed,2026-06-19 19:54:03.333582+00:00,2026-06-19 19:54:03.470171+00:00
eb7cf6fe-cb22-4e35-bdac-6a3d12bcbfac,completed,2026-06-19 19:54:03.070378+00:00,2026-06-19 19:54:03.188519+00:00
3cc7d868-3170-4053-a86f-84bf7b5d7ddb,completed,2026-06-19 19:54:03.102070+00:00,2026-06-19 19:54:03.480442+00:00
92d37100-4f63-4e3c-b438-66dcf81f25c3,completed,2026-06-19 19:54:03.271813+00:00,2026-06-19 19:54:03.388647+00:00
bed5c299-9cf2-49ce-9e39-97499cc5ce6c,completed,2026-06-19 19:54:03.159669+00:00,2026-06-19 19:54:03.260889+00:00
3b2d9aa2-e781-4f50-a186-24edc11bb9e6,completed,2026-06-19 19:54:03.213415+00:00,2026-06-19 19:54:03.327862+00:00
7b81796c-3152-4176-9b91-9e885ced1bc7,completed,2026-06-19 19:54:03.245627+00:00,2026-06-19 19:54:03.367057+00:00
a523a584-3907-4bd8-a0f6-7093045aa7ee,completed,2026-06-19 19:54:03.305619+00:00,2026-06-19 19:54:03.424644+00:00
936cd214-0c39-4cfe-a84c-a8082936daa1,completed,2026-06-19 19:53:17.015235+00:00,2026-06-19 19:53:17.146671+00:00
82dbdbb0-91f9-46a0-ac14-478d664ffca8,completed,2026-06-19 19:53:17.042586+00:00,2026-06-19 19:53:17.146987+00:00
7d428a24-fdde-4223-b892-668e827f11d2,completed,2026-06-19 19:53:17.321615+00:00,2026-06-19 19:53:17.458429+00:00
3b7752b4-ac3d-4f8b-ba79-c6a2b944311d,completed,2026-06-19 19:53:17.279174+00:00,2026-06-19 19:53:17.400274+00:00
d626c90f-a7df-4894-888e-6da35793c0d6,completed,2026-06-19 19:53:16.845887+00:00,2026-06-19 19:53:16.966416+00:00
088b8506-9229-4787-ae89-b91e91c6e1f9,completed,2026-06-19 19:53:17.230124+00:00,2026-06-19 19:53:17.402870+00:00
e6865303-b556-4211-ae8b-2c53739ca43a,completed,2026-06-19 19:53:16.893652+00:00,2026-06-19 19:53:17.012586+00:00
bb3372a0-c607-4fcf-abdb-c76f9d70f75a,completed,2026-06-19 19:53:16.888793+00:00,2026-06-19 19:53:17.017118+00:00
68628690-3fd5-4bbe-aca6-953ae902ab71,completed,2026-06-19 19:53:17.173028+00:00,2026-06-19 19:53:17.300373+00:00
4a81ae1a-06fd-4f19-81f7-755e4ab602c9,completed,2026-06-19 19:53:17.191932+00:00,2026-06-19 19:53:17.320848+00:00
b244572f-a46e-4f62-b3f3-32e65e580950,completed,2026-06-19 19:53:16.921316+00:00,2026-06-19 19:53:17.047436+00:00
86049a24-2924-4b2a-b266-8a386e293711,completed,2026-06-19 19:53:16.941962+00:00,2026-06-19 19:53:17.055126+00:00
892a733b-ebda-44e4-be5a-61555af30760,completed,2026-06-19 19:53:16.971130+00:00,2026-06-19 19:53:17.088258+00:00
daaae9bf-3c76-4bf2-b3f4-925bb7fdd011,completed,2026-06-19 19:53:17.542685+00:00,2026-06-19 19:53:17.671034+00:00
c972d157-187b-4109-a8cd-01d8c24b44ee,completed,2026-06-19 19:53:16.994973+00:00,2026-06-19 19:53:17.104311+00:00
dae0922f-d6e7-4f8a-a7ad-656470f85222,completed,2026-06-19 19:53:17.071796+00:00,2026-06-19 19:53:17.198291+00:00
ef387c46-7571-4ec7-b8f6-95b03ddc159f,completed,2026-06-19 19:53:17.095774+00:00,2026-06-19 19:53:17.230023+00:00
74a45194-9b2b-4120-bace-a2f9f68b75ed,completed,2026-06-19 19:53:17.342136+00:00,2026-06-19 19:53:17.467339+00:00
16c21573-db3f-45a1-a5e3-cc1f3036d425,completed,2026-06-19 19:53:17.116298+00:00,2026-06-19 19:53:17.251401+00:00
9fe7a7f2-3e36-40d6-84e5-b9e115764b21,completed,2026-06-19 19:53:17.146010+00:00,2026-06-19 19:53:17.260179+00:00
d1fd0826-17ac-4a51-a664-950ac5a9cb0b,completed,2026-06-19 19:53:17.394628+00:00,2026-06-19 19:53:17.520522+00:00
ad98ab53-fabe-4942-ad50-00282beba3cf,completed,2026-06-19 19:53:17.242248+00:00,2026-06-19 19:53:17.368770+00:00
ab50df83-335c-4a2f-80b7-d29f4360584d,completed,2026-06-19 19:53:17.514627+00:00,2026-06-19 19:53:17.663543+00:00
6e4049a5-80a6-4abe-b24a-e10d2190106d,completed,2026-06-19 19:53:17.571263+00:00,2026-06-19 19:53:17.694270+00:00
b54cd128-03ee-4051-9c7f-afdda704c442,completed,2026-06-19 19:53:17.295067+00:00,2026-06-19 19:53:17.424941+00:00
5f38f91c-9cc4-44c2-bd75-54c87f961505,completed,2026-06-19 19:53:17.449840+00:00,2026-06-19 19:53:17.569907+00:00
797ab33c-cd10-4119-b05c-bf61e1882a6c,completed,2026-06-19 19:53:17.596903+00:00,2026-06-19 19:53:17.732327+00:00
1c5e6a61-89d9-4834-9110-95db0fe554dc,completed,2026-06-19 19:53:17.368717+00:00,2026-06-19 19:53:17.503281+00:00
48796b91-0c68-47b8-9b1a-af54d68b90dd,completed,2026-06-19 19:53:17.424035+00:00,2026-06-19 19:53:17.549417+00:00
f3fc9211-1e2d-4a64-904d-2592e3e93294,completed,2026-06-19 19:53:17.468639+00:00,2026-06-19 19:53:17.596103+00:00
9818dd24-d218-4ddd-80b0-11584de569dd,completed,2026-06-19 19:53:17.518606+00:00,2026-06-19 19:53:17.635273+00:00
249623c6-5b48-4b99-ac0a-aeae382b1e5b,completed,2026-06-19 19:53:17.948044+00:00,2026-06-19 19:53:18.077175+00:00
55ec2a40-cbb1-4c50-82b7-5aeb4f1c18c0,completed,2026-06-19 19:53:17.819930+00:00,2026-06-19 19:53:17.928870+00:00
5f00988e-b25f-44ca-834f-19447e1be818,completed,2026-06-19 19:53:18.342762+00:00,2026-06-19 19:53:18.450575+00:00
37809ffd-5f44-49dc-b6b8-249dcc57df91,completed,2026-06-19 19:53:17.842663+00:00,2026-06-19 19:53:17.962231+00:00
d975d166-6431-4eed-bf81-3aff0d82e6d4,completed,2026-06-19 19:53:17.622886+00:00,2026-06-19 19:53:17.737779+00:00
e5dd9847-b135-4d9f-ac26-0b83d632f048,completed,2026-06-19 19:53:18.069652+00:00,2026-06-19 19:53:18.194135+00:00
a899387c-47e2-4f0e-9b1d-cc2a699baeea,completed,2026-06-19 19:53:17.666107+00:00,2026-06-19 19:53:17.783031+00:00
25b2a9a6-0344-4c06-88ac-42a930a03e6e,completed,2026-06-19 19:53:17.689252+00:00,2026-06-19 19:53:17.814750+00:00
3e976206-a96e-4419-8cd3-1822cd8b83f7,completed,2026-06-19 19:53:17.641983+00:00,2026-06-19 19:53:17.815864+00:00
704e99e4-50bb-43fc-913f-ed0a4acbea05,completed,2026-06-19 19:53:17.716782+00:00,2026-06-19 19:53:17.840712+00:00
301a3232-b6a4-4b70-8c7b-b56ee3364ed1,completed,2026-06-19 19:53:18.119247+00:00,2026-06-19 19:53:18.244495+00:00
f3553fb2-6774-41cd-825d-15fe4df02546,completed,2026-06-19 19:53:17.966929+00:00,2026-06-19 19:53:18.102857+00:00
df78259d-5df7-4c3a-8e93-7db7535f67b3,completed,2026-06-19 19:53:17.741396+00:00,2026-06-19 19:53:17.881433+00:00
d3875961-8116-481c-a179-a07006a90a0d,completed,2026-06-19 19:53:17.767995+00:00,2026-06-19 19:53:17.888915+00:00
4b688368-059d-4a7c-ad4e-f3279713b458,completed,2026-06-19 19:53:17.992499+00:00,2026-06-19 19:53:18.111515+00:00
3cc95880-842b-44b1-9917-e694244c121d,completed,2026-06-19 19:53:17.794617+00:00,2026-06-19 19:53:17.908316+00:00
362b829d-9493-4b10-87a3-2999cc15ca14,completed,2026-06-19 19:53:17.866451+00:00,2026-06-19 19:53:17.994192+00:00
62b95e69-b93c-443a-8dcb-45192e676614,completed,2026-06-19 19:53:17.894905+00:00,2026-06-19 19:53:18.018299+00:00
dcd95583-f93b-4d75-8019-870292eaaa5e,completed,2026-06-19 19:53:18.219150+00:00,2026-06-19 19:53:18.344072+00:00
225b1b8f-17b7-4e77-adf7-ac04bb4f15c0,completed,2026-06-19 19:53:17.920459+00:00,2026-06-19 19:53:18.041558+00:00
a7f2a46d-b954-40fc-8d80-986fbe7f664a,completed,2026-06-19 19:53:18.091314+00:00,2026-06-19 19:53:18.204295+00:00
ee5ef678-f13e-4d18-9664-43f86ea5b698,completed,2026-06-19 19:53:18.293539+00:00,2026-06-19 19:53:18.408048+00:00
cec7df3e-f62c-4e16-b488-d2da4261a3cb,completed,2026-06-19 19:53:18.018933+00:00,2026-06-19 19:53:18.143112+00:00
01621046-f664-4451-9196-831f163bc8ab,completed,2026-06-19 19:53:18.043221+00:00,2026-06-19 19:53:18.165064+00:00
d4b917f0-e681-411d-96f8-3af63c484763,completed,2026-06-19 19:53:18.367106+00:00,2026-06-19 19:53:18.488705+00:00
141a3012-63cb-4d21-90da-11e1b5692f9a,completed,2026-06-19 19:53:18.144597+00:00,2026-06-19 19:53:18.268927+00:00
e5d952d4-9cbe-4736-a5be-1747860d929a,completed,2026-06-19 19:53:18.315721+00:00,2026-06-19 19:53:18.437612+00:00
c8df022b-beeb-405d-a011-9f2d4dfb506b,completed,2026-06-19 19:53:18.175159+00:00,2026-06-19 19:53:18.298965+00:00
87b4201a-7758-47b8-9a9d-5bc0e2e61b6e,completed,2026-06-19 19:53:18.199828+00:00,2026-06-19 19:53:18.325697+00:00
7cf4f325-0d57-44b5-9bd6-daa331d10271,completed,2026-06-19 19:53:18.243437+00:00,2026-06-19 19:53:18.361731+00:00
a7b5c43d-98d8-4112-8235-bd232c8ae95a,completed,2026-06-19 19:53:18.267305+00:00,2026-06-19 19:53:18.388807+00:00
07ade3a1-7b1c-423f-9b8e-1b233fed87c9,completed,2026-06-19 19:53:18.934100+00:00,2026-06-19 19:53:19.082070+00:00
266ea6ca-3acd-412a-8908-15336177d390,completed,2026-06-19 19:53:18.391860+00:00,2026-06-19 19:53:18.503085+00:00
9e8029cb-4f51-4082-a7fc-3f78243e34bf,completed,2026-06-19 19:53:18.948201+00:00,2026-06-19 19:53:19.098638+00:00
01ba81d5-c7fc-4c37-a61f-dbc844b8fb1c,completed,2026-06-19 19:53:18.418966+00:00,2026-06-19 19:53:18.555595+00:00
aa4e4258-b934-4c28-856d-fdaa1a73a616,completed,2026-06-19 19:53:18.454789+00:00,2026-06-19 19:53:18.587539+00:00
4960b962-605a-439b-b5d4-06ba426fbb89,completed,2026-06-19 19:53:18.472320+00:00,2026-06-19 19:53:18.591831+00:00
3a0468a6-f703-4bcb-91f2-ab81cf71c4e3,completed,2026-06-19 19:53:18.491150+00:00,2026-06-19 19:53:18.604322+00:00
84a39c06-5e55-4ff9-97d6-f75530bb747a,completed,2026-06-19 19:53:18.530465+00:00,2026-06-19 19:53:18.647714+00:00
801587d4-0199-450b-8cde-4e565d7def09,completed,2026-06-19 19:53:18.546450+00:00,2026-06-19 19:53:18.681352+00:00
3bc366c2-ef77-4b44-ad18-d596ef5c5be7,completed,2026-06-19 19:53:18.573374+00:00,2026-06-19 19:53:18.682243+00:00
b04ba5dd-a8fa-4eab-93f3-cae7e63cd55b,completed,2026-06-19 19:53:18.592353+00:00,2026-06-19 19:53:18.710740+00:00
5a07b7c8-fe00-4584-8d32-96743d522faa,completed,2026-06-19 19:53:19.084145+00:00,2026-06-19 19:53:19.225345+00:00
d3cad5d0-bd66-495c-b844-4ed6641cf3b8,completed,2026-06-19 19:53:18.751556+00:00,2026-06-19 19:53:18.895999+00:00
9da4c7b4-bc95-4aca-ac18-867b0e8c9373,completed,2026-06-19 19:53:18.759085+00:00,2026-06-19 19:53:18.900140+00:00
99c2d1c9-4849-44cd-a1e5-f2d0e5ab0aac,completed,2026-06-19 19:53:18.737235+00:00,2026-06-19 19:53:18.902063+00:00
94f57fd9-0aa0-4793-8ff3-73cbde0efca7,completed,2026-06-19 19:53:18.766665+00:00,2026-06-19 19:53:18.904052+00:00
54f28670-4b85-4f9c-82af-0dadbe04401a,completed,2026-06-19 19:53:18.766444+00:00,2026-06-19 19:53:18.904216+00:00
e7793091-f6ce-4725-9c88-d6715fee06fc,completed,2026-06-19 19:53:18.776154+00:00,2026-06-19 19:53:18.908621+00:00
c28e9f8c-a9aa-40fd-a080-a02668f1d11d,completed,2026-06-19 19:53:18.744166+00:00,2026-06-19 19:53:18.913119+00:00
a90a42e5-3391-4e11-8e5b-0a708f022d0e,completed,2026-06-19 19:53:18.957719+00:00,2026-06-19 19:53:19.108044+00:00
8071b7b6-5be5-413d-8e06-b5036f20a511,completed,2026-06-19 19:53:19.096778+00:00,2026-06-19 19:53:19.260663+00:00
a0e86807-1a48-4ac5-8205-29e841abb417,completed,2026-06-19 19:53:18.797973+00:00,2026-06-19 19:53:19.025167+00:00
e109f2fd-b30d-4224-92c7-2ec46d65837f,completed,2026-06-19 19:53:18.927140+00:00,2026-06-19 19:53:19.065946+00:00
b8ba3663-559b-496c-9f05-ece1f2d6c03f,completed,2026-06-19 19:53:19.042616+00:00,2026-06-19 19:53:19.215917+00:00
45555255-6d6d-4fc2-97a2-506916decf7b,completed,2026-06-19 19:53:18.940563+00:00,2026-06-19 19:53:19.080887+00:00
85f76aa7-3655-48f1-ad11-eb4a78a0d714,completed,2026-06-19 19:53:19.094338+00:00,2026-06-19 19:53:19.218975+00:00
264310a6-1dfd-4c5e-8ef0-84d6da09679c,completed,2026-06-19 19:53:19.118553+00:00,2026-06-19 19:53:19.246903+00:00
991785a5-d3c2-4cf3-bada-51486597417b,completed,2026-06-19 19:53:18.956000+00:00,2026-06-19 19:53:19.106109+00:00
baa6bb56-378a-45e1-aa17-c9230ca5d54e,completed,2026-06-19 19:53:19.167949+00:00,2026-06-19 19:53:19.297092+00:00
c6347111-38d0-46cd-8221-5a874aa6a934,completed,2026-06-19 19:53:19.022224+00:00,2026-06-19 19:53:19.155967+00:00
64cabd3c-89cd-4698-aea9-ae7e4b08a73f,completed,2026-06-19 19:53:19.030917+00:00,2026-06-19 19:53:19.209285+00:00
a5d7c9cb-fed9-4329-a410-35c0c490f276,completed,2026-06-19 19:53:19.177559+00:00,2026-06-19 19:53:19.330144+00:00
fc0d3b3f-0a82-48d9-96a5-af3e77394424,completed,2026-06-19 19:54:03.447058+00:00,2026-06-19 19:54:03.557974+00:00
3bf6e7ec-6d74-4c1b-8c8d-c61aa67f63bf,completed,2026-06-19 19:54:06.258401+00:00,2026-06-19 19:54:06.380357+00:00
8e2e418b-f47f-40d8-938f-1eb706545772,completed,2026-06-19 19:54:06.685140+00:00,2026-06-19 19:54:06.811706+00:00
01d33261-4abb-4e30-8aa4-ac2a138cc2ed,completed,2026-06-19 19:54:07.885305+00:00,2026-06-19 19:54:07.998096+00:00
419050e7-2b34-4159-81e6-ef6a26940c54,completed,2026-06-19 19:54:08.966643+00:00,2026-06-19 19:54:09.082414+00:00
42218f61-2a99-49d5-a9c9-c372fbbb9cb1,completed,2026-06-19 19:54:08.131055+00:00,2026-06-19 19:54:08.239260+00:00
376d040a-3dda-4418-8c38-c2d972143470,completed,2026-06-19 19:54:08.384978+00:00,2026-06-19 19:54:08.502302+00:00
8e39f4de-4a79-4109-adc9-833dc217f76d,completed,2026-06-19 19:54:08.422116+00:00,2026-06-19 19:54:08.538049+00:00
34391a1d-303e-4260-8b55-f174ab7d5ce4,completed,2026-06-19 19:54:08.204333+00:00,2026-06-19 19:54:08.335386+00:00
1dd4b889-856e-4a45-9c6c-1d1130234cf9,completed,2026-06-19 19:54:08.238765+00:00,2026-06-19 19:54:08.370618+00:00
cf7c1394-eb29-4f92-86ff-45fb766668c8,completed,2026-06-19 19:54:08.274510+00:00,2026-06-19 19:54:08.382724+00:00
a0026c6d-5cb8-43f0-beaa-76f4b5ecce49,completed,2026-06-19 19:54:08.783761+00:00,2026-06-19 19:54:08.894359+00:00
e761a4d6-c599-4fc7-ad9a-3ce130fa285d,completed,2026-06-19 19:54:08.308223+00:00,2026-06-19 19:54:08.423589+00:00
ce417855-a2ee-4ba0-9a0a-3383fe5f075c,completed,2026-06-19 19:54:08.602046+00:00,2026-06-19 19:54:08.730059+00:00
93610e90-e91d-44fa-910a-b853608cf017,completed,2026-06-19 19:54:08.643055+00:00,2026-06-19 19:54:08.747873+00:00
c9fb81e6-3d21-4a2e-b8cf-bb837ecffba2,completed,2026-06-19 19:54:08.346096+00:00,2026-06-19 19:54:08.474561+00:00
17c0e210-ee13-4b21-8723-bcdd15932da7,completed,2026-06-19 19:54:08.454500+00:00,2026-06-19 19:54:08.577024+00:00
eb9f052f-aa7e-4ab0-9e44-b6a42c514849,completed,2026-06-19 19:54:08.495749+00:00,2026-06-19 19:54:08.599810+00:00
54e8e94b-f322-4681-8716-21e4cdcf9600,completed,2026-06-19 19:54:08.713422+00:00,2026-06-19 19:54:08.834238+00:00
64f0789b-711e-450e-a716-b670a0090ce2,completed,2026-06-19 19:54:08.748078+00:00,2026-06-19 19:54:08.857407+00:00
dd6590cf-154a-46d1-a011-3c1428de5e45,completed,2026-06-19 19:54:08.548739+00:00,2026-06-19 19:54:08.669197+00:00
10920a81-1cbb-421f-a243-2b89249a5b38,completed,2026-06-19 19:54:08.571208+00:00,2026-06-19 19:54:08.671735+00:00
8f7ae13b-a75b-4260-9081-b788306ffcd2,completed,2026-06-19 19:54:09.051037+00:00,2026-06-19 19:54:09.158539+00:00
f361bac1-bc3b-485b-bf43-3e60d7fe97fe,completed,2026-06-19 19:54:08.862726+00:00,2026-06-19 19:54:08.966201+00:00
3e6742cb-3812-41f3-be17-c5308b318bfb,completed,2026-06-19 19:54:08.678729+00:00,2026-06-19 19:54:08.800473+00:00
a84ab0f1-5b7a-45cd-98b6-a89beaea0c18,completed,2026-06-19 19:54:09.011121+00:00,2026-06-19 19:54:09.113525+00:00
b8e8b950-a38b-46de-9992-7921253e1ae1,completed,2026-06-19 19:54:08.821186+00:00,2026-06-19 19:54:08.925140+00:00
cc4739a6-e5cd-42f7-a2a1-0a9a70b43ac2,completed,2026-06-19 19:54:08.892252+00:00,2026-06-19 19:54:09.000180+00:00
c1d23405-6688-412a-a153-5fd91ec8dabe,completed,2026-06-19 19:54:08.939441+00:00,2026-06-19 19:54:09.054144+00:00
9cae968b-fd96-401f-8144-3fcfccb23b5e,completed,2026-06-19 19:54:10.236444+00:00,2026-06-19 19:54:10.368214+00:00
bfc7827e-5080-4b59-a5a9-9cf53d500f6d,completed,2026-06-19 19:53:19.594460+00:00,2026-06-19 19:53:19.706256+00:00
2967d216-5fde-4478-b51a-47d6ad0b323c,completed,2026-06-19 19:54:03.364481+00:00,2026-06-19 19:54:03.485190+00:00
e6db5cff-167a-46f9-88e3-dca5f6bb222f,completed,2026-06-19 19:53:19.216271+00:00,2026-06-19 19:53:19.345857+00:00
8c748845-c2d9-4373-ba4d-4ccb46b174bb,completed,2026-06-19 19:53:19.228926+00:00,2026-06-19 19:53:19.357052+00:00
6840f3d7-2c29-47d7-9fcf-4a465d109324,completed,2026-06-19 19:53:19.617464+00:00,2026-06-19 19:53:19.753884+00:00
e87e27b5-d093-44ee-89f5-07c701ac8fd0,completed,2026-06-19 19:53:19.254109+00:00,2026-06-19 19:53:19.386134+00:00
63a91e92-aca2-4ee7-aaaf-f1273616b349,completed,2026-06-19 19:53:19.279428+00:00,2026-06-19 19:53:19.413829+00:00
4801f2d7-4985-4b5d-bf66-5522d10750b0,completed,2026-06-19 19:53:19.312180+00:00,2026-06-19 19:53:19.423364+00:00
f6f15ddc-63fc-4ac5-90a5-1434d83da4a9,completed,2026-06-19 19:53:19.325599+00:00,2026-06-19 19:53:19.448835+00:00
1f6bfc78-afe6-471d-9fd3-00490586b11c,completed,2026-06-19 19:53:19.356034+00:00,2026-06-19 19:53:19.468473+00:00
3a88b72a-1af6-41a1-9679-9b8e858ba776,completed,2026-06-19 19:53:19.373452+00:00,2026-06-19 19:53:19.493762+00:00
0645906a-166d-4f2e-bc23-1c10792c662f,completed,2026-06-19 19:53:19.419251+00:00,2026-06-19 19:53:19.520683+00:00
f675cf28-5b92-490b-9129-6070e87c45c9,completed,2026-06-19 19:53:19.777652+00:00,2026-06-19 19:53:19.907026+00:00
1ef2d7fd-4b35-47b1-a65c-a3cef5248aa6,completed,2026-06-19 19:53:19.395284+00:00,2026-06-19 19:53:19.522603+00:00
526ee01d-1bc5-44d7-a4fb-7e08e92b3ff6,completed,2026-06-19 19:53:19.974139+00:00,2026-06-19 19:53:20.102152+00:00
b790ee22-0013-40dd-87e0-da6bcd144b1e,completed,2026-06-19 19:53:19.525487+00:00,2026-06-19 19:53:19.644835+00:00
480a77ca-c16f-43b1-8913-ffe3cd4f8658,completed,2026-06-19 19:53:19.518257+00:00,2026-06-19 19:53:19.656201+00:00
38f6dc55-2e7e-4152-b87a-0d4243843839,completed,2026-06-19 19:53:19.539229+00:00,2026-06-19 19:53:19.657814+00:00
72f4f12d-bd73-4fc4-9540-d16767c84557,completed,2026-06-19 19:53:19.532199+00:00,2026-06-19 19:53:19.663492+00:00
69a6b204-122d-456a-a4bf-86264e267326,completed,2026-06-19 19:53:19.568531+00:00,2026-06-19 19:53:19.700002+00:00
1664c3fe-3b6b-40f9-a9da-9bf85bbf6c9b,completed,2026-06-19 19:53:19.576813+00:00,2026-06-19 19:53:19.700050+00:00
2c44e485-a854-4545-ae28-eb01673b4490,completed,2026-06-19 19:53:19.769246+00:00,2026-06-19 19:53:19.907327+00:00
077afe60-1c96-42db-93ba-7747f5e72517,completed,2026-06-19 19:53:19.792892+00:00,2026-06-19 19:53:19.914737+00:00
28fb0b43-f17d-4602-bf99-e5538b0cab67,completed,2026-06-19 19:53:19.951991+00:00,2026-06-19 19:53:20.081107+00:00
e0b65a3d-c6dc-4c26-805a-0c529502e0ea,completed,2026-06-19 19:53:19.748109+00:00,2026-06-19 19:53:19.866063+00:00
679f6592-9ef3-4b6e-be34-1fd69b58e1fd,completed,2026-06-19 19:53:19.754587+00:00,2026-06-19 19:53:19.889049+00:00
362a6a20-8a53-44da-8eaf-4f0576742de5,completed,2026-06-19 19:53:19.762083+00:00,2026-06-19 19:53:19.897069+00:00
fd3df36e-743d-4a83-89b6-79ada20947c4,completed,2026-06-19 19:53:19.775767+00:00,2026-06-19 19:53:19.897578+00:00
878ed819-49f3-463d-ba65-6edbbe6b0611,completed,2026-06-19 19:53:19.819296+00:00,2026-06-19 19:53:19.964277+00:00
0df69dc8-4233-4022-9db2-a154958d5850,completed,2026-06-19 19:53:19.967611+00:00,2026-06-19 19:53:20.105690+00:00
32ef2f31-0732-4116-8458-415db3a0f38a,completed,2026-06-19 19:53:19.959083+00:00,2026-06-19 19:53:20.077365+00:00
533a9e99-4ca0-44c2-ade4-0185bd93631b,completed,2026-06-19 19:53:19.975180+00:00,2026-06-19 19:53:20.106752+00:00
f91fe3fa-8628-4019-a2e3-84689860a2a1,completed,2026-06-19 19:54:03.681872+00:00,2026-06-19 19:54:03.824630+00:00
d3f06da2-075d-41e2-aef6-079f7a2d75b4,completed,2026-06-19 19:54:03.881408+00:00,2026-06-19 19:54:03.999095+00:00
929812d4-4830-4aee-9aba-3371bcd5726f,completed,2026-06-19 19:54:03.710940+00:00,2026-06-19 19:54:03.839252+00:00
78ca4523-40fd-41b1-87a6-d237143be51d,completed,2026-06-19 19:54:03.741922+00:00,2026-06-19 19:54:03.865982+00:00
6c18ddf6-4fdd-4d6f-b892-7d56f0783ab0,completed,2026-06-19 19:54:03.488744+00:00,2026-06-19 19:54:03.606568+00:00
3a7b8b28-310b-48e0-83eb-550036d0bb25,completed,2026-06-19 19:54:03.505052+00:00,2026-06-19 19:54:03.631334+00:00
d6d70590-3b96-4131-9cc7-07437cb865aa,completed,2026-06-19 19:54:03.534209+00:00,2026-06-19 19:54:03.661755+00:00
012cdb23-dc0e-4cdc-b869-3a070f9cdc22,completed,2026-06-19 19:54:03.977879+00:00,2026-06-19 19:54:04.100880+00:00
01e40e7b-d27a-4031-907f-ca9667f5c9e0,completed,2026-06-19 19:54:03.888158+00:00,2026-06-19 19:54:04.000446+00:00
dfad0b33-83f8-4b23-9f43-a6a7aabee6de,completed,2026-06-19 19:54:03.565790+00:00,2026-06-19 19:54:03.687847+00:00
37ef74da-ec6d-4427-aa89-226382615f16,completed,2026-06-19 19:54:03.598715+00:00,2026-06-19 19:54:03.716501+00:00
6c35e20e-a5e5-4268-8fa0-b8e0157ec820,completed,2026-06-19 19:54:04.037436+00:00,2026-06-19 19:54:04.162618+00:00
36170d9f-521a-4095-91a5-600efd413bc3,completed,2026-06-19 19:54:03.625468+00:00,2026-06-19 19:54:03.747940+00:00
0fd0a797-94a3-4c74-aa19-617145c2eccf,completed,2026-06-19 19:54:03.663892+00:00,2026-06-19 19:54:03.774157+00:00
a4b255d8-780c-46ca-a4f5-0c3dbf423224,completed,2026-06-19 19:54:04.133309+00:00,2026-06-19 19:54:04.248387+00:00
6a8a73a5-d2c3-4c9c-8ffd-435d1b4b6dd7,completed,2026-06-19 19:54:03.773466+00:00,2026-06-19 19:54:03.896921+00:00
1a44f5ac-3f71-4c3c-b5bf-1704b258a630,completed,2026-06-19 19:54:03.800229+00:00,2026-06-19 19:54:03.933902+00:00
484edf51-5b66-403c-ab72-9cc856dc50db,completed,2026-06-19 19:54:03.827515+00:00,2026-06-19 19:54:03.944730+00:00
23b2b711-b86b-433a-a69d-9b4fe370f757,completed,2026-06-19 19:54:04.277330+00:00,2026-06-19 19:54:04.392803+00:00
a079025c-3cf0-48a2-b342-19f8b3781a3b,completed,2026-06-19 19:54:04.078958+00:00,2026-06-19 19:54:04.185005+00:00
19630376-2883-4d99-8900-f8d2fe83c30a,completed,2026-06-19 19:54:03.926221+00:00,2026-06-19 19:54:04.045602+00:00
61e5b159-367f-4ac0-be48-4612b7c45996,completed,2026-06-19 19:54:03.956043+00:00,2026-06-19 19:54:04.072896+00:00
ecb7a0d0-4984-4ecb-b59d-6a53b513a117,completed,2026-06-19 19:54:04.005849+00:00,2026-06-19 19:54:04.139764+00:00
c6d34b95-51a3-48c8-a9e4-c0db23b46d9f,completed,2026-06-19 19:54:04.306364+00:00,2026-06-19 19:54:04.432682+00:00
0161a48f-5edf-4f0f-92e8-1f64601f8283,completed,2026-06-19 19:54:04.220472+00:00,2026-06-19 19:54:04.327430+00:00
09620240-2310-433a-9efc-a91429640d93,completed,2026-06-19 19:54:04.097723+00:00,2026-06-19 19:54:04.209099+00:00
8d62f4d6-dc80-416a-9186-9e56fbf5a03a,completed,2026-06-19 19:54:04.156421+00:00,2026-06-19 19:54:04.263564+00:00
47dafce0-839e-4293-80a5-35e1671092e6,completed,2026-06-19 19:54:04.336135+00:00,2026-06-19 19:54:04.449661+00:00
2c866e5f-bcd8-4574-91a7-c451c1dad6e7,completed,2026-06-19 19:54:04.188857+00:00,2026-06-19 19:54:04.313824+00:00
71b58a3f-23b8-4491-a1c5-2d1181414aa8,completed,2026-06-19 19:54:04.249203+00:00,2026-06-19 19:54:04.358069+00:00
82c66741-063c-4e5a-97d2-03cd9477015e,completed,2026-06-19 19:53:20.384381+00:00,2026-06-19 19:53:20.521227+00:00
7968cf1b-18aa-4f07-aab6-afef8f3743fe,completed,2026-06-19 19:53:19.994373+00:00,2026-06-19 19:53:20.120450+00:00
e03cf4ed-95f9-4936-beb6-dbaf97d64208,completed,2026-06-19 19:53:20.019721+00:00,2026-06-19 19:53:20.179050+00:00
858b76bf-3a55-45c3-9c08-56b22f4979c4,completed,2026-06-19 19:53:20.584874+00:00,2026-06-19 19:53:20.713906+00:00
02f7f984-87ae-4611-bf5b-ffb1641cba36,completed,2026-06-19 19:53:20.601927+00:00,2026-06-19 19:53:20.748026+00:00
3771038c-00b6-42cb-9cb5-e1882857138e,completed,2026-06-19 19:53:20.419972+00:00,2026-06-19 19:53:20.573800+00:00
f14789c5-18df-46d3-b99a-f303c6b9c5bb,completed,2026-06-19 19:53:20.163750+00:00,2026-06-19 19:53:20.297372+00:00
9abc591b-9109-466e-9365-6bd15114f2cc,completed,2026-06-19 19:53:20.170401+00:00,2026-06-19 19:53:20.301039+00:00
8498e579-4384-4358-a4c5-8340478aaee8,completed,2026-06-19 19:53:20.621504+00:00,2026-06-19 19:53:20.890046+00:00
210866c7-00f4-49af-9e34-35ebfd6db03d,completed,2026-06-19 19:53:20.179479+00:00,2026-06-19 19:53:20.311054+00:00
e321b7e8-6451-49d9-af4a-d59fbdc9010e,completed,2026-06-19 19:53:20.193431+00:00,2026-06-19 19:53:20.324130+00:00
21991b0e-c49b-4759-861e-d18b2a78377d,completed,2026-06-19 19:53:20.186414+00:00,2026-06-19 19:53:20.327437+00:00
88a51cbe-40bf-4324-86cf-8944b732432e,completed,2026-06-19 19:53:20.203708+00:00,2026-06-19 19:53:20.329977+00:00
3ea94228-4b9d-4b43-87bc-acd951d55c75,completed,2026-06-19 19:53:20.193210+00:00,2026-06-19 19:53:20.335037+00:00
683fe169-67d7-4e4a-9d04-92de618f642e,completed,2026-06-19 19:53:20.218054+00:00,2026-06-19 19:53:20.446482+00:00
59025c50-0a9f-4b09-911e-fdf0fe03a112,completed,2026-06-19 19:53:20.242938+00:00,2026-06-19 19:53:20.460688+00:00
ebc7cc6a-9df8-4e5f-be3b-10f4212f5f26,completed,2026-06-19 19:53:20.786548+00:00,2026-06-19 19:53:20.922571+00:00
1c057d39-add6-48a0-8173-f38416802b27,completed,2026-06-19 19:53:20.369137+00:00,2026-06-19 19:53:20.491797+00:00
1479ca9f-0c69-4301-9467-0b2bdac0138e,completed,2026-06-19 19:53:20.361552+00:00,2026-06-19 19:53:20.500860+00:00
6ccf11bf-ffa9-4e32-91a5-6032b6bc0947,completed,2026-06-19 19:53:20.376787+00:00,2026-06-19 19:53:20.514894+00:00
19f50bbf-a88b-4d34-9195-de516596e462,completed,2026-06-19 19:53:20.384598+00:00,2026-06-19 19:53:20.517910+00:00
772cd3c2-9a24-419d-845c-b918e13bc828,completed,2026-06-19 19:53:20.397339+00:00,2026-06-19 19:53:20.583244+00:00
5cdf4dc3-b36d-4ee8-9ae3-5b90167dfd23,completed,2026-06-19 19:53:20.593369+00:00,2026-06-19 19:53:20.727925+00:00
3638aef7-41a0-48f6-bb30-588ba4ef94ef,completed,2026-06-19 19:53:20.780280+00:00,2026-06-19 19:53:20.919451+00:00
5809ffd1-2e03-48e8-af2a-3ad6d8d03419,completed,2026-06-19 19:53:20.569388+00:00,2026-06-19 19:53:20.693579+00:00
6e42b4fe-ccff-42ef-a4ab-f601483ec545,completed,2026-06-19 19:53:20.772610+00:00,2026-06-19 19:53:20.903539+00:00
6d249370-7a70-4619-9e51-5bcea0c1d115,completed,2026-06-19 19:53:20.576789+00:00,2026-06-19 19:53:20.710054+00:00
6479a7b7-9063-4e09-9433-d7e66b57d84f,completed,2026-06-19 19:53:20.600590+00:00,2026-06-19 19:53:20.726341+00:00
7b88f402-62a9-4155-aea9-6def180d62bb,completed,2026-06-19 19:53:20.600855+00:00,2026-06-19 19:53:20.733451+00:00
547ae51b-9c7c-4f7b-8bd6-69fc36059e34,completed,2026-06-19 19:53:20.793893+00:00,2026-06-19 19:53:20.934422+00:00
84282935-f300-4f2b-bf78-4a4f77a9ee0b,completed,2026-06-19 19:53:20.651827+00:00,2026-06-19 19:53:20.832725+00:00
41913017-c100-4112-bd32-040ebaea26a4,completed,2026-06-19 19:54:03.416832+00:00,2026-06-19 19:54:03.542606+00:00
45902ef8-0805-42b3-8840-1cde65f97889,completed,2026-06-19 19:53:20.801555+00:00,2026-06-19 19:53:20.952514+00:00
a8942778-afee-4879-bd44-9a767babf7b4,completed,2026-06-19 19:54:05.325581+00:00,2026-06-19 19:54:05.432134+00:00
1053dfa0-3577-4c65-a4da-158d7aad1415,completed,2026-06-19 19:54:06.455355+00:00,2026-06-19 19:54:06.592124+00:00
24734565-df52-4d84-82d2-bb7b0de3fdfb,completed,2026-06-19 19:54:06.716173+00:00,2026-06-19 19:54:06.825958+00:00
a6926fb9-b6fd-4ef0-88d6-ec9cec819a3d,completed,2026-06-19 19:54:08.167496+00:00,2026-06-19 19:54:08.289276+00:00
147e49a6-abfe-4f99-9fea-e76502093448,completed,2026-06-19 19:54:09.505918+00:00,2026-06-19 19:54:09.621947+00:00
633ed8aa-1f94-4287-99be-1b30a21e311c,completed,2026-06-19 19:54:09.307032+00:00,2026-06-19 19:54:09.425083+00:00
a6daaed3-3c0b-4d6a-9cf0-a2d8bd8709e2,completed,2026-06-19 19:54:09.116625+00:00,2026-06-19 19:54:09.231314+00:00
f00efc23-9aa2-4ac6-895b-f855f70e13ba,completed,2026-06-19 19:54:09.344688+00:00,2026-06-19 19:54:09.458218+00:00
4936b40e-d6e2-4842-9207-747c144d1bd1,completed,2026-06-19 19:54:09.160809+00:00,2026-06-19 19:54:09.271424+00:00
8889abf0-a6e6-41b9-bd0f-3ccbe66bc07d,completed,2026-06-19 19:54:09.999831+00:00,2026-06-19 19:54:10.103341+00:00
f80c08cf-3f5c-43d8-a070-806ac5318137,completed,2026-06-19 19:54:09.197687+00:00,2026-06-19 19:54:09.318558+00:00
7424e560-3047-4f32-a80e-a151cb8a1c42,completed,2026-06-19 19:54:09.537552+00:00,2026-06-19 19:54:09.659310+00:00
02120ce1-9953-4264-9bfb-80bea27b1c51,completed,2026-06-19 19:54:09.252948+00:00,2026-06-19 19:54:09.357345+00:00
9f0834bf-a1e5-45c5-8079-7c7f638f6427,completed,2026-06-19 19:54:09.269302+00:00,2026-06-19 19:54:09.371724+00:00
5f2a5718-c29c-4949-a41f-0cc5b8c34837,completed,2026-06-19 19:54:09.570480+00:00,2026-06-19 19:54:09.675830+00:00
6a251d57-8b76-4f64-99ab-63f643e6e5af,completed,2026-06-19 19:54:09.385836+00:00,2026-06-19 19:54:09.487955+00:00
0fc0dea2-2c9e-4bdb-bb3e-32598165c09b,completed,2026-06-19 19:54:09.650865+00:00,2026-06-19 19:54:09.759629+00:00
bfdf3d77-1c1a-4622-a1a7-b0bb7e58b783,completed,2026-06-19 19:54:09.421015+00:00,2026-06-19 19:54:09.528928+00:00
d0ea4906-34ba-4ec4-b66e-ba6e297c2fdc,completed,2026-06-19 19:54:09.455877+00:00,2026-06-19 19:54:09.564913+00:00
d997424f-b445-4b60-aab3-84d8c0ac1134,completed,2026-06-19 19:54:09.814425+00:00,2026-06-19 19:54:09.926468+00:00
9c28faf8-0f0d-4647-816f-feb8a42189a2,completed,2026-06-19 19:54:09.685586+00:00,2026-06-19 19:54:09.788441+00:00
0749f20e-36a2-46c5-876e-403c15b915c0,completed,2026-06-19 19:54:09.767501+00:00,2026-06-19 19:54:09.875957+00:00
1dfc81e6-3ee9-4c4d-8d3f-67d02c4cd81a,completed,2026-06-19 19:54:09.614071+00:00,2026-06-19 19:54:09.721514+00:00
cae2cdfc-39d8-4ae2-964f-e853d8eeb71f,completed,2026-06-19 19:54:09.840955+00:00,2026-06-19 19:54:09.939013+00:00
88808f60-9fac-4950-aab8-a6fe70e21256,completed,2026-06-19 19:54:09.727117+00:00,2026-06-19 19:54:09.830843+00:00
e7757e39-2f99-401e-927d-6bf72ae9bbf3,completed,2026-06-19 19:54:09.930806+00:00,2026-06-19 19:54:10.030428+00:00
2ad3ce3c-3ed1-48b5-a59c-aa85a9b11b97,completed,2026-06-19 19:54:10.041151+00:00,2026-06-19 19:54:10.154445+00:00
9b3fd8d3-cb8b-4dde-b70c-f73259370acc,completed,2026-06-19 19:54:09.891292+00:00,2026-06-19 19:54:10.005531+00:00
a17bae00-e3b9-4796-9ea9-f2549c19cb23,completed,2026-06-19 19:54:09.961502+00:00,2026-06-19 19:54:10.066447+00:00
cc7c5315-52d1-45d6-aa86-a705a86b35d2,completed,2026-06-19 19:54:04.554910+00:00,2026-06-19 19:54:04.683071+00:00
ea5ae316-3b28-4857-b621-17c5f68e0560,completed,2026-06-19 19:53:20.815294+00:00,2026-06-19 19:53:20.948740+00:00
92a78108-0140-42ca-b8c0-b2c8e6eede96,completed,2026-06-19 19:54:04.579533+00:00,2026-06-19 19:54:04.692756+00:00
922795a2-9fa7-462f-a277-d8c6e5b88676,completed,2026-06-19 19:53:20.844923+00:00,2026-06-19 19:53:21.031243+00:00
5e43de98-a4d1-451b-a5dc-358481419c88,completed,2026-06-19 19:53:20.976419+00:00,2026-06-19 19:53:21.087938+00:00
4cd0e9ba-629b-41db-a1e3-04d28a851da6,completed,2026-06-19 19:53:21.011951+00:00,2026-06-19 19:53:21.142527+00:00
df1f18f3-9fa5-42c1-bd96-64becbadb49f,completed,2026-06-19 19:54:04.733556+00:00,2026-06-19 19:54:04.844563+00:00
fded78c2-af1e-4204-8415-171bfc31b282,completed,2026-06-19 19:54:04.367386+00:00,2026-06-19 19:54:04.479127+00:00
684a5452-0d48-48c9-a2bc-b7a05cf8d8c3,completed,2026-06-19 19:54:04.611084+00:00,2026-06-19 19:54:04.726251+00:00
802c88f9-c7bb-4799-b65f-fa111e8faeb6,completed,2026-06-19 19:54:04.398731+00:00,2026-06-19 19:54:04.506800+00:00
58817a8e-d2b4-4b89-bb52-67ae6c58b5d2,completed,2026-06-19 19:54:04.434512+00:00,2026-06-19 19:54:04.545526+00:00
44e72836-1f7d-4225-83c7-f811320fe820,completed,2026-06-19 19:54:04.464111+00:00,2026-06-19 19:54:04.572421+00:00
d7273f2c-9811-45bb-a681-b1a184744d4b,completed,2026-06-19 19:54:05.169083+00:00,2026-06-19 19:54:05.279148+00:00
3b29e071-ed54-4a2b-9bd7-97c37b0e0eab,completed,2026-06-19 19:54:04.767172+00:00,2026-06-19 19:54:04.879091+00:00
241ae17f-5313-4194-b1fa-0834cd358ba8,completed,2026-06-19 19:54:04.493145+00:00,2026-06-19 19:54:04.619266+00:00
6242b422-2cc7-4832-a3fc-a35729876b6a,completed,2026-06-19 19:54:04.523925+00:00,2026-06-19 19:54:04.651785+00:00
3697a80a-bd12-48ae-8297-7156b63e97ce,completed,2026-06-19 19:54:04.981583+00:00,2026-06-19 19:54:05.101307+00:00
4a199121-5a44-4246-80a3-02186e73e561,completed,2026-06-19 19:54:04.644921+00:00,2026-06-19 19:54:04.752872+00:00
2bfced10-c486-46d8-9087-3f84e3b059d5,completed,2026-06-19 19:54:04.862873+00:00,2026-06-19 19:54:04.972963+00:00
ad5b9dab-d838-423b-9039-92eeebabd425,completed,2026-06-19 19:54:04.672188+00:00,2026-06-19 19:54:04.785042+00:00
b4a1c154-7a94-4a87-9070-01802a25a28e,completed,2026-06-19 19:54:04.705791+00:00,2026-06-19 19:54:04.808038+00:00
c122281f-6e03-4ef7-83a6-5f764bdd16ac,completed,2026-06-19 19:54:05.133502+00:00,2026-06-19 19:54:05.244563+00:00
1d4df68e-a6df-430a-983f-066429da4e7e,completed,2026-06-19 19:54:04.797044+00:00,2026-06-19 19:54:04.909218+00:00
66715369-3fea-44cc-bb3c-5c8df61bcf80,completed,2026-06-19 19:54:04.950883+00:00,2026-06-19 19:54:05.062637+00:00
bad05430-5f1a-444f-93d8-d30d48344e8b,completed,2026-06-19 19:54:04.834263+00:00,2026-06-19 19:54:04.946597+00:00
68d9d591-b5dd-479d-88fe-57cf20b16e29,completed,2026-06-19 19:54:04.887576+00:00,2026-06-19 19:54:05.002200+00:00
4443f974-c448-4ef2-b30e-27ee447d8507,completed,2026-06-19 19:54:04.918405+00:00,2026-06-19 19:54:05.043443+00:00
f624e758-017d-4f53-96b8-31f38142d8a9,completed,2026-06-19 19:54:05.073457+00:00,2026-06-19 19:54:05.204873+00:00
d07a1f15-fc1e-4b61-8325-e86fd2ea47a3,completed,2026-06-19 19:54:05.109848+00:00,2026-06-19 19:54:05.232015+00:00
4e53c03e-5211-495a-a5b0-141d9e204466,completed,2026-06-19 19:54:05.014783+00:00,2026-06-19 19:54:05.125552+00:00
1718658f-5532-430b-9628-c22afeb689ac,completed,2026-06-19 19:54:05.043214+00:00,2026-06-19 19:54:05.176084+00:00
30e7eedc-33f0-49d7-9499-eacab6677448,completed,2026-06-19 19:53:20.822731+00:00,2026-06-19 19:53:21.020253+00:00
39264248-5f28-48a4-8b94-251e71952568,completed,2026-06-19 19:53:21.182783+00:00,2026-06-19 19:53:21.321895+00:00
22c763a9-8810-4f0c-9e20-41dade16754e,completed,2026-06-19 19:53:20.991474+00:00,2026-06-19 19:53:21.112677+00:00
b21a6d22-a1bf-43dd-bfb6-ba7e9fb0eac4,completed,2026-06-19 19:53:20.984037+00:00,2026-06-19 19:53:21.117081+00:00
3db64b58-4023-4f5a-92e7-4219e36a8b18,completed,2026-06-19 19:53:21.000489+00:00,2026-06-19 19:53:21.126546+00:00
e333aef5-ffc6-4c24-84de-7dc8f1e4ce2a,completed,2026-06-19 19:53:21.018486+00:00,2026-06-19 19:53:21.143551+00:00
2c2979e3-1ee1-4951-9c0a-7fba8ca276fe,completed,2026-06-19 19:53:21.009341+00:00,2026-06-19 19:53:21.168993+00:00
50330fb1-c218-4a28-9620-450b7149d4ea,completed,2026-06-19 19:53:21.372173+00:00,2026-06-19 19:53:21.506091+00:00
fd809c12-77ce-4a02-8e23-d494ba9f66b1,completed,2026-06-19 19:53:21.044365+00:00,2026-06-19 19:53:21.199526+00:00
4b7d2821-08b1-413e-a033-e1ba6b2dfc38,completed,2026-06-19 19:53:21.313101+00:00,2026-06-19 19:53:21.476850+00:00
cd5d9603-6dc5-4a7b-9e35-41a9c79f56ef,completed,2026-06-19 19:53:21.190163+00:00,2026-06-19 19:53:21.333780+00:00
7e69cfa3-8682-4b47-b206-e0aaf3361294,completed,2026-06-19 19:53:21.204119+00:00,2026-06-19 19:53:21.335823+00:00
0506306b-0256-407a-a29d-14fb2c23b879,completed,2026-06-19 19:53:21.642925+00:00,2026-06-19 19:53:21.762824+00:00
9a47f6c4-2be5-4418-99e5-18d5402a2763,completed,2026-06-19 19:53:21.197294+00:00,2026-06-19 19:53:21.344959+00:00
0a84f8ab-ea0f-460e-8144-9e7a0ab6520d,completed,2026-06-19 19:53:21.213988+00:00,2026-06-19 19:53:21.348301+00:00
3bb95c26-70b8-4d87-a02d-bfcdeda32f0f,completed,2026-06-19 19:53:21.222702+00:00,2026-06-19 19:53:21.355920+00:00
0f62379d-400f-42bb-b643-b32baf7d5c50,completed,2026-06-19 19:53:21.213136+00:00,2026-06-19 19:53:21.355964+00:00
27fcbe97-8cd8-428e-80f2-8fdf4f26efb3,completed,2026-06-19 19:53:21.294605+00:00,2026-06-19 19:53:21.463500+00:00
f55ac148-5530-48c9-a41a-9116c0a2da55,completed,2026-06-19 19:53:21.619064+00:00,2026-06-19 19:53:21.749485+00:00
fda99f3d-729a-4685-be6d-7881a8418946,completed,2026-06-19 19:53:21.305807+00:00,2026-06-19 19:53:21.473587+00:00
5cc23942-a5a8-44c1-94c1-689b3afa415e,completed,2026-06-19 19:53:21.541854+00:00,2026-06-19 19:53:21.668466+00:00
c239990f-fab4-49b8-9ed3-ed3e376950cc,completed,2026-06-19 19:53:21.360170+00:00,2026-06-19 19:53:21.492148+00:00
d8ea2205-00d5-4436-9a93-f800fca931fd,completed,2026-06-19 19:53:21.366231+00:00,2026-06-19 19:53:21.494475+00:00
550a5e44-c4fe-4e79-bebd-70113e5fd67e,completed,2026-06-19 19:53:21.405007+00:00,2026-06-19 19:53:21.524828+00:00
2a41955f-5695-404d-8066-bf00dfa78152,completed,2026-06-19 19:53:21.592900+00:00,2026-06-19 19:53:21.720269+00:00
94966bc9-3e08-4962-8ce4-85cedfc009c5,completed,2026-06-19 19:53:21.419421+00:00,2026-06-19 19:53:21.601103+00:00
cee76776-160f-4179-88f5-ee51efec303e,completed,2026-06-19 19:53:21.446058+00:00,2026-06-19 19:53:21.628369+00:00
7fa0ef1c-a4c9-4c7f-8549-2e60e538876b,completed,2026-06-19 19:53:21.497921+00:00,2026-06-19 19:53:21.649601+00:00
d4473c91-cf31-4f9b-a243-15fe7668881b,completed,2026-06-19 19:53:21.519308+00:00,2026-06-19 19:53:21.653857+00:00
67b6f787-2b1d-42b0-ab4c-cda1f02d2440,completed,2026-06-19 19:53:21.568801+00:00,2026-06-19 19:53:21.695020+00:00
11164316-41d9-4392-b2e5-d842c62c84ff,completed,2026-06-19 19:53:22.049883+00:00,2026-06-19 19:53:22.155994+00:00
fce4e948-3b9a-4978-b747-81143ad95e97,completed,2026-06-19 19:53:22.198508+00:00,2026-06-19 19:53:22.319854+00:00
b8439659-5407-4a89-9e95-9bc6368a64c7,completed,2026-06-19 19:53:21.900533+00:00,2026-06-19 19:53:22.021120+00:00
361d38fe-1b05-4bac-abba-9c6993e55e34,completed,2026-06-19 19:53:21.917948+00:00,2026-06-19 19:53:22.027024+00:00
266b8f3e-567a-4734-89bd-8107fa735652,completed,2026-06-19 19:53:21.693355+00:00,2026-06-19 19:53:21.802543+00:00
be1aab69-f69b-4398-b81b-e7c48898fa92,completed,2026-06-19 19:53:22.133738+00:00,2026-06-19 19:53:22.262815+00:00
f2fdfab3-76d1-4c96-906d-102614956914,completed,2026-06-19 19:53:21.743065+00:00,2026-06-19 19:53:21.868100+00:00
a0869e22-71ff-49eb-8068-66308bf1e861,completed,2026-06-19 19:53:21.726413+00:00,2026-06-19 19:53:21.868211+00:00
295542da-add8-4e87-b7ef-315f6b993ef5,completed,2026-06-19 19:53:21.942607+00:00,2026-06-19 19:53:22.076647+00:00
fb8591bf-1e9e-46c7-8465-e1776900a2b9,completed,2026-06-19 19:53:21.771813+00:00,2026-06-19 19:53:21.875430+00:00
a268c72b-d447-417f-a8d2-850366a6d300,completed,2026-06-19 19:53:21.794318+00:00,2026-06-19 19:53:21.916133+00:00
b80a7eb7-9a43-4442-8262-7cd60413d4d0,completed,2026-06-19 19:53:22.370291+00:00,2026-06-19 19:53:22.481546+00:00
001d060d-be17-4cf2-a1f8-74de895d45f3,completed,2026-06-19 19:53:21.818792+00:00,2026-06-19 19:53:21.923746+00:00
9b010831-3f68-49c0-a19b-2ce0508aef3c,completed,2026-06-19 19:53:21.843736+00:00,2026-06-19 19:53:21.963136+00:00
6106c6fe-1c35-4606-9e70-cd65ff90716c,completed,2026-06-19 19:53:22.224162+00:00,2026-06-19 19:53:22.368744+00:00
bec5d41f-0612-45ff-96f0-57d3a0ddbe28,completed,2026-06-19 19:53:21.869952+00:00,2026-06-19 19:53:21.989496+00:00
680d7a6d-1221-4af1-a174-3fbe0a019c53,completed,2026-06-19 19:53:21.970809+00:00,2026-06-19 19:53:22.080049+00:00
17cae04d-73ce-4cd1-a537-c9dde3cd22ce,completed,2026-06-19 19:53:22.154006+00:00,2026-06-19 19:53:22.269327+00:00
6aaa455d-f85c-4f98-ae8f-0e46ad040a31,completed,2026-06-19 19:53:21.992221+00:00,2026-06-19 19:53:22.110529+00:00
85098fcf-6711-4a24-8083-6210198024a6,completed,2026-06-19 19:53:22.017546+00:00,2026-06-19 19:53:22.138663+00:00
7bbb5904-8613-4534-936e-5d0eeba9e55d,completed,2026-06-19 19:53:22.079788+00:00,2026-06-19 19:53:22.203901+00:00
2656124c-35d8-4f65-b30b-8ea7b3af1b10,completed,2026-06-19 19:53:22.396228+00:00,2026-06-19 19:53:22.522232+00:00
08de8c08-66f7-4153-a07e-dd193c124592,completed,2026-06-19 19:53:22.426863+00:00,2026-06-19 19:53:22.550616+00:00
1b1cca9f-fab9-44c8-9049-107cb2c19c9f,completed,2026-06-19 19:53:22.126307+00:00,2026-06-19 19:53:22.259233+00:00
ea0c9f1f-75d2-4dba-ab72-932c3f3d974b,completed,2026-06-19 19:53:22.293274+00:00,2026-06-19 19:53:22.425157+00:00
88e4b19d-0d6c-4056-a9dc-748c02672dcf,completed,2026-06-19 19:53:22.444466+00:00,2026-06-19 19:53:22.564775+00:00
3577917a-7016-4fcf-8c5f-a5addac0c216,completed,2026-06-19 19:53:22.181680+00:00,2026-06-19 19:53:22.336812+00:00
53f33f28-a5b7-4b15-b98d-290cac218bf3,completed,2026-06-19 19:53:22.251808+00:00,2026-06-19 19:53:22.385576+00:00
9d4cc80c-61d1-46c1-b7b8-5bb70f6b47ce,completed,2026-06-19 19:53:22.270302+00:00,2026-06-19 19:53:22.400915+00:00
f096f518-a4ca-4023-ba9e-4b177bf413b4,completed,2026-06-19 19:53:22.319858+00:00,2026-06-19 19:53:22.445260+00:00
6cbf2c11-9e87-4e9a-95ad-92b119d8e7f2,completed,2026-06-19 19:53:22.348039+00:00,2026-06-19 19:53:22.467878+00:00
1843da95-8e7c-4608-8458-c2e87d47e67e,completed,2026-06-19 19:53:22.646001+00:00,2026-06-19 19:53:22.769547+00:00
ee28e48c-8c23-4974-94ae-5dd14874b1ef,completed,2026-06-19 19:53:22.972155+00:00,2026-06-19 19:53:23.094808+00:00
8c26f0b7-6744-44a1-b39f-6105617ce3d0,completed,2026-06-19 19:53:22.671302+00:00,2026-06-19 19:53:22.786328+00:00
3ed2f9a8-2986-4522-886d-1043e8b83b0e,completed,2026-06-19 19:53:22.820913+00:00,2026-06-19 19:53:22.940767+00:00
368ebafa-8c68-4fef-a996-e9057650cd5e,completed,2026-06-19 19:53:22.471934+00:00,2026-06-19 19:53:22.584810+00:00
f7957519-e3ba-488c-9a39-f810c7c7d839,completed,2026-06-19 19:53:22.693556+00:00,2026-06-19 19:53:22.809036+00:00
04a66552-c5c5-4acf-b325-0764664fcda8,completed,2026-06-19 19:53:22.492892+00:00,2026-06-19 19:53:22.617051+00:00
a0228fa8-ac31-4461-b3aa-77b116ffe31a,completed,2026-06-19 19:53:22.519986+00:00,2026-06-19 19:53:22.652164+00:00
46ea3c50-a4e5-4db9-b84a-356402d00c54,completed,2026-06-19 19:53:22.543441+00:00,2026-06-19 19:53:22.664993+00:00
1b51bbd9-4815-4a0c-9a1c-7420dd71be1c,completed,2026-06-19 19:53:22.569680+00:00,2026-06-19 19:53:22.683485+00:00
3812fc27-3ad3-4dbb-8875-c8e7adc71d67,completed,2026-06-19 19:53:22.992887+00:00,2026-06-19 19:53:23.130926+00:00
d5b9f47f-df06-4499-ab22-210eef3decad,completed,2026-06-19 19:53:22.593446+00:00,2026-06-19 19:53:22.724019+00:00
c0a9c8b8-5b3d-48a2-a5b6-4c566579b81d,completed,2026-06-19 19:53:22.621104+00:00,2026-06-19 19:53:22.747257+00:00
00f0d66c-b2d0-448b-9450-4072ea1f9a17,completed,2026-06-19 19:53:23.168943+00:00,2026-06-19 19:53:23.295707+00:00
695a6999-1e85-4a81-aa5d-669fd0114914,completed,2026-06-19 19:53:22.718406+00:00,2026-06-19 19:53:22.830728+00:00
98a127a8-8467-4fff-893d-6cecf54b3f44,completed,2026-06-19 19:53:22.754406+00:00,2026-06-19 19:53:22.865570+00:00
ad1262b2-2bac-48d3-964a-939f9e1bfe61,completed,2026-06-19 19:53:23.192054+00:00,2026-06-19 19:53:23.319330+00:00
2a452bbd-28b6-449c-800e-63908996ab7d,completed,2026-06-19 19:53:22.768347+00:00,2026-06-19 19:53:22.890371+00:00
1f8804a6-9bb3-4052-91ad-7e3ec4564ff4,completed,2026-06-19 19:53:22.917374+00:00,2026-06-19 19:53:23.052558+00:00
544cc8c6-4d47-451c-b91d-0f79c2911338,completed,2026-06-19 19:53:22.795248+00:00,2026-06-19 19:53:22.901048+00:00
25611278-cdfe-4f4b-bf0f-1c4f654d210e,completed,2026-06-19 19:53:22.869302+00:00,2026-06-19 19:53:22.994359+00:00
b288424d-cf3f-48fa-afd5-e38ab1c6963d,completed,2026-06-19 19:53:22.842089+00:00,2026-06-19 19:53:22.996111+00:00
5db0bcdf-37fd-4406-bc9f-9726b78a5cf1,completed,2026-06-19 19:53:23.045558+00:00,2026-06-19 19:53:23.167780+00:00
4b017568-0aca-4e15-8204-1e5123cf639d,completed,2026-06-19 19:53:22.892785+00:00,2026-06-19 19:53:23.010547+00:00
824523c8-3538-4af4-8198-8b4bac06b9e3,completed,2026-06-19 19:53:23.092386+00:00,2026-06-19 19:53:23.221713+00:00
5cbcad33-d12b-4369-8611-8631e72ca3a7,completed,2026-06-19 19:53:22.943156+00:00,2026-06-19 19:53:23.080280+00:00
267c33a3-1736-4a50-b20c-df559e99944b,completed,2026-06-19 19:53:23.147276+00:00,2026-06-19 19:53:23.264947+00:00
408dd085-26a1-42c5-9754-3bea55aa19ba,completed,2026-06-19 19:53:23.020290+00:00,2026-06-19 19:53:23.136748+00:00
59c904c1-1b1c-4ee7-ae87-b405c43d9b18,completed,2026-06-19 19:53:23.226169+00:00,2026-06-19 19:53:23.347856+00:00
8516d3eb-956b-4038-afc0-507545d6d4a2,completed,2026-06-19 19:53:23.067695+00:00,2026-06-19 19:53:23.196758+00:00
fc826025-8f65-4a3e-9979-2c479a7755b8,completed,2026-06-19 19:53:23.122246+00:00,2026-06-19 19:53:23.244047+00:00
1055a43e-d449-4b3b-a629-2c255a26f7b0,completed,2026-06-19 19:53:23.745786+00:00,2026-06-19 19:53:23.864576+00:00
f6a2e148-e2a3-432e-8230-02349e8c528e,completed,2026-06-19 19:53:23.595372+00:00,2026-06-19 19:53:23.705269+00:00
59780b4f-d38d-437d-bdd7-ea4dc83d8a15,completed,2026-06-19 19:53:23.448511+00:00,2026-06-19 19:53:23.573926+00:00
029827dc-4460-40c8-b287-d0d0b8bad41f,completed,2026-06-19 19:53:23.242361+00:00,2026-06-19 19:53:23.357969+00:00
ec32ac19-e78c-47ed-aca9-45460ae3a6c5,completed,2026-06-19 19:53:23.472680+00:00,2026-06-19 19:53:23.585545+00:00
695bc876-2265-4458-a5f7-095cfb53502e,completed,2026-06-19 19:53:23.942463+00:00,2026-06-19 19:53:24.061737+00:00
98bfdd46-0671-4ea9-8248-600fe36cffab,completed,2026-06-19 19:53:23.268551+00:00,2026-06-19 19:53:23.408140+00:00
db89d33a-f1c4-4393-997d-34ff9a41db12,completed,2026-06-19 19:53:23.294195+00:00,2026-06-19 19:53:23.413198+00:00
fb4b0bc6-85a4-44f2-ac52-8ab46726c972,completed,2026-06-19 19:53:23.322626+00:00,2026-06-19 19:53:23.434918+00:00
a008a1fe-1406-49cd-bbda-4a76bcc07db8,completed,2026-06-19 19:53:23.358528+00:00,2026-06-19 19:53:23.472569+00:00
0dbbc650-d9e3-4cd9-97e2-9a3209e86ce8,completed,2026-06-19 19:53:23.369613+00:00,2026-06-19 19:53:23.478548+00:00
6d1deae5-34ff-49bb-87da-28fb89849349,completed,2026-06-19 19:53:23.395496+00:00,2026-06-19 19:53:23.513934+00:00
490c1206-8f35-405a-9c22-2f328b069440,completed,2026-06-19 19:53:23.776517+00:00,2026-06-19 19:53:23.897867+00:00
135728c4-8941-42ff-8a5f-b7d342d835d8,completed,2026-06-19 19:53:23.423163+00:00,2026-06-19 19:53:23.541215+00:00
4c9aada7-69c9-47d3-9d74-f36354e201d3,completed,2026-06-19 19:53:23.696259+00:00,2026-06-19 19:53:23.819748+00:00
44f6cb69-3ee3-47d5-bb0c-5504cb8ed55c,completed,2026-06-19 19:53:23.506819+00:00,2026-06-19 19:53:23.632039+00:00
18639648-ecf4-4036-91fc-06feb2c3df50,completed,2026-06-19 19:53:23.517207+00:00,2026-06-19 19:53:23.649371+00:00
267fcdef-9d6d-4d73-b2e6-b606c1cf186b,completed,2026-06-19 19:53:23.543002+00:00,2026-06-19 19:53:23.667042+00:00
fd8a7438-755a-4f73-8657-80eea1407903,completed,2026-06-19 19:53:23.999086+00:00,2026-06-19 19:53:24.116682+00:00
25186478-0c37-4cde-b6e3-5a5507758ab1,completed,2026-06-19 19:53:23.569317+00:00,2026-06-19 19:53:23.691062+00:00
99198d4e-123d-4319-9515-f6033d9f7e68,completed,2026-06-19 19:53:23.622751+00:00,2026-06-19 19:53:23.751074+00:00
f99297c8-5392-498f-8347-cb6fa4a2a545,completed,2026-06-19 19:53:23.647422+00:00,2026-06-19 19:53:23.775602+00:00
afd6dfe7-17a7-4382-95aa-191189781b9c,completed,2026-06-19 19:53:23.668340+00:00,2026-06-19 19:53:23.793545+00:00
c0c5b176-d7fc-4516-8b25-ce07f5197a0e,completed,2026-06-19 19:53:23.719699+00:00,2026-06-19 19:53:23.833777+00:00
138a8c25-6870-40bd-85ff-27a63ed19381,completed,2026-06-19 19:53:23.873906+00:00,2026-06-19 19:53:23.999991+00:00
34bfdb7a-68d2-440b-bc52-d285e4defc38,completed,2026-06-19 19:53:23.920984+00:00,2026-06-19 19:53:24.028731+00:00
ea659e44-710b-4c57-b2c6-65055d8ac8f5,completed,2026-06-19 19:53:23.801111+00:00,2026-06-19 19:53:23.916448+00:00
6f2b4d6c-95df-4e90-a038-495bb0de8731,completed,2026-06-19 19:53:23.973153+00:00,2026-06-19 19:53:24.085778+00:00
6714a83d-1a1a-48fe-b0af-0b3a0f73e2fa,completed,2026-06-19 19:53:23.823426+00:00,2026-06-19 19:53:23.951519+00:00
f3abea82-b359-4cef-bc84-a48dd6e20b0e,completed,2026-06-19 19:53:23.859546+00:00,2026-06-19 19:53:23.978871+00:00
cc670607-d193-4a80-bb80-a6414c2e778b,completed,2026-06-19 19:53:23.892990+00:00,2026-06-19 19:53:24.004384+00:00
424fb07d-2a62-4d0b-9561-b4e495f46109,completed,2026-06-19 19:53:24.523404+00:00,2026-06-19 19:53:24.640961+00:00
34a70926-8614-40df-b505-947a784d1650,completed,2026-06-19 19:53:24.193574+00:00,2026-06-19 19:53:24.323117+00:00
06e91215-e667-495e-8d8d-fe59437767c5,completed,2026-06-19 19:53:24.217761+00:00,2026-06-19 19:53:24.324079+00:00
2dd4b163-b03c-4bd8-9f80-68a2b7a8ef4f,completed,2026-06-19 19:53:24.367941+00:00,2026-06-19 19:53:24.487293+00:00
ecd85c76-eef8-4d5b-8865-1294b50b0009,completed,2026-06-19 19:53:24.028664+00:00,2026-06-19 19:53:24.134922+00:00
69a2b2db-fe70-44d1-9e20-b67dfbfea2e4,completed,2026-06-19 19:53:24.249671+00:00,2026-06-19 19:53:24.364749+00:00
cec342bb-c219-4350-b781-04a8e63110f3,completed,2026-06-19 19:53:24.070285+00:00,2026-06-19 19:53:24.186038+00:00
466a1781-9292-43db-9cfc-b472178c23ab,completed,2026-06-19 19:53:24.044510+00:00,2026-06-19 19:53:24.200057+00:00
bea16c91-4028-4e19-848a-2761264e59c1,completed,2026-06-19 19:53:24.092908+00:00,2026-06-19 19:53:24.220429+00:00
a0d99104-900e-4a04-a64a-653a40cfeede,completed,2026-06-19 19:53:24.117612+00:00,2026-06-19 19:53:24.237527+00:00
01360ee9-46ca-49d3-8b23-c189e3f1f631,completed,2026-06-19 19:53:24.143436+00:00,2026-06-19 19:53:24.248021+00:00
8f8cfe71-44d9-43fb-8279-068ef52ea7f4,completed,2026-06-19 19:53:24.703021+00:00,2026-06-19 19:53:24.852726+00:00
880e4e17-ae06-416e-8d69-4621f75bf581,completed,2026-06-19 19:53:24.169507+00:00,2026-06-19 19:53:24.287709+00:00
c52ec9c7-c37b-4c57-9a96-4f4ff603da9c,completed,2026-06-19 19:53:24.413804+00:00,2026-06-19 19:53:24.535961+00:00
3ec00ae5-b597-4a85-b39e-425197e3ccf9,completed,2026-06-19 19:53:24.767821+00:00,2026-06-19 19:53:24.882084+00:00
11e476e6-7653-4907-a001-df630d960718,completed,2026-06-19 19:53:24.268454+00:00,2026-06-19 19:53:24.388118+00:00
32a7fdb8-9416-4418-aacf-bcdce5dbbf11,completed,2026-06-19 19:53:24.743509+00:00,2026-06-19 19:53:24.879692+00:00
08931245-f23d-421f-ae94-28d030a8f6a2,completed,2026-06-19 19:53:24.292676+00:00,2026-06-19 19:53:24.427491+00:00
421a879b-5c57-4ba8-8bfe-6d91eed6e4da,completed,2026-06-19 19:53:24.318380+00:00,2026-06-19 19:53:24.429219+00:00
618bc8f8-bb38-42d0-9367-8aa7451264ef,completed,2026-06-19 19:53:24.492820+00:00,2026-06-19 19:53:24.608283+00:00
922c1ae5-8793-492e-b4a4-74ea46a3911c,completed,2026-06-19 19:53:24.345152+00:00,2026-06-19 19:53:24.456051+00:00
0eb39f5a-a98b-470e-8c6f-6ab4c47dc16f,completed,2026-06-19 19:53:24.443904+00:00,2026-06-19 19:53:24.547988+00:00
a35e835b-70d2-4d6f-b0f1-8e651b61d39d,completed,2026-06-19 19:53:24.418123+00:00,2026-06-19 19:53:24.548687+00:00
9d113523-4d9e-4238-9850-23c0288e2a4a,completed,2026-06-19 19:53:24.472159+00:00,2026-06-19 19:53:24.616773+00:00
baad4c9a-4575-4cb2-a3bc-878cffbea470,completed,2026-06-19 19:53:24.643283+00:00,2026-06-19 19:53:24.758043+00:00
3d2b5e25-a599-4ba9-9517-71388ec2ff59,completed,2026-06-19 19:53:24.546712+00:00,2026-06-19 19:53:24.668793+00:00
38eff6cb-1e43-41d4-a369-5c0316db5a84,completed,2026-06-19 19:53:24.723314+00:00,2026-06-19 19:53:24.866672+00:00
bdb36b66-73dc-46d6-8c94-305adeb189c0,completed,2026-06-19 19:53:24.598952+00:00,2026-06-19 19:53:24.723877+00:00
7f577fc7-a0d2-42b4-9b89-4a5f9abf7541,completed,2026-06-19 19:53:24.573342+00:00,2026-06-19 19:53:24.728833+00:00
44de9fad-9761-40ac-81cc-2da5d0c8c3ff,completed,2026-06-19 19:53:24.620957+00:00,2026-06-19 19:53:24.729898+00:00
487bd8ac-87d6-40c3-a6a7-0210bcfceaf3,completed,2026-06-19 19:53:24.676540+00:00,2026-06-19 19:53:24.789379+00:00
5db258b6-0ddf-402e-8f1d-83bf792f510f,completed,2026-06-19 19:53:24.995381+00:00,2026-06-19 19:53:25.114334+00:00
33788b24-b521-4276-be11-671dfc5c8564,completed,2026-06-19 19:53:25.518448+00:00,2026-06-19 19:53:25.639788+00:00
ce16f83c-9edf-4599-8a17-a24bca86c4ec,completed,2026-06-19 19:53:24.981408+00:00,2026-06-19 19:53:25.136747+00:00
69b44a9a-6c40-4e77-88c5-f9bcfe2e8bb8,completed,2026-06-19 19:53:24.792207+00:00,2026-06-19 19:53:24.912634+00:00
796b5eda-174f-4502-8160-b22babe3b319,completed,2026-06-19 19:53:24.817984+00:00,2026-06-19 19:53:24.943945+00:00
3522b390-ecc6-4df9-90bf-9de3b3f31417,completed,2026-06-19 19:53:24.843938+00:00,2026-06-19 19:53:24.961966+00:00
845300da-ed71-478a-832c-d50569f85a65,completed,2026-06-19 19:53:25.118509+00:00,2026-06-19 19:53:25.248164+00:00
44772140-6c1e-4ff7-9e18-90c3a54ff28b,completed,2026-06-19 19:53:25.145282+00:00,2026-06-19 19:53:25.256953+00:00
70615205-7853-439b-a30f-84121671bb90,completed,2026-06-19 19:53:24.868109+00:00,2026-06-19 19:53:25.002671+00:00
bffef650-f01a-4def-8e59-7a14973c3131,completed,2026-06-19 19:53:24.891315+00:00,2026-06-19 19:53:25.006554+00:00
5f8f9587-2fae-4f03-a604-209dc2ab73c2,completed,2026-06-19 19:53:24.918595+00:00,2026-06-19 19:53:25.028720+00:00
6cbda0ca-bc61-400d-b7c4-2b3704a066d5,completed,2026-06-19 19:53:25.293183+00:00,2026-06-19 19:53:25.424079+00:00
9ab873c7-526a-4006-85a5-381c294b0a4b,completed,2026-06-19 19:53:24.974440+00:00,2026-06-19 19:53:25.081390+00:00
4f9ba6c7-1e5d-4f40-a347-6e1a8a356d9f,completed,2026-06-19 19:53:25.019115+00:00,2026-06-19 19:53:25.164711+00:00
60115874-309d-46c5-a5b7-fcdc856e61f5,completed,2026-06-19 19:53:25.052274+00:00,2026-06-19 19:53:25.176384+00:00
65349b1e-a4c2-4dd1-af9a-ede95cfc4713,completed,2026-06-19 19:53:25.243398+00:00,2026-06-19 19:53:25.371985+00:00
58b0844d-46d9-4f5b-971f-a8991b531947,completed,2026-06-19 19:53:25.068529+00:00,2026-06-19 19:53:25.184979+00:00
e5144458-b05c-4a19-86ae-6b97d550ea27,completed,2026-06-19 19:53:25.544591+00:00,2026-06-19 19:53:25.667268+00:00
df2c9c3a-6f2a-44ed-96c1-61ecb6a90f16,completed,2026-06-19 19:53:25.099951+00:00,2026-06-19 19:53:25.231843+00:00
e5ae25bf-d4c8-411a-8ab7-4b123d8025fb,completed,2026-06-19 19:53:25.173170+00:00,2026-06-19 19:53:25.295996+00:00
af85d423-c4f2-45eb-b8ce-d3c78982d234,completed,2026-06-19 19:53:25.468636+00:00,2026-06-19 19:53:25.595298+00:00
f008d22a-2e1e-4f9a-80f0-8fc7a38dbba0,completed,2026-06-19 19:53:25.194263+00:00,2026-06-19 19:53:25.325906+00:00
d306325c-ce88-423f-981a-c6fbf804c82d,completed,2026-06-19 19:53:25.221539+00:00,2026-06-19 19:53:25.344307+00:00
8fb63974-c574-4ceb-926d-eb441482a13c,completed,2026-06-19 19:53:25.418417+00:00,2026-06-19 19:53:25.535030+00:00
d0eb36aa-3746-497c-ad64-7117ffc1c35e,completed,2026-06-19 19:53:25.270225+00:00,2026-06-19 19:53:25.399600+00:00
f30a6144-b56d-4e40-afe4-7803ebb6198c,completed,2026-06-19 19:53:25.324462+00:00,2026-06-19 19:53:25.441728+00:00
a89e0f10-a8fe-457f-9d80-0ae2c00e8a62,completed,2026-06-19 19:53:25.493500+00:00,2026-06-19 19:53:25.620482+00:00
ed62f66e-22a2-4ffd-bf6e-c9113d7dd84d,completed,2026-06-19 19:53:25.350342+00:00,2026-06-19 19:53:25.483776+00:00
3ac1c6b9-3df5-412b-bc39-dca347850966,completed,2026-06-19 19:53:25.370298+00:00,2026-06-19 19:53:25.511662+00:00
85bb3cdc-afd3-4991-91ab-7bb6d7b763fc,completed,2026-06-19 19:53:25.393854+00:00,2026-06-19 19:53:25.523494+00:00
d4ca8518-c707-4087-92a0-03a12938c033,completed,2026-06-19 19:53:25.443436+00:00,2026-06-19 19:53:25.550981+00:00
85b0fc37-1bd1-4d35-988b-71dcd80b9dd6,completed,2026-06-19 19:53:26.067430+00:00,2026-06-19 19:53:26.189795+00:00
b5056b03-68e8-49d1-8913-ba3a84caa6f1,completed,2026-06-19 19:53:25.771759+00:00,2026-06-19 19:53:25.894751+00:00
1d577f2b-9ec4-46e3-8b8a-ca1425b2cee1,completed,2026-06-19 19:53:25.568417+00:00,2026-06-19 19:53:25.684495+00:00
8a2c846c-95fd-4da0-9179-29688296aca8,completed,2026-06-19 19:53:26.005978+00:00,2026-06-19 19:53:26.132783+00:00
1a10da70-ed55-4253-8fbb-0b9b7d82dde4,completed,2026-06-19 19:53:25.593406+00:00,2026-06-19 19:53:25.738203+00:00
61f751e5-eb46-400f-9362-e81f6085d97b,completed,2026-06-19 19:53:25.627388+00:00,2026-06-19 19:53:25.738260+00:00
03cb6f0b-17a3-4389-8e13-c464d654b919,completed,2026-06-19 19:53:26.022460+00:00,2026-06-19 19:53:26.133479+00:00
6e6ad3aa-8b0f-4acb-804a-609e0808f43d,completed,2026-06-19 19:53:25.645115+00:00,2026-06-19 19:53:25.773982+00:00
9a9305a8-54c4-4090-afb0-4ab15cb2aa82,completed,2026-06-19 19:53:25.669864+00:00,2026-06-19 19:53:25.796999+00:00
32b793c7-a9a6-4f96-b4c9-105489c1afa6,completed,2026-06-19 19:53:25.693570+00:00,2026-06-19 19:53:25.808268+00:00
74397b2e-0bb2-4dee-9162-f9bf4fd7771a,completed,2026-06-19 19:53:25.718596+00:00,2026-06-19 19:53:25.835722+00:00
97136aa2-8512-4718-a890-3482ff75a659,completed,2026-06-19 19:53:25.927589+00:00,2026-06-19 19:53:26.061530+00:00
9a6537b1-944a-4081-8c68-e52cee48fd8d,completed,2026-06-19 19:53:26.260506+00:00,2026-06-19 19:53:26.372366+00:00
20e0df23-f506-43c1-b54b-7f0722f5456c,completed,2026-06-19 19:53:25.749415+00:00,2026-06-19 19:53:25.863283+00:00
bd0df49f-598c-4427-b2ee-4adad54f9458,completed,2026-06-19 19:53:25.849048+00:00,2026-06-19 19:53:25.956401+00:00
94322ff5-05df-4015-ac24-ec2e9ee687f4,completed,2026-06-19 19:53:25.840377+00:00,2026-06-19 19:53:25.968592+00:00
039502bb-0b7b-4f78-8305-e195ead2fc0b,completed,2026-06-19 19:53:25.856684+00:00,2026-06-19 19:53:25.996683+00:00
f4dce8c4-e83e-4404-b8d9-7624eb247e03,completed,2026-06-19 19:53:25.883831+00:00,2026-06-19 19:53:26.003013+00:00
0f2b5e8d-eb76-4b0c-b433-0ea02713165a,completed,2026-06-19 19:53:26.252784+00:00,2026-06-19 19:53:26.359975+00:00
befaddad-b2a7-4232-98e6-b451bf3a69c7,completed,2026-06-19 19:53:25.898317+00:00,2026-06-19 19:53:26.014216+00:00
b3bbd4a6-045d-45cb-8e7e-4e386262cbcf,completed,2026-06-19 19:53:25.946773+00:00,2026-06-19 19:53:26.072306+00:00
e4631f56-0d7d-4cb3-92c8-c1d464b01c9f,completed,2026-06-19 19:53:26.149114+00:00,2026-06-19 19:53:26.262520+00:00
3c806ec1-87c8-4d5d-93de-402fdcf7073e,completed,2026-06-19 19:53:25.981095+00:00,2026-06-19 19:53:26.130225+00:00
0a6d0278-77a2-477a-b003-9eb741376d68,completed,2026-06-19 19:53:26.268424+00:00,2026-06-19 19:53:26.388245+00:00
5f6ad849-3f21-436f-9eb1-9c2ccd21419e,completed,2026-06-19 19:53:26.046876+00:00,2026-06-19 19:53:26.171286+00:00
399990e5-4870-491b-952f-d0351887354f,completed,2026-06-19 19:54:05.197621+00:00,2026-06-19 19:54:05.296121+00:00
aaa68361-5c9e-4f1b-ab1f-a55eadc77941,completed,2026-06-19 19:53:26.101891+00:00,2026-06-19 19:53:26.224342+00:00
a5130a5f-3d1c-480f-83a0-abf78747e521,completed,2026-06-19 19:53:26.121052+00:00,2026-06-19 19:53:26.248203+00:00
84c891ba-0379-4387-bfa2-7ac4091bef00,completed,2026-06-19 19:53:26.309762+00:00,2026-06-19 19:53:26.420787+00:00
34e5e7a4-6213-485e-b261-f6ba8764f3af,completed,2026-06-19 19:53:26.169349+00:00,2026-06-19 19:53:26.292200+00:00
8ebd809b-8de1-42e4-aa51-1c83cee21a27,completed,2026-06-19 19:53:26.192189+00:00,2026-06-19 19:53:26.312159+00:00
a35b76df-1c65-416e-87f6-ec046327cd5b,completed,2026-06-19 19:53:26.970286+00:00,2026-06-19 19:53:27.184134+00:00
a5acc96d-7d75-4074-83eb-8b70f8eaf1fd,completed,2026-06-19 19:53:26.504961+00:00,2026-06-19 19:53:26.646218+00:00
f3142560-0079-446f-b9f0-5cb8f6be42d2,completed,2026-06-19 19:53:26.521361+00:00,2026-06-19 19:53:26.646705+00:00
c65932cd-8b6c-4988-b275-50325233cca6,completed,2026-06-19 19:53:26.549794+00:00,2026-06-19 19:53:26.675179+00:00
45190677-5f36-4bdc-a536-50d3574a4045,completed,2026-06-19 19:53:26.317299+00:00,2026-06-19 19:53:26.435955+00:00
8b892e9c-5b55-4e03-ae93-86078ea3eab4,completed,2026-06-19 19:53:26.346317+00:00,2026-06-19 19:53:26.465790+00:00
168c4020-ffa8-4845-a99d-d4052605d341,completed,2026-06-19 19:53:26.370878+00:00,2026-06-19 19:53:26.484502+00:00
af93a862-da71-41d6-bd99-cdfbbcd47e79,completed,2026-06-19 19:53:26.911030+00:00,2026-06-19 19:53:27.044489+00:00
59d23789-3c94-4314-88d6-6c48c6d10b5f,completed,2026-06-19 19:53:26.393432+00:00,2026-06-19 19:53:26.524433+00:00
2f96c8d4-e67c-4c9a-bc4e-e351426945ea,completed,2026-06-19 19:53:26.419001+00:00,2026-06-19 19:53:26.542454+00:00
8daab290-32cf-4d6d-ace6-c40c6f5d8eec,completed,2026-06-19 19:53:26.999238+00:00,2026-06-19 19:53:27.228730+00:00
8cba6c2f-f572-4a22-a19f-2c39cb2a1a96,completed,2026-06-19 19:53:26.445031+00:00,2026-06-19 19:53:26.559952+00:00
8e2a8f3e-6cc3-473f-8db5-c0e0af65c2b8,completed,2026-06-19 19:53:26.466977+00:00,2026-06-19 19:53:26.585750+00:00
4063715a-135f-4faf-899f-64a94b25ec14,completed,2026-06-19 19:53:26.918842+00:00,2026-06-19 19:53:27.048989+00:00
bb69169a-fde1-4c82-b868-56370baea839,completed,2026-06-19 19:53:26.571547+00:00,2026-06-19 19:53:26.706211+00:00
a19b9e6f-3510-4a31-8823-d4822a0298b5,completed,2026-06-19 19:53:26.592788+00:00,2026-06-19 19:53:26.716331+00:00
86de652d-6509-4b99-a949-5a0c09632977,completed,2026-06-19 19:53:26.618561+00:00,2026-06-19 19:53:26.735369+00:00
25606b1d-7d9d-4bf5-b64e-1d453f72dcb2,completed,2026-06-19 19:53:26.674600+00:00,2026-06-19 19:53:26.794621+00:00
6d533536-94b8-4464-bc94-a17a7c34225f,completed,2026-06-19 19:53:26.684333+00:00,2026-06-19 19:53:26.813333+00:00
a55eb258-614b-4de1-b6f9-7ea5b493d86c,completed,2026-06-19 19:53:26.897673+00:00,2026-06-19 19:53:27.027655+00:00
c437f6ec-0f3e-48e8-b3f8-f2d4a3b478d7,completed,2026-06-19 19:53:27.018721+00:00,2026-06-19 19:53:27.200040+00:00
fc48ac32-e482-4e01-94d7-a9033cf9e185,completed,2026-06-19 19:54:05.298019+00:00,2026-06-19 19:54:05.413655+00:00
86c42faa-ffe4-4dfd-b33e-31e3d3f67b45,completed,2026-06-19 19:53:26.883650+00:00,2026-06-19 19:53:27.012145+00:00
972af46d-c7ca-4d92-b418-881e72081859,completed,2026-06-19 19:53:27.096139+00:00,2026-06-19 19:53:27.300601+00:00
a52851aa-5a7d-4546-b741-191a3b9422d6,completed,2026-06-19 19:53:27.069212+00:00,2026-06-19 19:53:27.329659+00:00
09857d31-2e92-4e7d-bcca-a7685fa842dd,completed,2026-06-19 19:53:26.890756+00:00,2026-06-19 19:53:27.044781+00:00
777b6f4d-135a-42d4-8937-153c2cc48bc8,completed,2026-06-19 19:53:26.877183+00:00,2026-06-19 19:53:27.046164+00:00
b9579c7c-9bc0-43b3-be4d-987b8896fd22,completed,2026-06-19 19:53:27.045963+00:00,2026-06-19 19:53:27.293066+00:00
bdab2472-d320-4418-9df3-59195a1974d3,completed,2026-06-19 19:53:26.904391+00:00,2026-06-19 19:53:27.064743+00:00
5c999654-7fa1-4b68-97a3-de1981c00802,completed,2026-06-19 19:53:26.963252+00:00,2026-06-19 19:53:27.161892+00:00
39a20f06-ca4e-4123-ab92-a76e5c2f7ba5,completed,2026-06-19 19:53:26.927365+00:00,2026-06-19 19:53:27.169433+00:00
72baabc6-5e4c-4ae4-9c1b-19ea1d8c11f0,completed,2026-06-19 19:53:27.294775+00:00,2026-06-19 19:53:27.454331+00:00
0af216ad-5df7-442c-b255-9cf014d31882,completed,2026-06-19 19:53:27.245923+00:00,2026-06-19 19:53:27.456190+00:00
4ae06930-acee-433b-91c5-00f854d605e9,completed,2026-06-19 19:53:27.646111+00:00,2026-06-19 19:53:27.775623+00:00
0e413993-59ba-4d04-b69a-6916f5813d02,completed,2026-06-19 19:53:27.318494+00:00,2026-06-19 19:53:27.460584+00:00
05264bb7-7c12-4a5e-ac91-816b8032b1d6,completed,2026-06-19 19:53:27.399275+00:00,2026-06-19 19:53:27.580142+00:00
0f62a6ba-fc1b-4df3-8f91-4a13d51b1b9f,completed,2026-06-19 19:53:27.117577+00:00,2026-06-19 19:53:27.304642+00:00
6daaa5f4-33be-4f3c-af1d-fb57aa8ad8c2,completed,2026-06-19 19:53:27.568497+00:00,2026-06-19 19:53:27.686689+00:00
b5c1965d-7bdc-4f5a-af8c-9ee882be4874,completed,2026-06-19 19:53:27.147716+00:00,2026-06-19 19:53:27.317646+00:00
6c2420be-a0db-4597-a0d4-a2458c9ceda3,completed,2026-06-19 19:53:27.800234+00:00,2026-06-19 19:53:27.923220+00:00
03d91ac6-5332-47a8-a059-4bf142203d12,completed,2026-06-19 19:53:27.167988+00:00,2026-06-19 19:53:27.340837+00:00
ce61dd6b-b185-4a5b-b7cc-67d3085d063f,completed,2026-06-19 19:53:27.195587+00:00,2026-06-19 19:53:27.357096+00:00
645f68ad-5fc6-48d1-b3b2-7303a6185cd4,completed,2026-06-19 19:53:27.468420+00:00,2026-06-19 19:53:27.608915+00:00
de5dd3dc-2be2-4948-93bf-8510df1539f0,completed,2026-06-19 19:53:27.495040+00:00,2026-06-19 19:53:27.612009+00:00
17f76b8d-4c4e-4630-9c4f-1d84bcd98afd,completed,2026-06-19 19:53:27.219228+00:00,2026-06-19 19:53:27.435759+00:00
c0c9aa0d-08b7-47a6-b5bb-18cc0cab687c,completed,2026-06-19 19:53:27.267966+00:00,2026-06-19 19:53:27.440109+00:00
fefd65c3-9f89-4e74-90c1-5a7499aa3c83,completed,2026-06-19 19:53:27.355960+00:00,2026-06-19 19:53:27.489279+00:00
6a48a750-887d-46e0-af18-b0627f61af02,completed,2026-06-19 19:53:27.870869+00:00,2026-06-19 19:53:27.992847+00:00
0ea75f60-8c17-4cbb-bc0d-c49fbfa76a82,completed,2026-06-19 19:53:27.372657+00:00,2026-06-19 19:53:27.503524+00:00
861a61ff-fabc-4b78-885d-dd3167d57d80,completed,2026-06-19 19:53:27.593792+00:00,2026-06-19 19:53:27.724098+00:00
1f6e605e-b4c0-4034-ad89-3847b1b3ec5f,completed,2026-06-19 19:53:27.443777+00:00,2026-06-19 19:53:27.565432+00:00
982f3495-14b0-42c4-b93d-aef75d8f686a,completed,2026-06-19 19:53:27.420885+00:00,2026-06-19 19:53:27.569519+00:00
da875b5d-4c84-4fe4-a618-8cc91c127a10,completed,2026-06-19 19:53:27.819071+00:00,2026-06-19 19:53:27.943448+00:00
62963a1b-c718-4426-9091-c2c31bcd6f56,completed,2026-06-19 19:53:27.525090+00:00,2026-06-19 19:53:27.656986+00:00
ab4c8f3e-d7bd-4a71-8964-fe100d6f055e,completed,2026-06-19 19:53:27.693832+00:00,2026-06-19 19:53:27.808330+00:00
f2eb3420-5adf-4ca7-9797-f900d15b327c,completed,2026-06-19 19:53:27.547351+00:00,2026-06-19 19:53:27.681896+00:00
ce2e6444-4b4b-428f-b061-8da69852a3ae,completed,2026-06-19 19:53:27.753555+00:00,2026-06-19 19:53:27.886145+00:00
35a70eae-2363-4667-a067-b3c6e3debd36,completed,2026-06-19 19:53:27.669352+00:00,2026-06-19 19:53:27.790697+00:00
fb5fc0f8-9b76-49d0-a36f-ddf9fc644f17,completed,2026-06-19 19:53:27.894631+00:00,2026-06-19 19:53:28.014103+00:00
66cbdf50-9178-41ae-914d-6bbecb85acfe,completed,2026-06-19 19:53:27.729693+00:00,2026-06-19 19:53:27.873062+00:00
ac8cf00f-60ac-418b-b0f6-ed24b1db3e56,completed,2026-06-19 19:53:27.853350+00:00,2026-06-19 19:53:28.003055+00:00
ad5f1621-94ef-48a0-934b-ee5311ed0551,completed,2026-06-19 19:53:27.772888+00:00,2026-06-19 19:53:27.918040+00:00
d96ef07c-125d-4598-bfc9-a1f46f27cd80,completed,2026-06-19 19:53:26.938403+00:00,2026-06-19 19:53:27.172681+00:00
ba9e43cb-465f-44a6-a28c-2a0922d313c4,completed,2026-06-19 19:53:27.653004+00:00,2026-06-19 19:53:27.802476+00:00
e336458e-9dd7-4d69-8131-2c557bbb5d95,completed,2026-06-19 19:53:51.017908+00:00,2026-06-19 19:53:51.261891+00:00
98fbcfd5-9e0f-487e-abe5-7bb527b76870,completed,2026-06-19 19:54:06.188422+00:00,2026-06-19 19:54:06.325207+00:00
23c3723f-6e10-4779-a717-352fb7921dea,completed,2026-06-19 19:54:05.577626+00:00,2026-06-19 19:54:05.713083+00:00
7d3752a9-9c0c-4050-95c9-f185c163eb8a,completed,2026-06-19 19:54:05.612975+00:00,2026-06-19 19:54:05.723661+00:00
f5fef1b5-bea9-4aef-af37-cf4a0c350049,completed,2026-06-19 19:54:05.356572+00:00,2026-06-19 19:54:05.464362+00:00
e4f8af88-f1b5-422d-ba04-44f915fdea4e,completed,2026-06-19 19:54:05.767391+00:00,2026-06-19 19:54:05.875291+00:00
e3f2bc0e-f18a-4012-ad73-6795e7393b2d,completed,2026-06-19 19:54:05.391598+00:00,2026-06-19 19:54:05.498876+00:00
b4a11982-1d9a-476d-b861-5a2d11ed604d,completed,2026-06-19 19:54:05.641493+00:00,2026-06-19 19:54:05.757819+00:00
384ddf40-06fb-46b4-acd8-bb2ac1458b18,completed,2026-06-19 19:54:05.419109+00:00,2026-06-19 19:54:05.526974+00:00
c0c2302a-162c-4cb6-b399-821ea0582665,completed,2026-06-19 19:54:05.454670+00:00,2026-06-19 19:54:05.596844+00:00
6a4034ed-f6cd-4813-9840-5591e1981613,completed,2026-06-19 19:54:05.482794+00:00,2026-06-19 19:54:05.611051+00:00
abb60688-0f28-4faf-b404-b60fdb4ef4f4,completed,2026-06-19 19:54:05.966019+00:00,2026-06-19 19:54:06.077460+00:00
5beaf72a-a772-4a6b-bb97-d171ff74c7fa,completed,2026-06-19 19:54:05.511807+00:00,2026-06-19 19:54:05.624625+00:00
187b50f1-9cc0-4558-8bb6-05f770c6215e,completed,2026-06-19 19:54:05.800029+00:00,2026-06-19 19:54:05.909124+00:00
ebc852e8-9276-4b11-8b47-d52855cadb35,completed,2026-06-19 19:54:05.831293+00:00,2026-06-19 19:54:05.937015+00:00
dd4299cb-4bea-4a65-978c-e2e1f720b023,completed,2026-06-19 19:54:05.546753+00:00,2026-06-19 19:54:05.676684+00:00
adba7d04-f6c2-41ca-a006-18a7f5b6fe7a,completed,2026-06-19 19:54:05.866582+00:00,2026-06-19 19:54:05.972686+00:00
0bed8440-05e4-4965-863f-589306ce7f9f,completed,2026-06-19 19:54:05.672732+00:00,2026-06-19 19:54:05.802674+00:00
5c2310e6-8628-458a-85e7-f6ae8680eafe,completed,2026-06-19 19:54:05.704414+00:00,2026-06-19 19:54:05.816089+00:00
aa5eea45-05e1-4f9b-9e6e-378e8c87b1ff,completed,2026-06-19 19:54:06.026213+00:00,2026-06-19 19:54:06.140935+00:00
1004f554-f9d9-4558-8eae-98f8993746a0,completed,2026-06-19 19:54:05.736271+00:00,2026-06-19 19:54:05.848779+00:00
37dfdc66-9756-45d7-84a3-e954d4d5be75,completed,2026-06-19 19:54:05.999575+00:00,2026-06-19 19:54:06.109345+00:00
b10a0ef8-c7cc-49a0-adbc-bea470c0c1bb,completed,2026-06-19 19:54:05.899815+00:00,2026-06-19 19:54:06.005534+00:00
2ca5e687-bc8a-4cd9-a9a9-2a93e8d8de39,completed,2026-06-19 19:54:06.059223+00:00,2026-06-19 19:54:06.162829+00:00
28447c7f-98df-4c95-aebc-b72531037f86,completed,2026-06-19 19:54:05.948983+00:00,2026-06-19 19:54:06.057227+00:00
1faf4066-d3ca-4d77-a560-960d5a2abcb9,completed,2026-06-19 19:54:06.161395+00:00,2026-06-19 19:54:06.279401+00:00
01723141-a7e7-40a4-b8ac-1b6233c327e1,completed,2026-06-19 19:54:06.220338+00:00,2026-06-19 19:54:06.345564+00:00
dff815b7-b98b-4126-be03-756cfe53f416,completed,2026-06-19 19:54:06.093034+00:00,2026-06-19 19:54:06.200406+00:00
53fcaaa9-0f90-4022-8bc4-d9eb9572df31,completed,2026-06-19 19:54:06.126179+00:00,2026-06-19 19:54:06.247127+00:00
e2894491-63cf-4b25-a0a9-5e74d23976df,completed,2026-06-19 19:53:28.246813+00:00,2026-06-19 19:53:28.375255+00:00
24c79114-9193-4054-962f-e0852f08644a,completed,2026-06-19 19:53:28.624587+00:00,2026-06-19 19:53:28.788141+00:00
22e84310-636f-4c3a-8dbc-8e542866c722,completed,2026-06-19 19:53:28.118023+00:00,2026-06-19 19:53:28.254687+00:00
f8859e60-096c-4f9e-a21d-759f0df27f42,completed,2026-06-19 19:53:28.368586+00:00,2026-06-19 19:53:28.485954+00:00
1f591d4b-f084-463c-8d61-e36d4ee85e41,completed,2026-06-19 19:53:27.918659+00:00,2026-06-19 19:53:28.062837+00:00
979f2d67-8cff-4b3d-815d-c683815677bf,completed,2026-06-19 19:53:27.943908+00:00,2026-06-19 19:53:28.067022+00:00
404fb89b-207d-4dc6-8520-8ac6404de5ab,completed,2026-06-19 19:53:28.160741+00:00,2026-06-19 19:53:28.294421+00:00
dfb4e945-4910-40b0-aa1a-b1d55158e140,completed,2026-06-19 19:53:27.975111+00:00,2026-06-19 19:53:28.097795+00:00
4d8cdedd-a7c4-4192-93c0-acded3193f96,completed,2026-06-19 19:53:27.993011+00:00,2026-06-19 19:53:28.118898+00:00
a91d5b40-3db2-4a5f-b7bb-d50d25c8de52,completed,2026-06-19 19:53:28.018945+00:00,2026-06-19 19:53:28.146937+00:00
6b1c3f18-9f88-4ab7-9b0f-a75fb75c3f15,completed,2026-06-19 19:53:28.269404+00:00,2026-06-19 19:53:28.416155+00:00
5d496976-0c82-4adb-b577-25c735331976,completed,2026-06-19 19:53:28.047777+00:00,2026-06-19 19:53:28.187672+00:00
9a2a6b95-5eb9-4cdc-b089-771887e6643e,completed,2026-06-19 19:53:28.070478+00:00,2026-06-19 19:53:28.188306+00:00
82a4a526-7028-48a3-a9f0-3f05d85bbd71,completed,2026-06-19 19:53:28.294189+00:00,2026-06-19 19:53:28.423045+00:00
427f51e3-0530-468b-aff1-c8f08c5fc063,completed,2026-06-19 19:53:28.092821+00:00,2026-06-19 19:53:28.217610+00:00
0cfc4c1c-5e58-4f92-bfb5-d2d437be0a73,completed,2026-06-19 19:53:28.168635+00:00,2026-06-19 19:53:28.301891+00:00
97256614-b608-4a08-9957-6bf8fc272c0d,completed,2026-06-19 19:53:28.519129+00:00,2026-06-19 19:53:28.654415+00:00
9c17c96a-3cfb-4e7a-abc3-71d90c983362,completed,2026-06-19 19:53:28.193097+00:00,2026-06-19 19:53:28.328246+00:00
b4b0f052-bf9d-4808-a46f-f4b92a7548fa,completed,2026-06-19 19:53:28.219137+00:00,2026-06-19 19:53:28.334995+00:00
19f377fc-5f7c-4ade-872f-152671d5fb5e,completed,2026-06-19 19:53:28.394969+00:00,2026-06-19 19:53:28.516364+00:00
a034369a-f1f5-4743-893a-58826c334493,completed,2026-06-19 19:53:28.463676+00:00,2026-06-19 19:53:28.583548+00:00
f1b36d5d-81c5-4dec-9df0-ef99c146746c,completed,2026-06-19 19:53:28.322258+00:00,2026-06-19 19:53:28.450182+00:00
29407499-aa33-460d-aa36-d3bf0591944b,completed,2026-06-19 19:53:28.343674+00:00,2026-06-19 19:53:28.461040+00:00
f1b3ffeb-d56f-49b8-90d9-7336601ac298,completed,2026-06-19 19:53:28.668756+00:00,2026-06-19 19:53:28.793616+00:00
31ff5f64-08a5-4390-82cf-018cd5f9ca7e,completed,2026-06-19 19:53:28.598404+00:00,2026-06-19 19:53:28.712591+00:00
8b59f9a3-8968-4fd6-aa49-3b13af6d48ec,completed,2026-06-19 19:53:28.441873+00:00,2026-06-19 19:53:28.580668+00:00
cb31125a-7c39-4399-b767-a6ca9ef7ae9b,completed,2026-06-19 19:53:28.468647+00:00,2026-06-19 19:53:28.595292+00:00
4e321332-0892-433a-a00b-c29bd41a4873,completed,2026-06-19 19:53:28.656096+00:00,2026-06-19 19:53:28.791809+00:00
7ee9acd8-0ef5-4c3c-b622-f50825b06466,completed,2026-06-19 19:53:28.497170+00:00,2026-06-19 19:53:28.633074+00:00
f4f84462-233c-4649-af83-4f53bc2113e9,completed,2026-06-19 19:53:28.548200+00:00,2026-06-19 19:53:28.670079+00:00
a299d6e7-624c-494d-a964-271ae4df71b9,completed,2026-06-19 19:53:28.572702+00:00,2026-06-19 19:53:28.687334+00:00
ede4e1d8-dc22-48f2-a26c-f46098a7ca02,completed,2026-06-19 19:53:29.201116+00:00,2026-06-19 19:53:29.321291+00:00
062488e4-1bc5-46d8-8a69-2a46d655c90d,completed,2026-06-19 19:53:28.899731+00:00,2026-06-19 19:53:29.044222+00:00
4c52dc9c-8789-40f2-805e-746f9c90109a,completed,2026-06-19 19:53:28.921030+00:00,2026-06-19 19:53:29.053068+00:00
a372e625-a6a0-49d0-aa9a-c57490ea3dd6,completed,2026-06-19 19:53:28.697980+00:00,2026-06-19 19:53:28.827883+00:00
1049f1e2-54a1-4672-b238-20645dc993fc,completed,2026-06-19 19:53:28.719665+00:00,2026-06-19 19:53:28.840419+00:00
f74059c0-33b1-41fc-95b2-266fb98e9d5c,completed,2026-06-19 19:53:29.308103+00:00,2026-06-19 19:53:29.424893+00:00
094090e8-5090-41f7-9cae-bf615d3e66de,completed,2026-06-19 19:53:28.745789+00:00,2026-06-19 19:53:28.877683+00:00
b9b31339-0055-4112-826e-fce7d03f3614,completed,2026-06-19 19:53:28.953608+00:00,2026-06-19 19:53:29.068907+00:00
d37a248a-e98a-416a-b917-4d5170c8add5,completed,2026-06-19 19:53:28.769760+00:00,2026-06-19 19:53:28.889031+00:00
f74399f6-eb84-401b-bfe1-c741d39cc372,completed,2026-06-19 19:53:28.793265+00:00,2026-06-19 19:53:28.907036+00:00
0624b35f-c796-43f2-8ce5-14cc79096ae0,completed,2026-06-19 19:53:28.822142+00:00,2026-06-19 19:53:28.952530+00:00
b8f2025b-6006-4c32-8e5d-8d8f1a398f45,completed,2026-06-19 19:53:29.056843+00:00,2026-06-19 19:53:29.201331+00:00
717a8336-4553-42d8-9080-f1c9e8d91e30,completed,2026-06-19 19:53:28.847644+00:00,2026-06-19 19:53:28.968838+00:00
63d3987b-8405-4f0d-8cda-fb4363385e9c,completed,2026-06-19 19:54:05.262866+00:00,2026-06-19 19:54:05.370012+00:00
6a50c4d4-3995-4499-99e7-baba9aed06e4,completed,2026-06-19 19:53:28.874371+00:00,2026-06-19 19:53:28.990116+00:00
79d42291-e9cf-41b9-8567-473d66ec9ba2,completed,2026-06-19 19:53:28.969477+00:00,2026-06-19 19:53:29.098012+00:00
5d57b3a3-b8ef-4e66-adb1-e1ed9a2910c1,completed,2026-06-19 19:53:29.145762+00:00,2026-06-19 19:53:29.275901+00:00
49c4b5df-d82d-4cc1-bf47-15521b7900bd,completed,2026-06-19 19:53:28.995043+00:00,2026-06-19 19:53:29.120166+00:00
51de62de-7afe-45ce-a3d9-8c5fb49a7068,completed,2026-06-19 19:53:29.018205+00:00,2026-06-19 19:53:29.146307+00:00
ac293d3b-c476-4054-9f38-72aa57f9db14,completed,2026-06-19 19:53:29.103153+00:00,2026-06-19 19:53:29.220120+00:00
26a33a13-bd5e-4eca-8a33-792048e81ffc,completed,2026-06-19 19:53:29.247553+00:00,2026-06-19 19:53:29.375821+00:00
70682f69-3450-4765-a2fb-90f7bc810fdd,completed,2026-06-19 19:53:29.089179+00:00,2026-06-19 19:53:29.221557+00:00
d6e28248-dfe5-4026-80e5-0048df8a47d8,completed,2026-06-19 19:53:29.120738+00:00,2026-06-19 19:53:29.246461+00:00
f818b0c8-529d-4131-b3ad-791bddc9d013,completed,2026-06-19 19:53:29.169190+00:00,2026-06-19 19:53:29.300319+00:00
04919fb6-a06f-4292-ad9b-881eaea8d405,completed,2026-06-19 19:53:29.450033+00:00,2026-06-19 19:53:29.573450+00:00
e2478471-7343-4215-aa68-7256e377fca7,completed,2026-06-19 19:53:29.219142+00:00,2026-06-19 19:53:29.331173+00:00
2e8fa66f-eae6-4284-89d7-1fc934c7a13e,completed,2026-06-19 19:53:29.435713+00:00,2026-06-19 19:53:29.586128+00:00
ec0a0fd6-af27-4b04-a2d4-0643ca117f40,completed,2026-06-19 19:53:29.274064+00:00,2026-06-19 19:53:29.399098+00:00
0c84f926-0027-4f48-b8e7-339b4643b6eb,completed,2026-06-19 19:53:29.330153+00:00,2026-06-19 19:53:29.448877+00:00
2ccd7b5c-110c-4807-8bd6-3299da9da60d,completed,2026-06-19 19:53:29.362944+00:00,2026-06-19 19:53:29.474582+00:00
e2306351-f5a3-4360-9e23-4088b8961b2e,completed,2026-06-19 19:53:29.442980+00:00,2026-06-19 19:53:29.565918+00:00
2963a009-0c36-4151-8cda-5d6e8e9892bd,completed,2026-06-19 19:53:29.822053+00:00,2026-06-19 19:53:29.957784+00:00
c4793fcb-0246-4bdf-ab91-899c49be71d4,completed,2026-06-19 19:53:29.894938+00:00,2026-06-19 19:53:30.052302+00:00
1a227e35-61d1-4179-81b9-a6a3fb1e69fb,completed,2026-06-19 19:53:29.497978+00:00,2026-06-19 19:53:29.619797+00:00
a98757a1-b206-42e9-a994-f3e98800a7ad,completed,2026-06-19 19:53:29.696688+00:00,2026-06-19 19:53:29.827576+00:00
61a9db42-984e-4a80-950d-1068647b1107,completed,2026-06-19 19:53:29.722703+00:00,2026-06-19 19:53:29.842988+00:00
77da1ccf-237f-4306-a2e8-94f529c6ced9,completed,2026-06-19 19:53:29.527129+00:00,2026-06-19 19:53:29.652677+00:00
a817f168-5ad8-45c4-9dcd-cd7d550f5482,completed,2026-06-19 19:53:29.944439+00:00,2026-06-19 19:53:30.067744+00:00
7568c199-11ef-40ab-8c23-e6da2759b49f,completed,2026-06-19 19:53:29.546349+00:00,2026-06-19 19:53:29.690454+00:00
6ee84986-38dd-45c3-96e3-cf16ddd75953,completed,2026-06-19 19:53:29.844283+00:00,2026-06-19 19:53:29.960596+00:00
afed03d0-9efc-4ebf-a128-535674c3fde3,completed,2026-06-19 19:53:29.646868+00:00,2026-06-19 19:53:29.768195+00:00
fbb99cda-3b80-420f-b577-406f95407f29,completed,2026-06-19 19:53:29.996841+00:00,2026-06-19 19:53:30.114778+00:00
505b6efe-f8f7-4686-9d6c-76427f60009f,completed,2026-06-19 19:53:29.632320+00:00,2026-06-19 19:53:29.774776+00:00
2029550d-d7f8-4ee9-aac3-301c841a2b71,completed,2026-06-19 19:53:29.639645+00:00,2026-06-19 19:53:29.776588+00:00
bb57692e-bf29-4be8-a887-23dbfe47f365,completed,2026-06-19 19:53:29.872585+00:00,2026-06-19 19:53:29.982988+00:00
163b3ddf-206d-4f09-8715-630900cf8bdf,completed,2026-06-19 19:53:29.646309+00:00,2026-06-19 19:53:29.793851+00:00
ff3bd005-3027-4757-bb72-e198c250db9e,completed,2026-06-19 19:53:29.674269+00:00,2026-06-19 19:53:29.796210+00:00
72393148-1944-4116-b4a5-536c4558af3f,completed,2026-06-19 19:53:29.746712+00:00,2026-06-19 19:53:29.890143+00:00
abb90e55-ec9c-4825-abe7-0668ca689e77,completed,2026-06-19 19:53:29.770795+00:00,2026-06-19 19:53:29.903262+00:00
fa89e04d-84a7-474d-a1cc-1a795e8d2bee,completed,2026-06-19 19:53:30.175709+00:00,2026-06-19 19:53:30.316405+00:00
ae63272c-909d-43e3-86da-b6a5b0f08c1e,completed,2026-06-19 19:53:29.797008+00:00,2026-06-19 19:53:29.926790+00:00
fd41437c-c430-4a4e-9bc6-9e0ddc1df03e,completed,2026-06-19 19:53:30.193650+00:00,2026-06-19 19:53:30.311981+00:00
df3f82bd-9b8e-4002-a030-b9cd70a318a3,completed,2026-06-19 19:53:30.043082+00:00,2026-06-19 19:53:30.168675+00:00
e3056295-26dd-4b20-b256-94826a668eff,completed,2026-06-19 19:53:29.918373+00:00,2026-06-19 19:53:30.026143+00:00
2c1f5890-c847-4e6b-aac5-4abd68770f15,completed,2026-06-19 19:53:30.219325+00:00,2026-06-19 19:53:30.349606+00:00
136ef0a5-26c2-42b7-9293-3e39b7e743cc,completed,2026-06-19 19:53:29.970866+00:00,2026-06-19 19:53:30.096389+00:00
5156e0c7-e044-4185-bdd6-6d41fd866ed6,completed,2026-06-19 19:53:30.242484+00:00,2026-06-19 19:53:30.370620+00:00
241515d0-27ad-4e14-bea8-ee439983b7de,completed,2026-06-19 19:53:30.017544+00:00,2026-06-19 19:53:30.133793+00:00
92c210e1-e2bf-4dcd-9e9b-481054a2f910,completed,2026-06-19 19:53:30.070305+00:00,2026-06-19 19:53:30.190516+00:00
76770585-ed1b-4155-8d7b-82fdf6c32ab9,completed,2026-06-19 19:53:30.093470+00:00,2026-06-19 19:53:30.198808+00:00
4a9c8005-a827-497f-944b-30f80d007fd2,completed,2026-06-19 19:53:30.118184+00:00,2026-06-19 19:53:30.238034+00:00
6f9686f0-ff6e-44d0-949f-87f197bf9cee,completed,2026-06-19 19:53:30.144988+00:00,2026-06-19 19:53:30.279589+00:00
4a0dece8-f78a-4a66-b942-3b9c4840478f,completed,2026-06-19 19:53:30.743685+00:00,2026-06-19 19:53:30.875622+00:00
c00c9dc1-fb48-4a1c-b75f-092ad4a606ab,completed,2026-06-19 19:53:30.468805+00:00,2026-06-19 19:53:30.584699+00:00
13ec1b13-04d9-4928-bc08-f75b8d8c6dbf,completed,2026-06-19 19:53:30.971482+00:00,2026-06-19 19:53:31.093177+00:00
433b1226-2593-41b8-ae1e-33fc3ccdfa2b,completed,2026-06-19 19:53:30.270143+00:00,2026-06-19 19:53:30.387738+00:00
9afd8656-ee14-48dc-90e2-7d676090ab5c,completed,2026-06-19 19:53:30.501079+00:00,2026-06-19 19:53:30.619595+00:00
14a09b5b-7f0a-4f94-bd7d-50f175f363cb,completed,2026-06-19 19:53:30.293022+00:00,2026-06-19 19:53:30.413634+00:00
a70e4032-b05d-45e3-a7f6-8fc402976acf,completed,2026-06-19 19:53:30.718219+00:00,2026-06-19 19:53:30.836617+00:00
63facec2-52e5-4255-bfc0-af719abb3fc9,completed,2026-06-19 19:53:30.316457+00:00,2026-06-19 19:53:30.434893+00:00
357b3b39-9c96-4c42-9392-b4c01e511421,completed,2026-06-19 19:53:30.344732+00:00,2026-06-19 19:53:30.475591+00:00
74daddf5-d303-448b-85b0-dc29c9aa5ef3,completed,2026-06-19 19:53:30.369405+00:00,2026-06-19 19:53:30.478033+00:00
05aeb66f-53af-457d-8bd0-9040cef3e0d1,completed,2026-06-19 19:53:30.393656+00:00,2026-06-19 19:53:30.498021+00:00
ff56dc34-1b6c-4187-a134-57fd80c7a366,completed,2026-06-19 19:53:30.944165+00:00,2026-06-19 19:53:31.057341+00:00
f8cf9b7b-d264-45ce-b905-c494224b431a,completed,2026-06-19 19:53:30.650652+00:00,2026-06-19 19:53:30.759367+00:00
e81413fd-f7a1-48f0-9317-ece495ae5ff8,completed,2026-06-19 19:53:30.418313+00:00,2026-06-19 19:53:30.544604+00:00
3f26a81e-8545-4b8a-bc7b-fbf0847a81d2,completed,2026-06-19 19:53:30.617619+00:00,2026-06-19 19:53:30.766917+00:00
ae661baa-f33e-4e85-b469-863366e80efb,completed,2026-06-19 19:53:30.442482+00:00,2026-06-19 19:53:30.564167+00:00
004733e7-7685-44ce-aae8-60487c9eb552,completed,2026-06-19 19:53:30.517982+00:00,2026-06-19 19:53:30.661875+00:00
39f1437e-5ea3-41a4-8f91-de21710b290b,completed,2026-06-19 19:53:30.544558+00:00,2026-06-19 19:53:30.671539+00:00
5a8cb39d-2b1b-4543-84b9-a4e6bb21da57,completed,2026-06-19 19:53:30.992882+00:00,2026-06-19 19:53:31.118217+00:00
29622370-5d68-40cd-91bc-6b0399a08db8,completed,2026-06-19 19:53:30.569324+00:00,2026-06-19 19:53:30.682554+00:00
a12e7146-ceaa-4981-8fb7-7287a4aea3ea,completed,2026-06-19 19:53:30.596543+00:00,2026-06-19 19:53:30.721349+00:00
4a259bb7-60d3-42da-9a7c-1e3f2f412771,completed,2026-06-19 19:53:30.796234+00:00,2026-06-19 19:53:30.922552+00:00
52f1248a-b24b-4101-9707-77c019fa47b1,completed,2026-06-19 19:53:30.671002+00:00,2026-06-19 19:53:30.793776+00:00
b60bd8d2-802f-486c-8073-ee45b710f57b,completed,2026-06-19 19:53:30.842726+00:00,2026-06-19 19:53:30.964774+00:00
a8ea0285-3ca6-4236-93be-a795f1191ddc,completed,2026-06-19 19:53:30.693582+00:00,2026-06-19 19:53:30.818555+00:00
3a75d756-d127-4884-9630-b724ef5c6cde,completed,2026-06-19 19:53:31.018481+00:00,2026-06-19 19:53:31.155249+00:00
4f0599bc-2442-436d-8517-75b7000ed0bd,completed,2026-06-19 19:53:30.768610+00:00,2026-06-19 19:53:30.875098+00:00
632771ea-4bc7-49c1-82f9-464a0fec8730,completed,2026-06-19 19:53:30.918779+00:00,2026-06-19 19:53:31.054818+00:00
92e0dcf8-089e-42e2-82f1-5dc5a3067336,completed,2026-06-19 19:53:30.819096+00:00,2026-06-19 19:53:30.939046+00:00
07cf1984-5a9f-455a-82b0-dd1b033b4ac2,completed,2026-06-19 19:53:30.869655+00:00,2026-06-19 19:53:30.982357+00:00
96bc0c3c-6e25-43ec-ab93-47413c10245b,completed,2026-06-19 19:53:30.894539+00:00,2026-06-19 19:53:31.029787+00:00
995a1d55-e1bb-4c6d-b029-abf05baff7d8,completed,2026-06-19 19:53:31.520834+00:00,2026-06-19 19:53:31.646956+00:00
fd66e6d7-6187-4071-a8b7-c2743e16cc6c,completed,2026-06-19 19:53:31.243933+00:00,2026-06-19 19:53:31.370697+00:00
bd51b37a-1952-4186-b284-7e42c8ddbdab,completed,2026-06-19 19:53:31.396039+00:00,2026-06-19 19:53:31.509822+00:00
ae7ec956-ef72-48ca-b869-6d4739204a06,completed,2026-06-19 19:53:31.271520+00:00,2026-06-19 19:53:31.398225+00:00
580a7486-31ab-4239-b1fe-7a1d832886dd,completed,2026-06-19 19:53:31.044203+00:00,2026-06-19 19:53:31.174430+00:00
53725657-d9e7-47c7-a3e9-aff6769134f8,completed,2026-06-19 19:53:31.068962+00:00,2026-06-19 19:53:31.184991+00:00
f6cec24a-d0ad-4dd0-b4c1-668d2c4827e1,completed,2026-06-19 19:53:31.772646+00:00,2026-06-19 19:53:31.888865+00:00
52338834-1729-4971-9ba2-82be17149a2f,completed,2026-06-19 19:53:31.093287+00:00,2026-06-19 19:53:31.208725+00:00
1c1ca88a-d8cf-4d77-a55a-e826fb9a1051,completed,2026-06-19 19:53:31.294514+00:00,2026-06-19 19:53:31.416743+00:00
74097b55-8e2c-4dca-9f74-d37845855a84,completed,2026-06-19 19:53:31.117563+00:00,2026-06-19 19:53:31.250892+00:00
f3c0f3be-21b3-4265-9d93-d3ea434172ee,completed,2026-06-19 19:53:31.142794+00:00,2026-06-19 19:53:31.273658+00:00
13c69c13-e4a7-472c-ab9f-93902c00fc2c,completed,2026-06-19 19:53:31.717856+00:00,2026-06-19 19:53:31.832833+00:00
b7c76a99-6d16-4eb9-8010-72a47e790f4f,completed,2026-06-19 19:53:31.168817+00:00,2026-06-19 19:53:31.287032+00:00
6b9048ed-b65e-47fd-83fa-4977b2bcfc65,completed,2026-06-19 19:53:31.421533+00:00,2026-06-19 19:53:31.533226+00:00
17ee31f0-3f97-4d72-b92a-043dc59d54c0,completed,2026-06-19 19:53:31.193968+00:00,2026-06-19 19:53:31.312817+00:00
b1b1ccaf-18f6-4dbb-b518-ab285898b46d,completed,2026-06-19 19:53:31.218462+00:00,2026-06-19 19:53:31.339267+00:00
429aaed9-03ef-426c-8601-e726c71523e8,completed,2026-06-19 19:53:31.494689+00:00,2026-06-19 19:53:31.613138+00:00
3d1fe4d9-47e2-4fb1-b676-8e23387202b8,completed,2026-06-19 19:53:31.318828+00:00,2026-06-19 19:53:31.444378+00:00
88a0a8bf-6bf8-42e0-9af4-cf88107f40de,completed,2026-06-19 19:53:31.343316+00:00,2026-06-19 19:53:31.456580+00:00
5fb65e90-7778-468f-9ef1-67799144c6ee,completed,2026-06-19 19:53:31.542231+00:00,2026-06-19 19:53:31.666838+00:00
21929c5d-3ec0-4bd0-9348-b0f7064cc412,completed,2026-06-19 19:53:31.368603+00:00,2026-06-19 19:53:31.490052+00:00
c5064878-987e-41db-9224-855c642708f5,completed,2026-06-19 19:53:31.567804+00:00,2026-06-19 19:53:31.699256+00:00
c6c1cf11-da46-462d-ab58-be9c4cdbd96c,completed,2026-06-19 19:53:31.743737+00:00,2026-06-19 19:53:31.866141+00:00
9c2a3502-510f-423c-8847-031149620b4b,completed,2026-06-19 19:53:31.443160+00:00,2026-06-19 19:53:31.573182+00:00
14e9619b-7a2d-4022-a92b-be42bfb43182,completed,2026-06-19 19:53:31.468280+00:00,2026-06-19 19:53:31.596635+00:00
51077472-39d0-4fd2-9d2b-3d764107be56,completed,2026-06-19 19:53:31.643442+00:00,2026-06-19 19:53:31.761084+00:00
ed53719e-8559-4c70-b656-7ac73009ce32,completed,2026-06-19 19:53:31.796371+00:00,2026-06-19 19:53:31.919804+00:00
8b11d991-f474-4225-b4b5-42e2c436de33,completed,2026-06-19 19:53:31.594200+00:00,2026-06-19 19:53:31.723775+00:00
58448b67-d169-4dc3-823e-ad7160bd3ea7,completed,2026-06-19 19:53:31.633562+00:00,2026-06-19 19:53:31.752696+00:00
0b7b49bd-482d-4a9a-bf13-d76a113d3109,completed,2026-06-19 19:53:31.672497+00:00,2026-06-19 19:53:31.793748+00:00
dacdb941-e9a9-46d1-a65f-7e9f182003d7,completed,2026-06-19 19:53:31.693126+00:00,2026-06-19 19:53:31.806095+00:00
ebf1075a-f00d-49cf-96ef-2c42848813b2,completed,2026-06-19 19:53:32.317610+00:00,2026-06-19 19:53:32.436892+00:00
7088b6d8-362d-44d4-9b26-52a017f565da,completed,2026-06-19 19:53:32.018698+00:00,2026-06-19 19:53:32.132829+00:00
6cbb7b84-982e-4f2e-b1aa-6ec0bd39081a,completed,2026-06-19 19:53:32.042906+00:00,2026-06-19 19:53:32.156550+00:00
ef0d6313-5945-4c4a-a31c-4ff710dc3dbb,completed,2026-06-19 19:53:31.818850+00:00,2026-06-19 19:53:31.964577+00:00
67e398ce-1dad-4c86-ad02-d1114d91c747,completed,2026-06-19 19:53:32.392615+00:00,2026-06-19 19:53:32.514151+00:00
30be7204-c5df-468b-9a0c-9023ede34c5c,completed,2026-06-19 19:53:31.845659+00:00,2026-06-19 19:53:31.976642+00:00
2a68a68e-8f32-40cf-86a7-27b3ef6b0f0e,completed,2026-06-19 19:53:31.868888+00:00,2026-06-19 19:53:32.002224+00:00
21e70b57-b670-4aca-882e-80dd1c971e05,completed,2026-06-19 19:53:31.894217+00:00,2026-06-19 19:53:32.016534+00:00
fc41dbc3-6576-4793-9e15-e6ce1a66c91e,completed,2026-06-19 19:53:31.920092+00:00,2026-06-19 19:53:32.033073+00:00
41aaea3c-a668-4fe2-b5ed-f4650461b46b,completed,2026-06-19 19:53:32.168424+00:00,2026-06-19 19:53:32.300044+00:00
391cb419-8c27-4f87-8c79-f15b24ebca4c,completed,2026-06-19 19:53:31.942706+00:00,2026-06-19 19:53:32.069687+00:00
ef87b4a2-d5c6-43f0-bd1d-eae3f2ecc343,completed,2026-06-19 19:53:31.967747+00:00,2026-06-19 19:53:32.090029+00:00
ec1ca661-c209-4e51-9cba-3315df9db80c,completed,2026-06-19 19:53:32.519409+00:00,2026-06-19 19:53:32.635263+00:00
d061e223-e89c-4a3a-affb-85d704997077,completed,2026-06-19 19:53:31.994072+00:00,2026-06-19 19:53:32.113123+00:00
af38518d-abdb-460a-8d41-e95e71e3c53e,completed,2026-06-19 19:53:32.268376+00:00,2026-06-19 19:53:32.387143+00:00
9c8adf13-adfc-4099-aec5-f747dbde7989,completed,2026-06-19 19:53:32.068245+00:00,2026-06-19 19:53:32.217289+00:00
34f66e0d-688b-411d-828a-fa4b4c97e8ba,completed,2026-06-19 19:53:32.095666+00:00,2026-06-19 19:53:32.224103+00:00
62c0fb8d-a351-464b-a552-215522dc0b73,completed,2026-06-19 19:53:32.118770+00:00,2026-06-19 19:53:32.237944+00:00
3d408b3e-173f-4ef9-9d48-4ef0920d2b72,completed,2026-06-19 19:53:32.542933+00:00,2026-06-19 19:53:32.653296+00:00
67025cb4-6850-4833-86a8-7f215d44e786,completed,2026-06-19 19:53:32.143407+00:00,2026-06-19 19:53:32.265695+00:00
a0217666-a237-43fa-af5b-f26c9940fc29,completed,2026-06-19 19:53:32.193290+00:00,2026-06-19 19:53:32.322352+00:00
01cad01f-3bbf-4ee4-bdfe-fcfcaccf0866,completed,2026-06-19 19:53:32.218301+00:00,2026-06-19 19:53:32.335984+00:00
0b99abe9-c09f-4d01-a9aa-a784c48e37ae,completed,2026-06-19 19:53:32.242602+00:00,2026-06-19 19:53:32.364601+00:00
17d81403-9755-4433-a1a6-fe37dcad58e4,completed,2026-06-19 19:53:32.293677+00:00,2026-06-19 19:53:32.419165+00:00
71213d09-d986-4018-a085-b031c1d8925d,completed,2026-06-19 19:53:32.571931+00:00,2026-06-19 19:53:32.708258+00:00
a7209e88-d3b6-44a9-83e8-c12f40730dc5,completed,2026-06-19 19:53:32.343379+00:00,2026-06-19 19:53:32.459222+00:00
18a37da4-d6c2-4ff1-a8dc-aecbf3af07e2,completed,2026-06-19 19:54:06.358164+00:00,2026-06-19 19:54:06.478901+00:00
ddc669d6-9ce6-46be-a035-b57d266ad060,completed,2026-06-19 19:53:32.367786+00:00,2026-06-19 19:53:32.497932+00:00
225303db-36cb-41d2-9cfd-e14878eeda9a,completed,2026-06-19 19:53:32.417671+00:00,2026-06-19 19:53:32.543121+00:00
effd002d-c102-46c2-aef4-44b42dd14bdf,completed,2026-06-19 19:53:32.447708+00:00,2026-06-19 19:53:32.568677+00:00
8d359bbf-8238-4247-86b0-b22a3a524308,completed,2026-06-19 19:53:32.470629+00:00,2026-06-19 19:53:32.614517+00:00
b569c4e8-4ba2-4994-b62c-206c94e7cb58,completed,2026-06-19 19:53:33.354324+00:00,2026-06-19 19:53:33.464449+00:00
bc20910f-7e55-4012-a03c-b3898a89fa12,completed,2026-06-19 19:53:32.794279+00:00,2026-06-19 19:53:32.913200+00:00
d8672485-ba3f-4252-9404-b0ed98fd1771,completed,2026-06-19 19:53:32.943875+00:00,2026-06-19 19:53:33.060086+00:00
09f15b9a-5685-44b9-bf64-222566f406fc,completed,2026-06-19 19:53:32.818587+00:00,2026-06-19 19:53:32.940085+00:00
6f3401b9-f296-426a-95ee-3c3f1d81ead0,completed,2026-06-19 19:53:32.594283+00:00,2026-06-19 19:53:32.719268+00:00
6c542af6-999f-4353-920c-e856ac02990f,completed,2026-06-19 19:53:32.618309+00:00,2026-06-19 19:53:32.747346+00:00
58865199-23bb-4beb-b731-7291354a2ddb,completed,2026-06-19 19:53:33.294170+00:00,2026-06-19 19:53:33.409960+00:00
1edf1de2-1591-45a1-bbff-e8b547bc4954,completed,2026-06-19 19:53:32.642574+00:00,2026-06-19 19:53:32.760495+00:00
30c22749-22ca-402f-bd5a-284dd405bcfc,completed,2026-06-19 19:53:32.669074+00:00,2026-06-19 19:53:32.777163+00:00
bc07735d-1c38-42e6-87ca-86b25a407d15,completed,2026-06-19 19:53:33.093602+00:00,2026-06-19 19:53:33.217314+00:00
95715c14-95e9-4e55-b890-411f44fe931a,completed,2026-06-19 19:53:32.693815+00:00,2026-06-19 19:53:32.829289+00:00
de3e481f-43a9-4e2f-aa52-9a9d806e16aa,completed,2026-06-19 19:53:32.974490+00:00,2026-06-19 19:53:33.092013+00:00
d532e88f-1e9a-412e-9b1a-b4d3c6ff251a,completed,2026-06-19 19:53:32.718410+00:00,2026-06-19 19:53:32.859094+00:00
b4eea456-f06b-414f-ae75-6dca4104ecb7,completed,2026-06-19 19:53:32.750324+00:00,2026-06-19 19:53:32.870308+00:00
e13846b2-fe06-43f8-9374-044e26ab69c7,completed,2026-06-19 19:53:32.768929+00:00,2026-06-19 19:53:32.888009+00:00
77a60d6f-c9c4-4279-8feb-6ceccd911068,completed,2026-06-19 19:53:33.042509+00:00,2026-06-19 19:53:33.166520+00:00
ce77c9b9-4218-436c-bd3a-1c1dde463f50,completed,2026-06-19 19:53:32.844790+00:00,2026-06-19 19:53:32.993438+00:00
880756a4-4ee8-47d9-87c1-3de6282a5c55,completed,2026-06-19 19:53:32.869848+00:00,2026-06-19 19:53:33.002453+00:00
34d7a182-b1a5-41d7-8e5f-4aa3f6dba944,completed,2026-06-19 19:53:32.892803+00:00,2026-06-19 19:53:33.010140+00:00
507b4208-f40f-4410-84da-dadfb45038bc,completed,2026-06-19 19:53:32.919260+00:00,2026-06-19 19:53:33.040206+00:00
099f349a-b58d-4cbe-bcb9-98e7a87834bf,completed,2026-06-19 19:53:33.268941+00:00,2026-06-19 19:53:33.403698+00:00
e0bb6d40-1355-49c9-a263-221166cb9961,completed,2026-06-19 19:53:32.993728+00:00,2026-06-19 19:53:33.107285+00:00
a7e0f991-804c-4fd7-9186-734e2d2a48c6,completed,2026-06-19 19:53:33.143251+00:00,2026-06-19 19:53:33.257704+00:00
73665c87-13d2-4f73-97e5-6805d79369ed,completed,2026-06-19 19:53:33.022680+00:00,2026-06-19 19:53:33.147132+00:00
7d31212b-874f-458c-b16b-651fdfd119dc,completed,2026-06-19 19:53:33.319353+00:00,2026-06-19 19:53:33.444270+00:00
170192cf-da02-43ce-a0bb-7f4ca1b26fd0,completed,2026-06-19 19:53:33.067859+00:00,2026-06-19 19:53:33.186043+00:00
fb25c68d-29a8-41ee-b6f4-69398f0807cc,completed,2026-06-19 19:53:33.243716+00:00,2026-06-19 19:53:33.365221+00:00
f03a9119-b9ec-4a8c-9424-f401ec991aba,completed,2026-06-19 19:53:33.118427+00:00,2026-06-19 19:53:33.236572+00:00
b5df6242-975b-4cf9-8863-3030c0f33042,completed,2026-06-19 19:53:33.167978+00:00,2026-06-19 19:53:33.294988+00:00
689e3489-969c-47c2-9485-15c4716e0e3b,completed,2026-06-19 19:53:33.193655+00:00,2026-06-19 19:53:33.312789+00:00
3338b3cd-f92e-4a9f-bdd3-ed416023a956,completed,2026-06-19 19:53:33.221031+00:00,2026-06-19 19:53:33.362280+00:00
4d39a0f4-2255-4b93-8282-874f45a697c6,completed,2026-06-19 19:53:33.868390+00:00,2026-06-19 19:53:33.985573+00:00
fc08af30-66fa-4ba2-b600-158fc754c00e,completed,2026-06-19 19:53:33.568897+00:00,2026-06-19 19:53:33.686924+00:00
9fbb70d4-dabd-40ae-bbaa-c6a966367de5,completed,2026-06-19 19:53:33.543040+00:00,2026-06-19 19:53:33.691970+00:00
4fbe3449-a73c-4ecc-a7e9-f64d0c0e63cc,completed,2026-06-19 19:53:33.718968+00:00,2026-06-19 19:53:33.835294+00:00
a4b14eb8-91ee-4151-b988-82f58212797d,completed,2026-06-19 19:53:33.370085+00:00,2026-06-19 19:53:33.475737+00:00
4425f4d1-d414-4852-913a-2f9ee5fe5f4d,completed,2026-06-19 19:53:33.594436+00:00,2026-06-19 19:53:33.716755+00:00
39b13da5-521f-40ed-9bce-76b1b7be3e3f,completed,2026-06-19 19:53:33.394538+00:00,2026-06-19 19:53:33.510754+00:00
5afa2366-9b45-4e68-b1bf-c9e3aba75cd9,completed,2026-06-19 19:53:33.418592+00:00,2026-06-19 19:53:33.543151+00:00
4fd07da3-6d90-404f-9566-c89a2c6c6036,completed,2026-06-19 19:53:33.442841+00:00,2026-06-19 19:53:33.552543+00:00
c2436acd-0c79-4526-9160-856040cb741a,completed,2026-06-19 19:53:33.468222+00:00,2026-06-19 19:53:33.581114+00:00
95fe1286-b4ca-4b9a-8d83-aad0e8ab2ba4,completed,2026-06-19 19:53:33.742787+00:00,2026-06-19 19:53:33.860501+00:00
512bab8d-72b3-4443-90f8-ae6c61c8bbef,completed,2026-06-19 19:53:33.494193+00:00,2026-06-19 19:53:33.612246+00:00
c51234fc-5c3c-4bc8-a080-a7401adc5132,completed,2026-06-19 19:53:34.092372+00:00,2026-06-19 19:53:34.220370+00:00
d7cd0045-ab6b-4950-816c-72513ccdf5a4,completed,2026-06-19 19:53:33.517825+00:00,2026-06-19 19:53:33.653050+00:00
d3532dfa-d40e-469e-961c-ef7795570d4e,completed,2026-06-19 19:53:33.619323+00:00,2026-06-19 19:53:33.741065+00:00
88c1a8fc-c71e-4c0c-962c-e4a0a6e8a599,completed,2026-06-19 19:53:33.642942+00:00,2026-06-19 19:53:33.768995+00:00
e3257a6e-912a-4d62-a6e8-a77c8a13de66,completed,2026-06-19 19:53:34.021670+00:00,2026-06-19 19:53:34.191205+00:00
0e204400-9524-43d0-b5f8-6316ff0d8232,completed,2026-06-19 19:53:33.668590+00:00,2026-06-19 19:53:33.789751+00:00
c428b42c-e9c1-4b7f-8d4d-f1adb338b5dc,completed,2026-06-19 19:53:33.819683+00:00,2026-06-19 19:53:33.946965+00:00
33a94eb4-71a2-4937-a0f2-fbd6bb9df139,completed,2026-06-19 19:53:33.695654+00:00,2026-06-19 19:53:33.809044+00:00
97c250f8-aca7-43b4-b08f-a9ae340f5d33,completed,2026-06-19 19:53:33.767987+00:00,2026-06-19 19:53:33.886884+00:00
7d353140-53d9-49c2-a462-8724db4fa4b8,completed,2026-06-19 19:53:33.793984+00:00,2026-06-19 19:53:33.905184+00:00
8c7e2aed-c411-4124-a55e-72fe6c88fca4,completed,2026-06-19 19:53:33.845270+00:00,2026-06-19 19:53:33.956663+00:00
fff955a4-72f7-4ea0-9dec-94ce35f56a9e,completed,2026-06-19 19:53:34.117790+00:00,2026-06-19 19:53:34.255939+00:00
aa136b58-6397-4aa4-9d9d-808be9619634,completed,2026-06-19 19:53:33.918966+00:00,2026-06-19 19:53:34.117843+00:00
cebe3901-73e3-4302-a11e-e40f65d6188e,completed,2026-06-19 19:53:33.892779+00:00,2026-06-19 19:53:34.010458+00:00
82d1ecb1-df47-4eec-a3ad-bb9dd3f04ca4,completed,2026-06-19 19:53:34.069997+00:00,2026-06-19 19:53:34.188323+00:00
eda130a8-7386-41a4-8b1c-399f093d0554,completed,2026-06-19 19:53:33.943111+00:00,2026-06-19 19:53:34.045979+00:00
a58035eb-0650-4b23-928e-69058131b834,completed,2026-06-19 19:53:33.968469+00:00,2026-06-19 19:53:34.084711+00:00
35f5ad7b-8b90-4864-827c-e2e19736c26c,completed,2026-06-19 19:53:33.993448+00:00,2026-06-19 19:53:34.110099+00:00
3e3b799c-559a-4227-919e-2feb4f925ae8,completed,2026-06-19 19:53:34.042714+00:00,2026-06-19 19:53:34.184687+00:00
f520efe2-bc6c-4a17-bfc7-f1f9d733bf8a,completed,2026-06-19 19:53:34.643120+00:00,2026-06-19 19:53:34.761276+00:00
5a582550-802e-4ccb-9d88-a3c71630aa30,completed,2026-06-19 19:53:34.343109+00:00,2026-06-19 19:53:34.480809+00:00
6532f0e4-125d-41b0-873b-189412415495,completed,2026-06-19 19:53:34.143516+00:00,2026-06-19 19:53:34.257177+00:00
888dc9d8-4002-4f44-af0a-725c0faf1254,completed,2026-06-19 19:53:34.568680+00:00,2026-06-19 19:53:34.714689+00:00
186dfdeb-5bcd-4dfe-bdc3-433d92649cbb,completed,2026-06-19 19:53:34.369313+00:00,2026-06-19 19:53:34.503211+00:00
69f184f1-bc1e-46cd-96ea-3a613e16a973,completed,2026-06-19 19:53:34.192414+00:00,2026-06-19 19:53:34.299831+00:00
c42d36b1-0092-4475-963c-88555c9e4b75,completed,2026-06-19 19:53:34.168708+00:00,2026-06-19 19:53:34.307264+00:00
6cc50097-ce54-4f24-9e21-53d0451bd18a,completed,2026-06-19 19:53:34.393187+00:00,2026-06-19 19:53:34.504167+00:00
193b6e4b-ae03-410b-ba18-74dcb61422c4,completed,2026-06-19 19:53:34.220439+00:00,2026-06-19 19:53:34.329907+00:00
ad76ab93-dc71-4f89-a7df-74391b562fbb,completed,2026-06-19 19:53:34.243438+00:00,2026-06-19 19:53:34.361158+00:00
450fb35c-030f-401c-ae8a-3cfdb5c276f4,completed,2026-06-19 19:53:34.519218+00:00,2026-06-19 19:53:34.640168+00:00
386afbf2-e53d-4299-b216-33e75b5f90c6,completed,2026-06-19 19:53:34.494720+00:00,2026-06-19 19:53:34.640755+00:00
753f8aa5-10d5-4307-bdab-87f4f252a292,completed,2026-06-19 19:53:34.278769+00:00,2026-06-19 19:53:34.400311+00:00
85c5ca0b-69c9-44c1-b2ff-04d5997b44a5,completed,2026-06-19 19:53:34.293220+00:00,2026-06-19 19:53:34.409056+00:00
4e7dce4d-0568-4449-8a92-a95326be8f0a,completed,2026-06-19 19:53:34.318918+00:00,2026-06-19 19:53:34.438885+00:00
fd83d273-9e08-4b41-8b5f-89f1fdef34bb,completed,2026-06-19 19:53:34.594246+00:00,2026-06-19 19:53:34.716692+00:00
64e81058-4cb9-4b44-825b-2c24f6244fa2,completed,2026-06-19 19:53:34.417574+00:00,2026-06-19 19:53:34.549602+00:00
59cb93f0-8682-4a11-8210-9b03295d3f35,completed,2026-06-19 19:53:34.442755+00:00,2026-06-19 19:53:34.569005+00:00
ccdd00ac-4654-47a2-b2ae-9c5278ee2213,completed,2026-06-19 19:53:34.818116+00:00,2026-06-19 19:53:34.935478+00:00
c11f3029-25d1-4b86-9d52-cd38a84c719a,completed,2026-06-19 19:53:34.468299+00:00,2026-06-19 19:53:34.592900+00:00
5b9b534f-fa00-47b2-86bd-67e120abb2ab,completed,2026-06-19 19:53:34.843616+00:00,2026-06-19 19:53:34.964710+00:00
fc790634-8012-473f-889c-ff7011cd317a,completed,2026-06-19 19:53:34.543938+00:00,2026-06-19 19:53:34.661140+00:00
27f22688-1c48-4e25-be11-bf6909812656,completed,2026-06-19 19:53:34.693685+00:00,2026-06-19 19:53:34.810197+00:00
d305e335-9fb5-4970-abbd-39b466580f95,completed,2026-06-19 19:53:34.878599+00:00,2026-06-19 19:53:35.013265+00:00
810110b4-7b5f-4bf3-bf5e-daa40e762b92,completed,2026-06-19 19:53:34.893103+00:00,2026-06-19 19:53:35.025844+00:00
bdea412e-4d3f-4113-bc03-8196b439ba17,completed,2026-06-19 19:53:34.618708+00:00,2026-06-19 19:53:34.735547+00:00
3e85023a-b433-4a75-91d9-1c314e0f92f3,completed,2026-06-19 19:53:34.668694+00:00,2026-06-19 19:53:34.790694+00:00
3f9e34f8-0f01-43f9-a804-ebcf834402a8,completed,2026-06-19 19:53:34.719137+00:00,2026-06-19 19:53:34.829886+00:00
62122b6d-982e-4503-8612-c5c920090695,completed,2026-06-19 19:53:34.743837+00:00,2026-06-19 19:53:34.864812+00:00
9fd19002-61c1-4c25-a619-7333c34549b8,completed,2026-06-19 19:54:06.421454+00:00,2026-06-19 19:54:06.554070+00:00
5d886eff-963d-4b37-ac7b-637afbdfca02,completed,2026-06-19 19:53:34.768623+00:00,2026-06-19 19:53:34.916310+00:00
37a40a53-d560-4c78-b9b0-9ab384aee164,completed,2026-06-19 19:53:35.244848+00:00,2026-06-19 19:53:35.376148+00:00
b712a1ba-3e16-4d0d-b567-29c2ad9af58b,completed,2026-06-19 19:53:35.342856+00:00,2026-06-19 19:53:35.476455+00:00
e3738510-6e49-4137-9654-63e2604e5805,completed,2026-06-19 19:53:35.143730+00:00,2026-06-19 19:53:35.264877+00:00
c48e2fbb-7a3f-43fb-83b9-6ea6d3bb62c1,completed,2026-06-19 19:53:34.942202+00:00,2026-06-19 19:53:35.050975+00:00
f12b434c-b627-4944-b142-f4cf9892ca69,completed,2026-06-19 19:53:34.917773+00:00,2026-06-19 19:53:35.051597+00:00
e7adc9d4-adea-4301-a0ec-47204bab8aa9,completed,2026-06-19 19:53:35.368728+00:00,2026-06-19 19:53:35.492360+00:00
a0f1514d-986a-46d9-b182-c3c7a7b7269c,completed,2026-06-19 19:53:35.118810+00:00,2026-06-19 19:53:35.280598+00:00
e84bc593-a0dd-405d-9afc-b12e875dc02b,completed,2026-06-19 19:53:34.969392+00:00,2026-06-19 19:53:35.088721+00:00
eb259a4c-8679-4ddf-b5f0-2279a528c1a1,completed,2026-06-19 19:53:34.994246+00:00,2026-06-19 19:53:35.110559+00:00
8f5d912b-0a4d-496f-987c-da54a0779478,completed,2026-06-19 19:53:35.268600+00:00,2026-06-19 19:53:35.388528+00:00
30022822-3365-4c1c-b6e5-fad209f82045,completed,2026-06-19 19:53:35.019112+00:00,2026-06-19 19:53:35.151345+00:00
80b3e081-fba4-49cb-95c4-d2fbe7e937cd,completed,2026-06-19 19:53:35.047113+00:00,2026-06-19 19:53:35.163578+00:00
8db1c36f-f1ce-4a5c-b874-77f92b7416d0,completed,2026-06-19 19:53:35.417590+00:00,2026-06-19 19:53:35.535252+00:00
eab14c4d-6c92-40be-bde8-f1d468cdf551,completed,2026-06-19 19:53:35.069285+00:00,2026-06-19 19:53:35.188049+00:00
283bc742-5111-4efb-8399-24b7c2c839e8,completed,2026-06-19 19:53:35.293194+00:00,2026-06-19 19:53:35.408225+00:00
ddf65064-9eec-43ce-a66e-4e67640e00f6,completed,2026-06-19 19:53:35.093690+00:00,2026-06-19 19:53:35.206341+00:00
9b269fcf-cf03-47ce-b17f-7b270960d99b,completed,2026-06-19 19:53:35.168457+00:00,2026-06-19 19:53:35.296589+00:00
8bc17c39-41da-4ef9-af35-e5556f3949e9,completed,2026-06-19 19:53:35.192834+00:00,2026-06-19 19:53:35.313708+00:00
d0bf2c45-849a-46f7-91a6-c625e58cc90c,completed,2026-06-19 19:53:35.642716+00:00,2026-06-19 19:53:35.761338+00:00
b45b6576-a3c5-463b-a8c9-0336fb73bfd1,completed,2026-06-19 19:53:35.218612+00:00,2026-06-19 19:53:35.331710+00:00
ccb06e5d-2446-4661-9714-861c81b3cf14,completed,2026-06-19 19:53:35.594114+00:00,2026-06-19 19:53:35.713431+00:00
77ccbf6b-0cff-45ed-a4bd-ae42b225ed8f,completed,2026-06-19 19:53:35.318344+00:00,2026-06-19 19:53:35.438792+00:00
42ebf8b0-65ab-4ae9-a975-3ada675fa28c,completed,2026-06-19 19:53:35.393515+00:00,2026-06-19 19:53:35.512517+00:00
67a2c252-6646-4ad6-b6ee-545908629d53,completed,2026-06-19 19:53:35.543064+00:00,2026-06-19 19:53:35.661221+00:00
2fa8e361-579a-47c6-b5f1-eb7fae7a49fe,completed,2026-06-19 19:53:35.443147+00:00,2026-06-19 19:53:35.557860+00:00
c3c7d737-6db2-41a9-8d40-527c5a6ec92f,completed,2026-06-19 19:53:35.626954+00:00,2026-06-19 19:53:35.748771+00:00
3669eb47-1040-4c8b-a6c7-12c03406afdd,completed,2026-06-19 19:53:35.469768+00:00,2026-06-19 19:53:35.616767+00:00
5127bda8-bcf2-448b-a54f-a4a027b61b1a,completed,2026-06-19 19:53:35.493641+00:00,2026-06-19 19:53:35.621223+00:00
c12ebb28-03ab-4ed3-82f7-f5fcb9267468,completed,2026-06-19 19:53:35.668465+00:00,2026-06-19 19:53:35.786551+00:00
7a863472-11f1-4dd0-a81d-52d13a82bcdb,completed,2026-06-19 19:53:35.518717+00:00,2026-06-19 19:53:35.647127+00:00
3b32c4de-0d6d-4d1b-b09a-04d23c94edc0,completed,2026-06-19 19:53:35.569287+00:00,2026-06-19 19:53:35.696798+00:00
988b7d2b-ead6-4963-a16e-b9eacda35cb3,completed,2026-06-19 19:53:36.201607+00:00,2026-06-19 19:53:36.312227+00:00
39b4aaf5-8d38-4d74-b65e-79cbe9c6d19a,completed,2026-06-19 19:53:35.895343+00:00,2026-06-19 19:53:36.000218+00:00
acbfceff-187d-4842-a92d-0490defe3597,completed,2026-06-19 19:53:36.043047+00:00,2026-06-19 19:53:36.168991+00:00
35ae52db-6518-4b12-9b6f-c1005167c36b,completed,2026-06-19 19:53:35.918308+00:00,2026-06-19 19:53:36.039699+00:00
c4d99d61-961f-4975-bdf5-01f54ea450fa,completed,2026-06-19 19:53:35.696695+00:00,2026-06-19 19:53:35.807253+00:00
ff4c6baa-c2ba-4f3c-88e3-274cf4d53a93,completed,2026-06-19 19:53:36.392645+00:00,2026-06-19 19:53:36.515716+00:00
4dbf799b-bb46-4f50-803d-024128b33865,completed,2026-06-19 19:53:35.943439+00:00,2026-06-19 19:53:36.056100+00:00
f51f40f9-4da1-413b-b828-e2a9c8549d09,completed,2026-06-19 19:53:35.718233+00:00,2026-06-19 19:53:35.880504+00:00
8e181995-7d7b-47ce-a561-ea1aa9ea8289,completed,2026-06-19 19:53:35.750725+00:00,2026-06-19 19:53:35.886092+00:00
d71aed82-92b7-4eee-8f8f-28a32e0b09d8,completed,2026-06-19 19:53:35.768891+00:00,2026-06-19 19:53:35.897965+00:00
cca2e966-eb08-4ad2-89ae-0714585b4c07,completed,2026-06-19 19:53:35.794313+00:00,2026-06-19 19:53:35.918812+00:00
b040453e-66d1-4ba4-825f-7c4ddd0a77e5,completed,2026-06-19 19:53:35.818134+00:00,2026-06-19 19:53:35.941589+00:00
d5f29576-8ec7-4776-9580-6473175fe553,completed,2026-06-19 19:53:36.068951+00:00,2026-06-19 19:53:36.181754+00:00
db895eee-7a7d-424e-a9c1-a2b29e141c34,completed,2026-06-19 19:53:35.843630+00:00,2026-06-19 19:53:35.960500+00:00
80c56202-0524-49e0-9658-c82d27df0454,completed,2026-06-19 19:53:35.868271+00:00,2026-06-19 19:53:35.986977+00:00
ac609d46-75f9-4d36-aeb1-db10bfba5e81,completed,2026-06-19 19:53:35.969074+00:00,2026-06-19 19:53:36.094409+00:00
6965ec5e-9fd5-4714-bc95-50cbe4894264,completed,2026-06-19 19:53:36.143433+00:00,2026-06-19 19:53:36.268156+00:00
76327191-d61b-4b5c-8844-ed4b4b621597,completed,2026-06-19 19:53:35.994169+00:00,2026-06-19 19:53:36.114777+00:00
86dc9b38-8fc1-4326-ae01-c08ff7812152,completed,2026-06-19 19:53:36.419027+00:00,2026-06-19 19:53:36.565571+00:00
0eb0c3fa-4337-465c-a511-543a12b45cf6,completed,2026-06-19 19:53:36.022146+00:00,2026-06-19 19:53:36.135197+00:00
e0706b13-9aad-453e-af4e-25062ce2b81a,completed,2026-06-19 19:53:36.368056+00:00,2026-06-19 19:53:36.490750+00:00
f3692592-f1e4-468e-ade3-943fb47fba91,completed,2026-06-19 19:53:36.092819+00:00,2026-06-19 19:53:36.208492+00:00
d7406d6f-72b2-46d0-af64-1819fb276287,completed,2026-06-19 19:53:36.243496+00:00,2026-06-19 19:53:36.355099+00:00
529de6b2-5208-4b38-9259-e944d51b839d,completed,2026-06-19 19:53:36.118218+00:00,2026-06-19 19:53:36.235232+00:00
7e5d3306-a7a3-4d7c-8dfd-a1de8df86b08,completed,2026-06-19 19:53:36.342360+00:00,2026-06-19 19:53:36.452352+00:00
d0479a47-0f29-4bb7-b438-5ee36febc7b7,completed,2026-06-19 19:53:36.168946+00:00,2026-06-19 19:53:36.304810+00:00
b6677eb3-a805-4cb8-aa23-a612edd0ef56,completed,2026-06-19 19:54:06.319434+00:00,2026-06-19 19:54:06.423946+00:00
217d9bf9-128e-4d92-bb8d-a7542752770c,completed,2026-06-19 19:53:36.218000+00:00,2026-06-19 19:53:36.343523+00:00
559171c0-3e00-4827-9c5b-811afbd1a237,completed,2026-06-19 19:53:36.267928+00:00,2026-06-19 19:53:36.380889+00:00
46ebb46e-cd02-4477-830c-29a22964baf7,completed,2026-06-19 19:53:36.293068+00:00,2026-06-19 19:53:36.441606+00:00
302c4eec-cd25-4444-b86f-86bbc98cb1c7,completed,2026-06-19 19:53:36.318285+00:00,2026-06-19 19:53:36.443012+00:00
e4881002-0d45-4e28-9b93-d7220ab99222,completed,2026-06-19 19:53:36.769755+00:00,2026-06-19 19:53:36.894033+00:00
23615c73-03b2-420c-98fa-31edb69254a6,completed,2026-06-19 19:53:36.618630+00:00,2026-06-19 19:53:36.756135+00:00
ca1c5cf7-f295-41e6-a27b-29a1a54370af,completed,2026-06-19 19:53:36.643280+00:00,2026-06-19 19:53:36.762590+00:00
5936aab0-05df-48d5-92fd-51a27e295eb8,completed,2026-06-19 19:53:37.143768+00:00,2026-06-19 19:53:37.259562+00:00
2ed7a0df-6c17-4803-8c9f-4a90a81b52c6,completed,2026-06-19 19:53:36.443651+00:00,2026-06-19 19:53:36.563556+00:00
1674bf42-9bdc-4c33-806b-c5c31445892d,completed,2026-06-19 19:53:36.468102+00:00,2026-06-19 19:53:36.577480+00:00
06ceca41-af34-4cd1-8d06-4d8b3174f42d,completed,2026-06-19 19:53:36.494279+00:00,2026-06-19 19:53:36.608594+00:00
f76ef437-961a-43cc-a4be-fc40fbea0a0f,completed,2026-06-19 19:53:36.944730+00:00,2026-06-19 19:53:37.065523+00:00
51640f38-d395-4b33-999f-ce29198b7425,completed,2026-06-19 19:53:36.517654+00:00,2026-06-19 19:53:36.638474+00:00
9734a4ab-846b-49ce-8266-12d59d617eb8,completed,2026-06-19 19:53:36.792955+00:00,2026-06-19 19:53:36.915155+00:00
91b17307-92c3-4752-80cf-b3bb141d9200,completed,2026-06-19 19:53:36.544816+00:00,2026-06-19 19:53:36.673067+00:00
27ff02f0-c7cc-4b47-9af9-451f06b7f0dd,completed,2026-06-19 19:53:36.568352+00:00,2026-06-19 19:53:36.686099+00:00
0f1ccd6b-3837-4823-9435-dc6d238e0651,completed,2026-06-19 19:53:36.818432+00:00,2026-06-19 19:53:36.936358+00:00
352dbb80-a734-4424-a0c6-ca1ab45fb33f,completed,2026-06-19 19:53:36.592955+00:00,2026-06-19 19:53:36.724236+00:00
97de2b84-7198-4a73-9eb1-8fefc168122e,completed,2026-06-19 19:53:36.668828+00:00,2026-06-19 19:53:36.813864+00:00
3176a7e4-4742-47be-a3cf-8e25a9dd7988,completed,2026-06-19 19:53:37.042801+00:00,2026-06-19 19:53:37.167960+00:00
e2f7f164-91fe-47c6-b366-1d62a7f52ddf,completed,2026-06-19 19:53:36.693902+00:00,2026-06-19 19:53:36.844834+00:00
c6bdda62-bb8a-400d-b21a-0f14729bf29f,completed,2026-06-19 19:53:36.892960+00:00,2026-06-19 19:53:37.028077+00:00
9e5f481c-8259-4fad-9d52-72e36c4a4488,completed,2026-06-19 19:53:36.743238+00:00,2026-06-19 19:53:36.861407+00:00
84c829d2-9e4c-4f98-841b-02d11651628e,completed,2026-06-19 19:53:36.717868+00:00,2026-06-19 19:53:36.862846+00:00
77a2eabb-927b-4b44-8e6f-5237cc628fbb,completed,2026-06-19 19:53:37.119781+00:00,2026-06-19 19:53:37.256555+00:00
27788ba8-5cd0-4654-9625-3c7317858c92,completed,2026-06-19 19:53:36.844627+00:00,2026-06-19 19:53:36.968714+00:00
770a3e67-6776-4666-bf7b-a2a17e1ce341,completed,2026-06-19 19:53:36.994757+00:00,2026-06-19 19:53:37.118675+00:00
df6c5666-f16e-41af-8dd0-5e209fc92380,completed,2026-06-19 19:53:36.868713+00:00,2026-06-19 19:53:36.983647+00:00
f2fa83a2-0e15-49d4-a433-b100383ba58d,completed,2026-06-19 19:53:37.193417+00:00,2026-06-19 19:53:37.322881+00:00
873a396b-4a87-4e22-b63f-3b55f1d9657d,completed,2026-06-19 19:53:36.917724+00:00,2026-06-19 19:53:37.056428+00:00
8fc02a8f-d650-47e0-ad41-8ff8a44aec80,completed,2026-06-19 19:53:37.092666+00:00,2026-06-19 19:53:37.209643+00:00
b76fbf72-00d4-4ca8-b224-2f87ad56b9b8,completed,2026-06-19 19:53:36.968602+00:00,2026-06-19 19:53:37.081523+00:00
d64a4d08-a0bb-468c-a1e9-65ae7db3f6a1,completed,2026-06-19 19:53:37.168238+00:00,2026-06-19 19:53:37.297624+00:00
19a9e69e-fafd-4e05-ae2d-84d8931183aa,completed,2026-06-19 19:53:37.017442+00:00,2026-06-19 19:53:37.153150+00:00
d569a164-cff9-4850-9919-cd237760e344,completed,2026-06-19 19:53:37.069963+00:00,2026-06-19 19:53:37.202297+00:00
fe2e157c-aacf-40f7-bf3e-61c1cd2d1df7,completed,2026-06-19 19:53:37.892662+00:00,2026-06-19 19:53:38.006997+00:00
8cdb565a-12f7-4fe1-ab00-780327c8740e,completed,2026-06-19 19:53:37.423713+00:00,2026-06-19 19:53:37.543932+00:00
fa518dba-87d1-44b1-8dda-286dc4e04711,completed,2026-06-19 19:53:37.566521+00:00,2026-06-19 19:53:37.680581+00:00
36c3ae1b-09eb-4661-8748-b0d524744b4f,completed,2026-06-19 19:53:37.442693+00:00,2026-06-19 19:53:37.560538+00:00
68c34d16-47d7-45bf-86df-89b61984a90f,completed,2026-06-19 19:53:37.217545+00:00,2026-06-19 19:53:37.333285+00:00
28a509d9-362e-43e8-80bb-a0b72ed58695,completed,2026-06-19 19:53:37.243635+00:00,2026-06-19 19:53:37.368395+00:00
feccb565-aeb1-4b80-af93-69ec47cf1429,completed,2026-06-19 19:53:37.793303+00:00,2026-06-19 19:53:37.918785+00:00
4359eb3a-b9ee-4891-9f2d-2238a7357ae2,completed,2026-06-19 19:53:37.294525+00:00,2026-06-19 19:53:37.409526+00:00
a5da1950-1cb0-447f-80d5-e2e505d34448,completed,2026-06-19 19:53:37.268526+00:00,2026-06-19 19:53:37.432441+00:00
0af21168-77ad-43bc-812f-29f4d9ec9038,completed,2026-06-19 19:53:37.718258+00:00,2026-06-19 19:53:37.852679+00:00
157fd4b7-4025-4fc3-8720-42cbb0f30598,completed,2026-06-19 19:53:37.317499+00:00,2026-06-19 19:53:37.452622+00:00
297d7c6f-dbb4-48ce-a7d8-61558bffd988,completed,2026-06-19 19:53:37.591807+00:00,2026-06-19 19:53:37.700173+00:00
576eb932-e31b-47fd-8bd7-7de9fe5727d0,completed,2026-06-19 19:53:37.345942+00:00,2026-06-19 19:53:37.478325+00:00
681a6694-98dd-4d3f-88e1-81e9cb55c6a6,completed,2026-06-19 19:53:37.368327+00:00,2026-06-19 19:53:37.493016+00:00
7ca80f5a-269d-47e5-8570-9994c0bfa85b,completed,2026-06-19 19:53:37.393445+00:00,2026-06-19 19:53:37.513243+00:00
c5363be3-64ef-41ea-b5a2-cdaf7d80f670,completed,2026-06-19 19:53:37.471580+00:00,2026-06-19 19:53:37.593258+00:00
6283b78e-1c2d-4575-a794-18d9d518df68,completed,2026-06-19 19:53:37.669474+00:00,2026-06-19 19:53:37.781271+00:00
77c7796c-14f1-48d6-90b0-5f0b270d3e6d,completed,2026-06-19 19:53:37.493043+00:00,2026-06-19 19:53:37.616780+00:00
9e986970-6482-477d-8db6-c73167764fe9,completed,2026-06-19 19:53:37.518951+00:00,2026-06-19 19:53:37.635121+00:00
99f30cf6-a5e4-448c-ad4c-28669fdb2c8f,completed,2026-06-19 19:53:37.944025+00:00,2026-06-19 19:53:38.111554+00:00
ebc8bdbb-d184-486a-ab8a-ce17409d989d,completed,2026-06-19 19:53:37.543705+00:00,2026-06-19 19:53:37.656757+00:00
dde52fe2-dd7f-4971-8dd6-d419420605af,completed,2026-06-19 19:53:37.844863+00:00,2026-06-19 19:53:37.976974+00:00
1229e28d-1cf9-4093-8a25-4d1c2720e372,completed,2026-06-19 19:53:37.617579+00:00,2026-06-19 19:53:37.736702+00:00
de58c195-d565-443f-b609-c5a18e86cfd4,completed,2026-06-19 19:53:37.643550+00:00,2026-06-19 19:53:37.765173+00:00
ad87958b-cbfc-4e0b-ab33-d0de0032c60d,completed,2026-06-19 19:53:37.692568+00:00,2026-06-19 19:53:37.807461+00:00
2b1353db-3a31-4064-88f9-743db9cc2230,completed,2026-06-19 19:53:37.867780+00:00,2026-06-19 19:53:37.972714+00:00
b9423bca-a094-422a-bc3e-97e6959109eb,completed,2026-06-19 19:53:37.743035+00:00,2026-06-19 19:53:37.860044+00:00
4baf3200-b9ec-4327-9946-3369cf874a92,completed,2026-06-19 19:53:37.769679+00:00,2026-06-19 19:53:37.894994+00:00
eae8cf71-26ad-43d4-a38d-351ce1fa5785,completed,2026-06-19 19:53:37.917664+00:00,2026-06-19 19:53:38.037986+00:00
9f029926-5d12-40cb-9387-a905e238677e,completed,2026-06-19 19:53:37.818822+00:00,2026-06-19 19:53:37.949316+00:00
f4d89452-039e-47cd-9c08-4c61ad53c18c,completed,2026-06-19 19:54:06.482993+00:00,2026-06-19 19:54:06.584581+00:00
b8a788cb-62a2-40fc-999c-43d3e849ed0f,completed,2026-06-19 19:53:38.621263+00:00,2026-06-19 19:53:38.762528+00:00
9fcf5a61-1d4f-4593-b827-1642319678f3,completed,2026-06-19 19:53:38.168133+00:00,2026-06-19 19:53:38.296238+00:00
9583f391-8c73-4bdf-8341-c68ca3b96ac8,completed,2026-06-19 19:53:38.193185+00:00,2026-06-19 19:53:38.309314+00:00
970ffcbc-91a2-4588-bcc8-73e43b2d1ac8,completed,2026-06-19 19:53:37.969832+00:00,2026-06-19 19:53:38.084730+00:00
449e23e1-a959-4605-aa5d-7707dacda745,completed,2026-06-19 19:53:37.993621+00:00,2026-06-19 19:53:38.113248+00:00
7fc6bdb1-6be8-41ab-b55d-d4999737e6d6,completed,2026-06-19 19:53:38.693013+00:00,2026-06-19 19:53:38.843610+00:00
8d754e54-0987-4e89-ae16-6736ce325b85,completed,2026-06-19 19:53:38.020065+00:00,2026-06-19 19:53:38.144376+00:00
46133857-41cb-4193-a6f7-da69932d1c63,completed,2026-06-19 19:53:38.044912+00:00,2026-06-19 19:53:38.165489+00:00
53fa1b89-065e-4c1b-9c1a-74ad68311e41,completed,2026-06-19 19:53:38.467938+00:00,2026-06-19 19:53:38.608182+00:00
e1d03a11-9e7e-4e4b-8a00-05ebd3a52818,completed,2026-06-19 19:53:38.319243+00:00,2026-06-19 19:53:38.448696+00:00
4983d321-be3d-4409-83d4-596a3ef8000a,completed,2026-06-19 19:53:38.068612+00:00,2026-06-19 19:53:38.200097+00:00
6705eb5d-bf37-4bc4-8d45-6e442502a959,completed,2026-06-19 19:53:38.092348+00:00,2026-06-19 19:53:38.215440+00:00
84159483-7f82-455d-ae56-8308d10a1bea,completed,2026-06-19 19:53:38.344825+00:00,2026-06-19 19:53:38.463965+00:00
7b0f9d13-5372-4ec3-ba13-d65fc20f9f7b,completed,2026-06-19 19:53:38.118667+00:00,2026-06-19 19:53:38.244790+00:00
c3a4b723-c03b-4b0a-b326-241257996e34,completed,2026-06-19 19:53:38.144408+00:00,2026-06-19 19:53:38.261715+00:00
aaa4a2db-03a6-4f36-8bb4-3a18a4e2e8b2,completed,2026-06-19 19:53:38.219330+00:00,2026-06-19 19:53:38.347569+00:00
bb3f6e78-a3e4-4584-b1d1-7eb8b13d4850,completed,2026-06-19 19:53:38.244499+00:00,2026-06-19 19:53:38.371331+00:00
82ee0304-12c2-418d-aab9-069f7215f12a,completed,2026-06-19 19:53:38.268401+00:00,2026-06-19 19:53:38.392971+00:00
e8d4d430-f33f-4411-b91e-474e881a5183,completed,2026-06-19 19:53:38.418093+00:00,2026-06-19 19:53:38.556620+00:00
e99bf855-a884-466a-898e-e2a2669cef6b,completed,2026-06-19 19:53:38.291958+00:00,2026-06-19 19:53:38.417014+00:00
17f7bb6f-1b54-4e87-a992-342d21b94214,completed,2026-06-19 19:53:38.643555+00:00,2026-06-19 19:53:38.777724+00:00
7f9bcd3d-46a9-434c-be0d-6616c0396cad,completed,2026-06-19 19:53:38.368226+00:00,2026-06-19 19:53:38.494726+00:00
c226b4b6-b4ce-458b-8e7c-cdfc86f7fda7,completed,2026-06-19 19:53:38.392361+00:00,2026-06-19 19:53:38.520106+00:00
defa6c4f-fb0f-4bc9-a5d1-9711f8e9cb1d,completed,2026-06-19 19:53:38.444275+00:00,2026-06-19 19:53:38.570429+00:00
dc6947b7-c4ba-4c73-8571-8203e3af490e,completed,2026-06-19 19:53:38.596636+00:00,2026-06-19 19:53:38.720541+00:00
d8e59d7f-8bb3-4124-b3eb-c91d14560f48,completed,2026-06-19 19:53:38.492970+00:00,2026-06-19 19:53:38.615237+00:00
37deacbc-8246-497c-8679-1e1af4e97863,completed,2026-06-19 19:53:38.669778+00:00,2026-06-19 19:53:38.786744+00:00
80863fac-5ee8-4126-bb48-96352a30f512,completed,2026-06-19 19:53:38.521454+00:00,2026-06-19 19:53:38.657883+00:00
f78943e1-4a8e-4ade-90e9-18a6daf3d933,completed,2026-06-19 19:53:38.544857+00:00,2026-06-19 19:53:38.669115+00:00
8d8ae182-22f3-4f2e-9c93-21e4a0155d45,completed,2026-06-19 19:53:38.571396+00:00,2026-06-19 19:53:38.697040+00:00
2fd44cbc-ae07-4944-86ec-9ae073a73f4d,completed,2026-06-19 19:54:06.387049+00:00,2026-06-19 19:54:06.492214+00:00
fd12cad7-71aa-4c80-9fdb-4f895005cac7,completed,2026-06-19 19:53:39.046255+00:00,2026-06-19 19:53:39.178120+00:00
a0686a1d-e4ae-45bd-a223-027907095011,completed,2026-06-19 19:53:38.917178+00:00,2026-06-19 19:53:39.033045+00:00
d593ea8c-79fa-4048-8c5e-ac9d719815ce,completed,2026-06-19 19:53:39.450489+00:00,2026-06-19 19:53:39.568115+00:00
c5ecc323-4866-4603-b13b-bf52ab4a4f2a,completed,2026-06-19 19:53:38.718184+00:00,2026-06-19 19:53:38.836534+00:00
5d156b17-bde6-4245-a702-8efef27777d9,completed,2026-06-19 19:53:38.951591+00:00,2026-06-19 19:53:39.073311+00:00
b5fa6d0b-b7c5-4988-bdc3-e8e608025755,completed,2026-06-19 19:53:38.745163+00:00,2026-06-19 19:53:38.874983+00:00
938ec9be-10c1-4f9f-9abd-2700c6371811,completed,2026-06-19 19:53:38.768487+00:00,2026-06-19 19:53:38.891007+00:00
d977672b-b464-45a9-a97a-6b89a29c5dd5,completed,2026-06-19 19:53:38.794617+00:00,2026-06-19 19:53:38.928332+00:00
b8277752-4886-4e26-aa20-9415b3b111fa,completed,2026-06-19 19:53:38.817523+00:00,2026-06-19 19:53:38.940880+00:00
09c6638e-8b5f-4603-97f1-5fbbecd1919e,completed,2026-06-19 19:53:39.069357+00:00,2026-06-19 19:53:39.194321+00:00
0be207c2-6810-4a69-af19-2316daf0d033,completed,2026-06-19 19:53:39.217209+00:00,2026-06-19 19:53:39.339755+00:00
e549ba7d-e591-4dd3-9be9-475285fc0b5c,completed,2026-06-19 19:53:38.842089+00:00,2026-06-19 19:53:38.977037+00:00
83de2582-b6c0-482e-8201-8d0bf99c48af,completed,2026-06-19 19:53:38.867094+00:00,2026-06-19 19:53:38.993996+00:00
61b18077-b46c-48d4-9380-4d77fe18bd59,completed,2026-06-19 19:53:39.092449+00:00,2026-06-19 19:53:39.215156+00:00
ecfbb78e-2e9b-4249-8c35-15b49b942a0c,completed,2026-06-19 19:53:38.892689+00:00,2026-06-19 19:53:39.011990+00:00
5722f699-04c1-4f35-84d8-35014bbdec07,completed,2026-06-19 19:53:39.318909+00:00,2026-06-19 19:53:39.435231+00:00
44d36579-73f7-4606-b19b-0bcf0d747663,completed,2026-06-19 19:53:38.970279+00:00,2026-06-19 19:53:39.104617+00:00
89b83a7b-f448-466a-bd9a-a8c097c2f68a,completed,2026-06-19 19:53:39.192395+00:00,2026-06-19 19:53:39.304588+00:00
c141ca2f-d5f5-48c0-bf28-417a6f7e0077,completed,2026-06-19 19:53:38.995483+00:00,2026-06-19 19:53:39.124692+00:00
b7fc3e62-cf0f-491b-92a5-bed7b536c786,completed,2026-06-19 19:53:39.019699+00:00,2026-06-19 19:53:39.140115+00:00
0993cb00-345f-4649-abad-b3726d91cc80,completed,2026-06-19 19:53:39.170676+00:00,2026-06-19 19:53:39.308760+00:00
2e5826e2-2afb-4362-b3ea-e9b71d3483b7,completed,2026-06-19 19:53:39.396323+00:00,2026-06-19 19:53:39.541554+00:00
e807d2f5-c134-4623-a52a-53530463b544,completed,2026-06-19 19:53:39.118102+00:00,2026-06-19 19:53:39.242261+00:00
56bb1436-6f28-43db-9fbe-590048678ec8,completed,2026-06-19 19:53:39.267241+00:00,2026-06-19 19:53:39.380267+00:00
f95e2d53-7f03-4a2a-a1e8-7f06c5081e84,completed,2026-06-19 19:53:39.142775+00:00,2026-06-19 19:53:39.257314+00:00
f78876a7-78ac-4fb2-9226-d754287b1f33,completed,2026-06-19 19:53:39.471928+00:00,2026-06-19 19:53:39.593681+00:00
2492cb59-7c47-4da6-b2d0-d92322c10b65,completed,2026-06-19 19:53:39.373786+00:00,2026-06-19 19:53:39.480741+00:00
fa3c0ad8-4376-42df-8c51-4513a4eeee7e,completed,2026-06-19 19:53:39.248978+00:00,2026-06-19 19:53:39.374710+00:00
572418fb-2f95-4674-950b-cdd49ee15335,completed,2026-06-19 19:53:39.293363+00:00,2026-06-19 19:53:39.408882+00:00
cfc4ac02-a310-4356-bf1a-65478bf5639c,completed,2026-06-19 19:53:39.442930+00:00,2026-06-19 19:53:39.580789+00:00
0507d2d7-3a20-4ef5-b6e4-8047c3f82c66,completed,2026-06-19 19:53:39.358319+00:00,2026-06-19 19:53:39.477220+00:00
c707420c-7e9a-415b-a7f4-1268837072b3,completed,2026-06-19 19:53:39.994462+00:00,2026-06-19 19:53:40.112052+00:00
7eb94246-2093-47f9-9c79-bee17198e549,completed,2026-06-19 19:53:39.693186+00:00,2026-06-19 19:53:39.812011+00:00
248e9bac-4646-4515-acfe-8764a796317f,completed,2026-06-19 19:53:39.718451+00:00,2026-06-19 19:53:39.839474+00:00
3b4bdea9-27fd-4aaa-bc99-22f7bcebab62,completed,2026-06-19 19:53:39.519723+00:00,2026-06-19 19:53:39.639279+00:00
d003b717-b490-4464-9650-3a466f042104,completed,2026-06-19 19:53:39.493554+00:00,2026-06-19 19:53:39.641654+00:00
23ef0dc5-b2f5-46d9-8b80-022e9be0fdd1,completed,2026-06-19 19:53:40.217899+00:00,2026-06-19 19:53:40.358466+00:00
30353394-f7ac-4957-bb91-cd42735290dc,completed,2026-06-19 19:53:39.543128+00:00,2026-06-19 19:53:39.662724+00:00
1718ea7f-4a3d-4932-99fa-b2e54907e61e,completed,2026-06-19 19:53:39.744073+00:00,2026-06-19 19:53:39.860733+00:00
e0ff2451-8fb1-4e50-90ba-7c8a0140e809,completed,2026-06-19 19:53:39.567919+00:00,2026-06-19 19:53:39.687545+00:00
0ca170a8-c25e-460f-b0c1-0a108ed2ff8f,completed,2026-06-19 19:53:39.596512+00:00,2026-06-19 19:53:39.716054+00:00
dd8d41ab-8f7d-46ba-a053-f791246842ad,completed,2026-06-19 19:53:39.844954+00:00,2026-06-19 19:53:39.972763+00:00
34386c27-1723-4c41-b510-61a3c48a3a89,completed,2026-06-19 19:53:39.867734+00:00,2026-06-19 19:53:39.976318+00:00
d8e981d7-ed63-4dd2-9d9d-0349494ec10f,completed,2026-06-19 19:53:39.642212+00:00,2026-06-19 19:53:39.759325+00:00
94308b2c-1975-4326-ae1a-7f7d79c20f99,completed,2026-06-19 19:53:39.618503+00:00,2026-06-19 19:53:39.775733+00:00
8a4d5bfc-ff87-414a-bc2a-730b90cd27b3,completed,2026-06-19 19:53:39.668964+00:00,2026-06-19 19:53:39.776948+00:00
e0c29a00-18e3-418c-b7c6-8225c7841012,completed,2026-06-19 19:53:39.944171+00:00,2026-06-19 19:53:40.060080+00:00
73f71f30-13f1-4144-ba42-41256986ecd3,completed,2026-06-19 19:53:39.782619+00:00,2026-06-19 19:53:39.893102+00:00
629ff1e4-34a6-43ca-919c-02f8b7db9ee0,completed,2026-06-19 19:53:39.793895+00:00,2026-06-19 19:53:39.923074+00:00
b8ee3e24-7202-4459-b689-c842103514be,completed,2026-06-19 19:53:40.242181+00:00,2026-06-19 19:53:40.371711+00:00
71449e04-e7d9-4a18-8e03-4d77c7cd2565,completed,2026-06-19 19:53:39.818678+00:00,2026-06-19 19:53:39.937178+00:00
c2720ef1-8b03-468c-ad2f-c0028c5fb04c,completed,2026-06-19 19:53:40.169077+00:00,2026-06-19 19:53:40.299952+00:00
1c16712b-f016-4374-b1fd-bd0bd8b07086,completed,2026-06-19 19:53:39.892840+00:00,2026-06-19 19:53:40.000808+00:00
ce45162e-ff3c-463f-a02d-144a63714fcf,completed,2026-06-19 19:53:39.919361+00:00,2026-06-19 19:53:40.035217+00:00
ccd91ac2-44e7-47cd-a09e-2533c28f471b,completed,2026-06-19 19:53:39.967369+00:00,2026-06-19 19:53:40.101608+00:00
30a92a6a-4877-4689-ad14-93dac6dfb29d,completed,2026-06-19 19:53:40.142201+00:00,2026-06-19 19:53:40.278614+00:00
69bf15b9-1509-4bb1-ac47-32a2205d3ce9,completed,2026-06-19 19:53:40.017262+00:00,2026-06-19 19:53:40.134181+00:00
3172b4ba-3c2a-4425-a312-12419df3dad7,completed,2026-06-19 19:53:40.044329+00:00,2026-06-19 19:53:40.172312+00:00
0dffca10-20b8-4620-907f-9cedd50ea272,completed,2026-06-19 19:53:40.193451+00:00,2026-06-19 19:53:40.316875+00:00
58eafdc8-d2b5-4b91-b400-a38482a8b822,completed,2026-06-19 19:53:40.067201+00:00,2026-06-19 19:53:40.200067+00:00
41a3706f-8330-48b9-a39f-8eed74f28846,completed,2026-06-19 19:53:40.092470+00:00,2026-06-19 19:53:40.227321+00:00
99d96d45-3664-4a56-b95e-6bd05768440d,completed,2026-06-19 19:53:40.118976+00:00,2026-06-19 19:53:40.256294+00:00
89e76e76-1648-41e7-8ba8-7ec86306ee70,completed,2026-06-19 19:53:40.442453+00:00,2026-06-19 19:53:40.568911+00:00
2edfd466-29db-46bb-96ff-1a7a2a43027b,completed,2026-06-19 19:53:40.767935+00:00,2026-06-19 19:53:40.881942+00:00
08ce4902-270a-46be-ae7b-d8146a396562,completed,2026-06-19 19:53:40.467529+00:00,2026-06-19 19:53:40.584207+00:00
56d77bc1-8733-48cc-86f4-923ae4408377,completed,2026-06-19 19:53:40.617792+00:00,2026-06-19 19:53:40.735155+00:00
4e7d6f71-c00d-41a2-ab4c-8130aa1f9a95,completed,2026-06-19 19:53:40.267797+00:00,2026-06-19 19:53:40.384287+00:00
107b16d5-a574-4147-ae85-96ad1e492706,completed,2026-06-19 19:53:40.492339+00:00,2026-06-19 19:53:40.612845+00:00
28f42d37-0fdc-48ca-9a14-2a239efcc918,completed,2026-06-19 19:53:40.291753+00:00,2026-06-19 19:53:40.431968+00:00
62ef6c03-65ab-4984-a187-b3302f96d089,completed,2026-06-19 19:53:40.323163+00:00,2026-06-19 19:53:40.457000+00:00
19e8823f-45b6-48cb-a6ab-a0729f9cc80d,completed,2026-06-19 19:53:40.342312+00:00,2026-06-19 19:53:40.464246+00:00
66f24025-1bad-477a-954a-93324b33acb7,completed,2026-06-19 19:53:40.367954+00:00,2026-06-19 19:53:40.492280+00:00
517ea41c-3d20-4321-8fca-5f0f830fc5db,completed,2026-06-19 19:53:40.641957+00:00,2026-06-19 19:53:40.756955+00:00
8df54c98-7221-4802-8785-96985c12abcc,completed,2026-06-19 19:53:40.393081+00:00,2026-06-19 19:53:40.505690+00:00
7d0bbf5b-5628-4030-bbbc-44d54695b7be,completed,2026-06-19 19:53:40.817393+00:00,2026-06-19 19:53:40.928936+00:00
1637ff70-4a22-46bd-8970-eb7d079c73fd,completed,2026-06-19 19:53:40.427283+00:00,2026-06-19 19:53:40.566890+00:00
566ab355-4eb7-4429-8ed9-711f0568a1cc,completed,2026-06-19 19:53:40.694558+00:00,2026-06-19 19:53:40.843433+00:00
f17e70e7-dc35-4867-af3d-094101dc28f5,completed,2026-06-19 19:53:40.518448+00:00,2026-06-19 19:53:40.644567+00:00
91a4da8e-0adf-43b0-9529-d9e4b3d3f855,completed,2026-06-19 19:53:40.718649+00:00,2026-06-19 19:53:40.844002+00:00
20a9b915-c29c-4bd9-9082-93d27f5aba5b,completed,2026-06-19 19:53:40.543530+00:00,2026-06-19 19:53:40.655303+00:00
d7e933f8-8d06-4b45-923a-2fc4558bb1bb,completed,2026-06-19 19:53:40.992775+00:00,2026-06-19 19:53:41.132902+00:00
a0ccba15-aee5-458c-9878-650280771711,completed,2026-06-19 19:53:40.918690+00:00,2026-06-19 19:53:41.041231+00:00
f09593fa-155e-40bd-9a96-b87525f30193,completed,2026-06-19 19:53:40.568728+00:00,2026-06-19 19:53:40.699736+00:00
e42665fa-c3c5-42d5-920a-6676b702347c,completed,2026-06-19 19:53:40.593324+00:00,2026-06-19 19:53:40.708867+00:00
169aa389-8fd2-4b4c-bbf2-5a3934dab700,completed,2026-06-19 19:53:40.667733+00:00,2026-06-19 19:53:40.788193+00:00
f6ad1e0d-299e-40dd-97d1-640c9cb9c694,completed,2026-06-19 19:53:40.969207+00:00,2026-06-19 19:53:41.084874+00:00
ebc13f7c-225a-429e-ad00-d0e72fcd61af,completed,2026-06-19 19:53:40.842501+00:00,2026-06-19 19:53:40.965389+00:00
b4cd73fb-6d9c-42f4-ba0c-9ee5c486f90b,completed,2026-06-19 19:53:40.743737+00:00,2026-06-19 19:53:40.853195+00:00
f33f4e9f-095c-419a-9c46-e6ea2f9f0f7d,completed,2026-06-19 19:53:40.944362+00:00,2026-06-19 19:53:41.072274+00:00
8d75a7a8-9426-417b-b8f9-e42fac942cce,completed,2026-06-19 19:53:40.794272+00:00,2026-06-19 19:53:40.932660+00:00
a493e41f-f928-4143-9f84-236d2ab7eed8,completed,2026-06-19 19:53:41.023143+00:00,2026-06-19 19:53:41.155764+00:00
429d7253-916b-4106-9e21-14b14aa4f847,completed,2026-06-19 19:53:40.867501+00:00,2026-06-19 19:53:40.999284+00:00
36278a60-035f-4c64-8d6d-c567f5f2f72b,completed,2026-06-19 19:53:40.899150+00:00,2026-06-19 19:53:41.035256+00:00
c5c660f8-4a67-4684-836a-cf588715ea25,completed,2026-06-19 19:53:41.793285+00:00,2026-06-19 19:53:41.924791+00:00
95a4a6ec-7993-4da8-b17d-919d77caf992,completed,2026-06-19 19:53:41.217536+00:00,2026-06-19 19:53:41.361551+00:00
8831861d-fdcf-4bfd-ada1-a0a534315550,completed,2026-06-19 19:53:41.744344+00:00,2026-06-19 19:53:41.861397+00:00
ab760f3c-23e7-4ffa-950f-d5feb5c6ea4b,completed,2026-06-19 19:53:41.243789+00:00,2026-06-19 19:53:41.380549+00:00
748e8723-5e22-4fd8-88fe-0578f8542c28,completed,2026-06-19 19:53:41.267794+00:00,2026-06-19 19:53:41.386583+00:00
2b408d9a-f39e-4f48-aaba-d4d12c34715e,completed,2026-06-19 19:53:41.067686+00:00,2026-06-19 19:53:41.188358+00:00
1b02ef5f-d16f-4fca-8f9c-acc3dca77d9f,completed,2026-06-19 19:53:41.049779+00:00,2026-06-19 19:53:41.189609+00:00
e0a557dd-1374-4f6f-bf10-b3f56798342f,completed,2026-06-19 19:53:41.092565+00:00,2026-06-19 19:53:41.216622+00:00
c65fd5b9-4081-4136-b54c-8d229e251444,completed,2026-06-19 19:53:41.371256+00:00,2026-06-19 19:53:41.501393+00:00
5d3202fe-db2f-435e-95c8-8b15bc6cb423,completed,2026-06-19 19:53:41.395222+00:00,2026-06-19 19:53:41.514068+00:00
9181131d-4bd6-4cc4-9e10-8eb7a8f4d094,completed,2026-06-19 19:53:41.119144+00:00,2026-06-19 19:53:41.255623+00:00
0ba86e9f-db6e-4004-977c-d78991232983,completed,2026-06-19 19:53:41.146902+00:00,2026-06-19 19:53:41.272787+00:00
c66e950b-cacf-4056-9b89-485fe7d5dcc4,completed,2026-06-19 19:53:41.168077+00:00,2026-06-19 19:53:41.304307+00:00
5e14756f-88ba-4471-b83f-fda40f724545,completed,2026-06-19 19:53:41.193732+00:00,2026-06-19 19:53:41.313175+00:00
5d7bbffc-cc81-42b4-80a0-1259c0eee698,completed,2026-06-19 19:53:41.422601+00:00,2026-06-19 19:53:41.533733+00:00
60baa27c-94e7-4851-bb6c-380df0bd2ea1,completed,2026-06-19 19:53:41.469658+00:00,2026-06-19 19:53:41.612990+00:00
883778e1-de7a-490d-9434-5e3abb6ff2f7,completed,2026-06-19 19:53:41.317398+00:00,2026-06-19 19:53:41.442031+00:00
347946cd-2f22-46dd-8c07-ab7b32339a8f,completed,2026-06-19 19:53:41.294379+00:00,2026-06-19 19:53:41.447741+00:00
c65f0836-a01f-4eb9-86cf-163023e58b2a,completed,2026-06-19 19:53:41.492943+00:00,2026-06-19 19:53:41.619379+00:00
117f7222-7cc3-4b39-b6df-ee2f55ee573f,completed,2026-06-19 19:53:41.343626+00:00,2026-06-19 19:53:41.479681+00:00
28e958ce-3ed0-4949-9f91-c076f44e091a,completed,2026-06-19 19:53:41.717982+00:00,2026-06-19 19:53:41.842701+00:00
64308b03-7b4f-4300-9a64-f676aa44689f,completed,2026-06-19 19:53:41.594243+00:00,2026-06-19 19:53:41.708915+00:00
9f0be039-718f-42a1-bc8d-df8300d86e43,completed,2026-06-19 19:53:41.463395+00:00,2026-06-19 19:53:41.595557+00:00
76ebaba5-1be5-4de2-a650-c71d83700860,completed,2026-06-19 19:53:41.769189+00:00,2026-06-19 19:53:41.885614+00:00
e70145cb-13de-4468-a6d1-fe837b7f8bd3,completed,2026-06-19 19:53:41.519290+00:00,2026-06-19 19:53:41.631732+00:00
484e9f96-583a-4e60-a017-b6121fd4f2c2,completed,2026-06-19 19:53:41.542183+00:00,2026-06-19 19:53:41.670755+00:00
cbc8aab5-b2aa-4014-80f8-d7ac8aca5d7b,completed,2026-06-19 19:53:41.567723+00:00,2026-06-19 19:53:41.680277+00:00
385f60cf-53a9-4c6b-951a-ba8dcf15f68f,completed,2026-06-19 19:53:41.617258+00:00,2026-06-19 19:53:41.744120+00:00
f0ba11dc-5150-43de-b434-7f094214a668,completed,2026-06-19 19:53:41.646041+00:00,2026-06-19 19:53:41.764816+00:00
10438d07-e685-419e-9e53-e3907852ac92,completed,2026-06-19 19:53:41.666900+00:00,2026-06-19 19:53:41.783769+00:00
ba61d990-0b6c-4d05-ab37-65b82f650af7,completed,2026-06-19 19:53:41.695001+00:00,2026-06-19 19:53:41.832119+00:00
b04a4175-5323-4ee6-aec6-5736c776ed33,completed,2026-06-19 19:53:42.318205+00:00,2026-06-19 19:53:42.445690+00:00
62d24750-7f9a-41b8-ba78-adfe8bff120d,completed,2026-06-19 19:53:42.030537+00:00,2026-06-19 19:53:42.159295+00:00
4bc046eb-750a-42bc-8be2-c1eb644af3a2,completed,2026-06-19 19:53:41.825871+00:00,2026-06-19 19:53:41.948148+00:00
7cc45c1a-519a-4a7a-9c05-ff22454553b2,completed,2026-06-19 19:53:41.845067+00:00,2026-06-19 19:53:41.959103+00:00
ccd088dc-abcf-478b-b156-e7ca77a277e7,completed,2026-06-19 19:53:42.273527+00:00,2026-06-19 19:53:42.391397+00:00
36196fdc-44b0-4193-b5bf-97ba8de1c4c1,completed,2026-06-19 19:53:42.071152+00:00,2026-06-19 19:53:42.192457+00:00
b5a958a1-6487-4c59-859c-68efb7c93734,completed,2026-06-19 19:53:41.892013+00:00,2026-06-19 19:53:41.997763+00:00
e9dbd8c6-eac9-4ff8-9d76-0730bbd512e9,completed,2026-06-19 19:53:41.882596+00:00,2026-06-19 19:53:42.005381+00:00
f7147960-35cb-4946-a157-70ae99fe8352,completed,2026-06-19 19:53:41.918510+00:00,2026-06-19 19:53:42.052729+00:00
474b0a4a-0a57-49da-971f-ce2c3da9d9a5,completed,2026-06-19 19:53:41.971044+00:00,2026-06-19 19:53:42.070140+00:00
12de9721-329c-4420-bc46-a8ec7c7aa207,completed,2026-06-19 19:53:42.193076+00:00,2026-06-19 19:53:42.312888+00:00
ed49e763-f4ec-4053-9039-35e297f9718d,completed,2026-06-19 19:53:41.957435+00:00,2026-06-19 19:53:42.076524+00:00
39dc5ffc-f421-448f-87e2-1a3bd93ebef7,completed,2026-06-19 19:53:42.493316+00:00,2026-06-19 19:53:42.611053+00:00
a21f7271-63d3-4236-8297-456a9a9a4176,completed,2026-06-19 19:53:41.994857+00:00,2026-06-19 19:53:42.102762+00:00
c8dcdef5-8142-49d7-bb7e-cd99afed1837,completed,2026-06-19 19:53:42.260363+00:00,2026-06-19 19:53:42.391573+00:00
aa3400e3-3c12-43c8-9e0d-e892d9ce0794,completed,2026-06-19 19:53:42.078210+00:00,2026-06-19 19:53:42.198362+00:00
035330e3-bd01-4520-af94-58c804a19fb9,completed,2026-06-19 19:53:42.093144+00:00,2026-06-19 19:53:42.213662+00:00
224a7106-a42b-47b5-a9a1-eb36c7f76a73,completed,2026-06-19 19:53:42.117147+00:00,2026-06-19 19:53:42.238864+00:00
9c6bfb9f-fb64-4660-b6cd-353174ed9ae1,completed,2026-06-19 19:53:42.141732+00:00,2026-06-19 19:53:42.254842+00:00
bb751d30-562b-4b00-9be4-f765f60b09df,completed,2026-06-19 19:53:42.480094+00:00,2026-06-19 19:53:42.597646+00:00
95260f56-b82c-4713-8cf9-3eb483079bba,completed,2026-06-19 19:53:42.170999+00:00,2026-06-19 19:53:42.334756+00:00
356f823d-5a24-495d-b6cb-737b2a13591f,completed,2026-06-19 19:53:42.368023+00:00,2026-06-19 19:53:42.489784+00:00
b8ec6a3a-d89e-42f2-a1e4-a6a9f0f50f2f,completed,2026-06-19 19:53:42.221270+00:00,2026-06-19 19:53:42.354196+00:00
eacd95ec-fae0-45be-a324-1af48bbabf13,completed,2026-06-19 19:53:42.550750+00:00,2026-06-19 19:53:42.678749+00:00
3778ab7a-9e62-4f9f-821e-e6606a123e42,completed,2026-06-19 19:53:42.567386+00:00,2026-06-19 19:53:42.696229+00:00
6f5caf8e-ba55-4c45-8d0b-63906229a95b,completed,2026-06-19 19:53:42.535651+00:00,2026-06-19 19:53:42.683238+00:00
9095ef63-e688-4fee-961c-515bc1b314bc,completed,2026-06-19 19:53:42.301425+00:00,2026-06-19 19:53:42.432716+00:00
14e72010-2820-48a0-8aac-6d06f556d304,completed,2026-06-19 19:53:42.344364+00:00,2026-06-19 19:53:42.474640+00:00
fd842583-165d-45fa-b783-583eda6b0a10,completed,2026-06-19 19:53:42.392698+00:00,2026-06-19 19:53:42.510164+00:00
4f4db0bf-44d8-447a-b7cd-b840ce710220,completed,2026-06-19 19:53:42.418207+00:00,2026-06-19 19:53:42.544500+00:00
e073d6d6-4018-4ef9-a3a5-3f368d0407e4,completed,2026-06-19 19:53:42.448055+00:00,2026-06-19 19:53:42.575967+00:00
0b00c8c6-b576-458f-a54e-bb6a7a01689c,completed,2026-06-19 19:53:43.264980+00:00,2026-06-19 19:53:43.393845+00:00
20d9b021-ff84-4b09-ad55-5c07f8ebf3bc,completed,2026-06-19 19:53:42.792784+00:00,2026-06-19 19:53:42.929835+00:00
5130a718-9a04-4754-aeb0-14d1eebadbd1,completed,2026-06-19 19:53:42.592598+00:00,2026-06-19 19:53:42.718916+00:00
9d0b3f63-f6c4-47d5-bb8f-b7b6bd1f2e73,completed,2026-06-19 19:53:43.292744+00:00,2026-06-19 19:53:43.401320+00:00
f2206ee2-a00f-42fb-94d8-435cbdf47399,completed,2026-06-19 19:53:42.617269+00:00,2026-06-19 19:53:42.744356+00:00
a84e172e-50fe-446a-b639-6fbe4aa7fefd,completed,2026-06-19 19:53:42.818623+00:00,2026-06-19 19:53:42.960196+00:00
6fc09502-d582-4654-83b1-8c293d12d8d5,completed,2026-06-19 19:53:42.844764+00:00,2026-06-19 19:53:42.960968+00:00
c5c15efd-f913-4192-89b3-ab4c9229026e,completed,2026-06-19 19:53:42.648726+00:00,2026-06-19 19:53:42.786334+00:00
0024cc64-81f6-4167-9821-7116ebbb01fe,completed,2026-06-19 19:53:42.673870+00:00,2026-06-19 19:53:42.794117+00:00
dc172436-f119-4867-95e1-e53776681394,completed,2026-06-19 19:53:43.094712+00:00,2026-06-19 19:53:43.240347+00:00
2e7fb48d-ac68-4efd-8c06-f07ebfbb50f1,completed,2026-06-19 19:53:42.696353+00:00,2026-06-19 19:53:42.809189+00:00
7577bb9a-f609-43d7-bf1f-176d08a8a157,completed,2026-06-19 19:53:42.944384+00:00,2026-06-19 19:53:43.077371+00:00
d27c7158-ccdd-4031-a4a9-eb27c4e9e091,completed,2026-06-19 19:53:42.967778+00:00,2026-06-19 19:53:43.086645+00:00
69ac4f86-6057-4c10-a9b5-45c8685c9614,completed,2026-06-19 19:53:42.743999+00:00,2026-06-19 19:53:42.853027+00:00
ae9e6023-6c49-4ad6-8844-af073213f5aa,completed,2026-06-19 19:53:42.734061+00:00,2026-06-19 19:53:42.860566+00:00
dc86d2bf-0bf6-412d-9335-6b58cb2dae48,completed,2026-06-19 19:53:42.768060+00:00,2026-06-19 19:53:42.888723+00:00
2b0dbfe1-b21f-48b5-b382-24a8e8b57e5a,completed,2026-06-19 19:53:43.044881+00:00,2026-06-19 19:53:43.164015+00:00
11e39781-4687-4f42-ba4b-245e7d47d905,completed,2026-06-19 19:53:43.067334+00:00,2026-06-19 19:53:43.182803+00:00
9265fcb2-9298-4e99-b5eb-c99a1feb87a6,completed,2026-06-19 19:53:42.869198+00:00,2026-06-19 19:53:42.996855+00:00
4dbb5cbe-8bf3-4030-ad14-a410482b464e,completed,2026-06-19 19:53:42.892775+00:00,2026-06-19 19:53:43.003529+00:00
c1f1a13d-61b8-4dd4-b38b-bd2d3a5b5dc5,completed,2026-06-19 19:53:42.917693+00:00,2026-06-19 19:53:43.042495+00:00
b1ba61c5-f656-41de-910c-2afc61af667a,completed,2026-06-19 19:53:42.991906+00:00,2026-06-19 19:53:43.106060+00:00
a2b312a0-fee7-4338-b699-c00324cb69f4,completed,2026-06-19 19:53:43.324177+00:00,2026-06-19 19:53:43.445366+00:00
f250effb-694d-4fc5-b430-a110ea2e0264,completed,2026-06-19 19:53:43.018244+00:00,2026-06-19 19:53:43.139783+00:00
d482d7a4-606b-4eed-9da1-2017c93e4050,completed,2026-06-19 19:54:06.555380+00:00,2026-06-19 19:54:06.660485+00:00
1ef91437-cf2e-45fa-a67b-5eadce709e02,completed,2026-06-19 19:53:43.223459+00:00,2026-06-19 19:53:43.346725+00:00
94c9c0ac-06ca-4f96-8e08-d0a72b94e45d,completed,2026-06-19 19:53:43.143074+00:00,2026-06-19 19:53:43.254435+00:00
745f869f-edb8-4beb-93e2-2b58a52a2489,completed,2026-06-19 19:53:43.118209+00:00,2026-06-19 19:53:43.255085+00:00
069d6e3d-e702-4ff0-9614-81ed6afb69cc,completed,2026-06-19 19:53:43.188394+00:00,2026-06-19 19:53:43.305682+00:00
1f28bfdb-5cb0-4efb-9412-e0bc7cc51c64,completed,2026-06-19 19:53:43.203280+00:00,2026-06-19 19:53:43.338655+00:00
28eee23f-1624-4830-b429-418f48bf4454,completed,2026-06-19 19:53:43.274955+00:00,2026-06-19 19:53:43.395046+00:00
46836bd6-95a5-4b73-9870-de8d58e14329,completed,2026-06-19 19:53:43.866794+00:00,2026-06-19 19:53:43.997334+00:00
96512840-23d6-4182-a87c-43a65abaa083,completed,2026-06-19 19:53:43.717474+00:00,2026-06-19 19:53:43.844763+00:00
a5ca4c4b-9dd9-4a4c-ac8a-6efb1233f153,completed,2026-06-19 19:53:43.541717+00:00,2026-06-19 19:53:43.695837+00:00
a3b76834-c691-48f9-bb53-cc0f5f5bcca3,completed,2026-06-19 19:53:43.593265+00:00,2026-06-19 19:53:43.702307+00:00
8769fc56-7ee4-4808-8283-0a62230fe5ea,completed,2026-06-19 19:53:43.372696+00:00,2026-06-19 19:53:43.486033+00:00
58633712-d8d0-47e8-8310-2c162fc596f1,completed,2026-06-19 19:53:43.568355+00:00,2026-06-19 19:53:43.704295+00:00
9525f8b0-a7d5-4ced-85f8-9dd7def9d7ab,completed,2026-06-19 19:53:43.396750+00:00,2026-06-19 19:53:43.515938+00:00
20430ad4-9c84-44ac-ae82-b64f2a019171,completed,2026-06-19 19:53:43.741999+00:00,2026-06-19 19:53:43.862117+00:00
c5dfb33a-5f8c-4098-a1ba-0baed8920a10,completed,2026-06-19 19:53:43.424123+00:00,2026-06-19 19:53:43.556136+00:00
ea0cd461-8063-4744-8f59-595d972c11cf,completed,2026-06-19 19:53:43.444664+00:00,2026-06-19 19:53:43.568494+00:00
6fb92b98-c370-418d-9ac0-a9b34b4f2b4f,completed,2026-06-19 19:53:43.466787+00:00,2026-06-19 19:53:43.579225+00:00
009ece76-808b-41f2-8db0-4644dfbb96c5,completed,2026-06-19 19:53:44.044595+00:00,2026-06-19 19:53:44.163118+00:00
a90421cd-689a-4910-8c24-f32da44b3bac,completed,2026-06-19 19:53:43.518232+00:00,2026-06-19 19:53:43.622553+00:00
970ae759-3b81-4fea-90a0-a9fdd8f6ab08,completed,2026-06-19 19:53:43.492825+00:00,2026-06-19 19:53:43.623076+00:00
66dfd3b9-b5c7-4572-96f5-0a5c3c878504,completed,2026-06-19 19:53:43.917382+00:00,2026-06-19 19:53:44.032808+00:00
e84fd5bd-3759-4d40-b8f3-fe8a5d907d4b,completed,2026-06-19 19:53:44.067886+00:00,2026-06-19 19:53:44.196887+00:00
cd1176de-863a-4ace-a701-0663c8c8cbac,completed,2026-06-19 19:53:43.625324+00:00,2026-06-19 19:53:43.736794+00:00
d0d7bacd-8ec6-46d8-a5f8-c816211cd289,completed,2026-06-19 19:53:43.826334+00:00,2026-06-19 19:53:43.936796+00:00
c2c6e996-bfe3-4dad-ac5a-2f33d620fcab,completed,2026-06-19 19:53:43.649451+00:00,2026-06-19 19:53:43.768457+00:00
54738cc2-a08b-4cbf-bd52-ed44fb82b7b4,completed,2026-06-19 19:53:43.668933+00:00,2026-06-19 19:53:43.791075+00:00
18fa9dc5-f8d6-4142-a84f-8eae616d7842,completed,2026-06-19 19:53:43.969029+00:00,2026-06-19 19:53:44.089048+00:00
06826a2b-a197-4cc1-9574-97bd9bafb897,completed,2026-06-19 19:53:43.692576+00:00,2026-06-19 19:53:43.798354+00:00
8b3e7a5b-3b6a-4a20-b037-7b6d0a218317,completed,2026-06-19 19:53:43.767378+00:00,2026-06-19 19:53:43.886778+00:00
659b584e-3b7d-440e-b136-e8fcd560a8fb,completed,2026-06-19 19:53:43.794790+00:00,2026-06-19 19:53:43.899709+00:00
b4a00d34-1b98-40fc-8d77-ac167de48f18,completed,2026-06-19 19:53:44.117257+00:00,2026-06-19 19:53:44.268676+00:00
fd4355a6-2bed-468e-8ac4-c93c4d6c574e,completed,2026-06-19 19:53:43.875962+00:00,2026-06-19 19:53:44.000485+00:00
711268fd-3b34-4fae-b999-b01759d2217d,completed,2026-06-19 19:53:43.892008+00:00,2026-06-19 19:53:44.008431+00:00
fb9f8dfd-fbbe-491f-8858-160eb3a99bf9,completed,2026-06-19 19:53:44.097523+00:00,2026-06-19 19:53:44.220570+00:00
bcc52440-7ef0-4aea-b9c9-78d3d8303ee4,completed,2026-06-19 19:53:43.946209+00:00,2026-06-19 19:53:44.076669+00:00
6735c741-5e6d-407c-8275-4ac5c17fe912,completed,2026-06-19 19:53:43.995706+00:00,2026-06-19 19:53:44.105123+00:00
1d1a9820-e6b0-4b2e-a4f8-eec3c62fd080,completed,2026-06-19 19:53:44.019279+00:00,2026-06-19 19:53:44.135392+00:00
57555f8e-1415-4205-b58a-4bc25ade7e37,completed,2026-06-19 19:53:44.792949+00:00,2026-06-19 19:53:44.916544+00:00
205ee4e0-dc20-4cd5-821d-64e50f9594d1,completed,2026-06-19 19:53:44.343050+00:00,2026-06-19 19:53:44.450241+00:00
ee4f52a3-d430-4159-bc9b-74c4926d3a6b,completed,2026-06-19 19:53:44.320561+00:00,2026-06-19 19:53:44.451405+00:00
aef55cd9-e017-44f8-879f-42267e21be16,completed,2026-06-19 19:53:44.499139+00:00,2026-06-19 19:53:44.615274+00:00
c9d2750f-beb9-4816-9259-4c8d5d6681d1,completed,2026-06-19 19:53:44.142064+00:00,2026-06-19 19:53:44.268157+00:00
9f1effb4-0414-4121-b176-6c803a8339f7,completed,2026-06-19 19:53:44.372103+00:00,2026-06-19 19:53:44.486360+00:00
47813cbf-1110-4cf0-b50c-46fffad6bf46,completed,2026-06-19 19:53:44.168018+00:00,2026-06-19 19:53:44.295549+00:00
bd7726ee-8e61-4d2d-8643-dba8b73e88fd,completed,2026-06-19 19:53:44.197750+00:00,2026-06-19 19:53:44.320233+00:00
b6035ef1-1291-43bc-83b0-b355cd277302,completed,2026-06-19 19:53:44.217812+00:00,2026-06-19 19:53:44.328539+00:00
93cfbf64-f63d-4c02-8b05-96e38e81b45f,completed,2026-06-19 19:53:44.644111+00:00,2026-06-19 19:53:44.776122+00:00
7a380c5a-88e4-4aff-98b3-9b10ec2e5835,completed,2026-06-19 19:53:44.246709+00:00,2026-06-19 19:53:44.363646+00:00
f469eecd-e362-44f8-a5d8-c0c5f610a8c9,completed,2026-06-19 19:53:44.517371+00:00,2026-06-19 19:53:44.632084+00:00
762fc101-bddb-4646-84d3-dde62471795a,completed,2026-06-19 19:53:44.273648+00:00,2026-06-19 19:53:44.394462+00:00
e1418530-eb23-4c5c-8549-b709ef4a4b0a,completed,2026-06-19 19:53:44.296607+00:00,2026-06-19 19:53:44.401092+00:00
73a96e89-9b64-40be-8ea0-fa210e63ff78,completed,2026-06-19 19:53:44.669537+00:00,2026-06-19 19:53:44.805851+00:00
4ad64a87-ff0d-424a-9114-161ab9e3dc76,completed,2026-06-19 19:53:44.568715+00:00,2026-06-19 19:53:44.699946+00:00
6a995b4f-67d9-4710-893a-34621765b921,completed,2026-06-19 19:53:44.593419+00:00,2026-06-19 19:53:44.702491+00:00
c0ba0b01-369f-4664-8704-660bb29c08a5,completed,2026-06-19 19:53:44.397714+00:00,2026-06-19 19:53:44.529265+00:00
f9bb56ee-7823-4879-b0a2-28e91b3455c7,completed,2026-06-19 19:53:44.419176+00:00,2026-06-19 19:53:44.531566+00:00
a0aeaf7d-8711-49f0-8136-d28e731b14dc,completed,2026-06-19 19:53:44.442328+00:00,2026-06-19 19:53:44.564056+00:00
e39a4237-ce7a-40b5-8883-b1bfa6a09357,completed,2026-06-19 19:53:44.466590+00:00,2026-06-19 19:53:44.592280+00:00
5c831539-b0e7-4133-ba45-63e47db25155,completed,2026-06-19 19:53:44.849539+00:00,2026-06-19 19:53:44.981846+00:00
7ad71bc2-15a4-41c4-887d-98915c598ed1,completed,2026-06-19 19:53:44.543770+00:00,2026-06-19 19:53:44.683531+00:00
d7c0c493-84c1-4c69-aa72-1197991a7129,completed,2026-06-19 19:53:44.722002+00:00,2026-06-19 19:53:44.846338+00:00
3c4182a6-63c7-421c-b1da-ea43ce318320,completed,2026-06-19 19:53:44.868828+00:00,2026-06-19 19:53:45.004844+00:00
65953319-94cb-4066-8c77-30413f7d54f0,completed,2026-06-19 19:53:44.617243+00:00,2026-06-19 19:53:44.741082+00:00
44a467c9-ca8d-4453-b28c-920c7b427bff,completed,2026-06-19 19:53:44.893456+00:00,2026-06-19 19:53:45.006628+00:00
48086a1d-ed7e-4d8b-b7e4-f0921dc2862d,completed,2026-06-19 19:53:44.816815+00:00,2026-06-19 19:53:44.931813+00:00
33e0ba57-9114-44ac-9507-4f7edc702a1d,completed,2026-06-19 19:53:44.694203+00:00,2026-06-19 19:53:44.812366+00:00
d4e1cfa5-4117-44d7-917e-64b430baf438,completed,2026-06-19 19:53:44.742289+00:00,2026-06-19 19:53:44.868155+00:00
0c1c4d7f-d3b1-45dd-a468-7c762105eb55,completed,2026-06-19 19:53:44.768307+00:00,2026-06-19 19:53:44.904039+00:00
2f6cf8b9-b34e-4873-aad8-fa094c2c4478,completed,2026-06-19 19:53:45.122463+00:00,2026-06-19 19:53:45.234031+00:00
dd58a8fc-c984-42be-9824-914ad93b4542,completed,2026-06-19 19:53:45.271458+00:00,2026-06-19 19:53:45.392545+00:00
9e38cf9a-c52a-4446-9be5-74e8965561d7,completed,2026-06-19 19:53:44.918807+00:00,2026-06-19 19:53:45.042399+00:00
0b2bb020-6bcb-4e63-a4b3-f902b0fe89d9,completed,2026-06-19 19:53:45.618874+00:00,2026-06-19 19:53:45.742913+00:00
c838818b-feb4-4ed4-83fb-dd0293bc5528,completed,2026-06-19 19:53:44.943693+00:00,2026-06-19 19:53:45.077463+00:00
50858d2a-0757-4308-895c-d986829aaee6,completed,2026-06-19 19:53:45.372857+00:00,2026-06-19 19:53:45.487932+00:00
d7907a9a-52c3-4a9a-aeee-3a896416d0b2,completed,2026-06-19 19:53:44.968552+00:00,2026-06-19 19:53:45.098685+00:00
f651bfdc-49d8-473c-b27f-0c3b968ed437,completed,2026-06-19 19:53:44.993278+00:00,2026-06-19 19:53:45.108950+00:00
acf53811-8228-41fa-ba24-be4a9d3a82f0,completed,2026-06-19 19:53:45.018956+00:00,2026-06-19 19:53:45.136841+00:00
0f919e73-6b75-41ac-912c-9b4b755cd10c,completed,2026-06-19 19:53:45.418790+00:00,2026-06-19 19:53:45.550535+00:00
901c46e9-1e92-4d85-9d5a-16aacb153a73,completed,2026-06-19 19:53:45.056159+00:00,2026-06-19 19:53:45.183013+00:00
001bc9eb-0354-42ee-9931-faae56aa7077,completed,2026-06-19 19:53:45.291914+00:00,2026-06-19 19:53:45.412760+00:00
61f6aede-b282-42b3-be7e-6e91419088f5,completed,2026-06-19 19:53:45.077416+00:00,2026-06-19 19:53:45.194509+00:00
8b5ba393-84b3-4b6c-875a-a939afc7bcd3,completed,2026-06-19 19:53:45.091472+00:00,2026-06-19 19:53:45.201191+00:00
ba0ad615-6450-4dc2-a0ae-6e72d1df5ce5,completed,2026-06-19 19:53:45.175427+00:00,2026-06-19 19:53:45.300724+00:00
64e10875-179c-4bb7-9568-a206707f7eee,completed,2026-06-19 19:53:45.183072+00:00,2026-06-19 19:53:45.311471+00:00
94599229-d3d1-4958-8c0c-7bd654442b48,completed,2026-06-19 19:53:45.193910+00:00,2026-06-19 19:53:45.317448+00:00
74bfff48-416e-4f22-a11c-72380a319ae9,completed,2026-06-19 19:53:45.542139+00:00,2026-06-19 19:53:45.667053+00:00
1b44fdc7-11fa-4f4a-ab89-da9f8466322a,completed,2026-06-19 19:53:45.218909+00:00,2026-06-19 19:53:45.356079+00:00
7ea9458d-9a9d-4afa-9c1a-3a517b56ea01,completed,2026-06-19 19:53:45.241972+00:00,2026-06-19 19:53:45.366927+00:00
d9ef0b29-99f9-4426-9669-148898633493,completed,2026-06-19 19:53:45.593540+00:00,2026-06-19 19:53:45.712602+00:00
958ca0f3-55d1-4b88-a798-40cbe908cae6,completed,2026-06-19 19:53:45.318688+00:00,2026-06-19 19:53:45.431829+00:00
61da0ad8-3183-4bbb-9cb0-8d03af5568b3,completed,2026-06-19 19:53:45.470087+00:00,2026-06-19 19:53:45.590542+00:00
a7744c1f-d116-4cc5-845c-89ce460278be,completed,2026-06-19 19:53:45.341351+00:00,2026-06-19 19:53:45.465969+00:00
02cfa6ec-bae9-43bd-9b2c-7436e5b385e6,completed,2026-06-19 19:53:45.519871+00:00,2026-06-19 19:53:45.665516+00:00
c282334b-977a-4248-a057-9ec00fc54825,completed,2026-06-19 19:53:45.399627+00:00,2026-06-19 19:53:45.536506+00:00
6a2e3fef-a09f-462b-9783-a2ddd497d347,completed,2026-06-19 19:53:45.450993+00:00,2026-06-19 19:53:45.565306+00:00
c0236255-2ca8-4680-a79e-b926ecbb2836,completed,2026-06-19 19:53:45.642989+00:00,2026-06-19 19:53:45.761348+00:00
6c82bb21-acb3-4bc3-bc20-0068901a7096,completed,2026-06-19 19:53:45.668549+00:00,2026-06-19 19:53:45.788731+00:00
113f6f50-203b-45d3-ba9d-1251dbfde6cd,completed,2026-06-19 19:53:45.528821+00:00,2026-06-19 19:53:45.650354+00:00
7baf1d3a-44af-4423-b636-532cda947221,completed,2026-06-19 19:53:45.568344+00:00,2026-06-19 19:53:45.688552+00:00
84c06919-f7a8-454e-8f0e-4ad019af7874,completed,2026-06-19 19:53:45.870622+00:00,2026-06-19 19:53:46.000261+00:00
fc389812-074d-4507-a992-009a5c69f22a,completed,2026-06-19 19:53:46.442962+00:00,2026-06-19 19:53:46.562724+00:00
6e838840-ad16-4262-9e41-153f51f2904f,completed,2026-06-19 19:53:45.891580+00:00,2026-06-19 19:53:46.019802+00:00
d77119f8-ec61-4ba4-ade0-29a051e52254,completed,2026-06-19 19:53:46.044276+00:00,2026-06-19 19:53:46.154812+00:00
81821d6c-87ae-4da5-916a-cb5893a0cbf8,completed,2026-06-19 19:53:45.693576+00:00,2026-06-19 19:53:45.812686+00:00
3e825218-abff-443f-90d1-8792031c5b0c,completed,2026-06-19 19:53:45.726034+00:00,2026-06-19 19:53:45.835721+00:00
e1cba5b6-bfd4-476c-9d72-283747970b26,completed,2026-06-19 19:53:45.922057+00:00,2026-06-19 19:53:46.046367+00:00
e916745a-db2c-4289-be1a-5e68212efba9,completed,2026-06-19 19:53:45.743784+00:00,2026-06-19 19:53:45.864263+00:00
dbb37e0e-dab5-4c3f-97ce-fa49e84d5ace,completed,2026-06-19 19:53:45.766526+00:00,2026-06-19 19:53:45.891786+00:00
7b50ac76-c5ea-4058-a0ea-6b78d4d4fcbc,completed,2026-06-19 19:53:45.794860+00:00,2026-06-19 19:53:45.920713+00:00
15efe0d6-ca90-4cf2-850f-8a7cc9c7f13a,completed,2026-06-19 19:53:45.820630+00:00,2026-06-19 19:53:45.940439+00:00
efb71083-8b33-4a27-9e90-330788b3580e,completed,2026-06-19 19:53:46.070573+00:00,2026-06-19 19:53:46.192918+00:00
281b6c80-51e9-4ba6-81c5-d43202ef0b00,completed,2026-06-19 19:53:45.844400+00:00,2026-06-19 19:53:45.962678+00:00
75a556a8-95f3-4a38-9f3c-af7036a8495b,completed,2026-06-19 19:53:46.392147+00:00,2026-06-19 19:53:46.536388+00:00
f3d3a3e7-48dd-4e38-b9ef-c14ac6fa635d,completed,2026-06-19 19:53:45.941368+00:00,2026-06-19 19:53:46.060818+00:00
9fd1ca77-fbe4-4501-8831-826f0dd55ac2,completed,2026-06-19 19:53:46.148223+00:00,2026-06-19 19:53:46.272220+00:00
64dfd3ae-6a1c-45e7-9daf-6a16b8e52e16,completed,2026-06-19 19:53:45.975159+00:00,2026-06-19 19:53:46.101809+00:00
441c1e7b-0baf-430e-87d9-cc32ad30a28d,completed,2026-06-19 19:53:45.998429+00:00,2026-06-19 19:53:46.108586+00:00
1612cf60-76d5-419b-b9eb-c411bb83acbb,completed,2026-06-19 19:53:46.306238+00:00,2026-06-19 19:53:46.417190+00:00
cab3b9a6-bd4d-4e92-b923-8e4e99019c4b,completed,2026-06-19 19:53:46.020816+00:00,2026-06-19 19:53:46.140749+00:00
c857e58b-c6b5-4d58-b559-011d4bd1dfde,completed,2026-06-19 19:53:46.093164+00:00,2026-06-19 19:53:46.204534+00:00
5531934f-547e-48c1-9a5c-1699b2163332,completed,2026-06-19 19:53:46.373405+00:00,2026-06-19 19:53:46.527273+00:00
d2e1fe07-7e04-4c67-ae31-b7119c340ca6,completed,2026-06-19 19:53:46.116762+00:00,2026-06-19 19:53:46.236551+00:00
a7a60508-168e-484d-ba63-75096818ce10,completed,2026-06-19 19:53:46.166776+00:00,2026-06-19 19:53:46.300497+00:00
b5ce5516-c2d7-44d1-8de7-453eb264b179,completed,2026-06-19 19:53:46.191429+00:00,2026-06-19 19:53:46.301601+00:00
092d45e1-3014-4b21-b328-ffe8eb8ffa8f,completed,2026-06-19 19:53:46.217210+00:00,2026-06-19 19:53:46.327854+00:00
07c457c7-0217-4607-8211-92bc9226b10f,completed,2026-06-19 19:53:46.242986+00:00,2026-06-19 19:53:46.355849+00:00
80c40c1d-cb0e-4d2d-ab5d-3176b39b59d8,completed,2026-06-19 19:53:46.416821+00:00,2026-06-19 19:53:46.540200+00:00
2db7f2b8-4686-4509-9e68-4c2f0ed763ff,completed,2026-06-19 19:53:46.271269+00:00,2026-06-19 19:53:46.396635+00:00
a915693c-1d21-4b22-89fa-406881fb4223,completed,2026-06-19 19:53:46.322501+00:00,2026-06-19 19:53:46.440687+00:00
cc359b6f-993c-4d8a-8ab3-d0e7e4f4a5c0,completed,2026-06-19 19:53:46.345149+00:00,2026-06-19 19:53:46.459441+00:00
96a15356-6dac-457a-9238-5006a61cc414,completed,2026-06-19 19:53:46.642039+00:00,2026-06-19 19:53:46.769714+00:00
389a49a7-a25c-4519-960b-464b06d9451e,completed,2026-06-19 19:53:47.217848+00:00,2026-06-19 19:53:47.332088+00:00
7d6e70e5-cfb5-4566-a642-2763e31bb8d7,completed,2026-06-19 19:53:46.673504+00:00,2026-06-19 19:53:46.791054+00:00
36965576-85b0-4c88-a1a1-5d860b9e382a,completed,2026-06-19 19:53:46.816469+00:00,2026-06-19 19:53:46.926450+00:00
a4afc8f2-1ef2-45f7-92cb-b36ef11badae,completed,2026-06-19 19:53:46.699247+00:00,2026-06-19 19:53:46.809058+00:00
f2a67455-38bc-4b38-a899-cae253fd69b6,completed,2026-06-19 19:53:46.517682+00:00,2026-06-19 19:53:46.628623+00:00
0c59f151-3c5d-46be-9a01-ef187a124b6c,completed,2026-06-19 19:53:46.501233+00:00,2026-06-19 19:53:46.635967+00:00
6354737b-d614-49c2-b4c6-ee0dcdc8521b,completed,2026-06-19 19:53:46.489472+00:00,2026-06-19 19:53:46.636186+00:00
7965fa6f-9310-4c97-92a9-94c3563e5ea8,completed,2026-06-19 19:53:46.543160+00:00,2026-06-19 19:53:46.658299+00:00
b79a1247-ffc1-4149-bc07-386b7284108f,completed,2026-06-19 19:53:46.575035+00:00,2026-06-19 19:53:46.690982+00:00
b9c28a1f-be8e-458c-aeaf-05b9700317b0,completed,2026-06-19 19:53:46.592403+00:00,2026-06-19 19:53:46.716719+00:00
425feba2-fac6-4a95-ad48-dcbf9a243acc,completed,2026-06-19 19:53:47.141856+00:00,2026-06-19 19:53:47.260799+00:00
c56c47bd-cdc2-4a18-a265-1d39a10d95ed,completed,2026-06-19 19:53:46.616988+00:00,2026-06-19 19:53:46.740956+00:00
3347572e-7277-4ae8-ae7a-c70f21dd070c,completed,2026-06-19 19:53:46.845144+00:00,2026-06-19 19:53:46.974316+00:00
f24455f0-cb3c-41fd-bb98-1ca4fc572727,completed,2026-06-19 19:53:46.895019+00:00,2026-06-19 19:53:47.025621+00:00
f1f0352b-1248-4ffc-8109-38dbf0a7f21a,completed,2026-06-19 19:53:46.718113+00:00,2026-06-19 19:53:46.829347+00:00
f21f678b-bd6a-4fc2-94f4-34554f2bc659,completed,2026-06-19 19:53:46.747349+00:00,2026-06-19 19:53:46.870909+00:00
87c2164a-99f6-481c-8b10-06c53968d52b,completed,2026-06-19 19:53:47.068335+00:00,2026-06-19 19:53:47.187414+00:00
d533f0ac-6e08-474e-95a0-32e416db05f3,completed,2026-06-19 19:53:46.767427+00:00,2026-06-19 19:53:46.894729+00:00
386e5cd1-95e5-4645-805c-b563ebe754e5,completed,2026-06-19 19:53:46.793113+00:00,2026-06-19 19:53:46.908623+00:00
a39de945-8fb8-4ca7-8184-4847d7cc2ebc,completed,2026-06-19 19:53:47.021266+00:00,2026-06-19 19:53:47.139744+00:00
1a9d0279-b588-4f6b-a0d2-5e6f38d2846f,completed,2026-06-19 19:53:46.870691+00:00,2026-06-19 19:53:47.014122+00:00
44a182f1-bc1f-40d4-a385-11d2e9069187,completed,2026-06-19 19:53:47.166440+00:00,2026-06-19 19:53:47.280650+00:00
3a2de681-6976-4731-b07e-cbd6b24a5f7b,completed,2026-06-19 19:53:46.917259+00:00,2026-06-19 19:53:47.057870+00:00
616b2dfd-05b3-4d82-90ec-705c412c9b93,completed,2026-06-19 19:53:46.941992+00:00,2026-06-19 19:53:47.068395+00:00
2fe35da2-7b91-45af-88c6-68f8f0cc44b2,completed,2026-06-19 19:53:46.967617+00:00,2026-06-19 19:53:47.097594+00:00
4aa4c295-ad9b-4987-b2c2-07f5eafbcab2,completed,2026-06-19 19:53:46.996419+00:00,2026-06-19 19:53:47.112544+00:00
9339a251-4fb1-4fb5-bba3-133ce8af9943,completed,2026-06-19 19:53:47.191980+00:00,2026-06-19 19:53:47.309006+00:00
d114e6ac-bb85-409b-a227-e0a0c82e5bd8,completed,2026-06-19 19:53:47.047586+00:00,2026-06-19 19:53:47.180844+00:00
c5643ae7-3352-4bc5-82e4-83f1f83eb04d,completed,2026-06-19 19:53:47.091976+00:00,2026-06-19 19:53:47.211337+00:00
05cbe6fd-4bf9-4fbb-8deb-0c8062464d2f,completed,2026-06-19 19:53:47.117437+00:00,2026-06-19 19:53:47.239093+00:00
bdd2af33-ca05-4dce-8845-7b1a1e8c1404,completed,2026-06-19 19:53:47.568795+00:00,2026-06-19 19:53:47.704462+00:00
dd2b16a8-e1df-4f43-ade6-f3f26b33c5ba,completed,2026-06-19 19:53:47.444067+00:00,2026-06-19 19:53:47.558835+00:00
694cfd1b-2753-46d3-b55c-90eb2186eeeb,completed,2026-06-19 19:53:47.980760+00:00,2026-06-19 19:53:48.105484+00:00
0d221fdd-0d41-4b5b-ac59-0e470c12a3b7,completed,2026-06-19 19:53:47.241933+00:00,2026-06-19 19:53:47.364173+00:00
f8a26a99-3fef-4e05-9b6e-8076285a72db,completed,2026-06-19 19:53:47.267867+00:00,2026-06-19 19:53:47.391014+00:00
4553c5a7-0827-4ade-bf7e-4c12bcf5b8b9,completed,2026-06-19 19:53:47.468421+00:00,2026-06-19 19:53:47.598059+00:00
ddc450ae-a838-448d-8510-2bc3e9573216,completed,2026-06-19 19:53:47.293946+00:00,2026-06-19 19:53:47.417157+00:00
104e69fb-d62e-4678-ab7e-1c39a722264b,completed,2026-06-19 19:53:47.494880+00:00,2026-06-19 19:53:47.612770+00:00
eaec05e1-cb7d-42e2-a7b3-a7ea78b00259,completed,2026-06-19 19:53:47.317658+00:00,2026-06-19 19:53:47.433009+00:00
e126d7e0-245d-4b7e-b386-963bfee5ffa4,completed,2026-06-19 19:53:47.593481+00:00,2026-06-19 19:53:47.712100+00:00
8f0ddbc2-ccb1-4c09-84c5-52db8f21ef5d,completed,2026-06-19 19:53:47.342608+00:00,2026-06-19 19:53:47.464442+00:00
9d1a3302-250f-4109-bd9a-00be9d40c8ee,completed,2026-06-19 19:53:47.366660+00:00,2026-06-19 19:53:47.483485+00:00
c63f8ede-7bef-4cfa-8e44-ba5bd834ee61,completed,2026-06-19 19:53:47.745030+00:00,2026-06-19 19:53:47.867652+00:00
be51fd04-3f69-4c6e-895a-a25bd15f6f2d,completed,2026-06-19 19:53:47.401904+00:00,2026-06-19 19:53:47.516340+00:00
979705d3-5a14-4a73-bbf6-7ec71d990170,completed,2026-06-19 19:53:47.618058+00:00,2026-06-19 19:53:47.732229+00:00
ecde1b1e-381a-43d9-86d9-831543d252e0,completed,2026-06-19 19:53:47.417760+00:00,2026-06-19 19:53:47.533349+00:00
c7730623-81df-4fae-9521-67c4455a351c,completed,2026-06-19 19:53:47.841912+00:00,2026-06-19 19:53:47.959276+00:00
7434815b-119b-4e05-a663-d7634e0f5673,completed,2026-06-19 19:53:47.520065+00:00,2026-06-19 19:53:47.641987+00:00
c63d5a17-0dfe-4b4b-a023-ad649663c7d9,completed,2026-06-19 19:53:47.717266+00:00,2026-06-19 19:53:47.828336+00:00
767bcc8a-e1d8-40f6-8b86-8597ff7dc7ce,completed,2026-06-19 19:53:47.543939+00:00,2026-06-19 19:53:47.664789+00:00
21c5056d-ad58-4963-b550-b6c15834e38c,completed,2026-06-19 19:53:47.695885+00:00,2026-06-19 19:53:47.840571+00:00
58691b74-4b72-4b37-9960-d2f30eac1fbe,completed,2026-06-19 19:53:47.917488+00:00,2026-06-19 19:53:48.030192+00:00
218ad1e3-b36c-4754-a5ed-8eb999152324,completed,2026-06-19 19:53:47.871346+00:00,2026-06-19 19:53:48.018122+00:00
99f0a695-7006-490e-bb15-ce587ab445da,completed,2026-06-19 19:53:47.641755+00:00,2026-06-19 19:53:47.763279+00:00
377ad25c-5007-40e3-b80a-e04b4d480854,completed,2026-06-19 19:53:47.668666+00:00,2026-06-19 19:53:47.788181+00:00
4fa8dc9c-950f-44ef-9586-823939750ac9,completed,2026-06-19 19:53:47.999513+00:00,2026-06-19 19:53:48.129251+00:00
e684d517-3e4b-4464-8cac-186b7088997e,completed,2026-06-19 19:53:47.768776+00:00,2026-06-19 19:53:47.891434+00:00
30cd4d87-4bf3-4db5-9e51-68e46f72cc48,completed,2026-06-19 19:53:47.941739+00:00,2026-06-19 19:53:48.067961+00:00
798598e4-eeaa-4b58-86cd-2f2f6045df6a,completed,2026-06-19 19:53:47.805659+00:00,2026-06-19 19:53:47.939009+00:00
200909e8-79ca-4fbb-a464-cfdf8cf26aca,completed,2026-06-19 19:53:47.817496+00:00,2026-06-19 19:53:47.949760+00:00
a4b1641f-54f0-49f8-ae40-b55b14a83f26,completed,2026-06-19 19:53:47.893413+00:00,2026-06-19 19:53:48.008885+00:00
14c6d2fd-d905-4093-a38d-00566796522f,completed,2026-06-19 19:53:48.519799+00:00,2026-06-19 19:53:48.642543+00:00
c8229d6b-18bf-48a0-885e-0a27dcccc5f6,completed,2026-06-19 19:53:48.197803+00:00,2026-06-19 19:53:48.322491+00:00
962c1c4e-d366-4bc4-8301-b9e320a260b8,completed,2026-06-19 19:53:48.216866+00:00,2026-06-19 19:53:48.340061+00:00
0d6706ca-d250-4fd6-b245-b0e9791d4947,completed,2026-06-19 19:53:48.016483+00:00,2026-06-19 19:53:48.141291+00:00
437512a5-a459-4147-8355-43401f937339,completed,2026-06-19 19:53:48.249493+00:00,2026-06-19 19:53:48.363765+00:00
f650d731-a0b6-4332-b67e-c3a08cda5c69,completed,2026-06-19 19:53:48.043096+00:00,2026-06-19 19:53:48.164564+00:00
559157d9-82da-400c-ba8b-2e2abc1e99c5,completed,2026-06-19 19:53:48.072196+00:00,2026-06-19 19:53:48.181842+00:00
28ce6f77-53a8-4fa4-84c0-afb96d2d0f6d,completed,2026-06-19 19:53:48.366837+00:00,2026-06-19 19:53:48.494018+00:00
0870d0c0-3fb3-4342-bd5b-ff4b81140301,completed,2026-06-19 19:53:48.095111+00:00,2026-06-19 19:53:48.228344+00:00
313667c4-a7f8-4da7-9146-e774aefa0cd3,completed,2026-06-19 19:53:48.122202+00:00,2026-06-19 19:53:48.234355+00:00
4ffc11f9-c47b-49c0-8811-9fc52a0f6fcc,completed,2026-06-19 19:53:48.143257+00:00,2026-06-19 19:53:48.273338+00:00
45a19ed6-90f6-4909-a4ac-6602fd89e988,completed,2026-06-19 19:53:48.717053+00:00,2026-06-19 19:53:48.836763+00:00
fa6ccf1b-a9b9-4c75-b7e3-b65845ef84e8,completed,2026-06-19 19:53:48.166483+00:00,2026-06-19 19:53:48.285434+00:00
70cb6b5b-20e5-49a1-8612-b0cbaf8266f3,completed,2026-06-19 19:53:48.400346+00:00,2026-06-19 19:53:48.523727+00:00
e0f7c4b1-a732-4648-84f9-02c61e62d5d2,completed,2026-06-19 19:53:48.746001+00:00,2026-06-19 19:53:48.879452+00:00
e9f679c9-ae59-40b1-8b25-c055997810b0,completed,2026-06-19 19:53:48.275728+00:00,2026-06-19 19:53:48.401284+00:00
c25fb51a-d23a-45b7-8593-a4fe12ebce42,completed,2026-06-19 19:53:48.298111+00:00,2026-06-19 19:53:48.418954+00:00
6217b57b-946c-4729-9ac4-c5a66e85e7da,completed,2026-06-19 19:53:48.691208+00:00,2026-06-19 19:53:48.840706+00:00
bff0b141-a73a-4846-a757-607a0ac1eb98,completed,2026-06-19 19:53:48.317388+00:00,2026-06-19 19:53:48.436567+00:00
4b2239ac-fbe5-4d1e-a356-6be46a27891f,completed,2026-06-19 19:53:48.346230+00:00,2026-06-19 19:53:48.462822+00:00
9f1921cf-9387-42d9-9051-49d5808f9d3f,completed,2026-06-19 19:53:48.417499+00:00,2026-06-19 19:53:48.544714+00:00
ba39a1fb-41e2-4af5-a7ba-ade9bd7a10dd,completed,2026-06-19 19:53:48.566676+00:00,2026-06-19 19:53:48.681009+00:00
2c0a9daa-9b46-4635-a063-c6f90004b8cc,completed,2026-06-19 19:53:48.445218+00:00,2026-06-19 19:53:48.568035+00:00
1a8eb0d1-fd91-421a-bf11-44e8af3b2abc,completed,2026-06-19 19:53:48.468175+00:00,2026-06-19 19:53:48.618529+00:00
61130c4a-2e7f-458c-a48c-e50ce0e4f9b4,completed,2026-06-19 19:53:48.653952+00:00,2026-06-19 19:53:48.765697+00:00
0e43c2b4-5923-439b-96af-7723f1e6e29e,completed,2026-06-19 19:53:48.493904+00:00,2026-06-19 19:53:48.629841+00:00
199d9d47-8e8e-473c-bf50-1aaa27b98a05,completed,2026-06-19 19:53:48.546964+00:00,2026-06-19 19:53:48.670526+00:00
7a0391e8-1c1d-4466-86d1-d19b91469d21,completed,2026-06-19 19:53:48.595108+00:00,2026-06-19 19:53:48.712411+00:00
e2c89494-a20d-4486-9f80-4ad6484a3b12,completed,2026-06-19 19:53:48.617474+00:00,2026-06-19 19:53:48.749716+00:00
de52c590-2fd4-40ad-b0bb-60aa34ef9282,completed,2026-06-19 19:53:48.770131+00:00,2026-06-19 19:53:48.903316+00:00
ca7f8786-7bae-44b5-8e7a-b529c2bd904e,completed,2026-06-19 19:53:48.672009+00:00,2026-06-19 19:53:48.801334+00:00
bb07e082-389f-458b-90fe-300d0835907d,completed,2026-06-19 19:53:49.296461+00:00,2026-06-19 19:53:49.417460+00:00
8f3999bb-03bd-4b85-aaf8-ef5d3fab1989,completed,2026-06-19 19:53:48.999434+00:00,2026-06-19 19:53:49.128254+00:00
48e43dc7-abd0-4386-9f6d-7aadaccc1adc,completed,2026-06-19 19:53:48.793091+00:00,2026-06-19 19:53:48.900433+00:00
f61ffc67-932d-497f-a649-e321ff198513,completed,2026-06-19 19:53:49.019600+00:00,2026-06-19 19:53:49.144911+00:00
c1aa63b3-ce25-4bb6-86ad-75febdf83ab8,completed,2026-06-19 19:53:49.222146+00:00,2026-06-19 19:53:49.349983+00:00
fdf4f70e-5b38-47eb-b6b5-dbd024d4f9b2,completed,2026-06-19 19:53:48.820401+00:00,2026-06-19 19:53:48.956067+00:00
b4fe07ea-15c7-47f3-a935-33834a53fee8,completed,2026-06-19 19:53:48.841030+00:00,2026-06-19 19:53:48.956042+00:00
7c4254f4-a3f5-45e7-8638-522cfe5d2ad9,completed,2026-06-19 19:53:49.045272+00:00,2026-06-19 19:53:49.167326+00:00
15f86815-3e16-45ca-8891-e12d33c2cdf8,completed,2026-06-19 19:53:48.872114+00:00,2026-06-19 19:53:48.993513+00:00
84f860b4-b3e8-4309-b9b9-6a40f3a38609,completed,2026-06-19 19:53:49.441512+00:00,2026-06-19 19:53:49.562877+00:00
4194febd-f1a2-4ca3-b7e3-1c49fafc44bb,completed,2026-06-19 19:53:48.894525+00:00,2026-06-19 19:53:49.016601+00:00
aa6b8d52-55e9-4537-b04d-9f82dae5796c,completed,2026-06-19 19:53:49.145465+00:00,2026-06-19 19:53:49.281188+00:00
7dccf735-9645-4066-b0d3-19d07a1e5d66,completed,2026-06-19 19:53:48.927449+00:00,2026-06-19 19:53:49.053147+00:00
ac31f03b-f23e-44b3-8ef5-96ae51f41f0a,completed,2026-06-19 19:53:49.323644+00:00,2026-06-19 19:53:49.448109+00:00
9c1214e1-60cb-4291-88ed-25ec42776619,completed,2026-06-19 19:53:48.944837+00:00,2026-06-19 19:53:49.072531+00:00
5be74d5b-17b2-4493-b5bf-d58009a02d3d,completed,2026-06-19 19:53:48.968328+00:00,2026-06-19 19:53:49.092794+00:00
271c5639-84d6-4f7b-a3ed-70f9b50432d1,completed,2026-06-19 19:53:49.067451+00:00,2026-06-19 19:53:49.190249+00:00
ab962f4b-4c8e-47d5-970c-aba5c984bce3,completed,2026-06-19 19:53:49.393013+00:00,2026-06-19 19:53:49.511266+00:00
b85349b9-09e1-4d35-b8d3-610d50f2ebf6,completed,2026-06-19 19:53:49.096125+00:00,2026-06-19 19:53:49.206858+00:00
31f726c7-31e5-4819-a0f8-611f945b9370,completed,2026-06-19 19:53:49.117593+00:00,2026-06-19 19:53:49.243832+00:00
8b520b1a-ea59-4389-941f-760663fd58b4,completed,2026-06-19 19:53:49.182576+00:00,2026-06-19 19:53:49.310497+00:00
900e1165-828c-4273-a8d8-a22007c394f3,completed,2026-06-19 19:53:49.200395+00:00,2026-06-19 19:53:49.323242+00:00
9198bc70-186d-4d0d-ac94-b0c562f44bff,completed,2026-06-19 19:53:49.518890+00:00,2026-06-19 19:53:49.647213+00:00
765f1e44-bd29-4c19-887d-8fb33c1dac8a,completed,2026-06-19 19:53:49.248926+00:00,2026-06-19 19:53:49.383317+00:00
0a975a52-0fdb-40b4-966f-400251ea8beb,completed,2026-06-19 19:53:49.541521+00:00,2026-06-19 19:53:49.656746+00:00
4ae48d2d-904b-4b6d-a3d7-31c536eb3d06,completed,2026-06-19 19:53:49.269101+00:00,2026-06-19 19:53:49.413139+00:00
82309f00-d08a-4197-ab99-63486db140a4,completed,2026-06-19 19:54:06.626345+00:00,2026-06-19 19:54:06.738307+00:00
d25c786d-28ac-4d2f-92b8-5314caf56e5e,completed,2026-06-19 19:53:49.342208+00:00,2026-06-19 19:53:49.456677+00:00
986fe897-aec8-44e8-93b0-dec730d1f0ff,completed,2026-06-19 19:53:49.471243+00:00,2026-06-19 19:53:49.607006+00:00
85889492-e6c1-4b67-8f20-e3d26263a98b,completed,2026-06-19 19:53:49.372195+00:00,2026-06-19 19:53:49.499608+00:00
522522b6-f30a-495b-b9d6-ae80d8daaeb5,completed,2026-06-19 19:53:49.492253+00:00,2026-06-19 19:53:49.603881+00:00
1a1943b6-2801-40b4-97d8-c0f1764f4e82,completed,2026-06-19 19:53:49.417278+00:00,2026-06-19 19:53:49.546848+00:00
14ad97c2-1bf7-4a6c-973a-a206d0a03785,completed,2026-06-19 19:54:07.361713+00:00,2026-06-19 19:54:07.470595+00:00
4a8448cf-3751-41a3-b90a-06b4a070f675,completed,2026-06-19 19:54:07.021382+00:00,2026-06-19 19:54:07.127222+00:00
4e1c41e5-8142-45c6-8ed2-71dfd2adb053,completed,2026-06-19 19:54:07.056047+00:00,2026-06-19 19:54:07.155094+00:00
dd42675b-dda9-482f-9db0-227266609a9d,completed,2026-06-19 19:54:06.753958+00:00,2026-06-19 19:54:06.879681+00:00
757ba23d-bd6f-497c-9cac-7626925ba8bd,completed,2026-06-19 19:54:07.222543+00:00,2026-06-19 19:54:07.336035+00:00
0e3481ee-e2c7-4d22-abe3-6d1c6d22834c,completed,2026-06-19 19:54:06.792344+00:00,2026-06-19 19:54:06.912924+00:00
d5ecc11c-3c58-44eb-9a2d-56797c8f5433,completed,2026-06-19 19:54:06.826597+00:00,2026-06-19 19:54:06.934050+00:00
e2446460-2808-4d82-9ae1-fbeb461b4278,completed,2026-06-19 19:54:06.852471+00:00,2026-06-19 19:54:06.954790+00:00
c9f72406-1492-48ac-b991-69ed829da02d,completed,2026-06-19 19:54:07.086802+00:00,2026-06-19 19:54:07.211528+00:00
24af11c6-fa35-45e1-98e9-db292ebd8d88,completed,2026-06-19 19:54:06.885123+00:00,2026-06-19 19:54:06.993548+00:00
cc24dcad-6557-4b36-b097-7b3f90039d8a,completed,2026-06-19 19:54:07.432149+00:00,2026-06-19 19:54:07.542037+00:00
aaf6e3fd-806d-47cf-988f-0fb14466c332,completed,2026-06-19 19:54:06.919463+00:00,2026-06-19 19:54:07.027623+00:00
1f5a0852-2c55-4a29-998f-3e8d8dfd060a,completed,2026-06-19 19:54:07.262928+00:00,2026-06-19 19:54:07.385664+00:00
71a8ca38-bbc1-4cb2-ae71-db3179df511b,completed,2026-06-19 19:54:06.962186+00:00,2026-06-19 19:54:07.070451+00:00
cd2a615d-6284-4005-82d5-3dbb97737058,completed,2026-06-19 19:54:06.985607+00:00,2026-06-19 19:54:07.095988+00:00
bb3b1297-cb74-4fc4-8cb5-2088ef5d3ca4,completed,2026-06-19 19:54:07.123740+00:00,2026-06-19 19:54:07.244771+00:00
a36a0cef-478c-4bec-856a-4c9c49758c28,completed,2026-06-19 19:54:07.159618+00:00,2026-06-19 19:54:07.263949+00:00
0d0177a8-12a1-445b-8a12-7a514f18ecec,completed,2026-06-19 19:54:07.189084+00:00,2026-06-19 19:54:07.302883+00:00
b0b48d28-adb8-401a-9a8a-5765e4157eac,completed,2026-06-19 19:54:07.291284+00:00,2026-06-19 19:54:07.408764+00:00
2c0f23c1-01db-4a6b-adde-87bca24e33f2,completed,2026-06-19 19:54:07.507686+00:00,2026-06-19 19:54:07.620150+00:00
1a808d5c-1cfe-44c8-ad16-9394cb7390af,completed,2026-06-19 19:54:07.331310+00:00,2026-06-19 19:54:07.446439+00:00
1d99c47b-f98a-4a5f-9e6c-0788ebe34ece,completed,2026-06-19 19:54:07.394885+00:00,2026-06-19 19:54:07.509160+00:00
d65df794-4e6b-485e-be4d-4cdec4063642,completed,2026-06-19 19:54:07.674282+00:00,2026-06-19 19:54:07.786256+00:00
178a9758-1f03-48c4-b4e8-13989e83bb14,completed,2026-06-19 19:54:07.569389+00:00,2026-06-19 19:54:07.669729+00:00
0492f02b-6a1d-4227-a5b2-75c4e12ebed8,completed,2026-06-19 19:54:07.708966+00:00,2026-06-19 19:54:07.824534+00:00
b0e6e2d8-ed2a-411a-8bc0-6929a00285dd,completed,2026-06-19 19:54:07.474712+00:00,2026-06-19 19:54:07.582670+00:00
92efb620-5c94-4486-b90f-f0208f745faa,completed,2026-06-19 19:54:07.533656+00:00,2026-06-19 19:54:07.646952+00:00
cf2cf5f3-e5c3-44ad-92a2-98458c7a33db,completed,2026-06-19 19:54:07.743405+00:00,2026-06-19 19:54:07.848993+00:00
a6bc4b08-9323-477c-abe5-6214968f5764,completed,2026-06-19 19:54:07.604201+00:00,2026-06-19 19:54:07.715480+00:00
0f135fbb-ceb3-4a87-a032-75f06504dcb0,completed,2026-06-19 19:54:07.637305+00:00,2026-06-19 19:54:07.777342+00:00
35526ecb-fce5-4c4c-b652-d0b2586ad86f,completed,2026-06-19 19:53:50.353766+00:00,2026-06-19 19:53:50.467676+00:00
f53c6f18-cc60-4b04-b50d-a5b701c19968,completed,2026-06-19 19:53:49.941280+00:00,2026-06-19 19:53:50.062195+00:00
2be0c700-4964-4ca2-bee5-ccfff0449d42,completed,2026-06-19 19:53:49.798511+00:00,2026-06-19 19:53:49.929278+00:00
02651fc3-c6d1-4163-8200-a479bd8f0904,completed,2026-06-19 19:53:49.592934+00:00,2026-06-19 19:53:49.718119+00:00
40187d69-46c4-47cc-8bf3-192911c0652d,completed,2026-06-19 19:53:49.767692+00:00,2026-06-19 19:53:49.930598+00:00
25b490a0-8942-4650-8d6c-2c391ba55d1c,completed,2026-06-19 19:53:49.616165+00:00,2026-06-19 19:53:49.743454+00:00
68c9ba59-3863-4a51-9430-b00142b1ba22,completed,2026-06-19 19:53:50.291855+00:00,2026-06-19 19:53:50.418635+00:00
9105615f-d02b-4703-ae46-db1e1886b0bf,completed,2026-06-19 19:53:49.641657+00:00,2026-06-19 19:53:49.765576+00:00
358369c8-5752-4936-b76a-defdc9600702,completed,2026-06-19 19:53:49.672428+00:00,2026-06-19 19:53:49.789183+00:00
efd1db5a-2592-4cab-b682-eb76359588ac,completed,2026-06-19 19:53:50.093627+00:00,2026-06-19 19:53:50.214818+00:00
ca646b8a-2f84-4a5c-81c5-99f652619a62,completed,2026-06-19 19:53:49.968573+00:00,2026-06-19 19:53:50.083480+00:00
d1d37c29-eb41-40e0-9997-028f1d65e5f1,completed,2026-06-19 19:53:49.735507+00:00,2026-06-19 19:53:49.850543+00:00
eca40198-4dea-42e1-9c32-0d96fb8468fa,completed,2026-06-19 19:53:49.742945+00:00,2026-06-19 19:53:49.864827+00:00
557bba19-43ca-4e44-bfb2-ccb84f61c7f3,completed,2026-06-19 19:53:49.745866+00:00,2026-06-19 19:53:49.869174+00:00
bd4650a9-3992-47b9-b1cd-475f89344e88,completed,2026-06-19 19:53:50.267985+00:00,2026-06-19 19:53:50.386321+00:00
5267b95b-0509-445c-bce7-ec50747375c9,completed,2026-06-19 19:53:49.830118+00:00,2026-06-19 19:53:49.959403+00:00
39c492fc-0c56-4f0a-8587-dd4814be269f,completed,2026-06-19 19:53:50.052757+00:00,2026-06-19 19:53:50.162306+00:00
e867ed83-82e2-4f41-aa1c-5f3e3b1ee4c8,completed,2026-06-19 19:53:49.849487+00:00,2026-06-19 19:53:49.973150+00:00
c50de76e-d70f-46c1-ab24-5cff74fd414a,completed,2026-06-19 19:53:49.873965+00:00,2026-06-19 19:53:49.987300+00:00
0fefa28d-4ae0-4471-a3cc-7b4fc07d52e9,completed,2026-06-19 19:53:49.891282+00:00,2026-06-19 19:53:50.007685+00:00
91d2c858-37ab-4723-98b6-f40b3e6c66e9,completed,2026-06-19 19:53:49.919400+00:00,2026-06-19 19:53:50.044852+00:00
d4028bfd-5e5f-43a3-98f7-c59d20d40dfa,completed,2026-06-19 19:53:49.994177+00:00,2026-06-19 19:53:50.110782+00:00
3a8a9227-85d8-40c7-966a-c492fc8c1f3a,completed,2026-06-19 19:53:50.142079+00:00,2026-06-19 19:53:50.254529+00:00
2472b96b-feca-4b5d-8ccc-d70670a39480,completed,2026-06-19 19:53:50.021251+00:00,2026-06-19 19:53:50.143464+00:00
6c2964f9-fd18-4efd-aa49-9de292032ce9,completed,2026-06-19 19:53:50.318167+00:00,2026-06-19 19:53:50.442309+00:00
ad0fd1da-43dd-4045-8b07-384bc42174c6,completed,2026-06-19 19:53:50.078740+00:00,2026-06-19 19:53:50.192840+00:00
cf8f2f0c-87f1-4804-98e8-5e57a0d29afa,completed,2026-06-19 19:53:50.121166+00:00,2026-06-19 19:53:50.236581+00:00
1e715e82-75b5-4402-8f7e-d54229415e56,completed,2026-06-19 19:53:50.167489+00:00,2026-06-19 19:53:50.290672+00:00
5ca275bd-c61d-42f7-999e-484b4af55ad1,completed,2026-06-19 19:53:50.194671+00:00,2026-06-19 19:53:50.316246+00:00
c20b8e6d-a4da-4407-aee2-7dd72123851e,completed,2026-06-19 19:53:50.218529+00:00,2026-06-19 19:53:50.335394+00:00
4d0415c8-88fb-4009-a187-7df037902669,completed,2026-06-19 19:53:50.243111+00:00,2026-06-19 19:53:50.362940+00:00
e540fc5b-8542-48e6-a259-a36541e9d009,completed,2026-06-19 19:53:50.567082+00:00,2026-06-19 19:53:50.876973+00:00
e6802dc7-8f6e-4b8a-89a8-acc3f6bebc93,completed,2026-06-19 19:53:50.898270+00:00,2026-06-19 19:53:51.321630+00:00
f30fbc93-faee-41a4-87b6-089c85b08896,completed,2026-06-19 19:53:50.370273+00:00,2026-06-19 19:53:50.477274+00:00
e63214e1-7b87-447a-b3eb-bb04ffb7dc9d,completed,2026-06-19 19:53:50.391912+00:00,2026-06-19 19:53:50.514135+00:00
f5cb46c6-ac53-4733-a632-38a0f12598ea,completed,2026-06-19 19:53:50.616552+00:00,2026-06-19 19:53:50.748548+00:00
81233fbc-a323-47b7-b40f-7b4b0d5237c1,completed,2026-06-19 19:53:50.417165+00:00,2026-06-19 19:53:50.537360+00:00
aa8d28b4-7cc0-40c6-98ed-6402d189bd40,completed,2026-06-19 19:53:51.067565+00:00,2026-06-19 19:53:51.292408+00:00
19895614-9186-4ed6-a515-f66db39f86fd,completed,2026-06-19 19:53:51.143493+00:00,2026-06-19 19:53:51.336820+00:00
637a005f-785c-48e0-b248-3c38be525db0,completed,2026-06-19 19:53:50.466792+00:00,2026-06-19 19:53:50.586764+00:00
0352be06-045f-463b-85a2-e95098b697ca,completed,2026-06-19 19:54:06.654724+00:00,2026-06-19 19:54:06.779163+00:00
750887bd-79b6-4ba6-a645-fadc70dc8345,completed,2026-06-19 19:53:50.491474+00:00,2026-06-19 19:53:50.612175+00:00
3d1ca0a4-9c02-4fd6-84e9-ca7fb3115e89,completed,2026-06-19 19:53:50.517619+00:00,2026-06-19 19:53:50.649625+00:00
c6a24fab-bed7-48ec-b5e4-060af694f997,completed,2026-06-19 19:53:50.542702+00:00,2026-06-19 19:53:50.667570+00:00
b68b5639-b40e-46cd-99a7-eb66780be8fd,completed,2026-06-19 19:53:50.642322+00:00,2026-06-19 19:53:50.780702+00:00
35116354-bc12-4fa6-bf98-56eca801016e,completed,2026-06-19 19:53:50.443901+00:00,2026-06-19 19:53:50.788693+00:00
f53532c1-4dc6-440f-b4a9-1ff74e36a16d,completed,2026-06-19 19:53:50.680464+00:00,2026-06-19 19:53:50.808649+00:00
410ae20f-c3a2-4af9-911d-8d92bf0efcde,completed,2026-06-19 19:53:50.819360+00:00,2026-06-19 19:53:51.016226+00:00
3f8a7c98-b654-49b0-9cf1-a31414f9ad3d,completed,2026-06-19 19:53:50.767677+00:00,2026-06-19 19:53:50.928398+00:00
186bc153-85f5-4416-b3f3-fc8ba0e57ce2,completed,2026-06-19 19:53:51.167101+00:00,2026-06-19 19:53:51.396280+00:00
a596dbb2-db99-458c-8a8b-31bf2ad20f50,completed,2026-06-19 19:53:50.591113+00:00,2026-06-19 19:53:50.946776+00:00
9b03a80b-97b6-4ee6-ba7f-1ed9122958a5,completed,2026-06-19 19:53:51.116850+00:00,2026-06-19 19:53:51.340186+00:00
913f88bd-d2e1-4a59-ac1b-4c0fa9722c59,completed,2026-06-19 19:53:50.794942+00:00,2026-06-19 19:53:50.956175+00:00
122419e5-2bcb-4651-b4af-1028b8e2ef65,completed,2026-06-19 19:53:51.090906+00:00,2026-06-19 19:53:51.300079+00:00
a1a2c53c-3042-4ba8-9a91-a49a7b441963,completed,2026-06-19 19:53:50.692325+00:00,2026-06-19 19:53:51.037757+00:00
c12b73cc-da5f-4d01-b0e8-661861de202c,completed,2026-06-19 19:53:50.866736+00:00,2026-06-19 19:53:51.067835+00:00
ff42e532-fc87-4719-a85f-8e4972245756,completed,2026-06-19 19:53:50.852113+00:00,2026-06-19 19:53:51.069957+00:00
d8bff869-2f59-4496-b710-2dea838235c7,completed,2026-06-19 19:53:50.717752+00:00,2026-06-19 19:53:51.130940+00:00
c22c038f-5d47-48da-a580-bfa6c5c027d9,completed,2026-06-19 19:53:50.741686+00:00,2026-06-19 19:53:51.137492+00:00
ae754e20-1c2f-43c5-9581-ed3751501ee3,completed,2026-06-19 19:53:50.925015+00:00,2026-06-19 19:53:51.157369+00:00
d1bdfd20-d76f-4822-80cc-b3090796f95e,completed,2026-06-19 19:53:50.991253+00:00,2026-06-19 19:53:51.201909+00:00
bf1060ca-c4f7-45aa-b661-2b4290e449d4,completed,2026-06-19 19:53:51.044985+00:00,2026-06-19 19:53:51.258316+00:00
af75dc42-4d82-4599-a09d-43af56903eec,completed,2026-06-19 19:53:51.383980+00:00,2026-06-19 19:53:51.507544+00:00
90109588-39e8-49e2-bdb6-4d0e19f493f4,completed,2026-06-19 19:53:51.367473+00:00,2026-06-19 19:53:51.511379+00:00
451cfc3a-a560-4831-8dd5-f114837c9089,completed,2026-06-19 19:53:51.619995+00:00,2026-06-19 19:53:51.747062+00:00
899f2647-ee03-4668-a4b8-20bf2b3f3e3b,completed,2026-06-19 19:53:51.192254+00:00,2026-06-19 19:53:51.385249+00:00
7ec42f95-17c1-4f43-85a7-e69d97271dda,completed,2026-06-19 19:53:51.691897+00:00,2026-06-19 19:53:51.835281+00:00
b4d4fcef-1de2-47c2-ae69-bd68957b49be,completed,2026-06-19 19:53:51.216887+00:00,2026-06-19 19:53:51.429952+00:00
b9ef0593-2aaa-49e4-b1f0-02679bf4e41d,completed,2026-06-19 19:53:51.543880+00:00,2026-06-19 19:53:51.681297+00:00
3eac5e7c-4e0d-4474-81b0-73d8b19b9acb,completed,2026-06-19 19:53:51.257234+00:00,2026-06-19 19:53:51.436736+00:00
680ae609-0c9a-434f-b14c-493965a953d5,completed,2026-06-19 19:53:51.268929+00:00,2026-06-19 19:53:51.466161+00:00
1e1f878d-07c3-4704-b958-996a104a407c,completed,2026-06-19 19:53:51.870417+00:00,2026-06-19 19:53:51.988841+00:00
db6a3f75-cfe7-4c49-a17b-88f698a64410,completed,2026-06-19 19:53:51.293435+00:00,2026-06-19 19:53:51.472356+00:00
b0f228ec-2777-4b58-b667-a2b3b909e44b,completed,2026-06-19 19:53:51.566806+00:00,2026-06-19 19:53:51.705331+00:00
0d1d3fae-e7a5-4357-90bb-babdcd09ffbc,completed,2026-06-19 19:53:51.321430+00:00,2026-06-19 19:53:51.484379+00:00
54946563-6cac-4a35-821e-814fc432509f,completed,2026-06-19 19:53:51.593138+00:00,2026-06-19 19:53:51.707175+00:00
91fd23f0-7ac0-4096-a737-f3262f2de060,completed,2026-06-19 19:53:51.398080+00:00,2026-06-19 19:53:51.550758+00:00
3fbb05af-33c9-43e1-8146-9c7bf9abc57e,completed,2026-06-19 19:53:51.415824+00:00,2026-06-19 19:53:51.579967+00:00
405836a9-f009-4193-b6ab-20852a8ae29f,completed,2026-06-19 19:53:51.466351+00:00,2026-06-19 19:53:51.590287+00:00
4a1c5119-c372-4ee1-a68b-62005021d7fc,completed,2026-06-19 19:53:51.921778+00:00,2026-06-19 19:53:52.036635+00:00
dfbddb87-5d6f-4ba8-9f3d-2afbba0b01cd,completed,2026-06-19 19:53:51.445152+00:00,2026-06-19 19:53:51.610461+00:00
d8db46cb-457c-4997-af67-742e876a2d46,completed,2026-06-19 19:53:51.717107+00:00,2026-06-19 19:53:51.836331+00:00
94819965-1b68-4bc3-96c2-93a7fe2f9f43,completed,2026-06-19 19:53:51.493047+00:00,2026-06-19 19:53:51.628347+00:00
395f36ed-a7bc-4342-8d1b-9b7e03cdf075,completed,2026-06-19 19:53:51.518355+00:00,2026-06-19 19:53:51.645529+00:00
516ed0bc-5e0b-4c61-88ee-42faf138c026,completed,2026-06-19 19:53:51.741210+00:00,2026-06-19 19:53:51.848370+00:00
3a0232a7-ba49-49bb-b611-c9a9eebe6ce3,completed,2026-06-19 19:53:51.892113+00:00,2026-06-19 19:53:52.025050+00:00
bee6f253-ba29-4ce6-a599-8648beb0f664,completed,2026-06-19 19:53:51.673491+00:00,2026-06-19 19:53:51.780199+00:00
0a57d6be-3b8e-4ee9-a5c8-19afb47f1187,completed,2026-06-19 19:53:51.661415+00:00,2026-06-19 19:53:51.792474+00:00
17d1f2fb-1106-4588-9d0b-72e81eb7ab4c,completed,2026-06-19 19:53:51.943354+00:00,2026-06-19 19:53:52.052387+00:00
56009799-bebe-435b-8099-e47095e21d48,completed,2026-06-19 19:53:51.770175+00:00,2026-06-19 19:53:51.889860+00:00
00b9d469-41eb-4e89-8e16-85a07e47dcc1,completed,2026-06-19 19:53:51.792715+00:00,2026-06-19 19:53:51.908554+00:00
e6671d75-58a7-4156-9e39-b0050b87f89d,completed,2026-06-19 19:53:51.818953+00:00,2026-06-19 19:53:51.932975+00:00
92bb8561-868c-462b-949d-2b7ee195450f,completed,2026-06-19 19:53:51.842130+00:00,2026-06-19 19:53:51.963174+00:00
8b24e2e1-3cba-479e-8c00-5395b46ceae6,completed,2026-06-19 19:53:52.291597+00:00,2026-06-19 19:53:52.423269+00:00
03cb13f9-e67d-4276-ba17-79738ec33b9d,completed,2026-06-19 19:53:52.666722+00:00,2026-06-19 19:53:52.784988+00:00
ca683d0c-dc52-4c13-9c19-e9ae4d982250,completed,2026-06-19 19:53:52.166330+00:00,2026-06-19 19:53:52.297048+00:00
a093c528-94b5-480e-bad9-8bdb4070c5c4,completed,2026-06-19 19:53:52.142716+00:00,2026-06-19 19:53:52.297885+00:00
7e1e9582-431e-44f4-89bd-bf74f9dda0d0,completed,2026-06-19 19:53:51.967997+00:00,2026-06-19 19:53:52.082270+00:00
62a8aa49-c73f-4bb5-9ad1-837e62f99a7e,completed,2026-06-19 19:53:51.991626+00:00,2026-06-19 19:53:52.109955+00:00
05a9ed9e-09a0-44e7-8fec-ccdff88a347c,completed,2026-06-19 19:53:52.420321+00:00,2026-06-19 19:53:52.540503+00:00
a8aeb75f-5b2f-495d-8269-0328bddda7a9,completed,2026-06-19 19:53:52.016198+00:00,2026-06-19 19:53:52.130196+00:00
f190096a-1853-4211-a6ca-85bc5c173fd4,completed,2026-06-19 19:53:52.041359+00:00,2026-06-19 19:53:52.165321+00:00
95302194-43f4-4f59-9e5e-b87dc83b0d6d,completed,2026-06-19 19:53:52.316400+00:00,2026-06-19 19:53:52.435932+00:00
10c695ce-9825-44cb-9ec9-687e742ad29a,completed,2026-06-19 19:53:52.065413+00:00,2026-06-19 19:53:52.186716+00:00
4321a515-905c-4cfc-a5ae-07e09d956c34,completed,2026-06-19 19:53:52.093867+00:00,2026-06-19 19:53:52.206185+00:00
c1be98d3-0625-40d1-afcc-bb25283cdc83,completed,2026-06-19 19:53:52.115855+00:00,2026-06-19 19:53:52.224662+00:00
0b53723f-2d2e-4053-9e7a-ca67ded9bc15,completed,2026-06-19 19:53:52.342435+00:00,2026-06-19 19:53:52.460509+00:00
2443a439-6f84-422b-89a6-6b2eba237aad,completed,2026-06-19 19:53:52.191022+00:00,2026-06-19 19:53:52.332037+00:00
b3b8ebb9-0feb-4de9-bd20-c958655766ea,completed,2026-06-19 19:53:52.217830+00:00,2026-06-19 19:53:52.336449+00:00
131ce5ec-0483-4016-853b-901f962f97f0,completed,2026-06-19 19:53:52.243935+00:00,2026-06-19 19:53:52.363281+00:00
eb6b8ea2-74ef-47aa-a543-bd5364824a3e,completed,2026-06-19 19:53:52.692532+00:00,2026-06-19 19:53:52.807604+00:00
bba5351a-b435-4bc0-88a8-2da84e82725c,completed,2026-06-19 19:53:52.267151+00:00,2026-06-19 19:53:52.410758+00:00
9254b931-8616-4123-82be-3bfbf817b024,completed,2026-06-19 19:53:52.543759+00:00,2026-06-19 19:53:52.653773+00:00
74230812-0a3c-41d6-b567-cb43bafbac36,completed,2026-06-19 19:53:52.367171+00:00,2026-06-19 19:53:52.488718+00:00
4582dbc7-c4ad-4fc3-8a45-ef6b56e0f779,completed,2026-06-19 19:53:52.642805+00:00,2026-06-19 19:53:52.768983+00:00
7f167107-9455-4017-85d8-d2133ab55d51,completed,2026-06-19 19:53:52.392135+00:00,2026-06-19 19:53:52.520346+00:00
b1ef7f89-8ecb-4843-9cbd-98cddfa22d16,completed,2026-06-19 19:53:52.590644+00:00,2026-06-19 19:53:52.715122+00:00
0426c8bb-5e6f-4b5e-a657-55051a92d95f,completed,2026-06-19 19:53:52.449713+00:00,2026-06-19 19:53:52.574846+00:00
415a45e3-f6ab-4083-81e0-93b5422acba7,completed,2026-06-19 19:53:52.496581+00:00,2026-06-19 19:53:52.623715+00:00
8126225c-a6ed-495c-923c-37ac9061e00c,completed,2026-06-19 19:53:52.479993+00:00,2026-06-19 19:53:52.624844+00:00
d54915d9-638c-4a0b-ae8d-01d95bfeae74,completed,2026-06-19 19:53:52.521573+00:00,2026-06-19 19:53:52.640855+00:00
de763698-2f21-4f33-aa3f-d292b72c3bf1,completed,2026-06-19 19:53:52.716269+00:00,2026-06-19 19:53:52.846878+00:00
20991bd5-6970-49cf-be18-d508623cdd64,completed,2026-06-19 19:53:52.567983+00:00,2026-06-19 19:53:52.696441+00:00
995ba5aa-8ad7-4e3e-be85-6559b6209f55,completed,2026-06-19 19:53:52.622296+00:00,2026-06-19 19:53:52.737634+00:00
e8046ca4-cb3e-4c51-8514-c441e2b1f757,completed,2026-06-19 19:53:53.095783+00:00,2026-06-19 19:53:53.214101+00:00
332a10e4-6e5b-4f66-8699-ebda20112a87,completed,2026-06-19 19:53:52.952641+00:00,2026-06-19 19:53:53.076857+00:00
ad35c587-3c5e-43fe-bb6e-496abefdf669,completed,2026-06-19 19:53:52.741439+00:00,2026-06-19 19:53:52.868674+00:00
c2f7d137-b30b-4ac7-8eb1-061d23ac63b4,completed,2026-06-19 19:53:53.468573+00:00,2026-06-19 19:53:53.584012+00:00
7573ceda-6a01-45e4-8cfc-f2b1142e5154,completed,2026-06-19 19:53:52.767344+00:00,2026-06-19 19:53:52.892694+00:00
585b287f-f986-42ce-bfdb-4a4a91760221,completed,2026-06-19 19:53:52.970438+00:00,2026-06-19 19:53:53.116523+00:00
7b6a4eb8-1ea0-4c28-88ca-1a6976ee0033,completed,2026-06-19 19:53:52.816963+00:00,2026-06-19 19:53:52.948745+00:00
b670bbff-aa3b-44a7-9fb5-ee2f27902ff5,completed,2026-06-19 19:53:52.792093+00:00,2026-06-19 19:53:52.957060+00:00
5dc2afb0-1c40-40fb-8f66-5fb58d69280c,completed,2026-06-19 19:53:52.840832+00:00,2026-06-19 19:53:52.957839+00:00
67f4f551-a2ee-47af-b08d-e09c8fb0e121,completed,2026-06-19 19:53:53.116434+00:00,2026-06-19 19:53:53.239804+00:00
980a63b0-94dd-4568-a20d-062988dbd3a7,completed,2026-06-19 19:53:52.871089+00:00,2026-06-19 19:53:53.001692+00:00
16bfb547-3517-453f-beaa-0733a47927b2,completed,2026-06-19 19:53:52.917546+00:00,2026-06-19 19:53:53.029077+00:00
8a1a5bd0-721c-4026-a369-9346ef1e7b67,completed,2026-06-19 19:53:52.891470+00:00,2026-06-19 19:53:53.047106+00:00
89208c32-0f4d-412b-9946-7044d0887bea,completed,2026-06-19 19:53:52.991785+00:00,2026-06-19 19:53:53.126848+00:00
5f4a448c-53ac-465e-be94-09f90043a8b9,completed,2026-06-19 19:53:53.017982+00:00,2026-06-19 19:53:53.138550+00:00
3b35b262-94ec-4c93-9e0a-44ca4b036932,completed,2026-06-19 19:53:53.341537+00:00,2026-06-19 19:53:53.465820+00:00
6f9d246f-d8ad-4f2b-80bd-6fe1b2a68e9a,completed,2026-06-19 19:53:53.192769+00:00,2026-06-19 19:53:53.327299+00:00
af57d463-bf1d-4676-b118-c9bc3d8631cb,completed,2026-06-19 19:53:53.047674+00:00,2026-06-19 19:53:53.180735+00:00
e6973e30-6bd5-4c1a-a5a5-694ac7a5e083,completed,2026-06-19 19:53:53.066405+00:00,2026-06-19 19:53:53.188109+00:00
96bce45c-fca7-497c-9300-acfebf57d73a,completed,2026-06-19 19:53:53.267068+00:00,2026-06-19 19:53:53.405107+00:00
6a70106f-7cc3-4b20-9f47-46787678443d,completed,2026-06-19 19:53:53.145922+00:00,2026-06-19 19:53:53.266347+00:00
511c1c65-f420-44d1-81ab-df7021bad67c,completed,2026-06-19 19:53:53.166658+00:00,2026-06-19 19:53:53.277279+00:00
5b460a0c-6fcd-4733-a5e0-a4b36a86a33f,completed,2026-06-19 19:53:53.492844+00:00,2026-06-19 19:53:53.607854+00:00
e406314f-8997-4ad0-89ee-7cfb29f3f0ff,completed,2026-06-19 19:53:53.216937+00:00,2026-06-19 19:53:53.345830+00:00
0e0c7f89-9b97-4730-8e54-b7d32a0961aa,completed,2026-06-19 19:53:53.442042+00:00,2026-06-19 19:53:53.552407+00:00
f927e5de-18ce-41a7-a073-02525b00c1af,completed,2026-06-19 19:53:53.241422+00:00,2026-06-19 19:53:53.401443+00:00
ab5d5083-cad3-4312-9399-e4213b704390,completed,2026-06-19 19:53:53.292539+00:00,2026-06-19 19:53:53.407894+00:00
f2918ad7-9583-4f98-b448-72ab78a7e49d,completed,2026-06-19 19:53:53.423743+00:00,2026-06-19 19:53:53.568813+00:00
730650ac-aa7e-4538-9fb8-3da1ed21c5f0,completed,2026-06-19 19:53:53.321476+00:00,2026-06-19 19:53:53.446682+00:00
1e637ac6-aa42-4a03-b4e9-d28debbeb344,completed,2026-06-19 19:53:53.366657+00:00,2026-06-19 19:53:53.484203+00:00
4fde7fad-324a-4d80-9ca6-97c2bf609e28,completed,2026-06-19 19:53:53.391992+00:00,2026-06-19 19:53:53.499310+00:00
8a566af2-944a-4894-9fff-0c992005368f,completed,2026-06-19 19:53:53.725363+00:00,2026-06-19 19:53:53.842399+00:00
21d371ed-d31c-4489-ae02-1a3a68a113e2,completed,2026-06-19 19:53:54.256774+00:00,2026-06-19 19:53:54.388558+00:00
e044aee6-8d0e-4351-be48-84f0b88e88ce,completed,2026-06-19 19:53:53.749152+00:00,2026-06-19 19:53:53.863769+00:00
d29a7fb6-3e88-411e-8445-ad69fe887617,completed,2026-06-19 19:53:53.517119+00:00,2026-06-19 19:53:53.645531+00:00
e988c6aa-857f-4864-932a-9b9d708cb72a,completed,2026-06-19 19:53:53.967865+00:00,2026-06-19 19:53:54.078798+00:00
6bac9edd-2c5e-4318-892f-210ac28d35b2,completed,2026-06-19 19:53:53.575631+00:00,2026-06-19 19:53:53.679686+00:00
546e0f30-ed13-4766-8e7e-2f002f9bab3b,completed,2026-06-19 19:53:53.545458+00:00,2026-06-19 19:53:53.682769+00:00
90b2bd19-cbaa-472a-86dc-c7c7088f32fd,completed,2026-06-19 19:53:53.772239+00:00,2026-06-19 19:53:53.879330+00:00
76753ae3-40ee-4358-9d6a-7bb98a390967,completed,2026-06-19 19:53:53.596288+00:00,2026-06-19 19:53:53.724371+00:00
e8120826-da21-46f9-b7a9-9bdcc51077a1,completed,2026-06-19 19:53:53.845009+00:00,2026-06-19 19:53:53.996916+00:00
e9f8d722-6c24-4f01-b6c7-f6c83cc6fc48,completed,2026-06-19 19:53:53.618022+00:00,2026-06-19 19:53:53.749641+00:00
50a3fe8b-c550-4c2b-a5cf-897486f71428,completed,2026-06-19 19:53:53.873454+00:00,2026-06-19 19:53:54.001941+00:00
345b469c-d2aa-4c0d-9aea-9d0ab5b543f7,completed,2026-06-19 19:53:53.642668+00:00,2026-06-19 19:53:53.759158+00:00
13564bfa-ecc4-482d-9edf-34bbb6af3013,completed,2026-06-19 19:53:53.669322+00:00,2026-06-19 19:53:53.785866+00:00
2103aee3-6def-4103-a5b2-3b0dd5b60711,completed,2026-06-19 19:53:53.916956+00:00,2026-06-19 19:53:54.020943+00:00
741faa94-b245-417e-af9e-dd862808e266,completed,2026-06-19 19:53:53.692737+00:00,2026-06-19 19:53:53.797643+00:00
4e651563-64ad-4a0b-8d86-b76084e261f1,completed,2026-06-19 19:53:53.992161+00:00,2026-06-19 19:53:54.110893+00:00
48140c7f-eba2-4ec3-8d2b-28f3bb7fafab,completed,2026-06-19 19:53:53.792255+00:00,2026-06-19 19:53:53.918368+00:00
f6d60d93-f9e2-4e6c-866e-e8e4f7b3c7a6,completed,2026-06-19 19:53:54.235124+00:00,2026-06-19 19:53:54.395688+00:00
687236e3-88c9-44f8-9ac3-0552e1497729,completed,2026-06-19 19:53:53.826471+00:00,2026-06-19 19:53:53.953121+00:00
9678fab1-bd53-47be-9dd5-aefa3d606ae9,completed,2026-06-19 19:53:54.142435+00:00,2026-06-19 19:53:54.263632+00:00
20585688-37a0-441b-b91d-514173769bd3,completed,2026-06-19 19:53:53.891635+00:00,2026-06-19 19:53:54.027394+00:00
b7475c7c-fa67-4114-9225-c24e41ea83b2,completed,2026-06-19 19:53:53.945883+00:00,2026-06-19 19:53:54.058588+00:00
0e95ae2f-7b31-43a2-bb4d-e68d5b27b775,completed,2026-06-19 19:53:54.018949+00:00,2026-06-19 19:53:54.138427+00:00
5eb848c6-a89d-4846-a5d5-95baece6413b,completed,2026-06-19 19:53:54.227684+00:00,2026-06-19 19:53:54.372436+00:00
e5a4b8f3-56ea-4587-9317-56a428e1ef1d,completed,2026-06-19 19:53:54.053958+00:00,2026-06-19 19:53:54.182399+00:00
f3486572-fa38-4b6a-add0-147f15af4af1,completed,2026-06-19 19:53:54.073768+00:00,2026-06-19 19:53:54.184515+00:00
38fafdce-2f69-4eee-a9b7-a6c85ce89895,completed,2026-06-19 19:53:54.268523+00:00,2026-06-19 19:53:54.409963+00:00
62209c9d-cd36-4e27-8b2e-041d06e0f665,completed,2026-06-19 19:53:54.141110+00:00,2026-06-19 19:53:54.252767+00:00
8c5a522f-53ee-447a-8cce-8839312f9b5c,completed,2026-06-19 19:53:54.133429+00:00,2026-06-19 19:53:54.253435+00:00
3d31d318-0d3e-47f6-8397-288a67537c7a,completed,2026-06-19 19:53:54.166786+00:00,2026-06-19 19:53:54.295979+00:00
f719d23e-be6e-435c-8ceb-39c8cf1e3097,completed,2026-06-19 19:53:54.916616+00:00,2026-06-19 19:53:55.037326+00:00
0cd52a53-4889-4243-8cbc-45772d16571a,completed,2026-06-19 19:53:54.466507+00:00,2026-06-19 19:53:54.622123+00:00
0567b12f-adc3-47a8-a689-9e315e50e1bc,completed,2026-06-19 19:53:54.640659+00:00,2026-06-19 19:53:54.760465+00:00
2451a586-887f-46ee-950d-ce5733c29084,completed,2026-06-19 19:53:54.292638+00:00,2026-06-19 19:53:54.408721+00:00
dc5c1c6b-22b8-4a6e-b437-11c560841a6c,completed,2026-06-19 19:53:54.498525+00:00,2026-06-19 19:53:54.642391+00:00
a960c459-f5c3-4c8e-95f8-cc20793905cd,completed,2026-06-19 19:53:54.318689+00:00,2026-06-19 19:53:54.443008+00:00
c2f874fd-998a-4a05-a517-ade7eb8dcb68,completed,2026-06-19 19:53:54.722209+00:00,2026-06-19 19:53:54.844733+00:00
7f11dad1-22cf-4922-acf9-d1426025e68f,completed,2026-06-19 19:53:54.344404+00:00,2026-06-19 19:53:54.469691+00:00
df296b64-cd24-46df-9712-016417dcb8cb,completed,2026-06-19 19:53:54.370479+00:00,2026-06-19 19:53:54.507610+00:00
70d8cd7b-3261-4d96-84e4-8683dcc5098d,completed,2026-06-19 19:53:54.665239+00:00,2026-06-19 19:53:54.775609+00:00
3129807c-62ec-402f-9b72-71a74b3f04a3,completed,2026-06-19 19:53:54.391772+00:00,2026-06-19 19:53:54.536913+00:00
e224265e-f785-4bf4-bd04-e7708e216208,completed,2026-06-19 19:53:54.415876+00:00,2026-06-19 19:53:54.551838+00:00
358bedb9-85aa-4dca-a7c1-5b021bc0a8c7,completed,2026-06-19 19:53:54.966981+00:00,2026-06-19 19:53:55.101986+00:00
bf9a964e-0362-47f2-88f3-47ce8103ba71,completed,2026-06-19 19:53:54.445587+00:00,2026-06-19 19:53:54.579866+00:00
ec2544a2-40a0-4631-af01-af4d3ed5a049,completed,2026-06-19 19:53:54.522767+00:00,2026-06-19 19:53:54.649204+00:00
c292ffdd-fec0-4629-80fe-2e3a728ff324,completed,2026-06-19 19:53:54.541180+00:00,2026-06-19 19:53:54.654954+00:00
0df6ae09-7b4a-4fc7-9010-4d07c6d44676,completed,2026-06-19 19:53:54.749353+00:00,2026-06-19 19:53:54.861376+00:00
4a256ffb-3607-466b-9773-aa2bcef6ba91,completed,2026-06-19 19:53:54.571066+00:00,2026-06-19 19:53:54.698713+00:00
4e1f7ef8-c3b6-4f25-82a5-58f758e640a4,completed,2026-06-19 19:53:54.792086+00:00,2026-06-19 19:53:54.918388+00:00
1cb8427b-55aa-4193-b9e3-7d7416c32f79,completed,2026-06-19 19:53:54.603405+00:00,2026-06-19 19:53:54.727666+00:00
42ef3ce7-98b8-4688-a984-c5456f850180,completed,2026-06-19 19:53:54.618217+00:00,2026-06-19 19:53:54.745069+00:00
baa7f731-c452-4621-b47e-6f32102da791,completed,2026-06-19 19:53:54.693070+00:00,2026-06-19 19:53:54.804474+00:00
d03135c1-9fb3-4d34-86e1-725bb0505f0b,completed,2026-06-19 19:53:54.990837+00:00,2026-06-19 19:53:55.104549+00:00
37b33b0d-9be4-49e7-bce1-4dcc40adcc4e,completed,2026-06-19 19:53:55.024429+00:00,2026-06-19 19:53:55.144005+00:00
a399af1a-99f3-42dd-86c4-930c21a2c7bf,completed,2026-06-19 19:53:54.767146+00:00,2026-06-19 19:53:54.906517+00:00
85a73056-b987-4fff-8a29-6166c127e64d,completed,2026-06-19 19:53:54.817022+00:00,2026-06-19 19:53:54.933111+00:00
d7667772-4357-4587-a509-6411ce6f4aea,completed,2026-06-19 19:53:54.840979+00:00,2026-06-19 19:53:54.967977+00:00
69f804c1-2072-42a3-b4c8-9c3e64678e33,completed,2026-06-19 19:53:54.866398+00:00,2026-06-19 19:53:54.987383+00:00
599df7ea-d227-4af0-893a-4555a2e45dc6,completed,2026-06-19 19:53:55.050631+00:00,2026-06-19 19:53:55.160175+00:00
d3538229-7fa4-4987-88e1-1295c6cfc594,completed,2026-06-19 19:53:54.909431+00:00,2026-06-19 19:53:55.029508+00:00
367bb7b1-7dc5-4404-aaf5-1719f358dd3d,completed,2026-06-19 19:53:54.942734+00:00,2026-06-19 19:53:55.065257+00:00
4296f2b3-9c44-4ab7-a53c-7b2c08ef31aa,completed,2026-06-19 19:53:55.695482+00:00,2026-06-19 19:53:55.812832+00:00
023c6808-52cc-4e10-83c7-ef46e15d28dc,completed,2026-06-19 19:53:55.417692+00:00,2026-06-19 19:53:55.543080+00:00
15d5518f-d4b2-43d3-88de-1ea8788d752f,completed,2026-06-19 19:53:55.278540+00:00,2026-06-19 19:53:55.399926+00:00
a7eba31d-1a7d-4725-b3e0-c1779359c339,completed,2026-06-19 19:53:55.073612+00:00,2026-06-19 19:53:55.190606+00:00
58add1b9-fd73-4046-a667-5d1e0bed066f,completed,2026-06-19 19:53:55.767924+00:00,2026-06-19 19:53:55.887703+00:00
c618000a-4366-4f84-b8bd-c1ad5f76ff19,completed,2026-06-19 19:53:55.102812+00:00,2026-06-19 19:53:55.213339+00:00
d391692f-d720-4cec-8239-e68a2067911e,completed,2026-06-19 19:53:55.299229+00:00,2026-06-19 19:53:55.437297+00:00
f859338d-4903-45bf-b8a0-d6a1f72f4012,completed,2026-06-19 19:53:55.128724+00:00,2026-06-19 19:53:55.268641+00:00
7ce77e23-141b-4d74-acca-ab5cf3170fb8,completed,2026-06-19 19:53:55.153134+00:00,2026-06-19 19:53:55.269709+00:00
a66f8bb0-f227-4399-97ae-3f1e7b36d6a1,completed,2026-06-19 19:53:55.168280+00:00,2026-06-19 19:53:55.296752+00:00
6f8c25de-f29d-4fa5-9118-61b0ef438f4a,completed,2026-06-19 19:53:55.193450+00:00,2026-06-19 19:53:55.306992+00:00
0947b026-9677-4bcd-b0a4-87260908820f,completed,2026-06-19 19:53:55.441463+00:00,2026-06-19 19:53:55.564914+00:00
3c8c9fc5-b78f-45ef-be25-96df867ca1a7,completed,2026-06-19 19:53:55.217744+00:00,2026-06-19 19:53:55.337672+00:00
cfa3b57a-569b-4b59-a1ca-9199dde088d2,completed,2026-06-19 19:53:55.243671+00:00,2026-06-19 19:53:55.370191+00:00
d11f2912-d834-4d6b-a373-0f4c6a5e0a9c,completed,2026-06-19 19:53:55.318121+00:00,2026-06-19 19:53:55.457084+00:00
1bafda1a-6050-4249-9900-8e3da0e277ee,completed,2026-06-19 19:53:55.517138+00:00,2026-06-19 19:53:55.644787+00:00
9b3dd52a-2bc8-4a5d-b31d-b702d5f31241,completed,2026-06-19 19:53:55.350548+00:00,2026-06-19 19:53:55.480146+00:00
bb365850-7d34-4302-9bc6-f4311109502f,completed,2026-06-19 19:53:55.816523+00:00,2026-06-19 19:53:55.931327+00:00
f5c51667-89ba-48f9-b41b-9872a0525f81,completed,2026-06-19 19:53:55.378003+00:00,2026-06-19 19:53:55.501386+00:00
e84aa741-c2dd-4479-a10c-3bc2228bc4f0,completed,2026-06-19 19:53:55.392026+00:00,2026-06-19 19:53:55.512620+00:00
813ddc90-4c6a-40d6-8cad-95ecb8234032,completed,2026-06-19 19:53:55.741200+00:00,2026-06-19 19:53:55.856610+00:00
a0766665-6391-4995-99eb-3893b0b83d5c,completed,2026-06-19 19:53:55.469121+00:00,2026-06-19 19:53:55.598710+00:00
ab2b4d06-72e1-4707-9ff4-acd171713535,completed,2026-06-19 19:53:55.492482+00:00,2026-06-19 19:53:55.617064+00:00
e01b0c15-431c-48fa-bf7e-bb7d82058322,completed,2026-06-19 19:53:55.566929+00:00,2026-06-19 19:53:55.678860+00:00
60671913-165e-43ed-a79d-dba6ce04a72e,completed,2026-06-19 19:53:55.545128+00:00,2026-06-19 19:53:55.679892+00:00
c0839b5f-967f-4b2a-8bf8-22fb5c8c26ef,completed,2026-06-19 19:53:55.592561+00:00,2026-06-19 19:53:55.706899+00:00
01c844af-a327-44db-ae78-a6ce927f678c,completed,2026-06-19 19:53:55.617094+00:00,2026-06-19 19:53:55.732825+00:00
ca1b69b2-8b9f-4607-a94f-828254965188,completed,2026-06-19 19:53:55.791322+00:00,2026-06-19 19:53:55.903671+00:00
c9114d19-4f8b-46f6-a5f1-fe6d230aca92,completed,2026-06-19 19:53:55.642056+00:00,2026-06-19 19:53:55.790101+00:00
8d600525-3eb7-438f-ac1f-bdb114bb29f3,completed,2026-06-19 19:53:55.685524+00:00,2026-06-19 19:53:55.809434+00:00
f6688116-a124-4a25-9a7d-ce8db104e534,completed,2026-06-19 19:53:55.716712+00:00,2026-06-19 19:53:55.831244+00:00
0edf8e8b-fdd6-4ebc-bf87-d7454cb8c727,completed,2026-06-19 19:53:56.342665+00:00,2026-06-19 19:53:56.458026+00:00
73117f65-c862-4863-84a9-9d75db51b63c,completed,2026-06-19 19:53:56.041249+00:00,2026-06-19 19:53:56.173013+00:00
d50ca544-6780-4f3f-9dc2-53b44a44c751,completed,2026-06-19 19:53:56.069075+00:00,2026-06-19 19:53:56.197585+00:00
df9b4bb4-f106-4bd6-aabd-5c8ed256cec7,completed,2026-06-19 19:53:56.571062+00:00,2026-06-19 19:53:56.686124+00:00
d956bf34-d5e6-4aee-8473-2c437ebfcf5c,completed,2026-06-19 19:53:55.902956+00:00,2026-06-19 19:53:56.019137+00:00
26461b75-1b47-4b70-b4a5-1c72d78220c4,completed,2026-06-19 19:53:56.091227+00:00,2026-06-19 19:53:56.210836+00:00
691d3fa6-371b-47bb-b6a6-8d0c97d437c4,completed,2026-06-19 19:53:55.895703+00:00,2026-06-19 19:53:56.031327+00:00
34ca11de-71e5-4c5e-8357-c6e552dfb2b9,completed,2026-06-19 19:53:55.909806+00:00,2026-06-19 19:53:56.044267+00:00
6f2c4cbe-f092-432c-afbf-2eba0a3b26f9,completed,2026-06-19 19:53:55.918084+00:00,2026-06-19 19:53:56.048597+00:00
287375db-da8f-47e1-811d-b9108dfd780c,completed,2026-06-19 19:53:56.193920+00:00,2026-06-19 19:53:56.329807+00:00
7a399d89-6b18-4b11-9aeb-c24f35b6918e,completed,2026-06-19 19:53:55.945826+00:00,2026-06-19 19:53:56.072603+00:00
146750b5-3325-44a4-a487-ce72b9b31e9e,completed,2026-06-19 19:53:55.967490+00:00,2026-06-19 19:53:56.095140+00:00
b749a022-e980-4243-8205-c75bba7698a6,completed,2026-06-19 19:53:56.376614+00:00,2026-06-19 19:53:56.520111+00:00
c21237ab-5053-4e94-9925-9206a7fa7d8a,completed,2026-06-19 19:53:55.992463+00:00,2026-06-19 19:53:56.133728+00:00
1db09e48-6148-474d-a41a-5592658e2166,completed,2026-06-19 19:53:56.017698+00:00,2026-06-19 19:53:56.143725+00:00
213117ed-8436-4720-8c1b-d38a77f748f1,completed,2026-06-19 19:53:56.292286+00:00,2026-06-19 19:53:56.435251+00:00
98d7387e-8224-4f46-b726-9a1b5f256bd7,completed,2026-06-19 19:53:56.116965+00:00,2026-06-19 19:53:56.235804+00:00
0ea1e7ef-e4dc-42f6-b87d-f82c4d837b39,completed,2026-06-19 19:53:56.318354+00:00,2026-06-19 19:53:56.439913+00:00
23c23492-b021-4ea7-a198-07629aec091d,completed,2026-06-19 19:53:56.147575+00:00,2026-06-19 19:53:56.280346+00:00
9c8ba893-b145-4948-a8b6-4cd86c560ed9,completed,2026-06-19 19:53:56.167555+00:00,2026-06-19 19:53:56.289538+00:00
097c3c09-9855-4a60-9c76-ee1076a5c94b,completed,2026-06-19 19:53:56.223263+00:00,2026-06-19 19:53:56.350113+00:00
74ce45af-0880-49b0-bd25-c4126ee600c6,completed,2026-06-19 19:53:56.249763+00:00,2026-06-19 19:53:56.378592+00:00
d3e1fdb0-9570-4264-ae55-cdd00b71bb3f,completed,2026-06-19 19:53:56.392143+00:00,2026-06-19 19:53:56.530376+00:00
d55e6d3c-3c40-4640-a77f-ba107cf88078,completed,2026-06-19 19:53:56.276818+00:00,2026-06-19 19:53:56.391467+00:00
cd649c55-57c2-401b-84e1-7c78af46a284,completed,2026-06-19 19:53:56.467710+00:00,2026-06-19 19:53:56.581041+00:00
390ad7d4-f532-4e04-8c7f-2bbc02a6b7bc,completed,2026-06-19 19:53:56.518205+00:00,2026-06-19 19:53:56.628669+00:00
49c37af1-a88d-4726-8aad-f331157dcc8b,completed,2026-06-19 19:53:56.506438+00:00,2026-06-19 19:53:56.630021+00:00
9f6f8e6b-7a50-40ce-b2fe-ab6c3f64fbfd,completed,2026-06-19 19:53:56.547154+00:00,2026-06-19 19:53:56.681817+00:00
f084f2d8-cfe1-48b9-bf05-a699f0b31eeb,completed,2026-06-19 19:53:56.442715+00:00,2026-06-19 19:53:56.579067+00:00
393213df-3aef-4194-88c7-7c674fd2ec7b,completed,2026-06-19 19:53:56.445970+00:00,2026-06-19 19:53:56.581853+00:00
c4577c68-0f58-4bfe-9fc6-29b7093bf880,completed,2026-06-19 19:54:07.927327+00:00,2026-06-19 19:54:08.060347+00:00
79b7bfd7-0df8-4db2-b33a-8eaa2f645773,completed,2026-06-19 19:53:56.592450+00:00,2026-06-19 19:53:56.707248+00:00
a4327f6a-2380-4dcc-98c7-a91776bcbc23,completed,2026-06-19 19:53:56.843348+00:00,2026-06-19 19:53:56.974468+00:00
32bc2e95-2407-4cfc-961d-18f18ae864fb,completed,2026-06-19 19:53:57.316719+00:00,2026-06-19 19:53:57.436050+00:00
8e05dab7-03ad-43b2-afd8-d849efdaa082,completed,2026-06-19 19:53:56.718015+00:00,2026-06-19 19:53:56.860882+00:00
3639ee6c-179a-48c3-a4c2-21501d18784a,completed,2026-06-19 19:53:56.740501+00:00,2026-06-19 19:53:56.864216+00:00
ae665a5b-4e0a-40bc-9477-9f61af23aa53,completed,2026-06-19 19:53:56.726248+00:00,2026-06-19 19:53:56.868557+00:00
cad41494-e1c4-4bd7-8da9-d6ceac6b59ba,completed,2026-06-19 19:53:56.969200+00:00,2026-06-19 19:53:57.095909+00:00
6445057c-7c92-4ffe-aac3-77e29425a6d0,completed,2026-06-19 19:53:57.266921+00:00,2026-06-19 19:53:57.401085+00:00
1c5f2457-d4d8-4748-910d-12f8d82782e4,completed,2026-06-19 19:53:56.751527+00:00,2026-06-19 19:53:56.885366+00:00
d44041bb-f622-47eb-9195-7b08d3e4108e,completed,2026-06-19 19:53:56.733065+00:00,2026-06-19 19:53:56.887227+00:00
7e26eda5-efb5-4ccb-b9eb-94557fb1db51,completed,2026-06-19 19:53:56.769945+00:00,2026-06-19 19:53:56.887054+00:00
449eb85f-9d16-42b1-b8a3-3f58f2d3cb6a,completed,2026-06-19 19:53:56.748098+00:00,2026-06-19 19:53:56.888938+00:00
60495dfa-304c-4890-8c19-39ff8536c1c8,completed,2026-06-19 19:53:56.818514+00:00,2026-06-19 19:53:56.995309+00:00
2120a73b-0fb1-4357-9c47-36217cc79da8,completed,2026-06-19 19:53:56.889061+00:00,2026-06-19 19:53:56.997731+00:00
e2cbeb0b-4305-472f-ac97-eada2777913c,completed,2026-06-19 19:53:56.793635+00:00,2026-06-19 19:53:57.006842+00:00
38abb97c-159f-41a3-8662-95d729fa888f,completed,2026-06-19 19:53:56.894322+00:00,2026-06-19 19:53:57.014480+00:00
d70e8739-1a0e-486f-be7c-893bf3c7ef2b,completed,2026-06-19 19:53:57.342569+00:00,2026-06-19 19:53:57.462933+00:00
4880e41d-3f84-4dc7-911f-6e3bc091c5a7,completed,2026-06-19 19:53:56.926252+00:00,2026-06-19 19:53:57.053102+00:00
c676c091-5848-427d-b896-6f7fea5ceabf,completed,2026-06-19 19:53:56.951164+00:00,2026-06-19 19:53:57.068446+00:00
9366267d-72e6-42d9-a417-6db202165147,completed,2026-06-19 19:53:57.292117+00:00,2026-06-19 19:53:57.420418+00:00
f1a38a84-b417-44e0-88ec-c506bf47f0b6,completed,2026-06-19 19:53:56.996364+00:00,2026-06-19 19:53:57.130629+00:00
2de5738c-7565-4304-b634-730d4069e4af,completed,2026-06-19 19:53:57.026323+00:00,2026-06-19 19:53:57.145624+00:00
62ec16fb-c9b1-4aba-ba5d-afb3bd3bb2cb,completed,2026-06-19 19:53:57.196357+00:00,2026-06-19 19:53:57.309614+00:00
41b90f7e-35df-4b5c-b2cc-25dc51e76398,completed,2026-06-19 19:53:57.076274+00:00,2026-06-19 19:53:57.200954+00:00
96e374ed-3a1b-4467-ad12-1f6c2081b004,completed,2026-06-19 19:53:57.094365+00:00,2026-06-19 19:53:57.207790+00:00
66d9fcb9-00ee-4a1a-95aa-99a891b01748,completed,2026-06-19 19:53:57.083483+00:00,2026-06-19 19:53:57.217213+00:00
9bcf5132-fb99-4950-9338-f891ae4aec86,completed,2026-06-19 19:53:57.116280+00:00,2026-06-19 19:53:57.254629+00:00
0dc65cbc-c415-4845-bb01-766ece23a6f2,completed,2026-06-19 19:53:57.167804+00:00,2026-06-19 19:53:57.283995+00:00
577527ed-96d8-40c5-9f35-a3acc3ab4e66,completed,2026-06-19 19:53:57.146333+00:00,2026-06-19 19:53:57.299984+00:00
b8857686-c7f5-4002-ba69-fb67c19aeb0d,completed,2026-06-19 19:53:57.217887+00:00,2026-06-19 19:53:57.337271+00:00
c4eda3ad-bd69-4902-89ec-3095811c2445,completed,2026-06-19 19:53:57.243056+00:00,2026-06-19 19:53:57.370804+00:00
8b13bc67-ea7e-44bd-87a5-f883321e4e36,completed,2026-06-19 19:53:57.691667+00:00,2026-06-19 19:53:57.815531+00:00
d81b485e-69de-430e-bca6-3c63d7956589,completed,2026-06-19 19:53:57.570925+00:00,2026-06-19 19:53:57.686988+00:00
288145d4-b886-4ac9-aaaf-e3c9a13675d0,completed,2026-06-19 19:53:57.562945+00:00,2026-06-19 19:53:57.693547+00:00
d7366be5-e9c7-44fe-8cc8-9f9f62df4539,completed,2026-06-19 19:53:57.793405+00:00,2026-06-19 19:53:57.920087+00:00
118ae1c2-b568-4033-b55b-c6d5f2651ff3,completed,2026-06-19 19:53:57.370748+00:00,2026-06-19 19:53:57.488864+00:00
1cfc04a7-91bb-4e0f-8732-668423255f37,completed,2026-06-19 19:53:57.395560+00:00,2026-06-19 19:53:57.505379+00:00
7f193d7a-09db-4ac0-9cde-debb3c628fd3,completed,2026-06-19 19:53:58.071120+00:00,2026-06-19 19:53:58.187697+00:00
1fb77c7a-199a-4a70-983d-90a3d77cc528,completed,2026-06-19 19:53:57.416504+00:00,2026-06-19 19:53:57.542342+00:00
3acf9b97-6b65-4448-aa04-809a44ee0093,completed,2026-06-19 19:53:58.117634+00:00,2026-06-19 19:53:58.235827+00:00
0b319323-4457-484d-83a5-097adf3232f0,completed,2026-06-19 19:53:57.441173+00:00,2026-06-19 19:53:57.583252+00:00
97e61d29-c424-4d01-9d33-24d43a42f086,completed,2026-06-19 19:53:57.470412+00:00,2026-06-19 19:53:57.591683+00:00
ec607459-3093-4429-aba2-e6e84f2ed504,completed,2026-06-19 19:53:57.731761+00:00,2026-06-19 19:53:57.847680+00:00
706f3c3a-1dfb-45c9-8c82-4d0cb65d5114,completed,2026-06-19 19:53:57.495414+00:00,2026-06-19 19:53:57.630001+00:00
127efddc-d39f-48fa-beb2-003acddd32ce,completed,2026-06-19 19:53:57.517153+00:00,2026-06-19 19:53:57.632631+00:00
2fbc1db0-ad70-4ace-a35f-b2c7ff88a649,completed,2026-06-19 19:53:57.615139+00:00,2026-06-19 19:53:57.741268+00:00
8bfc7eb9-59a0-446d-999e-eb1c408d1c29,completed,2026-06-19 19:53:57.621943+00:00,2026-06-19 19:53:57.743906+00:00
f5cf91c8-bba2-487b-9654-b21acb3f3fb9,completed,2026-06-19 19:53:57.815480+00:00,2026-06-19 19:53:57.931019+00:00
970e59e2-bed1-4f40-a2ca-35fd09407371,completed,2026-06-19 19:53:57.642254+00:00,2026-06-19 19:53:57.758826+00:00
5320b472-2846-4de2-b1dd-6f42796a42cb,completed,2026-06-19 19:53:57.672257+00:00,2026-06-19 19:53:57.809497+00:00
665217a2-9d4c-4f00-97aa-974b7464a7bb,completed,2026-06-19 19:53:58.045162+00:00,2026-06-19 19:53:58.157332+00:00
2b02fbf9-39d1-4047-8bdf-7f38618098d9,completed,2026-06-19 19:53:57.741264+00:00,2026-06-19 19:53:57.888916+00:00
6884d4ad-73b3-4d87-86be-e1db5c4ccd93,completed,2026-06-19 19:53:57.918779+00:00,2026-06-19 19:53:58.040761+00:00
be1ba81d-bb35-497e-8109-17f954ec3891,completed,2026-06-19 19:53:57.772868+00:00,2026-06-19 19:53:57.904582+00:00
962fe8e5-9aab-4030-a9e8-957ec5324c4c,completed,2026-06-19 19:53:57.966090+00:00,2026-06-19 19:53:58.092186+00:00
234b1243-7b59-42b2-b2b7-65f8a0130a3e,completed,2026-06-19 19:53:57.843374+00:00,2026-06-19 19:53:57.967954+00:00
6dd85773-b3cc-4e74-9653-045164debdd2,completed,2026-06-19 19:53:57.876167+00:00,2026-06-19 19:53:57.996629+00:00
67299655-888c-4a22-88ce-3a1bc3551037,completed,2026-06-19 19:53:57.892753+00:00,2026-06-19 19:53:58.023965+00:00
313f3082-7945-45dd-bcbe-3bda1a46b2e8,completed,2026-06-19 19:53:58.091074+00:00,2026-06-19 19:53:58.207169+00:00
be0b88bd-14fa-4681-b655-22891df9deef,completed,2026-06-19 19:53:57.950212+00:00,2026-06-19 19:53:58.077122+00:00
78595491-978a-41b5-8c36-6a87a46d8d23,completed,2026-06-19 19:53:57.992575+00:00,2026-06-19 19:53:58.112795+00:00
acc8451b-0e40-4554-9566-9a59b7f63561,completed,2026-06-19 19:53:58.025095+00:00,2026-06-19 19:53:58.148686+00:00
5d0ede4e-b8fa-4261-be28-15b797539b53,completed,2026-06-19 19:53:58.641320+00:00,2026-06-19 19:53:58.762471+00:00
d4618a02-291c-42c1-adbe-dfd540d2fa4b,completed,2026-06-19 19:53:58.341761+00:00,2026-06-19 19:53:58.456735+00:00
1652de34-a71d-441b-87f4-dfb6de0d32c2,completed,2026-06-19 19:53:58.373575+00:00,2026-06-19 19:53:58.483384+00:00
b36e2842-9fff-479d-b1b5-6f6850bbf0ef,completed,2026-06-19 19:53:58.144940+00:00,2026-06-19 19:53:58.268609+00:00
77d260d5-de10-4308-a634-9fc4f4605763,completed,2026-06-19 19:53:58.168890+00:00,2026-06-19 19:53:58.293489+00:00
74e72924-c471-4e58-8618-9a461bfdc24b,completed,2026-06-19 19:53:58.717094+00:00,2026-06-19 19:53:58.843291+00:00
e043ecdf-2129-4085-ab1b-c07dc8ef8a89,completed,2026-06-19 19:53:58.390912+00:00,2026-06-19 19:53:58.510276+00:00
bb5faee2-c0b6-488c-b0e7-e4ed2359618f,completed,2026-06-19 19:53:58.203390+00:00,2026-06-19 19:53:58.322887+00:00
7e83e85d-938b-4d17-a1c1-5cb1a7c6c527,completed,2026-06-19 19:53:58.218232+00:00,2026-06-19 19:53:58.342614+00:00
1c21c533-b3af-4088-83be-fb3730ec6fd4,completed,2026-06-19 19:53:58.491716+00:00,2026-06-19 19:53:58.619606+00:00
bde95b81-0da8-4a9c-8de8-db7b695bf64e,completed,2026-06-19 19:53:58.248961+00:00,2026-06-19 19:53:58.379546+00:00
4a6e0251-d47f-4e87-8fba-8f6bb6e8e566,completed,2026-06-19 19:53:58.516153+00:00,2026-06-19 19:53:58.637867+00:00
65bc277d-0b94-4a31-9f7a-bbfea3f71dcf,completed,2026-06-19 19:53:58.267075+00:00,2026-06-19 19:53:58.407962+00:00
d0c477df-dd34-4e37-b3fc-2b0303afa3eb,completed,2026-06-19 19:53:58.295233+00:00,2026-06-19 19:53:58.415844+00:00
da01b5d2-0177-4329-af0a-3bd391de628c,completed,2026-06-19 19:53:58.316813+00:00,2026-06-19 19:53:58.431895+00:00
993a2451-1700-4fc5-8456-88469e8607f4,completed,2026-06-19 19:53:58.416603+00:00,2026-06-19 19:53:58.531768+00:00
9dd10370-97cc-4c71-9df8-e4817e0d2512,completed,2026-06-19 19:53:58.591940+00:00,2026-06-19 19:53:58.720053+00:00
f052dfbc-c0a2-4e29-9a4c-8302e9e28eed,completed,2026-06-19 19:53:58.441790+00:00,2026-06-19 19:53:58.559366+00:00
5867e0af-2947-4627-a2ab-5263234c9b9b,completed,2026-06-19 19:53:58.866845+00:00,2026-06-19 19:53:58.992054+00:00
9e90c44c-ea3a-4a22-83be-5a35e394c3b7,completed,2026-06-19 19:53:58.465677+00:00,2026-06-19 19:53:58.584365+00:00
5287af0a-5827-40fb-81a4-fc751f73d186,completed,2026-06-19 19:53:58.668392+00:00,2026-06-19 19:53:58.807877+00:00
368e8907-d211-4f5f-ad49-dae052b08958,completed,2026-06-19 19:53:58.543111+00:00,2026-06-19 19:53:58.659341+00:00
938404db-fb34-4459-8db1-5bbced2b0a4e,completed,2026-06-19 19:53:58.690939+00:00,2026-06-19 19:53:58.822524+00:00
4a88e1ca-aeb5-4976-b8b7-29b889d05788,completed,2026-06-19 19:53:58.566600+00:00,2026-06-19 19:53:58.691536+00:00
c9659952-59dc-4ad9-98d6-51991d0c3ccb,completed,2026-06-19 19:53:58.905546+00:00,2026-06-19 19:53:59.020352+00:00
101da2a1-3d75-47d0-a8fb-0cdf5d9dca49,completed,2026-06-19 19:53:58.618460+00:00,2026-06-19 19:53:58.747205+00:00
35adf112-b5c0-452a-bfbc-8ff9c33ca85d,completed,2026-06-19 19:53:58.792148+00:00,2026-06-19 19:53:58.905460+00:00
61269e51-231d-4e9c-8faf-802e56285e23,completed,2026-06-19 19:53:58.842229+00:00,2026-06-19 19:53:58.956865+00:00
265973ef-55fe-4fcc-a100-d329edba550a,completed,2026-06-19 19:53:58.741137+00:00,2026-06-19 19:53:58.863289+00:00
ed35d4f8-21d6-499f-80be-fe7149107e3e,completed,2026-06-19 19:53:58.766288+00:00,2026-06-19 19:53:58.892158+00:00
eb94bd94-3775-4847-9a33-92c9d0bc8fb3,completed,2026-06-19 19:53:58.817774+00:00,2026-06-19 19:53:58.932909+00:00
91bb5afb-ad48-48f2-9417-57d4e2f064b5,completed,2026-06-19 19:53:59.417662+00:00,2026-06-19 19:53:59.541145+00:00
b7f20cb9-0821-45e8-81a2-43ed49b9b1b7,completed,2026-06-19 19:53:59.116880+00:00,2026-06-19 19:53:59.223428+00:00
e92067eb-055a-4dbf-8171-752175c3ecdc,completed,2026-06-19 19:53:59.141873+00:00,2026-06-19 19:53:59.261157+00:00
a7a0ccc1-cd88-4259-9ad4-c421f2f7d7b6,completed,2026-06-19 19:53:58.926053+00:00,2026-06-19 19:53:59.040814+00:00
416a4dad-cc2e-4840-b953-1a4c9338d537,completed,2026-06-19 19:53:58.946486+00:00,2026-06-19 19:53:59.062477+00:00
16954032-e0e8-4e70-aa5d-cd233792dd75,completed,2026-06-19 19:53:59.620699+00:00,2026-06-19 19:53:59.734839+00:00
4d9928ed-c451-46ce-acfa-9123fae09c0d,completed,2026-06-19 19:53:58.971012+00:00,2026-06-19 19:53:59.100621+00:00
8146f145-d08e-49e7-9033-fde4783aaa00,completed,2026-06-19 19:53:58.999832+00:00,2026-06-19 19:53:59.116561+00:00
ba56d473-4b1f-4994-90ca-4a5c55e0c9f9,completed,2026-06-19 19:53:59.266238+00:00,2026-06-19 19:53:59.392291+00:00
8520b0af-17cc-4615-b463-e22e800fa2fa,completed,2026-06-19 19:53:59.019715+00:00,2026-06-19 19:53:59.165514+00:00
4d81876c-d665-4b21-ad81-7e722f1a8e1a,completed,2026-06-19 19:53:59.291513+00:00,2026-06-19 19:53:59.412320+00:00
8f09a3e0-fe9a-4773-a8db-592ae542999e,completed,2026-06-19 19:53:59.041641+00:00,2026-06-19 19:53:59.181102+00:00
623acbc0-c25e-4452-a7e7-b5b12ee7f297,completed,2026-06-19 19:53:59.067819+00:00,2026-06-19 19:53:59.181149+00:00
b8f15b52-ea76-4ca4-a4c2-9d4c1eaadf7d,completed,2026-06-19 19:53:59.093970+00:00,2026-06-19 19:53:59.211680+00:00
9cd8db39-23e7-44e4-839d-73204b95d2c1,completed,2026-06-19 19:53:59.166284+00:00,2026-06-19 19:53:59.292103+00:00
d3d85a2f-c519-426e-b237-963ae0bc32c5,completed,2026-06-19 19:53:59.367136+00:00,2026-06-19 19:53:59.481606+00:00
b80879d6-4dd1-45f5-b0d3-05618c0392fa,completed,2026-06-19 19:53:59.191224+00:00,2026-06-19 19:53:59.318104+00:00
be96b094-1c63-4f6a-9e96-95a256c5c4b2,completed,2026-06-19 19:53:59.216064+00:00,2026-06-19 19:53:59.344263+00:00
4684c571-072f-4437-8674-a72621f4b8a1,completed,2026-06-19 19:53:59.646890+00:00,2026-06-19 19:53:59.773423+00:00
d57fdf82-0066-44fb-b785-b9226a17c96c,completed,2026-06-19 19:53:59.241280+00:00,2026-06-19 19:53:59.363329+00:00
9184ceee-2ad0-442e-a307-abb32ec233db,completed,2026-06-19 19:53:59.543158+00:00,2026-06-19 19:53:59.680491+00:00
52a52d9d-232e-4be0-9671-15367b1718c3,completed,2026-06-19 19:53:59.317244+00:00,2026-06-19 19:53:59.434465+00:00
9ebe11e2-d89b-40a7-9d9a-dc175e6dfba7,completed,2026-06-19 19:53:59.467226+00:00,2026-06-19 19:53:59.587851+00:00
ae6f816b-57b0-431d-8739-1345556b0665,completed,2026-06-19 19:53:59.343800+00:00,2026-06-19 19:53:59.459719+00:00
10a1870b-247e-4097-abd4-25dfe02cbb06,completed,2026-06-19 19:53:59.392354+00:00,2026-06-19 19:53:59.509040+00:00
7cadcf65-21dd-41d7-af40-b25ea81784ab,completed,2026-06-19 19:53:59.595288+00:00,2026-06-19 19:53:59.707282+00:00
8f212ab6-5f76-49e0-8b1e-bba6b18c8e13,completed,2026-06-19 19:53:59.442958+00:00,2026-06-19 19:53:59.553483+00:00
7ec3a45a-4041-4500-a854-a988e5f22085,completed,2026-06-19 19:53:59.493074+00:00,2026-06-19 19:53:59.606751+00:00
dbcf3fd8-eefe-451b-b1b6-20f1e197a9ac,completed,2026-06-19 19:53:59.672788+00:00,2026-06-19 19:53:59.815805+00:00
4901d8c2-f568-483a-bc8a-2d1825df7017,completed,2026-06-19 19:53:59.518208+00:00,2026-06-19 19:53:59.657150+00:00
42a3ceaa-9265-4a23-8333-4f83409315c4,completed,2026-06-19 19:53:59.569302+00:00,2026-06-19 19:53:59.678811+00:00
ac20d800-900c-49e3-8cc1-cef6fd1a5441,completed,2026-06-19 19:54:00.338400+00:00,2026-06-19 19:54:00.446366+00:00
c4abb69d-e1e1-425b-b710-de4d3914843b,completed,2026-06-19 19:53:59.899363+00:00,2026-06-19 19:54:00.019525+00:00
c2ebecbf-0d5c-4304-81f9-d4a690de0204,completed,2026-06-19 19:54:00.055652+00:00,2026-06-19 19:54:00.171487+00:00
b99a0bdf-6b2c-4a2f-a91d-08b6e19a1138,completed,2026-06-19 19:53:59.924864+00:00,2026-06-19 19:54:00.043308+00:00
365fa2df-bde6-491b-b1c8-b978cd7fc136,completed,2026-06-19 19:53:59.698954+00:00,2026-06-19 19:53:59.816420+00:00
d37392b3-dc6d-48dc-95cf-232021ef1b3e,completed,2026-06-19 19:53:59.723862+00:00,2026-06-19 19:53:59.848146+00:00
f6752700-e4d8-486f-98c7-05d84c178e54,completed,2026-06-19 19:54:00.421529+00:00,2026-06-19 19:54:00.562404+00:00
1d3dded2-768d-41be-a83c-d839ae594cb3,completed,2026-06-19 19:53:59.746693+00:00,2026-06-19 19:53:59.862752+00:00
0bd7be9c-c310-4c8e-b2ef-87ee7ea352e6,completed,2026-06-19 19:53:59.772254+00:00,2026-06-19 19:53:59.892388+00:00
5b82af1e-cb0f-49fe-b428-fcf7aafea999,completed,2026-06-19 19:53:59.797681+00:00,2026-06-19 19:53:59.918418+00:00
c35c7783-6ef3-4ce4-a486-fde9e400ae7f,completed,2026-06-19 19:53:59.822695+00:00,2026-06-19 19:53:59.946679+00:00
511d7b59-4c84-4913-ae9f-d8253ebb54a3,completed,2026-06-19 19:54:00.080230+00:00,2026-06-19 19:54:00.198549+00:00
d6c8e5a4-9380-4de9-933d-5284a480219e,completed,2026-06-19 19:53:59.848186+00:00,2026-06-19 19:53:59.970420+00:00
1eab127b-bc9d-4c18-9deb-c6b9b574361b,completed,2026-06-19 19:53:59.873991+00:00,2026-06-19 19:54:00.001577+00:00
bc9aebf2-6e0a-4a18-a646-a8aff934b272,completed,2026-06-19 19:53:59.950577+00:00,2026-06-19 19:54:00.082602+00:00
800e30cf-f06d-4996-b243-3f7eddd53cbb,completed,2026-06-19 19:54:00.156893+00:00,2026-06-19 19:54:00.270016+00:00
83d3674d-8496-481a-b01e-26878ad1c91a,completed,2026-06-19 19:53:59.976601+00:00,2026-06-19 19:54:00.103131+00:00
c7f54667-a716-4b04-8692-557274a53ce1,completed,2026-06-19 19:54:00.004320+00:00,2026-06-19 19:54:00.131031+00:00
26e302bf-9cf0-4566-8cd5-66afd1bdb4d3,completed,2026-06-19 19:54:00.453560+00:00,2026-06-19 19:54:00.592543+00:00
9fc324b3-859b-41e6-8e41-3baa64a32386,completed,2026-06-19 19:54:00.030325+00:00,2026-06-19 19:54:00.152778+00:00
a4624b65-6f8a-4b1e-8552-ff02f61d528e,completed,2026-06-19 19:54:00.469439+00:00,2026-06-19 19:54:00.594684+00:00
5586363d-56ec-4be9-b79c-531be2774445,completed,2026-06-19 19:54:00.290923+00:00,2026-06-19 19:54:00.412778+00:00
ad5dba34-29fd-4b3a-907e-8d6a41d0b8f9,completed,2026-06-19 19:54:00.106298+00:00,2026-06-19 19:54:00.246871+00:00
09ec04ac-0d8e-460b-a8f0-565f13ba6547,completed,2026-06-19 19:54:00.130825+00:00,2026-06-19 19:54:00.259286+00:00
c6dae407-b4e9-4114-9030-8ea1c5e42c8a,completed,2026-06-19 19:54:00.183488+00:00,2026-06-19 19:54:00.318011+00:00
6eac76d4-13c7-4c4f-a3cc-53d96a9d8516,completed,2026-06-19 19:54:00.210298+00:00,2026-06-19 19:54:00.323578+00:00
58ebc002-366e-43e5-9228-798865b1ee02,completed,2026-06-19 19:54:00.235456+00:00,2026-06-19 19:54:00.368922+00:00
82b89cea-ccc8-4d54-aafe-0356373ec155,completed,2026-06-19 19:54:00.390981+00:00,2026-06-19 19:54:00.559388+00:00
bba5adcc-d650-434f-810e-5343f56c490d,completed,2026-06-19 19:54:00.263978+00:00,2026-06-19 19:54:00.386807+00:00
86f244b5-85bf-48b1-8dbb-c6adfd7805f6,completed,2026-06-19 19:54:00.325681+00:00,2026-06-19 19:54:00.437113+00:00
d5d32a91-0751-4fb7-b9b8-b6f071d84839,completed,2026-06-19 19:54:00.367531+00:00,2026-06-19 19:54:00.493373+00:00
c7d59009-6880-40e1-89bb-7b69807b54ba,completed,2026-06-19 19:54:00.706283+00:00,2026-06-19 19:54:00.819710+00:00
be36d391-ece4-457c-8a5c-db9b56ecff5e,completed,2026-06-19 19:54:01.025826+00:00,2026-06-19 19:54:01.145570+00:00
9e89a4f1-6590-4540-965a-3133732ca691,completed,2026-06-19 19:54:00.865739+00:00,2026-06-19 19:54:00.979888+00:00
a9c5410a-91d2-48e2-a42c-806de9db2fe5,completed,2026-06-19 19:54:00.732919+00:00,2026-06-19 19:54:00.854740+00:00
1c8048c0-da7a-4a4a-b2b7-d5a5c92b1dc0,completed,2026-06-19 19:54:00.496029+00:00,2026-06-19 19:54:00.615545+00:00
f22da3d1-3540-40fb-a377-b4a4bad51d7f,completed,2026-06-19 19:54:00.521468+00:00,2026-06-19 19:54:00.654068+00:00
75d84869-5f01-45cb-8f30-fed8aed59a78,completed,2026-06-19 19:54:01.232711+00:00,2026-06-19 19:54:01.358026+00:00
6aa29887-056b-4ed7-bc4c-7e04e8a5b05b,completed,2026-06-19 19:54:00.550074+00:00,2026-06-19 19:54:00.678624+00:00
17ec9145-d117-4409-af50-c77cdff6dcd5,completed,2026-06-19 19:54:00.766358+00:00,2026-06-19 19:54:00.885066+00:00
7dac5002-e347-418b-bde3-50d2df67e55a,completed,2026-06-19 19:54:00.599403+00:00,2026-06-19 19:54:00.712183+00:00
45260d21-b5b2-4ae9-ba1a-5c7236c26134,completed,2026-06-19 19:54:00.606403+00:00,2026-06-19 19:54:00.741425+00:00
99688582-60e8-4293-b3d5-24aa60fc55c5,completed,2026-06-19 19:54:00.627831+00:00,2026-06-19 19:54:00.743068+00:00
7d91a546-5b8a-4681-bf0d-e599e046f4c6,completed,2026-06-19 19:54:00.897033+00:00,2026-06-19 19:54:01.007866+00:00
7d7662e9-4739-4ae3-afc4-5ded9787d570,completed,2026-06-19 19:54:00.657041+00:00,2026-06-19 19:54:00.772635+00:00
3b546613-3aa9-4dd8-9af0-4723386c5bbb,completed,2026-06-19 19:54:00.682576+00:00,2026-06-19 19:54:00.790294+00:00
419e7056-cdb9-4076-889b-aacdd7ba3355,completed,2026-06-19 19:54:00.974477+00:00,2026-06-19 19:54:01.100697+00:00
57ef9b31-bf99-4185-a4a9-0d567e6c5c78,completed,2026-06-19 19:54:00.785629+00:00,2026-06-19 19:54:00.915563+00:00
9a243a4d-1de1-476e-a36d-5846a0949182,completed,2026-06-19 19:54:00.818709+00:00,2026-06-19 19:54:00.933441+00:00
d017b71e-8820-4495-9618-3aed6eb346ca,completed,2026-06-19 19:54:01.252275+00:00,2026-06-19 19:54:01.372985+00:00
007ced6d-7c9c-43a4-890d-be731cee2480,completed,2026-06-19 19:54:00.838906+00:00,2026-06-19 19:54:00.954794+00:00
e16b2e03-1042-4bcd-9d81-5d95272aa0f7,completed,2026-06-19 19:54:01.103881+00:00,2026-06-19 19:54:01.226082+00:00
0d63cc67-c1ea-4347-be77-42c968cad516,completed,2026-06-19 19:54:00.917796+00:00,2026-06-19 19:54:01.045644+00:00
e9994536-0d03-4160-ae1e-70e6cd6e6227,completed,2026-06-19 19:54:00.946244+00:00,2026-06-19 19:54:01.058754+00:00
7d29b56d-5f7b-4631-b6bc-105a1d30a1df,completed,2026-06-19 19:54:00.998394+00:00,2026-06-19 19:54:01.118995+00:00
8c01a7f9-8566-4ce6-9ad2-24213d08619a,completed,2026-06-19 19:54:01.300183+00:00,2026-06-19 19:54:01.426548+00:00
07c925a0-9950-4de0-8c2f-1461e7a19792,completed,2026-06-19 19:54:01.058113+00:00,2026-06-19 19:54:01.174888+00:00
9abdcead-b3c2-4dda-9111-2f5f28b567ed,completed,2026-06-19 19:54:01.077136+00:00,2026-06-19 19:54:01.198770+00:00
605ca524-2d1d-4777-b97e-fe81eff3e0c0,completed,2026-06-19 19:54:01.131322+00:00,2026-06-19 19:54:01.251420+00:00
13960a67-0dce-4ac0-bd2e-4ecd91221958,completed,2026-06-19 19:54:01.174763+00:00,2026-06-19 19:54:01.294131+00:00
e71d9261-31e7-4cee-8ec7-3de8710d1b3d,completed,2026-06-19 19:54:01.293618+00:00,2026-06-19 19:54:01.428046+00:00
3adddb1f-4e2a-4606-9856-f81d61478574,completed,2026-06-19 19:54:01.207579+00:00,2026-06-19 19:54:01.319303+00:00
e297c9e7-fbd6-4ed2-b454-7aa310998d4e,completed,2026-06-19 19:54:01.553243+00:00,2026-06-19 19:54:01.660157+00:00
dcd4e0c4-18aa-4be6-8ede-7429a4bfe2f4,completed,2026-06-19 19:54:11.321290+00:00,2026-06-19 19:54:11.428864+00:00
579445f4-0336-482e-ae69-63d263627df9,completed,2026-06-19 19:54:01.565168+00:00,2026-06-19 19:54:01.676980+00:00
88f3801d-3b57-482f-83f5-2c1c1e144443,completed,2026-06-19 19:54:01.589533+00:00,2026-06-19 19:54:01.704741+00:00
ca828e34-1367-4645-9723-46525e194605,completed,2026-06-19 19:54:01.618341+00:00,2026-06-19 19:54:01.724200+00:00
980b01e5-42ba-417a-8dc6-43dc4dde792c,completed,2026-06-19 19:54:01.339829+00:00,2026-06-19 19:54:01.467258+00:00
ba967ddc-8fb3-408d-87a1-53299aae3f22,completed,2026-06-19 19:54:01.351940+00:00,2026-06-19 19:54:01.468744+00:00
b7817f06-1be7-4823-b747-e6ab86f8149b,completed,2026-06-19 19:54:01.663076+00:00,2026-06-19 19:54:01.793242+00:00
3e5618d9-2924-4158-8ad7-0bff4fcc5f95,completed,2026-06-19 19:54:01.376850+00:00,2026-06-19 19:54:01.498851+00:00
18f2e949-4912-4b1e-9147-b3d204fc02e3,completed,2026-06-19 19:54:07.815255+00:00,2026-06-19 19:54:07.942159+00:00
8dd988df-725d-4157-9b7d-c2d80cd0e6fd,completed,2026-06-19 19:54:01.404564+00:00,2026-06-19 19:54:01.531943+00:00
51b5e7f6-9faf-45cd-947d-20879a27e940,completed,2026-06-19 19:54:01.430542+00:00,2026-06-19 19:54:01.544739+00:00
050144e0-a8f0-45d8-b815-b047534dee9f,completed,2026-06-19 19:54:11.419263+00:00,2026-06-19 19:54:11.535278+00:00
8d0846e1-ed10-49d8-9463-648cf81d857e,completed,2026-06-19 19:54:01.459128+00:00,2026-06-19 19:54:01.567605+00:00
95e658e9-c75d-405c-a332-ac56198f6ef3,completed,2026-06-19 19:54:01.486824+00:00,2026-06-19 19:54:01.604698+00:00
cd412ec7-137e-40f4-acb4-8f06badc489c,completed,2026-06-19 19:54:01.519635+00:00,2026-06-19 19:54:01.644755+00:00
590117bf-2d6a-4dd6-a172-a62e7311c0f9,completed,2026-06-19 19:54:08.059699+00:00,2026-06-19 19:54:08.171111+00:00
4ae9fd95-c9e7-415f-978b-19eb7fac397d,completed,2026-06-19 19:54:09.081176+00:00,2026-06-19 19:54:09.185763+00:00
e54e3862-0410-4712-80a2-210c10286f3d,completed,2026-06-19 19:54:10.153204+00:00,2026-06-19 19:54:10.261481+00:00
1ff3b3eb-30ce-4f50-8f26-dad2b30ca91e,completed,2026-06-19 19:54:10.274145+00:00,2026-06-19 19:54:10.379336+00:00
7681cb8f-5346-44ff-941f-4f035432fc26,completed,2026-06-19 19:54:10.433920+00:00,2026-06-19 19:54:10.535995+00:00
dd0eaa74-95b6-41f0-a838-bb91f3414e75,completed,2026-06-19 19:54:10.551490+00:00,2026-06-19 19:54:10.672124+00:00
ac46995c-b583-49a0-bfe3-cdcaceaddf48,completed,2026-06-19 19:54:11.634056+00:00,2026-06-19 19:54:11.742799+00:00
001d6d9d-bcc0-40bf-9a2c-f166611dfb9b,completed,2026-06-19 19:54:11.681125+00:00,2026-06-19 19:54:11.788398+00:00
7efe6f02-53b8-48e9-8541-fe6847ded9eb,completed,2026-06-19 19:54:11.547131+00:00,2026-06-19 19:54:11.649742+00:00
7660db95-a35c-4f71-809e-c6fedbd68ffc,completed,2026-06-19 19:54:11.531980+00:00,2026-06-19 19:54:11.653093+00:00
eee44191-a252-460f-a080-a4acd440df44,completed,2026-06-19 19:54:11.804669+00:00,2026-06-19 19:54:11.910910+00:00
1620c622-e6a2-4643-8f11-ec1441be7dab,completed,2026-06-19 19:54:11.592891+00:00,2026-06-19 19:54:11.697975+00:00
5d6ac651-ecb6-4cd4-af7b-7780031a1ceb,completed,2026-06-19 19:54:11.846017+00:00,2026-06-19 19:54:11.948313+00:00
7679a940-4d1b-4b04-b49e-3c397eaa1b43,completed,2026-06-19 19:54:11.716622+00:00,2026-06-19 19:54:11.834535+00:00
b3d0220e-0631-4be1-b603-e7bc95df5d23,completed,2026-06-19 19:54:11.787612+00:00,2026-06-19 19:54:11.894074+00:00
2bedc821-03e0-443a-8811-ae976761f1db,completed,2026-06-19 19:54:12.464749+00:00,2026-06-19 19:54:12.609111+00:00
fd372b84-b0c1-44ce-8707-f65cce4b66a4,completed,2026-06-19 19:54:12.788375+00:00,2026-06-19 19:54:12.911720+00:00
67a41b64-cee9-4b88-a7d5-47b701426fd7,completed,2026-06-19 19:54:13.117173+00:00,2026-06-19 19:54:13.236974+00:00
88544d97-96a8-4636-bd1f-4a51161bb392,completed,2026-06-19 19:54:13.432990+00:00,2026-06-19 19:54:13.537331+00:00
9d190d3e-d96f-4dae-8934-f3840609832f,completed,2026-06-19 19:54:12.530718+00:00,2026-06-19 19:54:12.648567+00:00
f265cfec-430c-4af6-83e1-5b268103b671,completed,2026-06-19 19:54:12.825247+00:00,2026-06-19 19:54:12.941978+00:00
3c33de06-c471-4af2-8b9b-0b01e03cade3,completed,2026-06-19 19:54:13.173422+00:00,2026-06-19 19:54:13.305574+00:00
0415ec02-3d14-4e59-b46c-54ddbe25730c,completed,2026-06-19 19:54:12.559411+00:00,2026-06-19 19:54:12.662267+00:00
51692a1d-4677-4f72-b668-b0e89315445b,completed,2026-06-19 19:54:12.871429+00:00,2026-06-19 19:54:12.979545+00:00
a8b7c776-f097-4d8c-8895-e2b1c422b4fc,completed,2026-06-19 19:54:13.199508+00:00,2026-06-19 19:54:13.299503+00:00
64ee6f8e-ae7e-4eb3-a971-d2f935cf2b2b,completed,2026-06-19 19:54:12.599513+00:00,2026-06-19 19:54:12.718117+00:00
fe3790cb-0c3b-4c4b-b0c2-18fad666067e,completed,2026-06-19 19:54:12.918457+00:00,2026-06-19 19:54:13.030337+00:00
c34b3f10-e511-4a00-bb1a-3d80acfe7b01,completed,2026-06-19 19:54:13.249298+00:00,2026-06-19 19:54:13.360523+00:00
ab3dc7ce-0335-4d5b-bba1-2685ac741a6f,completed,2026-06-19 19:54:14.987784+00:00,2026-06-19 19:54:15.087689+00:00
379616a6-b50e-44af-b0af-11754db81b13,completed,2026-06-19 19:54:12.648947+00:00,2026-06-19 19:54:12.759744+00:00
0576f3b1-b5fd-405f-bd7d-7cbf41825f74,completed,2026-06-19 19:54:12.968871+00:00,2026-06-19 19:54:13.111701+00:00
b8e6b6b6-bc69-4082-8b7c-6b1240327a0c,completed,2026-06-19 19:54:13.295095+00:00,2026-06-19 19:54:13.415765+00:00
703c26d8-a30e-4828-8536-c9183ce8a348,completed,2026-06-19 19:54:15.042329+00:00,2026-06-19 19:54:15.151725+00:00
b3171c05-b04b-4b1f-b474-a652e14eaece,completed,2026-06-19 19:54:12.689250+00:00,2026-06-19 19:54:12.792459+00:00
42084d71-a980-439b-8430-f708ce01acba,completed,2026-06-19 19:54:13.016343+00:00,2026-06-19 19:54:13.136067+00:00
623ecc0b-5a14-4747-935b-04acf4ad7da6,completed,2026-06-19 19:54:13.338517+00:00,2026-06-19 19:54:13.449198+00:00
87d65dad-f011-4e9e-bd97-faddff9f975c,completed,2026-06-19 19:54:15.095564+00:00,2026-06-19 19:54:15.199955+00:00
28746d6b-473a-416e-9683-4b8c3e27a963,completed,2026-06-19 19:54:12.743650+00:00,2026-06-19 19:54:12.855412+00:00
3b19b2fd-5700-4813-ba70-bfcb52fc55af,completed,2026-06-19 19:54:13.066462+00:00,2026-06-19 19:54:13.177295+00:00
ed8692b1-bc05-41ce-97c8-bc96dd1e6c93,completed,2026-06-19 19:54:13.387306+00:00,2026-06-19 19:54:13.504480+00:00
508319ba-fd8e-4999-8677-689e2bfe3578,completed,2026-06-19 19:54:14.215684+00:00,2026-06-19 19:54:14.322210+00:00
c46e7917-52c8-4b80-8647-33f075dcb8e7,completed,2026-06-19 19:54:13.918462+00:00,2026-06-19 19:54:14.024948+00:00
47395d34-181d-4a57-8dd1-9b48dff1e07b,completed,2026-06-19 19:54:13.481738+00:00,2026-06-19 19:54:13.581406+00:00
c46758e0-9e01-4bc0-b34c-6d4b051aaaa0,completed,2026-06-19 19:54:13.529155+00:00,2026-06-19 19:54:13.637812+00:00
2b772524-5d3f-4b7d-bcfc-95ba9114679e,completed,2026-06-19 19:54:13.577069+00:00,2026-06-19 19:54:13.681445+00:00
7286e886-6683-40ba-b2ef-f0ac464ff95f,completed,2026-06-19 19:54:13.971968+00:00,2026-06-19 19:54:14.096278+00:00
e458f93b-da2e-4a5e-a217-738cdaffeaa1,completed,2026-06-19 19:54:13.625959+00:00,2026-06-19 19:54:13.732106+00:00
03f6b50e-bfc8-4277-a177-9e3ee769dbf6,completed,2026-06-19 19:54:14.883809+00:00,2026-06-19 19:54:14.989856+00:00
bf2c0e5b-27ca-45b9-992f-aaabb38b1b8c,completed,2026-06-19 19:54:13.681872+00:00,2026-06-19 19:54:13.782332+00:00
407600cf-20f9-4587-a812-590c9deeb015,completed,2026-06-19 19:54:14.017304+00:00,2026-06-19 19:54:14.133678+00:00
7a0f6319-7ebc-4210-87a9-f184f2baae7e,completed,2026-06-19 19:54:13.722077+00:00,2026-06-19 19:54:13.826811+00:00
dc819c81-ec39-4d46-9230-8ee6ace85d24,completed,2026-06-19 19:54:13.771795+00:00,2026-06-19 19:54:13.886532+00:00
be44e533-1bd2-430f-9885-fab71d408146,completed,2026-06-19 19:54:14.265231+00:00,2026-06-19 19:54:14.376141+00:00
298605ed-e1fb-45a1-a13f-7f680817810c,completed,2026-06-19 19:54:13.820299+00:00,2026-06-19 19:54:13.947242+00:00
f3095677-d15f-4c3c-b313-fc31c305bfc1,completed,2026-06-19 19:54:13.869594+00:00,2026-06-19 19:54:13.987820+00:00
41a75d8e-11cb-4f2c-ac4c-05a98c818353,completed,2026-06-19 19:54:14.570910+00:00,2026-06-19 19:54:14.682689+00:00
ad6e2449-2c5e-4e2d-bef5-a17170764f62,completed,2026-06-19 19:54:14.067775+00:00,2026-06-19 19:54:14.189790+00:00
638e6cd6-df53-4e66-bf3a-56fbf839f34f,completed,2026-06-19 19:54:14.417910+00:00,2026-06-19 19:54:14.525141+00:00
b4d1054d-58c2-44dd-a1be-8b70a585fd3a,completed,2026-06-19 19:54:14.123553+00:00,2026-06-19 19:54:14.229254+00:00
74d61dc0-e852-46d9-ad11-d22e9a2d2485,completed,2026-06-19 19:54:14.167274+00:00,2026-06-19 19:54:14.283269+00:00
af366bc2-fcb1-4aa8-bd72-6704f20372be,completed,2026-06-19 19:54:14.673879+00:00,2026-06-19 19:54:14.777194+00:00
f9c265c2-e4d9-445e-a55a-1f3d103f57ef,completed,2026-06-19 19:54:14.316946+00:00,2026-06-19 19:54:14.436064+00:00
6ab7696d-ab53-4b24-a69a-a90c7a780743,completed,2026-06-19 19:54:14.621174+00:00,2026-06-19 19:54:14.724294+00:00
9215a959-96ee-4693-868a-d437246f6423,completed,2026-06-19 19:54:14.368691+00:00,2026-06-19 19:54:14.476160+00:00
3cf52063-4eb4-43c1-a169-180ad74214df,completed,2026-06-19 19:54:14.469749+00:00,2026-06-19 19:54:14.589043+00:00
febc31c4-a372-4241-855c-ec57fae8dd40,completed,2026-06-19 19:54:14.519778+00:00,2026-06-19 19:54:14.659360+00:00
7010b1bd-cad2-4b0f-a217-beb38bf1494a,completed,2026-06-19 19:54:14.777477+00:00,2026-06-19 19:54:14.877281+00:00
dbac5f4a-fff3-4bf8-baf0-ff7e2522abaf,completed,2026-06-19 19:54:14.935813+00:00,2026-06-19 19:54:15.039527+00:00
3666c91a-bdc8-4005-8af8-4accff1ae792,completed,2026-06-19 19:54:14.725901+00:00,2026-06-19 19:54:14.866843+00:00
233e8304-a9b5-416e-9db8-1e139687f202,completed,2026-06-19 19:54:14.830862+00:00,2026-06-19 19:54:14.943682+00:00
5b328389-1f5f-40ad-820a-efab5cf47224,completed,2026-06-19 19:54:16.031777+00:00,2026-06-19 19:54:16.133143+00:00
3b965d70-544a-4d38-8d26-9fc4b2e90437,completed,2026-06-19 19:54:15.692991+00:00,2026-06-19 19:54:15.804145+00:00
aac0231c-9081-419b-af66-ddd952c04175,completed,2026-06-19 19:54:15.150030+00:00,2026-06-19 19:54:15.260619+00:00
a00a4bbf-e34c-408e-82bd-32ddf1637f7e,completed,2026-06-19 19:54:15.207954+00:00,2026-06-19 19:54:15.318006+00:00
009a89e5-d783-40bf-b236-2790f403610d,completed,2026-06-19 19:54:15.750513+00:00,2026-06-19 19:54:15.852554+00:00
0f0caa4b-96e3-46ec-a2b9-df838deb36a1,completed,2026-06-19 19:54:15.256411+00:00,2026-06-19 19:54:15.370050+00:00
043cbec0-4a90-4a78-afcb-37afae7c3653,completed,2026-06-19 19:54:15.309600+00:00,2026-06-19 19:54:15.409227+00:00
5c274de9-8f78-4b82-ab0a-3e84c27687af,completed,2026-06-19 19:54:15.365868+00:00,2026-06-19 19:54:15.473321+00:00
aa2eea92-0113-423d-adab-a9ab74e0aa8a,completed,2026-06-19 19:54:16.264607+00:00,2026-06-19 19:54:16.369508+00:00
2f612def-b29f-40a4-8f72-83e9a03cbf99,completed,2026-06-19 19:54:15.419037+00:00,2026-06-19 19:54:15.520828+00:00
35523c0b-2310-4975-8826-45c75f9bfb51,completed,2026-06-19 19:54:15.804498+00:00,2026-06-19 19:54:15.906658+00:00
a2341683-9417-4760-bab2-858a5aa34ef4,completed,2026-06-19 19:54:15.473659+00:00,2026-06-19 19:54:15.590904+00:00
3c61ea95-9d4c-4f8c-89c1-ebfc0be7ac6b,completed,2026-06-19 19:54:15.526410+00:00,2026-06-19 19:54:15.627488+00:00
24e256be-ff2d-462e-9c4c-0b0079f432cc,completed,2026-06-19 19:54:16.089095+00:00,2026-06-19 19:54:16.185923+00:00
85702c8e-92db-40ff-b03d-c2f9f543e093,completed,2026-06-19 19:54:15.582410+00:00,2026-06-19 19:54:15.690888+00:00
89984145-4112-4969-9e9a-29647c2a08c4,completed,2026-06-19 19:54:15.637211+00:00,2026-06-19 19:54:15.744529+00:00
86db47aa-c8a6-4fb5-a127-faf918a8cd96,completed,2026-06-19 19:54:15.866589+00:00,2026-06-19 19:54:15.968998+00:00
d620a7be-d57d-4d84-8a48-6c105b38e210,completed,2026-06-19 19:54:15.919647+00:00,2026-06-19 19:54:16.025273+00:00
c3485a5f-d0d0-4437-864f-1ea22f3afa60,completed,2026-06-19 19:54:15.977125+00:00,2026-06-19 19:54:16.085282+00:00
52bf7bad-9d4b-4b5b-89ca-efbed42694e0,completed,2026-06-19 19:54:16.319823+00:00,2026-06-19 19:54:16.421462+00:00
fb9c6f1e-53f2-4b7b-a55c-d44f95e80703,completed,2026-06-19 19:54:16.152922+00:00,2026-06-19 19:54:16.250775+00:00
cb4e9539-cf43-4e93-b261-c5aed2bbfe8a,completed,2026-06-19 19:54:16.440562+00:00,2026-06-19 19:54:16.544716+00:00
bb3fe1e8-c7f6-40d1-978c-0d74cee63969,completed,2026-06-19 19:54:16.205928+00:00,2026-06-19 19:54:16.313919+00:00
6fe9f66f-602f-4246-9973-1cea1bd7652f,completed,2026-06-19 19:54:16.557226+00:00,2026-06-19 19:54:16.670248+00:00
7e7145bb-9062-46ba-a9fb-10e7577e7f3c,completed,2026-06-19 19:54:16.381093+00:00,2026-06-19 19:54:16.482428+00:00
75dd4741-e775-4a8f-860e-78d567cbce1f,completed,2026-06-19 19:54:16.858859+00:00,2026-06-19 19:54:16.957718+00:00
81f39da0-5fb1-4da1-a0a5-4adfe3958cb3,completed,2026-06-19 19:54:16.500015+00:00,2026-06-19 19:54:16.597484+00:00
250066e2-b8ee-4a13-bef1-e13f3bba20fd,completed,2026-06-19 19:54:16.627127+00:00,2026-06-19 19:54:16.735202+00:00
9c8b8e28-19f9-4b37-b20d-b56c76af547b,completed,2026-06-19 19:54:16.679802+00:00,2026-06-19 19:54:16.785426+00:00
b23f8303-7b3e-4356-87c6-3f3d8209c500,completed,2026-06-19 19:54:16.735552+00:00,2026-06-19 19:54:16.847222+00:00
7de21014-9685-4e90-94f1-5881ab4c5e69,completed,2026-06-19 19:54:16.800535+00:00,2026-06-19 19:54:16.903757+00:00
424b9b2c-c5f2-4fa8-a02f-4d4230a86066,completed,2026-06-19 19:54:17.940965+00:00,2026-06-19 19:54:18.058921+00:00
46d6d68b-ec52-4676-82a6-e61ff6dc3975,completed,2026-06-19 19:54:17.545712+00:00,2026-06-19 19:54:17.651147+00:00
dbe6085b-8e51-47cb-b464-41b49d30a2d6,completed,2026-06-19 19:54:16.919532+00:00,2026-06-19 19:54:17.021019+00:00
bd19d723-a87d-41a0-a5a7-3d80bafa6f01,completed,2026-06-19 19:54:16.984613+00:00,2026-06-19 19:54:17.094695+00:00
6befe9aa-8959-4331-9060-79eec2b4a0f0,completed,2026-06-19 19:54:17.048008+00:00,2026-06-19 19:54:17.145027+00:00
f2f41f88-ea9f-402a-bd63-2181c5b2329e,completed,2026-06-19 19:54:17.610751+00:00,2026-06-19 19:54:17.725542+00:00
870b8d08-1fa5-4779-9a38-267490b2f6f5,completed,2026-06-19 19:54:17.105684+00:00,2026-06-19 19:54:17.211474+00:00
d84551eb-3e61-47be-bc89-111f82c38760,completed,2026-06-19 19:54:17.165942+00:00,2026-06-19 19:54:17.274999+00:00
aa9ae23a-43d7-4d02-8805-af30e99ebfd8,completed,2026-06-19 19:54:18.213646+00:00,2026-06-19 19:54:18.324453+00:00
d8982b4a-f765-4d8c-9886-d3ddfdbf7398,completed,2026-06-19 19:54:17.229590+00:00,2026-06-19 19:54:17.340848+00:00
c1b4afda-39f2-4320-8dfb-c626192748f7,completed,2026-06-19 19:54:17.678118+00:00,2026-06-19 19:54:17.778058+00:00
062da230-6e7b-43fa-a553-4d4afcda3c75,completed,2026-06-19 19:54:17.304251+00:00,2026-06-19 19:54:17.409896+00:00
752bf853-9536-4863-aac2-ec8e8e735729,completed,2026-06-19 19:54:17.355079+00:00,2026-06-19 19:54:17.466352+00:00
d4ece13d-1124-4836-8f8b-6805548094ec,completed,2026-06-19 19:54:18.008587+00:00,2026-06-19 19:54:18.115442+00:00
eeed13f6-f840-4429-be77-a88d84be2834,completed,2026-06-19 19:54:17.422729+00:00,2026-06-19 19:54:17.529723+00:00
45fd5d5c-6ff6-45e5-8f5a-aae0a0d6ce7b,completed,2026-06-19 19:54:17.486136+00:00,2026-06-19 19:54:17.608083+00:00
9cf8f7f3-8e36-4a6a-98fb-fb1a57f7fa37,completed,2026-06-19 19:54:17.742763+00:00,2026-06-19 19:54:17.850106+00:00
e6cac74e-8fa5-4680-9884-794dd0ff5de2,completed,2026-06-19 19:54:17.807253+00:00,2026-06-19 19:54:17.915975+00:00
366bbabb-f818-4fed-b668-f1e9ebc71585,completed,2026-06-19 19:54:17.875342+00:00,2026-06-19 19:54:17.982649+00:00
8a4e9992-a8b4-437d-a59e-05fea742751c,completed,2026-06-19 19:54:18.283301+00:00,2026-06-19 19:54:18.396875+00:00
5832150b-ec96-4b65-a4fe-db1ceae14509,completed,2026-06-19 19:54:18.075139+00:00,2026-06-19 19:54:18.183226+00:00
37289308-21d2-4d80-a639-27d5bdb64dcf,completed,2026-06-19 19:54:18.419476+00:00,2026-06-19 19:54:18.526683+00:00
3558aa9e-643f-4e72-ba39-135ccb495585,completed,2026-06-19 19:54:18.143342+00:00,2026-06-19 19:54:18.249826+00:00
868a81dc-a3fd-43e6-a594-6f059ee0171c,completed,2026-06-19 19:54:18.559298+00:00,2026-06-19 19:54:18.668714+00:00
6d14debe-ed0b-4f4b-a172-7c66e6a44e7a,completed,2026-06-19 19:54:18.351045+00:00,2026-06-19 19:54:18.458851+00:00
26dcd3a3-9b54-435f-9bee-5b28e261f9b9,completed,2026-06-19 19:54:18.926469+00:00,2026-06-19 19:54:19.026920+00:00
9ea63997-b35b-41af-a866-e5449c14c545,completed,2026-06-19 19:54:18.489433+00:00,2026-06-19 19:54:18.603624+00:00
15a39c4d-78b5-456c-82b9-b4e2c1d49fed,completed,2026-06-19 19:54:18.635548+00:00,2026-06-19 19:54:18.758259+00:00
dd7d7d9a-da4e-4b5a-92d6-dbdcb257df4b,completed,2026-06-19 19:54:18.703215+00:00,2026-06-19 19:54:18.818574+00:00
776c0f91-6f3a-4bc4-92d1-1a52db299011,completed,2026-06-19 19:54:18.775608+00:00,2026-06-19 19:54:18.879446+00:00
48f8ac1d-2425-428e-8db4-4bfadb0974b4,completed,2026-06-19 19:54:18.852288+00:00,2026-06-19 19:54:18.961654+00:00
370ccd77-c2e4-40ca-b567-c7d96e66fcb9,completed,2026-06-19 19:54:20.251717+00:00,2026-06-19 19:54:20.359352+00:00
4c6ab31e-5a3a-43de-be3a-f41c0e21419f,completed,2026-06-19 19:54:19.759331+00:00,2026-06-19 19:54:19.853492+00:00
9b67b58e-c92b-4f29-b442-0d93ba3d9570,completed,2026-06-19 19:54:18.998872+00:00,2026-06-19 19:54:19.121332+00:00
fb12acb1-9b48-4ca2-85a6-2567c10e2fb3,completed,2026-06-19 19:54:19.081385+00:00,2026-06-19 19:54:19.185334+00:00
5fe8d933-0ac9-414e-9368-2cc1766c34d0,completed,2026-06-19 19:54:19.143580+00:00,2026-06-19 19:54:19.257559+00:00
744998dd-3954-4d25-aeee-4c070779dd23,completed,2026-06-19 19:54:19.838358+00:00,2026-06-19 19:54:19.938331+00:00
94e02ffe-7e9f-4f93-8f25-fad32be19b68,completed,2026-06-19 19:54:19.224364+00:00,2026-06-19 19:54:19.345818+00:00
acd9f093-fb57-4061-b4f4-2d83e03ea538,completed,2026-06-19 19:54:19.292965+00:00,2026-06-19 19:54:19.395324+00:00
49d1858c-d61b-4bfe-84ca-f51ba90503ad,completed,2026-06-19 19:54:20.593135+00:00,2026-06-19 19:54:20.696114+00:00
74ce8ca9-da7e-45d7-86ba-f85c042ee415,completed,2026-06-19 19:54:19.368288+00:00,2026-06-19 19:54:19.471506+00:00
3945055f-3e2d-4ac7-86ef-64a4fd3f4fc9,completed,2026-06-19 19:54:19.920535+00:00,2026-06-19 19:54:20.026509+00:00
9ddb2c98-03e5-478d-9f90-510f6457e36a,completed,2026-06-19 19:54:19.445775+00:00,2026-06-19 19:54:19.542048+00:00
3db72b53-d925-44aa-9a14-a0d8ab4775bd,completed,2026-06-19 19:54:19.522501+00:00,2026-06-19 19:54:19.626701+00:00
d1eebd6b-42b3-4c39-9f6d-02b231af44ad,completed,2026-06-19 19:54:20.344205+00:00,2026-06-19 19:54:20.447935+00:00
25011d38-548c-40ac-aac8-3a714272e63c,completed,2026-06-19 19:54:19.599595+00:00,2026-06-19 19:54:19.705679+00:00
4bba8eba-25c9-455a-bb49-05371108a9c0,completed,2026-06-19 19:54:19.679801+00:00,2026-06-19 19:54:19.778656+00:00
735d2b15-f37f-4eae-a50e-7d138f9cab66,completed,2026-06-19 19:54:20.000939+00:00,2026-06-19 19:54:20.105812+00:00
bfbf8085-344b-4f22-aec9-cbffebe1ae94,completed,2026-06-19 19:54:20.081840+00:00,2026-06-19 19:54:20.180984+00:00
b243511a-2d37-4051-a3ac-d934735eae11,completed,2026-06-19 19:54:21.420449+00:00,2026-06-19 19:54:21.520000+00:00
93bb0140-357d-4e4e-99eb-039b34dd22bf,completed,2026-06-19 19:54:20.165985+00:00,2026-06-19 19:54:20.290942+00:00
e2974be7-13b1-4dc9-a06a-7b7abaf42358,completed,2026-06-19 19:54:20.682345+00:00,2026-06-19 19:54:20.783646+00:00
a7fae280-cf9b-4c11-a182-14fc387577a5,completed,2026-06-19 19:54:20.420122+00:00,2026-06-19 19:54:20.522230+00:00
c127b6b7-a168-42d2-ac5a-7f1075ef0961,completed,2026-06-19 19:54:20.861434+00:00,2026-06-19 19:54:20.960681+00:00
c879cc70-f658-4caf-b629-04fa6b78b39b,completed,2026-06-19 19:54:20.506490+00:00,2026-06-19 19:54:20.612226+00:00
1b751476-47e1-4f32-8f63-91a123ec32df,completed,2026-06-19 19:54:20.952341+00:00,2026-06-19 19:54:21.056348+00:00
e465d932-e015-4792-b2d4-fe5f12355d9e,completed,2026-06-19 19:54:21.056703+00:00,2026-06-19 19:54:21.152122+00:00
1df7b705-e8ca-4002-a5b2-1251aececd52,completed,2026-06-19 19:54:20.770669+00:00,2026-06-19 19:54:20.871852+00:00
e7d1d732-ab16-4223-bf68-c8e12ebcb4c0,completed,2026-06-19 19:54:21.324267+00:00,2026-06-19 19:54:21.424159+00:00
853d5edd-765a-4ee9-b0b3-d2d846774908,completed,2026-06-19 19:54:21.137347+00:00,2026-06-19 19:54:21.243068+00:00
6b4b177a-6100-4663-add8-daec481778f4,completed,2026-06-19 19:54:21.234328+00:00,2026-06-19 19:54:21.337560+00:00
45ce5af5-56e2-411a-8b6d-99391376eccb,completed,2026-06-19 19:54:22.580637+00:00,2026-06-19 19:54:22.686812+00:00
691b599e-eff6-448c-b5cb-75027ee5dc34,completed,2026-06-19 19:54:21.513792+00:00,2026-06-19 19:54:21.632729+00:00
f5f108ab-08e0-41e8-bb1d-ac540f30405a,completed,2026-06-19 19:54:21.616895+00:00,2026-06-19 19:54:21.716618+00:00
afb2ae2a-b993-465a-9c3d-397a761947da,completed,2026-06-19 19:54:21.715978+00:00,2026-06-19 19:54:21.811717+00:00
da054e74-e2fe-4aa4-8bbe-20c6f6dd14c4,completed,2026-06-19 19:54:22.688527+00:00,2026-06-19 19:54:22.788422+00:00
28e8fee0-8ba4-47cd-937d-b13887b38714,completed,2026-06-19 19:54:21.823470+00:00,2026-06-19 19:54:21.923076+00:00
b9997b3c-01ed-483c-b93f-26cc9036e526,completed,2026-06-19 19:54:21.921145+00:00,2026-06-19 19:54:22.013433+00:00
1fdc4aaf-1f1d-417f-bac4-71b5b568b63b,completed,2026-06-19 19:54:23.420674+00:00,2026-06-19 19:54:23.534679+00:00
06f5df17-0d70-44b8-a3cb-46f65a06cf8b,completed,2026-06-19 19:54:22.027678+00:00,2026-06-19 19:54:22.125399+00:00
99ebade8-931e-4ea9-b3d2-277ec7fb028a,completed,2026-06-19 19:54:22.806957+00:00,2026-06-19 19:54:22.904144+00:00
169dbcbf-77d2-400f-ab85-b46357aec976,completed,2026-06-19 19:54:22.130860+00:00,2026-06-19 19:54:22.228389+00:00
c379a669-fa45-48b7-842e-def8e46ac5bd,completed,2026-06-19 19:54:22.239579+00:00,2026-06-19 19:54:22.339618+00:00
0c39ddde-51de-4e52-984a-97dc1715e9f2,completed,2026-06-19 19:54:22.349636+00:00,2026-06-19 19:54:22.444012+00:00
0341340f-7640-45ad-98b0-74928971ffb4,completed,2026-06-19 19:54:22.921169+00:00,2026-06-19 19:54:23.027848+00:00
a9b76d68-9c1d-4b31-b59c-eed0e6274137,completed,2026-06-19 19:54:22.460174+00:00,2026-06-19 19:54:22.557107+00:00
fc4d2e82-5963-401a-9fe4-2ca185953fc4,completed,2026-06-19 19:54:23.971502+00:00,2026-06-19 19:54:24.082951+00:00
49657141-771a-4548-ac16-4661346738bc,completed,2026-06-19 19:54:23.553436+00:00,2026-06-19 19:54:23.655251+00:00
25583e5d-bf4c-4809-aebc-6405884bbd95,completed,2026-06-19 19:54:23.044598+00:00,2026-06-19 19:54:23.141996+00:00
a675820d-d1a5-4f1e-a698-b40a3b6faa99,completed,2026-06-19 19:54:23.164596+00:00,2026-06-19 19:54:23.267706+00:00
041fc7ea-b6aa-4270-af34-2de80b580663,completed,2026-06-19 19:54:23.295085+00:00,2026-06-19 19:54:23.391274+00:00
0c356c80-fc46-44db-8e2d-72a91cb16a60,completed,2026-06-19 19:54:23.691223+00:00,2026-06-19 19:54:23.796663+00:00
55527ac5-c9b7-4de6-9f54-51dba9523a67,completed,2026-06-19 19:54:24.424003+00:00,2026-06-19 19:54:24.531788+00:00
dc206636-469d-456a-9071-be331a3fe668,completed,2026-06-19 19:54:23.827296+00:00,2026-06-19 19:54:23.927796+00:00
a1e7b762-1839-48b8-be39-eb417c2a6e3f,completed,2026-06-19 19:54:24.116941+00:00,2026-06-19 19:54:24.211463+00:00
999955af-646a-4706-8582-344c16fa37a4,completed,2026-06-19 19:54:24.268354+00:00,2026-06-19 19:54:24.371071+00:00
cd2e6603-9edc-419d-91c0-47ad3b9bb21e,completed,2026-06-19 19:54:24.754617+00:00,2026-06-19 19:54:24.848527+00:00
5bbff96a-66a7-4fdb-92d2-3e032d3515e8,completed,2026-06-19 19:54:24.585036+00:00,2026-06-19 19:54:24.684757+00:00
59bb8a94-98dc-49e3-92d5-37ed32587843,completed,2026-06-19 19:54:24.922620+00:00,2026-06-19 19:54:25.015532+00:00
407c04ee-9cea-4c93-b3f7-bf852e467dcd,completed,2026-06-19 19:54:25.105249+00:00,2026-06-19 19:54:25.215009+00:00
84b20817-9e5e-4726-b5f8-42cc11c10884,completed,2026-06-19 19:54:25.293760+00:00,2026-06-19 19:54:25.391063+00:00
9d72ceff-9529-41cb-8b4d-3f4c240476ea,completed,2026-06-19 19:54:25.495297+00:00,2026-06-19 19:54:25.599731+00:00
5eb701d3-1aef-4e40-8399-c57c352b52e8,completed,2026-06-19 19:54:25.705513+00:00,2026-06-19 19:54:25.809462+00:00
3af42509-b6ed-40b0-a612-689274dd364f,completed,2026-06-19 19:54:25.928421+00:00,2026-06-19 19:54:26.032434+00:00
ae3ba685-51a5-47c1-84ca-2e055d7819a0,completed,2026-06-19 19:54:26.166098+00:00,2026-06-19 19:54:26.262663+00:00
3d4fdf6b-8cae-4a65-9ab9-94aa11963e9a,completed,2026-06-19 19:54:26.428200+00:00,2026-06-19 19:54:26.532611+00:00
6f722e8e-14f3-41ff-ace6-b6536c7442b5,completed,2026-06-19 19:54:26.718160+00:00,2026-06-19 19:54:26.828824+00:00
31db7d79-a752-4ff8-8f40-3c79a1801ad9,completed,2026-06-19 19:54:27.052058+00:00,2026-06-19 19:54:27.145119+00:00
d5a64650-89f7-4995-8560-0298c295ad77,completed,2026-06-19 19:54:27.434375+00:00,2026-06-19 19:54:27.537179+00:00
5561deca-a0b0-491d-b1f7-16f29d09cf39,completed,2026-06-19 19:54:27.943108+00:00,2026-06-19 19:54:28.044304+00:00
