id,status,created_at,finished_at
f12000e4-fc34-4d9c-a9f8-1e9f92e7b3ab,completed,2026-06-19 20:19:39.058068+00:00,2026-06-19 20:19:39.195390+00:00
5ecf1b32-2b44-459e-8284-41fcc3b078ee,completed,2026-06-19 20:19:32.209156+00:00,2026-06-19 20:19:33.536680+00:00
d3257168-3223-4e49-9491-2dcf7054949f,completed,2026-06-19 20:19:50.779112+00:00,2026-06-19 20:19:50.912782+00:00
4451d9a7-a03c-4ab8-b82a-9116e6e31331,completed,2026-06-19 20:19:33.470891+00:00,2026-06-19 20:19:33.829423+00:00
cb7ebf32-19c3-4e0f-ab1f-06fe2d0ca5b7,completed,2026-06-19 20:19:32.659260+00:00,2026-06-19 20:19:34.151294+00:00
211a79ef-32b3-456f-abfc-5a94e9063060,completed,2026-06-19 20:19:39.791975+00:00,2026-06-19 20:19:39.939944+00:00
5df19b63-05e0-4cee-b9ae-79239c34d4c9,completed,2026-06-19 20:19:34.242196+00:00,2026-06-19 20:19:34.382207+00:00
873a0222-4375-4270-bd96-426627a4c398,completed,2026-06-19 20:19:34.614955+00:00,2026-06-19 20:19:34.765757+00:00
5e767bbb-f7b0-4a9e-838f-40d81924a847,completed,2026-06-19 20:19:43.447037+00:00,2026-06-19 20:19:43.585571+00:00
cbe4c07f-c0c3-4039-9bf5-d10adc71f108,completed,2026-06-19 20:19:35.307724+00:00,2026-06-19 20:19:35.452374+00:00
fa0f2c10-5a89-4a0f-9e13-bf3441b3509b,completed,2026-06-19 20:19:40.032071+00:00,2026-06-19 20:19:40.195394+00:00
e429741c-dde3-431f-a6f1-88dd8fec1d30,completed,2026-06-19 20:19:35.634384+00:00,2026-06-19 20:19:35.793620+00:00
7115f6b0-89bf-432a-81a7-6c2f42137316,completed,2026-06-19 20:19:36.581747+00:00,2026-06-19 20:19:36.738473+00:00
5f82d00e-baa3-4118-ad74-0383c3fdde0c,completed,2026-06-19 20:19:36.879381+00:00,2026-06-19 20:19:37.011848+00:00
c9f1dc15-c888-442d-8cc6-529b180273c5,completed,2026-06-19 20:19:40.727898+00:00,2026-06-19 20:19:40.893463+00:00
7ca5d43f-86d3-4f71-a8e7-7212da0b84dd,completed,2026-06-19 20:19:37.172316+00:00,2026-06-19 20:19:37.335300+00:00
ed96fce5-0199-4db3-97b5-fe72ddb37e88,completed,2026-06-19 20:19:45.983994+00:00,2026-06-19 20:19:46.118412+00:00
53ff5710-bbcd-49ad-ab8b-62c17dd509bf,completed,2026-06-19 20:19:43.645761+00:00,2026-06-19 20:19:43.787443+00:00
487fb909-202f-42b2-ae3a-786b11039ee5,completed,2026-06-19 20:19:40.952367+00:00,2026-06-19 20:19:41.094240+00:00
c510de4e-128d-40b7-a761-f8cbd6a841e1,completed,2026-06-19 20:19:42.243387+00:00,2026-06-19 20:19:42.369844+00:00
2f2778f7-b629-4689-b23e-267b1a2014ac,completed,2026-06-19 20:19:43.055028+00:00,2026-06-19 20:19:43.194504+00:00
f0230259-deac-4e40-a74d-1c824be989cd,completed,2026-06-19 20:19:44.583935+00:00,2026-06-19 20:19:44.743561+00:00
de6b2049-2cd2-496e-8fd4-030f550b34f8,completed,2026-06-19 20:19:48.728436+00:00,2026-06-19 20:19:48.868443+00:00
76a02eb7-9f68-443d-bf15-67e5339143ea,completed,2026-06-19 20:19:44.948182+00:00,2026-06-19 20:19:45.086151+00:00
da81e05d-3dbe-419a-8d2f-cf0b0f8fbd99,completed,2026-06-19 20:19:47.475840+00:00,2026-06-19 20:19:47.614473+00:00
7a20563a-f612-431a-a10f-5837e533982d,completed,2026-06-19 20:19:48.266269+00:00,2026-06-19 20:19:48.401490+00:00
9a2f6296-1b89-492b-858c-4649008513e6,completed,2026-06-19 20:19:49.628832+00:00,2026-06-19 20:19:49.792555+00:00
a3aef1df-13fc-49d7-9d9f-19ce8ea6b234,completed,2026-06-19 20:19:49.029894+00:00,2026-06-19 20:19:49.210090+00:00
2d0e1d93-6bdc-4faa-8921-222579ff2a7d,completed,2026-06-19 20:19:49.182972+00:00,2026-06-19 20:19:49.325776+00:00
eb468178-9844-437f-a254-1edb9c3a7c14,completed,2026-06-19 20:19:50.639590+00:00,2026-06-19 20:19:50.785600+00:00
894bfd82-cc52-4ae3-abf5-6b16007ded2b,completed,2026-06-19 20:19:50.921374+00:00,2026-06-19 20:19:51.056677+00:00
d76cba43-5d70-4d12-bb4a-5e687174d4b2,completed,2026-06-19 20:20:00.951023+00:00,2026-06-19 20:20:01.119594+00:00
a754470a-8931-4b1f-890a-8c97baef5190,completed,2026-06-19 20:19:51.060405+00:00,2026-06-19 20:19:51.206678+00:00
4742472f-74ce-44e2-86e9-7780ab4eb815,completed,2026-06-19 20:19:54.959294+00:00,2026-06-19 20:19:55.102175+00:00
40deaaf3-6036-4dea-a158-c3d49d752bfa,completed,2026-06-19 20:19:51.337794+00:00,2026-06-19 20:19:51.472575+00:00
b0a52084-1fd1-42d6-85e3-a1507b5071b8,completed,2026-06-19 20:19:51.475692+00:00,2026-06-19 20:19:51.609578+00:00
49847981-5569-4e67-a5c5-3f0a6db77bc4,completed,2026-06-19 20:19:52.154167+00:00,2026-06-19 20:19:52.302065+00:00
0454d1e6-3ef0-4e07-9682-4c4da7045043,completed,2026-06-19 20:19:52.423312+00:00,2026-06-19 20:19:52.568584+00:00
7c735132-1d07-4095-873d-318e502df237,completed,2026-06-19 20:19:55.203175+00:00,2026-06-19 20:19:55.356476+00:00
4e432a8f-d66c-49dc-8dc4-ff13f57afb31,completed,2026-06-19 20:19:52.685454+00:00,2026-06-19 20:19:52.843247+00:00
a9a249d4-757e-482f-8521-aaebab8629ba,completed,2026-06-19 20:19:52.813670+00:00,2026-06-19 20:19:52.957165+00:00
a2ec82e9-7b76-4729-a41f-201790858599,completed,2026-06-19 20:19:52.947721+00:00,2026-06-19 20:19:53.092001+00:00
1cc25701-3bdc-48bb-8e1f-957a6eae8df3,completed,2026-06-19 20:20:02.729130+00:00,2026-06-19 20:20:02.882956+00:00
b5d0bf9d-232f-4484-b623-53b5562ab270,completed,2026-06-19 20:19:53.205300+00:00,2026-06-19 20:19:53.349887+00:00
a7e9dd5f-a4d5-438f-b246-00149727fab9,completed,2026-06-19 20:19:57.078155+00:00,2026-06-19 20:19:57.225025+00:00
7894bf00-a841-4734-9326-473cec13fabd,completed,2026-06-19 20:19:53.462285+00:00,2026-06-19 20:19:53.606566+00:00
22712900-e684-47e6-9671-3b170980d2f0,completed,2026-06-19 20:19:54.469982+00:00,2026-06-19 20:19:54.619016+00:00
a35c51eb-6e48-4b1c-8565-24582e573bff,completed,2026-06-19 20:20:01.363035+00:00,2026-06-19 20:20:01.505870+00:00
6edd216a-e411-4ebd-8814-676242fb51dd,completed,2026-06-19 20:19:58.418064+00:00,2026-06-19 20:19:58.566047+00:00
4921b90f-d61d-4787-b7ee-19ce75e373ca,completed,2026-06-19 20:19:59.496690+00:00,2026-06-19 20:19:59.645493+00:00
0316f014-7f8c-4943-a521-bf702b1486ab,completed,2026-06-19 20:20:00.744193+00:00,2026-06-19 20:20:00.896937+00:00
d0e8e24b-1049-4547-b6e1-60b07158050c,completed,2026-06-19 20:20:01.758153+00:00,2026-06-19 20:20:01.902244+00:00
c85dbc38-5c1c-4122-a3c2-aff37c8b93b0,completed,2026-06-19 20:20:03.838965+00:00,2026-06-19 20:20:03.978717+00:00
208ba083-fd0c-4d77-b65c-4f172dcb0d7e,completed,2026-06-19 20:20:02.346286+00:00,2026-06-19 20:20:02.498245+00:00
1d8bafdf-532b-4066-980b-e0756413df77,completed,2026-06-19 20:20:05.574714+00:00,2026-06-19 20:20:05.717634+00:00
7389a17d-3e3d-4aed-98bb-dee804714343,completed,2026-06-19 20:20:05.068159+00:00,2026-06-19 20:20:05.210335+00:00
2192455b-82e7-48fb-9f8f-10b6434cf14d,completed,2026-06-19 20:20:07.036863+00:00,2026-06-19 20:20:07.199023+00:00
2cec2ebc-4943-4a53-a680-acf9e87b6710,completed,2026-06-19 20:20:07.964715+00:00,2026-06-19 20:20:08.109824+00:00
32d43b43-947d-4e1d-8c24-344b1ec4e673,completed,2026-06-19 20:20:08.115038+00:00,2026-06-19 20:20:08.271727+00:00
c6ffe05b-badd-49b3-89e3-d6b63795f803,completed,2026-06-19 20:20:08.263281+00:00,2026-06-19 20:20:08.421156+00:00
f9e79043-b7d1-4852-b024-a03d16a4d367,completed,2026-06-19 20:20:08.414626+00:00,2026-06-19 20:20:08.583451+00:00
a0a2c927-017c-46a8-a2ab-37d0ebf84610,completed,2026-06-19 20:20:08.861246+00:00,2026-06-19 20:20:09.031931+00:00
9436f610-3e6c-4047-943a-43f53036c372,completed,2026-06-19 20:19:58.527505+00:00,2026-06-19 20:19:58.666072+00:00
4b7d654f-0857-4630-8ee9-457682d84e12,completed,2026-06-19 20:19:53.335696+00:00,2026-06-19 20:19:53.478254+00:00
0381d981-a35a-4332-b172-65d6641f7dd9,completed,2026-06-19 20:19:55.324093+00:00,2026-06-19 20:19:55.467253+00:00
ce43965f-6c08-46fd-b3e8-cd8846448cbc,completed,2026-06-19 20:19:55.562416+00:00,2026-06-19 20:19:55.697528+00:00
83d7457d-68ed-422f-9ac8-5f14137509cb,completed,2026-06-19 20:20:00.021388+00:00,2026-06-19 20:20:00.171654+00:00
982b0c63-6230-4ce7-8f08-399be999dc08,completed,2026-06-19 20:19:55.801976+00:00,2026-06-19 20:19:55.935770+00:00
97e5dc43-4eba-448b-b741-94a99efdf5c5,completed,2026-06-19 20:19:56.036708+00:00,2026-06-19 20:19:56.173919+00:00
6a2b74f9-2e2b-4d2f-9c30-f4d8ac0e36d9,completed,2026-06-19 20:20:03.567048+00:00,2026-06-19 20:20:03.705568+00:00
f9cf1438-9eb3-4d5e-94f5-5fee0218ccef,completed,2026-06-19 20:19:56.271737+00:00,2026-06-19 20:19:56.407150+00:00
23666106-5778-4a4b-9ecc-4bdd6318580b,completed,2026-06-19 20:20:00.645199+00:00,2026-06-19 20:20:00.781440+00:00
399c10ed-dad5-431c-abf1-fa72a869aa4b,completed,2026-06-19 20:19:56.734851+00:00,2026-06-19 20:19:56.881318+00:00
73e75637-4172-4ebb-80ec-f83e51ab7344,completed,2026-06-19 20:19:56.965330+00:00,2026-06-19 20:19:57.099751+00:00
c0a65860-51bd-4bd5-9fcb-0c59ba3944e5,completed,2026-06-19 20:19:57.190425+00:00,2026-06-19 20:19:57.343617+00:00
f3801d25-581d-4ccf-8d61-6a42dcb21e85,completed,2026-06-19 20:20:01.053874+00:00,2026-06-19 20:20:01.186566+00:00
fbc24447-d571-4e81-beea-48911c2f657b,completed,2026-06-19 20:19:58.084933+00:00,2026-06-19 20:19:58.228211+00:00
d51a9134-d745-407a-aedf-f7976c5906fc,completed,2026-06-19 20:20:05.987924+00:00,2026-06-19 20:20:06.135438+00:00
8e2a8577-ffe9-4a26-a1c2-dd0f23c97c57,completed,2026-06-19 20:20:04.284280+00:00,2026-06-19 20:20:04.425791+00:00
8b0f38d5-d595-4823-9fa1-c6e9d3cf97d8,completed,2026-06-19 20:20:01.458965+00:00,2026-06-19 20:20:01.644173+00:00
d85e71e4-adcf-41b9-a71e-508ef0d8c3cb,completed,2026-06-19 20:20:02.442453+00:00,2026-06-19 20:20:02.584250+00:00
519c7148-15bc-4603-8b97-32f93422fef8,completed,2026-06-19 20:20:02.824917+00:00,2026-06-19 20:20:02.976750+00:00
30830813-6e92-4bbf-b97f-a1b57833f89a,completed,2026-06-19 20:20:04.809901+00:00,2026-06-19 20:20:04.948249+00:00
44aebbeb-9529-45f2-a2f8-4b8a37f4689b,completed,2026-06-19 20:20:06.954419+00:00,2026-06-19 20:20:07.099667+00:00
582d4f3d-fae6-4cf5-a153-41a9e9499f73,completed,2026-06-19 20:20:05.165993+00:00,2026-06-19 20:20:05.303571+00:00
c6bdf376-fab6-4b70-8d40-48eb3c675284,completed,2026-06-19 20:20:06.475655+00:00,2026-06-19 20:20:06.618270+00:00
1f782c05-7d92-4c5f-8190-81760350aaea,completed,2026-06-19 20:20:06.801361+00:00,2026-06-19 20:20:06.935469+00:00
e87878f6-89a2-4009-a3f6-9636c95bfdd6,completed,2026-06-19 20:20:07.579388+00:00,2026-06-19 20:20:07.716182+00:00
83aa6c78-8566-4d2f-8448-0f24529f026c,completed,2026-06-19 20:20:07.269206+00:00,2026-06-19 20:20:07.417365+00:00
5d9c3c5f-1d50-4001-91b3-1812a0ce9e52,completed,2026-06-19 20:20:07.735896+00:00,2026-06-19 20:20:07.867166+00:00
3933d0ad-a456-4abc-9328-f25c909f688e,completed,2026-06-19 20:20:08.038781+00:00,2026-06-19 20:20:08.204034+00:00
cbfbe40a-4887-4056-bb9a-6f45509957dc,completed,2026-06-19 20:20:08.341407+00:00,2026-06-19 20:20:08.476104+00:00
fcaede6f-ace5-42f8-b0e7-b88257453ca5,completed,2026-06-19 20:20:08.490984+00:00,2026-06-19 20:20:08.625594+00:00
59a3a6ea-a3d9-4abf-9bf4-c8e9a6a32e62,completed,2026-06-19 20:20:16.642511+00:00,2026-06-19 20:20:17.861738+00:00
133186fe-a6bb-4a6b-9da2-287eb97d73a9,completed,2026-06-19 20:20:08.639814+00:00,2026-06-19 20:20:08.783838+00:00
af7428f6-eb0a-4557-87a3-65b1c801edc0,completed,2026-06-19 20:20:08.788535+00:00,2026-06-19 20:20:08.949002+00:00
9bb9b9f1-b6ff-4038-b4af-dfcbf91c0e09,completed,2026-06-19 20:20:14.643918+00:00,2026-06-19 20:20:15.346205+00:00
bdc8e384-e18e-43ce-9061-152a1397b226,completed,2026-06-19 20:20:09.081053+00:00,2026-06-19 20:20:09.222496+00:00
f1045dd2-14b6-49a6-83f3-e1afc353dadb,completed,2026-06-19 20:20:09.299989+00:00,2026-06-19 20:20:09.472263+00:00
7c158271-727e-476b-8e72-de4f28fb4073,completed,2026-06-19 20:20:09.587483+00:00,2026-06-19 20:20:09.760686+00:00
58a6e062-45f1-40b3-b111-aa8984a6c8d0,completed,2026-06-19 20:20:09.660025+00:00,2026-06-19 20:20:09.809076+00:00
9c239d8c-c5aa-4a40-824e-4762ece9eeab,completed,2026-06-19 20:20:14.763194+00:00,2026-06-19 20:20:15.493683+00:00
2d5dec24-d6ca-483b-85f7-2a170cb4f434,completed,2026-06-19 20:20:10.501071+00:00,2026-06-19 20:20:10.641599+00:00
0d53dec7-e99a-4e40-85f2-aa5178828fd1,completed,2026-06-19 20:20:12.642517+00:00,2026-06-19 20:20:13.043399+00:00
172f6012-cb7a-40ed-a145-8a71fad95ebb,completed,2026-06-19 20:20:14.885135+00:00,2026-06-19 20:20:15.719234+00:00
82cdd451-b653-4c2e-b480-02b6788cb4b4,completed,2026-06-19 20:20:13.282175+00:00,2026-06-19 20:20:13.735778+00:00
ea97ee29-e0ba-4bc6-9a03-636fbe1a3416,completed,2026-06-19 20:20:16.984241+00:00,2026-06-19 20:20:18.287261+00:00
78203a00-f35c-4ae1-9a86-94f5dc0385eb,completed,2026-06-19 20:20:13.534120+00:00,2026-06-19 20:20:14.034585+00:00
163cb964-7b8b-4e08-8ba4-f56471d39bc1,completed,2026-06-19 20:20:13.659576+00:00,2026-06-19 20:20:14.174548+00:00
d6fdb2cc-94ba-4547-b56a-080bb3c44f1f,completed,2026-06-19 20:20:15.242772+00:00,2026-06-19 20:20:16.143697+00:00
6f8e96c4-1452-4285-b879-0f5253f7e295,completed,2026-06-19 20:20:16.066522+00:00,2026-06-19 20:20:17.145153+00:00
4618687a-c38f-4183-a7a7-f1134a73bed9,completed,2026-06-19 20:20:17.881866+00:00,2026-06-19 20:20:19.432490+00:00
9e107ff9-071f-4c9a-8130-123e00fe0f38,completed,2026-06-19 20:20:17.098652+00:00,2026-06-19 20:20:18.431837+00:00
df0ced16-ab8f-491c-9cf5-815d7f3a841e,completed,2026-06-19 20:20:17.770368+00:00,2026-06-19 20:20:19.299842+00:00
4d59a2e3-5075-4468-9dbb-abd2baafd3b9,completed,2026-06-19 20:20:18.968871+00:00,2026-06-19 20:20:20.849611+00:00
683932ae-64d8-482f-9a13-5a79a7af751b,completed,2026-06-19 20:20:18.319986+00:00,2026-06-19 20:20:20.006097+00:00
a0bedc26-f249-4e24-95db-8578afb87058,completed,2026-06-19 20:20:19.395471+00:00,2026-06-19 20:20:21.445031+00:00
12160f32-58c0-44f4-9349-4f84dffd9365,completed,2026-06-19 20:20:19.500138+00:00,2026-06-19 20:20:21.594942+00:00
a3547457-2b3d-4bb6-b9fd-88ee0f9e87b7,completed,2026-06-19 20:20:19.815964+00:00,2026-06-19 20:20:22.057453+00:00
7f39ba85-9612-42df-9a17-ad4536be609d,completed,2026-06-19 20:20:20.233738+00:00,2026-06-19 20:20:22.637001+00:00
a570d861-c2d0-4eaf-843b-cb2463187e21,completed,2026-06-19 20:20:20.448883+00:00,2026-06-19 20:20:22.918645+00:00
aa195aa7-ed19-4244-a3ac-2d14b58895c5,completed,2026-06-19 20:20:20.543577+00:00,2026-06-19 20:20:23.070375+00:00
04fde655-ca43-4ebb-85d1-da47d3160b9a,completed,2026-06-19 20:20:23.658903+00:00,2026-06-19 20:20:27.589660+00:00
bf448973-8a32-4acd-a631-cc0694451a91,completed,2026-06-19 20:20:24.275087+00:00,2026-06-19 20:20:28.463594+00:00
2db47a3c-a044-4f42-b0a7-3f1a219a8351,completed,2026-06-19 20:20:13.969278+00:00,2026-06-19 20:20:14.536112+00:00
c60b12e0-4810-4dcd-b48c-736a0306d12a,completed,2026-06-19 20:20:09.729579+00:00,2026-06-19 20:20:09.898873+00:00
43153859-45c2-4ca3-8c9d-3686c1de2479,completed,2026-06-19 20:20:10.014986+00:00,2026-06-19 20:20:10.199886+00:00
33b42a2b-c7c1-4582-90fe-0cbc227732c1,completed,2026-06-19 20:20:12.318378+00:00,2026-06-19 20:20:12.630758+00:00
d9f1ae11-86ea-45a1-a503-9f519194c0b7,completed,2026-06-19 20:20:10.712487+00:00,2026-06-19 20:20:10.920471+00:00
2db214ce-0e33-4b06-bf43-7fe57e2633a6,completed,2026-06-19 20:20:10.849100+00:00,2026-06-19 20:20:11.054576+00:00
aa190d5a-0a80-4f57-a30d-e4251e7345c8,completed,2026-06-19 20:20:12.445819+00:00,2026-06-19 20:20:12.773900+00:00
5ca9a91b-f7c2-448e-9b12-037245f4378c,completed,2026-06-19 20:20:10.984084+00:00,2026-06-19 20:20:11.197202+00:00
b3fce84e-194a-41cc-9ca1-e6fdcf493d13,completed,2026-06-19 20:20:11.123543+00:00,2026-06-19 20:20:11.336305+00:00
45172758-e2d9-4c21-831a-8e7e90490525,completed,2026-06-19 20:20:11.255963+00:00,2026-06-19 20:20:11.481449+00:00
1bf41633-b4e2-4487-82fa-4171fbfcac05,completed,2026-06-19 20:20:12.578996+00:00,2026-06-19 20:20:12.916998+00:00
059dcfa9-47c9-42ba-8eb1-44bb1c635f4a,completed,2026-06-19 20:20:11.525860+00:00,2026-06-19 20:20:11.771937+00:00
7b8f8fab-f38e-4b6a-8fce-02cc2e327667,completed,2026-06-19 20:20:15.660102+00:00,2026-06-19 20:20:16.683887+00:00
2a987a78-1df7-472b-9b32-0efe640f158d,completed,2026-06-19 20:20:11.659233+00:00,2026-06-19 20:20:11.924969+00:00
d47ec19f-75b5-4711-b5ab-fb14aa40a496,completed,2026-06-19 20:20:12.185831+00:00,2026-06-19 20:20:12.489363+00:00
2b97aa1c-e7e7-4666-a1dd-68f491803e5b,completed,2026-06-19 20:20:12.836956+00:00,2026-06-19 20:20:13.208171+00:00
372a5249-0f14-4aef-9f24-e9c533442db3,completed,2026-06-19 20:20:13.087729+00:00,2026-06-19 20:20:13.515875+00:00
83835f58-d90f-4ae0-ba6c-af9ccf231d65,completed,2026-06-19 20:20:14.462461+00:00,2026-06-19 20:20:15.104060+00:00
0e8372b6-c794-4b3b-9e6a-e00caa9e833c,completed,2026-06-19 20:20:13.844874+00:00,2026-06-19 20:20:14.379884+00:00
f60e5003-fd0f-416a-912f-b026eaf22e73,completed,2026-06-19 20:20:15.065275+00:00,2026-06-19 20:20:15.862912+00:00
23b86ab1-8207-4b03-ad3e-faf55eb3f9af,completed,2026-06-19 20:20:14.583884+00:00,2026-06-19 20:20:15.259115+00:00
49753aef-d4a0-41c2-9dfd-8018ccfceb85,completed,2026-06-19 20:20:15.186709+00:00,2026-06-19 20:20:15.998308+00:00
21e60c58-6806-43c2-a0aa-02440cdedacf,completed,2026-06-19 20:20:14.825616+00:00,2026-06-19 20:20:15.563911+00:00
2556e388-f47f-44ae-8bfd-863ff6734e5b,completed,2026-06-19 20:20:16.584964+00:00,2026-06-19 20:20:17.844933+00:00
fd95933c-a470-4412-8d4b-44a7684e3a2c,completed,2026-06-19 20:20:16.125127+00:00,2026-06-19 20:20:17.290413+00:00
d3ca81bb-ff55-45bd-955b-8af5b19a0750,completed,2026-06-19 20:20:17.042650+00:00,2026-06-19 20:20:18.397693+00:00
a546a3cb-5ed8-4361-aea9-cc88ead0f345,completed,2026-06-19 20:20:18.044411+00:00,2026-06-19 20:20:19.721261+00:00
eb453c6b-1650-46ba-90fd-3c952d915b92,completed,2026-06-19 20:20:18.154431+00:00,2026-06-19 20:20:19.856056+00:00
b5b5c411-8328-44ab-ada4-bc4b46ccaa47,completed,2026-06-19 20:20:18.373823+00:00,2026-06-19 20:20:20.143467+00:00
5237e460-5faa-4cbd-8310-e839fcacd2fa,completed,2026-06-19 20:20:18.589193+00:00,2026-06-19 20:20:20.412766+00:00
853afd95-da5b-4d7f-8942-0e4abb97ec1e,completed,2026-06-19 20:20:19.235150+00:00,2026-06-19 20:20:21.252394+00:00
7a83c0e4-8c53-4faa-9990-a360f557132b,completed,2026-06-19 20:20:17.933915+00:00,2026-06-19 20:20:19.575528+00:00
5a0701b8-1c84-47ef-ac4c-a9305135f4b7,completed,2026-06-19 20:20:25.156834+00:00,2026-06-19 20:20:29.873841+00:00
1fbecf42-db9e-4e91-a5f9-c4625b57f058,completed,2026-06-19 20:20:26.426036+00:00,2026-06-19 20:20:31.825451+00:00
e7c18091-3db7-4b9c-b52e-2b3186a54e10,completed,2026-06-19 20:20:27.442968+00:00,2026-06-19 20:20:33.528157+00:00
814af7bc-b9b4-4376-bad3-6d481f972eb6,completed,2026-06-19 20:20:28.521448+00:00,2026-06-19 20:20:35.372211+00:00
7abc33b2-ecc9-4262-9aee-53415f2f0dfe,completed,2026-06-19 20:20:29.618148+00:00,2026-06-19 20:20:37.285632+00:00
6154dce2-bb90-49d6-9cfa-b9d3c9aef8e6,completed,2026-06-19 20:20:32.139475+00:00,2026-06-19 20:20:41.793787+00:00
dd553dbc-6a52-41ed-9694-b0131669c500,completed,2026-06-19 20:20:32.886432+00:00,2026-06-19 20:20:43.226673+00:00
e0b6b9ad-4fec-4537-bd81-637d337682f6,completed,2026-06-19 20:20:34.424835+00:00,2026-06-19 20:20:46.163631+00:00
f5dc495e-0cda-4187-8963-fcf46d047a76,completed,2026-06-19 20:20:19.445719+00:00,2026-06-19 20:20:21.542348+00:00
e51d1061-bd30-4d62-b445-edac2e011eca,completed,2026-06-19 20:20:19.659700+00:00,2026-06-19 20:20:21.811110+00:00
ef14bd50-67e0-454f-a75c-063cbcb33886,completed,2026-06-19 20:20:21.808668+00:00,2026-06-19 20:20:24.847085+00:00
3506a369-fc0a-4b53-bcd9-2a3da7d9dfa3,completed,2026-06-19 20:20:19.970874+00:00,2026-06-19 20:20:22.246918+00:00
e16ed865-e870-4988-9e71-2559e9d1a492,completed,2026-06-19 20:20:20.389116+00:00,2026-06-19 20:20:22.844273+00:00
b1e87d00-6e44-495f-b8f7-c0db2d40e988,completed,2026-06-19 20:20:21.508800+00:00,2026-06-19 20:20:24.400607+00:00
d2faa29a-427c-4878-b304-4aa1250543d3,completed,2026-06-19 20:20:21.610968+00:00,2026-06-19 20:20:24.536274+00:00
ebd36f64-d630-4aa7-84dd-ad014706ca99,completed,2026-06-19 20:20:22.599227+00:00,2026-06-19 20:20:25.999234+00:00
55abee5a-f5c9-4c96-8636-3e369006e09b,completed,2026-06-19 20:20:22.205952+00:00,2026-06-19 20:20:25.421576+00:00
977b0ce4-bae6-424b-a08b-6e05f0f15732,completed,2026-06-19 20:20:22.793817+00:00,2026-06-19 20:20:26.282995+00:00
a765a75d-db65-494f-a3dc-7014c790782e,completed,2026-06-19 20:20:22.986846+00:00,2026-06-19 20:20:26.569415+00:00
33380727-1001-4a67-bfe2-e415eabe6865,completed,2026-06-19 20:20:23.085710+00:00,2026-06-19 20:20:26.710259+00:00
a337ee4e-90a1-47a4-b77c-c6f87ad1a865,completed,2026-06-19 20:20:23.180426+00:00,2026-06-19 20:20:26.846524+00:00
79a01d91-5241-4de4-ba40-e332966bc8e1,completed,2026-06-19 20:20:23.370558+00:00,2026-06-19 20:20:27.132412+00:00
a1f5e30a-79c7-4d8e-9394-e9039a34bf51,completed,2026-06-19 20:20:23.848263+00:00,2026-06-19 20:20:27.892685+00:00
2d3da4c3-01dd-484e-bfda-d7bd1c3f6c10,completed,2026-06-19 20:20:23.941795+00:00,2026-06-19 20:20:28.035227+00:00
42af8b9b-5ab4-4b52-bc06-4ab2ce332c81,completed,2026-06-19 20:20:24.508041+00:00,2026-06-19 20:20:28.897420+00:00
325df8d8-7405-4f4f-ae1b-f5e827050f45,completed,2026-06-19 20:20:24.601657+00:00,2026-06-19 20:20:29.037459+00:00
5073a3cb-6106-4dcc-b711-2a53ec2e029b,completed,2026-06-19 20:20:24.696826+00:00,2026-06-19 20:20:29.175849+00:00
0ee5a040-08f2-46e6-baa6-f3ba4bc5ef52,completed,2026-06-19 20:20:24.787176+00:00,2026-06-19 20:20:29.323842+00:00
eb68365d-5f5e-470f-9d5b-988cab22b35b,completed,2026-06-19 20:20:24.879563+00:00,2026-06-19 20:20:29.463005+00:00
cf68ee6e-7aba-4efc-b65e-293d7dcfa26f,completed,2026-06-19 20:20:25.064506+00:00,2026-06-19 20:20:29.729676+00:00
cef32a8d-7d19-43ba-87bb-d0c05f98b27e,completed,2026-06-19 20:20:25.246573+00:00,2026-06-19 20:20:30.008257+00:00
9034e893-cb77-456a-8bba-948d43f7b244,completed,2026-06-19 20:20:25.341026+00:00,2026-06-19 20:20:30.149307+00:00
57137aae-071e-4be7-8ab4-73dd97b3ef41,completed,2026-06-19 20:20:25.431688+00:00,2026-06-19 20:20:30.302051+00:00
4c199675-e2d6-470e-afe2-30c5e064a430,completed,2026-06-19 20:20:25.521559+00:00,2026-06-19 20:20:30.447813+00:00
d04c5f99-892f-4721-9835-c6efc4856181,completed,2026-06-19 20:20:25.702454+00:00,2026-06-19 20:20:30.739634+00:00
143d5ceb-8487-4c88-a80e-eb113ec189c9,completed,2026-06-19 20:20:26.067341+00:00,2026-06-19 20:20:31.302637+00:00
a8b27b63-0f38-46a9-95bd-9cf168bb93ea,completed,2026-06-19 20:20:26.246973+00:00,2026-06-19 20:20:31.560603+00:00
dfb7782d-7b6e-4aad-ad65-139d55d5a2f0,completed,2026-06-19 20:20:26.337884+00:00,2026-06-19 20:20:31.691544+00:00
6ebe81fa-0f9f-426a-95db-c9306a283570,completed,2026-06-19 20:20:22.353195+00:00,2026-06-19 20:20:25.657179+00:00
8908f454-76c9-423d-be62-1fd9a082776a,completed,2026-06-19 20:20:20.646982+00:00,2026-06-19 20:20:23.211765+00:00
b8f8ad37-f369-40c6-91f3-6af42bd1a458,completed,2026-06-19 20:20:21.559520+00:00,2026-06-19 20:20:24.546621+00:00
4d2c3e07-2f69-4a01-a651-7314a950c898,completed,2026-06-19 20:20:21.659359+00:00,2026-06-19 20:20:24.674624+00:00
8cd0cb0b-760d-4527-a1de-bad9e7edfce3,completed,2026-06-19 20:20:22.451928+00:00,2026-06-19 20:20:25.803295+00:00
e5cca0d6-5536-49c7-87a2-e8e83a43442d,completed,2026-06-19 20:20:21.762989+00:00,2026-06-19 20:20:24.815198+00:00
6d7a7162-53b7-4a18-b1e1-f8e1d12db89b,completed,2026-06-19 20:20:22.745961+00:00,2026-06-19 20:20:26.225522+00:00
e88b7bc6-0644-41ae-980e-f699421d3069,completed,2026-06-19 20:20:23.131170+00:00,2026-06-19 20:20:26.787109+00:00
ecb1bdc7-9f4a-4a0e-ac50-0b5bd34f6206,completed,2026-06-19 20:20:23.227694+00:00,2026-06-19 20:20:26.920597+00:00
2f6d1eff-0aef-4837-8eb2-1987c2924db0,completed,2026-06-19 20:20:23.420717+00:00,2026-06-19 20:20:27.199104+00:00
ce42515f-033d-4a66-91b1-8a990b92e4cc,completed,2026-06-19 20:20:23.609797+00:00,2026-06-19 20:20:27.479324+00:00
ecfbc7ee-d5da-4077-ac78-f7b877ba5d71,completed,2026-06-19 20:20:23.706876+00:00,2026-06-19 20:20:27.619832+00:00
00eb0d7d-3486-4d10-9818-577dd3a0436e,completed,2026-06-19 20:20:23.802509+00:00,2026-06-19 20:20:27.754597+00:00
83888d91-d1e2-4a4f-9016-dd154361bac7,completed,2026-06-19 20:20:24.180497+00:00,2026-06-19 20:20:28.315031+00:00
72af9385-8199-4fa4-9162-dcf16a5507f8,completed,2026-06-19 20:20:24.461261+00:00,2026-06-19 20:20:28.763016+00:00
5dfa5041-4f58-498b-97d9-6c5ad4a18f25,completed,2026-06-19 20:20:24.554555+00:00,2026-06-19 20:20:28.916465+00:00
fd7fc048-efe4-456e-9f24-5bf4fab138a0,completed,2026-06-19 20:20:24.646424+00:00,2026-06-19 20:20:29.071642+00:00
31fd9f4a-5134-45a4-895e-999a87ed4bde,completed,2026-06-19 20:20:24.831903+00:00,2026-06-19 20:20:29.357625+00:00
c6b9c557-d7e2-4828-887c-c0134fa8e99f,completed,2026-06-19 20:20:24.926398+00:00,2026-06-19 20:20:29.498492+00:00
bf22c497-6622-45ad-bc53-d4cc16666208,completed,2026-06-19 20:20:25.017034+00:00,2026-06-19 20:20:29.660344+00:00
b12493e8-6c86-49ba-a34d-ad06cac3fbda,completed,2026-06-19 20:20:25.293703+00:00,2026-06-19 20:20:30.085821+00:00
0289c27d-c771-4879-afa3-5c48a083d534,completed,2026-06-19 20:20:25.478453+00:00,2026-06-19 20:20:30.382013+00:00
a124f1d5-deee-4f4f-b3be-70032022fb49,completed,2026-06-19 20:20:26.202249+00:00,2026-06-19 20:20:31.510454+00:00
9bd93eb6-d6f6-4532-8e5d-b3b8b500f770,completed,2026-06-19 20:20:26.295064+00:00,2026-06-19 20:20:31.659994+00:00
860d78c4-18c1-4953-bf9e-d7f0a1a92f60,completed,2026-06-19 20:20:26.470545+00:00,2026-06-19 20:20:31.940483+00:00
63d43957-42db-4d15-bfdf-0f9e0fe47753,completed,2026-06-19 20:20:26.560434+00:00,2026-06-19 20:20:32.093094+00:00
f8c0f294-274a-480a-8f31-5ee553cd238b,completed,2026-06-19 20:20:26.649310+00:00,2026-06-19 20:20:32.251791+00:00
cbcd6909-7883-4c1c-a983-66452e8feb59,completed,2026-06-19 20:20:26.736941+00:00,2026-06-19 20:20:32.392791+00:00
388d96bc-bed8-4a61-937b-5879aff2d266,completed,2026-06-19 20:20:26.914299+00:00,2026-06-19 20:20:32.672976+00:00
0885ff65-7062-4471-97e4-f83983489114,completed,2026-06-19 20:20:27.182932+00:00,2026-06-19 20:20:33.098210+00:00
bf7af43e-b95b-4d7f-9196-1bf4a3edfaaf,completed,2026-06-19 20:20:27.134911+00:00,2026-06-19 20:20:32.973901+00:00
30127145-46b4-49be-a7cb-221436da8f4d,completed,2026-06-19 20:20:26.604074+00:00,2026-06-19 20:20:32.107993+00:00
6ebb6c97-46c4-461c-bf25-add302747482,completed,2026-06-19 20:20:26.781067+00:00,2026-06-19 20:20:32.398588+00:00
bc035756-7242-4a1a-82b9-3db4dcad6357,completed,2026-06-19 20:20:26.870068+00:00,2026-06-19 20:20:32.541371+00:00
9fb9fe94-45d8-4f7e-a9e8-995ef263b6dd,completed,2026-06-19 20:20:33.160147+00:00,2026-06-19 20:20:43.771517+00:00
3fb596dd-aa04-42a9-b3bd-fe57a9f747e3,completed,2026-06-19 20:20:28.178868+00:00,2026-06-19 20:20:34.793675+00:00
308f6ec9-4591-463a-a906-39847be1d3a6,completed,2026-06-19 20:20:28.347325+00:00,2026-06-19 20:20:35.085271+00:00
28770e92-f27b-452a-93b3-453bb5ba3fcc,completed,2026-06-19 20:20:28.609186+00:00,2026-06-19 20:20:35.504318+00:00
4ca38e25-a83c-480a-8317-2d0a0fbce353,completed,2026-06-19 20:20:28.694320+00:00,2026-06-19 20:20:35.640144+00:00
91be145f-9ad7-461a-8478-1a73cef14a01,completed,2026-06-19 20:20:28.861814+00:00,2026-06-19 20:20:35.928591+00:00
b46af57a-18fd-4a10-b661-5a31a3ff3058,completed,2026-06-19 20:20:28.945138+00:00,2026-06-19 20:20:36.137947+00:00
9ec63da0-2f38-4e9f-a285-97e4043cd42b,completed,2026-06-19 20:20:29.031432+00:00,2026-06-19 20:20:36.280899+00:00
ab37c526-25a9-44af-9095-8eed3c17a228,completed,2026-06-19 20:20:29.199597+00:00,2026-06-19 20:20:36.555020+00:00
25fb5547-b032-4b1f-b224-dc9ed15d2552,completed,2026-06-19 20:20:29.283658+00:00,2026-06-19 20:20:36.712092+00:00
80c7ae5b-838f-4ff8-914c-3b34322522c0,completed,2026-06-19 20:20:29.537087+00:00,2026-06-19 20:20:37.145117+00:00
1a865338-5a77-4966-af4b-73dbab840325,completed,2026-06-19 20:20:29.702352+00:00,2026-06-19 20:20:37.422986+00:00
84b7a8cc-2caa-4aa4-bd43-168e62378ccc,completed,2026-06-19 20:20:30.197815+00:00,2026-06-19 20:20:38.331897+00:00
5cae689f-3fc0-426b-94a7-fa1ca2fb65e3,completed,2026-06-19 20:20:30.692010+00:00,2026-06-19 20:20:39.207748+00:00
e4476928-2bb0-4645-8675-6019dcf78f33,completed,2026-06-19 20:20:30.773509+00:00,2026-06-19 20:20:39.348786+00:00
4f542c56-f43b-4e8d-9048-c7f6603c3ee5,completed,2026-06-19 20:20:31.178507+00:00,2026-06-19 20:20:40.137336+00:00
c417fe49-d0a7-4790-b1f0-2e57366b3be6,completed,2026-06-19 20:20:31.338080+00:00,2026-06-19 20:20:40.430791+00:00
1d5a4531-ddbc-480d-8b1a-6805aa413a1f,completed,2026-06-19 20:20:31.500525+00:00,2026-06-19 20:20:40.708314+00:00
cf8627f4-c783-435a-a327-ba4039b4d890,completed,2026-06-19 20:20:31.740598+00:00,2026-06-19 20:20:41.116840+00:00
74874304-c43e-487d-bbbf-b8edfba4ab03,completed,2026-06-19 20:20:32.846926+00:00,2026-06-19 20:20:43.190597+00:00
e5179b59-7a14-4b20-9f82-34061734fca4,completed,2026-06-19 20:20:33.080892+00:00,2026-06-19 20:20:43.648870+00:00
20396073-43a7-49ef-b675-1cafac65f90a,completed,2026-06-19 20:20:33.311767+00:00,2026-06-19 20:20:44.035218+00:00
59c46fad-ffc2-4e16-ae9a-9312859126da,completed,2026-06-19 20:20:33.543977+00:00,2026-06-19 20:20:44.455362+00:00
3c1c07f0-7a8d-40a0-a81a-5dbdaace8b3c,completed,2026-06-19 20:20:33.621258+00:00,2026-06-19 20:20:44.586268+00:00
64897f87-d17c-41bb-8ca9-fc13356ac06d,completed,2026-06-19 20:20:33.699722+00:00,2026-06-19 20:20:44.718885+00:00
2202ed17-c557-43b0-b680-71569c69884a,completed,2026-06-19 20:20:33.852242+00:00,2026-06-19 20:20:45.056562+00:00
e4a7775f-35c7-4b4f-91ba-71f07b360594,completed,2026-06-19 20:20:27.703910+00:00,2026-06-19 20:20:33.953042+00:00
61bf8efa-4fbe-43ed-9f94-3a8ce4e7c7e1,completed,2026-06-19 20:20:28.144740+00:00,2026-06-19 20:20:34.646285+00:00
ec8045fd-c274-4f71-8fdd-2d659dc68a7a,completed,2026-06-19 20:20:28.649440+00:00,2026-06-19 20:20:35.563353+00:00
7ded44a6-7417-4b3e-8154-0d250da2bcc5,completed,2026-06-19 20:20:28.221385+00:00,2026-06-19 20:20:34.796990+00:00
739dc578-be05-47e4-af35-2ea1f855c333,completed,2026-06-19 20:20:29.493558+00:00,2026-06-19 20:20:37.105916+00:00
82cdb07d-1c0a-43f9-bd98-f571c8d9b913,completed,2026-06-19 20:20:29.577955+00:00,2026-06-19 20:20:37.283658+00:00
0f5ca626-6654-4c52-a212-5fefa8fb107c,completed,2026-06-19 20:20:29.909472+00:00,2026-06-19 20:20:37.884398+00:00
94959cd1-d239-4934-a752-9925007fa341,completed,2026-06-19 20:20:30.566409+00:00,2026-06-19 20:20:39.028825+00:00
053528b9-80fc-4fd8-8f54-98fcd4315db6,completed,2026-06-19 20:20:31.056158+00:00,2026-06-19 20:20:39.870559+00:00
ac497dd6-a604-4e5d-b073-396c3e78da39,completed,2026-06-19 20:20:31.299837+00:00,2026-06-19 20:20:40.299027+00:00
67cfff05-8c7b-44af-baef-5aba7853c4fc,completed,2026-06-19 20:20:31.460850+00:00,2026-06-19 20:20:40.572875+00:00
b1ed604f-811a-408f-ac61-510ff523bdca,completed,2026-06-19 20:20:31.539918+00:00,2026-06-19 20:20:40.726132+00:00
1cbb0493-b192-456c-90e6-60d5a4dd4ab5,completed,2026-06-19 20:20:32.178938+00:00,2026-06-19 20:20:41.962180+00:00
e5bf5d7b-ccc4-4680-be27-c6ff63ae5eda,completed,2026-06-19 20:20:32.570572+00:00,2026-06-19 20:20:42.670455+00:00
a6c5286f-ad20-490e-b19e-0a68edee436c,completed,2026-06-19 20:20:33.041543+00:00,2026-06-19 20:20:43.505551+00:00
751a2d1c-cae9-4054-a54e-da10719b131f,completed,2026-06-19 20:20:33.196764+00:00,2026-06-19 20:20:43.781184+00:00
e2d0b910-486f-48fc-80c7-894052dc5233,completed,2026-06-19 20:20:33.272725+00:00,2026-06-19 20:20:43.938218+00:00
db510393-e751-4495-b749-c3aa8e8fa7ae,completed,2026-06-19 20:20:33.584748+00:00,2026-06-19 20:20:44.529724+00:00
a56f4de0-1d04-4aef-8ded-bf8555431602,completed,2026-06-19 20:20:33.890050+00:00,2026-06-19 20:20:45.175739+00:00
98b33715-a3a2-4337-9f1c-69f681a9f691,completed,2026-06-19 20:20:33.964249+00:00,2026-06-19 20:20:45.319197+00:00
6f02a086-0b76-4dbd-8b7e-21421b4c4cb4,completed,2026-06-19 20:20:34.043051+00:00,2026-06-19 20:20:45.467911+00:00
4dd75e9a-f5b9-4248-a5f0-54b6366cfb29,completed,2026-06-19 20:20:34.347067+00:00,2026-06-19 20:20:46.032375+00:00
20169d07-4124-413a-a16f-40476f93e9dd,completed,2026-06-19 20:20:34.649232+00:00,2026-06-19 20:20:46.657174+00:00
7507f3b2-430b-4486-949e-dd5051904596,completed,2026-06-19 20:20:35.251735+00:00,2026-06-19 20:20:47.852322+00:00
a41f68ea-5268-4595-a901-9b097c5646f1,completed,2026-06-19 20:20:35.325893+00:00,2026-06-19 20:20:48.000645+00:00
c53e9def-59dd-4d0d-9b0d-4f5ddb12dfdb,completed,2026-06-19 20:20:35.476056+00:00,2026-06-19 20:20:48.276189+00:00
444c0e89-fde2-4175-98d0-c34656f132f9,completed,2026-06-19 20:20:35.625662+00:00,2026-06-19 20:20:48.568266+00:00
737cd752-e0d6-497d-b8bc-0c8d65cb6d1e,completed,2026-06-19 20:20:35.846221+00:00,2026-06-19 20:20:49.024853+00:00
7aaa5ddf-7b7f-41ea-a29f-897732d2be11,completed,2026-06-19 20:20:35.993174+00:00,2026-06-19 20:20:49.327055+00:00
49e082d9-653c-45a8-a5c7-a485e1f4059b,completed,2026-06-19 20:20:36.507585+00:00,2026-06-19 20:20:50.365514+00:00
e19031b1-f261-4cd9-874c-2ca374dd0af9,completed,2026-06-19 20:20:25.660469+00:00,2026-06-19 20:20:30.663873+00:00
9bd100f1-d1bb-4fd2-94a2-c1c7f45f224e,completed,2026-06-19 20:20:33.928665+00:00,2026-06-19 20:20:45.203826+00:00
a9c61a61-6d95-409e-b5ef-64bfbf9c85cd,completed,2026-06-19 20:20:34.005684+00:00,2026-06-19 20:20:45.371574+00:00
08432aba-f5c8-49a4-8040-657328fc4f1b,completed,2026-06-19 20:20:34.311039+00:00,2026-06-19 20:20:45.984662+00:00
03ecdbad-868e-4799-a030-ad926ed7493f,completed,2026-06-19 20:20:34.611168+00:00,2026-06-19 20:20:46.612452+00:00
cd192bce-3309-4d14-88e9-34bbf9775df9,completed,2026-06-19 20:20:34.688906+00:00,2026-06-19 20:20:46.757010+00:00
44d543ea-c188-42de-817e-933c574302f2,completed,2026-06-19 20:20:34.837484+00:00,2026-06-19 20:20:47.049103+00:00
0cff2658-780b-4cd6-b686-eced8cbe6737,completed,2026-06-19 20:20:35.064934+00:00,2026-06-19 20:20:47.487731+00:00
a0c0c9b0-51cb-4cc4-a19d-767375951cdd,completed,2026-06-19 20:20:35.364158+00:00,2026-06-19 20:20:48.068896+00:00
b9db2114-46f2-43b1-a988-cd2f08a0c072,completed,2026-06-19 20:20:36.688280+00:00,2026-06-19 20:20:50.672675+00:00
3321849f-6234-482e-aea0-f2a5743cfa5e,completed,2026-06-19 20:20:36.834077+00:00,2026-06-19 20:20:50.948916+00:00
5379759c-8137-44db-b1ad-9eae2e508b07,completed,2026-06-19 20:20:36.907531+00:00,2026-06-19 20:20:51.084465+00:00
6809de53-7bda-452e-a35e-877cd01ec4b6,completed,2026-06-19 20:20:37.050105+00:00,2026-06-19 20:20:51.375706+00:00
8d2f8f82-f429-4f78-a9b4-c2679a5671fa,completed,2026-06-19 20:20:37.194630+00:00,2026-06-19 20:20:51.672403+00:00
ceebef4b-a6e5-4c04-a800-39d4f92f4813,completed,2026-06-19 20:20:37.409289+00:00,2026-06-19 20:20:52.111022+00:00
0d93bc5a-3295-46d7-8088-709c7b65dd16,completed,2026-06-19 20:20:37.483981+00:00,2026-06-19 20:20:52.262283+00:00
d55fd026-1335-4741-a511-f0f46985d85c,completed,2026-06-19 20:20:37.552592+00:00,2026-06-19 20:20:52.406122+00:00
96495d75-2d40-4b0f-ac1d-e0b15b434bef,completed,2026-06-19 20:20:37.918404+00:00,2026-06-19 20:20:53.135975+00:00
be203cb8-b0e6-42ca-b63e-10d3465f31fc,completed,2026-06-19 20:20:38.198862+00:00,2026-06-19 20:20:53.712494+00:00
4bce4745-b8a3-4d52-9dbf-215730714b7c,completed,2026-06-19 20:20:38.476723+00:00,2026-06-19 20:20:54.315232+00:00
70a6528a-db52-4d63-8c4b-b8688ae97557,completed,2026-06-19 20:20:38.969292+00:00,2026-06-19 20:20:55.362548+00:00
16a9f3c6-cb25-4395-b1a9-eeb1d1b560c1,completed,2026-06-19 20:20:39.037381+00:00,2026-06-19 20:20:55.519852+00:00
e53afcfd-af4f-4897-a978-2d76c99fe70f,completed,2026-06-19 20:20:39.107517+00:00,2026-06-19 20:20:55.669130+00:00
cf450c50-96f1-4a69-9c96-4459d8100f59,completed,2026-06-19 20:20:39.315326+00:00,2026-06-19 20:20:56.116801+00:00
c04bd006-34bc-4685-bd40-74a9e32e7711,completed,2026-06-19 20:20:39.526690+00:00,2026-06-19 20:20:56.547906+00:00
6071f5ca-4626-4c61-a8c8-6895045288e2,completed,2026-06-19 20:20:40.005074+00:00,2026-06-19 20:20:57.567611+00:00
82dd9280-1a70-4c0a-ac55-bb52d4232dcc,completed,2026-06-19 20:20:40.279836+00:00,2026-06-19 20:20:58.125917+00:00
638b14a2-c838-4c8e-9501-87ce4f03097c,completed,2026-06-19 20:20:40.346883+00:00,2026-06-19 20:20:58.270979+00:00
1fd35f06-31a6-4829-bf03-a62cc6eeee01,completed,2026-06-19 20:20:40.482352+00:00,2026-06-19 20:20:58.543815+00:00
c511f603-7345-4876-b2cc-c345254544af,completed,2026-06-19 20:20:40.618724+00:00,2026-06-19 20:20:58.830238+00:00
49576118-f447-4255-84e1-5483236e5b52,completed,2026-06-19 20:20:40.686951+00:00,2026-06-19 20:20:58.966662+00:00
98ea4d4e-0581-42a4-aca8-679140c885e0,completed,2026-06-19 20:20:40.889835+00:00,2026-06-19 20:20:59.417436+00:00
54d0b1cf-9ad3-420b-b275-d9e4cca7ead0,completed,2026-06-19 20:20:40.956955+00:00,2026-06-19 20:20:59.573246+00:00
7707bb74-8d9d-40f2-9a27-c70c9385dd2d,completed,2026-06-19 20:20:37.086699+00:00,2026-06-19 20:20:51.506126+00:00
fae0a45a-b49a-49ec-a29c-c206491e34b8,completed,2026-06-19 20:20:37.158381+00:00,2026-06-19 20:20:51.645015+00:00
b724ff8a-bff7-4b4f-a4ac-38c0d47cfd3a,completed,2026-06-19 20:20:37.230335+00:00,2026-06-19 20:20:51.784695+00:00
1516e5df-8ce3-43fd-8b32-91b41ada79cc,completed,2026-06-19 20:20:37.306071+00:00,2026-06-19 20:20:51.925301+00:00
29a247bd-5214-4bbe-b263-f24d4bd0bdf2,completed,2026-06-19 20:20:37.661190+00:00,2026-06-19 20:20:52.634478+00:00
6a025ea1-2670-4061-b9a1-b33e1adc414f,completed,2026-06-19 20:20:37.875292+00:00,2026-06-19 20:20:53.068928+00:00
661cb9df-14ae-452e-a9c9-4e47a28ee327,completed,2026-06-19 20:20:38.019167+00:00,2026-06-19 20:20:53.370584+00:00
4acdea46-326a-4ac2-b115-85d81a1bb0b1,completed,2026-06-19 20:20:38.300025+00:00,2026-06-19 20:20:53.978057+00:00
5372cd40-59dc-4954-aaf7-78cf783fb78d,completed,2026-06-19 20:20:38.370474+00:00,2026-06-19 20:20:54.108229+00:00
9aafd0b5-f48b-4616-a3f6-986df8abd2fc,completed,2026-06-19 20:20:38.512183+00:00,2026-06-19 20:20:54.383037+00:00
9f4a6b18-7a9e-40ab-9a4d-55beba2c13a6,completed,2026-06-19 20:20:38.792959+00:00,2026-06-19 20:20:54.975741+00:00
746e4a68-0643-498c-8eff-6c6d54fd457d,completed,2026-06-19 20:20:39.072288+00:00,2026-06-19 20:20:55.525688+00:00
fc3187cb-3725-48c2-b8c0-08edbffab752,completed,2026-06-19 20:20:39.211068+00:00,2026-06-19 20:20:55.830964+00:00
25665ad8-1c3d-45b4-ace2-c1cb3e37d824,completed,2026-06-19 20:20:39.350224+00:00,2026-06-19 20:20:56.145013+00:00
545377e2-bb9c-42ad-8c3c-215d4b1671cf,completed,2026-06-19 20:20:39.902442+00:00,2026-06-19 20:20:57.341458+00:00
005414e3-f0ee-4bfd-8396-da8b085247d3,completed,2026-06-19 20:20:40.176548+00:00,2026-06-19 20:20:57.945022+00:00
cdb3e152-269d-476f-bb03-d7743c03739d,completed,2026-06-19 20:20:40.448895+00:00,2026-06-19 20:20:58.532221+00:00
2e381e66-00bc-42ad-a6a3-2e7f2b460167,completed,2026-06-19 20:20:40.518285+00:00,2026-06-19 20:20:58.689809+00:00
3d82892e-93eb-42ec-b492-aaeb48cd845c,completed,2026-06-19 20:20:40.787890+00:00,2026-06-19 20:20:59.243611+00:00
63fc972d-c7e5-4f5f-b663-26693c2cafdd,completed,2026-06-19 20:20:40.922959+00:00,2026-06-19 20:20:59.530047+00:00
2af131a8-a2ce-4b75-8257-4481e3e5a1ed,completed,2026-06-19 20:20:41.060774+00:00,2026-06-19 20:20:59.799618+00:00
8c3eb219-7725-4293-ad5d-449a42535019,completed,2026-06-19 20:20:41.126777+00:00,2026-06-19 20:20:59.944096+00:00
679110b6-759f-42d1-8041-3217d2a36537,completed,2026-06-19 20:20:41.193441+00:00,2026-06-19 20:21:00.095527+00:00
6a040cf5-48c7-4ba5-a5fb-1c01788b44e1,completed,2026-06-19 20:20:41.258892+00:00,2026-06-19 20:21:00.234515+00:00
9b075c36-839e-4a0f-ac88-175f60beabcc,completed,2026-06-19 20:20:41.394554+00:00,2026-06-19 20:21:00.511413+00:00
203f95fd-63e0-4044-8f95-e93dcfe7849e,completed,2026-06-19 20:20:41.461880+00:00,2026-06-19 20:21:00.650090+00:00
7fb6a43a-cf3c-463b-a32e-93cf338b6937,completed,2026-06-19 20:20:41.795156+00:00,2026-06-19 20:21:01.451994+00:00
ac151e83-d5be-4470-b3a3-3dd21a0b1421,completed,2026-06-19 20:20:42.192413+00:00,2026-06-19 20:21:02.336332+00:00
0dbef48b-7123-415a-9a39-c82f42862f5f,completed,2026-06-19 20:20:42.258149+00:00,2026-06-19 20:21:02.490985+00:00
96824bc1-fff4-476a-a732-a0fdb963699b,completed,2026-06-19 20:20:42.587749+00:00,2026-06-19 20:21:03.211973+00:00
f4b0b1ac-e2b8-4890-9832-f27524cd09f5,completed,2026-06-19 20:20:41.826608+00:00,2026-06-19 20:21:01.531066+00:00
bc5ad9c8-67b0-4b44-bf7e-33cabbd55b63,completed,2026-06-19 20:20:41.502462+00:00,2026-06-19 20:21:00.786326+00:00
7a7dad52-d71b-41d6-9865-95198fcebfed,completed,2026-06-19 20:20:41.761480+00:00,2026-06-19 20:21:01.387686+00:00
74f82055-c67d-4396-a4ad-77892e73fa1a,completed,2026-06-19 20:20:41.560551+00:00,2026-06-19 20:21:00.943064+00:00
b56be22c-8c61-4669-b9df-aa1d4b3112b0,completed,2026-06-19 20:20:42.158897+00:00,2026-06-19 20:21:02.266881+00:00
500e2a42-f9a6-4b73-9f09-ab4b76a18b54,completed,2026-06-19 20:20:42.026987+00:00,2026-06-19 20:21:01.964192+00:00
a368353b-6905-46bd-b51f-46601dff91a0,completed,2026-06-19 20:20:41.893804+00:00,2026-06-19 20:21:01.669889+00:00
0ccc1b2f-8cc0-443e-b117-6b5ab3e52238,completed,2026-06-19 20:20:42.554160+00:00,2026-06-19 20:21:03.157603+00:00
bcb7f64a-8ef5-4669-b15f-564383497fca,completed,2026-06-19 20:20:42.357720+00:00,2026-06-19 20:21:02.726782+00:00
d7555454-3e7b-455b-8ff0-72f8db797144,completed,2026-06-19 20:20:42.293494+00:00,2026-06-19 20:21:02.570348+00:00
ff77cb4f-732c-4514-8ddc-16e2dc33f61f,completed,2026-06-19 20:20:42.948577+00:00,2026-06-19 20:21:04.008007+00:00
8490f1a2-6dae-4642-ad86-5d97fd9f46a5,completed,2026-06-19 20:20:43.086133+00:00,2026-06-19 20:21:04.288777+00:00
ea830419-4d3e-42df-a6d4-33b2cc8d08f4,completed,2026-06-19 20:20:43.207449+00:00,2026-06-19 20:21:04.572475+00:00
411b4ebe-9fd0-41d4-914e-0697de99292c,completed,2026-06-19 20:20:43.276737+00:00,2026-06-19 20:21:04.713158+00:00
aba79bd0-5798-4575-a58a-730a7c0be3dc,completed,2026-06-19 20:20:43.662412+00:00,2026-06-19 20:21:05.533214+00:00
7db5805b-72b6-4019-9298-1015a9263c85,completed,2026-06-19 20:20:43.791384+00:00,2026-06-19 20:21:05.843300+00:00
e2cd2e8e-f4b7-402c-a3bb-25c7707a0ced,completed,2026-06-19 20:20:43.855120+00:00,2026-06-19 20:21:06.003121+00:00
d229e1fa-de87-4f47-8fd5-dbc166da59c6,completed,2026-06-19 20:20:44.110967+00:00,2026-06-19 20:21:06.729132+00:00
96ea381a-d858-4c30-a3b9-e54c2b82a862,completed,2026-06-19 20:20:44.494492+00:00,2026-06-19 20:21:07.586659+00:00
127caa36-8dad-48e1-8ed4-fd87602b828f,completed,2026-06-19 20:20:44.684211+00:00,2026-06-19 20:21:08.017228+00:00
818eee2a-4cf3-453e-a992-bd7d734ff7fb,completed,2026-06-19 20:20:45.002410+00:00,2026-06-19 20:21:08.760341+00:00
4db54389-90e3-4bf6-8da0-5f0b01c1cf21,completed,2026-06-19 20:20:45.064259+00:00,2026-06-19 20:21:08.908648+00:00
f758657a-2000-425c-83dc-0e44b562495d,completed,2026-06-19 20:20:45.318084+00:00,2026-06-19 20:21:09.616612+00:00
6210c0c2-494e-421f-9804-451bfc77c1f8,completed,2026-06-19 20:20:45.631844+00:00,2026-06-19 20:21:10.400171+00:00
013257c0-621f-4e82-8f10-055574644ad0,completed,2026-06-19 20:20:45.693839+00:00,2026-06-19 20:21:10.545749+00:00
1f555f0c-89d5-4c1f-891c-840ef2e21bb9,completed,2026-06-19 20:20:45.755238+00:00,2026-06-19 20:21:10.678983+00:00
23fb517d-a6b0-4428-a4e9-7d21d4808016,completed,2026-06-19 20:20:45.879772+00:00,2026-06-19 20:21:10.973473+00:00
45ddb462-455b-4cd1-9db5-635d8564b950,completed,2026-06-19 20:20:45.942396+00:00,2026-06-19 20:21:11.119308+00:00
f81fd554-9527-4e19-bd6c-18d1a3356c51,completed,2026-06-19 20:20:46.252996+00:00,2026-06-19 20:21:11.893113+00:00
05d71d59-47a5-4918-a945-938bf3f9a735,completed,2026-06-19 20:20:46.653947+00:00,2026-06-19 20:21:12.938753+00:00
2062bf7b-b5ec-4fb5-85de-fa26c49d54b7,completed,2026-06-19 20:20:42.914613+00:00,2026-06-19 20:21:03.930114+00:00
0edf51b0-7e26-4c23-9589-042b2b7883d2,completed,2026-06-19 20:20:43.109660+00:00,2026-06-19 20:21:04.382163+00:00
ce6e38aa-6942-4a78-897f-3e3cb98860ee,completed,2026-06-19 20:20:43.370030+00:00,2026-06-19 20:21:04.973096+00:00
a005e7c0-50f7-4ad7-9c24-c956a9a33668,completed,2026-06-19 20:20:43.694696+00:00,2026-06-19 20:21:05.661183+00:00
ae40113a-40d8-4ae2-9a42-543f8bef8468,completed,2026-06-19 20:20:43.759555+00:00,2026-06-19 20:21:05.804421+00:00
224179a5-9fc8-42aa-b36f-b2ce69074658,completed,2026-06-19 20:20:43.822713+00:00,2026-06-19 20:21:05.940319+00:00
f7255d44-d5eb-4428-b47c-bb096d9b0a21,completed,2026-06-19 20:20:44.278410+00:00,2026-06-19 20:21:07.065358+00:00
7d30a6cb-d68d-45e6-8dbe-5693477aaf4f,completed,2026-06-19 20:20:44.463893+00:00,2026-06-19 20:21:07.516275+00:00
5dfcb923-18ff-4dff-8a97-7ed980daed58,completed,2026-06-19 20:20:44.527205+00:00,2026-06-19 20:21:07.672531+00:00
26478f79-1a4a-47d8-a78f-37cfc133f37b,completed,2026-06-19 20:20:44.590965+00:00,2026-06-19 20:21:07.823183+00:00
e89c3ead-4084-4825-9b9f-fbd9105c0426,completed,2026-06-19 20:20:44.718393+00:00,2026-06-19 20:21:08.126117+00:00
3b838ae9-efa3-4df4-ae9d-944b580ec5a6,completed,2026-06-19 20:20:45.096894+00:00,2026-06-19 20:21:09.024942+00:00
61620466-9659-47cf-bc7a-a21aff4dd23c,completed,2026-06-19 20:20:45.160157+00:00,2026-06-19 20:21:09.181069+00:00
e2b51d82-d95b-4f51-a1d5-3aeb23764051,completed,2026-06-19 20:20:45.287624+00:00,2026-06-19 20:21:09.470542+00:00
94cb847e-a287-4ce5-823d-3106f68078cc,completed,2026-06-19 20:20:45.662264+00:00,2026-06-19 20:21:10.482682+00:00
ea1cb2df-6ade-486c-927f-3c6e7ff824c6,completed,2026-06-19 20:20:45.786992+00:00,2026-06-19 20:21:10.792602+00:00
4f0e89c6-e442-4cc4-9c7c-a272d552712f,completed,2026-06-19 20:20:45.920212+00:00,2026-06-19 20:21:11.113054+00:00
28426875-c432-4e24-84c4-b097a55b8f67,completed,2026-06-19 20:20:45.973631+00:00,2026-06-19 20:21:11.270216+00:00
01925042-a328-42e4-8cb6-40f0b090dfd3,completed,2026-06-19 20:20:46.161523+00:00,2026-06-19 20:21:11.754475+00:00
7571c058-5288-4680-8501-2410d006c7b6,completed,2026-06-19 20:20:46.344731+00:00,2026-06-19 20:21:12.168605+00:00
2a567b89-e9d8-45be-a32e-55bbbdfb1c96,completed,2026-06-19 20:20:46.469370+00:00,2026-06-19 20:21:12.479582+00:00
17a42d8b-74c3-4ea7-8e7a-30864551dc21,completed,2026-06-19 20:20:46.407862+00:00,2026-06-19 20:21:12.314079+00:00
4dab1809-8f09-4ed4-b57e-62988e62e473,completed,2026-06-19 20:20:46.440598+00:00,2026-06-19 20:21:12.355799+00:00
ea799a7d-ef5b-4228-aad8-913e55cff6d8,completed,2026-06-19 20:20:46.899351+00:00,2026-06-19 20:21:13.556116+00:00
842b403b-772f-4cc9-8772-ffe89c723224,completed,2026-06-19 20:20:46.623614+00:00,2026-06-19 20:21:12.886576+00:00
3f29ba59-2587-4a1a-803a-ee27b170b5f6,completed,2026-06-19 20:20:46.776296+00:00,2026-06-19 20:21:13.224592+00:00
80e40d9d-b27f-442d-9ac3-ce472141454c,completed,2026-06-19 20:20:46.868135+00:00,2026-06-19 20:21:13.513197+00:00
64269088-d52a-46d3-b6a1-6c10a76ca2b7,completed,2026-06-19 20:20:47.083004+00:00,2026-06-19 20:21:14.023233+00:00
4e76ed35-c6e4-4515-99a3-1c9eaa0ec1f2,completed,2026-06-19 20:20:47.144070+00:00,2026-06-19 20:21:14.183573+00:00
12315883-d644-4743-8e03-c530e43ed0cf,failed,2026-06-19 20:20:49.011245+00:00,2026-06-19 20:21:19.093131+00:00
4e732664-1140-4813-a7a1-4d9ab076fa34,completed,2026-06-19 20:20:47.327975+00:00,2026-06-19 20:21:14.716665+00:00
ce645490-52b0-408f-a255-919ee4a87dda,completed,2026-06-19 20:20:47.388566+00:00,2026-06-19 20:21:14.880928+00:00
af2dbc9d-b3ea-495c-8377-732b773f3fce,completed,2026-06-19 20:20:47.449947+00:00,2026-06-19 20:21:15.041800+00:00
5183c15e-81fd-4e32-bceb-01cb2de4cb25,completed,2026-06-19 20:20:47.513307+00:00,2026-06-19 20:21:15.227611+00:00
a7ef2fe3-34ef-45b6-9ee8-8225808888cb,completed,2026-06-19 20:20:47.632438+00:00,2026-06-19 20:21:15.510982+00:00
f7ea3db0-7daa-4105-942c-71f7fe7ee2e9,completed,2026-06-19 20:20:47.691611+00:00,2026-06-19 20:21:15.663707+00:00
a95bfafb-695a-47eb-9357-afdac602c815,completed,2026-06-19 20:20:47.934163+00:00,2026-06-19 20:21:16.416743+00:00
7e33f638-964e-4661-b3b0-d6841bb716b8,completed,2026-06-19 20:20:48.174982+00:00,2026-06-19 20:21:17.153207+00:00
6fa07864-930b-47a7-a273-06b967147b38,completed,2026-06-19 20:20:48.297117+00:00,2026-06-19 20:21:17.447911+00:00
38889b8a-b41a-4d2a-a8ed-33b255b6970c,completed,2026-06-19 20:20:48.356255+00:00,2026-06-19 20:21:17.649036+00:00
ea19c7cb-4f1b-46ff-851c-315dc255bc1d,failed,2026-06-19 20:20:49.071986+00:00,2026-06-19 20:21:19.101018+00:00
463ff409-c793-4c2e-bff1-8ae2d8f55168,failed,2026-06-19 20:20:49.188308+00:00,2026-06-19 20:21:19.269963+00:00
a7d34ad9-1d2a-4810-b1a5-0ec8cb264bd4,completed,2026-06-19 20:20:49.130886+00:00,2026-06-19 20:21:19.265614+00:00
892e8679-d7ea-47aa-bf24-9457638898d1,failed,2026-06-19 20:20:49.369304+00:00,2026-06-19 20:21:19.427973+00:00
b1ff8ffa-e52f-4d64-b20f-77bb0ab378d0,failed,2026-06-19 20:20:49.897079+00:00,2026-06-19 20:21:19.925712+00:00
16be8067-65e3-470c-94eb-6d5b497fedb0,completed,2026-06-19 20:20:49.605066+00:00,2026-06-19 20:21:19.756427+00:00
cb24bc71-831e-465f-ab15-a18ebe58eb67,failed,2026-06-19 20:20:50.480093+00:00,2026-06-19 20:21:20.550789+00:00
3546bcee-f1d3-40e9-aea3-c1f57edef563,completed,2026-06-19 20:20:50.421297+00:00,2026-06-19 20:21:20.542905+00:00
677398db-5f67-4ebc-bb03-9c10d38c704d,failed,2026-06-19 20:20:51.290049+00:00,2026-06-19 20:21:21.325070+00:00
1f3c720a-ceab-43ab-a253-c0b659ce5405,completed,2026-06-19 20:20:50.770336+00:00,2026-06-19 20:21:20.907828+00:00
206d8a04-7435-4f19-8c10-14e3b694007b,failed,2026-06-19 20:20:51.748097+00:00,2026-06-19 20:21:21.784606+00:00
c9c12612-c75f-4f48-aa4d-a19a2ad475d2,failed,2026-06-19 20:20:52.091310+00:00,2026-06-19 20:21:22.117330+00:00
66148e2a-920e-44e5-93b8-425074108af7,failed,2026-06-19 20:20:52.203541+00:00,2026-06-19 20:21:22.278198+00:00
a6fa00e1-1e19-4b6f-ab91-c7f2a0d546a8,completed,2026-06-19 20:20:52.145538+00:00,2026-06-19 20:21:22.274244+00:00
a65c5d7e-2d74-4340-b0d6-f6aa0e32967b,failed,2026-06-19 20:20:52.260755+00:00,2026-06-19 20:21:22.285170+00:00
99c1617e-5931-4175-992e-6dec0873e55b,failed,2026-06-19 20:20:52.372774+00:00,2026-06-19 20:21:22.432438+00:00
72dd952e-3016-4191-a769-960b886360d6,completed,2026-06-19 20:20:52.316171+00:00,2026-06-19 20:21:22.435308+00:00
42509991-123e-44d0-b075-0ab5dadd4fc2,failed,2026-06-19 20:20:52.542193+00:00,2026-06-19 20:21:22.582105+00:00
bb60751c-81b6-4383-84ae-0eb99f649f06,completed,2026-06-19 20:20:52.488357+00:00,2026-06-19 20:21:22.605415+00:00
f67b0514-f83f-4bf9-8116-c93047058a5e,completed,2026-06-19 20:20:35.584895+00:00,2026-06-19 20:20:48.488239+00:00
069094cb-ee35-40bb-afa1-7995f6076f20,completed,2026-06-19 20:20:36.653127+00:00,2026-06-19 20:20:50.657328+00:00
1d58dee2-8f63-4fb4-9420-ee0e393cc5fa,completed,2026-06-19 20:20:36.724331+00:00,2026-06-19 20:20:50.793673+00:00
4152c72f-5c72-44e2-a83d-684d83ee9a71,completed,2026-06-19 20:20:37.768471+00:00,2026-06-19 20:20:52.853400+00:00
8885de8a-7f2f-4ab9-9e25-8063b7c6d6b2,failed,2026-06-19 20:20:49.573073+00:00,2026-06-19 20:21:19.595028+00:00
1e2c3d6b-8102-4fd7-b795-c9c916d199c3,completed,2026-06-19 20:20:47.298247+00:00,2026-06-19 20:21:14.601843+00:00
d849fd25-1cea-444e-93c3-16d1900559d2,completed,2026-06-19 20:20:47.480143+00:00,2026-06-19 20:21:15.046334+00:00
2080671e-871c-4da2-85b0-01993b552c06,completed,2026-06-19 20:20:47.600395+00:00,2026-06-19 20:21:15.466036+00:00
82371a52-1a08-403e-8dbb-84f9034216e0,completed,2026-06-19 20:20:48.444096+00:00,2026-06-19 20:21:17.907359+00:00
99fd32f2-b335-463f-8dfa-680915a0c347,completed,2026-06-19 20:20:48.564730+00:00,2026-06-19 20:21:18.209700+00:00
30523a1e-8dc3-4750-bb74-504152779c2a,completed,2026-06-19 20:20:48.624749+00:00,2026-06-19 20:21:18.354645+00:00
2629cc47-c7ac-4da8-a922-3933ad3a2b07,completed,2026-06-19 20:20:48.803086+00:00,2026-06-19 20:21:18.794449+00:00
e03507e3-e92d-4df4-a89e-ada7772f7ad6,completed,2026-06-19 20:20:49.456469+00:00,2026-06-19 20:21:19.586208+00:00
4af4a767-cfcf-4792-930e-1987b6ce8360,failed,2026-06-19 20:20:49.867025+00:00,2026-06-19 20:21:19.924476+00:00
6216f327-f0a5-464c-bd04-d83dc486b743,completed,2026-06-19 20:20:49.811832+00:00,2026-06-19 20:21:19.916016+00:00
4fd18ca3-b438-4e08-a729-50f899fc71e0,failed,2026-06-19 20:20:50.160689+00:00,2026-06-19 20:21:20.231320+00:00
e30a6f7a-389d-4d4e-a0f1-4b26fa6930ca,completed,2026-06-19 20:20:50.109474+00:00,2026-06-19 20:21:20.226279+00:00
01fe1a56-269a-49f7-b305-2340a29404e2,failed,2026-06-19 20:20:51.088336+00:00,2026-06-19 20:21:21.091802+00:00
8cfca683-a613-439b-9658-8f3df6b98b89,completed,2026-06-19 20:20:50.395943+00:00,2026-06-19 20:21:20.563723+00:00
048e3738-8874-4706-984c-d561d1af02f5,completed,2026-06-19 20:20:50.742232+00:00,2026-06-19 20:21:20.853632+00:00
046a8c32-7cf4-4418-88a7-4c8d9c30c014,completed,2026-06-19 20:20:50.914518+00:00,2026-06-19 20:21:21.083100+00:00
921e6c04-3660-4ff0-b9e0-aaa21f55ba54,failed,2026-06-19 20:20:51.317743+00:00,2026-06-19 20:21:21.328467+00:00
039c6254-7260-4fce-a5d8-aac74ff7f122,completed,2026-06-19 20:20:51.203052+00:00,2026-06-19 20:21:21.321117+00:00
4c4cd4a3-46b0-47c5-9651-0c6f15d66164,failed,2026-06-19 20:20:51.721450+00:00,2026-06-19 20:21:21.780685+00:00
722906d7-986a-4971-b561-a97ab07c8726,failed,2026-06-19 20:20:51.890514+00:00,2026-06-19 20:21:21.951838+00:00
20e9654d-b1ad-409f-bc65-0e9e98755b18,failed,2026-06-19 20:20:52.117335+00:00,2026-06-19 20:21:22.121216+00:00
6a52b81d-a189-49f3-8b6d-90962451d39e,failed,2026-06-19 20:20:52.513645+00:00,2026-06-19 20:21:22.578934+00:00
8fda13eb-9bc1-4cb0-a3ee-4837c6089e5b,completed,2026-06-19 20:20:52.175550+00:00,2026-06-19 20:21:22.286818+00:00
abbfb3b5-2c8e-4a16-bf77-108a3630ce93,completed,2026-06-19 20:20:52.458560+00:00,2026-06-19 20:21:22.574681+00:00
e8c37b41-b7f0-4a40-bf78-81c6a1696a2d,failed,2026-06-19 20:20:52.738959+00:00,2026-06-19 20:21:22.752778+00:00
1b7b6755-f63d-4a7c-8862-b0c08737a114,completed,2026-06-19 20:20:52.626613+00:00,2026-06-19 20:21:22.760236+00:00
e48ae7fd-7595-482f-a49d-6f89e63151dd,failed,2026-06-19 20:20:52.711971+00:00,2026-06-19 20:21:22.748189+00:00
85ddf0e4-9e68-4de0-8938-b6f6834537e4,failed,2026-06-19 20:20:52.824660+00:00,2026-06-19 20:21:22.913841+00:00
c87959fe-861d-455f-87a7-9674557458df,failed,2026-06-19 20:20:52.881621+00:00,2026-06-19 20:21:22.917760+00:00
08d1bf7d-2caa-43ed-b3bc-21902f8c1b1e,failed,2026-06-19 20:20:53.885302+00:00,2026-06-19 20:21:23.902433+00:00
0d515b15-3a5b-4be9-8788-faa260ff43bd,failed,2026-06-19 20:20:53.662296+00:00,2026-06-19 20:21:23.699908+00:00
592c96c1-1002-4235-9bdc-69815a238262,completed,2026-06-19 20:20:53.606682+00:00,2026-06-19 20:21:23.727760+00:00
c7753884-e6b0-475e-a210-d765955ee5fd,failed,2026-06-19 20:20:54.105262+00:00,2026-06-19 20:21:24.143718+00:00
eeb76018-98a2-4c4f-9a0d-84e665f8014c,failed,2026-06-19 20:20:54.436521+00:00,2026-06-19 20:21:24.452815+00:00
330433a4-17a2-465c-89da-bf0eb1995941,completed,2026-06-19 20:20:54.161512+00:00,2026-06-19 20:21:24.300207+00:00
26f9fc3d-770e-4461-81bc-3e1641677e59,failed,2026-06-19 20:20:54.545722+00:00,2026-06-19 20:21:24.607155+00:00
10d61221-06dc-45af-b6b4-aeef889673cb,failed,2026-06-19 20:20:54.877237+00:00,2026-06-19 20:21:24.927334+00:00
774a94d6-d3b3-41d0-a0bc-da1335a1f72b,failed,2026-06-19 20:20:54.765841+00:00,2026-06-19 20:21:24.769794+00:00
bac57401-8c4c-4623-907b-64ce78c86ac1,completed,2026-06-19 20:20:54.655566+00:00,2026-06-19 20:21:24.778238+00:00
6df95be0-074b-4da2-8404-0d419f124ea1,failed,2026-06-19 20:20:55.364476+00:00,2026-06-19 20:21:25.380927+00:00
2bc30a50-7163-4097-bb70-a42db47a3aae,failed,2026-06-19 20:20:55.961486+00:00,2026-06-19 20:21:25.986911+00:00
10ffd13b-e344-4eab-904b-a604cf90ddf1,failed,2026-06-19 20:20:55.526985+00:00,2026-06-19 20:21:25.537081+00:00
98cc0081-29ba-45e1-adb5-46854d154c3a,completed,2026-06-19 20:20:55.418496+00:00,2026-06-19 20:21:25.566112+00:00
45a7f911-dabb-4521-8af4-ea212a800606,completed,2026-06-19 20:20:55.581647+00:00,2026-06-19 20:21:25.740446+00:00
a447983c-9dcd-42d7-ab56-2e92aae33048,failed,2026-06-19 20:20:55.905321+00:00,2026-06-19 20:21:25.912821+00:00
2a790984-7021-4e1f-9f82-7886ef23d151,completed,2026-06-19 20:20:55.851499+00:00,2026-06-19 20:21:25.981424+00:00
c1874328-a48a-43f0-86cf-b1ca8c9c4cbe,failed,2026-06-19 20:20:56.120085+00:00,2026-06-19 20:21:26.138994+00:00
b90c06a9-f881-45b3-808c-3f4f2bf55db8,failed,2026-06-19 20:20:56.388281+00:00,2026-06-19 20:21:26.472581+00:00
0937b3bd-12a8-4e9e-a90e-050232633bb0,completed,2026-06-19 20:20:56.174369+00:00,2026-06-19 20:21:26.299840+00:00
d5b13c76-2b3a-48d5-9ac3-f66e37c4692b,completed,2026-06-19 20:20:56.337878+00:00,2026-06-19 20:21:26.468486+00:00
844d2fe1-7d55-4ca3-9fcc-7a2c023a83fd,failed,2026-06-19 20:20:56.448495+00:00,2026-06-19 20:21:26.479788+00:00
9875f342-6691-4b62-be88-ce9284ef5ebf,completed,2026-06-19 20:20:56.659501+00:00,2026-06-19 20:21:26.777971+00:00
3bf4e388-2328-4c6f-a1dd-0dc89dde2191,failed,2026-06-19 20:20:56.602367+00:00,2026-06-19 20:21:26.632678+00:00
477308c0-c469-4006-8166-b43aac74a013,failed,2026-06-19 20:20:57.189122+00:00,2026-06-19 20:21:27.207491+00:00
8c1bc017-216d-434a-8790-c4fd26d676c3,failed,2026-06-19 20:20:57.081867+00:00,2026-06-19 20:21:27.095767+00:00
466fd666-c3c2-4a79-9925-ec074324dec5,completed,2026-06-19 20:20:57.031942+00:00,2026-06-19 20:21:27.192240+00:00
045858cc-214c-4f90-99e5-9d4d48392c83,failed,2026-06-19 20:20:53.469025+00:00,2026-06-19 20:21:23.541283+00:00
ec2349fa-3c65-4777-b5cc-d3e792f8ff52,completed,2026-06-19 20:20:53.412526+00:00,2026-06-19 20:21:23.536649+00:00
a715c65b-65f0-4041-beca-01bc24f95495,failed,2026-06-19 20:20:53.801395+00:00,2026-06-19 20:21:23.846745+00:00
e3c3ab2f-3284-4701-ac6f-f34b53237d97,completed,2026-06-19 20:20:53.577588+00:00,2026-06-19 20:21:23.692068+00:00
c10c0a3c-8f88-437a-b7bc-1107c3123fa4,failed,2026-06-19 20:20:54.420408+00:00,2026-06-19 20:21:24.450793+00:00
bba372c4-0f65-4ae8-9b3a-c47f09f8e2d5,failed,2026-06-19 20:20:53.968028+00:00,2026-06-19 20:21:24.001804+00:00
0fe67732-252d-4f2c-a72c-8a394a01e7c3,failed,2026-06-19 20:20:54.846998+00:00,2026-06-19 20:21:24.926224+00:00
2b8dbe8c-3c1f-4585-a9e8-311ca96f9a08,completed,2026-06-19 20:20:53.911517+00:00,2026-06-19 20:21:24.068213+00:00
1a9046dd-1f1e-431f-9b9f-be3a354c667b,completed,2026-06-19 20:20:54.629226+00:00,2026-06-19 20:21:24.754884+00:00
9b94debe-55ce-451d-856e-7313669845c6,failed,2026-06-19 20:20:55.230199+00:00,2026-06-19 20:21:25.234708+00:00
2046a70e-a06d-423d-bd0b-c46cb7e40b30,failed,2026-06-19 20:20:55.011848+00:00,2026-06-19 20:21:25.070278+00:00
15646e8e-3c2a-4d1b-a6a8-f4eefd0e3672,completed,2026-06-19 20:20:54.956208+00:00,2026-06-19 20:21:25.093742+00:00
3d94c607-c99b-4137-a0aa-5e874dd952bc,failed,2026-06-19 20:20:55.340932+00:00,2026-06-19 20:21:25.377585+00:00
80191eca-1c92-450a-95f3-010ab9c1c053,failed,2026-06-19 20:20:55.662959+00:00,2026-06-19 20:21:25.693557+00:00
0d648489-cdbc-4f74-b5c1-7e425c200c3f,completed,2026-06-19 20:20:55.391481+00:00,2026-06-19 20:21:25.521660+00:00
4cb92e3c-398d-49a3-b3c0-80d25ce23b10,completed,2026-06-19 20:20:55.556012+00:00,2026-06-19 20:21:25.682051+00:00
cbb05da2-8e35-4958-af1b-ad6dcd0f8524,failed,2026-06-19 20:20:55.889351+00:00,2026-06-19 20:21:25.909121+00:00
a61c4c76-af25-4ebb-9fce-c42b5644b932,completed,2026-06-19 20:20:55.770779+00:00,2026-06-19 20:21:25.903463+00:00
c75411ee-5bfa-4375-a97f-08de88bb11dd,failed,2026-06-19 20:20:56.895678+00:00,2026-06-19 20:21:26.934510+00:00
66b8e34a-a26d-4309-8e05-5ba4481fd744,completed,2026-06-19 20:20:55.932925+00:00,2026-06-19 20:21:26.116175+00:00
c998c090-d5b0-4841-8e47-a0bc05af7aee,completed,2026-06-19 20:20:56.148804+00:00,2026-06-19 20:21:26.312538+00:00
920178ce-859a-4f04-9045-d94d6ba3e9de,completed,2026-06-19 20:20:56.524609+00:00,2026-06-19 20:21:26.620650+00:00
18e42b48-08db-48d9-9745-8b79f2f7ed58,failed,2026-06-19 20:20:56.789169+00:00,2026-06-19 20:21:26.793677+00:00
8cf5fb89-271e-421e-a351-eb076cf1d198,failed,2026-06-19 20:20:57.160677+00:00,2026-06-19 20:21:27.202966+00:00
9ad09a71-e45a-4a05-b314-3a13a9a2bf4b,failed,2026-06-19 20:20:57.319856+00:00,2026-06-19 20:21:27.386580+00:00
197d30c7-36dd-4dda-b0f7-1f36721438de,completed,2026-06-19 20:20:57.215248+00:00,2026-06-19 20:21:27.376860+00:00
fa5beece-a37c-4006-a201-44ddfaf59592,failed,2026-06-19 20:20:57.688892+00:00,2026-06-19 20:21:27.728149+00:00
01807d27-6b7c-4189-a5c2-11e097756389,completed,2026-06-19 20:20:57.582594+00:00,2026-06-19 20:21:27.716540+00:00
5035a89d-d510-4a00-a331-b72e192c6f07,failed,2026-06-19 20:20:57.952981+00:00,2026-06-19 20:21:27.955315+00:00
2a17bc52-2f01-47ac-bba4-92c41034d9cf,completed,2026-06-19 20:20:57.742502+00:00,2026-06-19 20:21:27.886812+00:00
658a0e28-2118-4251-bdfc-30ae5a42516b,completed,2026-06-19 20:20:37.948670+00:00,2026-06-19 20:20:53.223486+00:00
b244b67d-5e82-4dc1-bbfa-d5ad38df2507,completed,2026-06-19 20:20:39.866546+00:00,2026-06-19 20:20:57.297692+00:00
617693d9-d6ee-47bf-a191-d669a9421074,completed,2026-06-19 20:20:40.589543+00:00,2026-06-19 20:20:58.830439+00:00
3bfa2845-706b-4685-89ba-78c50d328fa6,completed,2026-06-19 20:20:46.035757+00:00,2026-06-19 20:21:11.407692+00:00
534ee157-0627-4c59-be23-1e2cba7fb28f,completed,2026-06-19 20:20:47.175603+00:00,2026-06-19 20:21:14.304946+00:00
33b1c007-5a8f-4d39-b41d-e4cac5279da9,failed,2026-06-19 20:20:49.248759+00:00,2026-06-19 20:21:19.278341+00:00
95190c36-48f3-4ff3-8b52-7b4b71e9b825,failed,2026-06-19 20:20:50.043470+00:00,2026-06-19 20:21:20.076357+00:00
68a3f55c-b2ff-4e9a-8b4f-ff1a2afa22df,completed,2026-06-19 20:20:50.566287+00:00,2026-06-19 20:21:20.705588+00:00
00066a5e-9227-4d1f-88a6-6874a0a066aa,failed,2026-06-19 20:20:51.919173+00:00,2026-06-19 20:21:21.955192+00:00
2d58dc34-7db9-4867-89b6-5a4e47547b17,completed,2026-06-19 20:20:52.597960+00:00,2026-06-19 20:21:22.736810+00:00
ef58027e-e762-4641-92cc-5347a97cceb0,failed,2026-06-19 20:20:52.659099+00:00,2026-06-19 20:21:22.740792+00:00
5efa1cf4-a171-4e5f-bdcb-1bfbaee81ee6,failed,2026-06-19 20:20:53.188512+00:00,2026-06-19 20:21:23.228019+00:00
d0759507-5063-4cd2-a065-c7de3641136f,failed,2026-06-19 20:20:53.997960+00:00,2026-06-19 20:21:24.005342+00:00
a675290a-1897-4bd7-b28f-5ac80e421ae4,completed,2026-06-19 20:20:54.023496+00:00,2026-06-19 20:21:24.139609+00:00
94d0363a-d4de-4c50-8d58-cde839fc2f50,failed,2026-06-19 20:20:55.473677+00:00,2026-06-19 20:21:25.528925+00:00
4d09eb87-f05a-4a6a-894c-85fdc31d388a,failed,2026-06-19 20:20:55.499556+00:00,2026-06-19 20:21:25.532605+00:00
2c07c5c6-9ce4-4d83-8557-66cbf9f78015,failed,2026-06-19 20:20:56.228519+00:00,2026-06-19 20:21:26.307777+00:00
a599ed07-47ae-4193-9a50-0bca017e5f58,failed,2026-06-19 20:20:57.240357+00:00,2026-06-19 20:21:27.241778+00:00
620ee5ec-13c3-4ef8-affe-f6067d944a42,failed,2026-06-19 20:20:58.058221+00:00,2026-06-19 20:21:28.079258+00:00
04296b5d-dff4-4d00-a39b-9a4ec725a1ab,completed,2026-06-19 20:20:58.266126+00:00,2026-06-19 20:21:28.366531+00:00
6dad16f5-4a30-4132-a3fc-c8f9f7b4b45d,completed,2026-06-19 20:20:59.431341+00:00,2026-06-19 20:21:29.537983+00:00
30e87c73-08e1-4ca3-b903-8aba977e6f86,completed,2026-06-19 20:21:00.984229+00:00,2026-06-19 20:21:30.998867+00:00
1cc8e479-6ce6-4f63-bfdf-d2dadaa2c517,completed,2026-06-19 20:21:08.437517+00:00,2026-06-19 20:21:38.408391+00:00
718fea8c-4104-44f2-a08a-4b23ab2ae0e6,completed,2026-06-19 20:21:14.163458+00:00,2026-06-19 20:21:43.708914+00:00
a738da7a-3110-41c0-83bf-31f9fa2f6059,completed,2026-06-19 20:21:16.838012+00:00,2026-06-19 20:21:46.043547+00:00
0e40c7b7-b64d-4189-925c-6c32c408ed47,completed,2026-06-19 20:20:39.627587+00:00,2026-06-19 20:20:56.726999+00:00
26c7a343-0cd6-4f0e-9ac7-040219a1ff9a,completed,2026-06-19 20:20:41.025501+00:00,2026-06-19 20:20:59.725474+00:00
77c30c66-b934-4204-8376-2148d6568be1,completed,2026-06-19 20:20:42.653272+00:00,2026-06-19 20:21:03.356799+00:00
81b7dc08-2d2e-4ec1-af0d-e51f8100ba48,completed,2026-06-19 20:20:42.783525+00:00,2026-06-19 20:21:03.646169+00:00
44ca00c9-43c1-4125-88e8-c59e7e1cebaf,completed,2026-06-19 20:20:43.949671+00:00,2026-06-19 20:21:06.314863+00:00
fe7ce26c-c0d5-4370-b452-8122e43e6eeb,completed,2026-06-19 20:20:45.348714+00:00,2026-06-19 20:21:09.705933+00:00
f649b6c0-db31-4b44-abff-5af243f2fe70,completed,2026-06-19 20:20:47.209956+00:00,2026-06-19 20:21:14.349269+00:00
204a1731-0ca8-4fae-bc9a-61cec278f492,completed,2026-06-19 20:20:47.754896+00:00,2026-06-19 20:21:15.924551+00:00
e3eb0b82-cc75-4b13-bfa0-19c2c5b49738,completed,2026-06-19 20:20:47.906121+00:00,2026-06-19 20:21:16.380779+00:00
ed6da1a1-6577-4a30-90ce-cefed793614d,completed,2026-06-19 20:20:56.495775+00:00,2026-06-19 20:21:26.640781+00:00
3ddc250b-764c-4264-b860-ec8b086a5386,completed,2026-06-19 20:20:56.682393+00:00,2026-06-19 20:21:26.842098+00:00
ab220b2d-f97b-436b-ad81-d199e2131d19,failed,2026-06-19 20:20:59.534943+00:00,2026-06-19 20:21:29.538606+00:00
07423ca5-27cf-4953-bd98-951d35ac2f68,completed,2026-06-19 20:21:05.286286+00:00,2026-06-19 20:21:35.405952+00:00
82822924-3641-4af3-a5d5-2f4103d9b505,completed,2026-06-19 20:21:10.561668+00:00,2026-06-19 20:21:40.384900+00:00
1cfd2936-ad48-4c4d-9313-8f96894ee793,completed,2026-06-19 20:21:13.563912+00:00,2026-06-19 20:21:43.245183+00:00
274b83d3-41b5-4e5d-a136-f1c39fe0ff3b,completed,2026-06-19 20:21:14.536817+00:00,2026-06-19 20:21:44.135264+00:00
ee2e113e-b6a6-4556-bb21-35affaf755ac,completed,2026-06-19 20:21:14.735981+00:00,2026-06-19 20:21:44.274424+00:00
deb62ab2-481e-4940-94dd-dd77b067b5eb,failed,2026-06-19 20:20:57.294462+00:00,2026-06-19 20:21:27.382213+00:00
88e3e6ca-af78-4db0-8fa5-c70c34243d25,completed,2026-06-19 20:21:04.163765+00:00,2026-06-19 20:21:34.205860+00:00
eae5210f-3eaf-4d1d-90b3-6f0562a1756e,completed,2026-06-19 20:20:57.610083+00:00,2026-06-19 20:21:27.744098+00:00
5f08065b-7292-4bc7-8f16-d26acae43709,completed,2026-06-19 20:20:57.935209+00:00,2026-06-19 20:21:28.068694+00:00
3a94f78e-77c1-47c4-a0cc-027c148d0d36,completed,2026-06-19 20:20:58.395979+00:00,2026-06-19 20:21:28.514476+00:00
8f44fa56-2060-4627-9dfc-030d70994b16,completed,2026-06-19 20:20:58.864145+00:00,2026-06-19 20:21:28.977925+00:00
8921d2c6-4de9-4cd5-8f9b-61eb4ec04aa6,completed,2026-06-19 20:20:59.021262+00:00,2026-06-19 20:21:29.116340+00:00
5e12096d-def1-4b50-9b42-279d17414ec5,completed,2026-06-19 20:20:59.687626+00:00,2026-06-19 20:21:29.691874+00:00
36045256-8af1-415c-9d16-5cb6358ce20a,completed,2026-06-19 20:21:01.462506+00:00,2026-06-19 20:21:31.419926+00:00
2743dd22-b267-4ee1-a907-b5f9e698db34,completed,2026-06-19 20:21:01.313457+00:00,2026-06-19 20:21:31.267199+00:00
439c865c-3ded-47f5-92dc-9d8bd1c884c7,completed,2026-06-19 20:21:01.412900+00:00,2026-06-19 20:21:31.394747+00:00
50f57bfa-23ef-49bb-8849-252cd3ab1828,completed,2026-06-19 20:21:02.361857+00:00,2026-06-19 20:21:32.388280+00:00
6903b025-fb2e-415e-9a46-c0245011960c,completed,2026-06-19 20:21:03.361554+00:00,2026-06-19 20:21:33.446365+00:00
9cf5e9cf-436d-4fed-b744-ee7bfe8fa94b,completed,2026-06-19 20:21:03.663718+00:00,2026-06-19 20:21:33.721651+00:00
a23ef76e-3829-450f-b89f-35c6550c9af5,completed,2026-06-19 20:21:03.811733+00:00,2026-06-19 20:21:33.857869+00:00
6dfde38c-17b2-4e69-b496-88a7e7241622,completed,2026-06-19 20:21:11.760458+00:00,2026-06-19 20:21:41.422260+00:00
e124cefb-8027-4f4e-9c72-39c07c0bcde0,completed,2026-06-19 20:21:04.112083+00:00,2026-06-19 20:21:34.151847+00:00
1b9b5b38-35e0-4dea-ae51-b3e665f08569,completed,2026-06-19 20:21:04.312957+00:00,2026-06-19 20:21:34.349518+00:00
d24955cc-cc5d-497e-8a29-46373d56d017,completed,2026-06-19 20:21:05.713106+00:00,2026-06-19 20:21:35.842315+00:00
222eca80-a7a5-410e-aaab-d50a864b9302,completed,2026-06-19 20:21:06.465968+00:00,2026-06-19 20:21:36.423885+00:00
be0178e7-63e0-4755-815e-83b77574da3d,completed,2026-06-19 20:21:07.611968+00:00,2026-06-19 20:21:37.553679+00:00
44b04421-d66a-48ac-bcbc-608714c0d2a2,completed,2026-06-19 20:21:09.712265+00:00,2026-06-19 20:21:39.565876+00:00
2eddd5bb-3afe-456d-b751-bb9743b13c95,completed,2026-06-19 20:21:10.211647+00:00,2026-06-19 20:21:39.987950+00:00
5111b312-bb79-44d3-b213-f14f831fc45a,completed,2026-06-19 20:21:10.862385+00:00,2026-06-19 20:21:40.669051+00:00
63667fa1-207b-457c-8b99-510a5da22f13,completed,2026-06-19 20:21:11.311194+00:00,2026-06-19 20:21:41.110452+00:00
e6ca8b80-ac3a-4ebc-a7d7-35a7f6b1e4f0,completed,2026-06-19 20:21:11.610760+00:00,2026-06-19 20:21:41.394288+00:00
ccea09b7-9f7e-4bc2-8c09-1a1913c268ef,completed,2026-06-19 20:21:12.211027+00:00,2026-06-19 20:21:41.966387+00:00
f05858e7-117e-457c-bb1a-4afa1c12105f,completed,2026-06-19 20:21:12.361582+00:00,2026-06-19 20:21:42.113263+00:00
f00a2caf-3638-4f94-a514-ad3b54cdf265,completed,2026-06-19 20:21:12.961573+00:00,2026-06-19 20:21:42.647922+00:00
56dfa353-637e-4a25-84b6-8d8ff20162dc,completed,2026-06-19 20:21:13.413970+00:00,2026-06-19 20:21:43.092291+00:00
c083447f-29c8-4d09-9261-1eab651f28eb,failed,2026-06-19 20:20:58.422399+00:00,2026-06-19 20:21:28.443039+00:00
211c7175-f126-470a-bc92-f4c3aa57e158,completed,2026-06-19 20:20:59.251003+00:00,2026-06-19 20:21:29.385979+00:00
df9c85bc-b787-4249-bf43-611cba005b9b,completed,2026-06-19 20:21:09.936398+00:00,2026-06-19 20:21:39.794021+00:00
cf2afd44-d039-48c1-9e62-89e6e9b6d342,completed,2026-06-19 20:20:59.149849+00:00,2026-06-19 20:21:29.259752+00:00
b4fe5d53-99ab-404a-8386-191de2a7836b,completed,2026-06-19 20:20:59.975952+00:00,2026-06-19 20:21:29.986624+00:00
913dc67e-4e64-4bd3-854d-a26d9eae712d,completed,2026-06-19 20:21:00.123032+00:00,2026-06-19 20:21:30.145375+00:00
9c0ad61c-6ae5-423a-8889-58205b9fe81a,completed,2026-06-19 20:21:00.834996+00:00,2026-06-19 20:21:30.861194+00:00
8f73e479-d97d-4fc9-9415-a44db8b5a0c9,completed,2026-06-19 20:21:01.787660+00:00,2026-06-19 20:21:31.717506+00:00
c4739900-238c-4b91-9e6b-b2729282aabe,completed,2026-06-19 20:21:01.988256+00:00,2026-06-19 20:21:32.008145+00:00
151e262e-999c-42d1-83cb-1e35fd19ca3a,completed,2026-06-19 20:21:02.586769+00:00,2026-06-19 20:21:32.595342+00:00
1ea7ffd1-40f7-4d47-a8cd-0f81e18f5387,completed,2026-06-19 20:21:02.886625+00:00,2026-06-19 20:21:32.870333+00:00
16f7e232-dd80-409b-a4af-61df6672bff8,completed,2026-06-19 20:21:03.088745+00:00,2026-06-19 20:21:33.158054+00:00
e98b9d9f-a96d-4472-b245-3c4e508d0822,completed,2026-06-19 20:21:03.237629+00:00,2026-06-19 20:21:33.300604+00:00
b8028057-698c-479a-86d1-7269ef1393f2,completed,2026-06-19 20:21:04.686847+00:00,2026-06-19 20:21:34.705847+00:00
91dee20b-eb77-413b-9b8d-237426fed6ef,completed,2026-06-19 20:21:04.851566+00:00,2026-06-19 20:21:34.843244+00:00
1941643f-9dc9-4f57-885f-74cd35c41262,completed,2026-06-19 20:21:05.686104+00:00,2026-06-19 20:21:35.700796+00:00
b3971d02-9271-4aa6-a177-e209e28e039a,completed,2026-06-19 20:21:06.336394+00:00,2026-06-19 20:21:36.321415+00:00
bbc0b187-0999-4a3c-bfe2-b47f21c2ae02,completed,2026-06-19 20:21:07.036754+00:00,2026-06-19 20:21:36.970630+00:00
246bb13c-33ae-4efa-b10b-c07c53df416e,completed,2026-06-19 20:21:07.386677+00:00,2026-06-19 20:21:37.395235+00:00
be4e3013-dc2c-479d-b727-05a22ab6c742,completed,2026-06-19 20:21:07.536442+00:00,2026-06-19 20:21:37.542643+00:00
8dc899cd-6cc5-4541-815b-48c2cdcb3689,completed,2026-06-19 20:21:07.836802+00:00,2026-06-19 20:21:37.842936+00:00
62eb0e79-7519-4810-a4ac-23c892fe825f,completed,2026-06-19 20:21:08.188159+00:00,2026-06-19 20:21:38.132152+00:00
cd2f9fc2-f387-4eee-b20c-ecdf2c7f50ab,completed,2026-06-19 20:21:08.287176+00:00,2026-06-19 20:21:38.274174+00:00
f9768b9f-e558-422b-afb4-cd53dad4d660,completed,2026-06-19 20:21:08.639331+00:00,2026-06-19 20:21:38.595748+00:00
c7ab2848-076b-4dba-b233-d91c616dea4d,completed,2026-06-19 20:21:12.037902+00:00,2026-06-19 20:21:41.743149+00:00
06e354dc-9ffd-4a72-b723-c32bb146e0f8,completed,2026-06-19 20:21:09.886849+00:00,2026-06-19 20:21:39.705273+00:00
48e240b7-827e-4eff-9df5-9fb2189cdd63,completed,2026-06-19 20:21:11.936640+00:00,2026-06-19 20:21:41.678131+00:00
b80cbef0-7fb0-404d-8f20-8e83dd2a04a3,completed,2026-06-19 20:21:12.339611+00:00,2026-06-19 20:21:42.056666+00:00
1af24102-6697-4b4c-aa62-27ff24043c36,completed,2026-06-19 20:21:13.736246+00:00,2026-06-19 20:21:43.399885+00:00
d0c50ecb-fd3e-4721-b6c0-587532ba3520,completed,2026-06-19 20:21:13.887065+00:00,2026-06-19 20:21:43.545892+00:00
4bece784-802b-4045-b50f-9b9d8b66446f,completed,2026-06-19 20:21:18.509962+00:00,2026-06-19 20:21:47.638873+00:00
89a0c7a2-ded9-4fd9-a7a8-2352f0bfdd88,completed,2026-06-19 20:21:16.565384+00:00,2026-06-19 20:21:45.813878+00:00
bc1ba57b-ab80-4abd-baae-46da7dd7a9d5,completed,2026-06-19 20:21:17.311657+00:00,2026-06-19 20:21:46.474481+00:00
0a96a62a-132e-4316-810d-1d8b73e509e6,completed,2026-06-19 20:21:17.660629+00:00,2026-06-19 20:21:46.798081+00:00
cdce1905-5cf5-467f-a797-b954a7d41576,completed,2026-06-19 20:21:18.161242+00:00,2026-06-19 20:21:47.274527+00:00
b5a329e3-856d-4e9a-a176-75cc0bdeaa11,failed,2026-06-19 20:21:19.961150+00:00,2026-06-19 20:21:50.002224+00:00
f1a9bb5d-f41e-4d4b-8518-b226019b7047,completed,2026-06-19 20:21:18.311808+00:00,2026-06-19 20:21:47.431393+00:00
ba8aecd0-9e4b-4c84-bbc4-8b14e9b8f433,completed,2026-06-19 20:21:18.361466+00:00,2026-06-19 20:21:47.497082+00:00
bedd1480-4b89-4886-9b4d-d290af91f0ff,completed,2026-06-19 20:21:19.113797+00:00,2026-06-19 20:21:48.311801+00:00
2c9fa994-3fcf-4b38-8990-845c474be693,completed,2026-06-19 20:21:19.161150+00:00,2026-06-19 20:21:48.470787+00:00
2af155ef-e018-4a03-ab03-ff632a239698,completed,2026-06-19 20:21:19.311688+00:00,2026-06-19 20:21:48.845714+00:00
cce05a1e-515b-47d1-b345-a64e9c0f3f30,completed,2026-06-19 20:21:19.411105+00:00,2026-06-19 20:21:49.130945+00:00
fe6970d6-e402-49cc-b032-98f57f77c52e,completed,2026-06-19 20:21:19.468621+00:00,2026-06-19 20:21:49.268169+00:00
5a015658-fcdc-4f19-b16f-68cbca81e6ea,completed,2026-06-19 20:21:19.514069+00:00,2026-06-19 20:21:49.429187+00:00
e39d1b70-fbe6-48f0-a2ff-e3077cc8ea5a,completed,2026-06-19 20:21:19.612169+00:00,2026-06-19 20:21:49.578442+00:00
2108ca1b-b3d8-466f-883f-24b263e5c577,completed,2026-06-19 20:21:19.861019+00:00,2026-06-19 20:21:49.998887+00:00
b36dac59-a921-4c98-91d7-5bc9440cb846,failed,2026-06-19 20:21:20.063124+00:00,2026-06-19 20:21:50.139475+00:00
21bcd10c-288e-4bb9-b452-ada3292b8b45,failed,2026-06-19 20:21:20.111066+00:00,2026-06-19 20:21:50.146212+00:00
08b07c8f-cc20-4810-9e5c-38df638be800,failed,2026-06-19 20:21:20.261374+00:00,2026-06-19 20:21:50.301066+00:00
c19e14d3-feb3-4538-830a-a4a1b6d1e602,completed,2026-06-19 20:21:20.162068+00:00,2026-06-19 20:21:50.296222+00:00
f710e18e-b538-4f4f-bdd4-3abcf520d338,failed,2026-06-19 20:21:20.759975+00:00,2026-06-19 20:21:50.785100+00:00
4583d317-fbe1-411c-ae3a-dfbcafc209f7,completed,2026-06-19 20:21:20.311675+00:00,2026-06-19 20:21:50.463085+00:00
9f51c599-ae86-44bd-8e1a-820076eb0d25,failed,2026-06-19 20:21:21.210650+00:00,2026-06-19 20:21:51.261714+00:00
9d542ae3-40e4-4449-a007-44d34903715f,failed,2026-06-19 20:21:21.512156+00:00,2026-06-19 20:21:51.580264+00:00
8b9f797b-f881-47a6-b69e-bf56e29470a2,completed,2026-06-19 20:21:21.460950+00:00,2026-06-19 20:21:51.575810+00:00
b294b084-d23d-440f-8fce-98ec46c0b933,failed,2026-06-19 20:21:21.560229+00:00,2026-06-19 20:21:51.588211+00:00
7282a896-7b8a-453d-a950-4d1e23527b69,failed,2026-06-19 20:21:21.711159+00:00,2026-06-19 20:21:51.737653+00:00
4bc9e67d-f985-4b8a-9ec2-de2914984068,completed,2026-06-19 20:21:21.961191+00:00,2026-06-19 20:21:52.103307+00:00
f15e1d98-bd4f-4211-b9ae-068e30200494,failed,2026-06-19 20:21:22.160888+00:00,2026-06-19 20:21:52.201482+00:00
cf294c87-1f6f-4411-aef0-e3a3908ab08d,completed,2026-06-19 20:21:22.110766+00:00,2026-06-19 20:21:52.250946+00:00
254b100a-c8a6-4bbf-8faf-63f8b6d67094,completed,2026-06-19 20:21:15.535517+00:00,2026-06-19 20:21:44.993379+00:00
6debf9eb-989f-4c28-b554-2d6abc6706c5,completed,2026-06-19 20:21:16.439492+00:00,2026-06-19 20:21:45.764552+00:00
66e4e2ee-9c75-4c28-9907-7c3ed3d6b9c3,completed,2026-06-19 20:21:15.487113+00:00,2026-06-19 20:21:44.898161+00:00
0a1be89c-6dfb-43ca-9966-177e23f3ea8c,completed,2026-06-19 20:21:16.141711+00:00,2026-06-19 20:21:45.488795+00:00
ebc9ab3e-6083-49f8-8d22-e32c14c342d1,failed,2026-06-19 20:21:20.085670+00:00,2026-06-19 20:21:50.143000+00:00
94ad46ad-0aa1-4cd6-a3aa-a62a161433ef,completed,2026-06-19 20:21:16.387598+00:00,2026-06-19 20:21:45.646740+00:00
ebfb1419-10fe-4550-a624-b81ae1c9645b,completed,2026-06-19 20:21:17.287803+00:00,2026-06-19 20:21:46.458720+00:00
10cab307-f7c1-433b-9a65-513dd3459b3b,completed,2026-06-19 20:21:16.735344+00:00,2026-06-19 20:21:45.961547+00:00
8c56932b-ad26-4bc0-bf0d-9a42430401aa,completed,2026-06-19 20:21:17.786979+00:00,2026-06-19 20:21:46.928848+00:00
bfd334cd-1b20-4266-8745-ad54ce7eba24,completed,2026-06-19 20:21:18.835306+00:00,2026-06-19 20:21:47.939254+00:00
349a5c4e-31ea-4634-8da3-016f62776268,completed,2026-06-19 20:21:18.986027+00:00,2026-06-19 20:21:48.101644+00:00
e9cfabce-cf9e-4f46-9544-3a951e44aa38,completed,2026-06-19 20:21:19.235392+00:00,2026-06-19 20:21:48.702181+00:00
2c5df768-68f1-47b6-9ad2-08f9f5a96b98,completed,2026-06-19 20:21:19.341849+00:00,2026-06-19 20:21:48.921168+00:00
27d596d1-2ac8-449e-b861-2cbab067d3e6,completed,2026-06-19 20:21:19.441977+00:00,2026-06-19 20:21:49.216683+00:00
9dd4d57c-465c-41cf-bc41-3f0601ad9bbe,completed,2026-06-19 20:21:19.535812+00:00,2026-06-19 20:21:49.524284+00:00
a6c23753-88f3-4d97-b2fa-67a10a655368,failed,2026-06-19 20:21:20.137626+00:00,2026-06-19 20:21:50.150315+00:00
de078a64-14e3-4b5d-b3db-30e0497f2174,failed,2026-06-19 20:21:20.236166+00:00,2026-06-19 20:21:50.300213+00:00
37a018ef-ef5f-4ac7-835d-cd8a633653ff,completed,2026-06-19 20:21:20.188986+00:00,2026-06-19 20:21:50.297321+00:00
d19cd9ba-7505-43c5-9171-7a56bc283a9b,failed,2026-06-19 20:21:20.435517+00:00,2026-06-19 20:21:50.467721+00:00
cfdc13e2-4db8-44cb-a69b-96a8873a484a,completed,2026-06-19 20:21:20.335779+00:00,2026-06-19 20:21:50.459533+00:00
30e7903d-c1e0-4b06-8f4c-a7001ac950b6,failed,2026-06-19 20:21:20.737867+00:00,2026-06-19 20:21:50.781758+00:00
ecc1b631-ccd7-4fa7-bfcf-ad49eff3bb92,failed,2026-06-19 20:21:20.886553+00:00,2026-06-19 20:21:50.943229+00:00
6b38bafc-a896-4d69-a772-deb3aa24e00b,completed,2026-06-19 20:21:21.636658+00:00,2026-06-19 20:21:51.730965+00:00
ecf1b5ba-e5c0-466e-b75b-8dc3dfd35d7b,completed,2026-06-19 20:21:21.285433+00:00,2026-06-19 20:21:51.448002+00:00
79030b2c-b146-49dc-973d-60ec66a096f8,failed,2026-06-19 20:21:21.686964+00:00,2026-06-19 20:21:51.734434+00:00
f4a0df04-bb3c-4c83-9b12-b5f132482eea,completed,2026-06-19 20:21:21.486593+00:00,2026-06-19 20:21:51.637234+00:00
93e7440f-ec5f-4369-b750-fdb14aa83cac,failed,2026-06-19 20:21:21.734995+00:00,2026-06-19 20:21:51.740635+00:00
8f637d53-b3cc-49cc-b330-1fc442bb5675,failed,2026-06-19 20:21:21.985761+00:00,2026-06-19 20:21:52.048671+00:00
9a0b14ad-cff7-4d44-825a-c27b5c9db8d9,completed,2026-06-19 20:21:21.794290+00:00,2026-06-19 20:21:51.949700+00:00
7a81ea83-4a85-4dcc-a68e-c6793eac3bd8,failed,2026-06-19 20:21:22.035635+00:00,2026-06-19 20:21:52.056273+00:00
e7fca652-c2b6-4f34-88dd-c8448ed53386,failed,2026-06-19 20:21:22.336717+00:00,2026-06-19 20:21:52.363876+00:00
2ddc7fdf-ff65-464c-907f-444e08f56571,failed,2026-06-19 20:21:22.486107+00:00,2026-06-19 20:21:52.526967+00:00
346af510-52a2-49b9-8e71-2fc8b33fbbe8,failed,2026-06-19 20:21:22.886658+00:00,2026-06-19 20:21:52.895482+00:00
de61b971-0c68-48f4-9f5c-31060e04c88c,failed,2026-06-19 20:21:22.635864+00:00,2026-06-19 20:21:52.689627+00:00
2dbbf20b-08ef-4f7b-8158-76336e265ecb,completed,2026-06-19 20:21:22.586974+00:00,2026-06-19 20:21:52.747914+00:00
821e0eb3-ac9e-47f4-ba13-628f3dc6f7c5,failed,2026-06-19 20:21:23.088680+00:00,2026-06-19 20:21:53.141287+00:00
eb8df818-e0a6-4a29-829b-fbdb8107d4ff,failed,2026-06-19 20:21:23.239989+00:00,2026-06-19 20:21:53.304787+00:00
53400404-54d4-4246-82c2-83518b1a005a,failed,2026-06-19 20:21:23.586887+00:00,2026-06-19 20:21:53.617649+00:00
e3027c95-ddc8-43ad-b1fc-0ce89ff56a24,completed,2026-06-19 20:21:23.336879+00:00,2026-06-19 20:21:53.455909+00:00
d9599a76-46c5-41b0-a38e-7cb36a6f20d4,completed,2026-06-19 20:21:23.484931+00:00,2026-06-19 20:21:53.609297+00:00
d7ecc91b-15a1-424e-a0c4-e51559d9e8a3,failed,2026-06-19 20:21:23.685861+00:00,2026-06-19 20:21:53.765350+00:00
c23b64eb-508e-49f5-a4ad-289c6dfd7cff,failed,2026-06-19 20:21:24.089450+00:00,2026-06-19 20:21:54.092682+00:00
2db81093-c155-46cf-916d-eb224c2024c7,failed,2026-06-19 20:21:24.186153+00:00,2026-06-19 20:21:54.237590+00:00
42b5f810-974d-44b5-b990-e411fde4e9f3,failed,2026-06-19 20:21:24.785298+00:00,2026-06-19 20:21:54.864703+00:00
d8144f0f-7ece-47fc-bdcd-16460e456271,completed,2026-06-19 20:21:24.285775+00:00,2026-06-19 20:21:54.421987+00:00
d90d05ac-7a5d-4573-9cff-60072eb22936,failed,2026-06-19 20:21:25.835662+00:00,2026-06-19 20:21:55.926704+00:00
dc252e39-860a-4e02-bad7-b93236e563de,completed,2026-06-19 20:21:25.186537+00:00,2026-06-19 20:21:55.312087+00:00
7db84749-d4aa-4e3b-bea0-10e9d51a3236,completed,2026-06-19 20:21:25.789866+00:00,2026-06-19 20:21:55.922664+00:00
422f8803-8894-43d1-ba0f-4b8016c5a5ec,failed,2026-06-19 20:21:25.936501+00:00,2026-06-19 20:21:55.941162+00:00
893ceea0-5f74-4a2a-8874-9658ea9fc554,failed,2026-06-19 20:21:26.385684+00:00,2026-06-19 20:21:56.420828+00:00
1566a998-01d0-45e3-8544-7ed8642533a8,completed,2026-06-19 20:21:26.337118+00:00,2026-06-19 20:21:56.410493+00:00
b2c2f31d-4e48-400a-bb2e-9fe7ad8af659,failed,2026-06-19 20:21:26.537523+00:00,2026-06-19 20:21:56.584012+00:00
2cd68d52-f907-4f2b-ab24-a2d0ece9c58b,failed,2026-06-19 20:21:27.285656+00:00,2026-06-19 20:21:57.352272+00:00
a1a62b63-e3d8-4ff3-9d16-1a33901ff9d1,completed,2026-06-19 20:21:26.635491+00:00,2026-06-19 20:21:56.752719+00:00
becb2ee9-85dd-4ba0-a5cb-cc0735a202aa,failed,2026-06-19 20:21:27.037628+00:00,2026-06-19 20:21:57.046387+00:00
96012e08-6df3-42b3-bfa3-104e38c8270c,completed,2026-06-19 20:21:26.935025+00:00,2026-06-19 20:21:57.059280+00:00
e59008af-8d56-4f27-a1ec-f504794e800a,failed,2026-06-19 20:21:27.334890+00:00,2026-06-19 20:21:57.357698+00:00
29e1c0bf-f470-4a94-acdb-608c20fbe480,failed,2026-06-19 20:21:27.786567+00:00,2026-06-19 20:21:57.820272+00:00
c9a08870-ed61-489b-8acf-dce202a8de79,completed,2026-06-19 20:21:27.835936+00:00,2026-06-19 20:21:57.977096+00:00
7c6cb66b-1468-46de-806f-86896dc51dee,completed,2026-06-19 20:21:28.185720+00:00,2026-06-19 20:21:58.293362+00:00
7146205b-4536-48c8-bb54-9cebe3d2fe56,failed,2026-06-19 20:21:22.811817+00:00,2026-06-19 20:21:52.839966+00:00
0f54dffb-5f97-44c9-b271-0fc17c301046,failed,2026-06-19 20:21:22.960089+00:00,2026-06-19 20:21:52.994649+00:00
0ab19c11-ccdd-4cfe-8f30-7e5247088005,failed,2026-06-19 20:21:23.111725+00:00,2026-06-19 20:21:53.144926+00:00
47fed4ee-82f8-49e1-a588-2a7ee4b94d9a,failed,2026-06-19 20:21:23.764500+00:00,2026-06-19 20:21:53.777454+00:00
a491b30a-a5ee-4d7b-912a-6c8742906926,failed,2026-06-19 20:21:24.160835+00:00,2026-06-19 20:21:54.234080+00:00
412d761f-4e2f-416b-9e8e-65b24f7ace5f,failed,2026-06-19 20:21:23.861679+00:00,2026-06-19 20:21:53.921177+00:00
14145113-75a2-4575-aab0-5a05c71bb00c,completed,2026-06-19 20:21:23.810853+00:00,2026-06-19 20:21:53.956664+00:00
5def9ceb-fe43-416a-81a3-d7c81acd7e4e,completed,2026-06-19 20:21:24.110717+00:00,2026-06-19 20:21:54.229287+00:00
7252181d-4821-4563-967b-727af794caa0,failed,2026-06-19 20:21:24.362613+00:00,2026-06-19 20:21:54.398617+00:00
a0bafa23-d611-47a0-94eb-88e4e2bdd8f1,failed,2026-06-19 20:21:24.509996+00:00,2026-06-19 20:21:54.550105+00:00
8d8b8069-1fcd-4e5d-a9f3-7cc2f5331cd9,failed,2026-06-19 20:21:24.659784+00:00,2026-06-19 20:21:54.701269+00:00
f6779445-9515-425e-a785-ebf940b6c4a8,failed,2026-06-19 20:21:24.761198+00:00,2026-06-19 20:21:54.861022+00:00
8e0285f2-1594-420a-ab81-177e11b91357,completed,2026-06-19 20:21:24.715418+00:00,2026-06-19 20:21:54.856955+00:00
af00472d-2fdf-4255-811a-0addce32d5ec,failed,2026-06-19 20:21:24.861770+00:00,2026-06-19 20:21:54.871335+00:00
bae8f1f7-32f2-499a-8bd2-9a48972d85a5,failed,2026-06-19 20:21:25.160375+00:00,2026-06-19 20:21:55.170936+00:00
a8271520-c5e1-4077-81bc-5cd551e66a6a,failed,2026-06-19 20:21:25.259801+00:00,2026-06-19 20:21:55.319382+00:00
1b563d59-1045-46a7-9a38-55ee3a54a15c,failed,2026-06-19 20:21:25.461097+00:00,2026-06-19 20:21:55.471089+00:00
6418f17c-b71a-4ed7-9268-81d1a96b2b46,failed,2026-06-19 20:21:26.014033+00:00,2026-06-19 20:21:56.095090+00:00
c1d56375-669b-40b5-a980-fa9ad44d5709,failed,2026-06-19 20:21:25.860799+00:00,2026-06-19 20:21:55.930003+00:00
c1e3049f-f643-4dc8-bb6c-edec25046098,completed,2026-06-19 20:21:25.810848+00:00,2026-06-19 20:21:55.944612+00:00
1c9f8377-6513-4965-93db-0a4144530c6a,failed,2026-06-19 20:21:26.062466+00:00,2026-06-19 20:21:56.104336+00:00
07e47a5a-5a1e-4817-b826-c5e3caeb1846,failed,2026-06-19 20:21:26.211079+00:00,2026-06-19 20:21:56.263336+00:00
d42338fe-16d6-4293-a912-afb74d137d78,completed,2026-06-19 20:21:26.161436+00:00,2026-06-19 20:21:56.259742+00:00
1e718dd1-6521-483e-a792-1c68ebf59968,failed,2026-06-19 20:21:26.560623+00:00,2026-06-19 20:21:56.589062+00:00
5e99925f-8fef-49b7-a03b-84548c5714ac,failed,2026-06-19 20:21:26.709937+00:00,2026-06-19 20:21:56.738436+00:00
082bd877-e7d4-4e50-89cd-578077717c98,failed,2026-06-19 20:21:26.811566+00:00,2026-06-19 20:21:56.883939+00:00
470619fe-9d9f-403a-ae89-8d869c234add,failed,2026-06-19 20:21:26.983205+00:00,2026-06-19 20:21:57.034532+00:00
df08e519-0ac0-44db-907c-7e68eaef1c50,failed,2026-06-19 20:21:27.264144+00:00,2026-06-19 20:21:57.348711+00:00
e5e3a7bd-20e5-4229-98aa-ea7a0b7c6cac,completed,2026-06-19 20:21:27.065067+00:00,2026-06-19 20:21:57.183060+00:00
a960885a-93de-42c3-9dc7-63e36f1fc38f,completed,2026-06-19 20:21:27.412897+00:00,2026-06-19 20:21:57.509784+00:00
2d2bf66b-80c6-4a2d-a6c9-f0f75c541a60,failed,2026-06-19 20:21:28.060843+00:00,2026-06-19 20:21:58.131686+00:00
cbf5234f-5060-4431-be8d-d5e2f232215d,completed,2026-06-19 20:21:41.260286+00:00,2026-06-19 20:22:11.275691+00:00
c68348ae-934d-4d48-be60-5715af6d9ae8,completed,2026-06-19 20:21:28.460333+00:00,2026-06-19 20:21:58.450588+00:00
9ad09655-4f04-4c07-b0f3-bd88f7df3329,completed,2026-06-19 20:21:29.863851+00:00,2026-06-19 20:21:59.932961+00:00
5e70cbf2-a76c-459b-a84c-2bc3e8318523,completed,2026-06-19 20:21:30.459477+00:00,2026-06-19 20:22:00.521567+00:00
29cc8ccf-ca51-4e5d-ae5b-d277aae3d1ce,completed,2026-06-19 20:21:31.165033+00:00,2026-06-19 20:22:01.268596+00:00
45e02752-7975-48f7-af55-c206161e728d,completed,2026-06-19 20:21:31.410889+00:00,2026-06-19 20:22:01.414012+00:00
4654343f-703d-4318-ac85-59098b1aa821,completed,2026-06-19 20:21:31.560389+00:00,2026-06-19 20:22:01.573211+00:00
a22d67ef-33d0-4bdb-b0fc-c897ee69f531,completed,2026-06-19 20:21:32.559667+00:00,2026-06-19 20:22:02.569135+00:00
2ebbb398-7ad9-442d-bf91-7e96194628d7,completed,2026-06-19 20:21:33.310407+00:00,2026-06-19 20:22:03.298207+00:00
e1b48fb0-fbd6-422d-beb4-ce812ef4c85c,completed,2026-06-19 20:21:34.009668+00:00,2026-06-19 20:22:04.032122+00:00
3ad6234a-dc97-4def-89f0-7672615bcf81,completed,2026-06-19 20:21:34.810301+00:00,2026-06-19 20:22:04.796182+00:00
db44909f-d282-4cad-a61d-c15b8d6b325f,completed,2026-06-19 20:21:34.960223+00:00,2026-06-19 20:22:04.932846+00:00
a47ce9a3-1ef5-409f-bbda-c8f32d2eaaa2,completed,2026-06-19 20:21:35.860994+00:00,2026-06-19 20:22:05.814896+00:00
ddabbe74-dc9e-4b38-9c79-2403e0181483,completed,2026-06-19 20:21:36.959929+00:00,2026-06-19 20:22:07.003880+00:00
a4e9b8f8-1945-4c6b-a8dd-d060c962ddb5,completed,2026-06-19 20:21:36.712754+00:00,2026-06-19 20:22:06.719400+00:00
065af06b-88ab-4cb3-b30d-312b5bb61812,completed,2026-06-19 20:21:37.709655+00:00,2026-06-19 20:22:07.763444+00:00
e126591d-269f-44bb-bc12-63ac8c7d4c0f,completed,2026-06-19 20:21:37.860169+00:00,2026-06-19 20:22:07.934898+00:00
c2aef2d2-b149-4374-9575-5736f8da3821,completed,2026-06-19 20:21:38.309162+00:00,2026-06-19 20:22:08.402928+00:00
a084ada5-83ea-4332-8654-45e5214bec97,completed,2026-06-19 20:21:41.160040+00:00,2026-06-19 20:22:11.252209+00:00
a8799bf1-16b0-4ea5-93be-9f57900fdc2e,completed,2026-06-19 20:21:41.913076+00:00,2026-06-19 20:22:11.967597+00:00
adfa616c-c38c-4831-b532-43bb5f7f757f,completed,2026-06-19 20:21:42.359066+00:00,2026-06-19 20:22:12.400737+00:00
872b0343-f3b8-467c-a922-55a7f9078497,completed,2026-06-19 20:21:42.808898+00:00,2026-06-19 20:22:12.856805+00:00
291cd3bd-5ec1-4b4e-b211-8b2d12456bcc,completed,2026-06-19 20:21:42.961584+00:00,2026-06-19 20:22:12.998649+00:00
ff8be9d9-f06b-413b-b257-c8e5e84ee15b,completed,2026-06-19 20:21:43.259147+00:00,2026-06-19 20:22:13.274410+00:00
bda0fd74-da4c-4ad4-965d-ebfee1796cac,completed,2026-06-19 20:21:43.409211+00:00,2026-06-19 20:22:13.408173+00:00
24609fd6-be04-48b9-8fad-3f99aa82fbb2,completed,2026-06-19 20:21:43.858518+00:00,2026-06-19 20:22:13.846737+00:00
6e8d2914-f5db-4bc5-a5a0-8fd4a808c05e,completed,2026-06-19 20:21:44.015620+00:00,2026-06-19 20:22:13.994363+00:00
dbbd723d-fae5-4a1f-9feb-c2657254e332,completed,2026-06-19 20:21:44.859666+00:00,2026-06-19 20:22:14.839086+00:00
e39becfa-efd3-41f6-958c-a2f2951a3a0a,completed,2026-06-19 20:21:45.159921+00:00,2026-06-19 20:22:15.120714+00:00
1845c596-90d6-48e0-ac92-6a794bbb143d,completed,2026-06-19 20:21:29.285132+00:00,2026-06-19 20:21:59.350072+00:00
fcffbc8d-e110-4274-bda1-a56ff7880b5c,completed,2026-06-19 20:21:28.537668+00:00,2026-06-19 20:21:58.601004+00:00
075b8f5b-5d16-4de5-86f0-c64dbea4a46c,completed,2026-06-19 20:21:28.684742+00:00,2026-06-19 20:21:58.761109+00:00
eb58d8b9-f74c-4d1a-9f5e-4d9b2fc4fa8c,completed,2026-06-19 20:21:36.434180+00:00,2026-06-19 20:22:06.429094+00:00
d90be5e8-3a1b-4c53-b822-10e5c6ddb796,completed,2026-06-19 20:21:29.235511+00:00,2026-06-19 20:21:59.270715+00:00
cff1473a-e8dd-4964-8596-3cbd13458b6b,completed,2026-06-19 20:21:30.335504+00:00,2026-06-19 20:22:00.379795+00:00
cdf06b7b-05d6-444c-b184-7e464e446384,completed,2026-06-19 20:21:31.084143+00:00,2026-06-19 20:22:01.118120+00:00
5cf4570c-1885-4d27-88c0-822faf6d9f74,completed,2026-06-19 20:21:30.734958+00:00,2026-06-19 20:22:00.811325+00:00
bda46349-bbea-473a-abc7-403e4ebba41c,completed,2026-06-19 20:21:31.585830+00:00,2026-06-19 20:22:01.711952+00:00
3d12e42e-ba16-40ed-982d-743d856900d2,completed,2026-06-19 20:21:31.935591+00:00,2026-06-19 20:22:01.989999+00:00
2e6811d0-cc69-4ad2-b009-92c64e5385e5,completed,2026-06-19 20:21:32.234854+00:00,2026-06-19 20:22:02.278726+00:00
67bd48a3-be24-4e71-ae08-0dd868743d62,completed,2026-06-19 20:21:32.485704+00:00,2026-06-19 20:22:02.413244+00:00
a1e0f754-3d38-498b-9487-670a25aef65e,completed,2026-06-19 20:21:32.734167+00:00,2026-06-19 20:22:02.713744+00:00
6eb389e9-d7d3-491f-b653-59c8aa8a1c27,completed,2026-06-19 20:21:34.435058+00:00,2026-06-19 20:22:04.476019+00:00
8651e57e-6e9c-4723-867d-103dc2080ea2,completed,2026-06-19 20:21:34.985320+00:00,2026-06-19 20:22:05.031895+00:00
ee30e46c-5163-482b-952e-d54ff1e43cac,completed,2026-06-19 20:21:35.585040+00:00,2026-06-19 20:22:05.630625+00:00
07327b7c-ac02-412d-af01-1324bc421540,completed,2026-06-19 20:21:35.737098+00:00,2026-06-19 20:22:05.777314+00:00
d5642301-27af-401c-b614-a239866aaf42,completed,2026-06-19 20:21:40.389992+00:00,2026-06-19 20:22:10.521640+00:00
0c19472e-2b3f-4b8c-b7a0-3758cb093053,completed,2026-06-19 20:21:36.334168+00:00,2026-06-19 20:22:06.364465+00:00
29624479-514c-4e60-9cd8-6a70022579bd,completed,2026-06-19 20:21:36.984854+00:00,2026-06-19 20:22:07.008098+00:00
1fef45e0-45f7-4158-9bc4-a07a8bbe9046,completed,2026-06-19 20:21:37.134297+00:00,2026-06-19 20:22:07.156219+00:00
82c8171b-f98d-4d35-93ea-aa57dae4dd4e,completed,2026-06-19 20:21:37.734106+00:00,2026-06-19 20:22:07.804927+00:00
0b9c262b-7221-4e0b-b99d-b3ddf8fd17b9,completed,2026-06-19 20:21:37.885161+00:00,2026-06-19 20:22:07.946024+00:00
e5a07edf-0f93-41c4-afc7-8ffce858a088,completed,2026-06-19 20:21:39.299846+00:00,2026-06-19 20:22:09.398743+00:00
89119f57-65de-4901-83fc-83a96c071530,completed,2026-06-19 20:21:39.583531+00:00,2026-06-19 20:22:09.674376+00:00
8bb24778-e8eb-4bad-8166-2dbcf304d427,completed,2026-06-19 20:21:40.135774+00:00,2026-06-19 20:22:10.252891+00:00
fadc1133-4a4c-4698-b8d9-ea9850831b56,completed,2026-06-19 20:21:40.235271+00:00,2026-06-19 20:22:10.362547+00:00
f39b0595-8c26-44a2-bf1c-65cfb057eb65,completed,2026-06-19 20:21:40.286995+00:00,2026-06-19 20:22:10.390721+00:00
bf4a77ab-a1ed-42c4-a44f-ca0d753064c2,failed,2026-06-19 20:21:40.683727+00:00,2026-06-19 20:22:10.688123+00:00
9325ddfa-3ce0-47d8-97d5-78c84f05961d,completed,2026-06-19 20:21:40.537164+00:00,2026-06-19 20:22:10.690682+00:00
3ec2e359-c776-4b1f-99f5-cceef24a75de,completed,2026-06-19 20:21:18.461666+00:00,2026-06-19 20:21:47.585194+00:00
41ee588b-f8cb-45ea-ad42-838d2a52203f,completed,2026-06-19 20:21:19.685355+00:00,2026-06-19 20:21:49.833154+00:00
2b12b6ec-d5ec-450d-bb0f-9967a9ee9e5e,failed,2026-06-19 20:21:19.810120+00:00,2026-06-19 20:21:49.842267+00:00
e2bf71b7-3165-4e8c-b1c7-67debed8a812,completed,2026-06-19 20:21:41.433209+00:00,2026-06-19 20:22:11.540656+00:00
4282dc8c-bd64-4091-81af-1d54380ba6c9,completed,2026-06-19 20:21:41.684582+00:00,2026-06-19 20:22:11.705165+00:00
f25ce50c-ba62-4e91-9be1-e93ce4237a2b,completed,2026-06-19 20:21:42.433913+00:00,2026-06-19 20:22:12.433238+00:00
1dd43f95-c09f-4c94-980a-3686169f5e79,completed,2026-06-19 20:21:42.083583+00:00,2026-06-19 20:22:12.121446+00:00
c735243a-25e4-464f-b9cc-b2ae5ac021ef,completed,2026-06-19 20:21:42.586110+00:00,2026-06-19 20:22:12.586516+00:00
8d854a2d-3642-40f2-bfa0-e3b811d9352f,completed,2026-06-19 20:21:42.885969+00:00,2026-06-19 20:22:12.872529+00:00
ce4a964f-cc5d-4b7b-9ff3-a344120eebcc,completed,2026-06-19 20:21:44.034709+00:00,2026-06-19 20:22:14.025922+00:00
29c2145e-b350-4706-9adb-9099def30031,completed,2026-06-19 20:21:44.285034+00:00,2026-06-19 20:22:14.267484+00:00
d9a5fc66-4dbc-437c-9369-0d5bc2c8f4e8,completed,2026-06-19 20:21:45.190348+00:00,2026-06-19 20:22:15.229818+00:00
8553de4c-25e4-4369-80b6-0adb92428e96,completed,2026-06-19 20:21:45.485911+00:00,2026-06-19 20:22:15.404117+00:00
91f2a575-2fb4-4f6a-8207-44f740860cfb,completed,2026-06-19 20:21:46.334659+00:00,2026-06-19 20:22:16.258763+00:00
0ebf61c5-e7db-4cb0-bbb9-58b54b406894,completed,2026-06-19 20:21:45.785830+00:00,2026-06-19 20:22:15.689883+00:00
e02c9cbe-4e2a-48b4-9e70-f6373ab298e3,completed,2026-06-19 20:21:46.135494+00:00,2026-06-19 20:22:16.119798+00:00
a99fd554-bbbd-40b0-a8d3-417a4c69986d,completed,2026-06-19 20:21:46.284299+00:00,2026-06-19 20:22:16.246878+00:00
cf7db4b1-73fc-4265-bd74-bc9c5d582124,completed,2026-06-19 20:21:46.485305+00:00,2026-06-19 20:22:16.416773+00:00
e4a6e795-ed49-497a-868d-b33a2114fef5,completed,2026-06-19 20:21:47.112510+00:00,2026-06-19 20:22:17.009042+00:00
faa10d02-9a2d-4751-8496-fe7825b412e5,completed,2026-06-19 20:21:46.960202+00:00,2026-06-19 20:22:16.846029+00:00
2926ce45-82ba-4070-94df-29846fdd1537,completed,2026-06-19 20:21:47.084483+00:00,2026-06-19 20:22:16.950181+00:00
68113e00-4fc1-4477-9707-c342a64a7d8f,completed,2026-06-19 20:21:47.461497+00:00,2026-06-19 20:22:17.316833+00:00
0fc5e7e0-b469-4ccc-ad02-55e12ebe2586,completed,2026-06-19 20:21:47.909700+00:00,2026-06-19 20:22:17.744313+00:00
f110a4a0-daa8-4285-ab26-bd8a2ba5687a,completed,2026-06-19 20:21:48.260255+00:00,2026-06-19 20:22:18.052379+00:00
7fd078c5-213e-49a1-9b9e-f58df2a53940,completed,2026-06-19 20:21:48.484903+00:00,2026-06-19 20:22:18.306261+00:00
464c5d05-b89d-4590-906c-35240b46e554,completed,2026-06-19 20:21:48.709559+00:00,2026-06-19 20:22:18.483858+00:00
f4f8fe8b-aea0-4480-9eb4-dd320e3b36ae,completed,2026-06-19 20:21:48.859200+00:00,2026-06-19 20:22:18.625737+00:00
27bf312e-9555-48ce-9402-b653c3fd825b,completed,2026-06-19 20:21:49.584233+00:00,2026-06-19 20:22:19.350287+00:00
a1103b0a-abd7-4c85-89bd-6ce36372b476,completed,2026-06-19 20:21:49.735402+00:00,2026-06-19 20:22:19.486734+00:00
506fc745-19d5-4e94-b209-f4dcad2bcbe7,completed,2026-06-19 20:21:49.858648+00:00,2026-06-19 20:22:19.622426+00:00
98e3ac99-aea4-4e09-8935-88fb2aacf5c1,completed,2026-06-19 20:21:50.060904+00:00,2026-06-19 20:22:20.185665+00:00
932c535d-571b-4f57-9798-976285968080,failed,2026-06-19 20:21:50.309063+00:00,2026-06-19 20:22:20.338980+00:00
1dc4d735-f506-4723-85f6-f73f1ef0d78f,failed,2026-06-19 20:21:50.911760+00:00,2026-06-19 20:22:20.948639+00:00
e6e9eabf-a679-4d0e-abe7-f731369f1047,failed,2026-06-19 20:21:50.560098+00:00,2026-06-19 20:22:20.621135+00:00
2be55845-5de6-4022-a79d-6ad9bb86edd4,completed,2026-06-19 20:21:50.508850+00:00,2026-06-19 20:22:20.640577+00:00
57e3cca4-f240-48b6-a53f-984f4cf2585d,failed,2026-06-19 20:21:51.059451+00:00,2026-06-19 20:22:21.113702+00:00
4ca8d8ce-2360-4218-803e-291332d2e781,completed,2026-06-19 20:21:50.960590+00:00,2026-06-19 20:22:21.105731+00:00
347b6f35-afaf-4365-9d19-0a43d21df2fc,failed,2026-06-19 20:21:52.208943+00:00,2026-06-19 20:22:22.277819+00:00
753d3ddf-7428-4dcb-9fca-53ef95906d15,completed,2026-06-19 20:21:51.859517+00:00,2026-06-19 20:22:21.983340+00:00
1c249e49-5dfb-483f-bf2a-f747712baf57,completed,2026-06-19 20:21:52.008838+00:00,2026-06-19 20:22:22.127168+00:00
5e94630e-b0ec-47a0-b556-ea5eb8b32013,failed,2026-06-19 20:21:52.410212+00:00,2026-06-19 20:22:22.440915+00:00
4a67197d-bbe4-49d9-ab02-5a8ad7f4dd0f,failed,2026-06-19 20:21:52.758950+00:00,2026-06-19 20:22:22.762678+00:00
ad4a1d06-a3f0-4592-b608-0f9079e956a4,failed,2026-06-19 20:21:52.559441+00:00,2026-06-19 20:22:22.600439+00:00
d0b655a7-a9a1-432b-9d0c-e8b9d9a00ec5,completed,2026-06-19 20:21:52.460264+00:00,2026-06-19 20:22:22.614739+00:00
ab401857-60d0-4bb9-912e-83507f40e779,failed,2026-06-19 20:21:53.060049+00:00,2026-06-19 20:22:23.071824+00:00
00b7128b-8c71-4b5a-8bcd-0fa4e1f4122c,failed,2026-06-19 20:21:53.209202+00:00,2026-06-19 20:22:23.219531+00:00
3a701850-1f9a-45b6-b31d-6dd477c88cff,failed,2026-06-19 20:21:53.959600+00:00,2026-06-19 20:22:23.970536+00:00
9c5d85c9-2ad1-480e-8a56-71003a73bf26,completed,2026-06-19 20:21:53.709676+00:00,2026-06-19 20:22:23.826428+00:00
4dd8c03e-322f-4085-b856-73ba36358fd6,failed,2026-06-19 20:21:54.160890+00:00,2026-06-19 20:22:24.251930+00:00
11c4f9f2-bb37-4805-a589-3644402ee9c8,completed,2026-06-19 20:21:54.109333+00:00,2026-06-19 20:22:24.248195+00:00
0938aaac-646e-4f43-8747-1376b1dc415a,failed,2026-06-19 20:21:54.209349+00:00,2026-06-19 20:22:24.258322+00:00
91923f07-954f-4438-8841-aa29cd1d2d3f,failed,2026-06-19 20:21:54.262416+00:00,2026-06-19 20:22:24.266014+00:00
114ac32e-f575-42ae-8cd7-f8ec5ca37194,failed,2026-06-19 20:21:54.508796+00:00,2026-06-19 20:22:24.563351+00:00
64cc5aa9-2945-42f5-8d7b-b9643605b14b,failed,2026-06-19 20:21:54.959699+00:00,2026-06-19 20:22:24.998973+00:00
0d95d4d6-49b3-4d97-a356-b24d328f21b1,failed,2026-06-19 20:21:55.660225+00:00,2026-06-19 20:22:25.733646+00:00
07ff092b-8d37-4545-8ecb-ff15bdea3c4d,completed,2026-06-19 20:21:55.168860+00:00,2026-06-19 20:22:25.282026+00:00
7fb2e77c-37e4-4364-90cc-919072e757c8,completed,2026-06-19 20:21:55.459786+00:00,2026-06-19 20:22:25.594879+00:00
4d89c98b-cd66-4f10-8c2d-369ef70c9d5b,failed,2026-06-19 20:21:56.059233+00:00,2026-06-19 20:22:26.065285+00:00
9c3d5220-a479-41b1-8c23-c133d4b01ae9,completed,2026-06-19 20:21:55.811875+00:00,2026-06-19 20:22:25.942040+00:00
adeb9e2f-b158-46ae-be2e-2a710a64bc41,failed,2026-06-19 20:21:56.159346+00:00,2026-06-19 20:22:26.222351+00:00
c74309ad-d550-49b6-b2ce-5eda28539bf0,failed,2026-06-19 20:21:56.359791+00:00,2026-06-19 20:22:26.381128+00:00
bf657cbb-bc08-4d86-841f-ce5ccc374517,failed,2026-06-19 20:21:21.086550+00:00,2026-06-19 20:21:51.103263+00:00
c82fca03-7984-4b51-a98d-e6c9037fa0a3,failed,2026-06-19 20:21:22.661516+00:00,2026-06-19 20:21:52.693183+00:00
d4725b1f-1656-4c11-ab11-bb1272327ffa,completed,2026-06-19 20:21:22.760923+00:00,2026-06-19 20:21:52.836243+00:00
0ba2f39c-b7ef-4f2c-8f14-f67f60f15041,failed,2026-06-19 20:21:23.139037+00:00,2026-06-19 20:21:53.149059+00:00
deb666a5-545e-444d-81e5-f1a119e6aeaa,failed,2026-06-19 20:21:24.635789+00:00,2026-06-19 20:21:54.697988+00:00
3272a823-e14c-4873-bf92-ccc771b0dbdd,failed,2026-06-19 20:21:50.335879+00:00,2026-06-19 20:22:20.342713+00:00
4f482643-9414-4dc3-8c9d-4e24344cbbfe,completed,2026-06-19 20:21:50.234924+00:00,2026-06-19 20:22:20.327098+00:00
bad72824-ab64-4fe9-b142-eef2c4d64f05,completed,2026-06-19 20:21:50.485372+00:00,2026-06-19 20:22:20.612964+00:00
d43d6b58-2b70-4aac-9d36-d78d9bea305c,failed,2026-06-19 20:21:50.585512+00:00,2026-06-19 20:22:20.624622+00:00
103f96ce-565a-46ab-aad9-adc433210d22,failed,2026-06-19 20:21:50.685682+00:00,2026-06-19 20:22:20.784720+00:00
528d1443-7e49-4123-ab72-a52e0c58c150,failed,2026-06-19 20:21:50.784215+00:00,2026-06-19 20:22:20.791930+00:00
3b8f5c64-4cb4-4c55-a1d7-a5bf0bf1a8ff,failed,2026-06-19 20:21:51.384910+00:00,2026-06-19 20:22:21.413221+00:00
3a9439aa-8363-4f7b-a092-5eb0b97b6b71,completed,2026-06-19 20:21:50.983621+00:00,2026-06-19 20:22:21.105842+00:00
60e219c4-13bb-450e-b951-64e1327b3ec3,failed,2026-06-19 20:21:51.484622+00:00,2026-06-19 20:22:21.548515+00:00
f23b0765-f3b8-4d39-99c8-c5145d5380d2,failed,2026-06-19 20:21:51.534282+00:00,2026-06-19 20:22:21.555916+00:00
f71d6a34-cf75-4e2b-82f7-73c3b5b80645,failed,2026-06-19 20:21:52.234945+00:00,2026-06-19 20:22:22.280929+00:00
6b7bb55c-62a3-46f6-a497-fd84a495600e,failed,2026-06-19 20:21:52.436526+00:00,2026-06-19 20:22:22.443690+00:00
3ab6b4fb-7d5e-4087-b5fa-c5e11da3278b,completed,2026-06-19 20:21:52.284838+00:00,2026-06-19 20:22:22.432238+00:00
5aa102f8-aee9-4ca4-93d0-d96ce3288d34,failed,2026-06-19 20:21:53.188651+00:00,2026-06-19 20:22:23.215835+00:00
2320c2ab-95dc-4079-89db-4f4b6ef88898,completed,2026-06-19 20:21:52.784400+00:00,2026-06-19 20:22:22.916897+00:00
f1e47520-e7ac-469e-acc2-3764ccd766a9,failed,2026-06-19 20:21:53.283554+00:00,2026-06-19 20:22:23.360807+00:00
f7b242e5-8abf-43a0-aa7e-150abef88462,failed,2026-06-19 20:21:53.334330+00:00,2026-06-19 20:22:23.368803+00:00
4d39091b-806b-41ac-809e-e8ced6f61cfb,failed,2026-06-19 20:21:53.586285+00:00,2026-06-19 20:22:23.665096+00:00
3c8ec81f-471a-4e6c-86c9-5a2bd55f4d06,failed,2026-06-19 20:21:54.085363+00:00,2026-06-19 20:22:24.108471+00:00
43758a5c-4c94-41df-baf9-ccc7859d5082,failed,2026-06-19 20:21:54.188305+00:00,2026-06-19 20:22:24.255206+00:00
c941535a-cd13-45b0-b272-71d357418d1b,failed,2026-06-19 20:21:54.483999+00:00,2026-06-19 20:22:24.559335+00:00
2d9688b6-fe0b-465d-8526-39a212560e2b,completed,2026-06-19 20:21:54.434102+00:00,2026-06-19 20:22:24.550440+00:00
9c1dc0c3-2783-4ec2-86fd-4257bb873fb4,failed,2026-06-19 20:21:54.983907+00:00,2026-06-19 20:22:24.999607+00:00
1c048f20-bc6b-438c-b633-0332eea13330,completed,2026-06-19 20:21:54.583931+00:00,2026-06-19 20:22:24.707541+00:00
a9e12642-a64f-4d05-89c4-4009d95d01f2,completed,2026-06-19 20:21:54.885883+00:00,2026-06-19 20:22:24.994421+00:00
baa627a9-aaca-4401-844c-66dd11c0e5ae,completed,2026-06-19 20:21:21.109905+00:00,2026-06-19 20:21:51.252638+00:00
fe28e176-4217-46c6-a703-8da9e9e80bec,failed,2026-06-19 20:21:22.086695+00:00,2026-06-19 20:21:52.106865+00:00
8ec4d223-ad3e-4458-835d-dc00e0709a56,completed,2026-06-19 20:21:22.285127+00:00,2026-06-19 20:21:52.410473+00:00
14beef91-de55-424a-ae63-398685aef9fc,completed,2026-06-19 20:21:23.960432+00:00,2026-06-19 20:21:54.093040+00:00
acbb543d-6b35-4035-8584-322a18ceead3,failed,2026-06-19 20:21:26.585315+00:00,2026-06-19 20:21:56.589075+00:00
e2ca8fed-b178-40be-92b3-5253ece117b0,failed,2026-06-19 20:21:28.236252+00:00,2026-06-19 20:21:58.300645+00:00
ec37eede-7e79-4430-b488-3d42200be961,completed,2026-06-19 20:21:32.336621+00:00,2026-06-19 20:22:02.276729+00:00
2ace3704-e378-48e5-ac86-d85f1784e821,completed,2026-06-19 20:21:36.809298+00:00,2026-06-19 20:22:06.841630+00:00
ff918ee1-f1ef-4d75-b23d-3d22323d6cd6,completed,2026-06-19 20:21:38.185636+00:00,2026-06-19 20:22:08.244951+00:00
d3a790e4-5cb2-455b-8d86-dd0e26719e03,completed,2026-06-19 20:21:40.837980+00:00,2026-06-19 20:22:10.825772+00:00
7aa0ece8-c6b8-4a15-88a9-805a6b01c90f,completed,2026-06-19 20:21:41.135011+00:00,2026-06-19 20:22:11.112003+00:00
7409fa30-70db-413e-86c8-c38cd6c474c5,completed,2026-06-19 20:21:42.134470+00:00,2026-06-19 20:22:12.152177+00:00
4b8ccbb0-e2cc-450e-8247-d9b3fe1a90cd,completed,2026-06-19 20:21:45.509477+00:00,2026-06-19 20:22:15.531876+00:00
f92f0b2a-4e9c-43d4-b593-8b9d72fdcd75,completed,2026-06-19 20:21:45.841635+00:00,2026-06-19 20:22:15.817174+00:00
493e3eb2-ce49-4737-9993-fa58a7b32170,completed,2026-06-19 20:21:48.185910+00:00,2026-06-19 20:22:18.034648+00:00
469ddb73-59bc-4bc8-b0b2-d2a7a3777f3c,completed,2026-06-19 20:21:50.209708+00:00,2026-06-19 20:22:20.348212+00:00
719b615f-07d1-4d50-9f5e-20fb6350a00a,completed,2026-06-19 20:21:50.385851+00:00,2026-06-19 20:22:20.497864+00:00
81d864fd-8540-4476-b53b-185def957a23,failed,2026-06-19 20:21:54.760731+00:00,2026-06-19 20:22:24.845097+00:00
f8d5c537-649c-4a46-8e24-75ed558008d6,failed,2026-06-19 20:21:54.933912+00:00,2026-06-19 20:22:24.995004+00:00
6d9d80ce-251c-4760-8634-2b1132772277,failed,2026-06-19 20:21:55.085616+00:00,2026-06-19 20:22:25.145814+00:00
96b4bfe7-b73d-4c4c-a62c-0afb6241f2e5,completed,2026-06-19 20:21:56.608811+00:00,2026-06-19 20:22:26.717241+00:00
d80aa9cf-09db-4df8-b5b7-b73dcf5396e8,completed,2026-06-19 20:22:02.443299+00:00,2026-06-19 20:22:32.514643+00:00
54d2608b-5482-4641-b505-792d3f2ac6f9,completed,2026-06-19 20:22:03.068263+00:00,2026-06-19 20:22:33.091631+00:00
684c29cc-d72f-4f00-b7ab-0831277726da,completed,2026-06-19 20:22:07.785014+00:00,2026-06-19 20:22:37.567976+00:00
39b64ac3-981e-4ba3-8839-e11bc47d0372,completed,2026-06-19 20:22:08.977002+00:00,2026-06-19 20:22:38.709658+00:00
d2890297-20a0-4687-97c0-887e7914c16e,completed,2026-06-19 20:22:11.544200+00:00,2026-06-19 20:22:41.319802+00:00
037cfeb7-41b9-421c-97a0-a1b7bed94a5a,failed,2026-06-19 20:21:24.961195+00:00,2026-06-19 20:21:55.020917+00:00
0d658768-ef89-42da-bb0b-38418ed3b4ef,completed,2026-06-19 20:21:25.960527+00:00,2026-06-19 20:21:56.090142+00:00
5dbe4f9c-3e9d-48c2-b5c3-b7e67560aad4,failed,2026-06-19 20:21:27.762578+00:00,2026-06-19 20:21:57.816874+00:00
12f14512-9755-4f70-ad24-f6a4a05af61e,completed,2026-06-19 20:21:28.487016+00:00,2026-06-19 20:21:58.575276+00:00
adf3d501-fc79-4039-9a87-600317f1719d,completed,2026-06-19 20:21:30.784478+00:00,2026-06-19 20:22:00.836212+00:00
9e07af7e-2087-4ce9-8b2f-665cd7dbae88,completed,2026-06-19 20:21:42.509933+00:00,2026-06-19 20:22:12.548030+00:00
3787691d-58c2-4a07-8250-7b2850349bf6,completed,2026-06-19 20:21:51.159710+00:00,2026-06-19 20:22:21.261633+00:00
d03cbe14-0755-4fed-b857-c8dfd12b39f4,completed,2026-06-19 20:21:52.185577+00:00,2026-06-19 20:22:22.273852+00:00
c3c19e17-e5aa-4fa1-afd1-791a6f0d294d,failed,2026-06-19 20:21:53.160399+00:00,2026-06-19 20:22:23.212544+00:00
a8b69fc1-9853-4874-b48e-07d3de7f6394,failed,2026-06-19 20:21:53.636083+00:00,2026-06-19 20:22:23.668624+00:00
520443eb-8ba7-4a26-8d20-e876592326f6,failed,2026-06-19 20:21:55.685663+00:00,2026-06-19 20:22:25.738063+00:00
8d9e8625-7770-490b-9ccd-7bbf4dd2717d,failed,2026-06-19 20:21:56.660550+00:00,2026-06-19 20:22:26.696666+00:00
7851a1e8-d91b-4d87-b4c5-b0b8f071e02d,failed,2026-06-19 20:21:56.985165+00:00,2026-06-19 20:22:27.001281+00:00
6b7a3f50-4768-4c50-b1ba-9d6ed059dbdb,failed,2026-06-19 20:21:57.859604+00:00,2026-06-19 20:22:27.909024+00:00
b60d6d31-32e1-412e-8182-9fd7192b9c24,failed,2026-06-19 20:21:58.035004+00:00,2026-06-19 20:22:28.064945+00:00
870b6c7a-6f9f-416f-a477-7c770a294de2,completed,2026-06-19 20:21:59.559967+00:00,2026-06-19 20:22:29.621106+00:00
3d7278f5-8f73-4697-bcf8-5912ccc889cb,completed,2026-06-19 20:22:03.894501+00:00,2026-06-19 20:22:33.847728+00:00
b29de524-182e-4e76-9480-0c7dca19d8b7,completed,2026-06-19 20:22:07.974061+00:00,2026-06-19 20:22:37.731428+00:00
9d9012d1-a092-4b52-be52-f37be773a2ea,completed,2026-06-19 20:22:13.911738+00:00,2026-06-19 20:22:43.642120+00:00
1f71dd57-9f32-493d-81ca-731e5358075b,failed,2026-06-19 20:21:55.135146+00:00,2026-06-19 20:22:25.150353+00:00
2cf69896-9176-4909-8f52-c4577a2fb4f2,failed,2026-06-19 20:21:55.384535+00:00,2026-06-19 20:22:25.444587+00:00
83d75259-23cc-4e4f-b987-e21723fd414c,failed,2026-06-19 20:21:55.233859+00:00,2026-06-19 20:22:25.289475+00:00
1bc35203-d4c6-4dd7-9072-9791a6bb54f8,completed,2026-06-19 20:21:55.185717+00:00,2026-06-19 20:22:25.298516+00:00
70f73ceb-000b-451f-aa43-3bbd8a1ac4cd,failed,2026-06-19 20:21:55.585056+00:00,2026-06-19 20:22:25.598714+00:00
0d1998b7-8799-43a4-a918-7da19ea828ab,failed,2026-06-19 20:21:55.834097+00:00,2026-06-19 20:22:25.904247+00:00
28a67bf3-86ef-4bae-9a0c-a3b4a830589f,completed,2026-06-19 20:21:55.633930+00:00,2026-06-19 20:22:25.728925+00:00
a18091fb-93a9-487b-8810-4f3abf4675f2,failed,2026-06-19 20:21:55.886638+00:00,2026-06-19 20:22:25.913136+00:00
065292de-7068-4f8c-88d5-c3f6a72d5856,failed,2026-06-19 20:21:56.484966+00:00,2026-06-19 20:22:26.535017+00:00
62f244bb-754f-4edf-bea9-22c236ea98cd,completed,2026-06-19 20:21:55.936097+00:00,2026-06-19 20:22:26.047400+00:00
05796985-d82e-4399-acb7-a02f06d90848,completed,2026-06-19 20:21:56.083639+00:00,2026-06-19 20:22:26.213153+00:00
ef606e81-7500-4c26-9116-3c737dcc9ebc,completed,2026-06-19 20:21:56.235187+00:00,2026-06-19 20:22:26.369095+00:00
8478890a-b9cb-4b12-8f62-77bd17ec5c76,completed,2026-06-19 20:21:56.384892+00:00,2026-06-19 20:22:26.522319+00:00
2febb7a1-e76c-4c78-93cb-7e692234e555,failed,2026-06-19 20:21:56.635256+00:00,2026-06-19 20:22:26.693391+00:00
15985919-cb86-4c82-a6fc-bd812c761c65,failed,2026-06-19 20:21:57.284533+00:00,2026-06-19 20:22:27.299721+00:00
f139f44c-5338-49d7-bd2c-99126ecb5b20,completed,2026-06-19 20:21:56.885609+00:00,2026-06-19 20:22:27.011064+00:00
7534e786-17df-46ef-a89c-e509853d8af8,completed,2026-06-19 20:21:57.033761+00:00,2026-06-19 20:22:27.156265+00:00
4ca9736e-3597-46ec-9b4c-0568789c45e2,completed,2026-06-19 20:21:57.934613+00:00,2026-06-19 20:22:28.055617+00:00
8c3e08cd-3739-405f-afef-b4ee8b2152f2,completed,2026-06-19 20:21:57.486360+00:00,2026-06-19 20:22:27.604466+00:00
b1390160-7f0f-4181-84cb-d53e0b917ad2,completed,2026-06-19 20:21:57.684410+00:00,2026-06-19 20:22:27.769446+00:00
1073c191-cb55-4cd4-96a9-54b9010396a9,failed,2026-06-19 20:21:57.985358+00:00,2026-06-19 20:22:28.059179+00:00
fae95c68-2be8-4ef1-91d5-bb5034e63a19,completed,2026-06-19 20:21:57.785975+00:00,2026-06-19 20:22:27.926676+00:00
e9ec026f-e4a4-4bb7-8764-6fa83665577b,completed,2026-06-19 20:21:58.584655+00:00,2026-06-19 20:22:28.637703+00:00
e1811701-5f18-4426-8822-ac25e77f2640,completed,2026-06-19 20:21:58.134160+00:00,2026-06-19 20:22:28.227018+00:00
f0d04673-eb40-480d-99d2-a2621ad73126,completed,2026-06-19 20:21:58.392008+00:00,2026-06-19 20:22:28.561726+00:00
5fa3f7a5-badf-4f0c-b2fb-486aabba1da8,completed,2026-06-19 20:22:00.435339+00:00,2026-06-19 20:22:30.587813+00:00
29287f3b-9820-4a3a-baa2-f9456c60017f,completed,2026-06-19 20:22:01.134364+00:00,2026-06-19 20:22:31.175047+00:00
58658330-d11f-4474-86a2-604eb67a783e,completed,2026-06-19 20:22:01.433680+00:00,2026-06-19 20:22:31.451848+00:00
a5709d7c-7157-49ab-a9fb-435b48af84e2,completed,2026-06-19 20:22:01.734479+00:00,2026-06-19 20:22:31.718434+00:00
79ba24d7-ebd1-467b-9d0a-7a7690e111a6,completed,2026-06-19 20:22:02.289430+00:00,2026-06-19 20:22:32.298462+00:00
5a1422de-b42f-4653-866a-cb6f5ce23a33,failed,2026-06-19 20:21:56.911646+00:00,2026-06-19 20:22:26.989150+00:00
4d1434dd-bfc9-44df-9381-da44f01f0060,failed,2026-06-19 20:21:57.059235+00:00,2026-06-19 20:22:27.140860+00:00
f7b2e218-e47f-4600-b814-803d9a00f4df,failed,2026-06-19 20:21:57.110533+00:00,2026-06-19 20:22:27.148959+00:00
7d63e5a2-f9cc-4f86-9395-3ed3f3d023d9,failed,2026-06-19 20:21:57.259303+00:00,2026-06-19 20:22:27.295820+00:00
f1ff0196-e476-41e9-9add-359230fcd12e,failed,2026-06-19 20:21:57.570711+00:00,2026-06-19 20:22:27.615783+00:00
32ad0091-354a-47a9-af08-4192d673b423,failed,2026-06-19 20:21:57.611285+00:00,2026-06-19 20:22:27.619712+00:00
17abba4d-cd4c-44e3-b005-f33ce1a97d64,failed,2026-06-19 20:21:57.909283+00:00,2026-06-19 20:22:27.916414+00:00
011a8c42-85c0-4d5a-b52a-5d94076b709b,failed,2026-06-19 20:21:58.009854+00:00,2026-06-19 20:22:28.061967+00:00
ae905cf8-b5f0-421c-a426-2c2100c864a7,failed,2026-06-19 20:21:58.159686+00:00,2026-06-19 20:22:28.203719+00:00
023129ae-8276-4646-aa39-4f6d8e4e704d,failed,2026-06-19 20:21:58.315767+00:00,2026-06-19 20:22:28.354930+00:00
04d6e7ab-ddc1-4e5e-9bb7-359254ac8f8e,completed,2026-06-19 20:21:58.209414+00:00,2026-06-19 20:22:28.343346+00:00
f9278ced-5a7f-44db-a238-8cb9b2472cfd,completed,2026-06-19 20:21:58.366188+00:00,2026-06-19 20:22:28.488837+00:00
650734db-9bb3-469b-a02c-0eb69ab9cc23,completed,2026-06-19 20:21:58.608717+00:00,2026-06-19 20:22:28.725056+00:00
17b632d5-2b43-4fc6-9498-334ea7a6dc44,completed,2026-06-19 20:21:58.858975+00:00,2026-06-19 20:22:28.899606+00:00
6d8a432a-1d45-44df-9d4e-ed0d5d1285af,completed,2026-06-19 20:21:59.708973+00:00,2026-06-19 20:22:29.769791+00:00
8a6d6111-38f7-4a6e-8566-eebdf69b916a,completed,2026-06-19 20:21:59.859766+00:00,2026-06-19 20:22:29.909819+00:00
c09dffb7-f963-4bc0-8053-ea21d1274184,completed,2026-06-19 20:22:00.109462+00:00,2026-06-19 20:22:30.138768+00:00
6897331c-4255-4540-b1a0-15718464f61f,completed,2026-06-19 20:22:01.011672+00:00,2026-06-19 20:22:31.037558+00:00
bf0e651d-5aff-47d9-8cdb-6ca277a5dcad,completed,2026-06-19 20:22:01.459626+00:00,2026-06-19 20:22:31.485227+00:00
d834d429-ea04-4779-a100-484d45009cf3,completed,2026-06-19 20:22:02.172851+00:00,2026-06-19 20:22:32.146406+00:00
18f42979-cbf9-4aa7-9fd0-175b6cd7c604,completed,2026-06-19 20:22:02.417215+00:00,2026-06-19 20:22:32.438954+00:00
ef57c051-47a6-4d98-8973-668450e5b273,completed,2026-06-19 20:22:02.884604+00:00,2026-06-19 20:22:32.846926+00:00
ed405d18-ec06-4801-9144-59eb76976424,completed,2026-06-19 20:22:04.937957+00:00,2026-06-19 20:22:34.970148+00:00
1294597c-d85c-4fc5-9785-1c92ed31fd40,completed,2026-06-19 20:22:05.391726+00:00,2026-06-19 20:22:35.378730+00:00
4aa1d25d-e8c0-4368-a76f-ee0497b96ccf,completed,2026-06-19 20:22:05.679071+00:00,2026-06-19 20:22:35.653344+00:00
126bc443-faac-46f2-93c9-946d1976303b,completed,2026-06-19 20:22:05.970462+00:00,2026-06-19 20:22:35.942384+00:00
fe48c982-648f-49cf-b41c-4323f5e8f4ae,completed,2026-06-19 20:22:06.559174+00:00,2026-06-19 20:22:36.378454+00:00
b0fe4e49-3dab-435a-a7ec-2fc642ae49f3,completed,2026-06-19 20:22:06.382327+00:00,2026-06-19 20:22:36.235799+00:00
f509db5a-a28c-4c2b-902f-2c5b905f995f,completed,2026-06-19 20:22:06.440315+00:00,2026-06-19 20:22:36.363616+00:00
75777fa2-6dfb-422a-85bb-8be6c14c6e65,completed,2026-06-19 20:22:07.163636+00:00,2026-06-19 20:22:36.998171+00:00
3113494b-37cc-4a05-9c85-256a40645033,completed,2026-06-19 20:22:05.940086+00:00,2026-06-19 20:22:35.807358+00:00
7d62b2bd-3be5-490b-81b6-0c8c0b2c5679,completed,2026-06-19 20:22:04.359054+00:00,2026-06-19 20:22:34.404700+00:00
e7c546df-5e94-4e9d-a101-d02c976a9062,completed,2026-06-19 20:22:04.911610+00:00,2026-06-19 20:22:34.847121+00:00
49014192-b837-4c87-ac07-92dbf004f58e,completed,2026-06-19 20:22:17.641254+00:00,2026-06-19 20:22:47.198689+00:00
c140b534-0888-4af5-8103-8a8ba5ae1a24,completed,2026-06-19 20:22:05.824140+00:00,2026-06-19 20:22:35.786634+00:00
237ef2f5-46cd-42ea-913f-55d90f29f784,completed,2026-06-19 20:22:06.589403+00:00,2026-06-19 20:22:36.491491+00:00
58ab12ea-cdb9-410f-b86d-a0f0e6a72a48,completed,2026-06-19 20:22:08.714569+00:00,2026-06-19 20:22:38.463170+00:00
64c74d1c-7252-4b38-841b-89a162ddf3a4,completed,2026-06-19 20:22:09.310670+00:00,2026-06-19 20:22:39.033658+00:00
7dd10a28-886f-4949-9634-a49f39ac851f,completed,2026-06-19 20:22:09.993102+00:00,2026-06-19 20:22:39.703801+00:00
c62a3987-b3ec-4ef4-ab4e-0e42dc7d91f8,completed,2026-06-19 20:22:10.698315+00:00,2026-06-19 20:22:40.303606+00:00
7612b700-bea1-4557-9b03-97184a5ff57d,completed,2026-06-19 20:22:10.931737+00:00,2026-06-19 20:22:40.713526+00:00
9436f04f-ac26-45b6-be72-f47a71ba30fe,completed,2026-06-19 20:22:11.754296+00:00,2026-06-19 20:22:41.555167+00:00
417884bc-7c71-4bf6-b7cc-34cb94633f51,completed,2026-06-19 20:22:12.026838+00:00,2026-06-19 20:22:41.732972+00:00
07df06d0-f806-4940-8526-633a53967e73,completed,2026-06-19 20:22:12.571254+00:00,2026-06-19 20:22:42.324327+00:00
9ce65645-0f59-4c17-b868-b29aa5d965bd,completed,2026-06-19 20:22:12.773767+00:00,2026-06-19 20:22:42.482351+00:00
cccb06bf-9b7c-4c7a-9cac-cee28afe6f44,completed,2026-06-19 20:22:13.871008+00:00,2026-06-19 20:22:43.497039+00:00
4d3fb1f9-a101-4010-8b12-9452662c85fe,completed,2026-06-19 20:22:14.039680+00:00,2026-06-19 20:22:43.657026+00:00
990cdfd0-8e8c-4049-a0eb-51a9e4dcceaf,completed,2026-06-19 20:22:15.000319+00:00,2026-06-19 20:22:44.698090+00:00
78d031cc-074e-4dd1-a6fc-eea9314c0152,completed,2026-06-19 20:22:15.563636+00:00,2026-06-19 20:22:45.132713+00:00
444678a8-733a-43d5-93e7-e6aed03b57ee,completed,2026-06-19 20:22:15.832601+00:00,2026-06-19 20:22:45.418120+00:00
2ef59394-a010-4124-b69d-67b67aa12780,completed,2026-06-19 20:22:17.116449+00:00,2026-06-19 20:22:46.752484+00:00
ed056327-9f57-4785-b0d5-c579ff0c0939,completed,2026-06-19 20:22:17.534719+00:00,2026-06-19 20:22:47.145608+00:00
6600a761-19e2-48c9-8fe3-938b8227caff,completed,2026-06-19 20:22:18.188774+00:00,2026-06-19 20:22:47.773274+00:00
2162d780-f03e-4452-9664-694317b8c91c,completed,2026-06-19 20:22:18.640910+00:00,2026-06-19 20:22:48.208645+00:00
6387bd9d-0ffb-4ac2-9a2e-d6bf0a0a691c,completed,2026-06-19 20:22:19.109774+00:00,2026-06-19 20:22:48.671559+00:00
92d68cc4-fde2-4e31-aaff-afa0e9e23281,completed,2026-06-19 20:22:19.230703+00:00,2026-06-19 20:22:48.813177+00:00
79919de5-40c0-42cc-aeb4-808deb6b3154,completed,2026-06-19 20:22:19.848383+00:00,2026-06-19 20:22:49.365700+00:00
cf5a8fde-5d2c-49fd-8526-bafb910b316f,completed,2026-06-19 20:22:20.238927+00:00,2026-06-19 20:22:49.772524+00:00
927bccbd-a2f9-42f0-bcdb-cc049099c54c,completed,2026-06-19 20:22:20.502041+00:00,2026-06-19 20:22:50.040347+00:00
cd02174a-edfc-4c0e-9f86-31d7adc7e707,completed,2026-06-19 20:22:20.637865+00:00,2026-06-19 20:22:50.184650+00:00
4a76df17-3de4-4574-a05a-54991a3a0c53,completed,2026-06-19 20:22:15.412818+00:00,2026-06-19 20:22:44.973504+00:00
0117b74e-ddff-4d08-a04b-e4466362a3ee,completed,2026-06-19 20:22:09.479522+00:00,2026-06-19 20:22:39.186179+00:00
5053b1a0-06ac-4f05-bdea-e22fceefe43f,completed,2026-06-19 20:22:09.681695+00:00,2026-06-19 20:22:39.413447+00:00
67f9cca6-303d-4c64-9a19-537ecc2402f5,completed,2026-06-19 20:22:09.956078+00:00,2026-06-19 20:22:39.608544+00:00
bea4e364-41de-4a84-9c4f-438259211f1e,completed,2026-06-19 20:22:10.137826+00:00,2026-06-19 20:22:39.744149+00:00
333d1df7-9538-4648-b9ef-f574ee5ad898,completed,2026-06-19 20:22:10.742235+00:00,2026-06-19 20:22:40.438898+00:00
0090c8b1-9dc5-43a2-b737-548b0572ce67,completed,2026-06-19 20:22:10.931217+00:00,2026-06-19 20:22:40.595353+00:00
59661337-aefe-49d3-887c-81f7465f1a85,completed,2026-06-19 20:22:11.752891+00:00,2026-06-19 20:22:41.457470+00:00
9e2eb9a8-1886-4e37-936b-2d92f6c04b16,completed,2026-06-19 20:22:12.160833+00:00,2026-06-19 20:22:41.966468+00:00
098c67e3-141e-443c-ad68-4f415e9838c4,completed,2026-06-19 20:22:12.583964+00:00,2026-06-19 20:22:42.365700+00:00
0fcf516c-4cd6-46a1-a6ff-d5a7469f55c6,completed,2026-06-19 20:22:13.005654+00:00,2026-06-19 20:22:42.646226+00:00
74de32b0-df03-4f02-acde-9080bc7fa693,completed,2026-06-19 20:22:12.774417+00:00,2026-06-19 20:22:42.508405+00:00
eafb3dfd-f13b-4994-ab71-a2ed87e0cf5c,completed,2026-06-19 20:22:12.792305+00:00,2026-06-19 20:22:42.629629+00:00
7ff2e075-e949-42df-b2a5-5f39e405bfbe,completed,2026-06-19 20:22:13.186029+00:00,2026-06-19 20:22:42.929607+00:00
df589a9b-fe9c-4606-bbe8-98e8789490d0,completed,2026-06-19 20:22:13.206155+00:00,2026-06-19 20:22:42.928176+00:00
94056523-3537-4071-b519-f088d0b8f607,completed,2026-06-19 20:22:14.427114+00:00,2026-06-19 20:22:44.088619+00:00
b6835ba0-1025-430e-8e9f-ca5a31a45dde,completed,2026-06-19 20:22:14.956232+00:00,2026-06-19 20:22:44.568888+00:00
abcb7dd9-2979-4e3c-a76a-f523fd7ad31a,completed,2026-06-19 20:22:19.784953+00:00,2026-06-19 20:22:49.336697+00:00
b6406785-c6da-46cc-8d39-0b1754e8dfba,completed,2026-06-19 20:22:15.319733+00:00,2026-06-19 20:22:44.968270+00:00
949d4d7d-daa4-4ca1-9f2c-a164eaf06086,completed,2026-06-19 20:22:16.561975+00:00,2026-06-19 20:22:46.166025+00:00
734718c9-4568-4425-8ef9-76c3f559e815,completed,2026-06-19 20:22:17.481795+00:00,2026-06-19 20:22:47.063068+00:00
c857531b-5e05-463f-a3f3-a2ce96dee95d,completed,2026-06-19 20:22:17.695378+00:00,2026-06-19 20:22:47.296219+00:00
dd1fd5fc-26e1-4811-abf9-8525431cd961,completed,2026-06-19 20:22:18.255929+00:00,2026-06-19 20:22:47.823179+00:00
b9b49a73-f731-4a42-8ad0-dc3a15298b18,completed,2026-06-19 20:22:19.412144+00:00,2026-06-19 20:22:48.960314+00:00
4585deb1-3131-467a-b60e-069aff1bd929,completed,2026-06-19 20:22:19.660374+00:00,2026-06-19 20:22:49.225704+00:00
c7692340-9bd1-424c-96c4-1ed2784049a8,completed,2026-06-19 20:22:19.912356+00:00,2026-06-19 20:22:49.482978+00:00
a42399c2-9f59-48a5-9276-d9ae6a692887,completed,2026-06-19 20:22:20.434763+00:00,2026-06-19 20:22:49.915983+00:00
f04da45a-6ee4-4f50-ab8b-f9f2067a5f37,completed,2026-06-19 20:22:20.843477+00:00,2026-06-19 20:22:50.331803+00:00
1a1f4cfd-fa0e-4408-b93c-0cbeab3d16d7,completed,2026-06-19 20:22:21.141863+00:00,2026-06-19 20:22:50.606058+00:00
2a005633-667e-4aa3-8dce-a68484a09983,completed,2026-06-19 20:22:22.018681+00:00,2026-06-19 20:22:51.452608+00:00
eef0013f-4c27-4615-b898-0e8a2eec73a2,completed,2026-06-19 20:22:21.939024+00:00,2026-06-19 20:22:51.385237+00:00
0bbeaf18-3351-4cd5-bb6a-7e1ea1ff3640,completed,2026-06-19 20:22:26.050917+00:00,2026-06-19 20:22:54.254230+00:00
258b6fe6-10ef-4f1d-97b5-0280591555bb,completed,2026-06-19 20:22:22.096639+00:00,2026-06-19 20:22:51.515199+00:00
a25a9a0f-8921-4466-a01c-69ca3d1ee8ce,completed,2026-06-19 20:22:23.088432+00:00,2026-06-19 20:22:52.323558+00:00
997953e9-e009-4e11-bfff-afed750ab82b,completed,2026-06-19 20:22:26.325784+00:00,2026-06-19 20:22:54.394878+00:00
2d6e2f55-ee0b-449c-8881-cc5f98516796,completed,2026-06-19 20:22:23.443700+00:00,2026-06-19 20:22:52.588158+00:00
eb24c4d5-c7cd-437f-a239-00b55fd111b1,completed,2026-06-19 20:22:23.818980+00:00,2026-06-19 20:22:52.867457+00:00
02d3ecf7-b53e-4def-a33e-26096034e104,completed,2026-06-19 20:22:27.598478+00:00,2026-06-19 20:22:54.958852+00:00
0bc30e39-6504-40dd-9836-a3f3a13458cf,completed,2026-06-19 20:22:24.010943+00:00,2026-06-19 20:22:53.001456+00:00
70aab89d-092f-4ad0-9ab7-18e52b3991b9,completed,2026-06-19 20:22:24.841907+00:00,2026-06-19 20:22:53.552390+00:00
6cd2d3fc-6bd8-46af-bd12-582ee92444c2,completed,2026-06-19 20:22:27.985944+00:00,2026-06-19 20:22:55.089372+00:00
1ed0068f-ce49-4347-bd2a-ad8ad3bb4d94,completed,2026-06-19 20:22:25.066179+00:00,2026-06-19 20:22:53.697099+00:00
89cedee1-2d28-43b1-9bfc-ec39e456f843,completed,2026-06-19 20:22:25.793348+00:00,2026-06-19 20:22:54.104921+00:00
c2886391-a7aa-414f-8552-5c978839f8c1,completed,2026-06-19 20:22:28.421401+00:00,2026-06-19 20:22:55.224516+00:00
7cd93a6d-31c5-4a15-a3f9-cd87cd787541,completed,2026-06-19 20:22:23.536539+00:00,2026-06-19 20:22:52.708812+00:00
c68d597d-916e-4c6b-ac74-f317aef659f2,completed,2026-06-19 20:22:24.311556+00:00,2026-06-19 20:22:53.271838+00:00
f4972076-193d-4295-963a-bb5f916c8a0c,completed,2026-06-19 20:22:24.534533+00:00,2026-06-19 20:22:53.409598+00:00
06ab35f9-ab17-49e6-9af5-3e28602210ca,completed,2026-06-19 20:22:24.733835+00:00,2026-06-19 20:22:53.530964+00:00
8717f57b-6292-4984-9917-eea0ca29cf73,completed,2026-06-19 20:22:25.183060+00:00,2026-06-19 20:22:53.795177+00:00
60ac42aa-9acd-41dd-8985-eea3601c3229,completed,2026-06-19 20:22:25.915725+00:00,2026-06-19 20:22:54.190630+00:00
1f2d86ac-c60f-4ca8-b313-d68b181e55a9,completed,2026-06-19 20:22:26.184407+00:00,2026-06-19 20:22:54.331824+00:00
89681275-029d-4048-a395-2afed9a8f16f,completed,2026-06-19 20:22:26.761869+00:00,2026-06-19 20:22:54.603498+00:00
5ac299f9-cad1-4b38-b5c7-f370447f7456,completed,2026-06-19 20:22:27.416623+00:00,2026-06-19 20:22:54.863340+00:00
3dfbdaac-1c1d-4aa3-bfd8-b69d40491c38,completed,2026-06-19 20:22:13.046460+00:00,2026-06-19 20:22:42.773853+00:00
162163ed-97c8-4dd4-86e2-ea223a2ebee0,completed,2026-06-19 20:22:18.076441+00:00,2026-06-19 20:22:47.629485+00:00
121f6979-c995-4673-a7d3-a3769b1e65e4,completed,2026-06-19 20:22:18.932291+00:00,2026-06-19 20:22:48.488569+00:00
f1f8e3ae-01d3-4488-a244-0b5e0b6dc619,completed,2026-06-19 20:22:21.485964+00:00,2026-06-19 20:22:50.976123+00:00
40db9626-e3d3-4ba4-84e4-88b3b4bca44b,completed,2026-06-19 20:22:22.661547+00:00,2026-06-19 20:22:52.025968+00:00
bc08a9ad-dceb-4d7c-8ddc-40003d1163b0,completed,2026-06-19 20:19:42.645266+00:00,2026-06-19 20:19:42.789218+00:00
c9aef634-8d5a-47d9-9e1f-59692abf6e14,completed,2026-06-19 20:19:33.852471+00:00,2026-06-19 20:19:34.014451+00:00
d1706ba1-7ee8-4cfb-84a5-20b06c87eb0c,completed,2026-06-19 20:19:35.948230+00:00,2026-06-19 20:19:36.131875+00:00
2d5dab0c-1eb7-49b1-9742-f61624d1e3cc,completed,2026-06-19 20:19:54.701297+00:00,2026-06-19 20:19:54.844146+00:00
5a02afed-1c67-44a1-b59f-d9b41cff71cc,completed,2026-06-19 20:19:37.722957+00:00,2026-06-19 20:19:37.870658+00:00
4e88683e-43f5-425e-a9e0-5b5016c0072a,completed,2026-06-19 20:19:42.847921+00:00,2026-06-19 20:19:42.993743+00:00
32d4a1a0-a176-4b97-bdb1-1a72e0b4e41c,completed,2026-06-19 20:19:38.530666+00:00,2026-06-19 20:19:38.662267+00:00
ad8de446-73f9-45bd-9f8d-0175593e914d,completed,2026-06-19 20:19:39.539304+00:00,2026-06-19 20:19:39.667937+00:00
cd4c8f1d-4df9-4451-bc5e-ba7f89b16ea6,completed,2026-06-19 20:19:46.311090+00:00,2026-06-19 20:19:46.444355+00:00
0fa041b6-6c88-4726-91da-81a334eb1de8,completed,2026-06-19 20:19:40.258401+00:00,2026-06-19 20:19:40.445642+00:00
e68ae23a-7cef-438f-89cb-3c60c4a09722,completed,2026-06-19 20:19:45.272590+00:00,2026-06-19 20:19:45.410632+00:00
a4ab5c9d-7070-41e6-ae35-597d2cfb9cd0,completed,2026-06-19 20:19:40.490971+00:00,2026-06-19 20:19:40.629240+00:00
8d4f1e29-672e-412b-bf80-338d5b281364,completed,2026-06-19 20:19:41.385957+00:00,2026-06-19 20:19:41.519737+00:00
0150b9dc-0106-48ba-8300-55395b3193bb,completed,2026-06-19 20:19:41.606706+00:00,2026-06-19 20:19:41.784837+00:00
dba332a3-cb4e-44b1-883e-715f3161f2f2,completed,2026-06-19 20:19:45.452814+00:00,2026-06-19 20:19:45.596547+00:00
a3067ef8-9648-4b6d-af21-8cfbc75f4044,completed,2026-06-19 20:19:42.021107+00:00,2026-06-19 20:19:42.160579+00:00
3f5e4710-68f0-443e-89c4-a51f4cf529c2,completed,2026-06-19 20:19:48.099222+00:00,2026-06-19 20:19:48.254554+00:00
12a8bc22-90ac-4c24-a5c1-a22f26754987,completed,2026-06-19 20:19:46.870142+00:00,2026-06-19 20:19:46.996475+00:00
7fa9fb6e-3168-4508-bfd4-f901a4cfbf1a,completed,2026-06-19 20:19:45.622731+00:00,2026-06-19 20:19:45.757729+00:00
734b454a-3c73-4b3b-a50c-d2aa722613b1,completed,2026-06-19 20:19:45.811968+00:00,2026-06-19 20:19:45.979045+00:00
4802f047-454a-46e4-a051-e404f9a67640,completed,2026-06-19 20:19:46.139838+00:00,2026-06-19 20:19:46.296090+00:00
38378b90-667d-4fe4-9a71-5415d851b75d,completed,2026-06-19 20:19:47.524809+00:00,2026-06-19 20:19:47.668824+00:00
e9753ec9-09a4-456b-b4f8-ffb62a5b303a,completed,2026-06-19 20:19:47.780410+00:00,2026-06-19 20:19:47.921937+00:00
e99e5dc4-2e55-4047-8bbd-7c1a9df913fb,completed,2026-06-19 20:19:50.054291+00:00,2026-06-19 20:19:50.194878+00:00
32828c02-3d79-4f9e-82b6-b9ae28c78aed,completed,2026-06-19 20:19:52.538700+00:00,2026-06-19 20:19:52.667772+00:00
85b51b36-5593-4166-a6c7-c964a783f924,completed,2026-06-19 20:19:51.187651+00:00,2026-06-19 20:19:51.346362+00:00
3576ba47-dab1-4872-ab68-ef489a1a6978,completed,2026-06-19 20:19:51.881713+00:00,2026-06-19 20:19:52.049339+00:00
ed7282ff-2478-49cd-ba3d-93a05877a9e2,completed,2026-06-19 20:19:52.003447+00:00,2026-06-19 20:19:52.138510+00:00
3e74c7b8-f1b7-42e9-a6c7-9b8a61ebde19,completed,2026-06-19 20:19:53.063494+00:00,2026-06-19 20:19:53.194836+00:00
3192c674-1d1f-4a4c-bfbf-58ecf1606c35,completed,2026-06-19 20:19:53.955583+00:00,2026-06-19 20:19:54.108064+00:00
8d184aeb-cc63-4416-a490-d2e5479ddf64,completed,2026-06-19 20:19:54.578953+00:00,2026-06-19 20:19:54.721180+00:00
fbbd46fb-1c97-401c-b0c6-9e795fe8d397,completed,2026-06-19 20:20:02.039878+00:00,2026-06-19 20:20:02.199354+00:00
6dd6bae7-0d5e-4d65-aa17-5115b11142e5,completed,2026-06-19 20:19:55.068775+00:00,2026-06-19 20:19:55.199387+00:00
d9d5a164-bb8b-4a6b-a6c0-2e3632bbc466,completed,2026-06-19 20:19:57.404330+00:00,2026-06-19 20:19:57.544722+00:00
b74e4026-8503-4c45-a0f1-7538f313fbd3,completed,2026-06-19 20:20:09.783653+00:00,2026-06-19 20:20:09.927537+00:00
adddace2-f4ed-4fb9-ad97-5f0941113ef7,completed,2026-06-19 20:19:57.850137+00:00,2026-06-19 20:19:57.999565+00:00
ef448074-19c4-4b98-b382-bc84e9a78da2,completed,2026-06-19 20:20:02.621135+00:00,2026-06-19 20:20:02.768358+00:00
8993ffaf-4f52-4594-8f0b-8274bd78ca31,completed,2026-06-19 20:19:58.294340+00:00,2026-06-19 20:19:58.438069+00:00
28a0d0c3-d60d-463c-9b1d-ece8dcfb7c85,completed,2026-06-19 20:19:58.732253+00:00,2026-06-19 20:19:58.868302+00:00
ba6361d0-cb8e-409c-83be-c8333ce66dbd,completed,2026-06-19 20:20:05.809188+00:00,2026-06-19 20:20:05.957913+00:00
e3e5df48-b3a4-4534-9468-6d05a9f270d9,completed,2026-06-19 20:19:58.948100+00:00,2026-06-19 20:19:59.079290+00:00
08f32c72-e956-4bd6-86df-94e661aee1c1,completed,2026-06-19 20:20:02.996647+00:00,2026-06-19 20:20:03.136452+00:00
6c6c4ce9-4897-4b2a-a3c5-2296d24ea1cc,completed,2026-06-19 20:19:59.799755+00:00,2026-06-19 20:19:59.955581+00:00
7d6b687f-4cfb-4124-b459-0c4e66d93a61,completed,2026-06-19 20:20:00.217145+00:00,2026-06-19 20:20:00.356049+00:00
d8c2fc1a-2308-4bee-8609-349c4e463732,completed,2026-06-19 20:20:01.242134+00:00,2026-06-19 20:20:01.389461+00:00
9bc41a42-42d4-45e0-a09b-bbca85042d2a,completed,2026-06-19 20:20:03.733822+00:00,2026-06-19 20:20:03.867308+00:00
73b0b7f3-6b91-46d0-abff-5db7dfa29e1d,completed,2026-06-19 20:20:01.643946+00:00,2026-06-19 20:20:01.800996+00:00
830ddba9-2ac9-406b-b991-10c8629d0fef,completed,2026-06-19 20:20:08.177170+00:00,2026-06-19 20:20:08.317674+00:00
2ad73a9b-1bd3-46cb-99f6-7ef2c394b16f,completed,2026-06-19 20:20:06.301162+00:00,2026-06-19 20:20:06.441887+00:00
d1002861-e539-454d-b8d2-d40782edf19a,completed,2026-06-19 20:20:03.914654+00:00,2026-06-19 20:20:04.058197+00:00
5965fdaa-b078-4215-b66e-580328f03706,completed,2026-06-19 20:20:04.447097+00:00,2026-06-19 20:20:04.594751+00:00
9391795b-2c28-40f5-bb98-c97cbe78d742,completed,2026-06-19 20:20:04.967907+00:00,2026-06-19 20:20:05.101173+00:00
14243891-9e3b-4ec6-bcd2-4989dced4848,completed,2026-06-19 20:20:07.100759+00:00,2026-06-19 20:20:07.234263+00:00
22bfdccd-96d5-4f97-abb3-339e91acce8a,completed,2026-06-19 20:20:09.357471+00:00,2026-06-19 20:20:09.496169+00:00
d60ede68-cf75-4b64-8146-39276f5f3406,completed,2026-06-19 20:20:07.873644+00:00,2026-06-19 20:20:08.040100+00:00
aaa9b363-1aa9-4efe-84a9-8bbb44b47ff3,completed,2026-06-19 20:20:08.917754+00:00,2026-06-19 20:20:09.068142+00:00
2814d4f3-fc23-40f3-9df7-ca0f28a71e5a,completed,2026-06-19 20:20:09.212746+00:00,2026-06-19 20:20:09.355320+00:00
4131941b-6607-44ca-b45c-38c2d591ff75,completed,2026-06-19 20:20:10.210421+00:00,2026-06-19 20:20:10.346414+00:00
3b05f9fa-40fc-45bf-87ae-21f36241d15a,completed,2026-06-19 20:20:09.927494+00:00,2026-06-19 20:20:10.064981+00:00
5ea5a093-03e0-4d82-a831-8e3a5e0f8401,completed,2026-06-19 20:20:10.765239+00:00,2026-06-19 20:20:10.933423+00:00
d7522d5b-e1bc-4589-9e1e-447f7f5a446a,completed,2026-06-19 20:20:11.174322+00:00,2026-06-19 20:20:11.436997+00:00
ec766e36-497d-4c62-aece-001865b7d9ac,completed,2026-06-19 20:20:11.574882+00:00,2026-06-19 20:20:11.868340+00:00
0dfb08a5-2ed8-4c05-ad29-66f199e28187,completed,2026-06-19 20:20:00.320703+00:00,2026-06-19 20:20:00.475815+00:00
34688496-5f8e-4e7e-965f-d4e7fdb01337,completed,2026-06-19 20:19:55.428861+00:00,2026-06-19 20:19:55.601120+00:00
427212fc-9583-4b62-9592-5e6a19c00fd5,completed,2026-06-19 20:19:56.373426+00:00,2026-06-19 20:19:56.519127+00:00
f4320409-bbd2-44a2-ac3d-1b659ae3a563,completed,2026-06-19 20:20:06.543928+00:00,2026-06-19 20:20:06.712675+00:00
d1a26bb0-7ae9-4a8e-9532-56fbbf035646,completed,2026-06-19 20:19:56.836159+00:00,2026-06-19 20:19:56.985207+00:00
97b74c20-29b0-47e8-bf6f-012d32770456,completed,2026-06-19 20:20:00.526015+00:00,2026-06-19 20:20:00.681841+00:00
be3d1810-a736-4aa1-bd46-fe2fc3080e87,completed,2026-06-19 20:19:57.515948+00:00,2026-06-19 20:19:57.662687+00:00
586ff049-5bec-43e9-a0f3-975b2db9d4c5,completed,2026-06-19 20:19:57.963758+00:00,2026-06-19 20:19:58.111237+00:00
1a5b658c-c69a-4078-92b3-910a7d5cbf46,completed,2026-06-19 20:20:03.460706+00:00,2026-06-19 20:20:03.605602+00:00
4d5a4305-275b-4cc8-9943-83f63152d829,completed,2026-06-19 20:19:58.622791+00:00,2026-06-19 20:19:58.766661+00:00
2cf71943-28e6-4b86-9377-49f447bc65cf,completed,2026-06-19 20:20:01.540529+00:00,2026-06-19 20:20:01.709848+00:00
e3bbb2f6-2408-43ea-bb68-4c088ae7ec2d,completed,2026-06-19 20:19:58.838900+00:00,2026-06-19 20:19:58.974166+00:00
4822ae21-57c2-44cd-96b5-7685a1d29262,completed,2026-06-19 20:19:59.268296+00:00,2026-06-19 20:19:59.422209+00:00
3c778e97-3bb1-43f4-a031-5aafcb4122e4,completed,2026-06-19 20:19:59.692602+00:00,2026-06-19 20:19:59.823306+00:00
fdbb2219-73a5-42d4-bfb3-70b77cc329c1,completed,2026-06-19 20:20:01.948962+00:00,2026-06-19 20:20:02.108085+00:00
72b18263-fb10-43c4-88c2-c6820a90748b,completed,2026-06-19 20:19:59.902978+00:00,2026-06-19 20:20:00.037425+00:00
779e1e9f-9bd8-490f-b3f0-4ebd8a78269d,completed,2026-06-19 20:20:05.223288+00:00,2026-06-19 20:20:05.362321+00:00
eda73390-19d7-452a-850c-06397928d3ba,completed,2026-06-19 20:20:03.643881+00:00,2026-06-19 20:20:03.786780+00:00
fc3b99e3-8b74-49d6-99ab-047d888c171b,completed,2026-06-19 20:20:02.523966+00:00,2026-06-19 20:20:02.664968+00:00
0b8657b2-07d1-4bf3-b959-c4ee778b5310,completed,2026-06-19 20:20:02.903174+00:00,2026-06-19 20:20:03.044501+00:00
0e2172e6-d380-4782-a25c-6b07a5234b32,completed,2026-06-19 20:20:03.092270+00:00,2026-06-19 20:20:03.235929+00:00
f0199f88-bc79-4fe6-a8c4-f1f9f8aa00b5,completed,2026-06-19 20:20:04.540495+00:00,2026-06-19 20:20:04.686463+00:00
80783617-b737-4b03-a48e-a261dc1036ca,completed,2026-06-19 20:20:06.056834+00:00,2026-06-19 20:20:06.219477+00:00
a8fd127e-c549-47fd-b5e5-acd1e8feafe8,completed,2026-06-19 20:20:04.881215+00:00,2026-06-19 20:20:05.061492+00:00
880ede85-1b99-4caf-9d1f-5932839991a8,completed,2026-06-19 20:20:05.393272+00:00,2026-06-19 20:20:05.547260+00:00
a55e34a3-5795-4bea-94f1-f8a881c5984f,completed,2026-06-19 20:20:05.727168+00:00,2026-06-19 20:20:05.871522+00:00
0b39ad0a-43f7-41cc-a043-e742e6d34e40,completed,2026-06-19 20:20:06.702448+00:00,2026-06-19 20:20:06.865136+00:00
14509bf3-d931-4e5f-b844-7d24ba58fac0,completed,2026-06-19 20:20:06.859643+00:00,2026-06-19 20:20:07.026050+00:00
65fcd9e2-15d6-44ea-9d9a-0ffd2250bb9c,completed,2026-06-19 20:20:07.487408+00:00,2026-06-19 20:20:07.648840+00:00
a15d9143-81bb-4df4-96e6-e6e9a15767ae,completed,2026-06-19 20:20:07.794664+00:00,2026-06-19 20:20:07.930886+00:00
c871c332-8300-4c10-ba67-2ce5f8e03c70,completed,2026-06-19 20:20:08.552811+00:00,2026-06-19 20:20:08.719515+00:00
ce80f0e1-2b9c-4a71-99fa-c73cd60250f2,completed,2026-06-19 20:20:13.587743+00:00,2026-06-19 20:20:14.086311+00:00
03cdf759-07ac-4519-8005-bdc89b95f02e,completed,2026-06-19 20:20:08.695791+00:00,2026-06-19 20:20:08.864857+00:00
3fb3ea0e-6e97-49cb-9e9a-dfddeaf29db5,completed,2026-06-19 20:20:08.992093+00:00,2026-06-19 20:20:09.157420+00:00
876892fb-41bc-4450-8844-09ecb531cefd,completed,2026-06-19 20:20:17.587177+00:00,2026-06-19 20:20:19.133298+00:00
e837e6de-b9ff-42a3-8c40-da11ce07138a,completed,2026-06-19 20:20:09.429324+00:00,2026-06-19 20:20:09.599227+00:00
cab73cca-9169-453f-b0b7-5b43b17b252d,completed,2026-06-19 20:20:14.078872+00:00,2026-06-19 20:20:14.658105+00:00
a230c6c6-6d6d-414c-88e3-a55577b31b7b,completed,2026-06-19 20:20:10.140495+00:00,2026-06-19 20:20:10.321275+00:00
0b7cb8bf-e4f7-486a-8da7-283539667095,completed,2026-06-19 20:20:10.279932+00:00,2026-06-19 20:20:10.468985+00:00
b67a631a-53e3-4c1a-be88-583535bfe0f6,completed,2026-06-19 20:20:10.558138+00:00,2026-06-19 20:20:10.778402+00:00
9bcd3b7d-32a8-4358-84ae-c38ae942eccd,completed,2026-06-19 20:20:14.323028+00:00,2026-06-19 20:20:14.940741+00:00
8e4f4741-3cb5-4a2c-990b-896cbf1d5a67,completed,2026-06-19 20:20:11.908808+00:00,2026-06-19 20:20:12.205574+00:00
8de8d9ae-809c-43a0-8dd5-794ea2615e1f,completed,2026-06-19 20:20:17.138731+00:00,2026-06-19 20:20:18.519727+00:00
59372585-34eb-4e54-83fe-864b188a9416,completed,2026-06-19 20:20:12.950648+00:00,2026-06-19 20:20:13.336685+00:00
a0cbf6be-e377-46a6-a505-35e5ff29b697,completed,2026-06-19 20:20:13.202239+00:00,2026-06-19 20:20:13.658548+00:00
4deda587-bcf5-412c-89be-c8bc81d5c83f,completed,2026-06-19 20:20:14.688140+00:00,2026-06-19 20:20:15.398381+00:00
e7f678f9-ec5a-4810-801e-f8dc7ef5def4,completed,2026-06-19 20:20:13.327906+00:00,2026-06-19 20:20:13.796315+00:00
dfb1e62a-4c6f-4b04-be79-dc90002ddefc,completed,2026-06-19 20:20:17.251569+00:00,2026-06-19 20:20:18.666656+00:00
b776a7bf-d083-4da7-a33d-229fbab07d16,completed,2026-06-19 20:20:15.288936+00:00,2026-06-19 20:20:16.188383+00:00
821d0150-8dde-45e9-b66b-91e725791c42,completed,2026-06-19 20:20:17.697201+00:00,2026-06-19 20:20:19.274135+00:00
debc5f9e-f9f3-43db-ad46-00fe05f23edf,completed,2026-06-19 20:20:16.339399+00:00,2026-06-19 20:20:17.546311+00:00
9f5fb1b0-dac6-47dc-8cb6-e717a7821df5,completed,2026-06-19 20:20:17.364019+00:00,2026-06-19 20:20:18.848068+00:00
1137d8d6-4ad5-4ed7-b295-a39b6e02a653,completed,2026-06-19 20:20:18.466539+00:00,2026-06-19 20:20:20.263436+00:00
774491f9-ada7-423e-8b27-97af91540ea6,completed,2026-06-19 20:20:18.683234+00:00,2026-06-19 20:20:20.548304+00:00
dca40f5f-c785-490b-acdb-c7af14ab7396,completed,2026-06-19 20:20:19.118205+00:00,2026-06-19 20:20:21.097590+00:00
f022cdbd-6367-46c4-8b06-ba3aef07a69b,completed,2026-06-19 20:20:19.324938+00:00,2026-06-19 20:20:21.370002+00:00
f5c436c2-6269-4c7d-b43f-b6906e803440,completed,2026-06-19 20:20:19.537548+00:00,2026-06-19 20:20:21.661161+00:00
17ab4ecc-3a84-4ea3-99ba-21f842523d7f,completed,2026-06-19 20:20:19.747468+00:00,2026-06-19 20:20:21.934654+00:00
33815262-3abf-4b80-9edb-19863d53ebce,completed,2026-06-19 20:20:20.164901+00:00,2026-06-19 20:20:22.528125+00:00
23ff63bf-c551-4611-8440-1ee581deb346,completed,2026-06-19 20:20:20.476676+00:00,2026-06-19 20:20:22.968407+00:00
f281ca27-5e26-46ff-988a-72eebaff1ba1,completed,2026-06-19 20:20:20.578332+00:00,2026-06-19 20:20:23.102460+00:00
76cd020b-f5f7-423f-aa0e-cac5082c25fb,completed,2026-06-19 20:20:20.680264+00:00,2026-06-19 20:20:23.245738+00:00
2830fc0c-bb8b-4f2b-85a6-71e7fd1bb496,completed,2026-06-19 20:20:19.174677+00:00,2026-06-19 20:20:21.139798+00:00
3cfb34b6-e1b6-4203-8986-6fcac1aafce1,completed,2026-06-19 20:20:11.711634+00:00,2026-06-19 20:20:12.002457+00:00
9f37da88-e65c-43b5-bbd5-9cf48db00dad,completed,2026-06-19 20:20:12.104439+00:00,2026-06-19 20:20:12.454264+00:00
2fb71351-fb45-40f1-8dc7-164a0824d19b,completed,2026-06-19 20:20:14.507015+00:00,2026-06-19 20:20:15.150362+00:00
0f9ec070-a598-4638-8a83-0e1b2154ee37,completed,2026-06-19 20:20:12.236576+00:00,2026-06-19 20:20:12.591074+00:00
1a613f90-c893-4bc8-93be-afff88636ff9,completed,2026-06-19 20:20:12.495009+00:00,2026-06-19 20:20:12.873532+00:00
64c5d7e1-f754-4c32-adbf-eedc8372b1a1,completed,2026-06-19 20:20:12.883194+00:00,2026-06-19 20:20:13.304076+00:00
018fdc75-1876-4de5-adc4-950557189e08,completed,2026-06-19 20:20:15.934336+00:00,2026-06-19 20:20:17.002522+00:00
71e7b289-4299-41ad-bc1f-a7bee190cfaf,completed,2026-06-19 20:20:13.140137+00:00,2026-06-19 20:20:13.586679+00:00
38e417c0-4298-49a4-bee7-1bd23121a945,completed,2026-06-19 20:20:13.393894+00:00,2026-06-19 20:20:13.866628+00:00
488d9b4c-cbad-4911-9756-5b0c4f3c3427,completed,2026-06-19 20:20:14.990144+00:00,2026-06-19 20:20:15.839725+00:00
83ab4a00-8bed-426e-8fd6-a0d01b737188,completed,2026-06-19 20:20:13.766309+00:00,2026-06-19 20:20:14.288977+00:00
e5b93cf0-4763-4ee5-88f6-5bdbcdee6a27,completed,2026-06-19 20:20:18.412453+00:00,2026-06-19 20:20:20.134998+00:00
6d336596-4934-4013-897b-2cc091e197d1,completed,2026-06-19 20:20:14.262263+00:00,2026-06-19 20:20:14.874776+00:00
4fb6cd9c-107c-4d83-87a2-e92505a78d56,completed,2026-06-19 20:20:14.385585+00:00,2026-06-19 20:20:15.014415+00:00
15779467-eb5e-4d2f-8be0-9238248307b3,completed,2026-06-19 20:20:15.109800+00:00,2026-06-19 20:20:16.048851+00:00
69ba9bfd-81ef-4b88-998f-057755ac42e9,completed,2026-06-19 20:20:16.168473+00:00,2026-06-19 20:20:17.270273+00:00
5084f1a3-36b1-4fe7-b644-46260d9d8a31,completed,2026-06-19 20:20:15.347834+00:00,2026-06-19 20:20:16.272569+00:00
8a3fb1d3-b527-45b6-9089-9c17c299f8d9,completed,2026-06-19 20:20:15.583535+00:00,2026-06-19 20:20:16.559569+00:00
6bb05014-cf0f-4257-aaa5-fbc1b5e064e4,completed,2026-06-19 20:20:15.819349+00:00,2026-06-19 20:20:16.874128+00:00
0b79ab6e-759d-4096-8d1b-294d7e49fb3a,completed,2026-06-19 20:20:16.515035+00:00,2026-06-19 20:20:17.709488+00:00
77bcbe9b-8e58-43ea-9c59-d594f1bfd7a8,completed,2026-06-19 20:20:18.518024+00:00,2026-06-19 20:20:20.269123+00:00
b8db823e-51e8-4be3-a7a2-be5c05265113,completed,2026-06-19 20:20:17.308367+00:00,2026-06-19 20:20:18.715064+00:00
077355fd-1239-4f87-a751-315eb7bba434,completed,2026-06-19 20:20:19.274563+00:00,2026-06-19 20:20:21.285797+00:00
ee1459e9-c31c-46f7-9f65-191da31ac0e3,completed,2026-06-19 20:20:19.590472+00:00,2026-06-19 20:20:21.712168+00:00
f68e3616-1458-4ac3-93e5-35ea3d7bbea7,completed,2026-06-19 20:20:22.922879+00:00,2026-06-19 20:20:26.488599+00:00
9ac3e4b9-5a4f-4b26-9607-48c8130c4a5c,completed,2026-06-19 20:20:19.693284+00:00,2026-06-19 20:20:21.894258+00:00
66313625-d7ff-4830-84b1-d9178a75beb7,completed,2026-06-19 20:20:19.902742+00:00,2026-06-19 20:20:22.184054+00:00
70e4c86a-51ad-4bdd-a1bf-aa23d37bed06,completed,2026-06-19 20:20:22.038948+00:00,2026-06-19 20:20:25.202810+00:00
ac3b297f-0fe0-4d2d-a791-20dfb03361b3,completed,2026-06-19 20:20:20.110555+00:00,2026-06-19 20:20:22.470980+00:00
e564ee24-5b46-4bae-b1fb-6406c8894771,completed,2026-06-19 20:20:20.834801+00:00,2026-06-19 20:20:23.497724+00:00
5c9afbac-5f3a-4332-852b-0fb5d42b04b9,completed,2026-06-19 20:20:22.139036+00:00,2026-06-19 20:20:25.360570+00:00
c45c51b7-52c9-41f3-a652-f646d409b23f,completed,2026-06-19 20:20:21.037709+00:00,2026-06-19 20:20:23.785625+00:00
6745e0c9-0fc6-4f7b-8904-d33d7cf003bc,completed,2026-06-19 20:20:21.442588+00:00,2026-06-19 20:20:24.375585+00:00
b11306af-76c5-4470-9264-c585ccba800e,completed,2026-06-19 20:20:21.842986+00:00,2026-06-19 20:20:24.933877+00:00
36ad372c-70b8-4a11-af51-624d799e28ab,completed,2026-06-19 20:20:21.938356+00:00,2026-06-19 20:20:25.069592+00:00
b24f277f-e513-4bc8-a355-3f0f2c10fd4d,completed,2026-06-19 20:20:22.530454+00:00,2026-06-19 20:20:25.925866+00:00
0171938b-4bf3-46d6-9b97-b9712c4a1f59,completed,2026-06-19 20:20:24.069453+00:00,2026-06-19 20:20:28.154824+00:00
adc0185f-fad1-45ac-9766-c32a84445466,completed,2026-06-19 20:20:22.826913+00:00,2026-06-19 20:20:26.351245+00:00
fe757776-6d16-43bb-872d-c764065f2854,completed,2026-06-19 20:20:23.499481+00:00,2026-06-19 20:20:27.331650+00:00
4bfde7fc-6bec-43e7-9a06-5fea7adbe4f2,completed,2026-06-19 20:20:24.350420+00:00,2026-06-19 20:20:28.598939+00:00
91f657d4-24d3-47e5-85e3-98cb20951229,completed,2026-06-19 20:20:25.185613+00:00,2026-06-19 20:20:29.913833+00:00
ae9a5382-4cce-4c40-abe8-a68d014a7a1b,completed,2026-06-19 20:20:25.368480+00:00,2026-06-19 20:20:30.215411+00:00
bdb31b3a-d7a9-4270-bf02-1746ab55c420,completed,2026-06-19 20:20:25.550339+00:00,2026-06-19 20:20:30.503051+00:00
80d3afab-7856-493e-b50b-3e3d691c6976,completed,2026-06-19 20:20:25.733823+00:00,2026-06-19 20:20:30.778667+00:00
72dcdba1-0ba5-4fa0-bd54-d7b63f7b62ba,completed,2026-06-19 20:20:25.823611+00:00,2026-06-19 20:20:30.928483+00:00
7c4c7633-dbfe-46a4-aa51-409800eecf9c,completed,2026-06-19 20:20:26.094575+00:00,2026-06-19 20:20:31.347163+00:00
4f7bc2db-7852-409a-8502-23bff089f1d8,completed,2026-06-19 20:20:26.985707+00:00,2026-06-19 20:20:32.791529+00:00
1c0ca302-4548-4409-8594-44b952f24b71,completed,2026-06-19 20:20:27.337403+00:00,2026-06-19 20:20:33.368266+00:00
e99d5d63-748f-43a1-885c-4019482d62f2,completed,2026-06-19 20:20:27.599508+00:00,2026-06-19 20:20:33.804011+00:00
8eb28bda-6dcf-44bb-8066-36e2eaa8a917,completed,2026-06-19 20:20:27.772655+00:00,2026-06-19 20:20:34.080474+00:00
2df1519a-959e-4be2-b378-6c8e4aad5301,completed,2026-06-19 20:20:28.378049+00:00,2026-06-19 20:20:35.097124+00:00
8b0697cb-9651-475f-afb0-da97dbf58730,completed,2026-06-19 20:20:28.461887+00:00,2026-06-19 20:20:35.260332+00:00
3335d53b-2bc3-4d47-b015-d83357d3f916,completed,2026-06-19 20:20:28.717590+00:00,2026-06-19 20:20:35.692236+00:00
bfcf9e06-da8f-437b-8072-3d4f9e3dcb40,completed,2026-06-19 20:20:28.971653+00:00,2026-06-19 20:20:36.182019+00:00
64e1393f-a0c1-4ab3-a7ec-b380987a7a98,completed,2026-06-19 20:20:29.139644+00:00,2026-06-19 20:20:36.490057+00:00
99c59872-b2b8-45a5-b074-dbade676f1e1,completed,2026-06-19 20:20:19.006573+00:00,2026-06-19 20:20:20.964572+00:00
75679f11-ba31-4468-9fb7-b596bb4d9bc1,completed,2026-06-19 20:20:20.784917+00:00,2026-06-19 20:20:23.381515+00:00
f398929d-c959-45e8-89b8-38e9741bb245,completed,2026-06-19 20:20:26.940699+00:00,2026-06-19 20:20:32.671797+00:00
efb2eda4-3f59-40ff-9f73-c4d518332f2e,completed,2026-06-19 20:20:20.987231+00:00,2026-06-19 20:20:23.675689+00:00
7c9e53d0-3c99-4ca5-845f-c29d5641e36f,completed,2026-06-19 20:20:24.018890+00:00,2026-06-19 20:20:28.160733+00:00
d0e3e8a7-f9a2-4c1c-8971-27c43e792c26,completed,2026-06-19 20:20:21.191056+00:00,2026-06-19 20:20:23.943019+00:00
7b65f125-6e7c-4f65-a2aa-0c003ab90dd2,completed,2026-06-19 20:20:24.116351+00:00,2026-06-19 20:20:28.299044+00:00
2a46bd43-9ecc-4be1-9117-8ff5a596366b,completed,2026-06-19 20:20:22.089846+00:00,2026-06-19 20:20:25.266464+00:00
3bcd49ec-8c31-4c56-a7fb-a82bd45f239f,completed,2026-06-19 20:20:22.283872+00:00,2026-06-19 20:20:25.551461+00:00
2bbbeace-49cd-4d7b-8962-9c94daaacf1b,completed,2026-06-19 20:20:24.208829+00:00,2026-06-19 20:20:28.432978+00:00
8229f5d0-0bc1-4cf2-9565-93a5985fb332,completed,2026-06-19 20:20:22.385476+00:00,2026-06-19 20:20:25.690687+00:00
ee46ceb8-b5fe-49fa-9a9e-5bd06ed129c2,completed,2026-06-19 20:20:22.679297+00:00,2026-06-19 20:20:26.126091+00:00
4644ad8a-bc06-4745-9069-71e5c9fa0312,completed,2026-06-19 20:20:24.304729+00:00,2026-06-19 20:20:28.575337+00:00
664cb4e3-6d72-4119-b740-96e5e2171001,completed,2026-06-19 20:20:22.874271+00:00,2026-06-19 20:20:26.410712+00:00
0d27235d-4a6b-4658-a0f5-50e8bc7b9580,completed,2026-06-19 20:20:25.959866+00:00,2026-06-19 20:20:31.151257+00:00
0fbecd8a-40e0-4ed5-8d8d-6f73d09b42b1,completed,2026-06-19 20:20:26.139019+00:00,2026-06-19 20:20:31.413343+00:00
8f90200d-5cef-4e52-a2df-1066a10e6ca0,completed,2026-06-19 20:20:26.498188+00:00,2026-06-19 20:20:31.950452+00:00
9a1f1990-55bc-4b3f-85fb-cccb4b426843,completed,2026-06-19 20:20:27.730374+00:00,2026-06-19 20:20:34.053231+00:00
99a4ebea-938b-4254-9cbb-f766b2f4b82a,completed,2026-06-19 20:20:27.293962+00:00,2026-06-19 20:20:33.231047+00:00
27f3c181-7f1a-495a-9c75-7f8389f2f256,completed,2026-06-19 20:20:27.556536+00:00,2026-06-19 20:20:33.662168+00:00
63ddae1e-c6ec-4303-b07b-bb1203eb3f4a,completed,2026-06-19 20:20:27.645127+00:00,2026-06-19 20:20:33.803984+00:00
dcd8952f-d833-4113-aa16-d36e8f434a74,completed,2026-06-19 20:20:28.246990+00:00,2026-06-19 20:20:34.932662+00:00
3dccb447-5a70-4f59-a472-079871621e27,completed,2026-06-19 20:20:27.989431+00:00,2026-06-19 20:20:34.476803+00:00
ee431f9f-6650-46e8-9dcd-d7ba7d162a7c,completed,2026-06-19 20:20:28.419987+00:00,2026-06-19 20:20:35.218513+00:00
ea47aca7-e265-4daf-9506-cf09271c18ea,completed,2026-06-19 20:20:29.350985+00:00,2026-06-19 20:20:36.836860+00:00
52512bd4-e365-4b22-873e-e086a73317b1,completed,2026-06-19 20:20:29.768062+00:00,2026-06-19 20:20:37.573652+00:00
706cb9bc-4057-48a7-b784-39ed8cdacf4d,completed,2026-06-19 20:20:29.850823+00:00,2026-06-19 20:20:37.723897+00:00
3220af91-4713-4239-8180-29abdebb98f7,completed,2026-06-19 20:20:30.099243+00:00,2026-06-19 20:20:38.177326+00:00
4a7e3693-917d-4370-84c9-1193d0b032b3,completed,2026-06-19 20:20:30.428160+00:00,2026-06-19 20:20:38.765188+00:00
77d6e031-d6b7-4af1-93a1-5948fdb93453,completed,2026-06-19 20:20:30.507026+00:00,2026-06-19 20:20:38.905437+00:00
1304b1d7-aed6-4945-a079-849b52316675,completed,2026-06-19 20:20:30.592895+00:00,2026-06-19 20:20:39.048872+00:00
1c72ee26-d39e-4e5f-a8ea-148bf1345926,completed,2026-06-19 20:20:31.564042+00:00,2026-06-19 20:20:40.827936+00:00
77cc9f7a-5fb1-4e74-a5be-b20af36d6a86,completed,2026-06-19 20:20:31.642362+00:00,2026-06-19 20:20:40.960634+00:00
b6be02bc-9c85-4d31-8627-dd48052146b8,completed,2026-06-19 20:20:31.961970+00:00,2026-06-19 20:20:41.506289+00:00
30871c4b-f988-45d4-b937-70216fd003dd,completed,2026-06-19 20:20:32.277861+00:00,2026-06-19 20:20:42.093039+00:00
7fd09cd3-d65e-4c1d-8467-cca45f77dfd8,completed,2026-06-19 20:20:32.437271+00:00,2026-06-19 20:20:42.404961+00:00
bb616dfc-2481-436f-837e-f086b5ee7021,completed,2026-06-19 20:20:32.514095+00:00,2026-06-19 20:20:42.570414+00:00
09e517ea-ffe5-4937-9322-eb7079de1dc8,completed,2026-06-19 20:20:32.670741+00:00,2026-06-19 20:20:42.867869+00:00
5e460de5-cd68-40b7-8dfa-99e33bf65116,completed,2026-06-19 20:20:32.750594+00:00,2026-06-19 20:20:43.022759+00:00
2caa004c-767b-4731-a6dc-c295b5beceb1,completed,2026-06-19 20:20:33.215976+00:00,2026-06-19 20:20:43.883208+00:00
6ec2c248-92e5-4985-9b33-24cb774fcc7a,completed,2026-06-19 20:20:34.216688+00:00,2026-06-19 20:20:45.816384+00:00
fd50ebb9-f60f-4951-a37a-25f516d419ba,completed,2026-06-19 20:20:34.368224+00:00,2026-06-19 20:20:46.129895+00:00
a87f25a7-8f95-4504-af13-413e6b63a6a0,completed,2026-06-19 20:20:34.521023+00:00,2026-06-19 20:20:46.448407+00:00
4bacd141-00d1-471d-9cdb-7ea1e6d7eeef,completed,2026-06-19 20:20:34.749120+00:00,2026-06-19 20:20:46.877670+00:00
1a84f71a-f50b-4be1-951f-dbf3a6515506,completed,2026-06-19 20:20:34.972375+00:00,2026-06-19 20:20:47.315942+00:00
13b62709-132a-41fc-8cb5-c18dd87d4ef4,completed,2026-06-19 20:20:35.123615+00:00,2026-06-19 20:20:47.619006+00:00
56dc5337-a7c8-4b5b-ab5f-41537f17beed,completed,2026-06-19 20:20:35.196726+00:00,2026-06-19 20:20:47.770520+00:00
d9e9edf3-1b12-4135-bfe1-2ab034f25ea1,completed,2026-06-19 20:20:27.073942+00:00,2026-06-19 20:20:32.923911+00:00
d4c66509-48aa-4512-bf8d-94aaa1359ad7,completed,2026-06-19 20:20:29.725784+00:00,2026-06-19 20:20:37.547817+00:00
ca7812ea-d2c2-45a2-af88-2a78edf02c12,completed,2026-06-19 20:20:36.996153+00:00,2026-06-19 20:20:51.346190+00:00
f60748e1-6b25-4394-a1d3-57c6dbd17e83,completed,2026-06-19 20:20:29.642409+00:00,2026-06-19 20:20:37.424282+00:00
cc894a04-d255-4a01-bef0-579ec56533ef,completed,2026-06-19 20:20:30.223302+00:00,2026-06-19 20:20:38.448631+00:00
d0e5be4f-83a2-46e1-a5f8-48650759db81,completed,2026-06-19 20:20:30.386739+00:00,2026-06-19 20:20:38.726324+00:00
db67ee55-24e5-4b69-9718-3a50a97e0248,completed,2026-06-19 20:20:30.469269+00:00,2026-06-19 20:20:38.872873+00:00
b2dd0c87-8a06-4978-9985-038bad877082,completed,2026-06-19 20:20:30.796212+00:00,2026-06-19 20:20:39.444760+00:00
0d2ecea5-d500-4617-9eb0-50fc018082bf,completed,2026-06-19 20:20:30.877721+00:00,2026-06-19 20:20:39.581244+00:00
ae495179-332f-46f4-a771-7b3e35d2a7aa,completed,2026-06-19 20:20:30.958838+00:00,2026-06-19 20:20:39.718176+00:00
242b6249-1602-4fb9-944a-901a89340f07,completed,2026-06-19 20:20:31.119886+00:00,2026-06-19 20:20:39.982490+00:00
7e0f89cd-2443-4924-9057-fd9d8274c081,completed,2026-06-19 20:20:31.201072+00:00,2026-06-19 20:20:40.127572+00:00
2fa9a48d-ef6f-45ab-88b0-eaf592eb52d7,completed,2026-06-19 20:20:31.684066+00:00,2026-06-19 20:20:40.992777+00:00
3ce001bd-ae18-4e50-82f5-a1ccd6455b24,completed,2026-06-19 20:20:31.762294+00:00,2026-06-19 20:20:41.142328+00:00
60b44f7a-61fa-465e-a354-2848b56ba3f0,completed,2026-06-19 20:20:31.842942+00:00,2026-06-19 20:20:41.302059+00:00
774d7f12-0ad2-4ce4-870f-f247f5c89559,completed,2026-06-19 20:20:32.398699+00:00,2026-06-19 20:20:42.344165+00:00
d4aa1e80-3625-44bc-921c-344b779ed205,completed,2026-06-19 20:20:33.335357+00:00,2026-06-19 20:20:44.074912+00:00
f096f4df-14f1-4f5d-be92-323d623976d5,completed,2026-06-19 20:20:33.411997+00:00,2026-06-19 20:20:44.214007+00:00
88945a46-79b5-4ae1-b3af-0a9dee2f6bb2,completed,2026-06-19 20:20:34.252885+00:00,2026-06-19 20:20:45.880313+00:00
9a635a97-011f-4cb1-9d4a-a1f59e7fc11a,completed,2026-06-19 20:20:34.783885+00:00,2026-06-19 20:20:46.930983+00:00
78b383b8-6cc3-4d9b-96cc-361b0a6c5a40,completed,2026-06-19 20:20:34.860175+00:00,2026-06-19 20:20:47.073902+00:00
de2062ba-5569-4152-ae0b-847be1958c60,completed,2026-06-19 20:20:34.931517+00:00,2026-06-19 20:20:47.229988+00:00
a9a4a1dc-0032-49e5-afcb-358088eacc1a,completed,2026-06-19 20:20:35.084670+00:00,2026-06-19 20:20:47.546090+00:00
c86cb7d8-c63c-41c1-b878-c56d94fd880c,completed,2026-06-19 20:20:36.050913+00:00,2026-06-19 20:20:49.456719+00:00
fc4ce29e-d403-4412-be3f-e4241500861c,completed,2026-06-19 20:20:36.342614+00:00,2026-06-19 20:20:50.068307+00:00
b8f1cebc-a016-42f3-9fd8-50291f5ea56b,completed,2026-06-19 20:20:36.562064+00:00,2026-06-19 20:20:50.494599+00:00
1e3b6ae8-91ba-4b70-9c74-fa6f2791b421,completed,2026-06-19 20:20:36.852592+00:00,2026-06-19 20:20:51.062809+00:00
7876d260-427c-45cf-a4ca-c180142c037e,completed,2026-06-19 20:20:36.924296+00:00,2026-06-19 20:20:51.211242+00:00
d86e34ed-3e20-4d27-bc44-d27a08234da5,completed,2026-06-19 20:20:37.500600+00:00,2026-06-19 20:20:52.328718+00:00
11ce6a66-f99b-42c6-9c5a-c88715aa7573,completed,2026-06-19 20:20:37.716832+00:00,2026-06-19 20:20:52.746230+00:00
1f467d40-b8ad-46c4-9660-5137bdbb8f7c,completed,2026-06-19 20:20:35.494065+00:00,2026-06-19 20:20:48.336004+00:00
5d20cff6-32d3-4dd7-ab44-804f024dd3eb,completed,2026-06-19 20:20:38.389138+00:00,2026-06-19 20:20:54.149328+00:00
ff124048-1a5d-487f-843e-a1fd9c88d580,completed,2026-06-19 20:20:35.941112+00:00,2026-06-19 20:20:49.219810+00:00
8ef870a3-ed86-4ae6-b90a-f44ea701358e,completed,2026-06-19 20:20:36.379989+00:00,2026-06-19 20:20:50.066328+00:00
4149db62-7107-49e4-800e-c26f15f5259e,completed,2026-06-19 20:20:38.599290+00:00,2026-06-19 20:20:54.601200+00:00
1ad84b51-07f0-4a05-9dfb-6ff318bc23d2,completed,2026-06-19 20:20:37.104564+00:00,2026-06-19 20:20:51.509405+00:00
6a50f219-01f1-4c26-9747-b21de8c959aa,completed,2026-06-19 20:20:37.608515+00:00,2026-06-19 20:20:52.533496+00:00
ae812733-db76-4081-86e8-e0341da647f5,completed,2026-06-19 20:20:38.741170+00:00,2026-06-19 20:20:54.885296+00:00
77245a16-bd3c-4000-a8e3-ba5dfdaa23b3,completed,2026-06-19 20:20:37.680009+00:00,2026-06-19 20:20:52.684754+00:00
60904e09-7eab-4f0e-8446-790d0b1eea5c,completed,2026-06-19 20:20:37.821625+00:00,2026-06-19 20:20:52.972168+00:00
f056069f-236e-499d-88eb-db0f674e34c6,completed,2026-06-19 20:20:38.818583+00:00,2026-06-19 20:20:55.050119+00:00
935729fc-8637-4b17-a4af-a514b34281c3,completed,2026-06-19 20:20:37.973330+00:00,2026-06-19 20:20:53.261390+00:00
52bb699d-6d37-465e-96b8-2ccd27006bc4,completed,2026-06-19 20:20:38.106940+00:00,2026-06-19 20:20:53.536055+00:00
eb71aa51-bf2c-42a9-861d-852fa3de30a9,completed,2026-06-19 20:20:38.880265+00:00,2026-06-19 20:20:55.200430+00:00
cee0fe8f-9bbb-4b2c-ac89-104e1c92aad1,completed,2026-06-19 20:20:30.644782+00:00,2026-06-19 20:20:39.167749+00:00
98f699e5-16e8-41f1-980f-a809a5068505,completed,2026-06-19 20:20:31.079842+00:00,2026-06-19 20:20:39.956137+00:00
81b1e38b-5f65-4ed4-9398-f367aae1bfe0,completed,2026-06-19 20:20:39.575437+00:00,2026-06-19 20:20:56.704861+00:00
632e1503-ee68-4969-8f76-ec4c6ad32822,completed,2026-06-19 20:20:38.071567+00:00,2026-06-19 20:20:53.495490+00:00
23e85102-4508-47da-ad01-270043278efe,completed,2026-06-19 20:20:38.425770+00:00,2026-06-19 20:20:54.225796+00:00
cf4b5653-573f-4d37-92bd-4591cb9fd343,completed,2026-06-19 20:20:38.633950+00:00,2026-06-19 20:20:54.671356+00:00
dcded629-9c56-4666-a878-93c5805652ec,completed,2026-06-19 20:20:38.845199+00:00,2026-06-19 20:20:55.093544+00:00
47a86c3e-55ce-4097-8e4b-68320edeaf45,completed,2026-06-19 20:20:39.124355+00:00,2026-06-19 20:20:55.662714+00:00
24b53f17-6f13-4b72-817a-8c5c817ff031,completed,2026-06-19 20:20:39.236142+00:00,2026-06-19 20:20:55.950839+00:00
b8771e82-0912-4efb-9222-8d883a929dd7,completed,2026-06-19 20:20:39.436963+00:00,2026-06-19 20:20:56.389940+00:00
2012c56f-c342-487a-8f48-120548a035be,completed,2026-06-19 20:20:39.748598+00:00,2026-06-19 20:20:57.022798+00:00
148691f3-e742-492b-b45c-cc8350498731,completed,2026-06-19 20:20:39.540525+00:00,2026-06-19 20:20:56.557831+00:00
85a6168c-2150-4494-8840-a6ccb4a7de12,completed,2026-06-19 20:20:39.646355+00:00,2026-06-19 20:20:56.852150+00:00
a5bb5d33-b018-4ed1-b59b-4ea4fb0bbf56,completed,2026-06-19 20:20:40.227084+00:00,2026-06-19 20:20:58.084520+00:00
54c0a8cf-e3de-49ff-86d5-b3c841ecd693,completed,2026-06-19 20:20:39.712603+00:00,2026-06-19 20:20:56.992676+00:00
6fbd56bf-4aad-4dcf-bc33-ffe6ec50c765,completed,2026-06-19 20:20:39.918267+00:00,2026-06-19 20:20:57.414654+00:00
ccbe1a55-99c9-493a-9d0d-ad7c411d0bfc,completed,2026-06-19 20:20:40.056642+00:00,2026-06-19 20:20:57.692584+00:00
5851c66d-0981-455a-b8f7-891086f64ccf,completed,2026-06-19 20:20:40.124990+00:00,2026-06-19 20:20:57.829553+00:00
59604268-cde0-456f-9dee-ca4ec59ed2c4,completed,2026-06-19 20:20:40.397627+00:00,2026-06-19 20:20:58.388790+00:00
5618872e-60f2-484d-bc9f-a32b9138823d,completed,2026-06-19 20:20:40.192571+00:00,2026-06-19 20:20:57.969655+00:00
a5b650f0-254a-48f6-96aa-13060f0125e3,completed,2026-06-19 20:20:40.742897+00:00,2026-06-19 20:20:59.115288+00:00
6b2e2dd5-a021-41e1-a067-51f1cceb7846,completed,2026-06-19 20:20:40.363316+00:00,2026-06-19 20:20:58.364131+00:00
d4a423f4-e208-4d43-a77b-029512701e2b,completed,2026-06-19 20:20:40.533737+00:00,2026-06-19 20:20:58.668213+00:00
f29b9ecc-2329-4eed-8dd9-d7360ca3802f,completed,2026-06-19 20:20:40.865499+00:00,2026-06-19 20:20:59.369873+00:00
b3d3445f-0d73-414d-b573-298556fc2c71,completed,2026-06-19 20:20:40.974530+00:00,2026-06-19 20:20:59.641624+00:00
a3475ab8-da7f-4126-aafe-82649a2f12af,completed,2026-06-19 20:20:41.074750+00:00,2026-06-19 20:20:59.843341+00:00
130e0ef2-2f6d-46d6-9604-085eb5ea0e0b,completed,2026-06-19 20:20:41.141172+00:00,2026-06-19 20:20:59.980111+00:00
c0bd25aa-7e57-427b-ab4e-9b3327bf505d,completed,2026-06-19 20:20:41.211309+00:00,2026-06-19 20:21:00.126421+00:00
a1851fd5-c9f1-4203-bbcc-f6dd252a8547,completed,2026-06-19 20:20:41.341840+00:00,2026-06-19 20:21:00.445855+00:00
42d66b49-2b98-4735-b21b-b1bfd29ef031,completed,2026-06-19 20:20:41.718444+00:00,2026-06-19 20:21:01.274656+00:00
d28209b4-c2b9-4e3f-88c9-90b1986226d6,completed,2026-06-19 20:20:47.856567+00:00,2026-06-19 20:21:16.238170+00:00
c3ca7234-cdcd-4657-a1a1-a9b3a30bb8b1,completed,2026-06-19 20:20:41.976840+00:00,2026-06-19 20:21:01.883071+00:00
62ea8c04-9ee8-4e1f-983c-03817696a72f,completed,2026-06-19 20:20:42.042157+00:00,2026-06-19 20:21:02.020933+00:00
fe23e2ce-8d4b-456c-999b-9a2d3ae427ee,completed,2026-06-19 20:20:42.307064+00:00,2026-06-19 20:21:02.617550+00:00
63ba7152-56e5-4fa0-a28f-a80838c7deb7,completed,2026-06-19 20:20:42.372529+00:00,2026-06-19 20:21:02.765183+00:00
5527bb12-1561-468e-b478-0dd83b1de3cd,completed,2026-06-19 20:20:42.504801+00:00,2026-06-19 20:21:03.050084+00:00
695f0e35-0c2c-4021-8b07-2c95b45faff9,completed,2026-06-19 20:20:42.701284+00:00,2026-06-19 20:21:03.484281+00:00
1095e7de-d949-4ffa-b4b6-799dea17dc1f,completed,2026-06-19 20:20:43.027926+00:00,2026-06-19 20:21:04.223043+00:00
80674211-ced3-4740-a24e-436b3b8e85b1,completed,2026-06-19 20:20:43.157674+00:00,2026-06-19 20:21:04.515673+00:00
337e646b-1d07-4882-a56f-0fb48dc34bb3,completed,2026-06-19 20:20:43.221867+00:00,2026-06-19 20:21:04.664906+00:00
e02b3dc3-4f0d-400f-9716-fdd671320235,completed,2026-06-19 20:20:43.289549+00:00,2026-06-19 20:21:04.810261+00:00
9ce73cc5-ea4e-4cc4-b40f-ad3a9c7b44ac,completed,2026-06-19 20:20:43.547978+00:00,2026-06-19 20:21:05.370846+00:00
0a54f392-e396-4b45-bbcc-3ad6f0ccc528,completed,2026-06-19 20:20:43.611453+00:00,2026-06-19 20:21:05.504928+00:00
dd38a0a1-0516-4c02-9967-91105f906d32,completed,2026-06-19 20:20:43.998274+00:00,2026-06-19 20:21:06.455164+00:00
c8df1200-6668-4800-b5db-93c57ecc87d5,completed,2026-06-19 20:20:44.061553+00:00,2026-06-19 20:21:06.601917+00:00
328120c2-3db6-493b-ad35-d315031e4a1e,completed,2026-06-19 20:20:44.382964+00:00,2026-06-19 20:21:07.345724+00:00
ca28cc3f-1723-40f5-ae1e-c9ba65d35a13,completed,2026-06-19 20:20:45.015444+00:00,2026-06-19 20:21:08.862510+00:00
49ae1893-84da-48fd-b3e4-db27018fb48d,completed,2026-06-19 20:20:45.519579+00:00,2026-06-19 20:21:10.166110+00:00
9b498f3e-aa64-4b8c-ad59-ab2149bc7ce0,completed,2026-06-19 20:20:45.583151+00:00,2026-06-19 20:21:10.314574+00:00
238a36e5-9120-444c-99bf-ce54aaadf913,completed,2026-06-19 20:20:45.706017+00:00,2026-06-19 20:21:10.616261+00:00
f3d4548c-4e0a-4948-b54e-5204692bf2bf,completed,2026-06-19 20:20:46.513770+00:00,2026-06-19 20:21:12.618478+00:00
534ad746-2349-44ba-a2bc-0c124e31b004,completed,2026-06-19 20:20:46.821714+00:00,2026-06-19 20:21:13.345980+00:00
dacbddbc-db2e-4619-a4b8-e211ed8ba936,completed,2026-06-19 20:20:46.942582+00:00,2026-06-19 20:21:13.707039+00:00
2b1d1393-05ba-479c-894f-374866d30290,completed,2026-06-19 20:20:47.553785+00:00,2026-06-19 20:21:15.337801+00:00
4c1c31ed-7e67-49a9-88aa-1dbf0b3f80b6,completed,2026-06-19 20:20:47.794711+00:00,2026-06-19 20:21:16.138955+00:00
82c4b722-a532-488f-88fb-6a3f2d68ae15,completed,2026-06-19 20:20:48.036890+00:00,2026-06-19 20:21:16.813546+00:00
41689af9-45e2-47e5-9a22-cd457253f255,completed,2026-06-19 20:20:48.097125+00:00,2026-06-19 20:21:17.033450+00:00
8cf0e850-4282-4088-b11c-890ebace7dec,completed,2026-06-19 20:20:48.216610+00:00,2026-06-19 20:21:17.289488+00:00
f83c4c28-91b6-4e85-bcf5-f963e11c0a9b,completed,2026-06-19 20:20:48.401216+00:00,2026-06-19 20:21:17.807928+00:00
86420472-1d6f-46be-b111-1a4043d30c30,completed,2026-06-19 20:20:48.457176+00:00,2026-06-19 20:21:17.975700+00:00
49ac57fa-77cc-4652-b474-d231c9dc5ba0,completed,2026-06-19 20:20:47.704463+00:00,2026-06-19 20:21:15.801783+00:00
f3269613-2aea-42a8-a470-65444f399acc,completed,2026-06-19 20:20:42.074874+00:00,2026-06-19 20:21:02.093847+00:00
36d6c1f8-7dd4-4e64-a529-46d323ae4c4a,completed,2026-06-19 20:20:42.734821+00:00,2026-06-19 20:21:03.577627+00:00
4b7f419d-024a-450c-b553-1d5616eb5e63,completed,2026-06-19 20:20:43.126592+00:00,2026-06-19 20:21:04.414569+00:00
bbe54acf-8a24-48ef-ae0b-848d69538202,completed,2026-06-19 20:20:43.320088+00:00,2026-06-19 20:21:04.834418+00:00
5ccf6e04-8796-4e21-b4c5-2d87384a49dc,completed,2026-06-19 20:20:43.383882+00:00,2026-06-19 20:21:04.971188+00:00
84fc4ca1-058d-4ea3-b4a2-927bc2e0b30b,completed,2026-06-19 20:20:43.449208+00:00,2026-06-19 20:21:05.104407+00:00
e4280573-1add-49bf-816e-5a153df2ae5f,completed,2026-06-19 20:20:44.157715+00:00,2026-06-19 20:21:06.859925+00:00
a81f3f2b-dc9f-468f-ae9a-3ac74a25007f,completed,2026-06-19 20:20:44.221747+00:00,2026-06-19 20:21:07.004392+00:00
62ebff52-1cbf-4c68-8ba7-1393d23874dc,completed,2026-06-19 20:20:44.285077+00:00,2026-06-19 20:21:07.146053+00:00
3d467ad8-134a-4740-826c-78a898f2301e,completed,2026-06-19 20:20:44.414216+00:00,2026-06-19 20:21:07.425107+00:00
1cba7852-8a24-4bec-aeb5-54fcaaae7c20,completed,2026-06-19 20:20:44.858305+00:00,2026-06-19 20:21:08.457980+00:00
4363dff0-5482-4ed3-a594-798311f3c7d6,completed,2026-06-19 20:20:44.920569+00:00,2026-06-19 20:21:08.598850+00:00
96bfac0c-7676-4d7b-ba74-332984e2a7f0,completed,2026-06-19 20:20:45.176215+00:00,2026-06-19 20:21:09.166619+00:00
3ba1c485-1d99-4a59-b6a3-81837eae45d8,completed,2026-06-19 20:20:45.236523+00:00,2026-06-19 20:21:09.313772+00:00
9a0c2d27-7e2c-4599-8a91-55c5f3fb37a4,completed,2026-06-19 20:20:46.049487+00:00,2026-06-19 20:21:11.400151+00:00
7395f392-02fb-40ca-ab37-89b46c58d85a,completed,2026-06-19 20:20:46.110804+00:00,2026-06-19 20:21:11.553058+00:00
eee582a0-b815-4b5b-9444-a62597a3632d,completed,2026-06-19 20:20:46.171908+00:00,2026-06-19 20:21:11.714234+00:00
60be6591-bc92-4c11-86c7-fcbac6c51f32,completed,2026-06-19 20:20:46.296948+00:00,2026-06-19 20:21:12.011122+00:00
6d31b2b1-dd07-40a2-b8f4-8cecc3ec9926,completed,2026-06-19 20:20:46.357390+00:00,2026-06-19 20:21:12.181487+00:00
42266861-5ccb-42b8-b554-8deb14837a9a,completed,2026-06-19 20:20:46.480688+00:00,2026-06-19 20:21:12.486717+00:00
65b91920-edc6-4cae-ab1b-8d64f330912d,completed,2026-06-19 20:20:46.542796+00:00,2026-06-19 20:21:12.637401+00:00
cb6559a3-ac7a-482b-a66d-deccf6e59029,completed,2026-06-19 20:20:46.671419+00:00,2026-06-19 20:21:13.063834+00:00
43b67ff7-fb86-4fc7-8f9a-c544ad4388a8,completed,2026-06-19 20:20:46.920184+00:00,2026-06-19 20:21:13.649854+00:00
c270d8c0-6793-4f17-9989-0feacbd6b46e,completed,2026-06-19 20:20:47.034244+00:00,2026-06-19 20:21:13.960357+00:00
03ae14ac-6188-481f-8a51-e24ea41fd2ac,completed,2026-06-19 20:20:47.097621+00:00,2026-06-19 20:21:14.120411+00:00
b97b2f68-e2be-4086-9a6f-7841440a033a,completed,2026-06-19 20:20:47.219842+00:00,2026-06-19 20:21:14.440026+00:00
d5b4474a-f7ae-4c38-a811-2c3efad24c52,completed,2026-06-19 20:20:47.342267+00:00,2026-06-19 20:21:14.737213+00:00
02477f9a-3891-4656-91e9-d20d963b8d99,completed,2026-06-19 20:20:47.648602+00:00,2026-06-19 20:21:15.665353+00:00
5120f34f-4ebd-4d59-8f85-8db9caff8fbe,completed,2026-06-19 20:20:47.764617+00:00,2026-06-19 20:21:15.952987+00:00
109388e9-0583-42ec-b054-a81670929b6b,completed,2026-06-19 20:20:32.239612+00:00,2026-06-19 20:20:42.059301+00:00
83a6a4a2-c802-4ac0-9ebe-ce2f0287aad6,completed,2026-06-19 20:20:35.272451+00:00,2026-06-19 20:20:47.907296+00:00
c9d6463c-0a4b-45ac-abff-835b6046f79f,completed,2026-06-19 20:20:36.416487+00:00,2026-06-19 20:20:50.223812+00:00
d19fc9cc-47ce-42ad-9415-06fff89a9aab,completed,2026-06-19 20:20:37.785898+00:00,2026-06-19 20:20:52.891622+00:00
189a8f10-68b5-40b9-8167-b47b698bbb8b,completed,2026-06-19 20:20:38.985201+00:00,2026-06-19 20:20:55.366553+00:00
81edb3c2-3edc-407c-bef6-e2e469e13014,completed,2026-06-19 20:20:40.702338+00:00,2026-06-19 20:20:59.081168+00:00
5eb9397d-fba8-43c2-b9c2-a4d13a6b981a,completed,2026-06-19 20:20:41.941815+00:00,2026-06-19 20:21:01.797170+00:00
f5cffb04-5ccb-494f-a88c-a66d0dce53af,completed,2026-06-19 20:20:45.424406+00:00,2026-06-19 20:21:09.914122+00:00
7d1e8332-3b01-4832-8c42-b3036d0b784d,completed,2026-06-19 20:20:46.729629+00:00,2026-06-19 20:21:13.209824+00:00
9e3acb17-13ca-43a5-860e-e02cbceafdc0,completed,2026-06-19 20:20:47.825517+00:00,2026-06-19 20:21:16.094286+00:00
abe12187-58a7-45fe-8625-d254b03a2a5c,completed,2026-06-19 20:20:48.070861+00:00,2026-06-19 20:21:16.838430+00:00
08df3c3a-e943-454b-9603-81723edeaf2e,completed,2026-06-19 20:20:49.319789+00:00,2026-06-19 20:21:19.407731+00:00
e0c8cad0-f614-4e2d-9333-42687c55bb44,completed,2026-06-19 20:20:51.472674+00:00,2026-06-19 20:21:21.597204+00:00
90ff2ba2-0517-4a76-a946-dae26cb0755c,failed,2026-06-19 20:20:52.382713+00:00,2026-06-19 20:21:22.420398+00:00
31d90004-e2f4-480e-8c50-fb4d0a48b3f9,completed,2026-06-19 20:20:53.837132+00:00,2026-06-19 20:21:23.977236+00:00
be8b1c7d-77a0-4d51-a82a-fada86b5cd20,failed,2026-06-19 20:20:54.117386+00:00,2026-06-19 20:21:24.131232+00:00
e0cc9c72-ca3d-460a-a94c-13cda2f256dc,completed,2026-06-19 20:20:54.307803+00:00,2026-06-19 20:21:24.431310+00:00
e7de3e4e-579d-442f-a678-ea5735913474,completed,2026-06-19 20:20:55.073653+00:00,2026-06-19 20:21:25.203483+00:00
44dfaa3b-2b5f-4a3f-93f0-eee45a26bfde,failed,2026-06-19 20:20:55.969181+00:00,2026-06-19 20:21:25.974823+00:00
1f1e21f4-27c6-4190-9a60-0fd85748201d,failed,2026-06-19 20:20:56.395587+00:00,2026-06-19 20:21:26.460733+00:00
ae01fb7c-6ba1-4bc6-84a7-8a103ed5651c,completed,2026-06-19 20:21:02.925396+00:00,2026-06-19 20:21:33.006559+00:00
54e35962-519b-4f5b-aa2a-da85934c6f9c,completed,2026-06-19 20:21:08.593687+00:00,2026-06-19 20:21:38.531860+00:00
5c81b2b5-af36-4a8d-8d2c-7720c58aa29d,completed,2026-06-19 20:20:32.907491+00:00,2026-06-19 20:20:43.324414+00:00
f924e283-eeac-4d21-8e11-26d1330c788f,completed,2026-06-19 20:20:35.160625+00:00,2026-06-19 20:20:47.696105+00:00
70670ffc-0c4c-4591-8294-9f46ad520fd0,completed,2026-06-19 20:20:39.814864+00:00,2026-06-19 20:20:57.167174+00:00
d7d32bc0-cc79-45fb-96df-acefa4f32157,completed,2026-06-19 20:20:41.844783+00:00,2026-06-19 20:21:01.587548+00:00
23fab9e0-2dba-4585-a749-97c5a79494e0,completed,2026-06-19 20:20:41.909584+00:00,2026-06-19 20:21:01.740579+00:00
1d946c37-3057-4f88-ad99-7eae0a296f44,completed,2026-06-19 20:20:42.833586+00:00,2026-06-19 20:21:03.766539+00:00
c41cb5cb-2f66-4251-8d0f-873937277f41,completed,2026-06-19 20:20:43.709688+00:00,2026-06-19 20:21:05.670425+00:00
b9e857ae-baf2-44ba-9605-de0f0a4ccecf,completed,2026-06-19 20:20:44.320288+00:00,2026-06-19 20:21:07.187419+00:00
03f8fa7d-2965-4009-a0cb-20051ed6dac9,completed,2026-06-19 20:20:47.004878+00:00,2026-06-19 20:21:13.861184+00:00
9e597311-d2f2-4ba9-b4e6-37eebc6d1718,completed,2026-06-19 20:20:48.575734+00:00,2026-06-19 20:21:18.283254+00:00
f841c7df-93b7-4848-93be-6794997abe36,completed,2026-06-19 20:20:48.635787+00:00,2026-06-19 20:21:18.437599+00:00
e2daaf94-5c6f-46c6-b975-b94b1411424c,failed,2026-06-19 20:20:50.288562+00:00,2026-06-19 20:21:20.368243+00:00
7632c6cc-49e9-4d8a-b965-e4e76c57f1c2,failed,2026-06-19 20:20:51.213595+00:00,2026-06-19 20:21:21.240389+00:00
6e7cf9a3-c2ca-4394-bb7c-f61a206041dc,completed,2026-06-19 20:20:52.920778+00:00,2026-06-19 20:21:23.051594+00:00
ad493160-3d3a-4498-89db-f14e13c115fa,completed,2026-06-19 20:20:54.253714+00:00,2026-06-19 20:21:24.423861+00:00
dede4868-c661-48e0-9978-51b127bebc17,failed,2026-06-19 20:20:56.957014+00:00,2026-06-19 20:21:26.993166+00:00
754e8c18-3714-4055-b7c9-c8f42852c1db,completed,2026-06-19 20:20:58.976374+00:00,2026-06-19 20:21:29.056554+00:00
32788428-6ade-47e8-9be1-1210ca99a511,completed,2026-06-19 20:20:59.104683+00:00,2026-06-19 20:21:29.211732+00:00
3a2387e1-5f55-4bd1-b972-b5ecc7ea5a43,completed,2026-06-19 20:21:02.043307+00:00,2026-06-19 20:21:32.049957+00:00
4f39d0ce-1170-46b5-b8ce-9a3a4f13ea5c,completed,2026-06-19 20:21:02.643274+00:00,2026-06-19 20:21:32.706601+00:00
cc994752-0feb-40d4-8e58-973784eb4b2d,completed,2026-06-19 20:21:03.876423+00:00,2026-06-19 20:21:33.891272+00:00
a75450c1-e11a-42da-bee2-f7945e30dba3,completed,2026-06-19 20:21:04.997654+00:00,2026-06-19 20:21:35.089309+00:00
367a1794-2906-4f04-b89e-21e5e858c121,completed,2026-06-19 20:21:06.620122+00:00,2026-06-19 20:21:36.622280+00:00
38aa2d40-fcb6-439a-900d-885929294e69,failed,2026-06-19 20:20:48.917439+00:00,2026-06-19 20:21:18.927963+00:00
41888594-ec3d-4309-a019-1cae7f857930,completed,2026-06-19 20:20:48.245820+00:00,2026-06-19 20:21:17.430950+00:00
dfccaa27-e269-4bf4-82f2-fcb97aa4199c,completed,2026-06-19 20:20:48.308239+00:00,2026-06-19 20:21:17.589748+00:00
73da7920-8fcd-4160-9055-9864b0859eaf,completed,2026-06-19 20:20:48.666981+00:00,2026-06-19 20:21:18.484423+00:00
c3b23155-2b51-4325-9c4b-dc456c6379a6,completed,2026-06-19 20:20:48.726709+00:00,2026-06-19 20:21:18.627212+00:00
43efb7e8-7f62-4a8b-80ac-cc63cc5e912d,failed,2026-06-19 20:20:49.024328+00:00,2026-06-19 20:21:19.080861+00:00
e1afa417-bf37-4b99-aefc-ba19304368a3,failed,2026-06-19 20:20:49.378012+00:00,2026-06-19 20:21:19.415450+00:00
cf9e8ba4-a1a7-4ef2-a615-4b0e44ab8234,failed,2026-06-19 20:20:49.675801+00:00,2026-06-19 20:21:19.736403+00:00
64ef660d-906f-467c-82cc-aea03e2cae5b,failed,2026-06-19 20:20:50.664528+00:00,2026-06-19 20:21:20.697468+00:00
c366d5f3-b728-4133-881e-356e728e0dbd,completed,2026-06-19 20:20:49.966500+00:00,2026-06-19 20:21:20.052009+00:00
23d7a6a6-1ac9-4d11-9bb0-023f18338a1a,failed,2026-06-19 20:20:50.838383+00:00,2026-06-19 20:21:20.851639+00:00
88e35054-c077-412e-9bfe-fe2dabda1ede,failed,2026-06-19 20:20:51.126765+00:00,2026-06-19 20:21:21.157426+00:00
5d52af1d-f2f4-4bab-b56f-aa760b5fb4fd,completed,2026-06-19 20:20:51.012757+00:00,2026-06-19 20:21:21.153436+00:00
d2131a15-70aa-42ab-b26b-755c978ddda6,failed,2026-06-19 20:20:51.529774+00:00,2026-06-19 20:21:21.603877+00:00
db5adf03-8045-4a13-99c7-46ca2d2ed6df,completed,2026-06-19 20:20:51.242312+00:00,2026-06-19 20:21:21.415624+00:00
1822ba0a-85fd-425d-9f5e-e1307b23f894,failed,2026-06-19 20:20:52.044053+00:00,2026-06-19 20:21:22.097612+00:00
df8e8f29-008d-45dd-bb54-bacd7efa272e,completed,2026-06-19 20:20:51.645295+00:00,2026-06-19 20:21:21.787685+00:00
4d76ea4b-79b2-44e0-b770-57e7613607c4,failed,2026-06-19 20:20:51.931110+00:00,2026-06-19 20:21:21.943017+00:00
77fc8682-3ceb-40a3-8613-e4ca466c71de,completed,2026-06-19 20:20:51.815019+00:00,2026-06-19 20:21:21.967288+00:00
db2e34db-c808-4283-af81-c86aa510087a,failed,2026-06-19 20:20:52.212827+00:00,2026-06-19 20:21:22.265514+00:00
efbdcb9b-1dd0-42e4-843b-852d52c9b081,failed,2026-06-19 20:20:52.269181+00:00,2026-06-19 20:21:22.272665+00:00
ef347e13-2f64-4ef4-af56-972722d5bea5,failed,2026-06-19 20:20:52.834262+00:00,2026-06-19 20:21:22.901052+00:00
c94cb028-fd5e-48c9-8d64-d9b7cf6a9611,completed,2026-06-19 20:20:52.329914+00:00,2026-06-19 20:21:22.412532+00:00
4e530946-7b1c-4971-810d-53dfad7fc820,failed,2026-06-19 20:20:52.889583+00:00,2026-06-19 20:21:22.904702+00:00
62a79aed-57ee-4c82-a6de-e6b7fc12cafd,failed,2026-06-19 20:20:53.057162+00:00,2026-06-19 20:21:23.066364+00:00
d7656546-4e22-4d75-bff9-ab8fe5046cb4,failed,2026-06-19 20:20:53.282240+00:00,2026-06-19 20:21:23.357785+00:00
51c3ddb7-76fb-4251-ad34-c61d8862061a,completed,2026-06-19 20:20:53.114907+00:00,2026-06-19 20:21:23.205109+00:00
931381ba-854c-4061-8989-1092cfc835c8,completed,2026-06-19 20:20:53.227263+00:00,2026-06-19 20:21:23.353718+00:00
c68aed84-de1f-4d3d-b4b4-108376f50bb8,failed,2026-06-19 20:20:53.505686+00:00,2026-06-19 20:21:23.533124+00:00
691d2931-e303-4ec5-b5ae-0b56573c7ce5,failed,2026-06-19 20:20:53.615826+00:00,2026-06-19 20:21:23.680398+00:00
8ee818e9-8c1f-4d5f-9091-19db20b71ed0,failed,2026-06-19 20:20:48.881975+00:00,2026-06-19 20:21:18.924585+00:00
c13a4c13-f17b-4e0b-8402-2df840b20788,failed,2026-06-19 20:20:49.528015+00:00,2026-06-19 20:21:19.576412+00:00
77ec3e4c-288a-41ea-84ec-19f9d1bbbe5d,completed,2026-06-19 20:20:48.935714+00:00,2026-06-19 20:21:19.073085+00:00
15432f59-7a43-4d7e-90de-f98920d25027,failed,2026-06-19 20:20:49.644006+00:00,2026-06-19 20:21:19.732514+00:00
5614b069-ec8e-4e3c-9cc5-c22ce5635609,failed,2026-06-19 20:20:49.997974+00:00,2026-06-19 20:21:20.056615+00:00
e367d65e-33f6-406e-8792-2696515b56f7,failed,2026-06-19 20:20:50.054106+00:00,2026-06-19 20:21:20.064159+00:00
36cbb8bd-17ae-44bb-8bd3-0d10f7ceb213,failed,2026-06-19 20:20:50.346133+00:00,2026-06-19 20:21:20.379193+00:00
0e24431d-99ba-4b12-92a8-3f380b600999,failed,2026-06-19 20:20:50.636866+00:00,2026-06-19 20:21:20.696003+00:00
17372b28-37d2-4671-bce2-eed671302589,completed,2026-06-19 20:20:50.578162+00:00,2026-06-19 20:21:20.691571+00:00
c00222e1-3ab5-4628-b94b-c8a4c130da35,failed,2026-06-19 20:20:50.694017+00:00,2026-06-19 20:21:20.699743+00:00
f15cbeea-4b86-4772-9f17-e06a14a99eb8,failed,2026-06-19 20:20:50.929359+00:00,2026-06-19 20:21:21.003922+00:00
c5c63c33-7a34-42fc-80e1-1066a4b96b45,completed,2026-06-19 20:20:50.867320+00:00,2026-06-19 20:21:21.000417+00:00
7138d739-ad12-40ff-985d-495f40738589,failed,2026-06-19 20:20:50.983870+00:00,2026-06-19 20:21:21.011059+00:00
5abbc086-28ac-484e-92d0-aa1f30a39969,failed,2026-06-19 20:20:51.156801+00:00,2026-06-19 20:21:21.160559+00:00
e56bad2e-dc45-4f2a-a07c-101fa98c2eec,failed,2026-06-19 20:20:51.501196+00:00,2026-06-19 20:21:21.600610+00:00
e5d56bda-7160-4fe1-953d-522623b2f6b2,completed,2026-06-19 20:20:51.329044+00:00,2026-06-19 20:21:21.452044+00:00
c6d2bc00-6ae9-4c50-a975-dc06343bbefe,failed,2026-06-19 20:20:51.843481+00:00,2026-06-19 20:21:21.932053+00:00
5fdcf799-2593-4066-9563-ab214611dc37,completed,2026-06-19 20:20:51.615811+00:00,2026-06-19 20:21:21.755519+00:00
49aeb0a4-84e1-4848-a098-cf2f6d84979c,completed,2026-06-19 20:20:51.789300+00:00,2026-06-19 20:21:21.928023+00:00
935ed397-2d9e-4e7d-884e-61be7b2970a5,failed,2026-06-19 20:20:52.013252+00:00,2026-06-19 20:21:22.093973+00:00
49f07779-51d8-4225-aeb2-200c47b87290,failed,2026-06-19 20:20:52.412160+00:00,2026-06-19 20:21:22.422547+00:00
4ceab144-ef7c-4ffd-9455-dda3f2271584,failed,2026-06-19 20:20:53.755546+00:00,2026-06-19 20:21:23.827043+00:00
d1e78737-4d6a-4127-a2cf-45972d8e9228,completed,2026-06-19 20:20:52.750806+00:00,2026-06-19 20:21:22.894507+00:00
977e6a2f-b913-455a-8c5e-2ba5f8dd86e1,failed,2026-06-19 20:20:53.141463+00:00,2026-06-19 20:21:23.208726+00:00
36ff29df-e8a1-491d-993b-33d11d9c4ed4,failed,2026-06-19 20:20:53.197960+00:00,2026-06-19 20:21:23.215210+00:00
987b2b11-80fe-417d-9dc0-6fc4e3e6a496,completed,2026-06-19 20:20:53.086720+00:00,2026-06-19 20:21:23.223543+00:00
867f9b13-4609-4c40-9f02-65802190b70e,failed,2026-06-19 20:20:53.477369+00:00,2026-06-19 20:21:23.528991+00:00
44816309-5504-45af-a20d-d6542566dfc8,completed,2026-06-19 20:20:53.424511+00:00,2026-06-19 20:21:23.537830+00:00
cbc9c222-042b-4174-a41a-24a460197f4a,completed,2026-06-19 20:20:53.700542+00:00,2026-06-19 20:21:23.823409+00:00
4497eafe-5a81-4364-b4fd-9875cec2a346,failed,2026-06-19 20:20:53.810002+00:00,2026-06-19 20:21:23.835781+00:00
0d7928b2-c692-4963-827b-3c662cc23044,failed,2026-06-19 20:20:54.335080+00:00,2026-06-19 20:21:24.428976+00:00
1f21688c-1397-4809-aaee-f9264cd1a577,failed,2026-06-19 20:20:54.719694+00:00,2026-06-19 20:21:24.750290+00:00
3ef26b78-c221-44e3-9ebc-0b3c98383750,completed,2026-06-19 20:20:54.444782+00:00,2026-06-19 20:21:24.583636+00:00
5e1fa987-277b-451d-84e4-b9329297b728,failed,2026-06-19 20:20:54.882888+00:00,2026-06-19 20:21:24.914572+00:00
db91de3b-86ab-4c86-a163-cb364d1b49f6,failed,2026-06-19 20:20:55.431491+00:00,2026-06-19 20:21:25.509523+00:00
ed1ae0b7-e18a-4f0c-8527-6bb5f6c296be,failed,2026-06-19 20:20:55.589943+00:00,2026-06-19 20:21:25.670786+00:00
9f2059c9-21f9-4de8-a07c-4a99dd7980be,failed,2026-06-19 20:20:56.075267+00:00,2026-06-19 20:21:26.117811+00:00
5e477496-e590-421c-829a-1852be0d8fd5,failed,2026-06-19 20:20:56.190258+00:00,2026-06-19 20:21:26.287990+00:00
c13f1626-84d2-46ef-847c-cff438381d0f,failed,2026-06-19 20:20:56.235981+00:00,2026-06-19 20:21:26.296389+00:00
6a027a58-c986-4a7e-bb38-e8d4606316bf,failed,2026-06-19 20:20:56.290162+00:00,2026-06-19 20:21:26.301793+00:00
ab9eebfc-0069-4e6d-9322-ffc914be82d7,failed,2026-06-19 20:20:56.451310+00:00,2026-06-19 20:21:26.464218+00:00
2db4af1c-3c87-4ff6-a699-53f386aa3a7c,completed,2026-06-19 20:20:56.344001+00:00,2026-06-19 20:21:26.459518+00:00
84dd3656-eb15-45ce-9432-dd38ee4bfbd6,failed,2026-06-19 20:20:56.610287+00:00,2026-06-19 20:21:26.620338+00:00
04035bf4-1f56-4d91-b042-268e5eb40b6e,failed,2026-06-19 20:20:56.823475+00:00,2026-06-19 20:21:26.830845+00:00
23143dd2-23c5-421a-a9b5-b96f4db59972,failed,2026-06-19 20:20:56.982350+00:00,2026-06-19 20:21:26.997912+00:00
eb158ceb-8794-4994-9b18-ab3847f85c10,failed,2026-06-19 20:20:57.618152+00:00,2026-06-19 20:21:27.704699+00:00
7fbfff90-ba7c-4573-878e-93e305f1ccf7,completed,2026-06-19 20:20:57.407516+00:00,2026-06-19 20:21:27.569575+00:00
bc451166-72a7-4a10-beca-4f0dc78681ea,failed,2026-06-19 20:20:57.882051+00:00,2026-06-19 20:21:27.895707+00:00
9410056c-09a7-4dc7-9ca9-40bdc6d18dfa,failed,2026-06-19 20:20:57.984692+00:00,2026-06-19 20:21:28.056714+00:00
70ca0131-f04d-43cf-b453-8102e62655ee,completed,2026-06-19 20:20:58.819561+00:00,2026-06-19 20:21:28.902824+00:00
bb1cefff-e8ae-4a8b-97e8-5e0bb5244cb7,completed,2026-06-19 20:20:58.090079+00:00,2026-06-19 20:21:28.201538+00:00
8c30e990-63b4-4d15-9281-483f2a07a00d,completed,2026-06-19 20:21:00.617947+00:00,2026-06-19 20:21:30.589525+00:00
41737943-36dd-41e7-8a40-16841f6abbc2,completed,2026-06-19 20:20:58.716230+00:00,2026-06-19 20:21:28.788699+00:00
32ee2167-f3df-4e1b-b0c5-c29e27fb6dd5,completed,2026-06-19 20:20:59.284382+00:00,2026-06-19 20:21:29.388171+00:00
d587e3b9-f511-4739-abdf-fb78b1ba9013,completed,2026-06-19 20:21:00.155623+00:00,2026-06-19 20:21:30.288893+00:00
95451cee-d609-4475-b492-0f946bdaedfa,completed,2026-06-19 20:21:00.461369+00:00,2026-06-19 20:21:30.422656+00:00
190345c0-bb2b-467a-945d-dfc0f1bf329f,completed,2026-06-19 20:21:00.511880+00:00,2026-06-19 20:21:30.573439+00:00
5db95aef-d472-4407-a9c6-3bdc39d6fc69,completed,2026-06-19 20:21:01.118028+00:00,2026-06-19 20:21:31.120394+00:00
2f790e3c-59fc-43e6-98a7-f7e270a1d58a,completed,2026-06-19 20:21:02.120552+00:00,2026-06-19 20:21:32.144676+00:00
864cb979-3e2d-438a-9b6f-80b2a31a8e63,completed,2026-06-19 20:21:02.419441+00:00,2026-06-19 20:21:32.446309+00:00
451f0fff-4546-441c-8ad0-1a0da77674b5,failed,2026-06-19 20:20:54.362742+00:00,2026-06-19 20:21:24.433202+00:00
8de10ffc-d761-4dd5-be17-debd1d2a2932,failed,2026-06-19 20:20:54.694835+00:00,2026-06-19 20:21:24.746586+00:00
5dac1084-b853-4af0-bf63-897e1ba2d153,completed,2026-06-19 20:20:54.473276+00:00,2026-06-19 20:21:24.600749+00:00
c38bb281-271b-4634-af75-19fbf630ee3c,failed,2026-06-19 20:20:54.964418+00:00,2026-06-19 20:21:25.050546+00:00
94563d64-f208-4fca-ae1d-88d326eaba08,completed,2026-06-19 20:20:54.917264+00:00,2026-06-19 20:21:25.047027+00:00
3f6eac47-b481-4b6c-b2f1-0bafd702447e,failed,2026-06-19 20:20:55.020014+00:00,2026-06-19 20:21:25.058262+00:00
84fa835c-fd53-426c-b13c-cb78437dff22,failed,2026-06-19 20:20:55.129181+00:00,2026-06-19 20:21:25.208291+00:00
28779e08-1560-4d25-8fa4-986882e98363,failed,2026-06-19 20:20:55.183140+00:00,2026-06-19 20:21:25.215249+00:00
86d1b821-151e-461c-9d04-16ca242d8842,failed,2026-06-19 20:20:55.620572+00:00,2026-06-19 20:21:25.674185+00:00
cb10c519-3bdd-47ae-8bf3-6af2b80aa04b,failed,2026-06-19 20:20:55.671052+00:00,2026-06-19 20:21:25.682056+00:00
8a24bce1-d82a-4055-9268-8c6a1f75bde3,failed,2026-06-19 20:20:55.725546+00:00,2026-06-19 20:21:25.729068+00:00
ffec30fd-0a0c-4861-8dc7-dc5c465520dd,failed,2026-06-19 20:20:55.782003+00:00,2026-06-19 20:21:25.825162+00:00
ed9aa417-b0e9-4d42-ae61-56405d23ae57,failed,2026-06-19 20:20:56.531676+00:00,2026-06-19 20:21:26.609174+00:00
8e3f405c-85e5-4633-b1c3-e9952d1e56ba,completed,2026-06-19 20:20:55.994049+00:00,2026-06-19 20:21:26.127884+00:00
752f03b8-e734-4d9a-9ad9-1bad766d214f,failed,2026-06-19 20:20:57.326286+00:00,2026-06-19 20:21:27.376624+00:00
d330e658-7f51-4512-991b-da2f403d7104,failed,2026-06-19 20:20:57.485994+00:00,2026-06-19 20:21:27.549641+00:00
6e146610-1ff4-4f5c-861b-6a5c08ab1581,failed,2026-06-19 20:20:57.696998+00:00,2026-06-19 20:21:27.716192+00:00
ee99201d-f055-4473-91dd-09fb631dfc0e,failed,2026-06-19 20:20:57.802359+00:00,2026-06-19 20:21:27.879455+00:00
ddca9b14-6f22-4f71-b334-a22450ec3469,failed,2026-06-19 20:21:00.281917+00:00,2026-06-19 20:21:30.284490+00:00
15d59e29-ddd9-4d3b-a1ee-db77ef9c95a1,failed,2026-06-19 20:20:58.013940+00:00,2026-06-19 20:21:28.059988+00:00
153a753c-296e-486e-b6bd-ade306cb9110,completed,2026-06-19 20:20:57.959158+00:00,2026-06-19 20:21:28.093993+00:00
37e46b22-673c-41ab-bed0-8a31b9fd1d53,completed,2026-06-19 20:20:58.115690+00:00,2026-06-19 20:21:28.259752+00:00
514a86e3-b035-47ac-b127-a49c8fe5fdef,completed,2026-06-19 20:20:58.273883+00:00,2026-06-19 20:21:28.423080+00:00
9ba52894-8c3c-4d1b-b4f8-073b987281d8,completed,2026-06-19 20:20:59.575846+00:00,2026-06-19 20:21:29.671046+00:00
c8770efb-d5a1-4e26-9fc5-8ddc800c5982,completed,2026-06-19 20:20:59.720938+00:00,2026-06-19 20:21:29.815240+00:00
6ba3cd90-66ac-4a64-80a1-a0f5451db5aa,completed,2026-06-19 20:21:00.789832+00:00,2026-06-19 20:21:30.748498+00:00
818df1a7-d5e7-441c-8a14-3c22498d63f6,completed,2026-06-19 20:21:00.639541+00:00,2026-06-19 20:21:30.710329+00:00
742c0b1e-6354-4267-b14b-942c595b8641,completed,2026-06-19 20:21:00.941631+00:00,2026-06-19 20:21:30.902540+00:00
8b33436e-46ed-486a-9121-3e68d48f4577,completed,2026-06-19 20:21:01.094134+00:00,2026-06-19 20:21:31.056397+00:00
c3a7b22b-4212-4ec4-8d70-7ee227a42164,completed,2026-06-19 20:21:01.594441+00:00,2026-06-19 20:21:31.552287+00:00
b7f67d6b-6b0f-4b9f-8833-60d7306c9fa1,completed,2026-06-19 20:21:03.595539+00:00,2026-06-19 20:21:33.591337+00:00
2a8ecbc8-ef10-4bef-8df5-962a0d608023,completed,2026-06-19 20:21:03.145819+00:00,2026-06-19 20:21:33.146952+00:00
cc33423d-59fa-437e-abe0-73a09ca7ffd1,completed,2026-06-19 20:21:03.294707+00:00,2026-06-19 20:21:33.288048+00:00
3790a15b-513e-455d-9661-2113a7d66ba7,completed,2026-06-19 20:21:03.447033+00:00,2026-06-19 20:21:33.426789+00:00
4e686b36-0c10-4f5c-9e4e-675dcf64a573,completed,2026-06-19 20:21:12.644656+00:00,2026-06-19 20:21:42.338604+00:00
3f6a0480-ff56-4232-a56e-6e664cc9a7e6,completed,2026-06-19 20:21:03.495535+00:00,2026-06-19 20:21:33.563314+00:00
6406ad2d-b35c-46ed-9a15-a88327909d44,completed,2026-06-19 20:21:04.844103+00:00,2026-06-19 20:21:34.933796+00:00
3a9eff81-7850-4c65-8522-ba31c6182056,completed,2026-06-19 20:21:05.144570+00:00,2026-06-19 20:21:35.244613+00:00
6f6515bd-b7c6-4e2a-b117-6ab2e834abbd,completed,2026-06-19 20:21:05.545830+00:00,2026-06-19 20:21:35.689372+00:00
914f84ae-0c9b-4b7d-9f29-92dc8afbabd9,completed,2026-06-19 20:21:05.793537+00:00,2026-06-19 20:21:35.838786+00:00
95c97b83-a38c-41f0-8e50-4c7ef08079ca,completed,2026-06-19 20:21:06.158011+00:00,2026-06-19 20:21:36.150735+00:00
94be7d2b-518b-4cb2-b112-c2235fa86b51,completed,2026-06-19 20:21:05.945409+00:00,2026-06-19 20:21:35.995602+00:00
1ad7febb-bfbf-4f1b-b8aa-f40823f29a66,completed,2026-06-19 20:21:05.994855+00:00,2026-06-19 20:21:36.114508+00:00
741f0b6c-c409-451d-9183-49b86af8f008,completed,2026-06-19 20:21:07.298063+00:00,2026-06-19 20:21:37.250741+00:00
97424685-db0a-472b-bb3b-da62b07b55b4,completed,2026-06-19 20:21:07.445937+00:00,2026-06-19 20:21:37.391149+00:00
08ba26e2-58e7-47b3-a72f-ff55cc9b8ab1,completed,2026-06-19 20:21:09.043184+00:00,2026-06-19 20:21:39.032220+00:00
ece3b6cf-8809-4139-a248-ce0687521343,completed,2026-06-19 20:21:10.643868+00:00,2026-06-19 20:21:40.371097+00:00
ebe1c02e-677b-401b-aa4e-6287b42dbabc,completed,2026-06-19 20:21:11.145820+00:00,2026-06-19 20:21:40.945055+00:00
afe18528-efe9-474c-b05e-33d7bb7a5ee4,completed,2026-06-19 20:21:11.394492+00:00,2026-06-19 20:21:41.105624+00:00
d4caffe8-8251-481b-a556-374fce4e3b37,completed,2026-06-19 20:21:11.895448+00:00,2026-06-19 20:21:41.580965+00:00
988940ac-7e15-4a9e-927f-bf8bb2913287,completed,2026-06-19 20:21:14.293244+00:00,2026-06-19 20:21:43.837722+00:00
7990c7f6-bd74-4eea-8dbc-6333e21be3a3,completed,2026-06-19 20:21:12.493828+00:00,2026-06-19 20:21:42.242155+00:00
539998ad-71d7-4d00-840c-bf029232204f,completed,2026-06-19 20:21:12.895915+00:00,2026-06-19 20:21:42.546611+00:00
fa39b5ab-a23b-406f-9beb-ed43c58bd237,completed,2026-06-19 20:21:16.995748+00:00,2026-06-19 20:21:46.176262+00:00
f77965f7-a697-4da7-8cc5-bfa91cb4b065,completed,2026-06-19 20:21:14.195043+00:00,2026-06-19 20:21:43.825902+00:00
505e0d87-f5c8-498e-a35a-9249c5cf67bd,completed,2026-06-19 20:21:14.444605+00:00,2026-06-19 20:21:43.979119+00:00
22282f3a-b618-40d1-9954-911d0da0d0e9,completed,2026-06-19 20:21:14.598451+00:00,2026-06-19 20:21:44.119764+00:00
3c02c879-348b-4f90-a205-87e70ab54c80,completed,2026-06-19 20:21:15.345803+00:00,2026-06-19 20:21:44.838490+00:00
bfa01bf3-2f6f-450f-9148-6c283421cbd1,completed,2026-06-19 20:21:16.246280+00:00,2026-06-19 20:21:45.609073+00:00
618d1275-2717-4379-a4a6-b743e443d6e1,completed,2026-06-19 20:21:16.844740+00:00,2026-06-19 20:21:46.108666+00:00
34948f09-3e16-4d82-93b2-bd14b3686ceb,completed,2026-06-19 20:21:05.518561+00:00,2026-06-19 20:21:35.544592+00:00
7fd1a157-9b01-43db-bdd0-0db7f8b5f6da,completed,2026-06-19 20:21:04.373487+00:00,2026-06-19 20:21:34.402057+00:00
fddbfeb1-39aa-4a74-992c-40728f4157df,completed,2026-06-19 20:21:04.520378+00:00,2026-06-19 20:21:34.549907+00:00
eacb03f9-0a9b-4cd9-bcb9-02ed97e414a9,completed,2026-06-19 20:21:06.718111+00:00,2026-06-19 20:21:36.681966+00:00
02441bb5-e224-4dbf-9ffc-48dcc3d4baf9,completed,2026-06-19 20:21:05.419490+00:00,2026-06-19 20:21:35.538037+00:00
251d440b-f820-4311-9536-3079a7276557,completed,2026-06-19 20:21:06.470341+00:00,2026-06-19 20:21:36.465993+00:00
b867f2f9-882c-4b67-90af-fa18438bc6b8,completed,2026-06-19 20:21:06.569163+00:00,2026-06-19 20:21:36.547084+00:00
5b0da6c3-3ee0-4228-93f0-bddd36122f22,completed,2026-06-19 20:21:06.868593+00:00,2026-06-19 20:21:36.822492+00:00
a1f89cbc-df60-47e1-a3d8-d3e1a35fcb4b,completed,2026-06-19 20:21:07.718955+00:00,2026-06-19 20:21:37.682214+00:00
0208f28a-43d6-49ed-8fa1-f9d98539ae72,completed,2026-06-19 20:21:07.868504+00:00,2026-06-19 20:21:37.837095+00:00
08b26adc-eed4-4b1a-9be5-d35957b3a0c1,completed,2026-06-19 20:21:08.018864+00:00,2026-06-19 20:21:37.979520+00:00
2497f6c8-ef38-44f8-8017-ca0174f3bc19,completed,2026-06-19 20:21:08.924859+00:00,2026-06-19 20:21:38.892366+00:00
42b8084e-5979-4bc4-b244-c8a003e2f269,completed,2026-06-19 20:21:09.171328+00:00,2026-06-19 20:21:39.102181+00:00
2df57d56-f9f7-4159-aadc-23aa57af8522,completed,2026-06-19 20:21:09.468541+00:00,2026-06-19 20:21:39.339026+00:00
b277fb99-0362-4147-83a4-0d7118e6ed42,completed,2026-06-19 20:21:10.320368+00:00,2026-06-19 20:21:40.108898+00:00
4157f7b5-4459-4cfc-9c43-e98d6075c1fa,completed,2026-06-19 20:21:10.469500+00:00,2026-06-19 20:21:40.242109+00:00
74e4fd53-6773-4b7f-8417-1162e43ef6d9,completed,2026-06-19 20:21:10.669506+00:00,2026-06-19 20:21:40.514510+00:00
ab55f52a-ef3c-4f45-b772-d9c42df836b0,completed,2026-06-19 20:21:11.121646+00:00,2026-06-19 20:21:40.814639+00:00
89fb6053-5fef-4b90-9518-f369c4b3ebe6,completed,2026-06-19 20:21:11.270386+00:00,2026-06-19 20:21:40.957072+00:00
ace44312-4032-422d-a909-a64c84a51d6f,completed,2026-06-19 20:21:11.431623+00:00,2026-06-19 20:21:41.241191+00:00
937b7b90-2901-47a9-9e08-608838f94025,completed,2026-06-19 20:21:11.768721+00:00,2026-06-19 20:21:41.521406+00:00
9f1aaa10-fcd4-4954-8455-caddeb6bce56,completed,2026-06-19 20:21:12.168574+00:00,2026-06-19 20:21:41.882656+00:00
922c053f-8d0c-4fd9-8476-ba5fcf0263eb,completed,2026-06-19 20:21:12.769710+00:00,2026-06-19 20:21:42.480948+00:00
367d30ed-e858-46db-9097-3a896ecbd2a5,completed,2026-06-19 20:21:13.069591+00:00,2026-06-19 20:21:42.703047+00:00
a11bd328-5acd-44bd-b48a-b907b93ba548,completed,2026-06-19 20:21:13.218521+00:00,2026-06-19 20:21:42.843122+00:00
c44cdde0-31f5-44e4-895a-903232422de3,completed,2026-06-19 20:21:13.669192+00:00,2026-06-19 20:21:43.262719+00:00
4ce70eda-9435-4c27-9c13-4cae722f4a00,completed,2026-06-19 20:21:13.819251+00:00,2026-06-19 20:21:43.400833+00:00
42443169-4220-49a4-8b5e-f8f6cc66f83d,completed,2026-06-19 20:21:14.020050+00:00,2026-06-19 20:21:43.671358+00:00
e25e0cbb-30eb-43e3-aecd-0497fb64ab63,completed,2026-06-19 20:21:14.870723+00:00,2026-06-19 20:21:44.409089+00:00
c999ca64-974c-4589-8e10-5f1604bea4b4,completed,2026-06-19 20:21:15.068000+00:00,2026-06-19 20:21:44.586282+00:00
b3a000c3-f9d9-4890-a1ec-be6724b5de0f,failed,2026-06-19 20:21:19.820783+00:00,2026-06-19 20:21:49.830745+00:00
17f68244-505b-47c1-89f7-143efa4fc4e3,completed,2026-06-19 20:21:16.620693+00:00,2026-06-19 20:21:45.890357+00:00
168e2684-1fdd-4712-95c3-0ef48223354f,completed,2026-06-19 20:21:17.821683+00:00,2026-06-19 20:21:46.939183+00:00
a84f2fb0-a035-460a-9ed3-39277cf368c2,completed,2026-06-19 20:21:18.619541+00:00,2026-06-19 20:21:47.716362+00:00
34e54a15-d26f-4934-9935-e539820a1ca8,completed,2026-06-19 20:21:19.369777+00:00,2026-06-19 20:21:49.055952+00:00
c521c67a-b5f9-48f0-8567-573b99e59649,completed,2026-06-19 20:21:19.470251+00:00,2026-06-19 20:21:49.354398+00:00
3468afae-51a9-41f2-9585-637f59aa73f4,failed,2026-06-19 20:21:20.269986+00:00,2026-06-19 20:21:50.289311+00:00
2a46221b-47bf-4f67-b3e8-6781e704c85e,failed,2026-06-19 20:21:20.568948+00:00,2026-06-19 20:21:50.602678+00:00
5eaedbe0-0344-4040-9fac-0e6e81491dd9,failed,2026-06-19 20:21:20.669779+00:00,2026-06-19 20:21:50.759608+00:00
1860c8fd-4f8b-4814-be6b-67c159c6edcb,failed,2026-06-19 20:21:20.920024+00:00,2026-06-19 20:21:50.932188+00:00
7c174958-9d78-406f-b788-a720066cca2e,failed,2026-06-19 20:21:21.219950+00:00,2026-06-19 20:21:51.249472+00:00
5d91e221-423a-4c76-a490-26b8f6d4a7f5,completed,2026-06-19 20:21:21.119713+00:00,2026-06-19 20:21:51.241463+00:00
73834c33-6f4c-4baf-9275-a96635c64af2,failed,2026-06-19 20:21:21.519850+00:00,2026-06-19 20:21:51.568807+00:00
b0306207-4a3b-45df-8e20-ccf896cb908d,failed,2026-06-19 20:21:22.119352+00:00,2026-06-19 20:21:52.182670+00:00
4b566129-ab7a-4801-b0d2-a2d6404794a5,failed,2026-06-19 20:21:22.226665+00:00,2026-06-19 20:21:52.240661+00:00
4cc0372e-a6d3-4fbf-aa50-dd7304ed9ba6,completed,2026-06-19 20:21:22.519488+00:00,2026-06-19 20:21:52.664868+00:00
e8d9a447-b246-4c0b-b7f3-e9e5426cef4b,failed,2026-06-19 20:21:22.669862+00:00,2026-06-19 20:21:52.681564+00:00
446901b7-ec91-459a-a7fb-c0eadf49468e,completed,2026-06-19 20:21:22.418890+00:00,2026-06-19 20:21:52.561180+00:00
91494cec-c9eb-420a-85b8-047c96b3fb7b,failed,2026-06-19 20:21:23.020944+00:00,2026-06-19 20:21:53.035843+00:00
85a05de4-869e-44be-9108-1e2bed07ea57,failed,2026-06-19 20:21:22.819762+00:00,2026-06-19 20:21:52.828083+00:00
71aa182f-265f-464c-8855-412886b71b00,completed,2026-06-19 20:21:22.769344+00:00,2026-06-19 20:21:52.876028+00:00
23c0da05-4259-4ce8-9a82-3c52f1877569,completed,2026-06-19 20:21:22.921540+00:00,2026-06-19 20:21:53.031087+00:00
44472232-2e99-4bd8-abcc-768abcee2cc1,failed,2026-06-19 20:21:23.870852+00:00,2026-06-19 20:21:53.909620+00:00
b9cf2d16-24da-4226-bbf3-2e1bda97af30,failed,2026-06-19 20:21:23.969367+00:00,2026-06-19 20:21:54.064008+00:00
8b31a989-639c-4d4d-a7a6-1e484a4c2f2f,failed,2026-06-19 20:21:24.021323+00:00,2026-06-19 20:21:54.070707+00:00
a9f23452-aae1-4f1b-b4ea-5e6227a93a50,failed,2026-06-19 20:21:24.319998+00:00,2026-06-19 20:21:54.379990+00:00
63d2018a-6a09-46c7-8463-773562b8f241,failed,2026-06-19 20:21:24.368865+00:00,2026-06-19 20:21:54.388443+00:00
fbd70dcb-41cd-45e6-b3bf-dc004c156a6e,failed,2026-06-19 20:21:24.819851+00:00,2026-06-19 20:21:54.854030+00:00
d2ad45b5-2685-475c-8063-49bb771e7654,completed,2026-06-19 20:21:24.469787+00:00,2026-06-19 20:21:54.563308+00:00
51bb48af-9568-4691-92ce-40c988da9799,completed,2026-06-19 20:21:24.920044+00:00,2026-06-19 20:21:55.001869+00:00
6b3786f2-f12b-4dd8-9b6e-5b294d39b54d,completed,2026-06-19 20:21:18.797395+00:00,2026-06-19 20:21:47.870487+00:00
fa7eaf52-8b90-4856-a123-d5ac51dda050,failed,2026-06-19 20:21:19.695113+00:00,2026-06-19 20:21:49.698146+00:00
f2d34cf8-66f2-4966-b18d-aed9b1bf2ef8,completed,2026-06-19 20:21:18.644847+00:00,2026-06-19 20:21:47.783677+00:00
59e217d3-d42e-4d06-80f1-8890255feaae,completed,2026-06-19 20:21:18.997939+00:00,2026-06-19 20:21:48.152501+00:00
0c26465b-d768-49f9-a1f2-6e986b657411,completed,2026-06-19 20:21:19.194325+00:00,2026-06-19 20:21:48.602021+00:00
dc503cb0-32ba-47b1-a912-54ff7fbfadc6,completed,2026-06-19 20:21:19.645229+00:00,2026-06-19 20:21:49.693740+00:00
0e5c0b02-8ce6-446f-91a5-175cd9b91758,failed,2026-06-19 20:21:20.396608+00:00,2026-06-19 20:21:50.451253+00:00
7332fa6f-90b2-4c21-95ea-559340af87dd,completed,2026-06-19 20:21:19.995486+00:00,2026-06-19 20:21:50.120413+00:00
a2134282-fb85-478e-83f1-4513deb60e07,failed,2026-06-19 20:21:20.444284+00:00,2026-06-19 20:21:50.454710+00:00
59a36bda-dcea-407b-b4aa-30a32f77cb5f,failed,2026-06-19 20:21:20.594303+00:00,2026-06-19 20:21:50.606103+00:00
d1de8868-31c4-4df1-af2e-0c4b52d00177,completed,2026-06-19 20:21:20.544856+00:00,2026-06-19 20:21:50.598883+00:00
c8c150f7-6519-4579-bafb-0fa51e778b85,failed,2026-06-19 20:21:20.693932+00:00,2026-06-19 20:21:50.763150+00:00
1405687b-46eb-4d3f-af1c-786737f2a1bb,completed,2026-06-19 20:21:21.744494+00:00,2026-06-19 20:21:51.871757+00:00
bae71bff-a4a4-48fa-a641-ab5e9540d699,completed,2026-06-19 20:21:20.794067+00:00,2026-06-19 20:21:50.921781+00:00
8d06a65e-3983-4632-87a6-b2ef84784f41,completed,2026-06-19 20:21:20.944373+00:00,2026-06-19 20:21:51.086810+00:00
ea71944b-64ee-4f6a-94e6-2a4e0aace0f2,completed,2026-06-19 20:21:21.296257+00:00,2026-06-19 20:21:51.402231+00:00
cf08f676-b7ec-4685-98e0-ac2d6fb16eff,failed,2026-06-19 20:21:21.794684+00:00,2026-06-19 20:21:51.880593+00:00
d9c2c85d-77d4-4445-930a-a4d6e9515878,completed,2026-06-19 20:21:21.646381+00:00,2026-06-19 20:21:51.775347+00:00
d9dd86ee-3898-4000-a73b-071aaeef9962,failed,2026-06-19 20:21:21.846651+00:00,2026-06-19 20:21:51.887043+00:00
49634ab6-2a5e-4d7d-8100-d908f37fdcad,failed,2026-06-19 20:21:22.295559+00:00,2026-06-19 20:21:52.344723+00:00
b7cce468-e20a-49da-ae27-042a71d32c2e,completed,2026-06-19 20:21:21.906753+00:00,2026-06-19 20:21:52.029949+00:00
888f528f-ebee-45f5-872a-8d73c9dccda9,failed,2026-06-19 20:21:22.394487+00:00,2026-06-19 20:21:52.400557+00:00
82f80d47-0168-496c-8bc0-a5f346d1d432,failed,2026-06-19 20:21:22.594843+00:00,2026-06-19 20:21:52.670507+00:00
1dfdff89-11cf-49e9-913c-55d8a2731df6,completed,2026-06-19 20:21:23.043401+00:00,2026-06-19 20:21:53.180217+00:00
a6a85a5b-29e2-4d12-ae7d-8287a917fa65,failed,2026-06-19 20:21:23.395568+00:00,2026-06-19 20:21:53.444639+00:00
7d717d70-99d3-42a4-b65d-fa5606a84eab,completed,2026-06-19 20:21:22.995523+00:00,2026-06-19 20:21:53.122481+00:00
ff771810-d076-4fb3-b7be-826dade4ee2a,failed,2026-06-19 20:21:23.246624+00:00,2026-06-19 20:21:53.293427+00:00
891c44f2-3aa3-43a2-a1e4-9d5f39ac639f,failed,2026-06-19 20:21:23.297562+00:00,2026-06-19 20:21:53.303422+00:00
b099ef86-cc08-4dbc-aeca-907fafba66e0,completed,2026-06-19 20:21:23.194173+00:00,2026-06-19 20:21:53.335685+00:00
689887ec-b944-4de8-b686-9cccf64317ef,failed,2026-06-19 20:21:23.597991+00:00,2026-06-19 20:21:53.606153+00:00
5471e403-26aa-4ba5-a498-5dc548bfaa65,failed,2026-06-19 20:21:24.297217+00:00,2026-06-19 20:21:54.376536+00:00
8e11e2fe-7c56-4ba7-8e51-857305698b15,failed,2026-06-19 20:21:24.594421+00:00,2026-06-19 20:21:54.678722+00:00
de71dc6b-cb23-4424-8b51-2b944d72ec17,completed,2026-06-19 20:21:24.444137+00:00,2026-06-19 20:21:54.531042+00:00
ce637121-f371-4d02-975c-a78b737e1a92,failed,2026-06-19 20:21:24.794044+00:00,2026-06-19 20:21:54.852463+00:00
9f905801-9a4f-4434-acbe-6c64b5df945e,failed,2026-06-19 20:21:24.995705+00:00,2026-06-19 20:21:55.010477+00:00
3d972825-8718-48b7-b42e-d7a842b68966,failed,2026-06-19 20:21:25.694969+00:00,2026-06-19 20:21:55.757645+00:00
05db177b-d55a-4a40-9ec4-1d58f1e81c45,completed,2026-06-19 20:21:25.344667+00:00,2026-06-19 20:21:55.445365+00:00
75c1e2c9-9802-40c9-a91e-c50a2cc9ca74,completed,2026-06-19 20:21:25.651920+00:00,2026-06-19 20:21:55.753996+00:00
7aa698f7-79d5-4c3e-929e-6085cd0417ac,failed,2026-06-19 20:21:26.395583+00:00,2026-06-19 20:21:56.409427+00:00
a25e158b-ab1f-4a5e-9509-8dd595b8a99b,completed,2026-06-19 20:21:26.295227+00:00,2026-06-19 20:21:56.407159+00:00
119c2b61-bdd3-434d-acc7-3ecc41acc1b7,failed,2026-06-19 20:21:26.495542+00:00,2026-06-19 20:21:56.564983+00:00
a576dfb8-0ad6-4f88-b3f2-bbfae9c46215,completed,2026-06-19 20:21:26.444379+00:00,2026-06-19 20:21:56.555832+00:00
f06379fd-52dd-4665-ac2a-5476bb1a1fcf,failed,2026-06-19 20:21:26.651563+00:00,2026-06-19 20:21:56.716673+00:00
10b9d65f-803b-4b9a-872f-93133b7aaec7,completed,2026-06-19 20:21:26.595350+00:00,2026-06-19 20:21:56.712914+00:00
94ec10e5-5dce-4eb3-92a2-413dd3d8a999,failed,2026-06-19 20:21:27.103888+00:00,2026-06-19 20:21:57.171924+00:00
e2bb9538-61fc-4b35-8611-85de8af1d414,failed,2026-06-19 20:21:27.295532+00:00,2026-06-19 20:21:57.340747+00:00
cf122ebc-10eb-43be-bc92-d5b0d592074b,failed,2026-06-19 20:21:27.495784+00:00,2026-06-19 20:21:57.502084+00:00
8c67c38a-ada5-4b9d-a4c7-463e24d61abd,failed,2026-06-19 20:21:27.644325+00:00,2026-06-19 20:21:57.651897+00:00
12212e5e-a3da-4009-8967-50e46a5baf18,failed,2026-06-19 20:21:27.897346+00:00,2026-06-19 20:21:57.965595+00:00
fea15527-6f0e-4ef4-b0c2-d03ceb5d387a,failed,2026-06-19 20:21:27.794173+00:00,2026-06-19 20:21:57.808358+00:00
520f6303-cf53-4ae2-b985-91d54146bdfe,completed,2026-06-19 20:21:27.702862+00:00,2026-06-19 20:21:57.817121+00:00
2d67491d-6d51-418d-b1d6-17c6d5e19785,failed,2026-06-19 20:21:30.346368+00:00,2026-06-19 20:22:00.363865+00:00
c4ff4635-d09e-4065-a07a-084a603ec0c3,completed,2026-06-19 20:21:27.994917+00:00,2026-06-19 20:21:58.109597+00:00
4f4d2fbc-ffae-47ea-8354-ea4ff0357565,completed,2026-06-19 20:21:28.143812+00:00,2026-06-19 20:21:58.280893+00:00
925cc816-eace-4797-ac5f-7c2eaf6c25ad,completed,2026-06-19 20:21:29.696271+00:00,2026-06-19 20:21:59.779086+00:00
1e91497c-6fc8-4f8a-b162-64939e902c78,completed,2026-06-19 20:21:30.853511+00:00,2026-06-19 20:22:00.939114+00:00
f52cc72d-8f1d-4120-88dd-54380697d956,completed,2026-06-19 20:21:31.245564+00:00,2026-06-19 20:22:01.252613+00:00
1b4284a3-21c2-4063-a138-5f0d54a435be,completed,2026-06-19 20:21:31.745720+00:00,2026-06-19 20:22:01.838639+00:00
0439ecb6-de41-429b-a4f0-f4c5b262068c,completed,2026-06-19 20:21:32.594457+00:00,2026-06-19 20:22:02.539241+00:00
ff15f973-ccf7-430f-8622-8e4df4d1e670,completed,2026-06-19 20:21:32.897602+00:00,2026-06-19 20:22:02.853616+00:00
54a4dd08-a938-4a0d-bde6-5db268d0607a,failed,2026-06-19 20:21:25.220548+00:00,2026-06-19 20:21:55.301199+00:00
98e78e27-6664-45e1-8104-8ba387b29204,failed,2026-06-19 20:21:25.272402+00:00,2026-06-19 20:21:55.305170+00:00
f6f81aa0-d3fc-467b-9771-d8ffd4ba2856,failed,2026-06-19 20:21:25.869615+00:00,2026-06-19 20:21:55.918838+00:00
9438382c-5831-4c93-94ff-139a81462698,failed,2026-06-19 20:21:25.368717+00:00,2026-06-19 20:21:55.449530+00:00
18f72304-5d16-4890-9ee7-49d3873b75b3,completed,2026-06-19 20:21:25.318745+00:00,2026-06-19 20:21:55.450313+00:00
a254fb85-bc50-48e1-95f2-c661df1f29ea,failed,2026-06-19 20:21:25.718199+00:00,2026-06-19 20:21:55.761317+00:00
992cb258-c35c-421e-8cc1-cc197e637e3c,completed,2026-06-19 20:21:25.618767+00:00,2026-06-19 20:21:55.775402+00:00
f921223e-68cc-453d-8b3c-be2bc96f2aa3,failed,2026-06-19 20:21:26.071789+00:00,2026-06-19 20:21:56.093165+00:00
678e72fd-679d-439e-8af8-4f6e3418468f,failed,2026-06-19 20:21:26.669467+00:00,2026-06-19 20:21:56.719942+00:00
2f98cde9-e94a-4da3-a045-3db51a59b6d9,completed,2026-06-19 20:21:26.419355+00:00,2026-06-19 20:21:56.568748+00:00
0f867240-a148-4981-b377-f3bfc6004425,failed,2026-06-19 20:21:26.821483+00:00,2026-06-19 20:21:56.872780+00:00
7e94adac-b841-40d9-8c18-da992425c653,failed,2026-06-19 20:21:26.977845+00:00,2026-06-19 20:21:57.023596+00:00
104403ea-756e-4808-9d15-8f9a44fe1f25,failed,2026-06-19 20:21:27.119591+00:00,2026-06-19 20:21:57.176268+00:00
b4c0fb3b-f732-4523-a247-147bb32a83a5,failed,2026-06-19 20:21:27.719392+00:00,2026-06-19 20:21:57.798408+00:00
f84ea739-3724-4f26-9edb-466e166142fa,completed,2026-06-19 20:21:27.218912+00:00,2026-06-19 20:21:57.337997+00:00
05239293-2676-4df8-9afd-61ff9f91d53f,failed,2026-06-19 20:21:27.620348+00:00,2026-06-19 20:21:57.648507+00:00
57bb1d59-a906-4a4d-b879-69947c5aff52,completed,2026-06-19 20:21:27.569342+00:00,2026-06-19 20:21:57.657495+00:00
eaec2f4d-d7fa-4281-b8c5-bf210f72edd0,failed,2026-06-19 20:21:27.922629+00:00,2026-06-19 20:21:57.968853+00:00
19877662-5011-4b27-ba47-6dc8ac1c42e0,failed,2026-06-19 20:21:28.269665+00:00,2026-06-19 20:21:58.285397+00:00
10b5dbce-89d0-4167-b7e2-345468a065f6,failed,2026-06-19 20:21:28.018955+00:00,2026-06-19 20:21:58.113039+00:00
3bb38497-a696-434f-8adc-7235dd884c15,completed,2026-06-19 20:21:27.972352+00:00,2026-06-19 20:21:58.127163+00:00
de3f3afd-9cf9-42b1-a7ff-62605ffe6e08,completed,2026-06-19 20:21:29.979002+00:00,2026-06-19 20:22:00.065373+00:00
7d5b7035-2374-4762-bcb8-88cb2272402b,completed,2026-06-19 20:21:28.769790+00:00,2026-06-19 20:21:58.837966+00:00
ccc8ea69-d4d8-455c-841c-9cc038b8c2d7,completed,2026-06-19 20:21:29.419796+00:00,2026-06-19 20:21:59.485770+00:00
84d8bc8d-1ad8-47f0-9384-9545d074f472,completed,2026-06-19 20:21:29.570771+00:00,2026-06-19 20:21:59.629333+00:00
440a7e49-c758-4c40-9883-ff7b1952a8d9,completed,2026-06-19 20:21:29.870771+00:00,2026-06-19 20:21:59.947862+00:00
7cb074ed-f73e-48bb-abc1-744a645dc256,completed,2026-06-19 20:21:30.469761+00:00,2026-06-19 20:22:00.515388+00:00
700ee3e7-f855-4516-9be9-ba32b122b098,completed,2026-06-19 20:21:31.419225+00:00,2026-06-19 20:22:01.552305+00:00
10ad261e-4753-4851-8fc6-23cb749ed56c,completed,2026-06-19 20:21:31.868906+00:00,2026-06-19 20:22:01.830782+00:00
59b604fb-1261-47b1-a6e9-ea710fa6f3dc,completed,2026-06-19 20:21:32.023029+00:00,2026-06-19 20:22:01.984483+00:00
430d1369-4899-40b9-9259-f4c7ef218545,completed,2026-06-19 20:21:35.869705+00:00,2026-06-19 20:22:05.902231+00:00
f1aa2592-cc7b-4436-b57c-31f307d3fec1,completed,2026-06-19 20:21:32.870290+00:00,2026-06-19 20:22:02.848381+00:00
044f38b7-510a-4dcb-9c34-a3ff3b2f0eac,completed,2026-06-19 20:21:38.668584+00:00,2026-06-19 20:22:08.787071+00:00
4764b365-e2ca-483d-a420-88f820b424e8,completed,2026-06-19 20:21:33.320326+00:00,2026-06-19 20:22:03.301264+00:00
03aef943-3b63-4005-89a0-fea7eb652e07,completed,2026-06-19 20:21:36.572239+00:00,2026-06-19 20:22:06.564200+00:00
78902699-8136-43e6-9291-bc72ca945b20,completed,2026-06-19 20:21:33.618344+00:00,2026-06-19 20:22:03.605851+00:00
cf0d402d-8da8-42dd-acad-9ecab574d6b7,completed,2026-06-19 20:21:33.868241+00:00,2026-06-19 20:22:03.855076+00:00
b61ab791-40e9-45ff-93cf-fb7fd60b5fb0,completed,2026-06-19 20:21:37.271793+00:00,2026-06-19 20:22:07.346803+00:00
d9c28cae-c53d-459f-a39a-494675b2bf07,completed,2026-06-19 20:21:34.569072+00:00,2026-06-19 20:22:04.601628+00:00
a7845052-17ca-4464-b646-d1466f9693b3,completed,2026-06-19 20:21:35.289681+00:00,2026-06-19 20:22:05.198466+00:00
3cea5270-a60b-4b06-90c7-8fec13173054,completed,2026-06-19 20:21:37.569238+00:00,2026-06-19 20:22:07.635602+00:00
5c12560d-fc50-454f-9d60-3b048def57b1,completed,2026-06-19 20:21:35.420783+00:00,2026-06-19 20:22:05.344868+00:00
46cecfb8-c7ba-486f-95cc-830be0640142,completed,2026-06-19 20:21:38.821218+00:00,2026-06-19 20:22:08.925386+00:00
36ccabbd-f736-4beb-b8f2-de654f24e83b,completed,2026-06-19 20:21:38.919330+00:00,2026-06-19 20:22:08.973442+00:00
5b9f8336-07b4-4e73-bc18-9c32f9cfb1e6,completed,2026-06-19 20:21:38.018836+00:00,2026-06-19 20:22:08.079619+00:00
e4187641-1883-42e7-9e90-3ca2260b695e,completed,2026-06-19 20:21:38.270283+00:00,2026-06-19 20:22:08.352967+00:00
f2425332-fb77-43c9-acfb-50d89ba3709e,completed,2026-06-19 20:21:38.420359+00:00,2026-06-19 20:22:08.490791+00:00
21de44cd-26e4-44ce-9a86-e65d7b3228ec,completed,2026-06-19 20:21:09.618987+00:00,2026-06-19 20:21:39.484568+00:00
4cd120aa-90e0-4f6f-9b8d-ad37c8811cf6,completed,2026-06-19 20:21:34.160119+00:00,2026-06-19 20:22:04.160004+00:00
5d3e925b-8ed0-452b-8bb6-10fb2c3633a4,completed,2026-06-19 20:21:33.744606+00:00,2026-06-19 20:22:03.756007+00:00
04430b91-2730-4184-a799-613e4fbed8e5,completed,2026-06-19 20:21:34.695606+00:00,2026-06-19 20:22:04.742336+00:00
f59e3942-ae8b-44b7-9f87-36d88a83d76e,completed,2026-06-19 20:21:34.045313+00:00,2026-06-19 20:22:04.046228+00:00
199de3b7-52d1-4bae-9bb8-6f423a41d18b,completed,2026-06-19 20:21:34.345589+00:00,2026-06-19 20:22:04.328019+00:00
dc42ac79-e33a-4d79-a908-db3606c6a819,completed,2026-06-19 20:21:34.492639+00:00,2026-06-19 20:22:04.494617+00:00
29aeba8b-1550-468d-b7df-b663b05bf0c1,completed,2026-06-19 20:21:35.147897+00:00,2026-06-19 20:22:05.170724+00:00
c3a85f98-2855-44db-8b16-a411e6060eb0,completed,2026-06-19 20:21:34.845286+00:00,2026-06-19 20:22:04.877016+00:00
9357818f-f91c-4339-a201-3de37c2bbc01,completed,2026-06-19 20:21:37.245315+00:00,2026-06-19 20:22:07.277536+00:00
43248c4b-42fe-428d-b079-1dbea1bbfa40,completed,2026-06-19 20:21:35.095440+00:00,2026-06-19 20:22:05.051658+00:00
d5d274cf-9de0-444a-85a4-a450d87b8a2b,completed,2026-06-19 20:21:35.444688+00:00,2026-06-19 20:22:05.465367+00:00
7211b7fc-f4b5-42f8-8683-c6409707e388,completed,2026-06-19 20:21:35.694886+00:00,2026-06-19 20:22:05.652693+00:00
e177aad7-1cfb-4389-a909-f69f9d50714d,completed,2026-06-19 20:21:36.143689+00:00,2026-06-19 20:22:06.107191+00:00
5ab67aee-9e23-456e-9504-f55888a914a0,completed,2026-06-19 20:21:36.493302+00:00,2026-06-19 20:22:06.517639+00:00
34b505aa-5ae6-41db-a05e-ce58a7db66fa,completed,2026-06-19 20:21:40.994984+00:00,2026-06-19 20:22:11.093766+00:00
4921fa14-9ab3-4126-8314-935b545f792f,completed,2026-06-19 20:21:37.095490+00:00,2026-06-19 20:22:07.204475+00:00
e118f805-d375-4da6-a13d-9e976ed5ec5b,completed,2026-06-19 20:21:37.394596+00:00,2026-06-19 20:22:07.432586+00:00
c77e377e-be8e-4057-b40b-da28298fa58a,completed,2026-06-19 20:21:37.544288+00:00,2026-06-19 20:22:07.589196+00:00
53ff6739-c7b1-4a6a-9c25-cabd3da5df8b,completed,2026-06-19 20:21:37.997161+00:00,2026-06-19 20:22:08.069755+00:00
8bf76f8a-ac01-4ae2-8b88-29ef95eea43f,completed,2026-06-19 20:21:38.144700+00:00,2026-06-19 20:22:08.212095+00:00
769a07b0-8933-4f1f-824c-0021de299960,completed,2026-06-19 20:21:38.544821+00:00,2026-06-19 20:22:08.637597+00:00
964814fe-b9c7-4697-94ad-a6c19a15cd0d,completed,2026-06-19 20:21:39.043204+00:00,2026-06-19 20:22:09.123506+00:00
ded0bc53-0ce4-4e13-b424-030b3e06cbb4,completed,2026-06-19 20:21:39.493760+00:00,2026-06-19 20:22:09.599550+00:00
3f1cc03e-b9ae-41e7-af1f-a2d42a95aa32,completed,2026-06-19 20:21:39.344846+00:00,2026-06-19 20:22:09.437116+00:00
a566a1f9-7d17-4b8a-ab34-41e2e7d9fcd7,completed,2026-06-19 20:21:39.419665+00:00,2026-06-19 20:22:09.525060+00:00
bd533084-9300-4226-b899-251e02faf2d3,completed,2026-06-19 20:21:39.943652+00:00,2026-06-19 20:22:10.049726+00:00
b8392ae6-d81a-4aa5-9cfa-796f5d31f296,completed,2026-06-19 20:21:39.794823+00:00,2026-06-19 20:22:09.904581+00:00
14183a4f-9fb8-429c-82ab-bc3745efad6d,completed,2026-06-19 20:21:39.844471+00:00,2026-06-19 20:22:09.955344+00:00
9feec150-8056-4a9b-b09f-2083e0d0bff9,completed,2026-06-19 20:21:40.544315+00:00,2026-06-19 20:22:10.669265+00:00
bfff1147-d492-4bf6-90b9-dec6268b5fda,completed,2026-06-19 20:21:46.921930+00:00,2026-06-19 20:22:16.777298+00:00
6f9f4b1a-a414-4aca-93ac-1920d3aa35d5,completed,2026-06-19 20:21:41.973651+00:00,2026-06-19 20:22:11.988217+00:00
b425bed8-b90c-4e23-bfa3-e7ca0acf3caa,completed,2026-06-19 20:21:42.718779+00:00,2026-06-19 20:22:12.708688+00:00
c1b01183-8d1a-4710-b845-b5814b6d8c07,completed,2026-06-19 20:21:43.871313+00:00,2026-06-19 20:22:13.867866+00:00
44ea9576-6b05-4164-8cc5-28c463708360,completed,2026-06-19 20:21:44.418574+00:00,2026-06-19 20:22:14.399433+00:00
b626c5c5-9e79-411c-9a34-27afc21443c5,completed,2026-06-19 20:21:44.770939+00:00,2026-06-19 20:22:14.740387+00:00
774e93b1-4ab6-4ab3-9491-565329abc4a1,completed,2026-06-19 20:21:45.618353+00:00,2026-06-19 20:22:15.525804+00:00
78fc334f-5a56-475d-a35c-1ee31c36ec99,completed,2026-06-19 20:21:49.272553+00:00,2026-06-19 20:22:19.032022+00:00
87c140b7-548b-40f6-936b-85547ff41159,completed,2026-06-19 20:21:46.818342+00:00,2026-06-19 20:22:16.691477+00:00
4a7061d7-24af-4033-be05-375a04606df8,completed,2026-06-19 20:21:47.219239+00:00,2026-06-19 20:22:17.072570+00:00
50b103f4-77fe-47e5-a951-a44c06ca0c3e,completed,2026-06-19 20:21:47.629002+00:00,2026-06-19 20:22:17.491046+00:00
5420a2d5-49fd-48f7-8c23-fb6b0d8f16e4,completed,2026-06-19 20:21:48.027134+00:00,2026-06-19 20:22:17.875017+00:00
51f2fc23-7a04-4a90-be7f-9c9572a9ba4f,completed,2026-06-19 20:21:48.572371+00:00,2026-06-19 20:22:18.331416+00:00
8c4b491b-2603-4d35-870a-aad276851bcd,completed,2026-06-19 20:21:48.769548+00:00,2026-06-19 20:22:18.572897+00:00
1ae4fc53-d40a-4f7c-8fd4-1dba8251332d,completed,2026-06-19 20:21:48.919467+00:00,2026-06-19 20:22:18.718610+00:00
cd9b8533-dd7d-4a69-a490-d8055151706d,failed,2026-06-19 20:21:50.168066+00:00,2026-06-19 20:22:20.182816+00:00
b1ebd544-7877-40ce-bc28-642646cccbd2,completed,2026-06-19 20:21:49.220181+00:00,2026-06-19 20:22:19.000588+00:00
22065bca-9498-4c81-9e9a-4cacedd91c9c,completed,2026-06-19 20:21:49.868904+00:00,2026-06-19 20:22:19.729548+00:00
9c4ee34a-97fe-4a59-b1a0-874413e68c61,completed,2026-06-19 20:21:49.919891+00:00,2026-06-19 20:22:19.876431+00:00
42ecc0e2-802e-4a3c-b992-7802e6f63687,completed,2026-06-19 20:21:50.022251+00:00,2026-06-19 20:22:20.043477+00:00
f4878bb9-fc47-42a4-9dbe-99ccb0a6927f,failed,2026-06-19 20:21:50.270504+00:00,2026-06-19 20:22:20.319486+00:00
a598125a-9c5f-46d2-9cbc-c6107c590fc7,failed,2026-06-19 20:21:51.019444+00:00,2026-06-19 20:22:21.094437+00:00
c1f96c04-ba04-44f6-96ce-8810b7e9d4bf,completed,2026-06-19 20:21:50.620670+00:00,2026-06-19 20:22:20.811699+00:00
7e27dc9d-c457-4810-8a9c-f5a208ea01e5,failed,2026-06-19 20:21:50.918553+00:00,2026-06-19 20:22:20.936968+00:00
aa49c19a-9a60-46ff-8236-fbfa6d26c159,completed,2026-06-19 20:21:50.820081+00:00,2026-06-19 20:22:20.955909+00:00
d2dd58b7-50f2-4e81-93bc-a7f925b2b4f0,failed,2026-06-19 20:21:51.067925+00:00,2026-06-19 20:22:21.098016+00:00
51506c06-7dea-4cb7-ba39-0849ea4a309c,failed,2026-06-19 20:21:51.168211+00:00,2026-06-19 20:22:21.249138+00:00
166fbf6a-0824-41ee-9884-ca75677d25e9,completed,2026-06-19 20:21:51.119905+00:00,2026-06-19 20:22:21.246684+00:00
2dcdc872-a47a-4808-8009-9da085548ea4,completed,2026-06-19 20:21:51.271491+00:00,2026-06-19 20:22:21.383914+00:00
6797efd5-f68a-4765-b9a2-eab41a014c74,failed,2026-06-19 20:21:51.621056+00:00,2026-06-19 20:22:21.679139+00:00
f8bdbce5-db6f-4a6f-89d0-513bf3cce522,completed,2026-06-19 20:21:12.469812+00:00,2026-06-19 20:21:42.195644+00:00
a0fb251f-c727-4273-b870-30fb4bf8971c,completed,2026-06-19 20:21:13.244136+00:00,2026-06-19 20:21:42.924853+00:00
f342bddb-f6c2-4c9a-a3f8-194c085aba8f,completed,2026-06-19 20:21:15.919140+00:00,2026-06-19 20:21:45.287421+00:00
6262ad35-e2c6-4c3f-b2d2-e41174847659,completed,2026-06-19 20:21:17.446058+00:00,2026-06-19 20:21:46.627262+00:00
e8bb23fd-54ad-4d58-aa07-db6467941d4f,failed,2026-06-19 20:21:19.968746+00:00,2026-06-19 20:21:49.987676+00:00
7a80dc60-9e26-4bab-b3a4-5221e4dc38c8,failed,2026-06-19 20:21:21.145207+00:00,2026-06-19 20:21:51.241837+00:00
7c9d1644-c39e-429d-9960-3237f283ab8b,completed,2026-06-19 20:21:25.069859+00:00,2026-06-19 20:21:55.146317+00:00
8348e4cf-f8ae-4927-ae8a-8a34414f5235,completed,2026-06-19 20:21:32.070636+00:00,2026-06-19 20:22:02.122918+00:00
1185d12d-ddee-4d27-8e14-75dfc9b5a352,completed,2026-06-19 20:21:33.043880+00:00,2026-06-19 20:22:03.006939+00:00
7f110422-78ef-488c-9639-f955076ea7f7,completed,2026-06-19 20:21:36.645769+00:00,2026-06-19 20:22:06.667749+00:00
cd8c96c0-c8d4-44e0-9005-833288ba4ab3,completed,2026-06-19 20:21:39.193505+00:00,2026-06-19 20:22:09.279591+00:00
992a3d48-80d8-49f0-b922-290929d70994,completed,2026-06-19 20:21:40.844802+00:00,2026-06-19 20:22:10.953945+00:00
1dde1fe1-4d48-4547-934c-b04d4f417846,completed,2026-06-19 20:21:42.994794+00:00,2026-06-19 20:22:13.010812+00:00
a1dd740e-96ed-45cb-a4b0-938aaf66e219,completed,2026-06-19 20:21:45.969435+00:00,2026-06-19 20:22:15.944119+00:00
a87a7e85-c5fc-488c-a6ca-03bc257e0c51,completed,2026-06-19 20:21:49.068154+00:00,2026-06-19 20:22:18.856328+00:00
15737ee6-a99b-4bba-b7f7-6af9d51586bb,failed,2026-06-19 20:21:50.871107+00:00,2026-06-19 20:22:20.928720+00:00
bc2f5166-9d7e-47db-93b0-69a042741061,completed,2026-06-19 20:21:51.575877+00:00,2026-06-19 20:22:21.687428+00:00
ffe4d460-cc14-41e4-a4b2-0f3421ce4370,completed,2026-06-19 20:21:52.469233+00:00,2026-06-19 20:22:22.576469+00:00
4c3192d2-926b-4109-a901-8cce5438b738,failed,2026-06-19 20:21:54.220560+00:00,2026-06-19 20:22:24.245959+00:00
19b8a23b-60c8-4f10-850b-b293643646be,failed,2026-06-19 20:21:55.544370+00:00,2026-06-19 20:22:25.580104+00:00
3b09fe4d-014c-43a4-b241-bfe4b4997c8a,completed,2026-06-19 20:22:00.818856+00:00,2026-06-19 20:22:30.854067+00:00
187932db-27d3-4db6-84c1-18e5b67a85b5,completed,2026-06-19 20:22:04.504961+00:00,2026-06-19 20:22:34.527640+00:00
2e81105b-cb85-469b-9755-37a2521c5a83,completed,2026-06-19 20:22:07.458047+00:00,2026-06-19 20:22:37.257176+00:00
04865433-d194-478a-90c7-74bc8569e685,completed,2026-06-19 20:22:08.249727+00:00,2026-06-19 20:22:37.986092+00:00
a0ac4a70-753e-4764-b4c6-c1402e58bb5b,completed,2026-06-19 20:21:15.218779+00:00,2026-06-19 20:21:44.741310+00:00
8a7e282f-2878-4a07-b8d0-55d4af26e42b,completed,2026-06-19 20:21:17.143863+00:00,2026-06-19 20:21:46.314287+00:00
fde02545-7cd6-4c0f-9f5f-9c97f6881140,completed,2026-06-19 20:21:19.748266+00:00,2026-06-19 20:21:49.844624+00:00
33a047a5-9a96-45e0-b507-2c9e025f5054,failed,2026-06-19 20:21:22.169896+00:00,2026-06-19 20:21:52.190164+00:00
e1a0e0b1-8f89-476d-bd8a-0457904f74d6,failed,2026-06-19 20:21:22.496230+00:00,2026-06-19 20:21:52.516076+00:00
38b7e648-f820-40b7-9cdb-259ac19b3512,completed,2026-06-19 20:21:23.773249+00:00,2026-06-19 20:21:53.901885+00:00
5c0dd1c7-a613-41c7-a7eb-3b9d5f6420d5,completed,2026-06-19 20:21:47.593139+00:00,2026-06-19 20:22:17.440942+00:00
aa462b69-c012-49a7-a5ef-d07a6b54cb8a,completed,2026-06-19 20:21:43.543885+00:00,2026-06-19 20:22:13.532635+00:00
d0ea4a5c-9780-40a5-aeed-349ccf13a7b3,completed,2026-06-19 20:21:44.444935+00:00,2026-06-19 20:22:14.435474+00:00
6d4840ca-bdf4-4171-873b-3ceb96893ee3,completed,2026-06-19 20:21:45.051649+00:00,2026-06-19 20:22:15.073150+00:00
5963bf49-fdc5-4859-ba3b-86e1f721bf4e,completed,2026-06-19 20:21:45.300729+00:00,2026-06-19 20:22:15.238157+00:00
418e71cf-132e-494e-9708-e399079779c6,completed,2026-06-19 20:21:46.448612+00:00,2026-06-19 20:22:16.364769+00:00
037e5333-5a69-4e12-8f55-224cc0850d45,completed,2026-06-19 20:21:46.794711+00:00,2026-06-19 20:22:16.638731+00:00
1d545e6e-a48d-4d4b-95ea-d17af884794e,failed,2026-06-19 20:21:50.094683+00:00,2026-06-19 20:22:20.174066+00:00
b8afe470-d131-4151-be97-c7aee62464c3,completed,2026-06-19 20:21:47.494701+00:00,2026-06-19 20:22:17.345850+00:00
e3d6ae26-363e-4c7a-aa54-9bf25789b08d,completed,2026-06-19 20:21:47.794559+00:00,2026-06-19 20:22:17.625124+00:00
ba75041f-c49c-4d15-b99f-ad7708e84b0d,completed,2026-06-19 20:21:48.096308+00:00,2026-06-19 20:22:17.898068+00:00
a645a41d-7228-46f9-8d2b-bd301a374f30,completed,2026-06-19 20:21:49.893754+00:00,2026-06-19 20:22:19.757397+00:00
e27f3f9e-8eae-47de-9871-a39ce0e0b59c,completed,2026-06-19 20:21:49.995720+00:00,2026-06-19 20:22:20.032649+00:00
c95a4d80-fffe-4668-a88c-2c77ffef0acd,failed,2026-06-19 20:21:50.149178+00:00,2026-06-19 20:22:20.178130+00:00
4b11815d-d5c1-44ef-93b3-5bba17fc4371,failed,2026-06-19 20:21:51.094049+00:00,2026-06-19 20:22:21.101540+00:00
c0faa4a8-1748-4147-8f44-1a1eff9ee4a3,failed,2026-06-19 20:21:51.244312+00:00,2026-06-19 20:22:21.251181+00:00
036f6522-95d0-4181-bfcf-5769351496a2,failed,2026-06-19 20:21:52.344822+00:00,2026-06-19 20:22:22.420797+00:00
c2e260b7-cc89-4e21-a4d6-63322fa6e018,completed,2026-06-19 20:21:51.755139+00:00,2026-06-19 20:22:21.817494+00:00
e1a8efbe-c1b8-4670-8e4d-84737025f0d6,failed,2026-06-19 20:21:53.345003+00:00,2026-06-19 20:22:23.357207+00:00
00144d29-d5b4-48c0-8e28-01d158d0f5dc,completed,2026-06-19 20:21:52.794709+00:00,2026-06-19 20:22:22.899601+00:00
cd022436-8329-4564-88f6-08e93981aa0b,completed,2026-06-19 20:21:53.093938+00:00,2026-06-19 20:22:23.192838+00:00
f9bdcb30-8e77-43e6-86ce-0624ada76b0d,failed,2026-06-19 20:21:53.794191+00:00,2026-06-19 20:22:23.801999+00:00
53a36cef-2daa-4cf6-8650-93b1e27472cf,failed,2026-06-19 20:21:53.645205+00:00,2026-06-19 20:22:23.656160+00:00
97c8b659-e158-4659-8069-fbfd5a4963f8,completed,2026-06-19 20:21:53.545357+00:00,2026-06-19 20:22:23.666878+00:00
a2144294-d452-40d9-bea7-3add83ed6229,completed,2026-06-19 20:21:53.993933+00:00,2026-06-19 20:22:24.103038+00:00
8af7e22d-3957-493d-91e3-244fdf76a1a0,failed,2026-06-19 20:21:51.969948+00:00,2026-06-19 20:22:21.979809+00:00
c24c0d0c-70d1-4fbe-b89e-dbd9af8ea3fe,completed,2026-06-19 20:21:51.768757+00:00,2026-06-19 20:22:21.827617+00:00
d08742b4-6ebf-4a44-b652-465a8c4a6f3f,failed,2026-06-19 20:21:52.070776+00:00,2026-06-19 20:22:22.118671+00:00
607ffe02-f9cc-497f-8510-863e392dae76,failed,2026-06-19 20:21:52.119138+00:00,2026-06-19 20:22:22.126625+00:00
33d75b4b-f52f-4cca-8eba-0d47c1a35e29,failed,2026-06-19 20:21:52.319914+00:00,2026-06-19 20:22:22.419776+00:00
316d2446-9436-41b0-a996-78dfd7065c13,failed,2026-06-19 20:21:52.371689+00:00,2026-06-19 20:22:22.423645+00:00
30496257-1c00-4db7-a69c-9e4266706924,failed,2026-06-19 20:21:52.820953+00:00,2026-06-19 20:22:22.903469+00:00
66e236da-daa1-40c8-a135-3d92b7435142,completed,2026-06-19 20:21:52.622639+00:00,2026-06-19 20:22:22.749357+00:00
d81ebae0-c383-4c5a-ad33-b08ba25cc2f6,failed,2026-06-19 20:21:52.869438+00:00,2026-06-19 20:22:22.906333+00:00
77fe6dd5-db94-459a-924a-34bddbe38061,failed,2026-06-19 20:21:53.474634+00:00,2026-06-19 20:22:23.502106+00:00
60ac1a9a-676e-447d-b364-cbf67e227336,failed,2026-06-19 20:21:53.770680+00:00,2026-06-19 20:22:23.798249+00:00
3b127f15-b729-4d37-8441-a6f762449673,failed,2026-06-19 20:21:53.918502+00:00,2026-06-19 20:22:23.950723+00:00
914ef678-cee6-4b8a-8e2b-f3baf444e7fd,completed,2026-06-19 20:21:53.819409+00:00,2026-06-19 20:22:23.938790+00:00
ea4c5316-f27c-4230-b481-ce840370e1af,failed,2026-06-19 20:21:54.020947+00:00,2026-06-19 20:22:24.088467+00:00
721c679a-5010-476c-b2e1-d89fa259e584,failed,2026-06-19 20:21:54.818175+00:00,2026-06-19 20:22:24.837809+00:00
9309866e-6db8-433e-a9de-bf1e9de6edb8,completed,2026-06-19 20:21:54.121647+00:00,2026-06-19 20:22:24.251966+00:00
9c96c88b-7c08-40a9-bbcd-7c10afcd268f,completed,2026-06-19 20:21:54.269054+00:00,2026-06-19 20:22:24.389767+00:00
e90e7aad-8575-48e5-9f41-0cb189a3c70c,completed,2026-06-19 20:21:54.720052+00:00,2026-06-19 20:22:24.832478+00:00
b2d0fcfe-1342-4366-9788-056848fcab08,failed,2026-06-19 20:21:55.519273+00:00,2026-06-19 20:22:25.576389+00:00
adcc8125-56a8-40ab-ab9c-72e1fdb75d32,completed,2026-06-19 20:21:55.317643+00:00,2026-06-19 20:22:25.424333+00:00
acdf0f19-2b9d-4fe4-8eb0-806882dd23de,failed,2026-06-19 20:21:55.976464+00:00,2026-06-19 20:22:26.036909+00:00
165e72ae-292b-43cf-ba02-8523bb4468b8,failed,2026-06-19 20:21:56.020798+00:00,2026-06-19 20:22:26.045214+00:00
52f2224b-fd9d-4330-baa5-3fd67bc77617,failed,2026-06-19 20:21:56.522353+00:00,2026-06-19 20:22:26.526752+00:00
ce95fe5b-b928-4b01-a12a-80f2cd149f1b,completed,2026-06-19 20:21:56.269378+00:00,2026-06-19 20:22:26.392369+00:00
ffefa7f0-bee7-40ec-baa0-98b86833c84f,failed,2026-06-19 20:21:56.820110+00:00,2026-06-19 20:22:26.839789+00:00
bb63eb8d-5b6d-4258-9c34-ef7e8e6136eb,completed,2026-06-19 20:21:56.570671+00:00,2026-06-19 20:22:26.673217+00:00
9fa452ff-2e3c-4a97-a589-6d0480294c8e,failed,2026-06-19 20:21:56.919283+00:00,2026-06-19 20:22:26.976793+00:00
10fa374c-4cd7-431b-9026-67b729f4562d,failed,2026-06-19 20:21:57.218944+00:00,2026-06-19 20:22:27.276035+00:00
02429ca7-b632-4fed-a4e8-fe390cc4d550,failed,2026-06-19 20:21:57.532635+00:00,2026-06-19 20:22:27.595999+00:00
3b68df1d-16a1-4cce-a626-1848b3b90083,completed,2026-06-19 20:21:57.619217+00:00,2026-06-19 20:22:27.741815+00:00
78e97c42-fcee-41e4-90c9-93f8e2d7c555,failed,2026-06-19 20:21:23.995445+00:00,2026-06-19 20:21:54.067216+00:00
23ec7f9b-bfed-4abe-ad94-9eea65fd367b,completed,2026-06-19 20:21:24.245374+00:00,2026-06-19 20:21:54.372878+00:00
a175564d-b8d4-451b-8b74-0d9b4df7af2e,failed,2026-06-19 20:21:24.972044+00:00,2026-06-19 20:21:55.009636+00:00
0d6acf41-4dcf-48d8-881c-b9210dd8d9c1,completed,2026-06-19 20:21:25.018980+00:00,2026-06-19 20:21:55.151879+00:00
ab8b53b8-3a80-433e-b1ef-83f73b321dc8,failed,2026-06-19 20:21:25.395693+00:00,2026-06-19 20:21:55.453074+00:00
366384c8-2617-409e-b9ea-75daa3eda3c1,completed,2026-06-19 20:21:26.746105+00:00,2026-06-19 20:21:56.864649+00:00
87a6e723-09bd-476e-aaef-1fc0932a7304,failed,2026-06-19 20:21:27.418866+00:00,2026-06-19 20:21:57.493486+00:00
fbead471-9e0a-4ee1-8e86-d8496369dac9,failed,2026-06-19 20:21:28.096746+00:00,2026-06-19 20:21:58.124323+00:00
9cf78717-5a60-492a-91bd-0ca1dde4b120,failed,2026-06-19 20:21:28.195603+00:00,2026-06-19 20:21:58.281768+00:00
ab9a16aa-7793-41ec-933b-9bdd3d03d8d1,completed,2026-06-19 20:21:28.918801+00:00,2026-06-19 20:21:58.973112+00:00
f0a9f391-4b25-46f8-a2f6-1d5d3763ee1c,completed,2026-06-19 20:21:34.645422+00:00,2026-06-19 20:22:04.641011+00:00
43630899-2fe9-4a6b-81f4-4e82ddbdcbf1,completed,2026-06-19 20:21:41.268949+00:00,2026-06-19 20:22:11.394779+00:00
7d24c0bb-fdb0-4871-ac13-01e179714a91,completed,2026-06-19 20:21:44.147253+00:00,2026-06-19 20:22:14.110010+00:00
9a728a23-f1a1-4beb-940b-d0e29d6535b0,completed,2026-06-19 20:21:47.945904+00:00,2026-06-19 20:22:17.764310+00:00
f4d9b6b7-d7c4-4bb4-b890-28433b3ad872,failed,2026-06-19 20:21:51.669384+00:00,2026-06-19 20:22:21.686096+00:00
b34b69d3-a732-4d59-89d5-f354624574f1,failed,2026-06-19 20:21:52.244472+00:00,2026-06-19 20:22:22.268083+00:00
290b11d9-7b5b-4c85-a9df-c1ea06f893c3,completed,2026-06-19 20:21:54.298351+00:00,2026-06-19 20:22:24.382427+00:00
895752af-9f41-4fa5-82f8-fca3a6c5dd71,failed,2026-06-19 20:21:56.318924+00:00,2026-06-19 20:22:26.360713+00:00
25bcc461-74de-4315-8b30-eb1a9af72177,failed,2026-06-19 20:21:56.947432+00:00,2026-06-19 20:22:26.981044+00:00
7a2b9c78-e718-45ec-90e6-1bc893e29f38,failed,2026-06-19 20:21:57.720720+00:00,2026-06-19 20:22:27.750539+00:00
7891b083-fcf1-493f-96aa-8d9239650ee8,completed,2026-06-19 20:21:57.822162+00:00,2026-06-19 20:22:27.888921+00:00
eec0ff17-a5ce-4318-b5ae-2c42ceb765a1,completed,2026-06-19 20:22:00.243927+00:00,2026-06-19 20:22:30.303511+00:00
cb760ae7-edc0-4f46-abae-1e21c4daa953,completed,2026-06-19 20:22:04.313729+00:00,2026-06-19 20:22:34.275591+00:00
8c65b1ca-eaa0-46ed-ace1-56889ccce1b6,completed,2026-06-19 20:22:04.478585+00:00,2026-06-19 20:22:34.420688+00:00
a54ccdba-78a9-4fcf-a4cb-3bfe767526be,failed,2026-06-19 20:21:54.343524+00:00,2026-06-19 20:22:24.390587+00:00
a8705342-fb38-490a-88aa-36145ef96898,failed,2026-06-19 20:21:54.443303+00:00,2026-06-19 20:22:24.539514+00:00
61abf3a1-e79a-4e76-a9ff-cf9774627fea,failed,2026-06-19 20:21:54.544404+00:00,2026-06-19 20:22:24.551299+00:00
69e555d0-d29a-41f9-941e-e25b7df8ceaa,failed,2026-06-19 20:21:55.044501+00:00,2026-06-19 20:22:25.126188+00:00
73e35824-7f2c-4b13-bae9-f138801df23b,failed,2026-06-19 20:21:55.095504+00:00,2026-06-19 20:22:25.133380+00:00
159de6b1-b16b-48be-b6c9-005a475928ac,failed,2026-06-19 20:21:55.192464+00:00,2026-06-19 20:22:25.269844+00:00
a742fc06-5703-482b-9eac-1cfd319b9c5a,failed,2026-06-19 20:21:55.845969+00:00,2026-06-19 20:22:25.892896+00:00
4d09af39-5017-487f-97ba-4a3a7469c32f,completed,2026-06-19 20:21:55.597168+00:00,2026-06-19 20:22:25.720809+00:00
8824a7aa-7d8a-48f5-88c3-b36d41b5bdbf,failed,2026-06-19 20:21:56.495952+00:00,2026-06-19 20:22:26.522659+00:00
01fca4c5-da35-48c1-be72-1bb534125dae,failed,2026-06-19 20:21:55.994557+00:00,2026-06-19 20:22:26.041716+00:00
3928a65d-decc-4b5a-93c4-00af40c3da58,completed,2026-06-19 20:21:55.949488+00:00,2026-06-19 20:22:26.062818+00:00
eb8127df-37c0-4a18-b5f6-2df7e740e363,failed,2026-06-19 20:21:56.744523+00:00,2026-06-19 20:22:26.827636+00:00
9154c4c1-2e44-454d-b4f6-5ff437013713,failed,2026-06-19 20:21:56.795109+00:00,2026-06-19 20:22:26.836077+00:00
042e08e6-a74f-4a47-b94b-7a0c7408f443,failed,2026-06-19 20:21:57.194073+00:00,2026-06-19 20:22:27.272558+00:00
d3df631a-84c0-47bc-baaf-34860edcd39e,completed,2026-06-19 20:21:56.843451+00:00,2026-06-19 20:22:26.969303+00:00
0af314e2-b572-4625-a532-c53b1a6202d2,failed,2026-06-19 20:21:57.400248+00:00,2026-06-19 20:22:27.434488+00:00
2f60c859-25f9-4528-a3a4-408ba80777d2,failed,2026-06-19 20:21:57.502526+00:00,2026-06-19 20:22:27.592064+00:00
9f0e087d-2c77-4d6e-b184-d0efc92084d8,failed,2026-06-19 20:21:58.244707+00:00,2026-06-19 20:22:28.331323+00:00
f9e88e26-852e-4453-b720-2c2178f5b845,failed,2026-06-19 20:21:58.445358+00:00,2026-06-19 20:22:28.486457+00:00
bbf2456a-9fdf-4438-81ab-098a896791bd,completed,2026-06-19 20:22:01.846027+00:00,2026-06-19 20:22:31.846520+00:00
7cab87ad-3825-4020-9f67-064a33f19621,completed,2026-06-19 20:21:59.194034+00:00,2026-06-19 20:22:29.262175+00:00
ad9a61bc-59eb-4570-8457-006f879d9b9f,completed,2026-06-19 20:21:59.793816+00:00,2026-06-19 20:22:29.829515+00:00
838ceff1-f16a-4ccf-a248-6dcf970ae4ef,completed,2026-06-19 20:21:59.944025+00:00,2026-06-19 20:22:29.984537+00:00
f668fd7b-9d67-4422-beca-34b1d5b66303,completed,2026-06-19 20:22:00.696299+00:00,2026-06-19 20:22:30.736893+00:00
e0ab689b-08fc-493a-9ad3-741ef40b0fb3,completed,2026-06-19 20:22:00.844503+00:00,2026-06-19 20:22:30.882122+00:00
3c202348-e7ac-4cb9-9f38-8afd9d38540b,completed,2026-06-19 20:22:01.293277+00:00,2026-06-19 20:22:31.313087+00:00
9a5edcf1-91c6-4194-b153-37b3b3279c5f,completed,2026-06-19 20:22:01.745055+00:00,2026-06-19 20:22:31.756182+00:00
67d44412-441a-4185-a6cc-9384f6cfafa5,completed,2026-06-19 20:22:03.288587+00:00,2026-06-19 20:22:33.259246+00:00
dbbdc036-23b2-4786-936b-81a5f8dcc6c7,completed,2026-06-19 20:22:03.448769+00:00,2026-06-19 20:22:33.402438+00:00
76d251e8-2a14-42c1-84de-265ebd8cf691,completed,2026-06-19 20:22:03.610000+00:00,2026-06-19 20:22:33.539899+00:00
177157a5-2c87-43a5-bc47-aaf2c3fb84be,failed,2026-06-19 20:21:57.869355+00:00,2026-06-19 20:22:27.896710+00:00
61e0a1da-1331-4408-aec2-48bd256687e8,failed,2026-06-19 20:21:58.170328+00:00,2026-06-19 20:22:28.191301+00:00
63faa853-5d84-4232-be94-470b75c5e621,completed,2026-06-19 20:22:04.616962+00:00,2026-06-19 20:22:34.563543+00:00
8902700c-9577-455c-a76b-d072bdac51e9,completed,2026-06-19 20:21:58.768660+00:00,2026-06-19 20:22:28.847743+00:00
853d923d-898d-4701-ac9f-cc32dc7f419f,completed,2026-06-19 20:21:59.070896+00:00,2026-06-19 20:22:29.117879+00:00
66c47e64-562c-4d07-a7e3-82a7b809662e,completed,2026-06-19 20:21:59.269364+00:00,2026-06-19 20:22:29.308252+00:00
3b714c68-61a2-45fe-94a1-ad20c9668e44,completed,2026-06-19 20:22:00.119472+00:00,2026-06-19 20:22:30.174337+00:00
55a95133-6713-4be5-ba5a-9ff3979381a1,completed,2026-06-19 20:22:00.969156+00:00,2026-06-19 20:22:31.002368+00:00
bfe22688-870e-414f-9982-89d7ec742cae,completed,2026-06-19 20:22:01.269245+00:00,2026-06-19 20:22:31.300439+00:00
ab464bef-1b5e-470d-9a47-17859a46e549,completed,2026-06-19 20:22:02.180954+00:00,2026-06-19 20:22:32.207492+00:00
b6a586f1-889c-4aaa-8186-d2078e11e105,completed,2026-06-19 20:22:02.737349+00:00,2026-06-19 20:22:32.771550+00:00
592be31d-7d4f-4070-873f-7e79bc6fd396,completed,2026-06-19 20:22:02.896129+00:00,2026-06-19 20:22:32.913332+00:00
4d9b7c7a-b16f-4a13-b3c6-11a9ad71bc79,completed,2026-06-19 20:22:03.317334+00:00,2026-06-19 20:22:33.361401+00:00
1409619a-3920-434e-8419-221b96bf99e1,completed,2026-06-19 20:22:03.634049+00:00,2026-06-19 20:22:33.649173+00:00
8d62ee82-4014-45d1-8bc0-ef75a3db416e,completed,2026-06-19 20:22:04.068831+00:00,2026-06-19 20:22:34.114966+00:00
d7951efb-f44f-4dec-9802-825e3fdd0083,completed,2026-06-19 20:22:08.567398+00:00,2026-06-19 20:22:38.300816+00:00
5ab76d5a-4319-4e5b-b4f9-c0a8b8f0b503,completed,2026-06-19 20:22:05.177215+00:00,2026-06-19 20:22:35.098464+00:00
00e2fc39-97a4-4ca3-abb6-15a842027305,completed,2026-06-19 20:22:05.523272+00:00,2026-06-19 20:22:35.501357+00:00
3aeeec5a-0d01-486d-a2bd-e508cf495cfb,completed,2026-06-19 20:22:06.217938+00:00,2026-06-19 20:22:36.072724+00:00
87766619-c903-452a-8abf-d1dfe775b419,completed,2026-06-19 20:22:06.996472+00:00,2026-06-19 20:22:36.840109+00:00
6bcf316b-d60c-4c21-b6c9-4e4862b2298a,completed,2026-06-19 20:22:07.301889+00:00,2026-06-19 20:22:37.120554+00:00
a4d8201a-6557-45c5-b261-6595002d3c32,completed,2026-06-19 20:22:07.615355+00:00,2026-06-19 20:22:37.412629+00:00
cd3295dd-d7f4-41d7-a701-d574c8bb224f,completed,2026-06-19 20:22:07.927766+00:00,2026-06-19 20:22:37.696309+00:00
808cbcd8-648b-4031-b165-d53835f28819,completed,2026-06-19 20:22:08.376164+00:00,2026-06-19 20:22:38.128820+00:00
640af7ab-468a-49cc-bd95-fcf31f517fca,completed,2026-06-19 20:22:09.160474+00:00,2026-06-19 20:22:38.877255+00:00
e3ce0b2c-ecce-48fe-9e21-3b702a69c4ea,completed,2026-06-19 20:22:08.502224+00:00,2026-06-19 20:22:38.281938+00:00
b2776d1a-42c2-467a-b3bb-83bf2e50f6d0,completed,2026-06-19 20:22:09.098818+00:00,2026-06-19 20:22:38.839314+00:00
414fbf6a-4e38-4c18-8850-503bbe426f53,completed,2026-06-19 20:22:10.121707+00:00,2026-06-19 20:22:39.842079+00:00
3b53ac1e-d99e-4374-b369-ade5eb84d622,completed,2026-06-19 20:22:10.751854+00:00,2026-06-19 20:22:40.432673+00:00
bd8de228-1a59-4cb3-ae9b-e2d27ba57eb7,completed,2026-06-19 20:22:10.916328+00:00,2026-06-19 20:22:40.567392+00:00
dfd7c7c7-2abb-4571-b938-4e4dec224319,completed,2026-06-19 20:22:04.812573+00:00,2026-06-19 20:22:34.817284+00:00
62449c54-d99c-4647-89f1-8794e21df87e,completed,2026-06-19 20:22:07.519273+00:00,2026-06-19 20:22:37.300552+00:00
c3c80b71-6058-461d-b43d-5e0b1ec8e081,completed,2026-06-19 20:22:04.756359+00:00,2026-06-19 20:22:34.695568+00:00
4131d54e-ec5f-4a80-9b70-ac814fcca4df,completed,2026-06-19 20:22:05.204803+00:00,2026-06-19 20:22:35.228116+00:00
5493da8f-3f5c-485a-bcc5-9094e3c17ebd,completed,2026-06-19 20:22:05.490662+00:00,2026-06-19 20:22:35.372786+00:00
df15a996-a734-4312-95f2-49dba29d0417,completed,2026-06-19 20:22:07.026444+00:00,2026-06-19 20:22:36.875931+00:00
4c899dd2-afbd-423d-a847-acb9124335f2,completed,2026-06-19 20:22:07.211149+00:00,2026-06-19 20:22:37.011821+00:00
d38af5a6-fcc1-46d7-bcdd-65e1576af2d7,completed,2026-06-19 20:22:15.958610+00:00,2026-06-19 20:22:45.546845+00:00
fa60b74d-da82-495e-8aa3-3a592ed18253,completed,2026-06-19 20:22:07.655199+00:00,2026-06-19 20:22:37.432257+00:00
df54561e-01cd-4fe6-b227-e2631a1df68d,completed,2026-06-19 20:22:08.087066+00:00,2026-06-19 20:22:37.832546+00:00
7269c336-cd7e-4d65-b109-a376d51cab72,completed,2026-06-19 20:22:08.406525+00:00,2026-06-19 20:22:38.156620+00:00
b25e9f95-7f74-4423-be2f-1bc38abf940f,completed,2026-06-19 20:22:08.667191+00:00,2026-06-19 20:22:38.415587+00:00
e36b55be-588a-4f9b-b80b-76ec0109dccf,completed,2026-06-19 20:22:08.798049+00:00,2026-06-19 20:22:38.557339+00:00
c6f15d77-8e07-48a7-aa32-048469f9caff,completed,2026-06-19 20:22:09.531445+00:00,2026-06-19 20:22:39.252198+00:00
f51c605c-a58b-45b9-8be4-e0352aafe7ed,completed,2026-06-19 20:22:10.136824+00:00,2026-06-19 20:22:39.992578+00:00
0b095231-5009-43a4-be45-c0ba3c7e7f9c,completed,2026-06-19 20:22:11.160957+00:00,2026-06-19 20:22:40.839331+00:00
151e8035-276d-4ac6-b74b-dd27d2bc4aa6,completed,2026-06-19 20:22:11.326139+00:00,2026-06-19 20:22:41.135496+00:00
5f12155f-79ca-4b75-b83f-0c3a328830c1,completed,2026-06-19 20:22:11.973405+00:00,2026-06-19 20:22:41.677453+00:00
245a8f49-9195-4605-a156-415a33e0812b,completed,2026-06-19 20:22:12.553397+00:00,2026-06-19 20:22:42.219629+00:00
20751c5c-85c5-45ef-a7c3-adf300d03875,completed,2026-06-19 20:22:13.486974+00:00,2026-06-19 20:22:43.179788+00:00
56f28c1e-47a1-4fa2-86b0-84a0940f92bd,completed,2026-06-19 20:22:14.066421+00:00,2026-06-19 20:22:43.759339+00:00
3941bf2a-1d57-4cac-bb17-b0f2fcbc6018,completed,2026-06-19 20:22:14.323668+00:00,2026-06-19 20:22:44.017747+00:00
d0756375-b5f5-43f9-8842-e973297a14bb,completed,2026-06-19 20:22:16.744634+00:00,2026-06-19 20:22:46.325830+00:00
93598f3e-4e4e-4883-8a71-34970f94b0cb,completed,2026-06-19 20:22:15.581085+00:00,2026-06-19 20:22:45.257550+00:00
e70963c5-7845-4607-8ddf-7423e6aff7e2,completed,2026-06-19 20:22:15.863568+00:00,2026-06-19 20:22:45.518408+00:00
ba05dd05-23b5-4048-84a7-c1ae06675bb8,completed,2026-06-19 20:22:16.446852+00:00,2026-06-19 20:22:46.047504+00:00
221993fa-0f2d-4c4c-856e-dd7233837265,completed,2026-06-19 20:22:17.049543+00:00,2026-06-19 20:22:46.610535+00:00
37368359-965e-4564-a2c2-914e8eaa7aa4,completed,2026-06-19 20:22:16.644581+00:00,2026-06-19 20:22:46.296260+00:00
bbc4cd3f-9447-4087-9da8-ea0c792970a2,completed,2026-06-19 20:22:16.847572+00:00,2026-06-19 20:22:46.462608+00:00
734c4fae-4325-4acc-894a-74c58f739f8a,completed,2026-06-19 20:22:16.952862+00:00,2026-06-19 20:22:46.602255+00:00
3411c522-8ef5-4e30-b02a-47e5c8bd27d9,completed,2026-06-19 20:22:11.529583+00:00,2026-06-19 20:22:41.266030+00:00
729dbe20-9883-4ac5-a9b0-22e40210b35b,completed,2026-06-19 20:22:11.161879+00:00,2026-06-19 20:22:40.848640+00:00
95d9b569-824e-4b36-8ad9-8da42f4bed89,completed,2026-06-19 20:22:13.769886+00:00,2026-06-19 20:22:43.457638+00:00
fb8fbf83-1a92-4110-8c05-79c9ff53b455,completed,2026-06-19 20:22:11.344654+00:00,2026-06-19 20:22:41.143729+00:00
9c19f413-c553-4086-8171-a69913e36d16,completed,2026-06-19 20:22:12.350836+00:00,2026-06-19 20:22:42.083756+00:00
025ce8b9-11fd-4d75-9504-48fc5ffd3c66,completed,2026-06-19 20:22:13.685621+00:00,2026-06-19 20:22:43.339260+00:00
e1b0d5d2-a5b1-4aab-a8a9-c96711c18a3c,completed,2026-06-19 20:22:14.280055+00:00,2026-06-19 20:22:43.921484+00:00
14df2e88-45f6-43f5-98e4-badd04aad154,completed,2026-06-19 20:22:14.542086+00:00,2026-06-19 20:22:44.222922+00:00
72ef6aef-d53a-41b7-bb17-fc62434ea823,completed,2026-06-19 20:22:15.261186+00:00,2026-06-19 20:22:44.819277+00:00
a23c6d3f-4047-4eed-83e0-6e16f5380397,completed,2026-06-19 20:22:15.721885+00:00,2026-06-19 20:22:45.389029+00:00
590d1b26-47b2-4356-b00f-969782a24ddd,completed,2026-06-19 20:22:16.006559+00:00,2026-06-19 20:22:45.651383+00:00
3d421e70-7e8d-4e08-a545-dfc5e259fa33,completed,2026-06-19 20:22:16.594782+00:00,2026-06-19 20:22:46.183151+00:00
9f786ed7-f694-4531-b201-b0963e56d116,completed,2026-06-19 20:22:16.801073+00:00,2026-06-19 20:22:46.466040+00:00
fac80ee5-5cd4-4e41-916e-52c56c966023,completed,2026-06-19 20:22:17.309152+00:00,2026-06-19 20:22:46.903983+00:00
b05b8c9c-02ab-4169-8a28-ce7ef7c00752,completed,2026-06-19 20:22:18.396234+00:00,2026-06-19 20:22:47.944648+00:00
3b455d42-b66b-42a1-ae11-8f51e862a1f2,completed,2026-06-19 20:22:18.740931+00:00,2026-06-19 20:22:48.324388+00:00
241048e4-8942-43eb-b980-ee035d48e10f,completed,2026-06-19 20:22:19.334749+00:00,2026-06-19 20:22:48.897906+00:00
f31f9494-cb8e-48f0-910f-658c75dda6d2,completed,2026-06-19 20:22:19.581501+00:00,2026-06-19 20:22:49.170638+00:00
8a27ce1a-093c-4ad1-8df6-33c5992dab4c,completed,2026-06-19 20:22:19.959924+00:00,2026-06-19 20:22:49.499071+00:00
4603845c-30ed-408b-a18b-65daa68aa809,completed,2026-06-19 20:22:20.899417+00:00,2026-06-19 20:22:50.427721+00:00
6dfb673a-4e59-4860-87bb-688668eaa384,completed,2026-06-19 20:22:21.326298+00:00,2026-06-19 20:22:50.822819+00:00
6b49ca6e-a692-4401-a001-10dd75984bab,completed,2026-06-19 20:22:21.619519+00:00,2026-06-19 20:22:51.080622+00:00
a7224d39-263a-4111-8a1b-a1453ad6f6a3,completed,2026-06-19 20:22:22.236462+00:00,2026-06-19 20:22:51.644538+00:00
5ca94452-3270-4490-af96-f9104a453d4c,completed,2026-06-19 20:22:22.561458+00:00,2026-06-19 20:22:51.907705+00:00
8633bfe8-8237-4b75-9e76-85c2976936b2,completed,2026-06-19 20:22:22.727844+00:00,2026-06-19 20:22:52.043543+00:00
363d4fda-7add-490e-8f23-9cd214aba3f6,completed,2026-06-19 20:22:23.247444+00:00,2026-06-19 20:22:52.443206+00:00
d2b7ec3e-d6c0-49dc-99a9-8fb9bab09754,completed,2026-06-19 20:22:24.609456+00:00,2026-06-19 20:22:53.384822+00:00
362dc2ec-f3a1-4db6-9513-503e8564fcdd,completed,2026-06-19 20:22:25.285566+00:00,2026-06-19 20:22:53.820653+00:00
1b56eeda-5d73-4906-9490-848ff221ddd6,completed,2026-06-19 20:22:25.520479+00:00,2026-06-19 20:22:53.956049+00:00
c756b6c0-ad4f-461d-a4b0-092ebfa045f8,completed,2026-06-19 20:22:29.522944+00:00,2026-06-19 20:22:55.510239+00:00
c0991ef6-bad4-4a2f-9528-680868aab44e,completed,2026-06-19 20:22:30.419167+00:00,2026-06-19 20:22:55.669032+00:00
0135d741-4046-44dd-bd4a-ae9a6695ee49,completed,2026-06-19 20:22:10.540811+00:00,2026-06-19 20:22:40.139615+00:00
7cf5ec5e-c8ef-4e57-9e1f-74e5efeb9549,completed,2026-06-19 20:22:10.973848+00:00,2026-06-19 20:22:40.712511+00:00
62a0ab44-da70-487d-b646-69693827452f,completed,2026-06-19 20:22:15.675688+00:00,2026-06-19 20:22:45.264546+00:00
2ba956cf-f4d3-44aa-9b57-8c0df4cb2c40,completed,2026-06-19 20:22:17.361715+00:00,2026-06-19 20:22:46.996189+00:00
04413822-906f-4ce1-ab56-6937196d8308,completed,2026-06-19 20:22:21.253496+00:00,2026-06-19 20:22:50.723078+00:00
8621f6d4-6fda-4e1d-b454-03a9e507e6b5,completed,2026-06-19 20:22:17.895704+00:00,2026-06-19 20:22:47.473703+00:00
b6491c73-59a8-447f-990e-6459e40fa3b4,completed,2026-06-19 20:22:27.771510+00:00,2026-06-19 20:22:54.979306+00:00
32ebfa0c-1b67-4dc6-9d1e-2ec76d06eddc,completed,2026-06-19 20:22:18.115469+00:00,2026-06-19 20:22:47.677983+00:00
e98ad107-163c-4249-b445-fb16a41eec85,completed,2026-06-19 20:22:21.849134+00:00,2026-06-19 20:22:51.296159+00:00
22be2b8f-8ae5-45ac-a8e4-935064118dc2,completed,2026-06-19 20:22:18.339302+00:00,2026-06-19 20:22:47.908560+00:00
fbc943d1-b2ef-486e-8645-e96e663fcb8c,completed,2026-06-19 20:22:19.520557+00:00,2026-06-19 20:22:49.078308+00:00
e5c1a296-cebb-4fbc-a527-0e5db112bc37,completed,2026-06-19 20:22:22.479800+00:00,2026-06-19 20:22:51.863547+00:00
75647cb2-9c9c-487c-a5fe-7f1e3dcf0159,completed,2026-06-19 20:22:20.553771+00:00,2026-06-19 20:22:50.032249+00:00
171d3505-9307-489b-bfcd-211066ee84b7,completed,2026-06-19 20:22:28.645554+00:00,2026-06-19 20:22:55.243966+00:00
b49fb269-f603-4d98-9ef6-7a34797b017d,completed,2026-06-19 20:22:20.688830+00:00,2026-06-19 20:22:50.161773+00:00
64c8c898-1d95-4175-b870-be366aa7e5d8,completed,2026-06-19 20:22:23.899407+00:00,2026-06-19 20:22:52.973864+00:00
e8893d4c-7c33-4368-aa56-1be0f8f9d20b,completed,2026-06-19 20:22:29.917095+00:00,2026-06-19 20:22:55.525733+00:00
3656a663-b6ae-4b68-a1f5-00b41baa85c7,completed,2026-06-19 20:22:26.448369+00:00,2026-06-19 20:22:54.452265+00:00
c5e775b3-7802-406c-b12b-b6921eb8a1d9,completed,2026-06-19 20:22:27.061072+00:00,2026-06-19 20:22:54.717509+00:00
dc221cc1-5e79-45ce-861b-004702f93ec6,completed,2026-06-19 20:19:42.442337+00:00,2026-06-19 20:19:42.595937+00:00
db60ff98-a841-4288-ae9d-2ce8a38f3720,completed,2026-06-19 20:19:33.047756+00:00,2026-06-19 20:19:33.685683+00:00
4c428a56-c614-407e-b2c4-f63b47bad0af,completed,2026-06-19 20:19:34.953218+00:00,2026-06-19 20:19:35.104466+00:00
c36c6903-b340-4457-98b6-1b1470f73cbe,completed,2026-06-19 20:19:36.268297+00:00,2026-06-19 20:19:36.425873+00:00
cb29c84d-bac4-4f62-b5cb-b597509eba0f,completed,2026-06-19 20:19:43.241312+00:00,2026-06-19 20:19:43.379203+00:00
e52e5f7c-08a0-485f-9839-563c315c30da,completed,2026-06-19 20:19:37.446635+00:00,2026-06-19 20:19:37.579310+00:00
e41ea526-75e4-4287-881c-72e42defcbbd,completed,2026-06-19 20:19:38.001473+00:00,2026-06-19 20:19:38.134098+00:00
8a4666d8-43e3-41f5-b0df-9fcb6d301281,completed,2026-06-19 20:19:45.095818+00:00,2026-06-19 20:19:45.241304+00:00
c6f5e60f-31e6-4659-b3b7-63cd7f1e198a,completed,2026-06-19 20:19:38.272351+00:00,2026-06-19 20:19:38.421292+00:00
812ffba9-dd87-4f6a-8e34-91a54dc6f133,completed,2026-06-19 20:19:43.824852+00:00,2026-06-19 20:19:43.960922+00:00
1f02a822-9177-4aa1-abe6-49c49aca594a,completed,2026-06-19 20:19:38.802124+00:00,2026-06-19 20:19:38.942018+00:00
b4d59caf-89cc-40d7-9376-e8bed636c814,completed,2026-06-19 20:19:39.297150+00:00,2026-06-19 20:19:39.444033+00:00
34872c03-7f6b-4d34-8ac9-2b82ece35cc5,completed,2026-06-19 20:19:41.162698+00:00,2026-06-19 20:19:41.341486+00:00
096dd80d-65e7-49cc-8437-0374c7d8ed9a,completed,2026-06-19 20:19:44.009295+00:00,2026-06-19 20:19:44.142055+00:00
c869c91d-ef76-490d-85ff-72e8aed6c49a,completed,2026-06-19 20:19:41.815831+00:00,2026-06-19 20:19:41.963882+00:00
5d96de9f-eeec-479d-bfb7-4b7718d0acb8,completed,2026-06-19 20:19:47.369294+00:00,2026-06-19 20:19:47.514689+00:00
4da00a0c-4b85-427b-a2e1-bea1d63a3165,completed,2026-06-19 20:19:46.710952+00:00,2026-06-19 20:19:46.853648+00:00
946f30c9-2694-4553-bd82-ffa6a4c35b4c,completed,2026-06-19 20:19:44.205025+00:00,2026-06-19 20:19:44.336369+00:00
d65cf33d-e432-4abf-a3ef-022988d16859,completed,2026-06-19 20:19:44.387806+00:00,2026-06-19 20:19:44.535331+00:00
b319d92f-08e9-4ba0-8564-e5d64b5de3d0,completed,2026-06-19 20:19:44.755412+00:00,2026-06-19 20:19:44.889979+00:00
2cee2d62-b12a-403e-bfe4-16a9a63771d4,completed,2026-06-19 20:19:48.410973+00:00,2026-06-19 20:19:48.556711+00:00
5d5b010f-1e84-4308-9dcc-7d8aa2ea18ab,completed,2026-06-19 20:19:46.975415+00:00,2026-06-19 20:19:47.124404+00:00
9809dced-f4ba-4e4d-9b18-516615e8b92f,completed,2026-06-19 20:19:47.037745+00:00,2026-06-19 20:19:47.172556+00:00
8decbb3f-f4cb-4252-9f3e-97b2b6e41467,completed,2026-06-19 20:19:47.626193+00:00,2026-06-19 20:19:47.767429+00:00
9aedd83a-c97a-4c92-8ef7-b3cf4a54e943,completed,2026-06-19 20:19:47.940885+00:00,2026-06-19 20:19:48.071820+00:00
32cd09ad-4f77-43d8-8ca7-3f52ccc9cf9c,completed,2026-06-19 20:19:48.870028+00:00,2026-06-19 20:19:49.004895+00:00
534b3650-2dfd-4448-82ec-1668407794ec,completed,2026-06-19 20:19:48.564849+00:00,2026-06-19 20:19:48.708766+00:00
07271a0f-7d30-4ab1-960e-dfe4c09ab52f,completed,2026-06-19 20:19:49.320022+00:00,2026-06-19 20:19:49.458123+00:00
9f897ef9-bcbd-4050-b5c0-c2e34009b6dc,completed,2026-06-19 20:19:49.468607+00:00,2026-06-19 20:19:49.602331+00:00
423bfe42-7019-4a74-809e-8a7fd36ab801,completed,2026-06-19 20:19:49.766641+00:00,2026-06-19 20:19:49.901508+00:00
d36d25af-2812-494f-ae3d-5bb60ebb18e0,completed,2026-06-19 20:19:49.911309+00:00,2026-06-19 20:19:50.047662+00:00
859059b7-413a-41fe-a60a-3b0d435b9b06,completed,2026-06-19 20:20:02.139663+00:00,2026-06-19 20:20:02.296446+00:00
bf9ed659-2781-4275-ac7c-da7bbc00e071,completed,2026-06-19 20:19:50.201355+00:00,2026-06-19 20:19:50.346091+00:00
0f015792-2b93-4b2f-9a9b-05128d07f5c8,completed,2026-06-19 20:19:50.345212+00:00,2026-06-19 20:19:50.477692+00:00
60748bed-77f8-40c2-8516-7248c35cc1f8,completed,2026-06-19 20:19:57.292928+00:00,2026-06-19 20:19:57.438611+00:00
6efc1728-47f8-4152-89df-30f4ef848b20,completed,2026-06-19 20:19:50.485396+00:00,2026-06-19 20:19:50.634996+00:00
8559d74c-763b-4ad1-b680-4befd370cfd4,completed,2026-06-19 20:19:51.600634+00:00,2026-06-19 20:19:51.745622+00:00
14e01107-7681-483f-913b-6b4ec8fefcbe,completed,2026-06-19 20:19:51.735362+00:00,2026-06-19 20:19:51.878334+00:00
26da889b-d350-419f-98f2-ed360f3e9f84,completed,2026-06-19 20:19:53.707386+00:00,2026-06-19 20:19:53.857508+00:00
b99c79b6-39f6-4cf0-9910-8d40a0bd33c4,completed,2026-06-19 20:19:57.742887+00:00,2026-06-19 20:19:57.892220+00:00
2ae39277-cce3-4aec-a50a-0771ef2b39b0,completed,2026-06-19 20:19:54.210682+00:00,2026-06-19 20:19:54.355475+00:00
6e4db1a8-2b38-4593-94a4-0a5da95226ae,completed,2026-06-19 20:19:55.670046+00:00,2026-06-19 20:19:55.818354+00:00
7a4e0bea-de5e-42a2-9ec6-e91a8b39bd57,completed,2026-06-19 20:20:04.362833+00:00,2026-06-19 20:20:04.497557+00:00
a150df80-695b-45a3-a110-b39e138bc10c,completed,2026-06-19 20:19:55.906100+00:00,2026-06-19 20:19:56.057640+00:00
fc275d86-a75b-4e50-9dfc-923689d3c90b,completed,2026-06-19 20:19:58.187825+00:00,2026-06-19 20:19:58.334487+00:00
95fc9fd3-7cd1-4787-93e4-2cfd2a69a7b2,completed,2026-06-19 20:19:56.142690+00:00,2026-06-19 20:19:56.284481+00:00
73ebe287-0cdd-4ec0-b540-3e1ca1a42254,completed,2026-06-19 20:19:56.607649+00:00,2026-06-19 20:19:56.751713+00:00
894665cc-3e6a-48a7-bb00-940ba67f7cc8,completed,2026-06-19 20:20:03.281317+00:00,2026-06-19 20:20:03.427670+00:00
45afe6c3-4d85-4344-b937-c8b2e7a58537,completed,2026-06-19 20:19:59.055605+00:00,2026-06-19 20:19:59.195538+00:00
1a7f5e54-451d-4787-afe5-ee0084f5a87c,completed,2026-06-19 20:20:00.112025+00:00,2026-06-19 20:20:00.259462+00:00
2c1bcd6d-cee5-4483-8303-dcdf81c8d59c,completed,2026-06-19 20:20:01.142436+00:00,2026-06-19 20:20:01.306680+00:00
5916a305-5bd0-42bb-a770-cb1e6e1346ac,completed,2026-06-19 20:20:04.005546+00:00,2026-06-19 20:20:04.144849+00:00
5a0eab70-e43e-458c-8a1c-729ccdad4751,completed,2026-06-19 20:20:04.710953+00:00,2026-06-19 20:20:04.854987+00:00
4fae2bee-6071-4313-ada9-db852ec2ce3f,completed,2026-06-19 20:20:04.184480+00:00,2026-06-19 20:20:04.339734+00:00
342f8a2c-2934-45df-8a79-d847e410d08b,completed,2026-06-19 20:20:06.223602+00:00,2026-06-19 20:20:06.385723+00:00
42f8996e-3367-4e6f-974a-42c50cbff3db,completed,2026-06-19 20:20:05.894761+00:00,2026-06-19 20:20:06.048820+00:00
f2ffaafd-739d-4856-a31d-f75c8fbbb7bd,completed,2026-06-19 20:20:06.384824+00:00,2026-06-19 20:20:06.542180+00:00
0af9775f-6f8f-4a21-bd3b-62e7d9d96674,completed,2026-06-19 20:20:07.179212+00:00,2026-06-19 20:20:07.345033+00:00
5ba180da-3096-44e9-899b-324e048afd00,completed,2026-06-19 20:20:07.334238+00:00,2026-06-19 20:20:07.504674+00:00
c22e1478-6c0e-4ee6-9dc6-96c634b7148b,completed,2026-06-19 20:20:07.652949+00:00,2026-06-19 20:20:07.792895+00:00
9f2aba98-fb5d-4d99-a939-87027ca25a5e,completed,2026-06-19 20:20:09.141482+00:00,2026-06-19 20:20:09.310070+00:00
87242fe1-e950-40c3-9434-79c51b8e9ab8,completed,2026-06-19 20:20:09.861479+00:00,2026-06-19 20:20:10.034859+00:00
0b23fa8c-d7b1-4738-8a9c-ac394fde929d,completed,2026-06-19 20:19:59.590400+00:00,2026-06-19 20:19:59.729086+00:00
cb5b1d21-63a8-4c08-b1f6-211ff32e3fbe,completed,2026-06-19 20:19:52.276171+00:00,2026-06-19 20:19:52.415404+00:00
68f3d624-6c4a-4eb0-9dd0-61e9b6bb6567,completed,2026-06-19 20:19:53.587523+00:00,2026-06-19 20:19:53.718743+00:00
1224a79d-cf21-4568-848a-81895f157d57,completed,2026-06-19 20:19:53.830144+00:00,2026-06-19 20:19:53.967587+00:00
9f234c1f-30fc-4c3c-8a68-26777523b278,completed,2026-06-19 20:20:00.425584+00:00,2026-06-19 20:20:00.566499+00:00
520a8fa3-c36e-4f22-9318-164e28ec116a,completed,2026-06-19 20:19:54.080477+00:00,2026-06-19 20:19:54.227465+00:00
6f90c521-25fd-4899-bb06-d023085a8b5d,completed,2026-06-19 20:19:54.333557+00:00,2026-06-19 20:19:54.464211+00:00
58fdb6c1-98ea-46ac-867b-98f197febf51,completed,2026-06-19 20:20:04.098353+00:00,2026-06-19 20:20:04.250888+00:00
a817674f-3522-4318-b051-ed2932a9b5e1,completed,2026-06-19 20:19:54.826063+00:00,2026-06-19 20:19:54.958877+00:00
f907b6db-676a-4b60-a0fd-4fc4dfb81ed1,completed,2026-06-19 20:20:00.835497+00:00,2026-06-19 20:20:00.978879+00:00
c221bd8a-1ad0-4eb3-a8c6-b489a363faf8,completed,2026-06-19 20:19:56.492125+00:00,2026-06-19 20:19:56.627506+00:00
24022ad4-d5a6-4665-8ebe-f5e252945f09,completed,2026-06-19 20:19:57.629605+00:00,2026-06-19 20:19:57.769652+00:00
6d7f1c8f-fb05-41ae-a14a-52da9dfcb664,completed,2026-06-19 20:19:59.163935+00:00,2026-06-19 20:19:59.300333+00:00
ec0b97e8-6580-483d-bd74-ef9b9ff0d8e8,completed,2026-06-19 20:20:01.843524+00:00,2026-06-19 20:20:01.980198+00:00
9438f692-f4b7-4816-b916-d7d51b8fdc53,completed,2026-06-19 20:19:59.377421+00:00,2026-06-19 20:19:59.512933+00:00
998f5f6e-5446-4e16-bb5c-49d18788d996,completed,2026-06-19 20:20:05.645840+00:00,2026-06-19 20:20:05.781633+00:00
0a424907-875c-414e-adae-bc37ad81f60c,completed,2026-06-19 20:20:04.623701+00:00,2026-06-19 20:20:04.762700+00:00
6dab1bdb-7e11-4dcd-a0ac-8743bdf85a8d,completed,2026-06-19 20:20:02.236411+00:00,2026-06-19 20:20:02.378185+00:00
7b4954d7-0629-48a6-b0c5-7efeb7b2e0e7,completed,2026-06-19 20:20:03.186686+00:00,2026-06-19 20:20:03.369115+00:00
8957006f-0dab-4ad0-91b4-3cc831bd59aa,completed,2026-06-19 20:20:03.371422+00:00,2026-06-19 20:20:03.508408+00:00
e45479ef-050b-46c3-b68e-afd71760e4c5,completed,2026-06-19 20:20:05.307389+00:00,2026-06-19 20:20:05.457656+00:00
e1c776e7-9b47-4b19-9bb5-9ec6e368d8f0,completed,2026-06-19 20:20:05.478018+00:00,2026-06-19 20:20:05.616175+00:00
14359380-0b53-45e3-91f6-cc7ac9f18517,completed,2026-06-19 20:20:06.142404+00:00,2026-06-19 20:20:06.285688+00:00
7aa39bbb-0c0e-4310-94b9-322be5c8c32f,completed,2026-06-19 20:20:07.410726+00:00,2026-06-19 20:20:07.550407+00:00
6a0a7de3-af24-41f0-a88c-8c2b39f61b58,completed,2026-06-19 20:20:06.625607+00:00,2026-06-19 20:20:06.786937+00:00
d74de9b4-483c-4d62-8c20-7be77e9c57f6,completed,2026-06-19 20:20:10.418969+00:00,2026-06-19 20:20:10.626421+00:00
5544e894-f843-48c5-9a28-cd19eae404c2,completed,2026-06-19 20:20:09.503575+00:00,2026-06-19 20:20:09.651022+00:00
95bcf389-ec82-49a6-a4e2-170a78243e78,completed,2026-06-19 20:20:10.072981+00:00,2026-06-19 20:20:10.212130+00:00
62af656b-a2ed-4983-bc63-1be72278dc74,completed,2026-06-19 20:20:10.350054+00:00,2026-06-19 20:20:10.484506+00:00
dee3e140-f44f-4bab-bae3-0c096951bc98,completed,2026-06-19 20:20:10.627392+00:00,2026-06-19 20:20:10.766078+00:00
f2ba5656-f051-454a-9a47-8be6638d2915,completed,2026-06-19 20:20:10.907578+00:00,2026-06-19 20:20:11.107182+00:00
30f624fe-a1b7-4be8-86b1-8dd62a3dedb9,completed,2026-06-19 20:20:14.138444+00:00,2026-06-19 20:20:14.738479+00:00
d2269e54-4667-41a3-8eea-e0d6412f9ffa,completed,2026-06-19 20:20:11.042305+00:00,2026-06-19 20:20:11.289540+00:00
74f35c31-a3f4-4d51-a48d-eeb1cab75863,completed,2026-06-19 20:20:11.313920+00:00,2026-06-19 20:20:11.610122+00:00
2cd3fc04-9ea3-4342-827d-4957dd0de0c8,completed,2026-06-19 20:20:11.444895+00:00,2026-06-19 20:20:11.742275+00:00
e0bf21e1-751c-403f-a8e5-f702130e5679,completed,2026-06-19 20:20:11.844956+00:00,2026-06-19 20:20:12.161266+00:00
4a1d2bd0-b266-4a98-850c-43d2807885e4,completed,2026-06-19 20:20:11.974889+00:00,2026-06-19 20:20:12.310307+00:00
f5ecd3f2-64b2-4692-9704-3f61fb2193eb,completed,2026-06-19 20:20:12.367342+00:00,2026-06-19 20:20:12.737564+00:00
9a78f843-d66c-4653-8954-f993d802f280,completed,2026-06-19 20:20:15.467820+00:00,2026-06-19 20:20:16.414626+00:00
652f6ffa-6678-402c-9ef3-19f3d54e0d17,completed,2026-06-19 20:20:12.757189+00:00,2026-06-19 20:20:13.173108+00:00
d4b45a0e-b74b-4fb8-9acf-e91cc7594914,completed,2026-06-19 20:20:16.745264+00:00,2026-06-19 20:20:17.992186+00:00
32534889-cad0-4d8a-bcfa-afc9248b586b,completed,2026-06-19 20:20:13.010707+00:00,2026-06-19 20:20:13.440957+00:00
e5b31f8e-d95f-45d6-a7a4-25d396f727c3,completed,2026-06-19 20:20:15.703746+00:00,2026-06-19 20:20:16.708950+00:00
05e9d1f1-ecde-4e27-93cc-7cdbaa9feb06,completed,2026-06-19 20:20:13.894397+00:00,2026-06-19 20:20:14.450024+00:00
fccc252e-110c-46fa-8196-0635a37118df,completed,2026-06-19 20:20:14.017178+00:00,2026-06-19 20:20:14.595380+00:00
1130fb59-d009-4bd9-90e2-e3cc13691e1c,completed,2026-06-19 20:20:17.421488+00:00,2026-06-19 20:20:18.862187+00:00
c7f12b24-9806-45eb-8619-d22d455279bc,completed,2026-06-19 20:20:16.287732+00:00,2026-06-19 20:20:17.420492+00:00
d317d496-b79f-4168-a8ad-b41d9dd523ce,completed,2026-06-19 20:20:16.858467+00:00,2026-06-19 20:20:18.132187+00:00
f7fbb320-d48c-4515-9eec-16ec1df60668,completed,2026-06-19 20:20:16.404338+00:00,2026-06-19 20:20:17.565291+00:00
7b28953e-b1c2-4087-b244-c94fd8e09d15,completed,2026-06-19 20:20:17.532930+00:00,2026-06-19 20:20:18.996402+00:00
a4288728-b993-4cdf-9ace-4ce034cb5465,completed,2026-06-19 20:20:17.197780+00:00,2026-06-19 20:20:18.578458+00:00
3998ecc4-fc5c-4b06-a7f7-5dec665368b0,completed,2026-06-19 20:20:17.645186+00:00,2026-06-19 20:20:19.140605+00:00
c1a5b08c-888a-4473-a91a-39e553521fc7,completed,2026-06-19 20:20:17.977780+00:00,2026-06-19 20:20:19.573027+00:00
91476dd8-a19c-458d-842f-1bf59f3e5375,completed,2026-06-19 20:20:18.085187+00:00,2026-06-19 20:20:19.715274+00:00
81d80a86-a9e2-4aaf-ace1-2439da83bd14,completed,2026-06-19 20:20:18.197156+00:00,2026-06-19 20:20:19.855548+00:00
7f9a7951-49f9-4056-921e-6ca16dc8e212,completed,2026-06-19 20:20:18.631527+00:00,2026-06-19 20:20:20.409957+00:00
d65cd63a-2f0e-4902-9d06-fda5f02e043f,completed,2026-06-19 20:20:18.736851+00:00,2026-06-19 20:20:20.556035+00:00
c52cf43a-a220-43eb-b27f-3a4e7e1e8a6f,completed,2026-06-19 20:20:18.846669+00:00,2026-06-19 20:20:20.699665+00:00
ab594349-4018-4b8f-a120-95569bf067ae,completed,2026-06-19 20:20:19.059861+00:00,2026-06-19 20:20:20.987708+00:00
9cef3541-fa3e-4f20-a818-c0cd81c930b3,completed,2026-06-19 20:20:20.010981+00:00,2026-06-19 20:20:22.328681+00:00
f9863fc3-f216-4041-ae85-41574636c608,completed,2026-06-19 20:20:20.320305+00:00,2026-06-19 20:20:22.764261+00:00
d8da78ef-197e-4092-9c9c-3181fac332ad,completed,2026-06-19 20:20:20.734346+00:00,2026-06-19 20:20:23.343631+00:00
df27520a-3f89-44f0-b844-39b98607d1a4,completed,2026-06-19 20:20:11.375877+00:00,2026-06-19 20:20:11.600401+00:00
7fe94a83-be95-43dc-baa0-4473a8837b0e,completed,2026-06-19 20:20:20.063795+00:00,2026-06-19 20:20:22.375817+00:00
dfd1ab29-2347-4651-bd71-73a6e389a706,completed,2026-06-19 20:20:20.271341+00:00,2026-06-19 20:20:22.679319+00:00
fc8bb239-b44e-411e-80f4-9433983ac1e4,completed,2026-06-19 20:20:20.887475+00:00,2026-06-19 20:20:23.518861+00:00
a2163e9e-2221-4722-9e07-034beca81dae,completed,2026-06-19 20:20:29.810531+00:00,2026-06-19 20:20:37.693892+00:00
762adacf-780e-4a90-af6f-09ed838315ff,completed,2026-06-19 20:20:31.804975+00:00,2026-06-19 20:20:41.245270+00:00
8ed7a950-2736-4e30-8883-975aaa6a719b,completed,2026-06-19 20:20:32.947234+00:00,2026-06-19 20:20:43.349087+00:00
c62f9e04-6224-4c0e-a0a1-299e3c251c75,completed,2026-06-19 20:20:33.382436+00:00,2026-06-19 20:20:44.164745+00:00
3fe4101d-b1c7-4580-8894-65d18d9015f4,completed,2026-06-19 20:20:35.718452+00:00,2026-06-19 20:20:48.781395+00:00
8336473a-e4a3-45c2-9350-0c496037763e,completed,2026-06-19 20:20:18.899692+00:00,2026-06-19 20:20:20.813496+00:00
a0a8c17d-2c37-484c-8554-5c5c689acb6c,completed,2026-06-19 20:20:11.780930+00:00,2026-06-19 20:20:12.062491+00:00
e0af3b8c-7f94-436b-897e-17e4e7504697,completed,2026-06-19 20:20:12.042103+00:00,2026-06-19 20:20:12.341561+00:00
efff9321-6edd-4b50-a5eb-19f1edf2c866,completed,2026-06-19 20:20:12.690897+00:00,2026-06-19 20:20:13.051725+00:00
675d3e60-f666-4564-8c6a-f6c7213332a7,completed,2026-06-19 20:20:15.762763+00:00,2026-06-19 20:20:16.815226+00:00
fb7736bf-fcfa-4cb7-9283-10bda5391c47,completed,2026-06-19 20:20:13.457585+00:00,2026-06-19 20:20:13.939659+00:00
ee784cea-ce41-4c0d-803c-683e988ef82b,completed,2026-06-19 20:20:16.804105+00:00,2026-06-19 20:20:18.114016+00:00
fb589752-22a2-494f-90f1-ada4d9a7d5c0,completed,2026-06-19 20:20:13.707781+00:00,2026-06-19 20:20:14.231158+00:00
67f4544d-4cec-4051-8564-9d03ae6d90b3,completed,2026-06-19 20:20:14.203809+00:00,2026-06-19 20:20:14.801170+00:00
2573a440-d3f4-4f94-bdcc-9705ae10b062,completed,2026-06-19 20:20:15.879448+00:00,2026-06-19 20:20:16.972269+00:00
d611c005-a835-4236-99e8-de9b41767e88,completed,2026-06-19 20:20:14.930727+00:00,2026-06-19 20:20:15.695351+00:00
c5fd18e7-8a3c-41d0-84f2-fa8d02ab5f7a,completed,2026-06-19 20:20:15.409194+00:00,2026-06-19 20:20:16.349199+00:00
e0eb52dc-962d-4217-8721-737493aa10a7,completed,2026-06-19 20:20:15.996040+00:00,2026-06-19 20:20:17.120809+00:00
4d0f20cb-98a2-4221-a9e9-b44ab61372ba,completed,2026-06-19 20:20:15.526001+00:00,2026-06-19 20:20:16.513997+00:00
87cc4439-498e-435d-a62d-bb8d3394354f,completed,2026-06-19 20:20:16.915279+00:00,2026-06-19 20:20:18.248907+00:00
d8a54f71-7cea-42a1-b923-2c856286cb33,completed,2026-06-19 20:20:16.229020+00:00,2026-06-19 20:20:17.411248+00:00
4d307027-083f-4439-8798-2db7bd9257ff,completed,2026-06-19 20:20:16.457112+00:00,2026-06-19 20:20:17.688414+00:00
7ee0c618-60f9-4c69-ab57-494058b06264,completed,2026-06-19 20:20:16.687547+00:00,2026-06-19 20:20:17.973474+00:00
4493d324-37da-45f0-8bb3-4d70b86c8aae,completed,2026-06-19 20:20:18.250631+00:00,2026-06-19 20:20:19.989885+00:00
35308140-1840-44ec-8ea9-d6980207b952,completed,2026-06-19 20:20:17.478154+00:00,2026-06-19 20:20:18.981566+00:00
60ad5c3b-0596-427e-9d90-1f5a892abca6,completed,2026-06-19 20:20:17.810172+00:00,2026-06-19 20:20:19.413199+00:00
7ed1df9a-467b-4a74-92c3-0998b9953815,completed,2026-06-19 20:20:18.791906+00:00,2026-06-19 20:20:20.683642+00:00
8892cc92-75cc-4d93-942e-ac858d495313,completed,2026-06-19 20:20:19.853901+00:00,2026-06-19 20:20:22.098414+00:00
c1cf3efd-dcf8-4efa-9f34-714faec4cc10,completed,2026-06-19 20:20:21.091749+00:00,2026-06-19 20:20:23.810768+00:00
fb8925a0-1d47-457f-bdc8-e5c2607d8b26,completed,2026-06-19 20:20:21.292323+00:00,2026-06-19 20:20:24.096489+00:00
fae6e5ef-a802-434d-bda9-87c3ff7370ba,completed,2026-06-19 20:20:21.393531+00:00,2026-06-19 20:20:24.245118+00:00
6d53e4dc-f081-4f2f-877e-62e901d3f54c,completed,2026-06-19 20:20:21.693885+00:00,2026-06-19 20:20:24.679442+00:00
27195cbe-5d6d-4c61-bbbb-871ca5df1047,completed,2026-06-19 20:20:21.893570+00:00,2026-06-19 20:20:24.974964+00:00
a34ae8a4-443c-413a-9447-2fc5caaac853,completed,2026-06-19 20:20:21.991686+00:00,2026-06-19 20:20:25.126247+00:00
3d566396-e37b-4705-b568-d767ce1b3499,completed,2026-06-19 20:20:22.483864+00:00,2026-06-19 20:20:25.837901+00:00
87b6d306-dbd8-4934-889b-e33017d6cee8,completed,2026-06-19 20:20:25.916540+00:00,2026-06-19 20:20:31.071685+00:00
e6fd3fe7-58b8-4ce7-a23d-7664212156ac,completed,2026-06-19 20:20:20.938679+00:00,2026-06-19 20:20:23.642824+00:00
03479266-1a1d-4518-9c89-fcbfeb9e9a7c,completed,2026-06-19 20:20:21.141593+00:00,2026-06-19 20:20:23.932934+00:00
42a5e23f-76d6-4cdf-b9cd-c2bd4b58ca12,completed,2026-06-19 20:20:23.882724+00:00,2026-06-19 20:20:27.879695+00:00
40236bc0-77a9-4a89-9f50-5e48d41caa40,completed,2026-06-19 20:20:21.241914+00:00,2026-06-19 20:20:24.076698+00:00
6f9c7350-8ce1-4ab8-94e3-1fb55988df86,completed,2026-06-19 20:20:25.095571+00:00,2026-06-19 20:20:29.785292+00:00
edc912df-1dea-4eee-a3ab-e1b1032b5b37,completed,2026-06-19 20:20:21.343465+00:00,2026-06-19 20:20:24.223477+00:00
a81f9fd1-7341-42b3-9b57-89e53decea2f,completed,2026-06-19 20:20:22.242098+00:00,2026-06-19 20:20:25.489582+00:00
1e4e5e89-1b4d-482d-8dd6-2aa4cabb5007,completed,2026-06-19 20:20:23.977795+00:00,2026-06-19 20:20:28.015976+00:00
46d2e81b-975a-4a8d-80d8-d3f632234f6d,completed,2026-06-19 20:20:22.633215+00:00,2026-06-19 20:20:26.066423+00:00
529e38b7-20b7-4a27-a43f-07bc7e243874,completed,2026-06-19 20:20:23.019996+00:00,2026-06-19 20:20:26.619352+00:00
ddafa091-bda9-4bf9-a2ea-40c06f54b9b5,completed,2026-06-19 20:20:23.307476+00:00,2026-06-19 20:20:27.043606+00:00
ec0afb67-07a7-4ddf-b519-661d8d9aae42,completed,2026-06-19 20:20:26.812182+00:00,2026-06-19 20:20:32.516988+00:00
ed433e19-9edf-4a98-a7a2-9f51151898f4,completed,2026-06-19 20:20:24.727652+00:00,2026-06-19 20:20:29.190146+00:00
a140a52c-5c01-4efb-a81d-31703412e8f4,completed,2026-06-19 20:20:26.368787+00:00,2026-06-19 20:20:31.781447+00:00
408fcf3a-dc9c-46a9-8f9e-79982336a6f2,completed,2026-06-19 20:20:26.005583+00:00,2026-06-19 20:20:31.203055+00:00
ce24f741-41b5-487c-acf2-b88d9b58f594,completed,2026-06-19 20:20:27.863303+00:00,2026-06-19 20:20:34.209204+00:00
d15f5eb0-983b-4b4f-a48b-b9174f0619d0,completed,2026-06-19 20:20:27.513608+00:00,2026-06-19 20:20:33.664975+00:00
40df4000-53f5-423c-b464-df44f1f5cca5,completed,2026-06-19 20:20:27.252173+00:00,2026-06-19 20:20:33.247766+00:00
aca30e2d-0a36-4291-8f05-35e70769ffdd,completed,2026-06-19 20:20:27.947117+00:00,2026-06-19 20:20:34.351996+00:00
99d989cb-b889-48e5-a7a8-e24536d53b6c,completed,2026-06-19 20:20:28.035173+00:00,2026-06-19 20:20:34.488910+00:00
1a9bab1a-bb3b-45e4-b1c9-bead53291d34,completed,2026-06-19 20:20:28.291737+00:00,2026-06-19 20:20:34.927373+00:00
71952b10-dd3e-4ad3-b913-06324d75758b,completed,2026-06-19 20:20:28.549529+00:00,2026-06-19 20:20:35.404295+00:00
3778849a-7a9f-4706-a1d0-925031c50728,completed,2026-06-19 20:20:28.803788+00:00,2026-06-19 20:20:35.841833+00:00
082819b8-9285-4f99-9c23-3f4e417aac94,completed,2026-06-19 20:20:28.888565+00:00,2026-06-19 20:20:35.989720+00:00
b736c8d5-be01-4e5f-a5f7-47ccd2ad3f27,completed,2026-06-19 20:20:29.054606+00:00,2026-06-19 20:20:36.337673+00:00
af09836a-2c02-484d-878d-4bb651089f30,completed,2026-06-19 20:20:29.225881+00:00,2026-06-19 20:20:36.637883+00:00
73d90b1d-32de-46bd-be00-96a6f6916480,completed,2026-06-19 20:20:29.309387+00:00,2026-06-19 20:20:36.786791+00:00
642115a5-4df2-44a6-a852-52d6b5db1581,completed,2026-06-19 20:20:27.383624+00:00,2026-06-19 20:20:33.387524+00:00
3b5c7784-d630-46ea-b15c-3cd40f275171,completed,2026-06-19 20:20:23.451612+00:00,2026-06-19 20:20:27.265250+00:00
049c18d3-806b-4ccf-b2a5-410f319237aa,completed,2026-06-19 20:20:25.598523+00:00,2026-06-19 20:20:30.586223+00:00
7899766a-0dc0-458b-a49a-3f04c4a139ea,completed,2026-06-19 20:20:23.548983+00:00,2026-06-19 20:20:27.412109+00:00
b50bf953-255d-4fb9-81ff-840dd6efa22c,completed,2026-06-19 20:20:26.677119+00:00,2026-06-19 20:20:32.250302+00:00
9f65cedb-8db0-46bc-b8e2-80d6f154ee70,completed,2026-06-19 20:20:23.737867+00:00,2026-06-19 20:20:27.724504+00:00
83ab6193-6073-44f8-90f7-982866de8ba1,completed,2026-06-19 20:20:24.400200+00:00,2026-06-19 20:20:28.721434+00:00
5201710c-a8fd-4a2f-a416-07447f26f96e,completed,2026-06-19 20:20:25.780670+00:00,2026-06-19 20:20:30.867594+00:00
3b47c8f6-8a9e-4a1a-9c2e-40090f0d293b,completed,2026-06-19 20:20:24.958039+00:00,2026-06-19 20:20:29.579499+00:00
54ab777a-ef23-4b92-a199-b62c6e0121c5,completed,2026-06-19 20:20:27.209710+00:00,2026-06-19 20:20:33.087932+00:00
f0236009-415c-45b4-b698-b396f6c55308,completed,2026-06-19 20:20:25.871696+00:00,2026-06-19 20:20:31.006288+00:00
1bcc2f58-5dd6-4f0a-9f0d-efa87a80db9d,completed,2026-06-19 20:20:27.031561+00:00,2026-06-19 20:20:32.811656+00:00
0683bb50-e612-4745-9269-1d5293c07e1d,completed,2026-06-19 20:20:27.904545+00:00,2026-06-19 20:20:34.337017+00:00
d3a6dc30-602f-4994-98c2-be26e79b4307,completed,2026-06-19 20:20:27.815627+00:00,2026-06-19 20:20:34.199038+00:00
73f62341-ef5d-49f8-8cc5-63b507c3af1b,completed,2026-06-19 20:20:27.469867+00:00,2026-06-19 20:20:33.521560+00:00
fc0161a9-1858-4fde-84fd-740df4897085,completed,2026-06-19 20:20:29.098680+00:00,2026-06-19 20:20:36.403509+00:00
4c37da3e-7d6e-4118-80d8-21e232b656ba,completed,2026-06-19 20:20:28.763136+00:00,2026-06-19 20:20:35.771320+00:00
142b5f07-03d1-44f6-8604-7b02be242a56,completed,2026-06-19 20:20:28.084027+00:00,2026-06-19 20:20:34.626345+00:00
e8e8893b-3608-4a90-9017-59abe6c810ee,completed,2026-06-19 20:20:29.942260+00:00,2026-06-19 20:20:37.881798+00:00
cd6393f5-f24e-403b-9d9e-5b519912b976,completed,2026-06-19 20:20:29.434090+00:00,2026-06-19 20:20:36.986228+00:00
5a5ec27f-dd56-4c5b-9cfe-60a0f4fa9879,completed,2026-06-19 20:20:30.017212+00:00,2026-06-19 20:20:38.028705+00:00
f59474ff-3f8b-4152-a009-f9eaa7de91d4,completed,2026-06-19 20:20:30.264618+00:00,2026-06-19 20:20:38.465845+00:00
f03be090-b519-4be2-9412-d0bebc921658,completed,2026-06-19 20:20:30.347839+00:00,2026-06-19 20:20:38.614986+00:00
a5b86167-e972-41c3-a206-702dac07f743,completed,2026-06-19 20:20:30.838089+00:00,2026-06-19 20:20:39.473865+00:00
4c078033-b4d3-4429-b95c-d0053f6f8895,completed,2026-06-19 20:20:30.918299+00:00,2026-06-19 20:20:39.613130+00:00
17556387-c3cf-4362-b91f-cbfd07887573,completed,2026-06-19 20:20:30.999384+00:00,2026-06-19 20:20:39.754935+00:00
714313b8-deb7-42b9-8003-7cf2e1d2d6d3,completed,2026-06-19 20:20:31.242139+00:00,2026-06-19 20:20:40.266364+00:00
f89bad8c-a480-4bad-915b-5776b9454051,completed,2026-06-19 20:20:31.403808+00:00,2026-06-19 20:20:40.562556+00:00
b4c2c9aa-13af-4946-95be-3862aaff50a8,completed,2026-06-19 20:20:23.261592+00:00,2026-06-19 20:20:26.962314+00:00
635a96a1-b15e-4afa-8966-2ab5f1d64820,completed,2026-06-19 20:20:29.402527+00:00,2026-06-19 20:20:36.935730+00:00
d469e20b-9db4-4107-ae54-9593e68da96d,completed,2026-06-19 20:20:31.604474+00:00,2026-06-19 20:20:40.847041+00:00
231a1d8a-56e5-4e32-bbea-2d6d767ec87b,completed,2026-06-19 20:20:34.560376+00:00,2026-06-19 20:20:46.479559+00:00
dc4bad16-0551-471e-b5ec-fccf7a5e1700,completed,2026-06-19 20:20:33.796934+00:00,2026-06-19 20:20:45.014070+00:00
013db975-625c-45cc-8969-7448cd6298d5,completed,2026-06-19 20:20:29.977418+00:00,2026-06-19 20:20:37.997679+00:00
301d7f96-d01b-470b-bb1e-2e563c2a9ee1,completed,2026-06-19 20:20:30.059394+00:00,2026-06-19 20:20:38.153360+00:00
46ace101-5fbb-40ba-9c59-bfb3a5c428a3,completed,2026-06-19 20:20:30.141818+00:00,2026-06-19 20:20:38.298642+00:00
9f54705d-80eb-468c-9452-5ddc647df939,completed,2026-06-19 20:20:30.306121+00:00,2026-06-19 20:20:38.591284+00:00
19a3faf1-0e8b-4a41-a1d3-eda06c76dca0,completed,2026-06-19 20:20:30.715927+00:00,2026-06-19 20:20:39.304375+00:00
e3f38d1e-695b-492a-8928-201584084867,completed,2026-06-19 20:20:31.363315+00:00,2026-06-19 20:20:40.416565+00:00
7a514bd7-7cd1-4297-b406-6d84b08a6ac0,completed,2026-06-19 20:20:31.922983+00:00,2026-06-19 20:20:41.453889+00:00
8293ccf5-56be-4aa7-8a7b-357b7a3f920c,completed,2026-06-19 20:20:32.003223+00:00,2026-06-19 20:20:41.614275+00:00
ccb76e30-80f9-4d9d-96dd-42311e59792c,completed,2026-06-19 20:20:32.083050+00:00,2026-06-19 20:20:41.758682+00:00
18675a7a-2a4a-4701-a646-99deb8ea8ebb,completed,2026-06-19 20:20:32.319655+00:00,2026-06-19 20:20:42.199157+00:00
0f81b997-7cc9-44ee-af0d-0f287da3f1c3,completed,2026-06-19 20:20:32.477117+00:00,2026-06-19 20:20:42.490743+00:00
15533c58-61e9-479e-bc83-fa561c5ab535,completed,2026-06-19 20:20:32.631586+00:00,2026-06-19 20:20:42.797459+00:00
8c36e0b5-9579-4f3a-a18c-b8806ca144bc,completed,2026-06-19 20:20:32.712452+00:00,2026-06-19 20:20:42.934015+00:00
bce46462-ead3-4cb0-9b46-d59c918069e0,completed,2026-06-19 20:20:32.790297+00:00,2026-06-19 20:20:43.065868+00:00
e4412b17-495a-4e4b-875e-f80e2c0070af,completed,2026-06-19 20:20:33.103205+00:00,2026-06-19 20:20:43.620594+00:00
63797f84-f827-4f1f-a4f9-a2278cc6f49a,completed,2026-06-19 20:20:33.489008+00:00,2026-06-19 20:20:44.364213+00:00
29d77ed0-14ea-4def-a200-fd2335528879,completed,2026-06-19 20:20:33.644577+00:00,2026-06-19 20:20:44.667655+00:00
d182b16b-d6fa-407a-b787-533df7bb8fe5,completed,2026-06-19 20:20:33.721573+00:00,2026-06-19 20:20:44.877859+00:00
9aaa5f1f-6179-4663-8170-7fb6b88b7ed8,completed,2026-06-19 20:20:34.102440+00:00,2026-06-19 20:20:45.587141+00:00
1187dc1a-9a73-439c-b1fd-e8967c2accfd,completed,2026-06-19 20:20:34.179542+00:00,2026-06-19 20:20:45.731635+00:00
529e7111-a749-4247-a2cb-a9cab3a52447,completed,2026-06-19 20:20:34.485000+00:00,2026-06-19 20:20:46.294824+00:00
0c49d438-cd6c-44ca-90ff-c2279f812179,completed,2026-06-19 20:20:34.711365+00:00,2026-06-19 20:20:46.788666+00:00
45b947b1-08ae-4000-86f7-875828a87afe,completed,2026-06-19 20:20:35.011796+00:00,2026-06-19 20:20:47.381649+00:00
7b65d6b5-22a8-482a-a40d-27b81fd0ac38,completed,2026-06-19 20:20:35.385280+00:00,2026-06-19 20:20:48.121356+00:00
554eb857-869c-489b-ad13-0e6671ac3946,completed,2026-06-19 20:20:35.532431+00:00,2026-06-19 20:20:48.409069+00:00
2ae593aa-ca26-4319-8016-b7cf0bd88fae,completed,2026-06-19 20:20:35.682820+00:00,2026-06-19 20:20:48.689543+00:00
f698e503-38bb-4448-ba07-27513c576129,completed,2026-06-19 20:20:35.757219+00:00,2026-06-19 20:20:48.857951+00:00
a6e2c868-aff3-4ef3-b82d-0d7eeacbac65,completed,2026-06-19 20:20:35.904898+00:00,2026-06-19 20:20:49.158184+00:00
b3541c65-83a8-4cee-b10a-8ea9d1db9a79,completed,2026-06-19 20:20:36.122923+00:00,2026-06-19 20:20:49.621215+00:00
72ee61b8-6ab5-48cf-bd28-1707d3cbdc36,completed,2026-06-19 20:20:31.883490+00:00,2026-06-19 20:20:41.377292+00:00
c99c3aff-71b5-41f4-ae28-8f20ada4b4c6,completed,2026-06-19 20:20:32.042678+00:00,2026-06-19 20:20:41.646573+00:00
bde8f221-dd8f-4aeb-ae19-fdb9324b0ad6,completed,2026-06-19 20:20:32.200037+00:00,2026-06-19 20:20:41.914946+00:00
202d7762-d829-4659-9f18-9f811abbdb5e,completed,2026-06-19 20:20:32.359168+00:00,2026-06-19 20:20:42.248009+00:00
9d5aebb8-d03f-4c60-866b-7c5b557aba35,completed,2026-06-19 20:20:32.596111+00:00,2026-06-19 20:20:42.726809+00:00
d7d4592c-77a5-4534-be3d-e55b2dbe0dc3,completed,2026-06-19 20:20:32.986323+00:00,2026-06-19 20:20:43.467675+00:00
789f7c7e-1bff-4102-9cda-c9fa2917bf0e,completed,2026-06-19 20:20:33.451669+00:00,2026-06-19 20:20:44.298119+00:00
e4016e6a-3d28-47a9-b65e-d0d1effb9ee7,completed,2026-06-19 20:20:33.759544+00:00,2026-06-19 20:20:44.866077+00:00
961bad83-bada-482b-bb08-2d32452053b5,completed,2026-06-19 20:20:34.064864+00:00,2026-06-19 20:20:45.506124+00:00
c6a8741c-edcf-49ec-a7e1-cf066f9af3fe,completed,2026-06-19 20:20:34.142158+00:00,2026-06-19 20:20:45.666641+00:00
48abf98e-3930-4279-bc87-d40e3ca1598e,completed,2026-06-19 20:20:34.448950+00:00,2026-06-19 20:20:46.307311+00:00
8c160ed3-4602-4183-9c75-e9a9a5920c94,completed,2026-06-19 20:20:34.898920+00:00,2026-06-19 20:20:47.169985+00:00
3e5f7acd-a0bf-413f-a059-8d2d630a8fa8,completed,2026-06-19 20:20:35.421612+00:00,2026-06-19 20:20:48.198355+00:00
c4cf7adc-0e8e-47dc-9fd6-8f98dbe9f9e2,completed,2026-06-19 20:20:35.644372+00:00,2026-06-19 20:20:48.606865+00:00
65220d66-01ad-438e-9230-dfe4afe74cef,completed,2026-06-19 20:20:35.795812+00:00,2026-06-19 20:20:48.928620+00:00
ccbb2aef-0ccb-44e0-98c9-82da266c5d72,completed,2026-06-19 20:20:35.866458+00:00,2026-06-19 20:20:49.068860+00:00
9eadf14f-5d89-4569-8b48-409fe8b61576,completed,2026-06-19 20:20:36.015606+00:00,2026-06-19 20:20:49.362507+00:00
6531573c-ab83-40cc-8bf2-dfd9774a5830,completed,2026-06-19 20:20:36.087909+00:00,2026-06-19 20:20:49.507298+00:00
2bd0e03d-051b-412b-b122-d9ffd81d62ca,completed,2026-06-19 20:20:36.160412+00:00,2026-06-19 20:20:49.647207+00:00
91f4903b-f7dc-4772-86dd-92314d9f6a00,completed,2026-06-19 20:20:36.233506+00:00,2026-06-19 20:20:49.793833+00:00
ef76361f-dffb-4270-b3f9-7a7e1823bf75,completed,2026-06-19 20:20:36.309616+00:00,2026-06-19 20:20:49.935065+00:00
4efe7a85-d814-4a7f-b609-7e78c37f7833,completed,2026-06-19 20:20:36.452178+00:00,2026-06-19 20:20:50.202518+00:00
b2819c95-1257-4b5e-af9c-2e6046233925,completed,2026-06-19 20:20:36.598210+00:00,2026-06-19 20:20:50.510401+00:00
faae3537-371e-4533-96bf-b3ffa6e2f2ae,completed,2026-06-19 20:20:36.744745+00:00,2026-06-19 20:20:50.791433+00:00
fd7e83da-1ca4-4a22-aa72-e4b44fd82f8a,completed,2026-06-19 20:20:36.962086+00:00,2026-06-19 20:20:51.202695+00:00
58e76a74-1739-470a-a090-f6276d5d2b84,completed,2026-06-19 20:20:37.249305+00:00,2026-06-19 20:20:51.812303+00:00
20a69ccb-a876-41c9-866a-b32a4b665394,completed,2026-06-19 20:20:37.320714+00:00,2026-06-19 20:20:51.948780+00:00
dc3f52ef-b1c3-4271-ae65-2e04ef40317b,completed,2026-06-19 20:20:38.037748+00:00,2026-06-19 20:20:53.400462+00:00
f769b37e-8c5f-4303-ae77-ead76ed0099b,completed,2026-06-19 20:20:38.250126+00:00,2026-06-19 20:20:53.846178+00:00
f3dd47cd-0f89-430a-bc68-51b34e676c60,completed,2026-06-19 20:20:38.320390+00:00,2026-06-19 20:20:53.993636+00:00
08f8ad9a-4db1-46c8-b50b-dd50fe176fd2,completed,2026-06-19 20:20:36.789389+00:00,2026-06-19 20:20:50.917994+00:00
9b83612f-ce6c-4108-9da0-0e3566ac7307,completed,2026-06-19 20:20:37.364240+00:00,2026-06-19 20:20:52.039949+00:00
04c26bb4-2d06-4737-b4b7-940642e56ad5,completed,2026-06-19 20:20:37.428102+00:00,2026-06-19 20:20:52.180269+00:00
fff2def4-5b3b-4f77-b457-08d9861ac65c,completed,2026-06-19 20:20:37.572555+00:00,2026-06-19 20:20:52.467624+00:00
ad755f5b-bf6e-472f-a47e-0f3273d8bb3d,completed,2026-06-19 20:20:38.142540+00:00,2026-06-19 20:20:53.650790+00:00
0c744ca4-8970-4180-8ee0-fc87d7bf6fe8,completed,2026-06-19 20:20:38.213515+00:00,2026-06-19 20:20:53.801654+00:00
8e5ab06e-9770-4b0f-8b68-c82caf43d9f7,completed,2026-06-19 20:20:38.706070+00:00,2026-06-19 20:20:54.803996+00:00
e5520231-7c81-4869-bb9c-d61fa2df6064,completed,2026-06-19 20:20:38.914480+00:00,2026-06-19 20:20:55.231724+00:00
8ed14c8a-3917-4f2f-8be2-f0fdcc969a71,completed,2026-06-19 20:20:39.263420+00:00,2026-06-19 20:20:55.969226+00:00
74818fb6-7212-4d9a-81a6-1ccafbfaff8e,completed,2026-06-19 20:20:39.402027+00:00,2026-06-19 20:20:56.279533+00:00
3ad240ef-20a9-4d53-b32d-7ecb518bad52,completed,2026-06-19 20:20:39.471065+00:00,2026-06-19 20:20:56.414572+00:00
b126c4ef-29ed-4333-a3c6-ea734939b8b0,completed,2026-06-19 20:20:39.678958+00:00,2026-06-19 20:20:56.867058+00:00
4ecff2c3-11b1-4583-b1e7-8f0d2782d9c4,completed,2026-06-19 20:20:39.954117+00:00,2026-06-19 20:20:57.486848+00:00
e83edd01-bf89-4b83-bfd1-ea9933040129,completed,2026-06-19 20:20:40.022626+00:00,2026-06-19 20:20:57.627304+00:00
530e4828-d2ab-44f8-b0ae-809ba80d5c7f,completed,2026-06-19 20:20:40.297561+00:00,2026-06-19 20:20:58.225760+00:00
f3e09fb1-f0bb-4bb3-9996-d8834d3fc3b9,completed,2026-06-19 20:20:40.635434+00:00,2026-06-19 20:20:58.967788+00:00
07138a39-8d6b-403d-823d-701908956e58,completed,2026-06-19 20:20:41.309124+00:00,2026-06-19 20:21:00.348767+00:00
229f24a6-e6ef-4890-a9ab-223a199df3ef,completed,2026-06-19 20:20:41.514476+00:00,2026-06-19 20:21:00.784538+00:00
05313174-dc15-4b40-a6ac-570ca9b8409f,completed,2026-06-19 20:20:41.578408+00:00,2026-06-19 20:21:00.924480+00:00
f0625e5c-9c4c-4089-8829-732f6fa7af84,completed,2026-06-19 20:20:41.644562+00:00,2026-06-19 20:21:01.070753+00:00
fb4c0d1a-c1fc-4202-a6e8-543a69f56035,completed,2026-06-19 20:20:42.107902+00:00,2026-06-19 20:21:02.166152+00:00
fe358df9-b613-4514-af14-91961bfce7e4,completed,2026-06-19 20:20:42.439991+00:00,2026-06-19 20:21:02.906687+00:00
9ca438bf-0cba-4325-8db7-4c390e29963d,completed,2026-06-19 20:20:43.417625+00:00,2026-06-19 20:21:05.095601+00:00
359c8b69-502f-45be-9d0c-1d71f11731f6,completed,2026-06-19 20:20:43.481718+00:00,2026-06-19 20:21:05.239210+00:00
d688d24b-afc4-4cbb-a755-a18c035a3c61,completed,2026-06-19 20:20:43.868977+00:00,2026-06-19 20:21:06.264611+00:00
bd7ee7ef-8cf6-4709-9671-1cccd17ed4c7,completed,2026-06-19 20:20:44.125185+00:00,2026-06-19 20:21:06.749445+00:00
a3b98e6c-69f5-420c-8b57-8bb82a22c799,completed,2026-06-19 20:20:44.191494+00:00,2026-06-19 20:21:06.889292+00:00
75ca2d03-5d4a-4176-8f08-f7a13936691d,completed,2026-06-19 20:20:44.636371+00:00,2026-06-19 20:21:07.961683+00:00
3c6ecd46-25f6-4dd0-aa23-981b175af5ef,completed,2026-06-19 20:20:44.762895+00:00,2026-06-19 20:21:08.253484+00:00
2148a568-7029-4e49-851d-2b77177bf128,completed,2026-06-19 20:20:44.829015+00:00,2026-06-19 20:21:08.413264+00:00
b6df7131-3bf9-44a7-a13f-38b41800f855,completed,2026-06-19 20:20:41.677399+00:00,2026-06-19 20:21:01.220634+00:00
b7d46977-2256-4900-b37d-824f08aeb46d,completed,2026-06-19 20:20:39.158900+00:00,2026-06-19 20:20:55.812015+00:00
5f1c7e4f-65d3-44ef-bbdc-df7489cbc157,completed,2026-06-19 20:20:39.367059+00:00,2026-06-19 20:20:56.248411+00:00
ab13017e-1f14-4892-bcd0-9f361212208e,completed,2026-06-19 20:20:39.783087+00:00,2026-06-19 20:20:57.129316+00:00
dfa19bea-b36b-4a15-8f83-0a1fed8e9bf2,completed,2026-06-19 20:20:40.805068+00:00,2026-06-19 20:20:59.253628+00:00
47eb21bc-2a81-4368-baaf-4f58f8484623,completed,2026-06-19 20:20:41.278440+00:00,2026-06-19 20:21:00.264643+00:00
661c6a4a-3ff2-4682-bf11-a5795fd3e639,completed,2026-06-19 20:20:41.409457+00:00,2026-06-19 20:21:00.595947+00:00
2adb265c-c9a6-45a8-838b-2e5b96a19f66,completed,2026-06-19 20:20:42.208422+00:00,2026-06-19 20:21:02.404973+00:00
bb6b6116-9680-483a-8b8e-eddc6794b5c0,completed,2026-06-19 20:20:42.406796+00:00,2026-06-19 20:21:02.860940+00:00
4d29f825-ce0e-41d6-ab3b-9e424d685d22,completed,2026-06-19 20:20:42.470932+00:00,2026-06-19 20:21:02.998205+00:00
c2f3c24f-ef92-4477-a41f-6e7dca9b9341,completed,2026-06-19 20:20:42.602893+00:00,2026-06-19 20:21:03.285698+00:00
f86c08e8-e281-4484-8059-0ef2e2d15716,completed,2026-06-19 20:20:42.671963+00:00,2026-06-19 20:21:03.425631+00:00
7ce48c3b-191f-4589-aada-8b87eaf9f70f,completed,2026-06-19 20:20:42.801353+00:00,2026-06-19 20:21:03.710690+00:00
86948933-fb96-46f4-be59-45cef2a7c917,completed,2026-06-19 20:20:42.865398+00:00,2026-06-19 20:21:03.851268+00:00
e23b7249-ea42-4a7b-b8ab-e26ee09915f1,completed,2026-06-19 20:20:43.514232+00:00,2026-06-19 20:21:05.235636+00:00
de9f41f9-f5fa-4a4e-80dd-06c32e6dfb41,completed,2026-06-19 20:20:43.579746+00:00,2026-06-19 20:21:05.379524+00:00
35daff2d-31e1-40ca-98c4-348fe8a2dd19,completed,2026-06-19 20:20:43.907784+00:00,2026-06-19 20:21:06.148799+00:00
1078d4e9-8929-46ce-8e84-9791b9abfac5,completed,2026-06-19 20:20:43.965447+00:00,2026-06-19 20:21:06.422152+00:00
fc0fb84e-3685-400b-9782-6ab751a3db3d,completed,2026-06-19 20:20:44.030199+00:00,2026-06-19 20:21:06.560757+00:00
84282566-4fe2-42b5-9a6f-3f26687f2487,completed,2026-06-19 20:20:44.349848+00:00,2026-06-19 20:21:07.281027+00:00
e7249647-3fc1-4539-8392-4061c29452aa,completed,2026-06-19 20:20:44.541897+00:00,2026-06-19 20:21:07.708497+00:00
1f778716-3d03-4f29-ac13-164dac6e4cb1,completed,2026-06-19 20:20:44.603734+00:00,2026-06-19 20:21:07.846883+00:00
5691a8ed-d143-4b1f-8770-dda96163d67e,completed,2026-06-19 20:20:44.794150+00:00,2026-06-19 20:21:08.299050+00:00
3a7e3f53-d826-4428-803b-9c4c9d425cf2,completed,2026-06-19 20:20:45.109486+00:00,2026-06-19 20:21:09.031698+00:00
91edc121-41e7-41a2-8572-c079a2a681eb,completed,2026-06-19 20:20:45.361340+00:00,2026-06-19 20:21:09.749804+00:00
0cc33df8-7ea2-42d4-b3b5-cc15e0472603,completed,2026-06-19 20:20:45.486770+00:00,2026-06-19 20:21:10.072268+00:00
c3b22ab2-e016-4a55-9b99-32bea05b8cfe,completed,2026-06-19 20:20:45.550264+00:00,2026-06-19 20:21:10.228374+00:00
d9b28791-b3b7-490b-b871-461de9034fc4,completed,2026-06-19 20:20:45.799708+00:00,2026-06-19 20:21:10.816819+00:00
43dbdd32-1c2f-4243-ad39-6400a27303e5,completed,2026-06-19 20:20:45.986392+00:00,2026-06-19 20:21:11.248629+00:00
7802b68c-5fe1-4a93-a556-107a0b9b0fcd,completed,2026-06-19 20:20:46.788477+00:00,2026-06-19 20:21:13.367416+00:00
607d8170-1072-4db8-adde-921b42b289f4,completed,2026-06-19 20:20:46.204695+00:00,2026-06-19 20:21:11.866312+00:00
4da4f8a7-5478-4261-8f94-07d593447757,completed,2026-06-19 20:20:44.952731+00:00,2026-06-19 20:21:08.720068+00:00
cd11eb56-57ae-4492-9c13-d95fca022eb0,completed,2026-06-19 20:20:48.515476+00:00,2026-06-19 20:21:18.132788+00:00
2183db36-b16b-48c1-90c9-5b0ded2087c9,completed,2026-06-19 20:20:45.204539+00:00,2026-06-19 20:21:09.523307+00:00
aa2e2350-38a0-4936-bdee-ba24bda82f39,completed,2026-06-19 20:20:46.267802+00:00,2026-06-19 20:21:12.028408+00:00
1d8a370e-163e-437d-927e-fe3bd356aee5,completed,2026-06-19 20:20:45.394326+00:00,2026-06-19 20:21:09.852659+00:00
0a388785-8e00-4e29-8811-b9142f8f3635,completed,2026-06-19 20:20:45.457099+00:00,2026-06-19 20:21:10.005271+00:00
1e7b9306-df39-453c-860b-0d11d27ed6c0,completed,2026-06-19 20:20:46.575581+00:00,2026-06-19 20:21:12.760890+00:00
910c4c5e-77d5-4d21-bbd2-ad16dcbb6397,completed,2026-06-19 20:20:45.830636+00:00,2026-06-19 20:21:10.924606+00:00
8468bbf3-13ce-4ffc-a226-1743ebe22075,completed,2026-06-19 20:20:48.696193+00:00,2026-06-19 20:21:18.599901+00:00
aa101a3c-9574-443e-a028-7dc165f5b82e,completed,2026-06-19 20:20:46.079883+00:00,2026-06-19 20:21:11.542109+00:00
82324cbc-2b98-4844-bcd9-2ab33fa30e0c,completed,2026-06-19 20:20:46.697436+00:00,2026-06-19 20:21:13.060691+00:00
c92dba62-0001-450b-a6fa-14509fccad91,completed,2026-06-19 20:20:48.759546+00:00,2026-06-19 20:21:18.766218+00:00
1ef61d7a-628f-4cd5-be69-bc61a5d4faa4,completed,2026-06-19 20:20:47.249202+00:00,2026-06-19 20:21:14.501137+00:00
d131f8ee-42fd-4a4a-90bc-1e657d272e6a,completed,2026-06-19 20:20:47.979572+00:00,2026-06-19 20:21:16.540460+00:00
0f9ed6e7-9bd7-431a-8e5d-88418322a0fb,completed,2026-06-19 20:20:48.817167+00:00,2026-06-19 20:21:18.923142+00:00
0ab9e704-a22c-4c31-a649-3fb160b719e6,failed,2026-06-19 20:20:49.407507+00:00,2026-06-19 20:21:19.419115+00:00
d0e9f1dd-22c1-42d0-a056-68c25f9c2a5a,completed,2026-06-19 20:20:49.288800+00:00,2026-06-19 20:21:19.419062+00:00
a3a29e02-80a0-42e9-a644-899a94fa9b40,completed,2026-06-19 20:20:49.467488+00:00,2026-06-19 20:21:19.571209+00:00
0c4110e3-b1a9-40e7-8395-123e77821e2a,completed,2026-06-19 20:20:36.197313+00:00,2026-06-19 20:20:49.786226+00:00
e40f1e65-01d7-45aa-b841-c12c308a021b,completed,2026-06-19 20:20:36.269724+00:00,2026-06-19 20:20:49.924044+00:00
f1ddc4e1-fae2-4937-98a9-af5b635f97f2,completed,2026-06-19 20:20:36.525531+00:00,2026-06-19 20:20:50.357984+00:00
46acb1bd-8dab-49ef-bcab-1749ffe70c5c,failed,2026-06-19 20:20:49.258413+00:00,2026-06-19 20:21:19.265181+00:00
44aef56d-c417-4cb9-bad4-6a5d3eda02e3,completed,2026-06-19 20:20:47.400948+00:00,2026-06-19 20:21:14.881521+00:00
c690ced9-2c4b-492d-a9b1-649dba04b030,completed,2026-06-19 20:20:47.522279+00:00,2026-06-19 20:21:15.177204+00:00
acef9fbe-10a5-430b-acc0-a78f90d71bf1,completed,2026-06-19 20:20:48.128052+00:00,2026-06-19 20:21:16.990049+00:00
21f60eeb-4599-4d6e-81d7-fbcea6a17761,completed,2026-06-19 20:20:47.946012+00:00,2026-06-19 20:21:16.602515+00:00
0a51b1c3-213f-415a-bbc8-4a84aa313d0e,completed,2026-06-19 20:20:48.186708+00:00,2026-06-19 20:21:17.243815+00:00
13b24e19-4663-415a-bb66-5248b90c183c,completed,2026-06-19 20:20:48.376594+00:00,2026-06-19 20:21:17.739368+00:00
4c4c5c66-d824-462b-a6b6-a5e1ec852aae,completed,2026-06-19 20:20:48.509016+00:00,2026-06-19 20:21:18.037420+00:00
2d93b69a-07d9-4f0d-9250-526d05b3c9f7,completed,2026-06-19 20:20:48.843869+00:00,2026-06-19 20:21:18.919749+00:00
55d6319b-c175-478b-8905-21aa7dde12b8,failed,2026-06-19 20:20:49.082284+00:00,2026-06-19 20:21:19.088146+00:00
2b6d0c9a-59ef-4f91-8317-1d4d8f6d0ad8,failed,2026-06-19 20:20:49.200463+00:00,2026-06-19 20:21:19.255888+00:00
c6c4251e-8e24-408c-a162-6e188597316a,completed,2026-06-19 20:20:49.143174+00:00,2026-06-19 20:21:19.263033+00:00
9d560047-6265-4119-92b0-fd2702ac70b0,failed,2026-06-19 20:20:49.495516+00:00,2026-06-19 20:21:19.573451+00:00
cd61acb6-c478-42bc-be74-338a4bbd7db9,failed,2026-06-19 20:20:49.701965+00:00,2026-06-19 20:21:19.739486+00:00
732d9812-062f-42c9-ba1c-ba8963ad39c6,completed,2026-06-19 20:20:49.613116+00:00,2026-06-19 20:21:19.726913+00:00
dea6d1c1-7e58-447b-a948-eda17f65fe84,failed,2026-06-19 20:20:49.731410+00:00,2026-06-19 20:21:19.743192+00:00
aa35e309-6300-48ac-8fa3-20948f5e097c,failed,2026-06-19 20:20:49.825389+00:00,2026-06-19 20:21:19.902487+00:00
c65851d2-66de-4573-8a7d-83d1ba0b498b,failed,2026-06-19 20:20:49.907148+00:00,2026-06-19 20:21:19.910813+00:00
614eef96-cb25-4ea6-b901-04d3fe33312c,failed,2026-06-19 20:20:50.170168+00:00,2026-06-19 20:21:20.216747+00:00
4925b3a5-11bf-4228-a361-6efca6555014,completed,2026-06-19 20:20:49.936257+00:00,2026-06-19 20:21:20.061310+00:00
da80154c-db9c-4bf4-a8b4-14f77a42b262,completed,2026-06-19 20:20:50.113209+00:00,2026-06-19 20:21:20.212203+00:00
bb01ec18-4d3b-4e66-a1b5-e40707445176,failed,2026-06-19 20:20:50.432514+00:00,2026-06-19 20:21:20.529306+00:00
31cdc8a8-de43-4d5b-9837-9d47a6cad7c2,completed,2026-06-19 20:20:50.228660+00:00,2026-06-19 20:21:20.374348+00:00
c6fa216c-5628-4bd9-8063-91f8e6c7afb0,completed,2026-06-19 20:20:50.257232+00:00,2026-06-19 20:21:20.363433+00:00
49789131-9263-497e-8ec9-db7b52daedc0,failed,2026-06-19 20:20:50.317028+00:00,2026-06-19 20:21:20.373304+00:00
64fbc083-28cb-4a50-84be-87f3e3eb9813,failed,2026-06-19 20:20:50.491057+00:00,2026-06-19 20:21:20.537338+00:00
20e2afe3-0abb-4f10-af02-eb12431dfbc4,failed,2026-06-19 20:20:50.519980+00:00,2026-06-19 20:21:20.541485+00:00
dccc4f56-c842-4a33-bf50-28c77badb175,failed,2026-06-19 20:20:50.781582+00:00,2026-06-19 20:21:20.840256+00:00
787c5a73-4d5e-401b-9344-80ab996d7727,failed,2026-06-19 20:20:50.954118+00:00,2026-06-19 20:21:21.005894+00:00
30fd4967-b8f9-437b-b472-2747a731c6f7,failed,2026-06-19 20:20:51.356556+00:00,2026-06-19 20:21:21.419744+00:00
94d95134-68aa-4563-8670-fb15781df640,failed,2026-06-19 20:20:51.412678+00:00,2026-06-19 20:21:21.429189+00:00
9c002349-6042-41c5-896d-a2820e018099,failed,2026-06-19 20:20:51.585404+00:00,2026-06-19 20:21:21.610485+00:00
ed7cf779-f148-4081-8f16-8dee35298f9d,failed,2026-06-19 20:20:51.757435+00:00,2026-06-19 20:21:21.770794+00:00
ddeaddce-f6a6-4717-a4d1-b02cff1d993b,failed,2026-06-19 20:20:52.551140+00:00,2026-06-19 20:21:22.568444+00:00
67361205-40a5-40dc-88c9-0f634279c5a9,failed,2026-06-19 20:20:52.665685+00:00,2026-06-19 20:21:22.727353+00:00
33f7cd85-3b05-4601-8deb-54f4c00ae005,failed,2026-06-19 20:20:53.337255+00:00,2026-06-19 20:21:23.364471+00:00
d34af605-868b-4692-a21d-673474d95a6c,completed,2026-06-19 20:20:52.776953+00:00,2026-06-19 20:21:22.896283+00:00
0c2c08e2-1b0a-43d8-8523-532558de71ee,failed,2026-06-19 20:20:53.001907+00:00,2026-06-19 20:21:23.058569+00:00
ecb1f954-e6de-4e47-8cb5-ec62557daeed,completed,2026-06-19 20:20:52.949128+00:00,2026-06-19 20:21:23.065773+00:00
df220545-118d-49df-b10f-6e5c6b087e2c,failed,2026-06-19 20:20:53.670552+00:00,2026-06-19 20:21:23.686816+00:00
d94f1833-a012-47a7-ad3e-780ee4f16232,failed,2026-06-19 20:20:54.169529+00:00,2026-06-19 20:21:24.236947+00:00
df00c536-737f-4995-83b4-7b85fa7c471f,completed,2026-06-19 20:20:53.727491+00:00,2026-06-19 20:21:23.881195+00:00
69703c50-2813-4efa-ab4b-6bd20d60eec7,failed,2026-06-19 20:20:54.226140+00:00,2026-06-19 20:21:24.247838+00:00
b8cb45bc-c04b-4938-bb46-1c997627fefd,failed,2026-06-19 20:20:54.279806+00:00,2026-06-19 20:21:24.287605+00:00
15ee69a8-807e-4756-a935-b00336ab91ed,failed,2026-06-19 20:20:54.498719+00:00,2026-06-19 20:21:24.586302+00:00
275d28f5-9378-4ec7-bce0-ad8b5ee0b539,failed,2026-06-19 20:20:54.553656+00:00,2026-06-19 20:21:24.594069+00:00
bd2f8497-2f80-4739-9c83-33eeac9fdd51,failed,2026-06-19 20:20:54.674669+00:00,2026-06-19 20:21:24.741882+00:00
00d729f4-aaeb-4444-b23f-290bfc5136af,failed,2026-06-19 20:20:55.046275+00:00,2026-06-19 20:21:25.060966+00:00
b66025ef-5313-4003-95b3-a801a1f96be4,completed,2026-06-19 20:20:54.773306+00:00,2026-06-19 20:21:24.907025+00:00
9788f988-7dac-4d4a-963d-89d255b27c07,failed,2026-06-19 20:20:55.804047+00:00,2026-06-19 20:21:25.827392+00:00
4f9ba451-888f-4c8d-b651-1f68262bda31,completed,2026-06-19 20:20:55.101133+00:00,2026-06-19 20:21:25.234370+00:00
15bb332d-6534-4f61-8f4a-3a146b0dcfbd,completed,2026-06-19 20:20:55.262919+00:00,2026-06-19 20:21:25.386323+00:00
285d5f20-f6aa-40a6-9b51-482cdb96671c,completed,2026-06-19 20:20:55.708656+00:00,2026-06-19 20:21:25.819676+00:00
b92a496e-76ec-4247-be3b-20b149d8cffc,failed,2026-06-19 20:20:56.021220+00:00,2026-06-19 20:21:26.106046+00:00
f034234c-6b5d-4f63-bf1c-e71ca0e01a32,failed,2026-06-19 20:20:56.570917+00:00,2026-06-19 20:21:26.611986+00:00
7dcb1cfc-2bc1-41b5-a5ef-de79a423385d,failed,2026-06-19 20:20:56.719794+00:00,2026-06-19 20:21:26.769861+00:00
1ce07e34-00c8-4b1c-a775-db3b15e9351f,completed,2026-06-19 20:20:56.929361+00:00,2026-06-19 20:21:27.071007+00:00
92064d33-833b-4656-926d-b2a552c974dc,failed,2026-06-19 20:20:51.040797+00:00,2026-06-19 20:21:21.070750+00:00
8a15b7ff-75de-4bc1-92b4-ac782d87c5e8,failed,2026-06-19 20:20:51.385437+00:00,2026-06-19 20:21:21.424531+00:00
7aa04fa5-871f-4404-8003-c367b5f3312e,completed,2026-06-19 20:20:51.097042+00:00,2026-06-19 20:21:21.235072+00:00
eda95656-5aed-412a-9bba-2315314d25c0,failed,2026-06-19 20:20:51.672252+00:00,2026-06-19 20:21:21.758971+00:00
094a5e8f-e743-48dd-901a-ae816b37db16,failed,2026-06-19 20:20:51.557444+00:00,2026-06-19 20:21:21.606097+00:00
d7996818-3052-4cd1-acd0-475855e734e3,completed,2026-06-19 20:20:51.443185+00:00,2026-06-19 20:21:21.629470+00:00
f08836c1-8bbb-429d-8a67-0b936089ba23,failed,2026-06-19 20:20:52.974387+00:00,2026-06-19 20:21:23.054638+00:00
10c5dade-2f08-4f75-b1e0-1024da77d61c,failed,2026-06-19 20:20:53.029763+00:00,2026-06-19 20:21:23.062201+00:00
c06545b8-eb51-4d1e-acb5-b858fd2f9269,failed,2026-06-19 20:20:53.532602+00:00,2026-06-19 20:21:23.536049+00:00
3dbbdbde-8246-49a2-b8c7-5d11ae0eac25,failed,2026-06-19 20:20:53.308713+00:00,2026-06-19 20:21:23.360672+00:00
72b801b8-55a8-4caa-97fd-f5ed052ea301,failed,2026-06-19 20:20:53.364569+00:00,2026-06-19 20:21:23.368612+00:00
8a05925d-8014-4ba1-81d7-77c9ba192b60,completed,2026-06-19 20:20:53.253551+00:00,2026-06-19 20:21:23.381797+00:00
67475929-71f8-494c-b613-7d069c525e7e,failed,2026-06-19 20:20:53.920084+00:00,2026-06-19 20:21:23.980082+00:00
aee5f333-303a-4eb8-9ff7-739f7b8c50df,failed,2026-06-19 20:20:54.030718+00:00,2026-06-19 20:21:24.056007+00:00
e1cba379-3bc8-40d7-90da-3b95315c7929,failed,2026-06-19 20:20:54.580253+00:00,2026-06-19 20:21:24.599512+00:00
4c4d1e94-00f2-4e20-9077-5e4b16cb64e6,failed,2026-06-19 20:20:55.291490+00:00,2026-06-19 20:21:25.357022+00:00
26f59e04-82b6-4647-9f24-1c59836cb606,completed,2026-06-19 20:20:54.801063+00:00,2026-06-19 20:21:24.905224+00:00
d1d7811e-a4be-40da-9242-675da85cf6c9,completed,2026-06-19 20:20:55.236295+00:00,2026-06-19 20:21:25.353056+00:00
7a032d62-7e3d-415f-83f1-b0094d962a86,failed,2026-06-19 20:20:56.047422+00:00,2026-06-19 20:21:26.111138+00:00
01344f39-b19f-470b-a04b-a32613918019,failed,2026-06-19 20:20:56.261332+00:00,2026-06-19 20:21:26.298862+00:00
c62dfa59-0baf-4db7-b4fb-853cc0922694,failed,2026-06-19 20:20:56.690423+00:00,2026-06-19 20:21:26.765532+00:00
fed1cf8c-7660-442d-86b9-7b7902593bd6,failed,2026-06-19 20:20:56.741570+00:00,2026-06-19 20:21:26.773194+00:00
56807b20-5160-4388-b48c-cde9222ed8e1,failed,2026-06-19 20:20:56.905699+00:00,2026-06-19 20:21:26.921774+00:00
e2344f6d-3928-42af-b20c-da154d443138,failed,2026-06-19 20:20:57.116100+00:00,2026-06-19 20:21:27.180705+00:00
484d2d3f-da20-49f9-966f-0e616eca9d59,completed,2026-06-19 20:20:56.849007+00:00,2026-06-19 20:21:26.988532+00:00
be677094-6fa7-4135-96bc-d78c72bcfbd1,failed,2026-06-19 20:20:57.436926+00:00,2026-06-19 20:21:27.539319+00:00
49b2409b-cef3-446e-b609-438852ab85b1,completed,2026-06-19 20:20:57.381454+00:00,2026-06-19 20:21:27.533833+00:00
b46ffc38-30cd-4510-96ae-dcbeac7acc78,failed,2026-06-19 20:20:57.537222+00:00,2026-06-19 20:21:27.557412+00:00
e09b71af-484f-406a-a263-2364f83c45b1,failed,2026-06-19 20:20:57.643165+00:00,2026-06-19 20:21:27.707624+00:00
19d950ec-7042-49df-ac77-2a042db360d7,failed,2026-06-19 20:20:57.853239+00:00,2026-06-19 20:21:27.886748+00:00
af2a16bf-fa57-44e5-b91f-7a4b7e853a8f,completed,2026-06-19 20:20:38.530202+00:00,2026-06-19 20:20:54.452908+00:00
4022885e-f34a-4d10-a92a-3c91cd3b9141,completed,2026-06-19 20:20:38.672083+00:00,2026-06-19 20:20:54.743185+00:00
3c82500e-3afd-4ff7-9919-181aa49337e5,completed,2026-06-19 20:20:40.090725+00:00,2026-06-19 20:20:57.782794+00:00
09d4e4d0-55c6-4230-88f7-de637664af04,completed,2026-06-19 20:20:41.615572+00:00,2026-06-19 20:21:01.093951+00:00
4dcb8448-b875-47f6-a9f7-57628a5d7b16,completed,2026-06-19 20:20:42.962523+00:00,2026-06-19 20:21:04.075888+00:00
13a03803-70c9-4a89-a14d-f9bd90c4fda8,completed,2026-06-19 20:20:44.892860+00:00,2026-06-19 20:21:08.568577+00:00
ba54d69d-40e7-464b-b718-54d6e233fa4e,completed,2026-06-19 20:20:48.963395+00:00,2026-06-19 20:21:19.090426+00:00
7c1b2a2d-76fd-4008-a0e5-4dd17b4e405d,completed,2026-06-19 20:20:49.762213+00:00,2026-06-19 20:21:19.903177+00:00
aad86631-fad2-466e-8312-d026a8122506,failed,2026-06-19 20:20:50.200115+00:00,2026-06-19 20:21:20.218435+00:00
d832ff23-aca2-4fea-8098-fd8335267a8a,completed,2026-06-19 20:20:51.984952+00:00,2026-06-19 20:21:22.120734+00:00
fb6ef86a-a6fe-4758-bbb5-860435a71661,completed,2026-06-19 20:20:54.058855+00:00,2026-06-19 20:21:24.231168+00:00
60ec42a7-9c99-43ca-8d10-4e987b378da9,failed,2026-06-19 20:20:54.196463+00:00,2026-06-19 20:21:24.241501+00:00
8e7451b1-b50a-4f4f-91a8-e8f78a60279c,completed,2026-06-19 20:20:57.748248+00:00,2026-06-19 20:21:27.932063+00:00
58a32a4e-8edd-417c-b211-b2e3ca84848f,completed,2026-06-19 20:20:58.532200+00:00,2026-06-19 20:21:28.605313+00:00
cda683c0-199c-41cc-a8ec-9f52d19cbcf7,completed,2026-06-19 20:21:02.492895+00:00,2026-06-19 20:21:32.533635+00:00
e7d13061-f6cb-46ce-b7c9-1739f3e77f58,completed,2026-06-19 20:21:08.469279+00:00,2026-06-19 20:21:38.431311+00:00
3fc02286-62a2-476c-a56f-91394a82c297,completed,2026-06-19 20:21:08.767963+00:00,2026-06-19 20:21:38.746653+00:00
f0580e03-64b0-439f-8faa-5cefd4b25c34,completed,2026-06-19 20:21:09.194222+00:00,2026-06-19 20:21:39.182239+00:00
7321afe4-40b1-4ac2-8542-22b30bf0ad9f,completed,2026-06-19 20:21:11.566719+00:00,2026-06-19 20:21:41.254718+00:00
196b04b0-676f-45ed-8f1c-5368aa3a01e0,completed,2026-06-19 20:21:14.343062+00:00,2026-06-19 20:21:43.975462+00:00
4f789122-f4da-48fb-a3ca-2902d41d2711,completed,2026-06-19 20:21:17.994090+00:00,2026-06-19 20:21:47.089164+00:00
651a8f49-95b4-4a7a-82e8-4d95e892e410,completed,2026-06-19 20:20:38.565655+00:00,2026-06-19 20:20:54.509968+00:00
a189aa2e-3bc3-425c-9ce0-376fe2e98a2b,completed,2026-06-19 20:20:42.998777+00:00,2026-06-19 20:21:04.128423+00:00
6652fff5-d24b-4b60-a6e3-38f284e51a48,completed,2026-06-19 20:20:44.731988+00:00,2026-06-19 20:21:08.145777+00:00
da3d431a-6817-473e-93f0-ccdf10abda88,completed,2026-06-19 20:20:46.973518+00:00,2026-06-19 20:21:13.795850+00:00
30476fd8-ad7d-4e70-b5ef-152b61d4e8c7,completed,2026-06-19 20:20:48.007230+00:00,2026-06-19 20:21:16.690195+00:00
29b4db65-2fc0-4733-8c6e-50664749751a,failed,2026-06-19 20:20:50.607649+00:00,2026-06-19 20:21:20.692574+00:00
5eb5896a-5f28-4dc7-8576-4d2dbeb5f4ac,failed,2026-06-19 20:20:50.809264+00:00,2026-06-19 20:21:20.844979+00:00
49ae7c98-b6f3-43ca-ba8b-8ad0b1be956d,completed,2026-06-19 20:20:51.956763+00:00,2026-06-19 20:21:22.088349+00:00
2db5bd64-2bad-48b5-ac2d-fe9f71e980d4,failed,2026-06-19 20:20:55.160387+00:00,2026-06-19 20:21:25.210824+00:00
ce3c5d56-0227-4126-919c-b101f9ede5ec,completed,2026-06-19 20:20:56.796930+00:00,2026-06-19 20:21:26.912775+00:00
a9653ea8-c1aa-4c21-9c8a-f5b5f7c76f5d,failed,2026-06-19 20:20:57.038056+00:00,2026-06-19 20:21:27.075084+00:00
a05092e6-7ca1-4818-9325-95a3ba5e1956,completed,2026-06-19 20:20:57.091342+00:00,2026-06-19 20:21:27.219661+00:00
50e74b4c-0ba5-48e8-9998-7a1dd3af4d09,completed,2026-06-19 20:20:58.559883+00:00,2026-06-19 20:21:28.644711+00:00
ac939777-525c-4e7c-9966-ec8e88bdee26,completed,2026-06-19 20:21:02.716592+00:00,2026-06-19 20:21:32.724235+00:00
b428bfe5-d900-44c6-a55d-a301a8a5ca99,completed,2026-06-19 20:21:05.117474+00:00,2026-06-19 20:21:35.114859+00:00
77ef1936-a911-447b-b30a-e14b4ef5aa23,completed,2026-06-19 20:21:17.895035+00:00,2026-06-19 20:21:47.046943+00:00
0744a580-accd-4f81-a983-2b0c7f9193d5,completed,2026-06-19 20:21:18.218660+00:00,2026-06-19 20:21:47.331580+00:00
1939d002-e042-460b-ad0e-0109298d576f,failed,2026-06-19 20:20:57.354394+00:00,2026-06-19 20:21:27.380211+00:00
0444aff2-8403-49ca-a1ef-736b8d438160,completed,2026-06-19 20:20:57.250227+00:00,2026-06-19 20:21:27.374484+00:00
8164db69-4934-4152-b856-2b39664dfa26,failed,2026-06-19 20:20:57.458640+00:00,2026-06-19 20:21:27.544041+00:00
b642594e-f010-492c-9bb7-fa7a6aaa0910,failed,2026-06-19 20:20:57.511717+00:00,2026-06-19 20:21:27.552835+00:00
7e470f2c-f89e-4040-be51-9224c457698e,failed,2026-06-19 20:20:57.774310+00:00,2026-06-19 20:21:27.874266+00:00
aa1eca70-c2bc-4774-9d1c-dc13410547cd,failed,2026-06-19 20:20:57.827922+00:00,2026-06-19 20:21:27.882607+00:00
604f28d0-f9bb-4dca-ad56-cbca03073699,completed,2026-06-19 20:20:59.847828+00:00,2026-06-19 20:21:29.964934+00:00
09604d53-636a-4d9b-8950-a12fad30da0b,completed,2026-06-19 20:20:59.386603+00:00,2026-06-19 20:21:29.518527+00:00
33aa4eab-85e5-476d-a61e-175764367bdb,completed,2026-06-19 20:21:01.819549+00:00,2026-06-19 20:21:31.853859+00:00
e31d5e40-96f9-4858-90ec-b6c2209eba6c,completed,2026-06-19 20:20:59.796544+00:00,2026-06-19 20:21:29.822077+00:00
17544d9e-6d43-4f1e-95cf-b8fe01689b69,completed,2026-06-19 20:21:00.358580+00:00,2026-06-19 20:21:30.440332+00:00
6d6f86fe-3403-40cf-ba18-5ae465f52a48,completed,2026-06-19 20:21:01.524152+00:00,2026-06-19 20:21:31.537455+00:00
28431325-e38f-4570-a56a-764f864045dd,completed,2026-06-19 20:21:04.022165+00:00,2026-06-19 20:21:34.038755+00:00
e7129cf0-873c-488d-876c-87c654f08cd7,completed,2026-06-19 20:21:01.667449+00:00,2026-06-19 20:21:31.729410+00:00
3df14416-1170-47bf-9757-e82d13187f11,completed,2026-06-19 20:21:02.266963+00:00,2026-06-19 20:21:32.288615+00:00
e052414e-c9f6-4f7d-ac87-cbeed736a513,completed,2026-06-19 20:21:03.018296+00:00,2026-06-19 20:21:32.999486+00:00
54e0cd36-12a7-47db-bef2-1132d8fc8d88,completed,2026-06-19 20:21:03.720048+00:00,2026-06-19 20:21:33.738123+00:00
042c5add-716e-4c50-bab1-ee4e9f85dbd5,completed,2026-06-19 20:21:07.171376+00:00,2026-06-19 20:21:37.106343+00:00
61823e6f-7828-4f55-b266-275d29378a3c,completed,2026-06-19 20:21:03.918668+00:00,2026-06-19 20:21:33.987895+00:00
7d491458-1191-4eff-8ba8-0e922b9d04f8,completed,2026-06-19 20:21:04.416902+00:00,2026-06-19 20:21:34.485517+00:00
d0d2afd0-43a4-4205-88e3-b578384042a8,completed,2026-06-19 20:21:04.567389+00:00,2026-06-19 20:21:34.638317+00:00
c5acb645-3cc2-4b03-a5ec-5f90321438b2,completed,2026-06-19 20:21:04.716453+00:00,2026-06-19 20:21:34.784496+00:00
bfdae06c-6a1b-4a61-bd41-e9f5128b203b,completed,2026-06-19 20:21:04.966436+00:00,2026-06-19 20:21:34.962125+00:00
5f21ecdc-79c8-4f64-872b-9fef190318ad,completed,2026-06-19 20:21:06.766524+00:00,2026-06-19 20:21:36.767357+00:00
7aed2171-4d90-452c-bad3-d3b2324744b1,completed,2026-06-19 20:21:06.919056+00:00,2026-06-19 20:21:36.918975+00:00
5efe5c97-083c-4192-b6dc-a0219e21d363,completed,2026-06-19 20:21:07.066331+00:00,2026-06-19 20:21:37.078319+00:00
71dbfdb6-e487-427c-acf4-c15c005c1ef3,completed,2026-06-19 20:21:07.667353+00:00,2026-06-19 20:21:37.673618+00:00
37807f50-5348-4484-aa7d-64056a2e67b0,completed,2026-06-19 20:21:07.967698+00:00,2026-06-19 20:21:37.973461+00:00
54eff35a-9726-4538-a49e-8e26d279f99d,completed,2026-06-19 20:21:08.117809+00:00,2026-06-19 20:21:38.123445+00:00
36e54f11-2362-4f8f-91d5-e1fc02e50475,completed,2026-06-19 20:21:08.317537+00:00,2026-06-19 20:21:38.280618+00:00
7af6aaa5-7d0f-441a-ab79-5a09534af53b,completed,2026-06-19 20:21:15.043114+00:00,2026-06-19 20:21:44.550986+00:00
1e6dea21-0730-465c-bb5c-c623833f82d0,completed,2026-06-19 20:20:58.690646+00:00,2026-06-19 20:21:28.750518+00:00
a2d258ce-4ce3-4149-a5a5-f98828298eef,completed,2026-06-19 20:20:59.986419+00:00,2026-06-19 20:21:30.109371+00:00
d5bf53d6-9da0-4995-8763-cebc3a1ad66c,completed,2026-06-19 20:21:00.229257+00:00,2026-06-19 20:21:30.280327+00:00
3066b791-e5d1-412f-942c-a3cf3b5e192f,completed,2026-06-19 20:21:01.243259+00:00,2026-06-19 20:21:31.227299+00:00
f0d31ed3-5897-45c4-82e8-0b83dbf61a62,completed,2026-06-19 20:21:01.892623+00:00,2026-06-19 20:21:31.896288+00:00
f15b080f-0a2e-4556-a859-3717ac32b9e2,completed,2026-06-19 20:21:02.194544+00:00,2026-06-19 20:21:32.205791+00:00
4dc71cf9-6a43-40b4-9ac7-47f181fdc400,completed,2026-06-19 20:21:02.791557+00:00,2026-06-19 20:21:32.859151+00:00
0fd954d1-ce0a-40e2-b3d4-99c86efc2a69,completed,2026-06-19 20:21:04.244411+00:00,2026-06-19 20:21:34.266724+00:00
f3117d69-d842-437f-b217-78fbb6206819,completed,2026-06-19 20:21:05.241523+00:00,2026-06-19 20:21:35.253678+00:00
4c9b1a6b-1281-4e9f-b597-fac47cc188ab,completed,2026-06-19 20:21:05.392889+00:00,2026-06-19 20:21:35.400096+00:00
fedc3c6b-ae12-41cf-8f6d-27d347f9eedc,completed,2026-06-19 20:21:05.842990+00:00,2026-06-19 20:21:35.962672+00:00
095e9be7-b4e1-4871-b451-43b236d2a1fd,completed,2026-06-19 20:21:06.292178+00:00,2026-06-19 20:21:36.256937+00:00
b08438da-6a94-4090-901b-da6b050e5f7c,completed,2026-06-19 20:21:07.193091+00:00,2026-06-19 20:21:37.230054+00:00
64d76ad3-1869-477b-b67b-3a23eb64e904,completed,2026-06-19 20:21:08.743025+00:00,2026-06-19 20:21:38.662145+00:00
94b8205a-8509-4a3b-82dc-2c2a7adbb4e2,completed,2026-06-19 20:21:09.543778+00:00,2026-06-19 20:21:39.401129+00:00
72a2a920-129e-4938-9afc-b5707a048d39,completed,2026-06-19 20:21:10.092772+00:00,2026-06-19 20:21:39.925663+00:00
d2a43a1f-1520-417d-8e4e-c4cafd5f14aa,completed,2026-06-19 20:21:10.244476+00:00,2026-06-19 20:21:40.065031+00:00
e37e86cd-091d-47dd-8377-5dc2f6709c4b,completed,2026-06-19 20:21:10.392807+00:00,2026-06-19 20:21:40.211834+00:00
9d577bcf-2a1d-41ff-ba23-da2740fa509c,completed,2026-06-19 20:21:10.793388+00:00,2026-06-19 20:21:40.509979+00:00
6b08369c-3c43-4ea6-bcfd-b37449f8da18,completed,2026-06-19 20:21:10.943654+00:00,2026-06-19 20:21:40.657113+00:00
ee47bed0-85ac-4989-a213-312fbc73e3b7,completed,2026-06-19 20:21:12.043171+00:00,2026-06-19 20:21:41.805115+00:00
2f165709-0d34-4127-b114-32407e159b7c,completed,2026-06-19 20:21:13.093220+00:00,2026-06-19 20:21:42.777214+00:00
ac06d5d1-3715-46e1-8ec1-dd7da48427ba,completed,2026-06-19 20:21:14.745156+00:00,2026-06-19 20:21:44.276125+00:00
dbf3cbf7-d345-45c0-b75d-58898c6cc43a,completed,2026-06-19 20:21:14.892450+00:00,2026-06-19 20:21:44.415969+00:00
f325a37b-67f3-4f27-9bf7-745d4b1bf15a,completed,2026-06-19 20:21:15.192752+00:00,2026-06-19 20:21:44.700222+00:00
5a5f2edf-1cb4-4d32-b86b-feaf56b564f8,completed,2026-06-19 20:21:15.695276+00:00,2026-06-19 20:21:45.132849+00:00
c937b441-04c7-45ea-ba53-0858f1ef89a8,completed,2026-06-19 20:21:16.144617+00:00,2026-06-19 20:21:45.455124+00:00
b5f18286-73ab-4825-912f-0a40635f6455,completed,2026-06-19 20:21:17.044846+00:00,2026-06-19 20:21:46.263396+00:00
bdbc943e-10ea-4198-a8b8-e650d49d00b2,completed,2026-06-19 20:21:17.594130+00:00,2026-06-19 20:21:46.765365+00:00
12091029-c9cf-4336-9fb4-bffdc9c76bf0,failed,2026-06-19 20:21:19.768334+00:00,2026-06-19 20:21:49.821864+00:00
32a8bb55-b4f0-4614-ba0b-49e0e1fe9861,completed,2026-06-19 20:21:08.866956+00:00,2026-06-19 20:21:38.814819+00:00
6b445576-996d-4998-b377-3aec5c468bb4,completed,2026-06-19 20:21:09.018200+00:00,2026-06-19 20:21:38.960865+00:00
ee33ddb3-52f8-4062-adc9-e1f262da56e4,completed,2026-06-19 20:21:09.319196+00:00,2026-06-19 20:21:39.245472+00:00
e8d57096-2a45-4058-8681-7bacb209800f,completed,2026-06-19 20:21:09.767664+00:00,2026-06-19 20:21:39.634905+00:00
6b6ce279-f091-48c1-bcac-13fca9bb6a08,completed,2026-06-19 20:21:10.017319+00:00,2026-06-19 20:21:39.834388+00:00
6bd12353-e50d-4d60-af7f-09b380483c28,completed,2026-06-19 20:21:10.969325+00:00,2026-06-19 20:21:40.799211+00:00
c04d2a84-6db8-4dd1-b2bf-47f45dc607f3,completed,2026-06-19 20:21:12.669369+00:00,2026-06-19 20:21:42.387638+00:00
21242947-1545-4a06-8b5f-e92c41cdd575,completed,2026-06-19 20:21:13.367596+00:00,2026-06-19 20:21:42.984850+00:00
11749ae6-763a-40df-ae45-c528b1ecb1e6,completed,2026-06-19 20:21:13.518998+00:00,2026-06-19 20:21:43.128115+00:00
54750263-1800-4496-b554-cb7260300ee4,completed,2026-06-19 20:21:13.970026+00:00,2026-06-19 20:21:43.545697+00:00
7a2b475e-544b-42d3-bac5-cf5a24e510b1,completed,2026-06-19 20:21:15.670608+00:00,2026-06-19 20:21:45.024449+00:00
7639e4ae-19cf-4ffb-9d59-6855b86cf8d9,completed,2026-06-19 20:21:15.823142+00:00,2026-06-19 20:21:45.163504+00:00
afa96957-1b32-4259-98cb-969e1e689cf2,completed,2026-06-19 20:21:15.969130+00:00,2026-06-19 20:21:45.314726+00:00
9c28ea95-67f7-47ab-85be-d795e521bc5d,completed,2026-06-19 20:21:17.468686+00:00,2026-06-19 20:21:46.613176+00:00
908f9726-7396-442e-b8f0-5c2b091ffaf7,completed,2026-06-19 20:21:19.018210+00:00,2026-06-19 20:21:48.239418+00:00
d798ae49-1f3e-4768-ab83-26193812f663,completed,2026-06-19 20:21:19.118679+00:00,2026-06-19 20:21:48.395673+00:00
49c97999-1df2-4d0a-8aab-35c1b921e941,completed,2026-06-19 20:21:19.170286+00:00,2026-06-19 20:21:48.540472+00:00
619398ca-7503-4e72-8839-fd1b6863259b,completed,2026-06-19 20:21:19.268221+00:00,2026-06-19 20:21:48.747536+00:00
629559a8-2538-4c8e-a8fe-0897bba6073b,completed,2026-06-19 20:21:19.618630+00:00,2026-06-19 20:21:49.658666+00:00
2439b92d-58ce-4a7c-9285-6c3661267172,failed,2026-06-19 20:21:19.918564+00:00,2026-06-19 20:21:49.983139+00:00
670b9eff-8dc9-4c63-ab1d-526d1a6fba3f,completed,2026-06-19 20:21:19.869106+00:00,2026-06-19 20:21:49.979625+00:00
13b6174f-a1ea-4126-86ec-cf4fcca0b581,failed,2026-06-19 20:21:20.368618+00:00,2026-06-19 20:21:50.448604+00:00
b6715b8a-6897-4b7a-b1fd-3127d71afe8c,failed,2026-06-19 20:21:20.768683+00:00,2026-06-19 20:21:50.772585+00:00
944c4c70-9998-4e11-b759-6d4cf3898cbf,completed,2026-06-19 20:21:20.468951+00:00,2026-06-19 20:21:50.605455+00:00
8350df91-8dc4-42ee-bef8-721ed6e493c1,completed,2026-06-19 20:21:20.617804+00:00,2026-06-19 20:21:50.769348+00:00
db956778-07f3-4603-8c9d-36f34098f689,failed,2026-06-19 20:21:21.169676+00:00,2026-06-19 20:21:51.245233+00:00
c7822f98-fa04-47ad-84ab-d42332c74baa,completed,2026-06-19 20:21:20.818231+00:00,2026-06-19 20:21:50.924227+00:00
de88bbff-bf27-4dce-a13d-65a22e98de88,completed,2026-06-19 20:21:21.020338+00:00,2026-06-19 20:21:51.079711+00:00
67a2e49f-b61c-4b32-8a80-d7cc081b9a0c,failed,2026-06-19 20:21:21.318013+00:00,2026-06-19 20:21:51.406281+00:00
2fea6416-e23e-4194-9f1a-923aeb14e783,failed,2026-06-19 20:21:20.843577+00:00,2026-06-19 20:21:50.926602+00:00
d12716a8-f18c-4600-87de-64ef77d7cbf6,completed,2026-06-19 20:21:18.043200+00:00,2026-06-19 20:21:47.192340+00:00
36117839-792e-41cc-bba4-bffe87309ddf,completed,2026-06-19 20:21:18.942646+00:00,2026-06-19 20:21:48.009824+00:00
76c0856a-ebc9-49f9-b6dd-4a58f8781400,completed,2026-06-19 20:21:19.342436+00:00,2026-06-19 20:21:48.965994+00:00
a89f8308-26f6-4e98-82a0-c079f52edc2f,completed,2026-06-19 20:21:20.643551+00:00,2026-06-19 20:21:50.755516+00:00
474617c6-13f2-4436-a4c7-6124680a2d7e,failed,2026-06-19 20:21:20.892798+00:00,2026-06-19 20:21:50.930699+00:00
234005ef-f465-4017-9452-7252d3aecd70,failed,2026-06-19 20:21:21.245134+00:00,2026-06-19 20:21:51.250015+00:00
ac774eb6-b8ee-4469-9af3-a50d5cf10e97,failed,2026-06-19 20:21:21.344790+00:00,2026-06-19 20:21:51.410916+00:00
ebd307af-fdae-4215-a374-5a412b16a9d3,failed,2026-06-19 20:21:21.993407+00:00,2026-06-19 20:21:52.037211+00:00
1fd28d03-c8ed-4544-8320-98a9a799efe0,failed,2026-06-19 20:21:22.344914+00:00,2026-06-19 20:21:52.352513+00:00
fb26d989-35c2-478b-b872-0e94da43fde6,completed,2026-06-19 20:21:22.044615+00:00,2026-06-19 20:21:52.178325+00:00
fc5c327a-35f8-4ad5-8177-1aff1030adbd,completed,2026-06-19 20:21:22.192809+00:00,2026-06-19 20:21:52.341096+00:00
e2fe62c8-e22d-4cb1-b858-0cd2aca2f275,failed,2026-06-19 20:21:22.444638+00:00,2026-06-19 20:21:52.507251+00:00
2ffed9e6-4468-4019-b318-ad959c666717,failed,2026-06-19 20:21:23.444538+00:00,2026-06-19 20:21:53.452066+00:00
e096600c-0299-4f34-a234-16f3da78b240,completed,2026-06-19 20:21:22.843152+00:00,2026-06-19 20:21:52.975436+00:00
074eef2b-35f5-4edf-a424-2cc08e1a8b03,failed,2026-06-19 20:21:23.893684+00:00,2026-06-19 20:21:53.913142+00:00
777fbe7a-38ff-4527-a559-cb39f05222c9,failed,2026-06-19 20:21:23.546065+00:00,2026-06-19 20:21:53.598232+00:00
de3da19e-f854-40bd-9caa-5acdc7ecbfe9,completed,2026-06-19 20:21:23.493000+00:00,2026-06-19 20:21:53.644769+00:00
647521b1-7543-4e7a-8ced-d59cf459ca7b,failed,2026-06-19 20:21:23.695940+00:00,2026-06-19 20:21:53.753796+00:00
b9070d1e-dde0-405c-9c4f-ab48fba3d2dc,completed,2026-06-19 20:21:23.644907+00:00,2026-06-19 20:21:53.791012+00:00
df1551a5-51bd-42b3-acad-5ca5d8c29210,failed,2026-06-19 20:21:24.043810+00:00,2026-06-19 20:21:54.074174+00:00
dc872912-07c7-4f8a-bf78-62a8343b854d,failed,2026-06-19 20:21:24.194378+00:00,2026-06-19 20:21:54.225956+00:00
7d7890fb-a30b-4314-bee9-4eddf7a235a8,failed,2026-06-19 20:21:25.093361+00:00,2026-06-19 20:21:55.150952+00:00
deb35886-9b65-489f-a4a9-ce17c00556ab,failed,2026-06-19 20:21:25.294348+00:00,2026-06-19 20:21:55.307731+00:00
6d5fe697-2bd6-4baf-a58f-f7c486aaaf51,completed,2026-06-19 20:21:25.194513+00:00,2026-06-19 20:21:55.300132+00:00
8653ef03-4c43-489c-ac7b-1b7383713758,failed,2026-06-19 20:21:25.544898+00:00,2026-06-19 20:21:55.609636+00:00
8fcac1f0-6794-4731-890d-c8475d6723f7,failed,2026-06-19 20:21:25.593985+00:00,2026-06-19 20:21:55.617412+00:00
c25ae492-4e6b-471c-974c-356e90979740,failed,2026-06-19 20:21:25.743546+00:00,2026-06-19 20:21:55.764679+00:00
b7b4cf62-5c2d-4c69-91ee-3bea9e006028,failed,2026-06-19 20:21:25.895097+00:00,2026-06-19 20:21:55.922533+00:00
731c96df-2ca1-41d3-95ed-884d595d122d,failed,2026-06-19 20:21:26.243914+00:00,2026-06-19 20:21:56.251666+00:00
6c040b61-7ce5-44fe-831f-81fda576a3e9,failed,2026-06-19 20:21:21.868331+00:00,2026-06-19 20:21:51.890277+00:00
acb04af5-b58c-416b-bc81-2db0b79e6412,failed,2026-06-19 20:21:22.969366+00:00,2026-06-19 20:21:52.983418+00:00
13eba5a5-a6f0-44fe-9f0d-56be7838237f,completed,2026-06-19 20:21:22.369283+00:00,2026-06-19 20:21:52.503121+00:00
a4ddbb54-6171-42fa-8355-6dbcb8ed0b5f,failed,2026-06-19 20:21:23.168509+00:00,2026-06-19 20:21:53.184278+00:00
fa1b448d-549f-4f3f-98a1-0e8858211695,failed,2026-06-19 20:21:23.268381+00:00,2026-06-19 20:21:53.297271+00:00
191cc96b-c85a-4334-a536-f14d91757cd2,failed,2026-06-19 20:21:23.721001+00:00,2026-06-19 20:21:53.757575+00:00
cfc1bc0d-8f33-446c-a2f6-7f1d847a151e,failed,2026-06-19 20:21:23.418882+00:00,2026-06-19 20:21:53.448148+00:00
dd073319-f6ef-4050-a118-2d7090aed720,completed,2026-06-19 20:21:23.620041+00:00,2026-06-19 20:21:53.745206+00:00
c662d9ff-896d-45f4-94e9-f219f340cbc4,failed,2026-06-19 20:21:24.517857+00:00,2026-06-19 20:21:54.538825+00:00
e3b5607b-8edf-4470-aa6e-efc23a7806c4,completed,2026-06-19 20:21:23.928405+00:00,2026-06-19 20:21:54.059674+00:00
765b71b6-fe8d-4943-938b-63174123fd7d,completed,2026-06-19 20:21:24.119455+00:00,2026-06-19 20:21:54.240776+00:00
1e89bdb9-a656-4d4f-8c4e-81c89c5456f4,failed,2026-06-19 20:21:25.118995+00:00,2026-06-19 20:21:55.154529+00:00
688dee43-0e8a-492b-8237-c881865450d6,failed,2026-06-19 20:21:24.669086+00:00,2026-06-19 20:21:54.689755+00:00
c2658135-2431-439b-9bef-aa6f725b5866,completed,2026-06-19 20:21:24.568951+00:00,2026-06-19 20:21:54.708687+00:00
e98ec046-caf7-4db0-900d-0372795215a4,completed,2026-06-19 20:21:24.719349+00:00,2026-06-19 20:21:54.850253+00:00
25bdcb15-8ad2-4339-b427-06586915b940,failed,2026-06-19 20:21:25.419035+00:00,2026-06-19 20:21:55.454617+00:00
358fb44f-6618-45e5-88e4-a841472a8008,failed,2026-06-19 20:21:25.567899+00:00,2026-06-19 20:21:55.613282+00:00
9296221e-d25c-46d1-8ab6-b6609a254ab0,completed,2026-06-19 20:21:25.469835+00:00,2026-06-19 20:21:55.604177+00:00
eec37421-38ca-46e9-ac92-04df273740bf,failed,2026-06-19 20:21:26.168400+00:00,2026-06-19 20:21:56.247603+00:00
ddc7135a-dd38-4f01-98b4-200ac018ffa6,failed,2026-06-19 20:21:26.019563+00:00,2026-06-19 20:21:56.084334+00:00
ea08d3e1-0e94-4b60-95d8-0bd2340b30e0,completed,2026-06-19 20:21:25.969350+00:00,2026-06-19 20:21:56.091977+00:00
0ae1053f-9a5a-41ee-abd7-4df7f278a8c5,completed,2026-06-19 20:21:26.118518+00:00,2026-06-19 20:21:56.240155+00:00
d84a5f9a-29be-4be2-9dd8-f7d8991192c2,failed,2026-06-19 20:21:26.220311+00:00,2026-06-19 20:21:56.251221+00:00
47d39d8c-8538-47c4-b2b2-ee10544e1712,failed,2026-06-19 20:21:26.471967+00:00,2026-06-19 20:21:56.560293+00:00
6d1bc594-2825-485a-aa4e-7667184b89e6,failed,2026-06-19 20:21:26.720275+00:00,2026-06-19 20:21:56.727132+00:00
a0e40249-144d-40f3-97d2-cc16f4668c59,failed,2026-06-19 20:21:27.468315+00:00,2026-06-19 20:21:57.501855+00:00
517ec68a-86c7-419e-804a-eb04d5ad5549,failed,2026-06-19 20:21:26.868624+00:00,2026-06-19 20:21:56.881529+00:00
b5efb5dc-af1a-494e-ba35-75156ec378a8,completed,2026-06-19 20:21:26.768207+00:00,2026-06-19 20:21:56.897236+00:00
63b6184d-cb58-43e0-bde7-27ae315f99d0,completed,2026-06-19 20:21:27.073841+00:00,2026-06-19 20:21:57.205179+00:00
4f44147c-0f8b-4f82-adce-f31c55ee3e78,completed,2026-06-19 20:21:27.371372+00:00,2026-06-19 20:21:57.488688+00:00
e5a0d3c3-3b86-4110-abc2-91868ee93389,failed,2026-06-19 20:21:26.994417+00:00,2026-06-19 20:21:57.027301+00:00
4d7c8c2f-d50f-4d64-9e0c-9aa3cafedeb9,completed,2026-06-19 20:21:26.892676+00:00,2026-06-19 20:21:57.015557+00:00
23d747d6-fd71-4a79-a1fd-3dd32c01a164,failed,2026-06-19 20:21:27.144068+00:00,2026-06-19 20:21:57.179648+00:00
f8be3a19-8261-4911-bf7d-1165a4786da1,failed,2026-06-19 20:21:27.444468+00:00,2026-06-19 20:21:57.497396+00:00
64d70c36-5c13-4210-9fad-ced37ce43109,completed,2026-06-19 20:21:27.192746+00:00,2026-06-19 20:21:57.329791+00:00
89d86d54-c95f-4e6c-a9c0-929a7086bdfb,failed,2026-06-19 20:21:27.945137+00:00,2026-06-19 20:21:57.969077+00:00
1d123c96-27db-4f2b-865d-399dbba53b25,completed,2026-06-19 20:21:27.549410+00:00,2026-06-19 20:21:57.639564+00:00
a9401920-7d14-446f-beb8-18941ec3e0bc,completed,2026-06-19 20:21:27.847023+00:00,2026-06-19 20:21:57.964285+00:00
e53b4996-2e46-4b68-89ba-d5bac4f90172,completed,2026-06-19 20:21:39.694173+00:00,2026-06-19 20:22:09.805307+00:00
311013fd-9193-4053-bfbf-9c020c03297a,completed,2026-06-19 20:21:28.792966+00:00,2026-06-19 20:21:58.889737+00:00
d2f04188-e454-4978-a91f-d633e12e638f,completed,2026-06-19 20:21:29.393969+00:00,2026-06-19 20:21:59.389380+00:00
503269ce-0b97-4725-9725-99c19dcdc0e5,completed,2026-06-19 20:21:29.544070+00:00,2026-06-19 20:21:59.537244+00:00
48651613-4acd-4fb5-9806-7381e5d99f9f,completed,2026-06-19 20:21:29.594038+00:00,2026-06-19 20:21:59.676586+00:00
5478f9f6-ba52-4be4-ae0f-36e6b904b77e,completed,2026-06-19 20:21:30.002656+00:00,2026-06-19 20:22:00.084769+00:00
d4ad510f-2bc9-41c3-bc41-fb88bc92c654,completed,2026-06-19 20:21:30.143246+00:00,2026-06-19 20:22:00.216697+00:00
344818a7-8bb3-4feb-be76-cf4f1a1c7da8,completed,2026-06-19 20:21:30.596883+00:00,2026-06-19 20:22:00.656922+00:00
ab1f0d69-869a-41e0-a3da-e388c6489d50,completed,2026-06-19 20:21:30.993959+00:00,2026-06-19 20:22:01.109044+00:00
e4315954-58b8-4768-ac48-64e96b72ac45,completed,2026-06-19 20:21:32.396129+00:00,2026-06-19 20:22:02.396193+00:00
31befb6b-a4ed-445f-9a7e-054d63f24c81,completed,2026-06-19 20:21:32.746091+00:00,2026-06-19 20:22:02.704788+00:00
e41ba4f2-d543-4143-9977-5e63b5b5152d,completed,2026-06-19 20:21:33.193695+00:00,2026-06-19 20:22:03.143733+00:00
70cb8f91-d47f-4e28-9fdb-a4110ced07c1,completed,2026-06-19 20:21:33.443425+00:00,2026-06-19 20:22:03.431940+00:00
9cac128b-d298-44c7-b78f-a60914af74f7,completed,2026-06-19 20:21:33.895411+00:00,2026-06-19 20:22:03.906965+00:00
74950074-ddba-4e09-9bb2-44f7cae10490,completed,2026-06-19 20:21:35.303952+00:00,2026-06-19 20:22:05.319048+00:00
6cec2b2f-4f0a-404c-9f67-0e847fca9efd,completed,2026-06-19 20:21:34.194774+00:00,2026-06-19 20:22:04.192143+00:00
0d345289-cb40-45f6-82a6-8f7b02cde5cf,completed,2026-06-19 20:21:35.545299+00:00,2026-06-19 20:22:05.498658+00:00
b3c3b534-980f-4d07-aa52-a454b558b1d9,completed,2026-06-19 20:21:36.845738+00:00,2026-06-19 20:22:06.850738+00:00
3f0f5743-32d5-45f7-9094-951fdb2849d7,completed,2026-06-19 20:21:38.445151+00:00,2026-06-19 20:22:08.542494+00:00
8202a3a9-b032-41ca-92bf-14e26a18d1d9,completed,2026-06-19 20:21:38.595812+00:00,2026-06-19 20:22:08.679326+00:00
06cbdda5-6a93-40b9-a634-1bda15ef95ee,completed,2026-06-19 20:21:39.643480+00:00,2026-06-19 20:22:09.743764+00:00
e4b7df51-934d-43de-8c22-2ac133db8709,completed,2026-06-19 20:21:40.001471+00:00,2026-06-19 20:22:10.096066+00:00
fd370907-24b6-414b-bc00-ba259c1af2a0,failed,2026-06-19 20:21:28.117798+00:00,2026-06-19 20:21:58.128339+00:00
c0f850ac-96f4-44e6-927a-b5331ca22bd1,completed,2026-06-19 20:21:33.568403+00:00,2026-06-19 20:22:03.581675+00:00
ada117f6-d0d7-4a53-8798-376e6adbafcd,completed,2026-06-19 20:21:28.369166+00:00,2026-06-19 20:21:58.414841+00:00
2b79bde3-8da3-4eae-a696-6cd26412cc63,completed,2026-06-19 20:21:28.619111+00:00,2026-06-19 20:21:58.696879+00:00
c636324c-c85e-47ca-be96-04f8d30b3f7d,completed,2026-06-19 20:21:29.121608+00:00,2026-06-19 20:21:59.187498+00:00
0327a60b-6cb4-4a98-bd74-27b2079c6fb1,completed,2026-06-19 20:21:28.967892+00:00,2026-06-19 20:21:59.039911+00:00
61803dc9-aa9f-47e9-ae3b-b021928d15f2,completed,2026-06-19 20:21:29.070173+00:00,2026-06-19 20:21:59.106182+00:00
174999c1-0302-4069-af15-d4368cd89ed8,completed,2026-06-19 20:21:30.119084+00:00,2026-06-19 20:22:00.214492+00:00
2ca7e69d-82cc-470d-a513-e6b7d687894b,completed,2026-06-19 20:21:30.619604+00:00,2026-06-19 20:22:00.677100+00:00
be2f1567-d55c-409b-b528-9d20e14f1796,completed,2026-06-19 20:21:30.920202+00:00,2026-06-19 20:22:00.952598+00:00
88d35573-e2d9-47fc-b4c7-ab404715d887,completed,2026-06-19 20:21:31.269459+00:00,2026-06-19 20:22:01.399375+00:00
f2546499-b39b-4f41-8ebf-b5cecb97f350,completed,2026-06-19 20:21:31.718661+00:00,2026-06-19 20:22:01.694067+00:00
e32efb93-db66-42a3-8576-fccaaeff70a4,completed,2026-06-19 20:21:32.171081+00:00,2026-06-19 20:22:02.120891+00:00
b0a8cf58-dc3f-4bbf-aa67-2acbe4019d31,completed,2026-06-19 20:21:33.023868+00:00,2026-06-19 20:22:03.003119+00:00
2e696164-0347-4665-98b1-1fdffdc3d96d,completed,2026-06-19 20:21:33.170602+00:00,2026-06-19 20:22:03.149151+00:00
99b44e80-ee60-41e8-af88-a10ee4b50bac,completed,2026-06-19 20:21:36.018061+00:00,2026-06-19 20:22:06.055925+00:00
69947a08-5abc-49d9-af82-5dd017bbcd14,completed,2026-06-19 20:21:33.717995+00:00,2026-06-19 20:22:03.715561+00:00
19d020fc-64a9-466d-b7a1-08e0c48b21da,completed,2026-06-19 20:21:36.269199+00:00,2026-06-19 20:22:06.265026+00:00
dfcb969b-f800-4ad5-a451-08976d2b8769,completed,2026-06-19 20:21:35.968208+00:00,2026-06-19 20:22:05.944692+00:00
d7464029-a58d-4530-abb1-ee7555cf5d00,completed,2026-06-19 20:21:42.269090+00:00,2026-06-19 20:22:12.274099+00:00
489a8220-7f55-4775-8fc4-b33383e544bd,completed,2026-06-19 20:21:36.168639+00:00,2026-06-19 20:22:06.209742+00:00
a6d7a499-6cf9-4494-ab02-316d7dbd10aa,completed,2026-06-19 20:21:37.418038+00:00,2026-06-19 20:22:07.492466+00:00
3344f273-7374-4622-a655-29c888053014,completed,2026-06-19 20:21:38.771336+00:00,2026-06-19 20:22:08.826185+00:00
5c09b8ef-35f8-4d7d-92e6-01134c48a8fa,completed,2026-06-19 20:21:39.119966+00:00,2026-06-19 20:22:09.207995+00:00
4169a9fa-0884-44e6-a964-043734f7b9f8,completed,2026-06-19 20:21:40.969181+00:00,2026-06-19 20:22:10.948110+00:00
2fa8983f-6d7a-4f2c-8e9e-da571c89b28e,completed,2026-06-19 20:21:41.819166+00:00,2026-06-19 20:22:11.838534+00:00
3fcb6835-528b-4bb9-9ade-9937bee916dd,completed,2026-06-19 20:21:42.220405+00:00,2026-06-19 20:22:12.246171+00:00
35ec8ee6-eebd-4dca-b466-ff4d59990603,completed,2026-06-19 20:21:43.270167+00:00,2026-06-19 20:22:13.305362+00:00
11807387-07de-47e7-87b1-a7dd5085dadf,completed,2026-06-19 20:21:43.421795+00:00,2026-06-19 20:22:13.435702+00:00
a2d68725-7a19-4e77-a96f-48c909da70e4,completed,2026-06-19 20:21:43.569438+00:00,2026-06-19 20:22:13.584002+00:00
2ae472b5-e642-42de-8790-f3dd64b17d8b,completed,2026-06-19 20:21:41.599037+00:00,2026-06-19 20:22:11.669361+00:00
177c494d-ee96-4106-9c3b-e6becd94515a,completed,2026-06-19 20:21:40.394030+00:00,2026-06-19 20:22:10.529712+00:00
fce0879b-1ae0-4ae4-8704-e5f1d9e62eed,completed,2026-06-19 20:21:44.894891+00:00,2026-06-19 20:22:14.923344+00:00
27853739-9404-47ea-8b8c-93d77f81c01b,completed,2026-06-19 20:21:40.693856+00:00,2026-06-19 20:22:10.811568+00:00
abbbe895-0cbd-469d-a013-13af639ef31d,completed,2026-06-19 20:21:41.743382+00:00,2026-06-19 20:22:11.811895+00:00
45d505ea-d43f-4ffd-a03c-f888b0cb6344,completed,2026-06-19 20:21:41.395808+00:00,2026-06-19 20:22:11.408220+00:00
aa7d093a-d69d-46cc-9691-73c014db939d,completed,2026-06-19 20:21:43.694049+00:00,2026-06-19 20:22:13.672087+00:00
79916a51-dab0-4247-ad74-10d2c28488c7,completed,2026-06-19 20:21:44.992653+00:00,2026-06-19 20:22:14.970674+00:00
cfe0d006-ef7a-46d6-a9f4-3c502cf8d3f5,completed,2026-06-19 20:21:41.545657+00:00,2026-06-19 20:22:11.552488+00:00
512cd749-3538-425f-b49d-7aa31adba34f,completed,2026-06-19 20:21:42.644180+00:00,2026-06-19 20:22:12.699943+00:00
caaf6466-0711-4a9a-a396-bb4475a24dea,completed,2026-06-19 20:21:44.295335+00:00,2026-06-19 20:22:14.290922+00:00
1dd6a9ed-27c5-402c-95a7-e1c277c6b9fd,completed,2026-06-19 20:21:47.744084+00:00,2026-06-19 20:22:17.591266+00:00
a0b2f467-6394-411f-aa7c-896d2cac8094,completed,2026-06-19 20:21:43.095512+00:00,2026-06-19 20:22:13.119824+00:00
6cd87b5e-7dad-43d0-a575-70c5abb276af,completed,2026-06-19 20:21:43.146885+00:00,2026-06-19 20:22:13.165362+00:00
d365da37-fafc-47f7-bf1e-49bb0d0c1e88,completed,2026-06-19 20:21:44.593226+00:00,2026-06-19 20:22:14.585698+00:00
1ab21463-c410-4e96-9789-2e6de1013c5c,completed,2026-06-19 20:21:46.197514+00:00,2026-06-19 20:22:16.096619+00:00
9938949a-048f-46b9-a28a-b72194576733,completed,2026-06-19 20:21:45.643589+00:00,2026-06-19 20:22:15.661375+00:00
58d47bc5-53d4-4487-8c0b-44dbc43c8cdb,completed,2026-06-19 20:21:46.644831+00:00,2026-06-19 20:22:16.548089+00:00
c4cec221-476d-4100-a8db-d29747362439,completed,2026-06-19 20:21:45.894628+00:00,2026-06-19 20:22:15.813204+00:00
0883f939-7c22-45dc-a291-0e4b30c18cec,completed,2026-06-19 20:21:48.993397+00:00,2026-06-19 20:22:18.753008+00:00
d9f03c49-48e4-4545-b6d2-4c1703e4f459,completed,2026-06-19 20:21:46.048330+00:00,2026-06-19 20:22:15.955621+00:00
9121a5cb-3d19-45b9-8f8b-6ef38ffe9a9d,completed,2026-06-19 20:21:47.344120+00:00,2026-06-19 20:22:17.213786+00:00
5b615bf4-c090-4085-b165-b3b15ebe5877,completed,2026-06-19 20:21:49.150225+00:00,2026-06-19 20:22:18.888177+00:00
fdda8e23-3913-4cc7-aa5e-2ef72f6300ec,completed,2026-06-19 20:21:20.024189+00:00,2026-06-19 20:21:50.132758+00:00
f5b9d2ce-91f4-4ac2-bfc8-c606603a95f5,failed,2026-06-19 20:21:21.044894+00:00,2026-06-19 20:21:51.083606+00:00
e716c57c-35c9-4764-8f8b-a442eb5b9c78,failed,2026-06-19 20:21:21.370879+00:00,2026-06-19 20:21:51.414370+00:00
d9e4e40f-9382-4d18-b2f0-5a75afb8dbf0,completed,2026-06-19 20:21:48.419216+00:00,2026-06-19 20:22:18.188524+00:00
f772b80d-54c7-4be0-941d-c6f51b7a4bcb,completed,2026-06-19 20:21:44.569610+00:00,2026-06-19 20:22:14.533178+00:00
77fbe745-893f-4622-ac50-17696547f0f0,completed,2026-06-19 20:21:44.719248+00:00,2026-06-19 20:22:14.679410+00:00
e3c27f0c-4ce9-4a93-82d3-5b3cf6315aa6,completed,2026-06-19 20:21:45.321397+00:00,2026-06-19 20:22:15.362171+00:00
731c2c28-ad5f-40d3-b28f-60b977d8a915,completed,2026-06-19 20:21:46.620358+00:00,2026-06-19 20:22:16.499886+00:00
49183694-71a3-48c5-aa10-bc494ae2e30a,failed,2026-06-19 20:21:50.245049+00:00,2026-06-19 20:22:20.315437+00:00
fd645de2-b40e-44e7-85f6-274138baa14c,completed,2026-06-19 20:21:48.318810+00:00,2026-06-19 20:22:18.152340+00:00
7b6ecd49-3fa2-4333-a874-1704031b04b1,completed,2026-06-19 20:21:48.619832+00:00,2026-06-19 20:22:18.431945+00:00
914198cc-1c8d-49aa-a0d1-6afa139b1a7a,completed,2026-06-19 20:21:49.519216+00:00,2026-06-19 20:22:19.275070+00:00
638b2d17-6954-4bdc-9984-2b2b8c7b3c06,completed,2026-06-19 20:21:49.370088+00:00,2026-06-19 20:22:19.134608+00:00
df0c764a-958c-4048-80cb-bb0c12573675,completed,2026-06-19 20:21:49.419445+00:00,2026-06-19 20:22:19.175657+00:00
cff90fd7-a474-4373-98fe-276213b9396e,completed,2026-06-19 20:21:49.669076+00:00,2026-06-19 20:22:19.425650+00:00
ebc038e0-4f33-486a-b294-5b1f97bfbe6b,completed,2026-06-19 20:21:49.744985+00:00,2026-06-19 20:22:19.574882+00:00
10e7b793-03d9-41f3-a256-12f693163fdc,completed,2026-06-19 20:21:50.070502+00:00,2026-06-19 20:22:20.183423+00:00
768591ab-5119-4d28-81eb-719080952092,failed,2026-06-19 20:21:50.395808+00:00,2026-06-19 20:22:20.462458+00:00
3e9db5a8-4273-4d83-880a-24db5bcb84cc,completed,2026-06-19 20:21:50.345578+00:00,2026-06-19 20:22:20.458409+00:00
91179cd3-c184-4edd-a8d9-2c38a6f86778,failed,2026-06-19 20:21:50.519520+00:00,2026-06-19 20:22:20.601830+00:00
b1955977-196d-4eb6-bca3-cc1843731f3c,failed,2026-06-19 20:21:50.594570+00:00,2026-06-19 20:22:20.613505+00:00
58ee0f54-3658-4aee-ae28-cc828ed8766c,failed,2026-06-19 20:21:50.695766+00:00,2026-06-19 20:22:20.773108+00:00
07686fde-087e-4c6c-9c34-40a96c4b115d,completed,2026-06-19 20:21:50.643543+00:00,2026-06-19 20:22:20.765839+00:00
9dab3530-d266-4f32-9eed-769ce9311f05,failed,2026-06-19 20:21:50.844817+00:00,2026-06-19 20:22:20.924964+00:00
79913e54-2695-496f-a106-8eac32910f6e,failed,2026-06-19 20:21:50.995535+00:00,2026-06-19 20:22:21.094443+00:00
2a857afe-2296-4631-a7a9-ca4baaccf0ef,failed,2026-06-19 20:21:51.394422+00:00,2026-06-19 20:22:21.399600+00:00
28551b60-a225-4237-a484-ca770e2cce55,failed,2026-06-19 20:21:51.318790+00:00,2026-06-19 20:22:21.388861+00:00
a2483025-5a4e-4189-b014-ebe3183b5b3e,failed,2026-06-19 20:21:51.343941+00:00,2026-06-19 20:22:21.393203+00:00
e3ddd913-b073-4c9a-a10e-a6e19150a77c,completed,2026-06-19 20:21:51.444750+00:00,2026-06-19 20:22:21.539317+00:00
cf3ebf6c-c952-441f-a6d3-5d9d7a3ae991,completed,2026-06-19 20:21:51.419214+00:00,2026-06-19 20:22:21.529056+00:00
2a2bcaae-5ae0-4b9f-be35-dd38b54c28b7,failed,2026-06-19 20:21:51.645526+00:00,2026-06-19 20:22:21.683698+00:00
36022274-58eb-4629-b76d-d6fda48bc9db,completed,2026-06-19 20:21:51.595722+00:00,2026-06-19 20:22:21.675816+00:00
480f7cf7-2ac1-445f-8988-f911a9622464,failed,2026-06-19 20:21:51.796318+00:00,2026-06-19 20:22:21.821851+00:00
0727b705-039e-40bf-bd58-4601e8b0f760,failed,2026-06-19 20:21:52.045703+00:00,2026-06-19 20:22:22.115941+00:00
579c96d1-7418-4376-b334-2feff3010bf9,completed,2026-06-19 20:21:51.896022+00:00,2026-06-19 20:22:21.976022+00:00
659d340c-8ca7-4600-8505-19c25a99843e,failed,2026-06-19 20:21:52.094301+00:00,2026-06-19 20:22:22.122999+00:00
b181a865-bd46-44eb-bd94-cc1504e43e20,failed,2026-06-19 20:21:52.696161+00:00,2026-06-19 20:22:22.740472+00:00
1f7b488d-9283-4376-8624-7ed8f96af522,completed,2026-06-19 20:21:52.145625+00:00,2026-06-19 20:22:22.268440+00:00
3067481d-72cd-430e-a54b-7ec8aac80795,completed,2026-06-19 20:21:52.295342+00:00,2026-06-19 20:22:22.415455+00:00
7b638a4b-3dd9-46cd-bcfd-c72fcbe7efff,completed,2026-06-19 20:21:52.594828+00:00,2026-06-19 20:22:22.736432+00:00
a7f772b8-2aa5-44f9-b01c-69837b7fb31e,failed,2026-06-19 20:21:52.844488+00:00,2026-06-19 20:22:22.905315+00:00
307665bf-1ba4-4a65-8521-26e653620a6e,failed,2026-06-19 20:21:52.893998+00:00,2026-06-19 20:22:22.908715+00:00
171df42f-3967-4142-bb99-65d84393d99f,failed,2026-06-19 20:21:55.244290+00:00,2026-06-19 20:22:25.277737+00:00
281857c5-8023-455a-b05e-960e11ab72a7,failed,2026-06-19 20:21:52.994002+00:00,2026-06-19 20:22:23.048345+00:00
eabc47e9-04ac-4c10-92e7-fd5893aee772,completed,2026-06-19 20:21:52.946871+00:00,2026-06-19 20:22:23.055908+00:00
8eb4bbd9-72f9-4418-8c92-c1c9c48539ee,completed,2026-06-19 20:21:53.244736+00:00,2026-06-19 20:22:23.376488+00:00
f635b3cc-351d-4e19-ad0b-5b115c137c9c,failed,2026-06-19 20:21:53.495053+00:00,2026-06-19 20:22:23.506665+00:00
b6d5d287-9fd7-4c0d-8933-cdbe2ac4b8cd,completed,2026-06-19 20:21:53.394473+00:00,2026-06-19 20:22:23.529580+00:00
9eeace8a-381a-4314-ab56-b51108c327e5,failed,2026-06-19 20:21:53.894170+00:00,2026-06-19 20:22:23.947508+00:00
a21c1ea7-d1b8-461f-b624-158fa752898f,completed,2026-06-19 20:21:53.844922+00:00,2026-06-19 20:22:23.953490+00:00
9a0409b8-300b-48de-922f-5624ac70b9fb,completed,2026-06-19 20:21:54.398735+00:00,2026-06-19 20:22:24.548424+00:00
63fee3e8-e584-477c-8831-b2ef5bed3e3a,completed,2026-06-19 20:21:54.594258+00:00,2026-06-19 20:22:24.684117+00:00
f4b5a23b-1723-4bd4-87f9-4935bf8d41f7,completed,2026-06-19 20:21:54.698084+00:00,2026-06-19 20:22:24.826209+00:00
a9dc2536-7309-4637-8613-dc894a6c6d1f,completed,2026-06-19 20:21:54.893570+00:00,2026-06-19 20:22:24.975718+00:00
5f1332ce-c086-4376-a9ac-100fa071a940,completed,2026-06-19 20:21:54.993886+00:00,2026-06-19 20:22:25.130403+00:00
c6440266-2065-4c1e-8927-dd6156fc597b,failed,2026-06-19 20:21:55.403709+00:00,2026-06-19 20:22:25.430838+00:00
add26536-4c56-4055-9d83-ae73df04e613,completed,2026-06-19 20:21:55.343587+00:00,2026-06-19 20:22:25.425433+00:00
18f3ed20-5452-44ea-9935-2d121a2ba2ed,failed,2026-06-19 20:21:55.493825+00:00,2026-06-19 20:22:25.573598+00:00
8817de4e-6863-47e5-95f9-4a1f1f35ce22,failed,2026-06-19 20:21:55.697084+00:00,2026-06-19 20:22:25.728299+00:00
f0797d81-2708-4a2b-bb19-be5167d5e2d9,failed,2026-06-19 20:21:56.194820+00:00,2026-06-19 20:22:26.214832+00:00
59a8b537-a15d-4c07-a10d-6c17df532eb3,failed,2026-06-19 20:21:51.920438+00:00,2026-06-19 20:22:21.971987+00:00
e3410be3-8d15-451a-893b-14dbecb5eb2a,failed,2026-06-19 20:21:52.520061+00:00,2026-06-19 20:22:22.581580+00:00
298d825e-6174-48f1-ae2e-cb8aa1362133,completed,2026-06-19 20:21:52.019186+00:00,2026-06-19 20:22:22.125650+00:00
d1015bee-8524-4588-ba32-660fef355290,failed,2026-06-19 20:21:52.569052+00:00,2026-06-19 20:22:22.589134+00:00
f8dff839-19fa-4668-90a9-83c7ccfaf511,failed,2026-06-19 20:21:52.718170+00:00,2026-06-19 20:22:22.744363+00:00
ccb87732-a778-4e16-a17c-73238afc6ab6,completed,2026-06-19 20:21:53.220598+00:00,2026-06-19 20:22:23.341178+00:00
05c26ea4-1f10-4200-998d-67de420d0036,completed,2026-06-19 20:21:52.920120+00:00,2026-06-19 20:22:23.044288+00:00
9685eadb-79bd-49b3-b5a9-60da775c4994,failed,2026-06-19 20:21:53.419633+00:00,2026-06-19 20:22:23.498389+00:00
e0552f92-5c0e-4668-b9f5-73e97940c42e,completed,2026-06-19 20:21:53.069624+00:00,2026-06-19 20:22:23.222964+00:00
ca444cf1-2747-4837-98ca-f8c0794ba24d,completed,2026-06-19 20:21:53.370553+00:00,2026-06-19 20:22:23.494095+00:00
f842b19f-4f37-4ce5-b755-c3bf63a658c7,failed,2026-06-19 20:21:53.719393+00:00,2026-06-19 20:22:23.794422+00:00
9cfaaf71-77ed-4e21-878e-28b03ea0db83,completed,2026-06-19 20:21:53.521817+00:00,2026-06-19 20:22:23.644441+00:00
6bf309dd-1c1e-427c-9460-a2640aad9b6b,completed,2026-06-19 20:21:53.669577+00:00,2026-06-19 20:22:23.790111+00:00
87ab16ef-523a-4c51-87d1-87a9e8113401,failed,2026-06-19 20:21:53.870505+00:00,2026-06-19 20:22:23.943564+00:00
ac594a24-4ef5-4ea0-a708-024f05b9e070,failed,2026-06-19 20:21:54.323508+00:00,2026-06-19 20:22:24.387110+00:00
6e7b63a4-fb1d-454c-93ba-1778778e066d,failed,2026-06-19 20:21:54.519017+00:00,2026-06-19 20:22:24.551635+00:00
05612a85-c813-499b-8383-6d972eefaa53,failed,2026-06-19 20:21:54.619970+00:00,2026-06-19 20:22:24.687831+00:00
178ebb33-9a77-432a-9d8b-48eaf3f9965d,failed,2026-06-19 20:21:54.770551+00:00,2026-06-19 20:22:24.834203+00:00
051799c1-0b42-4bb3-bf6f-622f77b11915,failed,2026-06-19 20:21:55.269538+00:00,2026-06-19 20:22:25.281464+00:00
a1177f45-26d9-430e-b6b0-854c728c18a4,completed,2026-06-19 20:21:55.020312+00:00,2026-06-19 20:22:25.122556+00:00
c2a28437-28e7-4bc6-9feb-40f347b98a6c,failed,2026-06-19 20:21:55.419671+00:00,2026-06-19 20:22:25.433110+00:00
fdf7909b-ad38-4ea0-ab55-18c98cf28a4c,failed,2026-06-19 20:21:56.118577+00:00,2026-06-19 20:22:26.202698+00:00
4dfc4f77-82b3-43e2-9a17-81b6a4306755,completed,2026-06-19 20:21:55.470475+00:00,2026-06-19 20:22:25.570058+00:00
e0d6eac4-e30a-436e-8418-bf3936c5c904,completed,2026-06-19 20:21:55.768368+00:00,2026-06-19 20:22:25.884564+00:00
11156c55-6c09-4bf3-a914-42232d5b9c6c,failed,2026-06-19 20:21:56.169295+00:00,2026-06-19 20:22:26.210838+00:00
f7ae5afb-10b5-4ea6-b985-91ae373bd64a,failed,2026-06-19 20:21:56.419488+00:00,2026-06-19 20:22:26.510611+00:00
73e7e1b1-d692-4321-97e6-5c826d250971,failed,2026-06-19 20:21:56.670130+00:00,2026-06-19 20:22:26.684620+00:00
51c7b4a5-5328-4936-8099-d2e4c5abcaeb,failed,2026-06-19 20:21:57.070883+00:00,2026-06-19 20:22:27.129024+00:00
c58c9a28-c38e-44e9-89de-58c4298250fb,failed,2026-06-19 20:21:56.770413+00:00,2026-06-19 20:22:26.832246+00:00
fd0f4c7a-2986-412c-8068-ca3c66039637,completed,2026-06-19 20:21:56.719417+00:00,2026-06-19 20:22:26.855462+00:00
a0968211-e7bc-47cf-83b3-71fedc4d44a3,failed,2026-06-19 20:21:21.818126+00:00,2026-06-19 20:21:51.883611+00:00
7cd18f73-de52-457a-9793-ff199b3d3ade,completed,2026-06-19 20:21:23.152277+00:00,2026-06-19 20:21:53.284981+00:00
a9989a11-11a0-4521-b7bc-215817e118d4,completed,2026-06-19 20:21:24.544987+00:00,2026-06-19 20:21:54.674788+00:00
8f234596-a6da-4b9a-8121-beafc0d9b7bd,failed,2026-06-19 20:21:26.343618+00:00,2026-06-19 20:21:56.400194+00:00
90aa5311-3128-4af9-bfe1-6dfee9edc118,failed,2026-06-19 20:21:26.844034+00:00,2026-06-19 20:21:56.877857+00:00
4eb2fad0-9e09-404f-a0c4-78530bcedaf1,failed,2026-06-19 20:21:27.595951+00:00,2026-06-19 20:21:57.645295+00:00
5c23ae99-5000-4a2b-8cd4-e7a7729bfce9,completed,2026-06-19 20:21:27.668923+00:00,2026-06-19 20:21:57.795101+00:00
7603f7c7-2958-4d2a-b784-6812be22b82f,failed,2026-06-19 20:21:28.067989+00:00,2026-06-19 20:21:58.120027+00:00
d4701484-c175-4a5c-84d7-0dcadc985246,completed,2026-06-19 20:21:29.719210+00:00,2026-06-19 20:21:59.815594+00:00
84527876-2b73-4c29-a35b-199c8e6b810e,completed,2026-06-19 20:21:33.469153+00:00,2026-06-19 20:22:03.455165+00:00
261b3ae4-2acf-4a9e-8f9d-da737b77b0f1,completed,2026-06-19 20:21:38.970901+00:00,2026-06-19 20:22:09.073067+00:00
e868c9d9-c11a-4ddd-98dd-99145b655a78,completed,2026-06-19 20:21:49.943719+00:00,2026-06-19 20:22:19.902893+00:00
15fe158d-e2b0-4605-8250-15ec7a34cf50,failed,2026-06-19 20:21:51.495479+00:00,2026-06-19 20:22:21.536615+00:00
f44912d5-7d7d-48e3-a050-15467ae6e7cb,failed,2026-06-19 20:21:51.819211+00:00,2026-06-19 20:22:21.825620+00:00
484869d3-f383-4342-92ae-8644556c7d97,failed,2026-06-19 20:21:51.944892+00:00,2026-06-19 20:22:21.976448+00:00
985c9187-8693-4a31-8c0e-492da7ed25de,failed,2026-06-19 20:21:53.019569+00:00,2026-06-19 20:22:23.052319+00:00
4384761d-765d-4005-a16d-054f15b16e79,failed,2026-06-19 20:21:53.297238+00:00,2026-06-19 20:22:23.349375+00:00
bed8f49a-55a4-42cd-a5e9-832f9068dfc0,failed,2026-06-19 20:21:54.795572+00:00,2026-06-19 20:22:24.836768+00:00
b863a7e3-cbd0-45d9-8b20-fde8277939bc,failed,2026-06-19 20:21:55.719088+00:00,2026-06-19 20:22:25.726539+00:00
407750dd-02f4-4d8b-af74-dfe1360badf2,failed,2026-06-19 20:21:56.293779+00:00,2026-06-19 20:22:26.357433+00:00
5523f8dc-2ce4-4ed6-9e58-84b4bea35581,failed,2026-06-19 20:21:57.119544+00:00,2026-06-19 20:22:27.137565+00:00
c4906a21-171a-49dc-9a4e-d53abd281d35,completed,2026-06-19 20:21:59.394011+00:00,2026-06-19 20:22:29.453447+00:00
f4d716c4-47cd-4eb2-b773-cdd5f8b4029a,completed,2026-06-19 20:22:02.559666+00:00,2026-06-19 20:22:32.557157+00:00
80e0481b-8e9d-4207-95a0-91de0dd4117d,completed,2026-06-19 20:22:05.035597+00:00,2026-06-19 20:22:34.962224+00:00
d34867c4-ea95-4d77-bbe5-4045fe188e3c,completed,2026-06-19 20:22:05.780208+00:00,2026-06-19 20:22:35.654880+00:00
795b1097-abc4-4938-8737-63b6d2df4720,completed,2026-06-19 20:22:08.830402+00:00,2026-06-19 20:22:38.582202+00:00
80204052-324f-4b3f-9b16-a7a29ce471f5,completed,2026-06-19 20:22:17.788582+00:00,2026-06-19 20:22:47.415323+00:00
c0eb8d08-dc58-47b1-bacf-363b168fd638,completed,2026-06-19 20:21:23.369051+00:00,2026-06-19 20:21:53.489987+00:00
8e26693a-d471-417a-9601-0c2642f37f53,completed,2026-06-19 20:21:24.868638+00:00,2026-06-19 20:21:55.006662+00:00
6191e476-99e6-4514-aa91-10db17bb76d5,completed,2026-06-19 20:21:25.521953+00:00,2026-06-19 20:21:55.615392+00:00
68e86dd9-237a-45b7-bd7f-37b6bdf9c650,completed,2026-06-19 20:21:30.292359+00:00,2026-06-19 20:22:00.359720+00:00
a415ef3e-2568-44ea-b2e8-36d89c1230b8,completed,2026-06-19 20:21:34.297042+00:00,2026-06-19 20:22:04.299817+00:00
a50e875a-b10e-49da-97ad-b5eee5454453,completed,2026-06-19 20:21:40.093225+00:00,2026-06-19 20:22:10.200478+00:00
1b8d9113-677f-4f65-b0a0-a43576a35f06,completed,2026-06-19 20:21:43.719355+00:00,2026-06-19 20:22:13.730455+00:00
ea668671-1495-4495-8b0a-51ad2bcbcdda,completed,2026-06-19 20:21:44.169885+00:00,2026-06-19 20:22:14.150464+00:00
00305572-d1a8-4db1-ab12-bc5bbed860a2,completed,2026-06-19 20:21:47.275114+00:00,2026-06-19 20:22:17.146741+00:00
b424870e-3013-46b5-9768-eb17154b21a1,completed,2026-06-19 20:21:50.794319+00:00,2026-06-19 20:22:20.921117+00:00
b4b8c638-093e-466a-9496-be2615d1d320,completed,2026-06-19 20:21:51.294333+00:00,2026-06-19 20:22:21.394308+00:00
52d8b73a-7749-4945-b540-8caf347ae89a,completed,2026-06-19 20:21:53.969405+00:00,2026-06-19 20:22:24.085454+00:00
ff0a984e-8d99-467c-9740-95874386eba0,completed,2026-06-19 20:21:56.095712+00:00,2026-06-19 20:22:26.222264+00:00
6e00ca4c-41a5-459d-b35d-2b8be4974331,completed,2026-06-19 20:21:57.170440+00:00,2026-06-19 20:22:27.292072+00:00
f810595b-b6a2-4d4a-aa93-a1d0f00b5e73,completed,2026-06-19 20:21:57.344150+00:00,2026-06-19 20:22:27.449130+00:00
ef966eb6-9af2-4814-a106-28c10e164153,completed,2026-06-19 20:21:58.220715+00:00,2026-06-19 20:22:28.363828+00:00
0f6ba861-ac58-41cf-9a6a-1812cbe7dbf5,completed,2026-06-19 20:22:00.670713+00:00,2026-06-19 20:22:30.710001+00:00
5503325d-5345-48cd-8ef8-3763cdd2f25f,completed,2026-06-19 20:22:05.064617+00:00,2026-06-19 20:22:35.089768+00:00
8708185c-4863-4ac0-b1df-a380cddb11d5,completed,2026-06-19 20:22:09.230816+00:00,2026-06-19 20:22:38.976377+00:00
3a1fe0ac-aff4-4520-8ef0-0579f84210cd,completed,2026-06-19 20:22:09.397313+00:00,2026-06-19 20:22:39.113851+00:00
eb3dbec1-02f1-4604-89b4-e523490d1729,completed,2026-06-19 20:22:11.739078+00:00,2026-06-19 20:22:41.575480+00:00
2548bb9d-0c49-4da2-8dac-eb466956dc0c,completed,2026-06-19 20:22:14.153371+00:00,2026-06-19 20:22:43.774368+00:00
207fcba0-1a4f-45d1-a190-3c7fa2c1217d,completed,2026-06-19 20:22:15.169483+00:00,2026-06-19 20:22:44.817342+00:00
a885c96b-5733-4c08-abec-0731a86f2abb,completed,2026-06-19 20:22:19.459935+00:00,2026-06-19 20:22:49.038148+00:00
42940fe0-ef17-4ffb-b842-c26b361a681a,failed,2026-06-19 20:21:57.697527+00:00,2026-06-19 20:22:27.746546+00:00
057a9448-d467-4af2-9824-4a3274242d23,failed,2026-06-19 20:21:56.444096+00:00,2026-06-19 20:22:26.514457+00:00
1e6468d3-02c6-4d33-9844-d65159818096,completed,2026-06-19 20:21:56.397736+00:00,2026-06-19 20:22:26.544414+00:00
feeed256-8657-40fb-81a0-eb36d1f5dbaa,completed,2026-06-19 20:21:56.696648+00:00,2026-06-19 20:22:26.823559+00:00
c3b6933f-9e63-4bbd-8b80-db69c7a54916,completed,2026-06-19 20:21:56.994019+00:00,2026-06-19 20:22:27.119599+00:00
9e4d465f-1535-4149-a81e-f6776374975f,completed,2026-06-19 20:21:57.146476+00:00,2026-06-19 20:22:27.269421+00:00
fda71cbb-99a4-41fa-b7b9-a50468adcb45,completed,2026-06-19 20:21:57.444812+00:00,2026-06-19 20:22:27.598348+00:00
2a335e6a-c00f-414b-af41-c2f4b95cfe5c,completed,2026-06-19 20:21:57.294706+00:00,2026-06-19 20:22:27.426932+00:00
666c40e6-bb3c-4ccd-b4db-ede0d69661a7,failed,2026-06-19 20:21:57.743996+00:00,2026-06-19 20:22:27.755143+00:00
7a4d575e-357e-4239-9ce0-dd107848904e,failed,2026-06-19 20:21:58.393683+00:00,2026-06-19 20:22:28.477676+00:00
9d09ab92-1cc5-4a15-a91f-ec751d2b790f,failed,2026-06-19 20:21:58.044417+00:00,2026-06-19 20:22:28.052813+00:00
502c8b69-d1e4-47fd-968c-01204af5bee6,completed,2026-06-19 20:21:57.943687+00:00,2026-06-19 20:22:28.062740+00:00
2370915f-f625-4544-add7-0851944c5879,failed,2026-06-19 20:22:00.544854+00:00,2026-06-19 20:22:30.576691+00:00
552c93f1-4261-4281-81a1-c44341e78390,completed,2026-06-19 20:21:58.997145+00:00,2026-06-19 20:22:29.019981+00:00
bfdda4b0-aa40-4c03-99fe-5061e54adee5,completed,2026-06-19 20:21:59.494196+00:00,2026-06-19 20:22:29.550526+00:00
16aa38c7-94a1-4bc4-93ad-59a38f8fe9f9,completed,2026-06-19 20:21:59.343578+00:00,2026-06-19 20:22:29.400917+00:00
9c753152-5cba-4a0d-a8af-53a65b95edb5,completed,2026-06-19 20:21:59.644708+00:00,2026-06-19 20:22:29.699415+00:00
f17e5dc4-a442-4d16-88d8-f6f5a8bbc65a,completed,2026-06-19 20:22:00.400684+00:00,2026-06-19 20:22:30.451887+00:00
5656bdf8-20f0-47d4-94b1-c65e16189f4f,completed,2026-06-19 20:22:04.040746+00:00,2026-06-19 20:22:33.991833+00:00
3286e585-7f33-4900-be3d-dbeaf2d905ae,completed,2026-06-19 20:22:01.150122+00:00,2026-06-19 20:22:31.157011+00:00
4f768ba4-159e-4427-87ab-843a007e3e7c,completed,2026-06-19 20:22:01.594650+00:00,2026-06-19 20:22:31.618924+00:00
77cc7e49-bea6-48b3-a450-9793c5b258c6,completed,2026-06-19 20:22:01.996386+00:00,2026-06-19 20:22:31.987357+00:00
90ef282d-0079-4754-abc5-a3abf842db62,completed,2026-06-19 20:22:02.302506+00:00,2026-06-19 20:22:32.361204+00:00
ff33d828-6c8b-4255-86ef-fef694c040ba,completed,2026-06-19 20:22:02.712450+00:00,2026-06-19 20:22:32.691341+00:00
882591d5-51fa-42fe-9f0b-88c110276a11,completed,2026-06-19 20:22:03.027939+00:00,2026-06-19 20:22:32.980590+00:00
eb3b1033-5e4e-4ce6-b758-1b59aeeb4575,completed,2026-06-19 20:22:03.183231+00:00,2026-06-19 20:22:33.222133+00:00
bc598a78-01b4-420f-b3a1-ad672a51abee,completed,2026-06-19 20:22:03.770209+00:00,2026-06-19 20:22:33.811653+00:00
212a392e-bb8a-44c8-8885-aa2ebf398d9d,completed,2026-06-19 20:22:03.933693+00:00,2026-06-19 20:22:33.973772+00:00
5f1a4046-2ab6-441f-bd4d-7398e84da38b,completed,2026-06-19 20:22:04.203455+00:00,2026-06-19 20:22:34.252464+00:00
58d8c63b-ac90-4cc7-b86a-13a0d90c0458,completed,2026-06-19 20:22:04.646566+00:00,2026-06-19 20:22:34.680314+00:00
079204aa-3787-4fb6-9290-86661ac6d7d4,failed,2026-06-19 20:21:57.368708+00:00,2026-06-19 20:22:27.431407+00:00
c65be0c0-daeb-4363-ab23-6c842a10a3d8,failed,2026-06-19 20:21:57.419203+00:00,2026-06-19 20:22:27.439273+00:00
0c953657-674c-4fdc-8cfd-3ebc67c7dc63,failed,2026-06-19 20:21:57.569167+00:00,2026-06-19 20:22:27.602356+00:00
746493c8-d3b2-4832-9f07-b9a26418157d,failed,2026-06-19 20:21:58.419325+00:00,2026-06-19 20:22:28.482995+00:00
3e911047-7b7a-4f22-8ed2-0f33702eaf4c,completed,2026-06-19 20:21:58.069194+00:00,2026-06-19 20:22:28.182999+00:00
eed6df8e-5c4d-4544-8e19-5673657523fb,failed,2026-06-19 20:21:58.269422+00:00,2026-06-19 20:22:28.335736+00:00
8e12ef7f-b21c-47a3-913f-e5915e35f402,failed,2026-06-19 20:21:58.318304+00:00,2026-06-19 20:22:28.343249+00:00
1d48b609-8365-48c4-a657-9458a306f4f0,completed,2026-06-19 20:21:58.721813+00:00,2026-06-19 20:22:28.755227+00:00
bb5191b8-ad66-4c81-a6e8-78ab31b81673,completed,2026-06-19 20:21:58.918587+00:00,2026-06-19 20:22:28.985482+00:00
72104410-6718-4bdb-8eb0-cac3bfa7e6b2,completed,2026-06-19 20:21:59.120236+00:00,2026-06-19 20:22:29.179358+00:00
648d4f61-69df-4c41-89bd-23dec5a124e5,completed,2026-06-19 20:21:59.971002+00:00,2026-06-19 20:22:30.038226+00:00
ecbb93af-b497-4a60-af24-83896b402396,completed,2026-06-19 20:22:00.220301+00:00,2026-06-19 20:22:30.261368+00:00
eb67955a-92a5-49f8-bd66-35f7721372e0,completed,2026-06-19 20:22:00.387475+00:00,2026-06-19 20:22:30.407248+00:00
00c380b6-3bee-4021-9a9a-637063846cd9,completed,2026-06-19 20:22:01.569713+00:00,2026-06-19 20:22:31.568159+00:00
35bc0add-3721-4d35-b076-a78ace3fae8d,completed,2026-06-19 20:22:00.526537+00:00,2026-06-19 20:22:30.591374+00:00
9a20494d-b0d0-48eb-98ac-bb3c326ceba6,completed,2026-06-19 20:22:01.870018+00:00,2026-06-19 20:22:31.901879+00:00
a9d60c87-4ac2-4c59-8a1a-c64a59187767,completed,2026-06-19 20:22:02.021792+00:00,2026-06-19 20:22:32.046460+00:00
f4448239-cd68-4cb5-ba24-a5e326e44bf2,completed,2026-06-19 20:22:02.584368+00:00,2026-06-19 20:22:32.635578+00:00
052d449c-ff4c-4d41-bbce-0b6eb551f986,completed,2026-06-19 20:22:03.157955+00:00,2026-06-19 20:22:33.120402+00:00
37e249cc-9450-414c-92ca-c85e6f88b062,completed,2026-06-19 20:22:03.479831+00:00,2026-06-19 20:22:33.513283+00:00
3636caf5-727b-42ca-9b19-bfcdc7ed0569,completed,2026-06-19 20:22:03.743703+00:00,2026-06-19 20:22:33.692939+00:00
642fc86f-ce2b-47e0-933e-a2891a51c440,completed,2026-06-19 20:22:04.191983+00:00,2026-06-19 20:22:34.136967+00:00
1abab8e4-6283-45c7-a0fc-837476a8000b,completed,2026-06-19 20:22:05.348301+00:00,2026-06-19 20:22:35.236624+00:00
a74b5a43-56e7-4373-bd80-f04ab49ab81c,completed,2026-06-19 20:22:05.634806+00:00,2026-06-19 20:22:35.503280+00:00
43b6e757-d8f4-490e-bc13-bc6d0f039d5f,completed,2026-06-19 20:22:06.276701+00:00,2026-06-19 20:22:36.205088+00:00
1854d076-a3bd-455e-9b0e-392c99d7b8ab,completed,2026-06-19 20:22:06.693998+00:00,2026-06-19 20:22:36.526696+00:00
15860286-ba04-439e-bb02-e305ecc34afc,completed,2026-06-19 20:22:06.880180+00:00,2026-06-19 20:22:36.741348+00:00
dc1105ca-e23e-402d-ad34-8ab4ec90d059,completed,2026-06-19 20:22:07.365361+00:00,2026-06-19 20:22:37.167006+00:00
b4e34e13-2357-4f05-b959-72fb8838ffc8,completed,2026-06-19 20:22:07.801613+00:00,2026-06-19 20:22:37.578485+00:00
1a01b457-5e9d-42b9-a45b-0cbaaa2801fc,completed,2026-06-19 20:22:08.118905+00:00,2026-06-19 20:22:37.871169+00:00
3f7ea611-41f8-4ec6-9f06-713aa86ac211,completed,2026-06-19 20:22:06.848790+00:00,2026-06-19 20:22:36.696488+00:00
8013924e-9250-4368-8612-5cdb5a17de93,completed,2026-06-19 20:22:06.070941+00:00,2026-06-19 20:22:35.924460+00:00
b6a78510-a517-4396-9d48-e43135164b74,completed,2026-06-19 20:22:06.132691+00:00,2026-06-19 20:22:36.060692+00:00
7cc01fa8-2475-4029-8bfd-a3728e034f22,completed,2026-06-19 20:22:14.852073+00:00,2026-06-19 20:22:44.511363+00:00
48bac4b1-d2ab-42ff-b45a-8f91fb6b498c,completed,2026-06-19 20:22:06.725291+00:00,2026-06-19 20:22:36.605210+00:00
32bf85c6-df4b-4db9-be7d-9d0a821217a3,completed,2026-06-19 20:22:08.280303+00:00,2026-06-19 20:22:38.011102+00:00
1a514875-0c71-4150-8569-e88d72894b05,completed,2026-06-19 20:22:08.999832+00:00,2026-06-19 20:22:38.735319+00:00
3b15a9d5-0649-4afd-8c87-3033e12c5e57,completed,2026-06-19 20:22:10.124058+00:00,2026-06-19 20:22:39.872144+00:00
e81e209c-c5c0-4506-9ec5-dce56cc6aa45,completed,2026-06-19 20:22:10.382487+00:00,2026-06-19 20:22:40.127034+00:00
fd3eda99-f756-43e3-bcf9-1e5d7c6159ad,completed,2026-06-19 20:22:11.163463+00:00,2026-06-19 20:22:40.973523+00:00
99c493e5-99f9-444e-8180-8ebb8f321109,completed,2026-06-19 20:22:11.532719+00:00,2026-06-19 20:22:41.401762+00:00
d232b540-77ab-4bed-9d72-6bad8638fb17,completed,2026-06-19 20:22:12.145831+00:00,2026-06-19 20:22:41.862144+00:00
2d17a21b-fa28-40b7-9613-4923a50d2e9b,completed,2026-06-19 20:22:12.350981+00:00,2026-06-19 20:22:42.018693+00:00
d0c45474-31c5-4919-a45a-7b5e6f935667,completed,2026-06-19 20:22:13.331237+00:00,2026-06-19 20:22:43.046938+00:00
1b662980-6a8a-49e1-8300-8c45a0dc4ce6,completed,2026-06-19 20:22:13.569279+00:00,2026-06-19 20:22:43.195782+00:00
3e150fce-790d-46cc-8b33-8ea3192322cc,completed,2026-06-19 20:22:14.594713+00:00,2026-06-19 20:22:44.281621+00:00
b365b425-1189-457c-a3d3-41702507dbfc,completed,2026-06-19 20:22:16.253760+00:00,2026-06-19 20:22:45.863229+00:00
119c2196-aa60-4d64-a663-621bb0298b36,completed,2026-06-19 20:22:14.765389+00:00,2026-06-19 20:22:44.413487+00:00
2298777a-a24b-4766-94a7-1ec13e936987,completed,2026-06-19 20:22:15.122270+00:00,2026-06-19 20:22:44.691588+00:00
16990749-7726-438c-9e80-165cf12f55b6,completed,2026-06-19 20:22:17.257718+00:00,2026-06-19 20:22:46.864992+00:00
b310bdf9-2a96-4134-88d5-e66f152ebaac,completed,2026-06-19 20:22:16.152333+00:00,2026-06-19 20:22:45.786176+00:00
96caaeb9-bd1e-4405-bd2c-16585ba3e995,completed,2026-06-19 20:22:17.152585+00:00,2026-06-19 20:22:46.754117+00:00
ffe68cf1-eb0c-4ffa-8f22-48dd79b8652d,completed,2026-06-19 20:22:18.454244+00:00,2026-06-19 20:22:48.047272+00:00
07079e5b-44ae-4c49-b5e7-c72f431dac22,completed,2026-06-19 20:22:18.682766+00:00,2026-06-19 20:22:48.243046+00:00
654a0d32-f7a8-40ab-a6e9-6158b4963249,completed,2026-06-19 20:22:18.799815+00:00,2026-06-19 20:22:48.385658+00:00
b6c41b4a-15e9-4287-8a33-fbd4b703da5a,completed,2026-06-19 20:22:19.036623+00:00,2026-06-19 20:22:48.624365+00:00
9a8651f7-45b6-4438-84a9-5cab6a096ee7,completed,2026-06-19 20:22:19.154395+00:00,2026-06-19 20:22:48.759484+00:00
94d8d0d0-64de-4317-a9dd-99babeda2408,completed,2026-06-19 20:22:20.155084+00:00,2026-06-19 20:22:49.625059+00:00
50939a68-3b6c-4491-9ddd-9dd2b3543830,completed,2026-06-19 20:22:20.287176+00:00,2026-06-19 20:22:49.768457+00:00
440d1b0d-3186-48f1-acf4-9936d54a7a61,completed,2026-06-19 20:22:20.967146+00:00,2026-06-19 20:22:50.457840+00:00
c3610d5e-b5ce-460e-81c3-bf1d2575df8a,completed,2026-06-19 20:22:09.843499+00:00,2026-06-19 20:22:39.547510+00:00
27ae7e3b-0547-4e75-adb1-353deb1b9696,completed,2026-06-19 20:22:09.634134+00:00,2026-06-19 20:22:39.307322+00:00
7f57bad3-d653-4716-8882-2e8a0948a3b7,completed,2026-06-19 20:22:16.398992+00:00,2026-06-19 20:22:45.997643+00:00
29e65d85-7199-4bd3-87cb-cd0a009d1eca,completed,2026-06-19 20:22:09.770443+00:00,2026-06-19 20:22:39.451638+00:00
428cf67f-4db9-4211-83de-480f63c4bb24,completed,2026-06-19 20:22:10.381729+00:00,2026-06-19 20:22:40.002467+00:00
f807f875-409f-422b-922a-72d9c2c7265a,completed,2026-06-19 20:22:10.541555+00:00,2026-06-19 20:22:40.278615+00:00
c90c19aa-38a5-4f59-a21e-01e0158906fb,completed,2026-06-19 20:22:11.325103+00:00,2026-06-19 20:22:40.995460+00:00
faabf57c-9989-46d4-b7f3-74fc2aee1a48,completed,2026-06-19 20:22:12.144527+00:00,2026-06-19 20:22:41.813124+00:00
75a8ac63-78bf-44d0-be0f-266417abf8f5,completed,2026-06-19 20:22:12.351418+00:00,2026-06-19 20:22:42.166550+00:00
45a301d1-4109-4ad5-9520-bf3b11eaa624,completed,2026-06-19 20:22:13.168476+00:00,2026-06-19 20:22:42.772287+00:00
5195dd40-387d-4934-a322-c6e264e5e06f,completed,2026-06-19 20:22:13.436962+00:00,2026-06-19 20:22:43.060706+00:00
5c051785-5a55-40c3-abc0-fbb0afd71129,completed,2026-06-19 20:22:13.603111+00:00,2026-06-19 20:22:43.307407+00:00
996ded77-afa1-4a2e-90e1-e02ea6a7599b,completed,2026-06-19 20:22:14.197176+00:00,2026-06-19 20:22:43.887270+00:00
dff04c9f-a4e7-4fd4-8f42-6c4510c4c7e8,completed,2026-06-19 20:22:14.454799+00:00,2026-06-19 20:22:44.150429+00:00
25aecefa-32a2-4b32-85cd-4c3565aa58be,completed,2026-06-19 20:22:14.717982+00:00,2026-06-19 20:22:44.358095+00:00
de8078f4-45a7-42dc-87f3-eb3c75c05d6e,completed,2026-06-19 20:22:15.443310+00:00,2026-06-19 20:22:45.132524+00:00
f7eceda9-7619-410a-9be9-ba5cce7a58f0,completed,2026-06-19 20:22:16.107028+00:00,2026-06-19 20:22:45.693767+00:00
a5f4c7f5-a589-4221-b512-a173530fe60d,completed,2026-06-19 20:22:16.299209+00:00,2026-06-19 20:22:45.919353+00:00
904654bd-621e-467c-b55a-e1cbeaa6a157,completed,2026-06-19 20:22:17.737981+00:00,2026-06-19 20:22:47.327586+00:00
8838c2a4-ac70-4fdd-a5b6-1baa6dd2bce6,completed,2026-06-19 20:22:17.953251+00:00,2026-06-19 20:22:47.553844+00:00
1315416c-2096-4da2-988e-c094d793d74d,completed,2026-06-19 20:22:18.510791+00:00,2026-06-19 20:22:48.082502+00:00
4e8a0f7c-4b0c-48dd-9df3-aaa4b1575d58,completed,2026-06-19 20:22:18.974842+00:00,2026-06-19 20:22:48.523266+00:00
36affbbb-559c-4e3b-aae5-3c32468bbd49,completed,2026-06-19 20:22:20.089749+00:00,2026-06-19 20:22:49.604017+00:00
9b4bdf92-043e-43a4-9249-d835902a2fed,completed,2026-06-19 20:22:20.357440+00:00,2026-06-19 20:22:49.887647+00:00
6c273517-e849-42c3-a286-41e9c2c93d98,completed,2026-06-19 20:22:20.758806+00:00,2026-06-19 20:22:50.300726+00:00
beb986f9-58f7-40db-9951-53fbecfd4cb9,completed,2026-06-19 20:22:21.038533+00:00,2026-06-19 20:22:50.555076+00:00
19e07593-f09f-47bf-847a-880a8b4ba5fc,completed,2026-06-19 20:22:21.182428+00:00,2026-06-19 20:22:50.688709+00:00
98ad98a0-5c17-4fe3-ba9d-e9017551b3cd,completed,2026-06-19 20:22:21.771932+00:00,2026-06-19 20:22:51.231408+00:00
fc4f5c0b-d6e6-4fac-a03a-1769c5583db9,completed,2026-06-19 20:22:22.397963+00:00,2026-06-19 20:22:51.778924+00:00
135fa9b5-d059-443a-8d2f-4d91057c9ebf,completed,2026-06-19 20:22:22.908144+00:00,2026-06-19 20:22:52.176118+00:00
824eeb76-530f-48cc-881e-143636a02833,completed,2026-06-19 20:22:23.707859+00:00,2026-06-19 20:22:52.833679+00:00
039140a0-9a02-4110-b6f4-8aeedd2dc041,completed,2026-06-19 20:22:21.546357+00:00,2026-06-19 20:22:51.014891+00:00
7ababb1f-5901-435a-baf2-1c17018ee59d,completed,2026-06-19 20:22:21.694988+00:00,2026-06-19 20:22:51.159391+00:00
5baa80a8-3bcd-426d-8473-dee4cdcb9b44,completed,2026-06-19 20:22:24.106541+00:00,2026-06-19 20:22:53.110576+00:00
5b8f52ff-6488-4a8a-9907-619fa179ccb4,completed,2026-06-19 20:22:22.157218+00:00,2026-06-19 20:22:51.576194+00:00
c60ae3ef-4ae5-457f-9038-2efbbc5fbdd1,completed,2026-06-19 20:22:22.316466+00:00,2026-06-19 20:22:51.719215+00:00
935e0f8f-4097-4e24-9791-b2285a9e1799,completed,2026-06-19 20:22:24.937693+00:00,2026-06-19 20:22:53.642414+00:00
f8910f42-8afc-4799-ba63-3bfb33c0deca,completed,2026-06-19 20:22:22.816271+00:00,2026-06-19 20:22:52.150311+00:00
85c681f1-84da-4451-80e8-572292c3f316,completed,2026-06-19 20:22:22.985508+00:00,2026-06-19 20:22:52.281570+00:00
d6fe5039-e85f-4bfa-bf1c-f07abbfcb1a2,completed,2026-06-19 20:22:25.402595+00:00,2026-06-19 20:22:53.908264+00:00
2468f3af-fc4e-445d-9d15-5a14cbb6fae3,completed,2026-06-19 20:22:23.159527+00:00,2026-06-19 20:22:52.414449+00:00
640d29cb-02b8-48e9-89bc-e9a286970597,completed,2026-06-19 20:22:23.338294+00:00,2026-06-19 20:22:52.549211+00:00
6529be98-73d5-4630-ab71-0188b1273735,completed,2026-06-19 20:22:25.645623+00:00,2026-06-19 20:22:54.040486+00:00
231e0341-bd4b-4eb4-8dd5-ec79c4a92eb7,completed,2026-06-19 20:22:28.181450+00:00,2026-06-19 20:22:55.116673+00:00
165d88b5-0f1d-4b24-84a8-2e4d542137ec,completed,2026-06-19 20:22:29.199137+00:00,2026-06-19 20:22:55.387986+00:00
857d6359-9977-4e60-890e-b751b2b24b10,completed,2026-06-19 20:22:21.397208+00:00,2026-06-19 20:22:50.854862+00:00
f0553296-6ace-4375-9a6b-f29430addc8e,completed,2026-06-19 20:22:23.613467+00:00,2026-06-19 20:22:52.710576+00:00
b7e465f7-1eca-4c34-845a-db0260d0073a,completed,2026-06-19 20:22:24.193723+00:00,2026-06-19 20:22:53.125715+00:00
cbd12ee7-8820-4575-9d96-c74116e2827e,completed,2026-06-19 20:22:24.410650+00:00,2026-06-19 20:22:53.259651+00:00
7784206c-6947-4654-88d0-4c1005a31595,completed,2026-06-19 20:22:26.595553+00:00,2026-06-19 20:22:54.524870+00:00
34e1ac54-5840-4e00-8a75-622a85929546,completed,2026-06-19 20:22:26.906109+00:00,2026-06-19 20:22:54.660637+00:00
3d5e490f-8fab-420d-b106-d7f946a92392,completed,2026-06-19 20:22:27.228034+00:00,2026-06-19 20:22:54.793433+00:00
019938fc-be0c-4d3a-b97e-3efc3029a690,completed,2026-06-19 20:22:28.907593+00:00,2026-06-19 20:22:55.359224+00:00
