id,status,created_at,finished_at
00000004-0001-4000-8000-000000000000,completed,2026-06-27 14:23:51.364869+00:00,2026-06-27 14:23:51.508072+00:00
00000003-0000-4000-8000-000000000000,completed,2026-06-27 14:23:38.085808+00:00,2026-06-27 14:23:39.385821+00:00
00000004-0000-4000-8000-000000000000,completed,2026-06-27 14:23:38.968704+00:00,2026-06-27 14:23:40.279379+00:00
00000042-0002-4000-8000-000000000000,completed,2026-06-27 14:24:03.095728+00:00,2026-06-27 14:24:03.255056+00:00
00000016-0000-4000-8000-000000000000,completed,2026-06-27 14:23:43.360821+00:00,2026-06-27 14:23:44.616849+00:00
00000006-0001-4000-8000-000000000000,completed,2026-06-27 14:23:51.539303+00:00,2026-06-27 14:23:51.690230+00:00
00000029-0000-4000-8000-000000000000,completed,2026-06-27 14:23:45.695673+00:00,2026-06-27 14:23:45.840982+00:00
00000032-0000-4000-8000-000000000000,completed,2026-06-27 14:23:46.628956+00:00,2026-06-27 14:23:46.772849+00:00
00000024-0001-4000-8000-000000000000,completed,2026-06-27 14:23:54.327739+00:00,2026-06-27 14:23:54.475788+00:00
00000030-0000-4000-8000-000000000000,completed,2026-06-27 14:23:47.511312+00:00,2026-06-27 14:23:47.654108+00:00
00000010-0001-4000-8000-000000000000,completed,2026-06-27 14:23:52.621046+00:00,2026-06-27 14:23:52.768517+00:00
00000044-0000-4000-8000-000000000000,completed,2026-06-27 14:23:48.758990+00:00,2026-06-27 14:23:48.898341+00:00
00000041-0000-4000-8000-000000000000,completed,2026-06-27 14:23:48.959754+00:00,2026-06-27 14:23:49.110437+00:00
00000045-0000-4000-8000-000000000000,completed,2026-06-27 14:23:49.740288+00:00,2026-06-27 14:23:49.894310+00:00
00000011-0001-4000-8000-000000000000,completed,2026-06-27 14:23:53.054237+00:00,2026-06-27 14:23:53.207647+00:00
00000050-0000-4000-8000-000000000000,completed,2026-06-27 14:23:50.851697+00:00,2026-06-27 14:23:50.990044+00:00
00000038-0001-4000-8000-000000000000,completed,2026-06-27 14:23:57.511264+00:00,2026-06-27 14:23:57.652113+00:00
00000029-0001-4000-8000-000000000000,completed,2026-06-27 14:23:54.937039+00:00,2026-06-27 14:23:55.072513+00:00
00000008-0001-4000-8000-000000000000,completed,2026-06-27 14:23:53.697770+00:00,2026-06-27 14:23:53.836915+00:00
00000020-0001-4000-8000-000000000000,completed,2026-06-27 14:23:53.857859+00:00,2026-06-27 14:23:54.000197+00:00
00000021-0001-4000-8000-000000000000,completed,2026-06-27 14:23:54.017157+00:00,2026-06-27 14:23:54.148731+00:00
00000036-0001-4000-8000-000000000000,completed,2026-06-27 14:23:55.825103+00:00,2026-06-27 14:23:55.980131+00:00
00000009-0002-4000-8000-000000000000,completed,2026-06-27 14:23:59.490272+00:00,2026-06-27 14:23:59.619301+00:00
00000042-0001-4000-8000-000000000000,completed,2026-06-27 14:23:56.823835+00:00,2026-06-27 14:23:56.963439+00:00
00000047-0001-4000-8000-000000000000,completed,2026-06-27 14:23:57.924471+00:00,2026-06-27 14:23:58.060903+00:00
00000004-0002-4000-8000-000000000000,completed,2026-06-27 14:23:58.852569+00:00,2026-06-27 14:23:58.984035+00:00
00000008-0002-4000-8000-000000000000,completed,2026-06-27 14:24:00.616350+00:00,2026-06-27 14:24:00.751316+00:00
00000015-0002-4000-8000-000000000000,completed,2026-06-27 14:24:00.122609+00:00,2026-06-27 14:24:00.263540+00:00
00000034-0002-4000-8000-000000000000,completed,2026-06-27 14:24:02.173947+00:00,2026-06-27 14:24:02.319757+00:00
00000039-0002-4000-8000-000000000000,completed,2026-06-27 14:24:02.980377+00:00,2026-06-27 14:24:03.125513+00:00
00000049-0002-4000-8000-000000000000,completed,2026-06-27 14:24:04.320360+00:00,2026-06-27 14:24:04.461138+00:00
00000010-0006-4000-8000-000000000000,completed,2026-06-27 14:24:17.889725+00:00,2026-06-27 14:24:18.041843+00:00
00000050-0002-4000-8000-000000000000,completed,2026-06-27 14:24:04.429246+00:00,2026-06-27 14:24:04.574541+00:00
00000009-0003-4000-8000-000000000000,completed,2026-06-27 14:24:05.291557+00:00,2026-06-27 14:24:05.429808+00:00
00000011-0003-4000-8000-000000000000,completed,2026-06-27 14:24:05.717873+00:00,2026-06-27 14:24:05.861250+00:00
00000028-0006-4000-8000-000000000000,completed,2026-06-27 14:24:18.928844+00:00,2026-06-27 14:24:19.065748+00:00
00000026-0003-4000-8000-000000000000,completed,2026-06-27 14:24:06.954763+00:00,2026-06-27 14:24:07.110932+00:00
00000041-0003-4000-8000-000000000000,completed,2026-06-27 14:24:08.535561+00:00,2026-06-27 14:24:08.676390+00:00
00000007-0008-4000-8000-000000000000,completed,2026-06-27 14:24:23.669041+00:00,2026-06-27 14:24:23.806128+00:00
00000007-0004-4000-8000-000000000000,completed,2026-06-27 14:24:10.009874+00:00,2026-06-27 14:24:10.158598+00:00
00000027-0006-4000-8000-000000000000,completed,2026-06-27 14:24:19.434179+00:00,2026-06-27 14:24:19.566015+00:00
00000027-0004-4000-8000-000000000000,completed,2026-06-27 14:24:12.379077+00:00,2026-06-27 14:24:12.540763+00:00
00000031-0004-4000-8000-000000000000,completed,2026-06-27 14:24:13.018222+00:00,2026-06-27 14:24:13.156273+00:00
00000006-0005-4000-8000-000000000000,completed,2026-06-27 14:24:13.938835+00:00,2026-06-27 14:24:14.074592+00:00
00000031-0006-4000-8000-000000000000,completed,2026-06-27 14:24:19.931674+00:00,2026-06-27 14:24:20.086715+00:00
00000038-0005-4000-8000-000000000000,completed,2026-06-27 14:24:16.859708+00:00,2026-06-27 14:24:16.999864+00:00
00000023-0008-4000-8000-000000000000,completed,2026-06-27 14:24:24.545016+00:00,2026-06-27 14:24:24.689692+00:00
00000050-0006-4000-8000-000000000000,completed,2026-06-27 14:24:20.423240+00:00,2026-06-27 14:24:20.556894+00:00
00000041-0007-4000-8000-000000000000,completed,2026-06-27 14:24:22.773887+00:00,2026-06-27 14:24:22.917033+00:00
00000046-0007-4000-8000-000000000000,completed,2026-06-27 14:24:23.223542+00:00,2026-06-27 14:24:23.373213+00:00
00000009-0009-4000-8000-000000000000,completed,2026-06-27 14:24:26.442839+00:00,2026-06-27 14:24:26.585888+00:00
00000025-0009-4000-8000-000000000000,completed,2026-06-27 14:24:27.257775+00:00,2026-06-27 14:24:27.396357+00:00
00000047-0007-4000-8000-000000000000,completed,2026-06-27 14:24:23.115056+00:00,2026-06-27 14:24:23.253853+00:00
00000007-0003-4000-8000-000000000000,completed,2026-06-27 14:24:05.077800+00:00,2026-06-27 14:24:05.217141+00:00
00000017-0003-4000-8000-000000000000,completed,2026-06-27 14:24:05.924262+00:00,2026-06-27 14:24:06.090654+00:00
00000020-0003-4000-8000-000000000000,completed,2026-06-27 14:24:06.338972+00:00,2026-06-27 14:24:06.489187+00:00
00000006-0008-4000-8000-000000000000,completed,2026-06-27 14:24:23.559872+00:00,2026-06-27 14:24:23.691378+00:00
00000022-0004-4000-8000-000000000000,completed,2026-06-27 14:24:11.223261+00:00,2026-06-27 14:24:11.365898+00:00
00000012-0005-4000-8000-000000000000,completed,2026-06-27 14:24:14.405585+00:00,2026-06-27 14:24:14.543560+00:00
00000028-0009-4000-8000-000000000000,completed,2026-06-27 14:24:27.357997+00:00,2026-06-27 14:24:27.495776+00:00
00000031-0005-4000-8000-000000000000,completed,2026-06-27 14:24:16.676988+00:00,2026-06-27 14:24:16.814938+00:00
00000025-0008-4000-8000-000000000000,completed,2026-06-27 14:24:24.652916+00:00,2026-06-27 14:24:24.797944+00:00
00000006-0006-4000-8000-000000000000,completed,2026-06-27 14:24:17.493510+00:00,2026-06-27 14:24:17.619923+00:00
00000022-0006-4000-8000-000000000000,completed,2026-06-27 14:24:18.543005+00:00,2026-06-27 14:24:18.681470+00:00
00000017-0007-4000-8000-000000000000,completed,2026-06-27 14:24:21.264451+00:00,2026-06-27 14:24:21.426549+00:00
00000033-0008-4000-8000-000000000000,completed,2026-06-27 14:24:24.869138+00:00,2026-06-27 14:24:25.007206+00:00
00000042-0007-4000-8000-000000000000,completed,2026-06-27 14:24:22.655558+00:00,2026-06-27 14:24:22.816218+00:00
00000035-0008-4000-8000-000000000000,completed,2026-06-27 14:24:25.079728+00:00,2026-06-27 14:24:25.217510+00:00
00000046-0008-4000-8000-000000000000,completed,2026-06-27 14:24:25.926030+00:00,2026-06-27 14:24:26.073603+00:00
00000017-0009-4000-8000-000000000000,completed,2026-06-27 14:24:26.749168+00:00,2026-06-27 14:24:26.902556+00:00
00000043-0005-4000-8000-000000000000,completed,2026-06-27 14:24:16.899334+00:00,2026-06-27 14:24:17.041691+00:00
00000012-0003-4000-8000-000000000000,completed,2026-06-27 14:24:05.396139+00:00,2026-06-27 14:24:05.537724+00:00
00000024-0003-4000-8000-000000000000,completed,2026-06-27 14:24:06.648591+00:00,2026-06-27 14:24:06.792855+00:00
00000029-0003-4000-8000-000000000000,completed,2026-06-27 14:24:07.056323+00:00,2026-06-27 14:24:07.193658+00:00
00000001-0006-4000-8000-000000000000,completed,2026-06-27 14:24:17.691162+00:00,2026-06-27 14:24:17.836758+00:00
00000032-0003-4000-8000-000000000000,completed,2026-06-27 14:24:07.460989+00:00,2026-06-27 14:24:07.601908+00:00
00000018-0004-4000-8000-000000000000,completed,2026-06-27 14:24:10.798126+00:00,2026-06-27 14:24:10.939052+00:00
00000029-0009-4000-8000-000000000000,completed,2026-06-27 14:24:27.308223+00:00,2026-06-27 14:24:27.445680+00:00
00000019-0004-4000-8000-000000000000,completed,2026-06-27 14:24:11.809429+00:00,2026-06-27 14:24:11.938447+00:00
00000044-0006-4000-8000-000000000000,completed,2026-06-27 14:24:19.744107+00:00,2026-06-27 14:24:19.878830+00:00
00000036-0004-4000-8000-000000000000,completed,2026-06-27 14:24:12.136767+00:00,2026-06-27 14:24:12.278565+00:00
00000044-0004-4000-8000-000000000000,completed,2026-06-27 14:24:12.777980+00:00,2026-06-27 14:24:12.911586+00:00
00000038-0004-4000-8000-000000000000,completed,2026-06-27 14:24:13.095331+00:00,2026-06-27 14:24:13.241561+00:00
00000002-0007-4000-8000-000000000000,completed,2026-06-27 14:24:20.734734+00:00,2026-06-27 14:24:20.874604+00:00
00000048-0004-4000-8000-000000000000,completed,2026-06-27 14:24:13.405644+00:00,2026-06-27 14:24:13.540993+00:00
00000008-0007-4000-8000-000000000000,completed,2026-06-27 14:24:21.442180+00:00,2026-06-27 14:24:21.579638+00:00
00000013-0008-4000-8000-000000000000,completed,2026-06-27 14:24:23.944855+00:00,2026-06-27 14:24:24.082216+00:00
00000012-0009-4000-8000-000000000000,completed,2026-06-27 14:24:26.495797+00:00,2026-06-27 14:24:26.644292+00:00
00000001-0007-4000-8000-000000000000,completed,2026-06-27 14:24:20.846740+00:00,2026-06-27 14:24:21.013071+00:00
00000049-0004-4000-8000-000000000000,completed,2026-06-27 14:24:13.560052+00:00,2026-06-27 14:24:13.698965+00:00
00000004-0005-4000-8000-000000000000,completed,2026-06-27 14:24:13.865493+00:00,2026-06-27 14:24:14.014759+00:00
00000002-0010-4000-8000-000000000000,completed,2026-06-27 14:24:28.741168+00:00,2026-06-27 14:24:28.877306+00:00
00000001-0005-4000-8000-000000000000,completed,2026-06-27 14:24:14.167285+00:00,2026-06-27 14:24:14.320752+00:00
00000013-0007-4000-8000-000000000000,completed,2026-06-27 14:24:21.086326+00:00,2026-06-27 14:24:21.216914+00:00
00000021-0005-4000-8000-000000000000,completed,2026-06-27 14:24:15.056632+00:00,2026-06-27 14:24:15.198462+00:00
00000026-0005-4000-8000-000000000000,completed,2026-06-27 14:24:15.426305+00:00,2026-06-27 14:24:15.559645+00:00
00000032-0008-4000-8000-000000000000,completed,2026-06-27 14:24:24.922548+00:00,2026-06-27 14:24:25.054119+00:00
00000036-0005-4000-8000-000000000000,completed,2026-06-27 14:24:15.913808+00:00,2026-06-27 14:24:16.069427+00:00
00000021-0007-4000-8000-000000000000,completed,2026-06-27 14:24:21.560703+00:00,2026-06-27 14:24:21.695638+00:00
00000002-0006-4000-8000-000000000000,completed,2026-06-27 14:24:17.560968+00:00,2026-06-27 14:24:17.702640+00:00
00000012-0006-4000-8000-000000000000,completed,2026-06-27 14:24:17.825247+00:00,2026-06-27 14:24:17.978507+00:00
00000008-0006-4000-8000-000000000000,completed,2026-06-27 14:24:18.348298+00:00,2026-06-27 14:24:18.491300+00:00
00000038-0007-4000-8000-000000000000,completed,2026-06-27 14:24:22.940697+00:00,2026-06-27 14:24:23.076405+00:00
00000024-0006-4000-8000-000000000000,completed,2026-06-27 14:24:18.607087+00:00,2026-06-27 14:24:18.747486+00:00
00000032-0009-4000-8000-000000000000,completed,2026-06-27 14:24:27.506321+00:00,2026-06-27 14:24:27.650014+00:00
00000049-0008-4000-8000-000000000000,completed,2026-06-27 14:24:25.976924+00:00,2026-06-27 14:24:26.131321+00:00
00000002-0008-4000-8000-000000000000,completed,2026-06-27 14:24:23.614689+00:00,2026-06-27 14:24:23.743609+00:00
00000011-0008-4000-8000-000000000000,completed,2026-06-27 14:24:24.052565+00:00,2026-06-27 14:24:24.187827+00:00
00000029-0008-4000-8000-000000000000,completed,2026-06-27 14:24:24.707950+00:00,2026-06-27 14:24:24.851973+00:00
00000006-0009-4000-8000-000000000000,completed,2026-06-27 14:24:26.389110+00:00,2026-06-27 14:24:26.566107+00:00
00000041-0009-4000-8000-000000000000,completed,2026-06-27 14:24:28.057049+00:00,2026-06-27 14:24:28.224254+00:00
00000026-0009-4000-8000-000000000000,completed,2026-06-27 14:24:27.206949+00:00,2026-06-27 14:24:27.349277+00:00
00000035-0009-4000-8000-000000000000,completed,2026-06-27 14:24:27.658052+00:00,2026-06-27 14:24:27.803229+00:00
00000040-0009-4000-8000-000000000000,completed,2026-06-27 14:24:27.855630+00:00,2026-06-27 14:24:28.004627+00:00
00000045-0009-4000-8000-000000000000,completed,2026-06-27 14:24:28.250415+00:00,2026-06-27 14:24:28.391673+00:00
00000015-0010-4000-8000-000000000000,completed,2026-06-27 14:24:29.127969+00:00,2026-06-27 14:24:29.258227+00:00
00000004-0010-4000-8000-000000000000,completed,2026-06-27 14:24:28.692994+00:00,2026-06-27 14:24:28.853932+00:00
00000013-0010-4000-8000-000000000000,completed,2026-06-27 14:24:29.079426+00:00,2026-06-27 14:24:29.219128+00:00
00000016-0010-4000-8000-000000000000,completed,2026-06-27 14:24:29.319697+00:00,2026-06-27 14:24:29.476945+00:00
00000044-0016-4000-8000-000000000000,completed,2026-06-27 14:24:42.658165+00:00,2026-06-27 14:24:42.835649+00:00
00000021-0010-4000-8000-000000000000,completed,2026-06-27 14:24:29.461772+00:00,2026-06-27 14:24:29.602741+00:00
00000038-0014-4000-8000-000000000000,completed,2026-06-27 14:24:39.056871+00:00,2026-06-27 14:24:39.208000+00:00
00000026-0010-4000-8000-000000000000,completed,2026-06-27 14:24:29.654389+00:00,2026-06-27 14:24:29.815688+00:00
00000019-0010-4000-8000-000000000000,completed,2026-06-27 14:24:29.846068+00:00,2026-06-27 14:24:30.000059+00:00
00000034-0010-4000-8000-000000000000,completed,2026-06-27 14:24:29.985167+00:00,2026-06-27 14:24:30.110339+00:00
00000035-0010-4000-8000-000000000000,completed,2026-06-27 14:24:30.079772+00:00,2026-06-27 14:24:30.220146+00:00
00000048-0010-4000-8000-000000000000,completed,2026-06-27 14:24:30.778354+00:00,2026-06-27 14:24:30.927521+00:00
00000012-0015-4000-8000-000000000000,completed,2026-06-27 14:24:39.672554+00:00,2026-06-27 14:24:39.825881+00:00
00000032-0011-4000-8000-000000000000,completed,2026-06-27 14:24:32.236344+00:00,2026-06-27 14:24:32.471499+00:00
00000004-0012-4000-8000-000000000000,completed,2026-06-27 14:24:33.295831+00:00,2026-06-27 14:24:33.468086+00:00
00000043-0017-4000-8000-000000000000,completed,2026-06-27 14:24:44.654767+00:00,2026-06-27 14:24:44.789552+00:00
00000018-0014-4000-8000-000000000000,completed,2026-06-27 14:24:37.956477+00:00,2026-06-27 14:24:38.090951+00:00
00000008-0015-4000-8000-000000000000,completed,2026-06-27 14:24:39.978475+00:00,2026-06-27 14:24:40.115365+00:00
00000036-0014-4000-8000-000000000000,completed,2026-06-27 14:24:38.585587+00:00,2026-06-27 14:24:38.751294+00:00
00000044-0014-4000-8000-000000000000,completed,2026-06-27 14:24:38.902795+00:00,2026-06-27 14:24:39.046539+00:00
00000007-0017-4000-8000-000000000000,completed,2026-06-27 14:24:43.237096+00:00,2026-06-27 14:24:43.388673+00:00
00000014-0015-4000-8000-000000000000,completed,2026-06-27 14:24:40.887538+00:00,2026-06-27 14:24:41.033465+00:00
00000006-0016-4000-8000-000000000000,completed,2026-06-27 14:24:41.487139+00:00,2026-06-27 14:24:41.634568+00:00
00000013-0016-4000-8000-000000000000,completed,2026-06-27 14:24:41.644116+00:00,2026-06-27 14:24:41.777154+00:00
00000029-0017-4000-8000-000000000000,completed,2026-06-27 14:24:43.949576+00:00,2026-06-27 14:24:44.102111+00:00
00000026-0018-4000-8000-000000000000,completed,2026-06-27 14:24:45.627343+00:00,2026-06-27 14:24:45.767972+00:00
00000039-0017-4000-8000-000000000000,completed,2026-06-27 14:24:44.374148+00:00,2026-06-27 14:24:44.542157+00:00
00000030-0019-4000-8000-000000000000,completed,2026-06-27 14:24:47.659639+00:00,2026-06-27 14:24:47.817306+00:00
00000037-0018-4000-8000-000000000000,completed,2026-06-27 14:24:46.040659+00:00,2026-06-27 14:24:46.178968+00:00
00000003-0021-4000-8000-000000000000,completed,2026-06-27 14:24:49.880069+00:00,2026-06-27 14:24:50.028046+00:00
00000004-0020-4000-8000-000000000000,completed,2026-06-27 14:24:48.319877+00:00,2026-06-27 14:24:48.462285+00:00
00000006-0020-4000-8000-000000000000,completed,2026-06-27 14:24:48.452301+00:00,2026-06-27 14:24:48.603009+00:00
00000011-0021-4000-8000-000000000000,completed,2026-06-27 14:24:50.263268+00:00,2026-06-27 14:24:50.419796+00:00
00000006-0022-4000-8000-000000000000,completed,2026-06-27 14:24:51.654927+00:00,2026-06-27 14:24:51.798066+00:00
00000018-0022-4000-8000-000000000000,completed,2026-06-27 14:24:51.900377+00:00,2026-06-27 14:24:52.054922+00:00
00000034-0015-4000-8000-000000000000,completed,2026-06-27 14:24:40.471873+00:00,2026-06-27 14:24:40.608861+00:00
00000046-0010-4000-8000-000000000000,completed,2026-06-27 14:24:30.822621+00:00,2026-06-27 14:24:30.956382+00:00
00000027-0011-4000-8000-000000000000,completed,2026-06-27 14:24:32.458239+00:00,2026-06-27 14:24:32.584831+00:00
00000017-0021-4000-8000-000000000000,completed,2026-06-27 14:24:50.294336+00:00,2026-06-27 14:24:50.424901+00:00
00000002-0012-4000-8000-000000000000,completed,2026-06-27 14:24:33.341032+00:00,2026-06-27 14:24:33.483424+00:00
00000027-0015-4000-8000-000000000000,completed,2026-06-27 14:24:40.621592+00:00,2026-06-27 14:24:40.755771+00:00
00000009-0012-4000-8000-000000000000,completed,2026-06-27 14:24:33.513742+00:00,2026-06-27 14:24:33.642050+00:00
00000040-0012-4000-8000-000000000000,completed,2026-06-27 14:24:34.718165+00:00,2026-06-27 14:24:34.858393+00:00
00000027-0017-4000-8000-000000000000,completed,2026-06-27 14:24:44.267238+00:00,2026-06-27 14:24:44.392305+00:00
00000001-0013-4000-8000-000000000000,completed,2026-06-27 14:24:35.560349+00:00,2026-06-27 14:24:35.710365+00:00
00000009-0016-4000-8000-000000000000,completed,2026-06-27 14:24:41.526288+00:00,2026-06-27 14:24:41.658882+00:00
00000017-0013-4000-8000-000000000000,completed,2026-06-27 14:24:35.892006+00:00,2026-06-27 14:24:36.073475+00:00
00000020-0013-4000-8000-000000000000,completed,2026-06-27 14:24:36.055769+00:00,2026-06-27 14:24:36.212020+00:00
00000025-0014-4000-8000-000000000000,completed,2026-06-27 14:24:38.314654+00:00,2026-06-27 14:24:38.464059+00:00
00000035-0016-4000-8000-000000000000,completed,2026-06-27 14:24:42.405692+00:00,2026-06-27 14:24:42.530548+00:00
00000045-0014-4000-8000-000000000000,completed,2026-06-27 14:24:39.094466+00:00,2026-06-27 14:24:39.247007+00:00
00000020-0019-4000-8000-000000000000,completed,2026-06-27 14:24:47.156880+00:00,2026-06-27 14:24:47.291593+00:00
00000031-0017-4000-8000-000000000000,completed,2026-06-27 14:24:44.550013+00:00,2026-06-27 14:24:44.685419+00:00
00000040-0016-4000-8000-000000000000,completed,2026-06-27 14:24:42.549323+00:00,2026-06-27 14:24:42.703240+00:00
00000045-0016-4000-8000-000000000000,completed,2026-06-27 14:24:42.838411+00:00,2026-06-27 14:24:43.000563+00:00
00000028-0017-4000-8000-000000000000,completed,2026-06-27 14:24:43.988621+00:00,2026-06-27 14:24:44.133929+00:00
00000047-0017-4000-8000-000000000000,completed,2026-06-27 14:24:44.690054+00:00,2026-06-27 14:24:44.828007+00:00
00000040-0020-4000-8000-000000000000,completed,2026-06-27 14:24:49.395481+00:00,2026-06-27 14:24:49.551412+00:00
00000040-0018-4000-8000-000000000000,completed,2026-06-27 14:24:46.073132+00:00,2026-06-27 14:24:46.209317+00:00
00000025-0020-4000-8000-000000000000,completed,2026-06-27 14:24:49.006797+00:00,2026-06-27 14:24:49.148483+00:00
00000041-0020-4000-8000-000000000000,completed,2026-06-27 14:24:49.527839+00:00,2026-06-27 14:24:49.664351+00:00
00000022-0022-4000-8000-000000000000,completed,2026-06-27 14:24:52.067920+00:00,2026-06-27 14:24:52.194903+00:00
00000020-0021-4000-8000-000000000000,completed,2026-06-27 14:24:50.424875+00:00,2026-06-27 14:24:50.572986+00:00
00000010-0023-4000-8000-000000000000,completed,2026-06-27 14:24:53.284774+00:00,2026-06-27 14:24:53.447986+00:00
00000028-0023-4000-8000-000000000000,completed,2026-06-27 14:24:53.769344+00:00,2026-06-27 14:24:53.899079+00:00
00000027-0023-4000-8000-000000000000,completed,2026-06-27 14:24:54.011165+00:00,2026-06-27 14:24:54.145856+00:00
00000006-0013-4000-8000-000000000000,completed,2026-06-27 14:24:35.601618+00:00,2026-06-27 14:24:35.751406+00:00
00000050-0010-4000-8000-000000000000,completed,2026-06-27 14:24:30.917239+00:00,2026-06-27 14:24:31.057367+00:00
00000016-0011-4000-8000-000000000000,completed,2026-06-27 14:24:31.649097+00:00,2026-06-27 14:24:31.790556+00:00
00000022-0011-4000-8000-000000000000,completed,2026-06-27 14:24:31.830052+00:00,2026-06-27 14:24:31.979876+00:00
00000035-0011-4000-8000-000000000000,completed,2026-06-27 14:24:32.369226+00:00,2026-06-27 14:24:32.515601+00:00
00000010-0012-4000-8000-000000000000,completed,2026-06-27 14:24:33.601641+00:00,2026-06-27 14:24:33.741952+00:00
00000018-0013-4000-8000-000000000000,completed,2026-06-27 14:24:35.933043+00:00,2026-06-27 14:24:36.083615+00:00
00000034-0012-4000-8000-000000000000,completed,2026-06-27 14:24:34.462424+00:00,2026-06-27 14:24:34.602800+00:00
00000016-0013-4000-8000-000000000000,completed,2026-06-27 14:24:35.976483+00:00,2026-06-27 14:24:36.133822+00:00
00000027-0012-4000-8000-000000000000,completed,2026-06-27 14:24:34.633650+00:00,2026-06-27 14:24:34.788647+00:00
00000042-0012-4000-8000-000000000000,completed,2026-06-27 14:24:34.803322+00:00,2026-06-27 14:24:34.931872+00:00
00000002-0015-4000-8000-000000000000,completed,2026-06-27 14:24:39.482374+00:00,2026-06-27 14:24:39.631833+00:00
00000014-0012-4000-8000-000000000000,completed,2026-06-27 14:24:34.929031+00:00,2026-06-27 14:24:35.075609+00:00
00000047-0012-4000-8000-000000000000,completed,2026-06-27 14:24:35.141385+00:00,2026-06-27 14:24:35.295364+00:00
00000011-0014-4000-8000-000000000000,completed,2026-06-27 14:24:37.876331+00:00,2026-06-27 14:24:38.033292+00:00
00000017-0014-4000-8000-000000000000,completed,2026-06-27 14:24:37.917906+00:00,2026-06-27 14:24:38.084416+00:00
00000041-0013-4000-8000-000000000000,completed,2026-06-27 14:24:36.953203+00:00,2026-06-27 14:24:37.096366+00:00
00000038-0013-4000-8000-000000000000,completed,2026-06-27 14:24:37.076988+00:00,2026-06-27 14:24:37.204454+00:00
00000003-0014-4000-8000-000000000000,completed,2026-06-27 14:24:37.397587+00:00,2026-06-27 14:24:37.553995+00:00
00000012-0014-4000-8000-000000000000,completed,2026-06-27 14:24:37.719469+00:00,2026-06-27 14:24:37.859125+00:00
00000032-0014-4000-8000-000000000000,completed,2026-06-27 14:24:38.507226+00:00,2026-06-27 14:24:38.646938+00:00
00000049-0014-4000-8000-000000000000,completed,2026-06-27 14:24:39.289109+00:00,2026-06-27 14:24:39.434430+00:00
00000015-0015-4000-8000-000000000000,completed,2026-06-27 14:24:39.789343+00:00,2026-06-27 14:24:39.921114+00:00
00000007-0016-4000-8000-000000000000,completed,2026-06-27 14:24:41.410653+00:00,2026-06-27 14:24:41.553257+00:00
00000016-0015-4000-8000-000000000000,completed,2026-06-27 14:24:39.940826+00:00,2026-06-27 14:24:40.070884+00:00
00000019-0015-4000-8000-000000000000,completed,2026-06-27 14:24:40.360408+00:00,2026-06-27 14:24:40.490390+00:00
00000033-0015-4000-8000-000000000000,completed,2026-06-27 14:24:40.400026+00:00,2026-06-27 14:24:40.532615+00:00
00000036-0015-4000-8000-000000000000,completed,2026-06-27 14:24:40.511861+00:00,2026-06-27 14:24:40.648683+00:00
00000008-0016-4000-8000-000000000000,completed,2026-06-27 14:24:41.854677+00:00,2026-06-27 14:24:41.982985+00:00
00000023-0016-4000-8000-000000000000,completed,2026-06-27 14:24:42.038454+00:00,2026-06-27 14:24:42.176327+00:00
00000031-0016-4000-8000-000000000000,completed,2026-06-27 14:24:42.766675+00:00,2026-06-27 14:24:42.916218+00:00
00000046-0021-4000-8000-000000000000,completed,2026-06-27 14:24:51.370042+00:00,2026-06-27 14:24:51.511734+00:00
00000047-0016-4000-8000-000000000000,completed,2026-06-27 14:24:42.912603+00:00,2026-06-27 14:24:43.047066+00:00
00000015-0017-4000-8000-000000000000,completed,2026-06-27 14:24:43.487190+00:00,2026-06-27 14:24:43.649622+00:00
00000020-0028-4000-8000-000000000000,completed,2026-06-27 14:25:00.717651+00:00,2026-06-27 14:25:00.908821+00:00
00000025-0017-4000-8000-000000000000,completed,2026-06-27 14:24:43.916202+00:00,2026-06-27 14:24:44.064159+00:00
00000001-0022-4000-8000-000000000000,completed,2026-06-27 14:24:51.622098+00:00,2026-06-27 14:24:51.752390+00:00
00000001-0018-4000-8000-000000000000,completed,2026-06-27 14:24:45.039254+00:00,2026-06-27 14:24:45.180219+00:00
00000016-0019-4000-8000-000000000000,completed,2026-06-27 14:24:47.090679+00:00,2026-06-27 14:24:47.230716+00:00
00000050-0024-4000-8000-000000000000,completed,2026-06-27 14:24:55.967708+00:00,2026-06-27 14:24:56.133105+00:00
00000041-0019-4000-8000-000000000000,completed,2026-06-27 14:24:47.894602+00:00,2026-06-27 14:24:48.064378+00:00
00000047-0022-4000-8000-000000000000,completed,2026-06-27 14:24:52.856524+00:00,2026-06-27 14:24:52.987971+00:00
00000023-0020-4000-8000-000000000000,completed,2026-06-27 14:24:48.944555+00:00,2026-06-27 14:24:49.078342+00:00
00000028-0020-4000-8000-000000000000,completed,2026-06-27 14:24:49.073510+00:00,2026-06-27 14:24:49.209924+00:00
00000002-0021-4000-8000-000000000000,completed,2026-06-27 14:24:49.975945+00:00,2026-06-27 14:24:50.129043+00:00
00000015-0023-4000-8000-000000000000,completed,2026-06-27 14:24:53.345168+00:00,2026-06-27 14:24:53.505207+00:00
00000041-0021-4000-8000-000000000000,completed,2026-06-27 14:24:51.122840+00:00,2026-06-27 14:24:51.260111+00:00
00000045-0025-4000-8000-000000000000,completed,2026-06-27 14:24:57.242330+00:00,2026-06-27 14:24:57.378875+00:00
00000035-0023-4000-8000-000000000000,completed,2026-06-27 14:24:53.951290+00:00,2026-06-27 14:24:54.101427+00:00
00000046-0023-4000-8000-000000000000,completed,2026-06-27 14:24:54.431728+00:00,2026-06-27 14:24:54.575132+00:00
00000022-0025-4000-8000-000000000000,completed,2026-06-27 14:24:56.551017+00:00,2026-06-27 14:24:56.688150+00:00
00000027-0024-4000-8000-000000000000,completed,2026-06-27 14:24:55.500114+00:00,2026-06-27 14:24:55.643882+00:00
00000025-0025-4000-8000-000000000000,completed,2026-06-27 14:24:56.665774+00:00,2026-06-27 14:24:56.814712+00:00
00000035-0025-4000-8000-000000000000,completed,2026-06-27 14:24:56.897761+00:00,2026-06-27 14:24:57.044965+00:00
00000020-0026-4000-8000-000000000000,completed,2026-06-27 14:24:57.928393+00:00,2026-06-27 14:24:58.077013+00:00
00000009-0027-4000-8000-000000000000,completed,2026-06-27 14:24:59.055114+00:00,2026-06-27 14:24:59.212655+00:00
00000016-0027-4000-8000-000000000000,completed,2026-06-27 14:24:59.281026+00:00,2026-06-27 14:24:59.414200+00:00
00000022-0027-4000-8000-000000000000,completed,2026-06-27 14:24:59.390977+00:00,2026-06-27 14:24:59.534252+00:00
00000017-0028-4000-8000-000000000000,completed,2026-06-27 14:25:00.605807+00:00,2026-06-27 14:25:00.754609+00:00
00000022-0029-4000-8000-000000000000,completed,2026-06-27 14:25:02.126071+00:00,2026-06-27 14:25:02.263351+00:00
00000035-0029-4000-8000-000000000000,completed,2026-06-27 14:25:02.454842+00:00,2026-06-27 14:25:02.596304+00:00
00000046-0029-4000-8000-000000000000,completed,2026-06-27 14:25:02.870116+00:00,2026-06-27 14:25:03.027321+00:00
00000048-0023-4000-8000-000000000000,completed,2026-06-27 14:24:54.401951+00:00,2026-06-27 14:24:54.531548+00:00
00000036-0017-4000-8000-000000000000,completed,2026-06-27 14:24:44.163656+00:00,2026-06-27 14:24:44.308902+00:00
00000039-0018-4000-8000-000000000000,completed,2026-06-27 14:24:46.107719+00:00,2026-06-27 14:24:46.271969+00:00
00000032-0030-4000-8000-000000000000,completed,2026-06-27 14:25:03.689828+00:00,2026-06-27 14:25:03.844768+00:00
00000032-0024-4000-8000-000000000000,completed,2026-06-27 14:24:55.351047+00:00,2026-06-27 14:24:55.494583+00:00
00000049-0018-4000-8000-000000000000,completed,2026-06-27 14:24:46.517240+00:00,2026-06-27 14:24:46.670216+00:00
00000004-0019-4000-8000-000000000000,completed,2026-06-27 14:24:46.650895+00:00,2026-06-27 14:24:46.805648+00:00
00000008-0020-4000-8000-000000000000,completed,2026-06-27 14:24:48.779119+00:00,2026-06-27 14:24:48.926096+00:00
00000030-0020-4000-8000-000000000000,completed,2026-06-27 14:24:49.298928+00:00,2026-06-27 14:24:49.439107+00:00
00000039-0024-4000-8000-000000000000,completed,2026-06-27 14:24:55.589406+00:00,2026-06-27 14:24:55.734702+00:00
00000014-0020-4000-8000-000000000000,completed,2026-06-27 14:24:49.559751+00:00,2026-06-27 14:24:49.695156+00:00
00000032-0022-4000-8000-000000000000,completed,2026-06-27 14:24:52.336771+00:00,2026-06-27 14:24:52.498311+00:00
00000006-0023-4000-8000-000000000000,completed,2026-06-27 14:24:53.194545+00:00,2026-06-27 14:24:53.338095+00:00
00000049-0024-4000-8000-000000000000,completed,2026-06-27 14:24:55.938960+00:00,2026-06-27 14:24:56.118061+00:00
00000021-0023-4000-8000-000000000000,completed,2026-06-27 14:24:53.558206+00:00,2026-06-27 14:24:53.700658+00:00
00000036-0027-4000-8000-000000000000,completed,2026-06-27 14:24:59.697157+00:00,2026-06-27 14:24:59.835100+00:00
00000040-0027-4000-8000-000000000000,completed,2026-06-27 14:24:59.806961+00:00,2026-06-27 14:24:59.981482+00:00
00000012-0026-4000-8000-000000000000,completed,2026-06-27 14:24:57.674361+00:00,2026-06-27 14:24:57.823784+00:00
00000008-0026-4000-8000-000000000000,completed,2026-06-27 14:24:57.899316+00:00,2026-06-27 14:24:58.036234+00:00
00000012-0030-4000-8000-000000000000,completed,2026-06-27 14:25:03.163978+00:00,2026-06-27 14:25:03.300492+00:00
00000018-0027-4000-8000-000000000000,completed,2026-06-27 14:24:59.252667+00:00,2026-06-27 14:24:59.401433+00:00
00000032-0028-4000-8000-000000000000,completed,2026-06-27 14:25:01.015491+00:00,2026-06-27 14:25:01.157001+00:00
00000008-0028-4000-8000-000000000000,completed,2026-06-27 14:25:00.688674+00:00,2026-06-27 14:25:00.881438+00:00
00000024-0028-4000-8000-000000000000,completed,2026-06-27 14:25:00.799303+00:00,2026-06-27 14:25:00.962836+00:00
00000030-0028-4000-8000-000000000000,completed,2026-06-27 14:25:01.124925+00:00,2026-06-27 14:25:01.320976+00:00
00000019-0029-4000-8000-000000000000,completed,2026-06-27 14:25:02.311327+00:00,2026-06-27 14:25:02.463132+00:00
00000008-0030-4000-8000-000000000000,completed,2026-06-27 14:25:03.373444+00:00,2026-06-27 14:25:03.516156+00:00
00000029-0030-4000-8000-000000000000,completed,2026-06-27 14:25:03.584290+00:00,2026-06-27 14:25:03.736511+00:00
00000042-0030-4000-8000-000000000000,completed,2026-06-27 14:25:03.899996+00:00,2026-06-27 14:25:04.050228+00:00
00000049-0030-4000-8000-000000000000,completed,2026-06-27 14:25:04.213049+00:00,2026-06-27 14:25:04.355150+00:00
00000011-0032-4000-8000-000000000000,completed,2026-06-27 14:25:05.865432+00:00,2026-06-27 14:25:06.011485+00:00
00000043-0025-4000-8000-000000000000,completed,2026-06-27 14:24:57.271450+00:00,2026-06-27 14:24:57.403509+00:00
00000021-0022-4000-8000-000000000000,completed,2026-06-27 14:24:52.025658+00:00,2026-06-27 14:24:52.168915+00:00
00000019-0022-4000-8000-000000000000,completed,2026-06-27 14:24:52.272567+00:00,2026-06-27 14:24:52.435589+00:00
00000021-0030-4000-8000-000000000000,completed,2026-06-27 14:25:03.426661+00:00,2026-06-27 14:25:03.582987+00:00
00000037-0022-4000-8000-000000000000,completed,2026-06-27 14:24:52.520207+00:00,2026-06-27 14:24:52.676437+00:00
00000021-0026-4000-8000-000000000000,completed,2026-06-27 14:24:57.957253+00:00,2026-06-27 14:24:58.092359+00:00
00000008-0023-4000-8000-000000000000,completed,2026-06-27 14:24:53.496754+00:00,2026-06-27 14:24:53.647417+00:00
00000019-0028-4000-8000-000000000000,completed,2026-06-27 14:25:00.962271+00:00,2026-06-27 14:25:01.094626+00:00
00000032-0023-4000-8000-000000000000,completed,2026-06-27 14:24:53.860794+00:00,2026-06-27 14:24:53.991980+00:00
00000030-0023-4000-8000-000000000000,completed,2026-06-27 14:24:53.983400+00:00,2026-06-27 14:24:54.119651+00:00
00000036-0026-4000-8000-000000000000,completed,2026-06-27 14:24:58.297889+00:00,2026-06-27 14:24:58.456426+00:00
00000049-0023-4000-8000-000000000000,completed,2026-06-27 14:24:54.460398+00:00,2026-06-27 14:24:54.600110+00:00
00000004-0024-4000-8000-000000000000,completed,2026-06-27 14:24:54.580792+00:00,2026-06-27 14:24:54.718651+00:00
00000038-0024-4000-8000-000000000000,completed,2026-06-27 14:24:55.764517+00:00,2026-06-27 14:24:55.898060+00:00
00000003-0027-4000-8000-000000000000,completed,2026-06-27 14:24:58.861799+00:00,2026-06-27 14:24:59.030152+00:00
00000011-0025-4000-8000-000000000000,completed,2026-06-27 14:24:56.349133+00:00,2026-06-27 14:24:56.507727+00:00
00000048-0028-4000-8000-000000000000,completed,2026-06-27 14:25:01.506140+00:00,2026-06-27 14:25:01.656331+00:00
00000030-0027-4000-8000-000000000000,completed,2026-06-27 14:24:59.754762+00:00,2026-06-27 14:24:59.905819+00:00
00000004-0028-4000-8000-000000000000,completed,2026-06-27 14:25:00.304580+00:00,2026-06-27 14:25:00.442041+00:00
00000006-0030-4000-8000-000000000000,completed,2026-06-27 14:25:03.111224+00:00,2026-06-27 14:25:03.269671+00:00
00000021-0028-4000-8000-000000000000,completed,2026-06-27 14:25:00.744467+00:00,2026-06-27 14:25:00.887170+00:00
00000011-0029-4000-8000-000000000000,completed,2026-06-27 14:25:01.932383+00:00,2026-06-27 14:25:02.057543+00:00
00000032-0029-4000-8000-000000000000,completed,2026-06-27 14:25:02.366734+00:00,2026-06-27 14:25:02.509409+00:00
00000024-0029-4000-8000-000000000000,completed,2026-06-27 14:25:02.152031+00:00,2026-06-27 14:25:02.324995+00:00
00000030-0029-4000-8000-000000000000,completed,2026-06-27 14:25:02.477757+00:00,2026-06-27 14:25:02.618254+00:00
00000013-0030-4000-8000-000000000000,completed,2026-06-27 14:25:03.215758+00:00,2026-06-27 14:25:03.349911+00:00
00000037-0030-4000-8000-000000000000,completed,2026-06-27 14:25:04.057313+00:00,2026-06-27 14:25:04.237493+00:00
00000040-0030-4000-8000-000000000000,completed,2026-06-27 14:25:03.849602+00:00,2026-06-27 14:25:03.984575+00:00
00000008-0031-4000-8000-000000000000,completed,2026-06-27 14:25:04.680899+00:00,2026-06-27 14:25:04.834855+00:00
00000041-0032-4000-8000-000000000000,completed,2026-06-27 14:25:06.528244+00:00,2026-06-27 14:25:06.700776+00:00
00000048-0032-4000-8000-000000000000,completed,2026-06-27 14:25:06.729184+00:00,2026-06-27 14:25:06.882363+00:00
00000022-0036-4000-8000-000000000000,completed,2026-06-27 14:25:11.058371+00:00,2026-06-27 14:25:11.206127+00:00
00000015-0024-4000-8000-000000000000,completed,2026-06-27 14:24:54.847284+00:00,2026-06-27 14:24:54.991859+00:00
00000014-0028-4000-8000-000000000000,completed,2026-06-27 14:25:01.314894+00:00,2026-06-27 14:25:01.517787+00:00
00000045-0028-4000-8000-000000000000,completed,2026-06-27 14:25:01.422692+00:00,2026-06-27 14:25:01.622470+00:00
00000022-0024-4000-8000-000000000000,completed,2026-06-27 14:24:55.086973+00:00,2026-06-27 14:24:55.229472+00:00
00000025-0024-4000-8000-000000000000,completed,2026-06-27 14:24:55.204294+00:00,2026-06-27 14:24:55.346334+00:00
00000033-0024-4000-8000-000000000000,completed,2026-06-27 14:24:55.322173+00:00,2026-06-27 14:24:55.464905+00:00
00000022-0030-4000-8000-000000000000,completed,2026-06-27 14:25:03.453221+00:00,2026-06-27 14:25:03.584194+00:00
00000041-0024-4000-8000-000000000000,completed,2026-06-27 14:24:55.675390+00:00,2026-06-27 14:24:55.802965+00:00
00000010-0029-4000-8000-000000000000,completed,2026-06-27 14:25:01.855373+00:00,2026-06-27 14:25:02.012349+00:00
00000034-0025-4000-8000-000000000000,completed,2026-06-27 14:24:56.842047+00:00,2026-06-27 14:24:56.982183+00:00
00000009-0026-4000-8000-000000000000,completed,2026-06-27 14:24:57.643954+00:00,2026-06-27 14:24:57.788740+00:00
00000033-0026-4000-8000-000000000000,completed,2026-06-27 14:24:58.213752+00:00,2026-06-27 14:24:58.356044+00:00
00000001-0027-4000-8000-000000000000,completed,2026-06-27 14:24:59.000557+00:00,2026-06-27 14:24:59.153614+00:00
00000002-0032-4000-8000-000000000000,completed,2026-06-27 14:25:05.635363+00:00,2026-06-27 14:25:05.781859+00:00
00000017-0027-4000-8000-000000000000,completed,2026-06-27 14:24:59.223548+00:00,2026-06-27 14:24:59.350267+00:00
00000045-0030-4000-8000-000000000000,completed,2026-06-27 14:25:04.083805+00:00,2026-06-27 14:25:04.248281+00:00
00000034-0029-4000-8000-000000000000,completed,2026-06-27 14:25:02.394596+00:00,2026-06-27 14:25:02.538165+00:00
00000027-0029-4000-8000-000000000000,completed,2026-06-27 14:25:02.500489+00:00,2026-06-27 14:25:02.667566+00:00
00000044-0029-4000-8000-000000000000,completed,2026-06-27 14:25:02.603549+00:00,2026-06-27 14:25:02.743788+00:00
00000050-0029-4000-8000-000000000000,completed,2026-06-27 14:25:02.923081+00:00,2026-06-27 14:25:03.079433+00:00
00000046-0032-4000-8000-000000000000,completed,2026-06-27 14:25:06.756416+00:00,2026-06-27 14:25:06.900386+00:00
00000023-0031-4000-8000-000000000000,completed,2026-06-27 14:25:04.810622+00:00,2026-06-27 14:25:04.962935+00:00
00000028-0031-4000-8000-000000000000,completed,2026-06-27 14:25:04.916620+00:00,2026-06-27 14:25:05.074716+00:00
00000035-0032-4000-8000-000000000000,completed,2026-06-27 14:25:06.349477+00:00,2026-06-27 14:25:06.502280+00:00
00000039-0032-4000-8000-000000000000,completed,2026-06-27 14:25:06.450164+00:00,2026-06-27 14:25:06.599815+00:00
00000010-0035-4000-8000-000000000000,completed,2026-06-27 14:25:09.558922+00:00,2026-06-27 14:25:09.710071+00:00
00000044-0033-4000-8000-000000000000,completed,2026-06-27 14:25:07.757700+00:00,2026-06-27 14:25:07.916909+00:00
00000023-0035-4000-8000-000000000000,completed,2026-06-27 14:25:09.858699+00:00,2026-06-27 14:25:10.011884+00:00
00000047-0035-4000-8000-000000000000,completed,2026-06-27 14:25:10.461811+00:00,2026-06-27 14:25:10.617870+00:00
00000016-0036-4000-8000-000000000000,completed,2026-06-27 14:25:10.959051+00:00,2026-06-27 14:25:11.145945+00:00
00000022-0033-4000-8000-000000000000,completed,2026-06-27 14:25:07.307326+00:00,2026-06-27 14:25:07.460828+00:00
00000005-0030-4000-8000-000000000000,completed,2026-06-27 14:25:02.977332+00:00,2026-06-27 14:25:03.121551+00:00
00000020-0030-4000-8000-000000000000,completed,2026-06-27 14:25:03.399695+00:00,2026-06-27 14:25:03.560608+00:00
00000010-0034-4000-8000-000000000000,completed,2026-06-27 14:25:08.308269+00:00,2026-06-27 14:25:08.442887+00:00
00000023-0030-4000-8000-000000000000,completed,2026-06-27 14:25:03.506215+00:00,2026-06-27 14:25:03.683900+00:00
00000028-0030-4000-8000-000000000000,completed,2026-06-27 14:25:03.612455+00:00,2026-06-27 14:25:03.776624+00:00
00000009-0031-4000-8000-000000000000,completed,2026-06-27 14:25:04.447955+00:00,2026-06-27 14:25:04.602758+00:00
00000045-0035-4000-8000-000000000000,completed,2026-06-27 14:25:10.408682+00:00,2026-06-27 14:25:10.549446+00:00
00000046-0031-4000-8000-000000000000,completed,2026-06-27 14:25:05.481623+00:00,2026-06-27 14:25:05.644806+00:00
00000023-0034-4000-8000-000000000000,completed,2026-06-27 14:25:08.607961+00:00,2026-06-27 14:25:08.753485+00:00
00000010-0032-4000-8000-000000000000,completed,2026-06-27 14:25:05.787722+00:00,2026-06-27 14:25:05.941994+00:00
00000017-0032-4000-8000-000000000000,completed,2026-06-27 14:25:05.890123+00:00,2026-06-27 14:25:06.042610+00:00
00000034-0032-4000-8000-000000000000,completed,2026-06-27 14:25:06.297732+00:00,2026-06-27 14:25:06.436068+00:00
00000002-0033-4000-8000-000000000000,completed,2026-06-27 14:25:06.907418+00:00,2026-06-27 14:25:07.057832+00:00
00000005-0036-4000-8000-000000000000,completed,2026-06-27 14:25:10.608515+00:00,2026-06-27 14:25:10.754046+00:00
00000034-0034-4000-8000-000000000000,completed,2026-06-27 14:25:08.809103+00:00,2026-06-27 14:25:08.950921+00:00
00000027-0034-4000-8000-000000000000,completed,2026-06-27 14:25:08.907778+00:00,2026-06-27 14:25:09.060748+00:00
00000009-0035-4000-8000-000000000000,completed,2026-06-27 14:25:09.508735+00:00,2026-06-27 14:25:09.646421+00:00
00000035-0035-4000-8000-000000000000,completed,2026-06-27 14:25:10.109471+00:00,2026-06-27 14:25:10.281131+00:00
00000010-0036-4000-8000-000000000000,completed,2026-06-27 14:25:10.809899+00:00,2026-06-27 14:25:10.958755+00:00
00000009-0037-4000-8000-000000000000,completed,2026-06-27 14:25:12.008466+00:00,2026-06-27 14:25:12.174890+00:00
00000023-0036-4000-8000-000000000000,completed,2026-06-27 14:25:11.108779+00:00,2026-06-27 14:25:11.244842+00:00
00000015-0037-4000-8000-000000000000,completed,2026-06-27 14:25:12.107822+00:00,2026-06-27 14:25:12.267023+00:00
00000001-0038-4000-8000-000000000000,completed,2026-06-27 14:25:13.207510+00:00,2026-06-27 14:25:13.358338+00:00
00000022-0037-4000-8000-000000000000,completed,2026-06-27 14:25:12.309760+00:00,2026-06-27 14:25:12.463251+00:00
00000039-0037-4000-8000-000000000000,completed,2026-06-27 14:25:12.710118+00:00,2026-06-27 14:25:12.854238+00:00
00000014-0037-4000-8000-000000000000,completed,2026-06-27 14:25:12.808257+00:00,2026-06-27 14:25:12.957278+00:00
00000045-0037-4000-8000-000000000000,completed,2026-06-27 14:25:12.910901+00:00,2026-06-27 14:25:13.057255+00:00
00000028-0038-4000-8000-000000000000,completed,2026-06-27 14:25:13.711728+00:00,2026-06-27 14:25:13.850208+00:00
00000044-0038-4000-8000-000000000000,completed,2026-06-27 14:25:14.008136+00:00,2026-06-27 14:25:14.149719+00:00
00000047-0038-4000-8000-000000000000,completed,2026-06-27 14:25:14.209261+00:00,2026-06-27 14:25:14.356787+00:00
00000011-0036-4000-8000-000000000000,completed,2026-06-27 14:25:10.884533+00:00,2026-06-27 14:25:11.041639+00:00
00000013-0033-4000-8000-000000000000,completed,2026-06-27 14:25:07.082726+00:00,2026-06-27 14:25:07.223929+00:00
00000037-0033-4000-8000-000000000000,completed,2026-06-27 14:25:07.884253+00:00,2026-06-27 14:25:08.030100+00:00
00000048-0033-4000-8000-000000000000,completed,2026-06-27 14:25:07.985320+00:00,2026-06-27 14:25:08.133884+00:00
00000024-0036-4000-8000-000000000000,completed,2026-06-27 14:25:11.084102+00:00,2026-06-27 14:25:11.275770+00:00
00000007-0034-4000-8000-000000000000,completed,2026-06-27 14:25:08.185351+00:00,2026-06-27 14:25:08.326677+00:00
00000024-0034-4000-8000-000000000000,completed,2026-06-27 14:25:08.583167+00:00,2026-06-27 14:25:08.721242+00:00
00000026-0039-4000-8000-000000000000,completed,2026-06-27 14:25:14.884993+00:00,2026-06-27 14:25:15.035274+00:00
00000043-0036-4000-8000-000000000000,completed,2026-06-27 14:25:11.683810+00:00,2026-06-27 14:25:11.812956+00:00
00000032-0034-4000-8000-000000000000,completed,2026-06-27 14:25:08.785124+00:00,2026-06-27 14:25:08.931632+00:00
00000030-0034-4000-8000-000000000000,completed,2026-06-27 14:25:08.883863+00:00,2026-06-27 14:25:09.034459+00:00
00000043-0034-4000-8000-000000000000,completed,2026-06-27 14:25:09.183985+00:00,2026-06-27 14:25:09.333966+00:00
00000040-0035-4000-8000-000000000000,completed,2026-06-27 14:25:10.182677+00:00,2026-06-27 14:25:10.334148+00:00
00000019-0037-4000-8000-000000000000,completed,2026-06-27 14:25:12.484120+00:00,2026-06-27 14:25:12.636339+00:00
00000048-0035-4000-8000-000000000000,completed,2026-06-27 14:25:10.484732+00:00,2026-06-27 14:25:10.669044+00:00
00000032-0040-4000-8000-000000000000,completed,2026-06-27 14:25:16.288391+00:00,2026-06-27 14:25:16.432311+00:00
00000003-0038-4000-8000-000000000000,completed,2026-06-27 14:25:13.083370+00:00,2026-06-27 14:25:13.228852+00:00
00000008-0038-4000-8000-000000000000,completed,2026-06-27 14:25:13.483508+00:00,2026-06-27 14:25:13.633925+00:00
00000035-0039-4000-8000-000000000000,completed,2026-06-27 14:25:15.083005+00:00,2026-06-27 14:25:15.220245+00:00
00000049-0038-4000-8000-000000000000,completed,2026-06-27 14:25:14.283140+00:00,2026-06-27 14:25:14.420361+00:00
00000040-0039-4000-8000-000000000000,completed,2026-06-27 14:25:15.184382+00:00,2026-06-27 14:25:15.324727+00:00
00000011-0040-4000-8000-000000000000,completed,2026-06-27 14:25:15.884412+00:00,2026-06-27 14:25:16.032852+00:00
00000021-0041-4000-8000-000000000000,completed,2026-06-27 14:25:17.284163+00:00,2026-06-27 14:25:17.427780+00:00
00000012-0044-4000-8000-000000000000,completed,2026-06-27 14:25:20.785639+00:00,2026-06-27 14:25:20.946527+00:00
00000007-0042-4000-8000-000000000000,completed,2026-06-27 14:25:18.184300+00:00,2026-06-27 14:25:18.334211+00:00
00000041-0043-4000-8000-000000000000,completed,2026-06-27 14:25:20.285096+00:00,2026-06-27 14:25:20.438059+00:00
00000037-0043-4000-8000-000000000000,completed,2026-06-27 14:25:20.385102+00:00,2026-06-27 14:25:20.537576+00:00
00000029-0044-4000-8000-000000000000,completed,2026-06-27 14:25:21.186854+00:00,2026-06-27 14:25:21.335613+00:00
00000043-0044-4000-8000-000000000000,completed,2026-06-27 14:25:21.686009+00:00,2026-06-27 14:25:21.842920+00:00
00000004-0045-4000-8000-000000000000,completed,2026-06-27 14:25:21.883944+00:00,2026-06-27 14:25:22.035248+00:00
00000013-0045-4000-8000-000000000000,completed,2026-06-27 14:25:22.083112+00:00,2026-06-27 14:25:22.257441+00:00
00000049-0037-4000-8000-000000000000,completed,2026-06-27 14:25:13.034309+00:00,2026-06-27 14:25:13.180368+00:00
00000008-0033-4000-8000-000000000000,completed,2026-06-27 14:25:07.232908+00:00,2026-06-27 14:25:07.374206+00:00
00000030-0033-4000-8000-000000000000,completed,2026-06-27 14:25:07.632939+00:00,2026-06-27 14:25:07.788358+00:00
00000012-0039-4000-8000-000000000000,completed,2026-06-27 14:25:14.536914+00:00,2026-06-27 14:25:14.693452+00:00
00000006-0038-4000-8000-000000000000,completed,2026-06-27 14:25:13.233402+00:00,2026-06-27 14:25:13.401543+00:00
00000043-0033-4000-8000-000000000000,completed,2026-06-27 14:25:07.932680+00:00,2026-06-27 14:25:08.065252+00:00
00000049-0033-4000-8000-000000000000,completed,2026-06-27 14:25:08.037085+00:00,2026-06-27 14:25:08.201735+00:00
00000004-0034-4000-8000-000000000000,completed,2026-06-27 14:25:08.133843+00:00,2026-06-27 14:25:08.282832+00:00
00000011-0039-4000-8000-000000000000,completed,2026-06-27 14:25:14.633816+00:00,2026-06-27 14:25:14.781048+00:00
00000049-0035-4000-8000-000000000000,completed,2026-06-27 14:25:10.534133+00:00,2026-06-27 14:25:10.670681+00:00
00000021-0038-4000-8000-000000000000,completed,2026-06-27 14:25:13.534919+00:00,2026-06-27 14:25:13.680990+00:00
00000026-0036-4000-8000-000000000000,completed,2026-06-27 14:25:11.133666+00:00,2026-06-27 14:25:11.291352+00:00
00000007-0037-4000-8000-000000000000,completed,2026-06-27 14:25:11.934430+00:00,2026-06-27 14:25:12.086451+00:00
00000032-0037-4000-8000-000000000000,completed,2026-06-27 14:25:12.535214+00:00,2026-06-27 14:25:12.717851+00:00
00000019-0038-4000-8000-000000000000,completed,2026-06-27 14:25:13.735310+00:00,2026-06-27 14:25:13.875667+00:00
00000042-0037-4000-8000-000000000000,completed,2026-06-27 14:25:12.733224+00:00,2026-06-27 14:25:12.865829+00:00
00000030-0041-4000-8000-000000000000,completed,2026-06-27 14:25:17.633092+00:00,2026-06-27 14:25:17.774815+00:00
00000041-0038-4000-8000-000000000000,completed,2026-06-27 14:25:14.047169+00:00,2026-06-27 14:25:14.195871+00:00
00000013-0040-4000-8000-000000000000,completed,2026-06-27 14:25:15.834086+00:00,2026-06-27 14:25:15.993896+00:00
00000048-0038-4000-8000-000000000000,completed,2026-06-27 14:25:14.233579+00:00,2026-06-27 14:25:14.382793+00:00
00000024-0041-4000-8000-000000000000,completed,2026-06-27 14:25:17.333923+00:00,2026-06-27 14:25:17.469185+00:00
00000032-0039-4000-8000-000000000000,completed,2026-06-27 14:25:15.033145+00:00,2026-06-27 14:25:15.168070+00:00
00000030-0039-4000-8000-000000000000,completed,2026-06-27 14:25:15.134103+00:00,2026-06-27 14:25:15.278522+00:00
00000041-0040-4000-8000-000000000000,completed,2026-06-27 14:25:16.533856+00:00,2026-06-27 14:25:16.674539+00:00
00000049-0039-4000-8000-000000000000,completed,2026-06-27 14:25:15.533603+00:00,2026-06-27 14:25:15.686762+00:00
00000029-0041-4000-8000-000000000000,completed,2026-06-27 14:25:17.433444+00:00,2026-06-27 14:25:17.583949+00:00
00000006-0042-4000-8000-000000000000,completed,2026-06-27 14:25:18.233972+00:00,2026-06-27 14:25:18.387926+00:00
00000049-0041-4000-8000-000000000000,completed,2026-06-27 14:25:18.032894+00:00,2026-06-27 14:25:18.173842+00:00
00000004-0042-4000-8000-000000000000,completed,2026-06-27 14:25:18.136594+00:00,2026-06-27 14:25:18.264408+00:00
00000021-0042-4000-8000-000000000000,completed,2026-06-27 14:25:18.534003+00:00,2026-06-27 14:25:18.704242+00:00
00000019-0042-4000-8000-000000000000,completed,2026-06-27 14:25:18.733936+00:00,2026-06-27 14:25:18.890030+00:00
00000045-0036-4000-8000-000000000000,completed,2026-06-27 14:25:11.659363+00:00,2026-06-27 14:25:11.807906+00:00
00000001-0041-4000-8000-000000000000,completed,2026-06-27 14:25:16.958896+00:00,2026-06-27 14:25:17.104875+00:00
00000023-0037-4000-8000-000000000000,completed,2026-06-27 14:25:12.358358+00:00,2026-06-27 14:25:12.512707+00:00
00000010-0041-4000-8000-000000000000,completed,2026-06-27 14:25:17.059008+00:00,2026-06-27 14:25:17.215704+00:00
00000027-0037-4000-8000-000000000000,completed,2026-06-27 14:25:12.660710+00:00,2026-06-27 14:25:12.804390+00:00
00000016-0038-4000-8000-000000000000,completed,2026-06-27 14:25:13.459643+00:00,2026-06-27 14:25:13.610364+00:00
00000002-0044-4000-8000-000000000000,completed,2026-06-27 14:25:20.659814+00:00,2026-06-27 14:25:20.826131+00:00
00000020-0039-4000-8000-000000000000,completed,2026-06-27 14:25:14.759316+00:00,2026-06-27 14:25:14.906088+00:00
00000038-0041-4000-8000-000000000000,completed,2026-06-27 14:25:17.858467+00:00,2026-06-27 14:25:17.993159+00:00
00000034-0039-4000-8000-000000000000,completed,2026-06-27 14:25:15.060326+00:00,2026-06-27 14:25:15.205441+00:00
00000027-0039-4000-8000-000000000000,completed,2026-06-27 14:25:15.158508+00:00,2026-06-27 14:25:15.301885+00:00
00000009-0040-4000-8000-000000000000,completed,2026-06-27 14:25:15.760031+00:00,2026-06-27 14:25:15.912931+00:00
00000039-0040-4000-8000-000000000000,completed,2026-06-27 14:25:16.458387+00:00,2026-06-27 14:25:16.592802+00:00
00000050-0045-4000-8000-000000000000,completed,2026-06-27 14:25:23.058509+00:00,2026-06-27 14:25:23.205372+00:00
00000045-0040-4000-8000-000000000000,completed,2026-06-27 14:25:16.658232+00:00,2026-06-27 14:25:16.802569+00:00
00000046-0044-4000-8000-000000000000,completed,2026-06-27 14:25:21.758570+00:00,2026-06-27 14:25:21.912687+00:00
00000045-0042-4000-8000-000000000000,completed,2026-06-27 14:25:19.159167+00:00,2026-06-27 14:25:19.323637+00:00
00000046-0042-4000-8000-000000000000,completed,2026-06-27 14:25:19.261008+00:00,2026-06-27 14:25:19.397571+00:00
00000034-0043-4000-8000-000000000000,completed,2026-06-27 14:25:20.061659+00:00,2026-06-27 14:25:20.217902+00:00
00000027-0043-4000-8000-000000000000,completed,2026-06-27 14:25:20.157440+00:00,2026-06-27 14:25:20.293020+00:00
00000010-0045-4000-8000-000000000000,completed,2026-06-27 14:25:22.059270+00:00,2026-06-27 14:25:22.201032+00:00
00000050-0047-4000-8000-000000000000,completed,2026-06-27 14:25:25.557846+00:00,2026-06-27 14:25:25.699143+00:00
00000023-0045-4000-8000-000000000000,completed,2026-06-27 14:25:22.360657+00:00,2026-06-27 14:25:22.507790+00:00
00000016-0046-4000-8000-000000000000,completed,2026-06-27 14:25:23.458864+00:00,2026-06-27 14:25:23.604714+00:00
00000023-0047-4000-8000-000000000000,completed,2026-06-27 14:25:24.857962+00:00,2026-06-27 14:25:24.990186+00:00
00000005-0049-4000-8000-000000000000,completed,2026-06-27 14:25:26.859713+00:00,2026-06-27 14:25:26.992751+00:00
00000014-0048-4000-8000-000000000000,completed,2026-06-27 14:25:26.558954+00:00,2026-06-27 14:25:26.722123+00:00
00000023-0049-4000-8000-000000000000,completed,2026-06-27 14:25:27.358142+00:00,2026-06-27 14:25:27.491566+00:00
00000014-0043-4000-8000-000000000000,completed,2026-06-27 14:25:20.313559+00:00,2026-06-27 14:25:20.465889+00:00
00000036-0039-4000-8000-000000000000,completed,2026-06-27 14:25:15.109452+00:00,2026-06-27 14:25:15.250011+00:00
00000046-0039-4000-8000-000000000000,completed,2026-06-27 14:25:15.511352+00:00,2026-06-27 14:25:15.645203+00:00
00000002-0049-4000-8000-000000000000,completed,2026-06-27 14:25:26.908661+00:00,2026-06-27 14:25:27.065875+00:00
00000038-0040-4000-8000-000000000000,completed,2026-06-27 14:25:16.611475+00:00,2026-06-27 14:25:16.749128+00:00
00000046-0043-4000-8000-000000000000,completed,2026-06-27 14:25:20.512402+00:00,2026-06-27 14:25:20.657806+00:00
00000002-0041-4000-8000-000000000000,completed,2026-06-27 14:25:16.908327+00:00,2026-06-27 14:25:17.057675+00:00
00000046-0041-4000-8000-000000000000,completed,2026-06-27 14:25:18.008413+00:00,2026-06-27 14:25:18.144924+00:00
00000034-0046-4000-8000-000000000000,completed,2026-06-27 14:25:23.809752+00:00,2026-06-27 14:25:23.958755+00:00
00000027-0042-4000-8000-000000000000,completed,2026-06-27 14:25:18.909402+00:00,2026-06-27 14:25:19.066556+00:00
00000034-0044-4000-8000-000000000000,completed,2026-06-27 14:25:21.308612+00:00,2026-06-27 14:25:21.471407+00:00
00000038-0042-4000-8000-000000000000,completed,2026-06-27 14:25:19.108930+00:00,2026-06-27 14:25:19.247030+00:00
00000016-0043-4000-8000-000000000000,completed,2026-06-27 14:25:19.709214+00:00,2026-06-27 14:25:19.869921+00:00
00000025-0043-4000-8000-000000000000,completed,2026-06-27 14:25:19.909669+00:00,2026-06-27 14:25:20.070001+00:00
00000047-0044-4000-8000-000000000000,completed,2026-06-27 14:25:21.709115+00:00,2026-06-27 14:25:21.833289+00:00
00000036-0043-4000-8000-000000000000,completed,2026-06-27 14:25:20.109816+00:00,2026-06-27 14:25:20.269603+00:00
00000038-0046-4000-8000-000000000000,completed,2026-06-27 14:25:24.109414+00:00,2026-06-27 14:25:24.247287+00:00
00000002-0045-4000-8000-000000000000,completed,2026-06-27 14:25:21.908271+00:00,2026-06-27 14:25:22.058155+00:00
00000016-0045-4000-8000-000000000000,completed,2026-06-27 14:25:22.209989+00:00,2026-06-27 14:25:22.350541+00:00
00000045-0047-4000-8000-000000000000,completed,2026-06-27 14:25:25.409616+00:00,2026-06-27 14:25:25.557032+00:00
00000017-0046-4000-8000-000000000000,completed,2026-06-27 14:25:23.408987+00:00,2026-06-27 14:25:23.571924+00:00
00000033-0047-4000-8000-000000000000,completed,2026-06-27 14:25:25.008846+00:00,2026-06-27 14:25:25.140003+00:00
00000050-0046-4000-8000-000000000000,completed,2026-06-27 14:25:24.307876+00:00,2026-06-27 14:25:24.446797+00:00
00000002-0047-4000-8000-000000000000,completed,2026-06-27 14:25:24.409056+00:00,2026-06-27 14:25:24.548101+00:00
00000036-0047-4000-8000-000000000000,completed,2026-06-27 14:25:25.109215+00:00,2026-06-27 14:25:25.257044+00:00
00000046-0047-4000-8000-000000000000,completed,2026-06-27 14:25:25.510165+00:00,2026-06-27 14:25:25.638465+00:00
00000019-0046-4000-8000-000000000000,completed,2026-06-27 14:25:23.735805+00:00,2026-06-27 14:25:23.885103+00:00
00000007-0043-4000-8000-000000000000,completed,2026-06-27 14:25:19.433382+00:00,2026-06-27 14:25:19.565141+00:00
00000012-0043-4000-8000-000000000000,completed,2026-06-27 14:25:19.532844+00:00,2026-06-27 14:25:19.674116+00:00
00000008-0043-4000-8000-000000000000,completed,2026-06-27 14:25:19.733400+00:00,2026-06-27 14:25:19.906488+00:00
00000037-0046-4000-8000-000000000000,completed,2026-06-27 14:25:24.133555+00:00,2026-06-27 14:25:24.300435+00:00
00000030-0043-4000-8000-000000000000,completed,2026-06-27 14:25:20.132873+00:00,2026-06-27 14:25:20.299074+00:00
00000018-0044-4000-8000-000000000000,completed,2026-06-27 14:25:20.934668+00:00,2026-06-27 14:25:21.094268+00:00
00000035-0048-4000-8000-000000000000,completed,2026-06-27 14:25:26.335444+00:00,2026-06-27 14:25:26.483153+00:00
00000007-0047-4000-8000-000000000000,completed,2026-06-27 14:25:24.434667+00:00,2026-06-27 14:25:24.573035+00:00
00000026-0044-4000-8000-000000000000,completed,2026-06-27 14:25:21.134717+00:00,2026-06-27 14:25:21.299967+00:00
00000019-0044-4000-8000-000000000000,completed,2026-06-27 14:25:21.236639+00:00,2026-06-27 14:25:21.378983+00:00
00000037-0044-4000-8000-000000000000,completed,2026-06-27 14:25:21.634799+00:00,2026-06-27 14:25:21.796281+00:00
00000030-0045-4000-8000-000000000000,completed,2026-06-27 14:25:22.642426+00:00,2026-06-27 14:25:22.797437+00:00
00000004-0046-4000-8000-000000000000,completed,2026-06-27 14:25:23.135183+00:00,2026-06-27 14:25:23.282745+00:00
00000029-0047-4000-8000-000000000000,completed,2026-06-27 14:25:24.934312+00:00,2026-06-27 14:25:25.068273+00:00
00000032-0047-4000-8000-000000000000,completed,2026-06-27 14:25:25.034362+00:00,2026-06-27 14:25:25.181139+00:00
00000042-0047-4000-8000-000000000000,completed,2026-06-27 14:25:25.235006+00:00,2026-06-27 14:25:25.384352+00:00
00000004-0048-4000-8000-000000000000,completed,2026-06-27 14:25:25.633783+00:00,2026-06-27 14:25:25.777987+00:00
00000048-0047-4000-8000-000000000000,completed,2026-06-27 14:25:25.482879+00:00,2026-06-27 14:25:25.630591+00:00
00000018-0045-4000-8000-000000000000,completed,2026-06-27 14:25:22.185140+00:00,2026-06-27 14:25:22.330512+00:00
00000003-0046-4000-8000-000000000000,completed,2026-06-27 14:25:23.084054+00:00,2026-06-27 14:25:23.218605+00:00
00000021-0050-4000-8000-000000000000,completed,2026-06-27 14:25:28.534324+00:00,2026-06-27 14:25:28.672366+00:00
00000008-0046-4000-8000-000000000000,completed,2026-06-27 14:25:23.484677+00:00,2026-06-27 14:25:23.625569+00:00
00000008-0048-4000-8000-000000000000,completed,2026-06-27 14:25:25.984591+00:00,2026-06-27 14:25:26.145108+00:00
00000032-0046-4000-8000-000000000000,completed,2026-06-27 14:25:23.784648+00:00,2026-06-27 14:25:23.916080+00:00
00000030-0046-4000-8000-000000000000,completed,2026-06-27 14:25:23.885025+00:00,2026-06-27 14:25:24.028296+00:00
00000038-0049-4000-8000-000000000000,completed,2026-06-27 14:25:27.859757+00:00,2026-06-27 14:25:28.002302+00:00
00000043-0046-4000-8000-000000000000,completed,2026-06-27 14:25:24.185596+00:00,2026-06-27 14:25:24.325695+00:00
00000004-0049-4000-8000-000000000000,completed,2026-06-27 14:25:26.885282+00:00,2026-06-27 14:25:27.035291+00:00
00000004-0047-4000-8000-000000000000,completed,2026-06-27 14:25:24.384077+00:00,2026-06-27 14:25:24.531012+00:00
00000013-0047-4000-8000-000000000000,completed,2026-06-27 14:25:24.583732+00:00,2026-06-27 14:25:24.757574+00:00
00000035-0047-4000-8000-000000000000,completed,2026-06-27 14:25:25.083193+00:00,2026-06-27 14:25:25.213524+00:00
00000013-0049-4000-8000-000000000000,completed,2026-06-27 14:25:27.083663+00:00,2026-06-27 14:25:27.240346+00:00
00000037-0047-4000-8000-000000000000,completed,2026-06-27 14:25:25.384415+00:00,2026-06-27 14:25:25.515846+00:00
00000050-0049-4000-8000-000000000000,completed,2026-06-27 14:25:28.060287+00:00,2026-06-27 14:25:28.216975+00:00
00000028-0049-4000-8000-000000000000,completed,2026-06-27 14:25:27.458699+00:00,2026-06-27 14:25:27.610134+00:00
00000048-0050-4000-8000-000000000000,completed,2026-06-27 14:25:29.234465+00:00,2026-06-27 14:25:29.372512+00:00
00000036-0049-4000-8000-000000000000,completed,2026-06-27 14:25:27.610708+00:00,2026-06-27 14:25:27.758165+00:00
00000040-0049-4000-8000-000000000000,completed,2026-06-27 14:25:27.685141+00:00,2026-06-27 14:25:27.838722+00:00
00000009-0050-4000-8000-000000000000,completed,2026-06-27 14:25:28.258775+00:00,2026-06-27 14:25:28.398250+00:00
00000041-0050-4000-8000-000000000000,completed,2026-06-27 14:25:29.034943+00:00,2026-06-27 14:25:29.181309+00:00
00000023-0050-4000-8000-000000000000,completed,2026-06-27 14:25:28.608858+00:00,2026-06-27 14:25:28.750361+00:00
00000019-0050-4000-8000-000000000000,completed,2026-06-27 14:25:28.734259+00:00,2026-06-27 14:25:28.887129+00:00
00000044-0050-4000-8000-000000000000,completed,2026-06-27 14:25:29.009838+00:00,2026-06-27 14:25:29.150098+00:00
00000027-0050-4000-8000-000000000000,completed,2026-06-27 14:25:28.908961+00:00,2026-06-27 14:25:29.062560+00:00
00000042-0050-4000-8000-000000000000,completed,2026-06-27 14:25:28.984590+00:00,2026-06-27 14:25:29.119625+00:00
00000038-0050-4000-8000-000000000000,completed,2026-06-27 14:25:29.124298+00:00,2026-06-27 14:25:29.288827+00:00
00000004-0051-4000-8000-000000000000,completed,2026-06-27 14:25:29.382782+00:00,2026-06-27 14:25:29.525882+00:00
00000049-0050-4000-8000-000000000000,completed,2026-06-27 14:25:29.285079+00:00,2026-06-27 14:25:29.426848+00:00
00000050-0053-4000-8000-000000000000,completed,2026-06-27 14:25:33.061098+00:00,2026-06-27 14:25:33.199709+00:00
00000005-0051-4000-8000-000000000000,completed,2026-06-27 14:25:29.359673+00:00,2026-06-27 14:25:29.494095+00:00
00000001-0051-4000-8000-000000000000,completed,2026-06-27 14:25:29.463105+00:00,2026-06-27 14:25:29.633521+00:00
00000033-0060-4000-8000-000000000000,completed,2026-06-27 14:25:41.263039+00:00,2026-06-27 14:25:41.415018+00:00
00000017-0051-4000-8000-000000000000,completed,2026-06-27 14:25:29.660266+00:00,2026-06-27 14:25:29.792311+00:00
00000044-0051-4000-8000-000000000000,completed,2026-06-27 14:25:30.261879+00:00,2026-06-27 14:25:30.407485+00:00
00000045-0056-4000-8000-000000000000,completed,2026-06-27 14:25:36.658634+00:00,2026-06-27 14:25:36.827092+00:00
00000047-0051-4000-8000-000000000000,completed,2026-06-27 14:25:30.462168+00:00,2026-06-27 14:25:30.611965+00:00
00000039-0054-4000-8000-000000000000,completed,2026-06-27 14:25:33.963455+00:00,2026-06-27 14:25:34.106399+00:00
00000022-0052-4000-8000-000000000000,completed,2026-06-27 14:25:31.059061+00:00,2026-06-27 14:25:31.219725+00:00
00000014-0054-4000-8000-000000000000,completed,2026-06-27 14:25:34.060345+00:00,2026-06-27 14:25:34.213668+00:00
00000039-0052-4000-8000-000000000000,completed,2026-06-27 14:25:31.459151+00:00,2026-06-27 14:25:31.599366+00:00
00000046-0052-4000-8000-000000000000,completed,2026-06-27 14:25:31.759814+00:00,2026-06-27 14:25:31.912806+00:00
00000010-0055-4000-8000-000000000000,completed,2026-06-27 14:25:34.558977+00:00,2026-06-27 14:25:34.715399+00:00
00000023-0053-4000-8000-000000000000,completed,2026-06-27 14:25:32.358735+00:00,2026-06-27 14:25:32.505681+00:00
00000028-0053-4000-8000-000000000000,completed,2026-06-27 14:25:32.458829+00:00,2026-06-27 14:25:32.598774+00:00
00000002-0058-4000-8000-000000000000,completed,2026-06-27 14:25:38.158637+00:00,2026-06-27 14:25:38.298330+00:00
00000001-0057-4000-8000-000000000000,completed,2026-06-27 14:25:36.958493+00:00,2026-06-27 14:25:37.096573+00:00
00000044-0055-4000-8000-000000000000,completed,2026-06-27 14:25:35.259633+00:00,2026-06-27 14:25:35.396506+00:00
00000025-0056-4000-8000-000000000000,completed,2026-06-27 14:25:36.158553+00:00,2026-06-27 14:25:36.321889+00:00
00000039-0056-4000-8000-000000000000,completed,2026-06-27 14:25:36.458448+00:00,2026-06-27 14:25:36.597399+00:00
00000017-0057-4000-8000-000000000000,completed,2026-06-27 14:25:37.158543+00:00,2026-06-27 14:25:37.302958+00:00
00000023-0057-4000-8000-000000000000,completed,2026-06-27 14:25:37.362818+00:00,2026-06-27 14:25:37.506166+00:00
00000015-0058-4000-8000-000000000000,completed,2026-06-27 14:25:38.361504+00:00,2026-06-27 14:25:38.540561+00:00
00000034-0059-4000-8000-000000000000,completed,2026-06-27 14:25:40.065454+00:00,2026-06-27 14:25:40.212679+00:00
00000039-0058-4000-8000-000000000000,completed,2026-06-27 14:25:38.959010+00:00,2026-06-27 14:25:39.102435+00:00
00000010-0059-4000-8000-000000000000,completed,2026-06-27 14:25:39.558485+00:00,2026-06-27 14:25:39.728960+00:00
00000017-0059-4000-8000-000000000000,completed,2026-06-27 14:25:39.658904+00:00,2026-06-27 14:25:39.800924+00:00
00000047-0059-4000-8000-000000000000,completed,2026-06-27 14:25:40.460315+00:00,2026-06-27 14:25:40.638304+00:00
00000025-0060-4000-8000-000000000000,completed,2026-06-27 14:25:41.158939+00:00,2026-06-27 14:25:41.297696+00:00
00000046-0060-4000-8000-000000000000,completed,2026-06-27 14:25:41.758829+00:00,2026-06-27 14:25:41.895010+00:00
00000030-0054-4000-8000-000000000000,completed,2026-06-27 14:25:33.885344+00:00,2026-06-27 14:25:34.029347+00:00
00000006-0051-4000-8000-000000000000,completed,2026-06-27 14:25:29.485808+00:00,2026-06-27 14:25:29.668264+00:00
00000013-0051-4000-8000-000000000000,completed,2026-06-27 14:25:29.583790+00:00,2026-06-27 14:25:29.735639+00:00
00000008-0052-4000-8000-000000000000,completed,2026-06-27 14:25:30.994456+00:00,2026-06-27 14:25:31.157274+00:00
00000004-0055-4000-8000-000000000000,completed,2026-06-27 14:25:34.385731+00:00,2026-06-27 14:25:34.533369+00:00
00000032-0052-4000-8000-000000000000,completed,2026-06-27 14:25:31.285836+00:00,2026-06-27 14:25:31.460651+00:00
00000006-0053-4000-8000-000000000000,completed,2026-06-27 14:25:31.984908+00:00,2026-06-27 14:25:32.120391+00:00
00000037-0057-4000-8000-000000000000,completed,2026-06-27 14:25:37.885905+00:00,2026-06-27 14:25:38.026569+00:00
00000019-0053-4000-8000-000000000000,completed,2026-06-27 14:25:32.484411+00:00,2026-06-27 14:25:32.630789+00:00
00000026-0055-4000-8000-000000000000,completed,2026-06-27 14:25:34.884104+00:00,2026-06-27 14:25:35.023831+00:00
00000037-0053-4000-8000-000000000000,completed,2026-06-27 14:25:32.884037+00:00,2026-06-27 14:25:33.017945+00:00
00000048-0053-4000-8000-000000000000,completed,2026-06-27 14:25:32.984841+00:00,2026-06-27 14:25:33.156743+00:00
00000007-0054-4000-8000-000000000000,completed,2026-06-27 14:25:33.184361+00:00,2026-06-27 14:25:33.331741+00:00
00000024-0054-4000-8000-000000000000,completed,2026-06-27 14:25:33.583550+00:00,2026-06-27 14:25:33.723327+00:00
00000041-0059-4000-8000-000000000000,completed,2026-06-27 14:25:40.283644+00:00,2026-06-27 14:25:40.456370+00:00
00000003-0058-4000-8000-000000000000,completed,2026-06-27 14:25:38.092478+00:00,2026-06-27 14:25:38.236806+00:00
00000048-0055-4000-8000-000000000000,completed,2026-06-27 14:25:35.482698+00:00,2026-06-27 14:25:35.622261+00:00
00000003-0056-4000-8000-000000000000,completed,2026-06-27 14:25:35.584747+00:00,2026-06-27 14:25:35.714621+00:00
00000031-0056-4000-8000-000000000000,completed,2026-06-27 14:25:36.584356+00:00,2026-06-27 14:25:36.731269+00:00
00000035-0057-4000-8000-000000000000,completed,2026-06-27 14:25:37.584573+00:00,2026-06-27 14:25:37.741439+00:00
00000049-0058-4000-8000-000000000000,completed,2026-06-27 14:25:39.284142+00:00,2026-06-27 14:25:39.450422+00:00
00000043-0060-4000-8000-000000000000,completed,2026-06-27 14:25:41.684300+00:00,2026-06-27 14:25:41.863328+00:00
00000006-0059-4000-8000-000000000000,completed,2026-06-27 14:25:39.485071+00:00,2026-06-27 14:25:39.654593+00:00
00000012-0060-4000-8000-000000000000,completed,2026-06-27 14:25:40.785821+00:00,2026-06-27 14:25:40.929950+00:00
00000030-0060-4000-8000-000000000000,completed,2026-06-27 14:25:41.384737+00:00,2026-06-27 14:25:41.538996+00:00
00000011-0062-4000-8000-000000000000,completed,2026-06-27 14:25:43.386876+00:00,2026-06-27 14:25:43.523035+00:00
00000021-0061-4000-8000-000000000000,completed,2026-06-27 14:25:42.284920+00:00,2026-06-27 14:25:42.440730+00:00
00000006-0063-4000-8000-000000000000,completed,2026-06-27 14:25:44.483256+00:00,2026-06-27 14:25:44.630087+00:00
00000037-0063-4000-8000-000000000000,completed,2026-06-27 14:25:45.386302+00:00,2026-06-27 14:25:45.525739+00:00
00000007-0064-4000-8000-000000000000,completed,2026-06-27 14:25:45.684878+00:00,2026-06-27 14:25:45.862915+00:00
00000029-0064-4000-8000-000000000000,completed,2026-06-27 14:25:46.187019+00:00,2026-06-27 14:25:46.342304+00:00
00000005-0054-4000-8000-000000000000,completed,2026-06-27 14:25:33.112672+00:00,2026-06-27 14:25:33.247503+00:00
00000016-0051-4000-8000-000000000000,completed,2026-06-27 14:25:29.711800+00:00,2026-06-27 14:25:29.853454+00:00
00000025-0051-4000-8000-000000000000,completed,2026-06-27 14:25:29.913916+00:00,2026-06-27 14:25:30.069853+00:00
00000010-0060-4000-8000-000000000000,completed,2026-06-27 14:25:40.808199+00:00,2026-06-27 14:25:40.960942+00:00
00000023-0054-4000-8000-000000000000,completed,2026-06-27 14:25:33.613575+00:00,2026-06-27 14:25:33.749851+00:00
00000014-0051-4000-8000-000000000000,completed,2026-06-27 14:25:30.311890+00:00,2026-06-27 14:25:30.455166+00:00
00000045-0051-4000-8000-000000000000,completed,2026-06-27 14:25:30.425273+00:00,2026-06-27 14:25:30.554534+00:00
00000005-0052-4000-8000-000000000000,completed,2026-06-27 14:25:30.613222+00:00,2026-06-27 14:25:30.748042+00:00
00000020-0056-4000-8000-000000000000,completed,2026-06-27 14:25:36.008425+00:00,2026-06-27 14:25:36.145706+00:00
00000010-0052-4000-8000-000000000000,completed,2026-06-27 14:25:30.820088+00:00,2026-06-27 14:25:30.978441+00:00
00000034-0054-4000-8000-000000000000,completed,2026-06-27 14:25:33.809096+00:00,2026-06-27 14:25:33.962299+00:00
00000009-0053-4000-8000-000000000000,completed,2026-06-27 14:25:32.009965+00:00,2026-06-27 14:25:32.140468+00:00
00000015-0053-4000-8000-000000000000,completed,2026-06-27 14:25:32.108284+00:00,2026-06-27 14:25:32.269892+00:00
00000047-0054-4000-8000-000000000000,completed,2026-06-27 14:25:34.209376+00:00,2026-06-27 14:25:34.362391+00:00
00000033-0053-4000-8000-000000000000,completed,2026-06-27 14:25:32.509755+00:00,2026-06-27 14:25:32.679567+00:00
00000036-0053-4000-8000-000000000000,completed,2026-06-27 14:25:32.608130+00:00,2026-06-27 14:25:32.749209+00:00
00000015-0057-4000-8000-000000000000,completed,2026-06-27 14:25:37.110222+00:00,2026-06-27 14:25:37.259776+00:00
00000034-0056-4000-8000-000000000000,completed,2026-06-27 14:25:36.310083+00:00,2026-06-27 14:25:36.457168+00:00
00000009-0055-4000-8000-000000000000,completed,2026-06-27 14:25:34.508847+00:00,2026-06-27 14:25:34.664692+00:00
00000036-0055-4000-8000-000000000000,completed,2026-06-27 14:25:35.108988+00:00,2026-06-27 14:25:35.254515+00:00
00000039-0055-4000-8000-000000000000,completed,2026-06-27 14:25:35.208427+00:00,2026-06-27 14:25:35.340454+00:00
00000050-0058-4000-8000-000000000000,completed,2026-06-27 14:25:39.311303+00:00,2026-06-27 14:25:39.454032+00:00
00000047-0056-4000-8000-000000000000,completed,2026-06-27 14:25:36.717645+00:00,2026-06-27 14:25:36.872704+00:00
00000050-0056-4000-8000-000000000000,completed,2026-06-27 14:25:36.807905+00:00,2026-06-27 14:25:36.955652+00:00
00000020-0058-4000-8000-000000000000,completed,2026-06-27 14:25:38.508942+00:00,2026-06-27 14:25:38.635948+00:00
00000027-0058-4000-8000-000000000000,completed,2026-06-27 14:25:38.910404+00:00,2026-06-27 14:25:39.051011+00:00
00000039-0059-4000-8000-000000000000,completed,2026-06-27 14:25:40.208428+00:00,2026-06-27 14:25:40.340330+00:00
00000014-0059-4000-8000-000000000000,completed,2026-06-27 14:25:40.309708+00:00,2026-06-27 14:25:40.454258+00:00
00000027-0060-4000-8000-000000000000,completed,2026-06-27 14:25:41.416415+00:00,2026-06-27 14:25:41.572613+00:00
00000001-0060-4000-8000-000000000000,completed,2026-06-27 14:25:40.712224+00:00,2026-06-27 14:25:40.853909+00:00
00000034-0060-4000-8000-000000000000,completed,2026-06-27 14:25:41.313915+00:00,2026-06-27 14:25:41.465772+00:00
00000029-0055-4000-8000-000000000000,completed,2026-06-27 14:25:34.933257+00:00,2026-06-27 14:25:35.074550+00:00
00000024-0051-4000-8000-000000000000,completed,2026-06-27 14:25:29.835902+00:00,2026-06-27 14:25:29.973912+00:00
00000042-0051-4000-8000-000000000000,completed,2026-06-27 14:25:30.258344+00:00,2026-06-27 14:25:30.391122+00:00
00000041-0062-4000-8000-000000000000,completed,2026-06-27 14:25:44.036345+00:00,2026-06-27 14:25:44.167244+00:00
00000006-0052-4000-8000-000000000000,completed,2026-06-27 14:25:30.734792+00:00,2026-06-27 14:25:30.888679+00:00
00000043-0055-4000-8000-000000000000,completed,2026-06-27 14:25:35.432915+00:00,2026-06-27 14:25:35.569734+00:00
00000029-0053-4000-8000-000000000000,completed,2026-06-27 14:25:32.436241+00:00,2026-06-27 14:25:32.621648+00:00
00000031-0053-4000-8000-000000000000,completed,2026-06-27 14:25:32.833664+00:00,2026-06-27 14:25:33.004687+00:00
00000019-0058-4000-8000-000000000000,completed,2026-06-27 14:25:38.737991+00:00,2026-06-27 14:25:38.899106+00:00
00000013-0054-4000-8000-000000000000,completed,2026-06-27 14:25:33.333283+00:00,2026-06-27 14:25:33.473112+00:00
00000021-0056-4000-8000-000000000000,completed,2026-06-27 14:25:36.034638+00:00,2026-06-27 14:25:36.181990+00:00
00000021-0054-4000-8000-000000000000,completed,2026-06-27 14:25:33.535183+00:00,2026-06-27 14:25:33.665240+00:00
00000037-0054-4000-8000-000000000000,completed,2026-06-27 14:25:34.137065+00:00,2026-06-27 14:25:34.284832+00:00
00000011-0055-4000-8000-000000000000,completed,2026-06-27 14:25:34.634503+00:00,2026-06-27 14:25:34.791717+00:00
00000019-0056-4000-8000-000000000000,completed,2026-06-27 14:25:36.233336+00:00,2026-06-27 14:25:36.389493+00:00
00000007-0061-4000-8000-000000000000,completed,2026-06-27 14:25:41.933006+00:00,2026-06-27 14:25:42.091712+00:00
00000024-0055-4000-8000-000000000000,completed,2026-06-27 14:25:34.835147+00:00,2026-06-27 14:25:34.973799+00:00
00000003-0059-4000-8000-000000000000,completed,2026-06-27 14:25:39.334208+00:00,2026-06-27 14:25:39.474502+00:00
00000007-0057-4000-8000-000000000000,completed,2026-06-27 14:25:36.933238+00:00,2026-06-27 14:25:37.066673+00:00
00000029-0057-4000-8000-000000000000,completed,2026-06-27 14:25:37.433235+00:00,2026-06-27 14:25:37.587237+00:00
00000013-0058-4000-8000-000000000000,completed,2026-06-27 14:25:38.334031+00:00,2026-06-27 14:25:38.498005+00:00
00000018-0060-4000-8000-000000000000,completed,2026-06-27 14:25:40.932944+00:00,2026-06-27 14:25:41.080149+00:00
00000037-0060-4000-8000-000000000000,completed,2026-06-27 14:25:41.634898+00:00,2026-06-27 14:25:41.783791+00:00
00000008-0061-4000-8000-000000000000,completed,2026-06-27 14:25:42.239477+00:00,2026-06-27 14:25:42.369843+00:00
00000029-0061-4000-8000-000000000000,completed,2026-06-27 14:25:42.433575+00:00,2026-06-27 14:25:42.587486+00:00
00000049-0061-4000-8000-000000000000,completed,2026-06-27 14:25:43.034644+00:00,2026-06-27 14:25:43.190302+00:00
00000004-0062-4000-8000-000000000000,completed,2026-06-27 14:25:43.137035+00:00,2026-06-27 14:25:43.295942+00:00
00000040-0062-4000-8000-000000000000,completed,2026-06-27 14:25:43.934235+00:00,2026-06-27 14:25:44.077357+00:00
00000008-0063-4000-8000-000000000000,completed,2026-06-27 14:25:44.733302+00:00,2026-06-27 14:25:44.880641+00:00
00000042-0063-4000-8000-000000000000,completed,2026-06-27 14:25:45.232361+00:00,2026-06-27 14:25:45.388338+00:00
00000013-0064-4000-8000-000000000000,completed,2026-06-27 14:25:45.834244+00:00,2026-06-27 14:25:45.984376+00:00
00000001-0064-4000-8000-000000000000,completed,2026-06-27 14:25:45.713201+00:00,2026-06-27 14:25:45.855877+00:00
00000044-0060-4000-8000-000000000000,completed,2026-06-27 14:25:41.509839+00:00,2026-06-27 14:25:41.647092+00:00
00000015-0061-4000-8000-000000000000,completed,2026-06-27 14:25:42.109176+00:00,2026-06-27 14:25:42.241684+00:00
00000025-0061-4000-8000-000000000000,completed,2026-06-27 14:25:42.408514+00:00,2026-06-27 14:25:42.567172+00:00
00000023-0064-4000-8000-000000000000,completed,2026-06-27 14:25:46.118416+00:00,2026-06-27 14:25:46.262796+00:00
00000027-0062-4000-8000-000000000000,completed,2026-06-27 14:25:43.910364+00:00,2026-06-27 14:25:44.054816+00:00
00000038-0062-4000-8000-000000000000,completed,2026-06-27 14:25:44.109275+00:00,2026-06-27 14:25:44.258102+00:00
00000046-0065-4000-8000-000000000000,completed,2026-06-27 14:25:48.009133+00:00,2026-06-27 14:25:48.149784+00:00
00000009-0063-4000-8000-000000000000,completed,2026-06-27 14:25:44.510683+00:00,2026-06-27 14:25:44.667232+00:00
00000002-0065-4000-8000-000000000000,completed,2026-06-27 14:25:46.909174+00:00,2026-06-27 14:25:47.053427+00:00
00000016-0063-4000-8000-000000000000,completed,2026-06-27 14:25:44.712461+00:00,2026-06-27 14:25:44.854806+00:00
00000033-0063-4000-8000-000000000000,completed,2026-06-27 14:25:45.009813+00:00,2026-06-27 14:25:45.167157+00:00
00000014-0063-4000-8000-000000000000,completed,2026-06-27 14:25:45.309410+00:00,2026-06-27 14:25:45.462851+00:00
00000045-0063-4000-8000-000000000000,completed,2026-06-27 14:25:45.412313+00:00,2026-06-27 14:25:45.538011+00:00
00000050-0066-4000-8000-000000000000,completed,2026-06-27 14:25:49.308562+00:00,2026-06-27 14:25:49.448407+00:00
00000001-0066-4000-8000-000000000000,completed,2026-06-27 14:25:48.210004+00:00,2026-06-27 14:25:48.346865+00:00
00000015-0065-4000-8000-000000000000,completed,2026-06-27 14:25:47.110409+00:00,2026-06-27 14:25:47.292997+00:00
00000016-0065-4000-8000-000000000000,completed,2026-06-27 14:25:47.209558+00:00,2026-06-27 14:25:47.363840+00:00
00000036-0065-4000-8000-000000000000,completed,2026-06-27 14:25:47.609062+00:00,2026-06-27 14:25:47.766880+00:00
00000014-0065-4000-8000-000000000000,completed,2026-06-27 14:25:47.808943+00:00,2026-06-27 14:25:47.946927+00:00
00000027-0066-4000-8000-000000000000,completed,2026-06-27 14:25:48.909390+00:00,2026-06-27 14:25:49.055802+00:00
00000046-0067-4000-8000-000000000000,completed,2026-06-27 14:25:50.509225+00:00,2026-06-27 14:25:50.650779+00:00
00000038-0066-4000-8000-000000000000,completed,2026-06-27 14:25:49.110454+00:00,2026-06-27 14:25:49.252225+00:00
00000022-0067-4000-8000-000000000000,completed,2026-06-27 14:25:49.809520+00:00,2026-06-27 14:25:49.960564+00:00
00000025-0067-4000-8000-000000000000,completed,2026-06-27 14:25:49.909183+00:00,2026-06-27 14:25:50.049224+00:00
00000032-0069-4000-8000-000000000000,completed,2026-06-27 14:25:52.511034+00:00,2026-06-27 14:25:52.659870+00:00
00000017-0068-4000-8000-000000000000,completed,2026-06-27 14:25:50.909401+00:00,2026-06-27 14:25:51.059004+00:00
00000046-0069-4000-8000-000000000000,completed,2026-06-27 14:25:53.012033+00:00,2026-06-27 14:25:53.156301+00:00
00000001-0070-4000-8000-000000000000,completed,2026-06-27 14:25:53.215514+00:00,2026-06-27 14:25:53.386171+00:00
00000027-0070-4000-8000-000000000000,completed,2026-06-27 14:25:53.908040+00:00,2026-06-27 14:25:54.055435+00:00
00000009-0071-4000-8000-000000000000,completed,2026-06-27 14:25:54.508537+00:00,2026-06-27 14:25:54.648909+00:00
00000044-0065-4000-8000-000000000000,completed,2026-06-27 14:25:47.759223+00:00,2026-06-27 14:25:47.886381+00:00
00000010-0061-4000-8000-000000000000,completed,2026-06-27 14:25:42.058424+00:00,2026-06-27 14:25:42.206233+00:00
00000038-0061-4000-8000-000000000000,completed,2026-06-27 14:25:42.859740+00:00,2026-06-27 14:25:43.004659+00:00
00000002-0062-4000-8000-000000000000,completed,2026-06-27 14:25:43.160300+00:00,2026-06-27 14:25:43.289485+00:00
00000047-0065-4000-8000-000000000000,completed,2026-06-27 14:25:47.962560+00:00,2026-06-27 14:25:48.123938+00:00
00000022-0062-4000-8000-000000000000,completed,2026-06-27 14:25:43.560866+00:00,2026-06-27 14:25:43.708906+00:00
00000047-0063-4000-8000-000000000000,completed,2026-06-27 14:25:45.459171+00:00,2026-06-27 14:25:45.608449+00:00
00000002-0068-4000-8000-000000000000,completed,2026-06-27 14:25:50.658985+00:00,2026-06-27 14:25:50.830209+00:00
00000002-0064-4000-8000-000000000000,completed,2026-06-27 14:25:45.659351+00:00,2026-06-27 14:25:45.804977+00:00
00000015-0066-4000-8000-000000000000,completed,2026-06-27 14:25:48.359539+00:00,2026-06-27 14:25:48.503764+00:00
00000015-0064-4000-8000-000000000000,completed,2026-06-27 14:25:45.858914+00:00,2026-06-27 14:25:46.006630+00:00
00000025-0064-4000-8000-000000000000,completed,2026-06-27 14:25:46.166924+00:00,2026-06-27 14:25:46.316035+00:00
00000045-0064-4000-8000-000000000000,completed,2026-06-27 14:25:46.659075+00:00,2026-06-27 14:25:46.785963+00:00
00000039-0066-4000-8000-000000000000,completed,2026-06-27 14:25:48.959367+00:00,2026-06-27 14:25:49.094453+00:00
00000017-0065-4000-8000-000000000000,completed,2026-06-27 14:25:47.158430+00:00,2026-06-27 14:25:47.310044+00:00
00000016-0070-4000-8000-000000000000,completed,2026-06-27 14:25:53.458660+00:00,2026-06-27 14:25:53.594761+00:00
00000015-0068-4000-8000-000000000000,completed,2026-06-27 14:25:50.861083+00:00,2026-06-27 14:25:51.008359+00:00
00000046-0066-4000-8000-000000000000,completed,2026-06-27 14:25:49.260989+00:00,2026-06-27 14:25:49.414375+00:00
00000020-0067-4000-8000-000000000000,completed,2026-06-27 14:25:49.763393+00:00,2026-06-27 14:25:49.924834+00:00
00000023-0067-4000-8000-000000000000,completed,2026-06-27 14:25:49.858548+00:00,2026-06-27 14:25:50.016258+00:00
00000022-0068-4000-8000-000000000000,completed,2026-06-27 14:25:51.059604+00:00,2026-06-27 14:25:51.207139+00:00
00000023-0071-4000-8000-000000000000,completed,2026-06-27 14:25:54.859520+00:00,2026-06-27 14:25:54.990191+00:00
00000023-0069-4000-8000-000000000000,completed,2026-06-27 14:25:52.360884+00:00,2026-06-27 14:25:52.506346+00:00
00000025-0070-4000-8000-000000000000,completed,2026-06-27 14:25:53.659440+00:00,2026-06-27 14:25:53.817497+00:00
00000039-0070-4000-8000-000000000000,completed,2026-06-27 14:25:53.959044+00:00,2026-06-27 14:25:54.111204+00:00
00000050-0071-4000-8000-000000000000,completed,2026-06-27 14:25:55.558119+00:00,2026-06-27 14:25:55.713539+00:00
00000044-0071-4000-8000-000000000000,completed,2026-06-27 14:25:55.258111+00:00,2026-06-27 14:25:55.408857+00:00
00000022-0072-4000-8000-000000000000,completed,2026-06-27 14:25:56.058549+00:00,2026-06-27 14:25:56.209427+00:00
00000001-0073-4000-8000-000000000000,completed,2026-06-27 14:25:56.957586+00:00,2026-06-27 14:25:57.097438+00:00
00000017-0073-4000-8000-000000000000,completed,2026-06-27 14:25:57.158255+00:00,2026-06-27 14:25:57.294641+00:00
00000034-0073-4000-8000-000000000000,completed,2026-06-27 14:25:57.558012+00:00,2026-06-27 14:25:57.710571+00:00
00000042-0070-4000-8000-000000000000,completed,2026-06-27 14:25:53.984375+00:00,2026-06-27 14:25:54.124709+00:00
00000030-0064-4000-8000-000000000000,completed,2026-06-27 14:25:46.386832+00:00,2026-06-27 14:25:46.539858+00:00
00000041-0067-4000-8000-000000000000,completed,2026-06-27 14:25:50.283448+00:00,2026-06-27 14:25:50.424809+00:00
00000031-0064-4000-8000-000000000000,completed,2026-06-27 14:25:46.584477+00:00,2026-06-27 14:25:46.713737+00:00
00000037-0067-4000-8000-000000000000,completed,2026-06-27 14:25:50.385995+00:00,2026-06-27 14:25:50.514357+00:00
00000013-0065-4000-8000-000000000000,completed,2026-06-27 14:25:47.084242+00:00,2026-06-27 14:25:47.232768+00:00
00000041-0065-4000-8000-000000000000,completed,2026-06-27 14:25:47.785273+00:00,2026-06-27 14:25:47.929071+00:00
00000041-0069-4000-8000-000000000000,completed,2026-06-27 14:25:52.786858+00:00,2026-06-27 14:25:52.927486+00:00
00000048-0065-4000-8000-000000000000,completed,2026-06-27 14:25:47.984117+00:00,2026-06-27 14:25:48.141694+00:00
00000042-0066-4000-8000-000000000000,completed,2026-06-27 14:25:48.983148+00:00,2026-06-27 14:25:49.120925+00:00
00000031-0066-4000-8000-000000000000,completed,2026-06-27 14:25:49.084021+00:00,2026-06-27 14:25:49.238598+00:00
00000003-0068-4000-8000-000000000000,completed,2026-06-27 14:25:50.583622+00:00,2026-06-27 14:25:50.725524+00:00
00000049-0066-4000-8000-000000000000,completed,2026-06-27 14:25:49.284558+00:00,2026-06-27 14:25:49.418955+00:00
00000007-0068-4000-8000-000000000000,completed,2026-06-27 14:25:50.685363+00:00,2026-06-27 14:25:50.825446+00:00
00000021-0067-4000-8000-000000000000,completed,2026-06-27 14:25:49.784920+00:00,2026-06-27 14:25:49.943666+00:00
00000031-0070-4000-8000-000000000000,completed,2026-06-27 14:25:54.084167+00:00,2026-06-27 14:25:54.243763+00:00
00000040-0067-4000-8000-000000000000,completed,2026-06-27 14:25:50.185165+00:00,2026-06-27 14:25:50.314987+00:00
00000003-0070-4000-8000-000000000000,completed,2026-06-27 14:25:53.086337+00:00,2026-06-27 14:25:53.248973+00:00
00000029-0068-4000-8000-000000000000,completed,2026-06-27 14:25:51.191861+00:00,2026-06-27 14:25:51.360971+00:00
00000030-0068-4000-8000-000000000000,completed,2026-06-27 14:25:51.385265+00:00,2026-06-27 14:25:51.525083+00:00
00000006-0069-4000-8000-000000000000,completed,2026-06-27 14:25:51.990504+00:00,2026-06-27 14:25:52.129944+00:00
00000033-0070-4000-8000-000000000000,completed,2026-06-27 14:25:53.784417+00:00,2026-06-27 14:25:53.923041+00:00
00000048-0073-4000-8000-000000000000,completed,2026-06-27 14:25:57.983712+00:00,2026-06-27 14:25:58.138688+00:00
00000041-0071-4000-8000-000000000000,completed,2026-06-27 14:25:55.283908+00:00,2026-06-27 14:25:55.442621+00:00
00000006-0071-4000-8000-000000000000,completed,2026-06-27 14:25:54.484989+00:00,2026-06-27 14:25:54.633696+00:00
00000049-0072-4000-8000-000000000000,completed,2026-06-27 14:25:56.786741+00:00,2026-06-27 14:25:56.936267+00:00
00000026-0071-4000-8000-000000000000,completed,2026-06-27 14:25:54.884051+00:00,2026-06-27 14:25:55.023293+00:00
00000007-0072-4000-8000-000000000000,completed,2026-06-27 14:25:55.683059+00:00,2026-06-27 14:25:55.828298+00:00
00000021-0073-4000-8000-000000000000,completed,2026-06-27 14:25:57.285220+00:00,2026-06-27 14:25:57.429910+00:00
00000037-0073-4000-8000-000000000000,completed,2026-06-27 14:25:57.884869+00:00,2026-06-27 14:25:58.041604+00:00
00000012-0074-4000-8000-000000000000,completed,2026-06-27 14:25:58.282413+00:00,2026-06-27 14:25:58.420619+00:00
00000041-0068-4000-8000-000000000000,completed,2026-06-27 14:25:51.539298+00:00,2026-06-27 14:25:51.689975+00:00
00000024-0065-4000-8000-000000000000,completed,2026-06-27 14:25:47.334428+00:00,2026-06-27 14:25:47.469863+00:00
00000042-0065-4000-8000-000000000000,completed,2026-06-27 14:25:47.737640+00:00,2026-06-27 14:25:47.893409+00:00
00000035-0066-4000-8000-000000000000,completed,2026-06-27 14:25:48.834426+00:00,2026-06-27 14:25:48.981897+00:00
00000003-0069-4000-8000-000000000000,completed,2026-06-27 14:25:51.834283+00:00,2026-06-27 14:25:51.974746+00:00
00000003-0067-4000-8000-000000000000,completed,2026-06-27 14:25:49.338797+00:00,2026-06-27 14:25:49.496049+00:00
00000012-0067-4000-8000-000000000000,completed,2026-06-27 14:25:49.535951+00:00,2026-06-27 14:25:49.667361+00:00
00000031-0071-4000-8000-000000000000,completed,2026-06-27 14:25:55.333764+00:00,2026-06-27 14:25:55.488136+00:00
00000030-0067-4000-8000-000000000000,completed,2026-06-27 14:25:50.134201+00:00,2026-06-27 14:25:50.269671+00:00
00000004-0070-4000-8000-000000000000,completed,2026-06-27 14:25:53.134272+00:00,2026-06-27 14:25:53.280922+00:00
00000031-0067-4000-8000-000000000000,completed,2026-06-27 14:25:50.337023+00:00,2026-06-27 14:25:50.489684+00:00
00000013-0068-4000-8000-000000000000,completed,2026-06-27 14:25:50.836674+00:00,2026-06-27 14:25:50.984815+00:00
00000019-0068-4000-8000-000000000000,completed,2026-06-27 14:25:51.234011+00:00,2026-06-27 14:25:51.381768+00:00
00000026-0070-4000-8000-000000000000,completed,2026-06-27 14:25:53.634292+00:00,2026-06-27 14:25:53.785616+00:00
00000040-0068-4000-8000-000000000000,completed,2026-06-27 14:25:51.435824+00:00,2026-06-27 14:25:51.572425+00:00
00000006-0072-4000-8000-000000000000,completed,2026-06-27 14:25:55.734518+00:00,2026-06-27 14:25:55.890341+00:00
00000035-0070-4000-8000-000000000000,completed,2026-06-27 14:25:53.833447+00:00,2026-06-27 14:25:54.006636+00:00
00000048-0070-4000-8000-000000000000,completed,2026-06-27 14:25:54.234730+00:00,2026-06-27 14:25:54.384399+00:00
00000007-0071-4000-8000-000000000000,completed,2026-06-27 14:25:54.435416+00:00,2026-06-27 14:25:54.583468+00:00
00000019-0072-4000-8000-000000000000,completed,2026-06-27 14:25:56.234245+00:00,2026-06-27 14:25:56.405138+00:00
00000042-0073-4000-8000-000000000000,completed,2026-06-27 14:25:57.734661+00:00,2026-06-27 14:25:57.922160+00:00
00000007-0073-4000-8000-000000000000,completed,2026-06-27 14:25:56.933721+00:00,2026-06-27 14:25:57.069387+00:00
00000031-0073-4000-8000-000000000000,completed,2026-06-27 14:25:57.833637+00:00,2026-06-27 14:25:57.963030+00:00
00000043-0075-4000-8000-000000000000,completed,2026-06-27 14:26:00.434542+00:00,2026-06-27 14:26:00.578375+00:00
00000019-0074-4000-8000-000000000000,completed,2026-06-27 14:25:58.734327+00:00,2026-06-27 14:25:58.901257+00:00
00000012-0075-4000-8000-000000000000,completed,2026-06-27 14:25:59.534538+00:00,2026-06-27 14:25:59.687924+00:00
00000011-0075-4000-8000-000000000000,completed,2026-06-27 14:25:59.633932+00:00,2026-06-27 14:25:59.770870+00:00
00000008-0075-4000-8000-000000000000,completed,2026-06-27 14:25:59.734245+00:00,2026-06-27 14:25:59.886845+00:00
00000019-0076-4000-8000-000000000000,completed,2026-06-27 14:26:01.237174+00:00,2026-06-27 14:26:01.407486+00:00
00000037-0076-4000-8000-000000000000,completed,2026-06-27 14:26:01.640152+00:00,2026-06-27 14:26:01.786236+00:00
00000012-0077-4000-8000-000000000000,completed,2026-06-27 14:26:02.039366+00:00,2026-06-27 14:26:02.183476+00:00
00000047-0076-4000-8000-000000000000,completed,2026-06-27 14:26:01.712254+00:00,2026-06-27 14:26:01.862951+00:00
00000046-0073-4000-8000-000000000000,completed,2026-06-27 14:25:58.009511+00:00,2026-06-27 14:25:58.164156+00:00
00000022-0071-4000-8000-000000000000,completed,2026-06-27 14:25:54.811265+00:00,2026-06-27 14:25:54.961966+00:00
00000025-0071-4000-8000-000000000000,completed,2026-06-27 14:25:54.910999+00:00,2026-06-27 14:25:55.053313+00:00
00000005-0074-4000-8000-000000000000,completed,2026-06-27 14:25:58.108558+00:00,2026-06-27 14:25:58.240345+00:00
00000014-0071-4000-8000-000000000000,completed,2026-06-27 14:25:55.309415+00:00,2026-06-27 14:25:55.452877+00:00
00000045-0071-4000-8000-000000000000,completed,2026-06-27 14:25:55.409523+00:00,2026-06-27 14:25:55.550621+00:00
00000050-0076-4000-8000-000000000000,completed,2026-06-27 14:26:01.810285+00:00,2026-06-27 14:26:01.952704+00:00
00000005-0072-4000-8000-000000000000,completed,2026-06-27 14:25:55.608730+00:00,2026-06-27 14:25:55.761784+00:00
00000010-0074-4000-8000-000000000000,completed,2026-06-27 14:25:58.310512+00:00,2026-06-27 14:25:58.478809+00:00
00000034-0072-4000-8000-000000000000,completed,2026-06-27 14:25:56.308314+00:00,2026-06-27 14:25:56.442505+00:00
00000050-0072-4000-8000-000000000000,completed,2026-06-27 14:25:56.809526+00:00,2026-06-27 14:25:56.955333+00:00
00000015-0073-4000-8000-000000000000,completed,2026-06-27 14:25:57.108852+00:00,2026-06-27 14:25:57.240262+00:00
00000039-0075-4000-8000-000000000000,completed,2026-06-27 14:26:00.211339+00:00,2026-06-27 14:26:00.361808+00:00
00000025-0073-4000-8000-000000000000,completed,2026-06-27 14:25:57.408632+00:00,2026-06-27 14:25:57.537624+00:00
00000032-0073-4000-8000-000000000000,completed,2026-06-27 14:25:57.508082+00:00,2026-06-27 14:25:57.668488+00:00
00000028-0080-4000-8000-000000000000,completed,2026-06-27 14:26:06.208620+00:00,2026-06-27 14:26:06.342250+00:00
00000009-0077-4000-8000-000000000000,completed,2026-06-27 14:26:02.012591+00:00,2026-06-27 14:26:02.186391+00:00
00000045-0075-4000-8000-000000000000,completed,2026-06-27 14:26:00.411385+00:00,2026-06-27 14:26:00.568303+00:00
00000028-0076-4000-8000-000000000000,completed,2026-06-27 14:26:01.211875+00:00,2026-06-27 14:26:01.374811+00:00
00000016-0079-4000-8000-000000000000,completed,2026-06-27 14:26:04.709292+00:00,2026-06-27 14:26:04.851109+00:00
00000032-0077-4000-8000-000000000000,completed,2026-06-27 14:26:02.531358+00:00,2026-06-27 14:26:02.680896+00:00
00000047-0078-4000-8000-000000000000,completed,2026-06-27 14:26:04.208726+00:00,2026-06-27 14:26:04.391485+00:00
00000039-0079-4000-8000-000000000000,completed,2026-06-27 14:26:05.209492+00:00,2026-06-27 14:26:05.362697+00:00
00000014-0079-4000-8000-000000000000,completed,2026-06-27 14:26:05.308528+00:00,2026-06-27 14:26:05.451285+00:00
00000017-0080-4000-8000-000000000000,completed,2026-06-27 14:26:05.908874+00:00,2026-06-27 14:26:06.050704+00:00
00000020-0080-4000-8000-000000000000,completed,2026-06-27 14:26:06.008449+00:00,2026-06-27 14:26:06.174336+00:00
00000023-0080-4000-8000-000000000000,completed,2026-06-27 14:26:06.109072+00:00,2026-06-27 14:26:06.253823+00:00
00000044-0080-4000-8000-000000000000,completed,2026-06-27 14:26:06.508411+00:00,2026-06-27 14:26:06.651753+00:00
00000015-0081-4000-8000-000000000000,completed,2026-06-27 14:26:07.112042+00:00,2026-06-27 14:26:07.251756+00:00
00000032-0081-4000-8000-000000000000,completed,2026-06-27 14:26:07.508457+00:00,2026-06-27 14:26:07.663190+00:00
00000001-0079-4000-8000-000000000000,completed,2026-06-27 14:26:04.459989+00:00,2026-06-27 14:26:04.606484+00:00
00000025-0074-4000-8000-000000000000,completed,2026-06-27 14:25:58.658976+00:00,2026-06-27 14:25:58.839319+00:00
00000005-0075-4000-8000-000000000000,completed,2026-06-27 14:25:59.359178+00:00,2026-06-27 14:25:59.494457+00:00
00000017-0075-4000-8000-000000000000,completed,2026-06-27 14:25:59.658842+00:00,2026-06-27 14:25:59.814638+00:00
00000017-0079-4000-8000-000000000000,completed,2026-06-27 14:26:04.658634+00:00,2026-06-27 14:26:04.814650+00:00
00000027-0075-4000-8000-000000000000,completed,2026-06-27 14:26:00.158762+00:00,2026-06-27 14:26:00.303699+00:00
00000050-0075-4000-8000-000000000000,completed,2026-06-27 14:26:00.559784+00:00,2026-06-27 14:26:00.709787+00:00
00000001-0081-4000-8000-000000000000,completed,2026-06-27 14:26:06.959954+00:00,2026-06-27 14:26:07.120158+00:00
00000045-0076-4000-8000-000000000000,completed,2026-06-27 14:26:01.659883+00:00,2026-06-27 14:26:01.844964+00:00
00000046-0076-4000-8000-000000000000,completed,2026-06-27 14:26:01.759551+00:00,2026-06-27 14:26:01.922178+00:00
00000044-0079-4000-8000-000000000000,completed,2026-06-27 14:26:05.258955+00:00,2026-06-27 14:26:05.411550+00:00
00000038-0077-4000-8000-000000000000,completed,2026-06-27 14:26:02.860416+00:00,2026-06-27 14:26:03.042883+00:00
00000047-0077-4000-8000-000000000000,completed,2026-06-27 14:26:02.959305+00:00,2026-06-27 14:26:03.121352+00:00
00000038-0079-4000-8000-000000000000,completed,2026-06-27 14:26:05.358495+00:00,2026-06-27 14:26:05.520347+00:00
00000025-0078-4000-8000-000000000000,completed,2026-06-27 14:26:03.661978+00:00,2026-06-27 14:26:03.812437+00:00
00000050-0081-4000-8000-000000000000,completed,2026-06-27 14:26:08.072312+00:00,2026-06-27 14:26:08.233028+00:00
00000002-0080-4000-8000-000000000000,completed,2026-06-27 14:26:05.659615+00:00,2026-06-27 14:26:05.830241+00:00
00000016-0080-4000-8000-000000000000,completed,2026-06-27 14:26:05.958853+00:00,2026-06-27 14:26:06.122082+00:00
00000038-0083-4000-8000-000000000000,completed,2026-06-27 14:26:10.508135+00:00,2026-06-27 14:26:10.644986+00:00
00000014-0080-4000-8000-000000000000,completed,2026-06-27 14:26:06.560193+00:00,2026-06-27 14:26:06.703698+00:00
00000039-0082-4000-8000-000000000000,completed,2026-06-27 14:26:08.994568+00:00,2026-06-27 14:26:09.129685+00:00
00000016-0082-4000-8000-000000000000,completed,2026-06-27 14:26:08.472090+00:00,2026-06-27 14:26:08.617782+00:00
00000022-0082-4000-8000-000000000000,completed,2026-06-27 14:26:08.576926+00:00,2026-06-27 14:26:08.721065+00:00
00000014-0082-4000-8000-000000000000,completed,2026-06-27 14:26:09.106548+00:00,2026-06-27 14:26:09.244466+00:00
00000005-0083-4000-8000-000000000000,completed,2026-06-27 14:26:09.415651+00:00,2026-06-27 14:26:09.623305+00:00
00000017-0085-4000-8000-000000000000,completed,2026-06-27 14:26:12.579137+00:00,2026-06-27 14:26:12.721662+00:00
00000025-0084-4000-8000-000000000000,completed,2026-06-27 14:26:11.409780+00:00,2026-06-27 14:26:11.568434+00:00
00000028-0085-4000-8000-000000000000,completed,2026-06-27 14:26:12.942270+00:00,2026-06-27 14:26:13.083909+00:00
00000047-0085-4000-8000-000000000000,completed,2026-06-27 14:26:13.558874+00:00,2026-06-27 14:26:13.698371+00:00
00000014-0086-4000-8000-000000000000,completed,2026-06-27 14:26:14.975804+00:00,2026-06-27 14:26:15.143065+00:00
00000027-0087-4000-8000-000000000000,completed,2026-06-27 14:26:16.488510+00:00,2026-06-27 14:26:16.632383+00:00
00000008-0078-4000-8000-000000000000,completed,2026-06-27 14:26:03.485503+00:00,2026-06-27 14:26:03.627891+00:00
00000029-0074-4000-8000-000000000000,completed,2026-06-27 14:25:58.687223+00:00,2026-06-27 14:25:58.837140+00:00
00000033-0074-4000-8000-000000000000,completed,2026-06-27 14:25:58.787239+00:00,2026-06-27 14:25:58.935280+00:00
00000024-0084-4000-8000-000000000000,completed,2026-06-27 14:26:11.319830+00:00,2026-06-27 14:26:11.458819+00:00
00000004-0075-4000-8000-000000000000,completed,2026-06-27 14:25:59.389763+00:00,2026-06-27 14:25:59.532391+00:00
00000006-0075-4000-8000-000000000000,completed,2026-06-27 14:25:59.485202+00:00,2026-06-27 14:25:59.647514+00:00
00000011-0082-4000-8000-000000000000,completed,2026-06-27 14:26:08.397287+00:00,2026-06-27 14:26:08.561421+00:00
00000040-0075-4000-8000-000000000000,completed,2026-06-27 14:26:00.184964+00:00,2026-06-27 14:26:00.334073+00:00
00000042-0078-4000-8000-000000000000,completed,2026-06-27 14:26:03.983344+00:00,2026-06-27 14:26:04.130682+00:00
00000003-0076-4000-8000-000000000000,completed,2026-06-27 14:26:00.584359+00:00,2026-06-27 14:26:00.724872+00:00
00000031-0078-4000-8000-000000000000,completed,2026-06-27 14:26:04.082971+00:00,2026-06-27 14:26:04.240061+00:00
00000030-0076-4000-8000-000000000000,completed,2026-06-27 14:26:01.385334+00:00,2026-06-27 14:26:01.558691+00:00
00000004-0077-4000-8000-000000000000,completed,2026-06-27 14:26:01.883753+00:00,2026-06-27 14:26:02.027407+00:00
00000026-0077-4000-8000-000000000000,completed,2026-06-27 14:26:02.384903+00:00,2026-06-27 14:26:02.523658+00:00
00000049-0078-4000-8000-000000000000,completed,2026-06-27 14:26:04.283463+00:00,2026-06-27 14:26:04.442816+00:00
00000037-0077-4000-8000-000000000000,completed,2026-06-27 14:26:02.883506+00:00,2026-06-27 14:26:03.065612+00:00
00000042-0082-4000-8000-000000000000,completed,2026-06-27 14:26:09.019257+00:00,2026-06-27 14:26:09.165276+00:00
00000006-0081-4000-8000-000000000000,completed,2026-06-27 14:26:06.984725+00:00,2026-06-27 14:26:07.124305+00:00
00000013-0081-4000-8000-000000000000,completed,2026-06-27 14:26:07.083696+00:00,2026-06-27 14:26:07.221049+00:00
00000048-0083-4000-8000-000000000000,completed,2026-06-27 14:26:10.650893+00:00,2026-06-27 14:26:10.780994+00:00
00000040-0081-4000-8000-000000000000,completed,2026-06-27 14:26:07.686965+00:00,2026-06-27 14:26:07.854007+00:00
00000004-0083-4000-8000-000000000000,completed,2026-06-27 14:26:09.442968+00:00,2026-06-27 14:26:09.591203+00:00
00000026-0083-4000-8000-000000000000,completed,2026-06-27 14:26:09.981287+00:00,2026-06-27 14:26:10.131310+00:00
00000013-0083-4000-8000-000000000000,completed,2026-06-27 14:26:09.660693+00:00,2026-06-27 14:26:09.832745+00:00
00000019-0083-4000-8000-000000000000,completed,2026-06-27 14:26:10.091478+00:00,2026-06-27 14:26:10.243289+00:00
00000003-0084-4000-8000-000000000000,completed,2026-06-27 14:26:10.758323+00:00,2026-06-27 14:26:10.913845+00:00
00000004-0085-4000-8000-000000000000,completed,2026-06-27 14:26:12.250412+00:00,2026-06-27 14:26:12.425514+00:00
00000031-0084-4000-8000-000000000000,completed,2026-06-27 14:26:11.904901+00:00,2026-06-27 14:26:12.054480+00:00
00000041-0085-4000-8000-000000000000,completed,2026-06-27 14:26:13.341668+00:00,2026-06-27 14:26:13.472967+00:00
00000048-0085-4000-8000-000000000000,completed,2026-06-27 14:26:13.590912+00:00,2026-06-27 14:26:13.723575+00:00
00000008-0086-4000-8000-000000000000,completed,2026-06-27 14:26:14.224447+00:00,2026-06-27 14:26:14.361474+00:00
00000013-0088-4000-8000-000000000000,completed,2026-06-27 14:26:17.472713+00:00,2026-06-27 14:26:17.644833+00:00
00000024-0077-4000-8000-000000000000,completed,2026-06-27 14:26:02.333733+00:00,2026-06-27 14:26:02.481807+00:00
00000011-0083-4000-8000-000000000000,completed,2026-06-27 14:26:09.712245+00:00,2026-06-27 14:26:09.880138+00:00
00000026-0078-4000-8000-000000000000,completed,2026-06-27 14:26:03.634062+00:00,2026-06-27 14:26:03.784988+00:00
00000008-0083-4000-8000-000000000000,completed,2026-06-27 14:26:09.818266+00:00,2026-06-27 14:26:09.984558+00:00
00000037-0078-4000-8000-000000000000,completed,2026-06-27 14:26:04.135606+00:00,2026-06-27 14:26:04.266176+00:00
00000006-0080-4000-8000-000000000000,completed,2026-06-27 14:26:05.733391+00:00,2026-06-27 14:26:05.892626+00:00
00000003-0085-4000-8000-000000000000,completed,2026-06-27 14:26:12.204297+00:00,2026-06-27 14:26:12.341916+00:00
00000019-0080-4000-8000-000000000000,completed,2026-06-27 14:26:06.234293+00:00,2026-06-27 14:26:06.361995+00:00
00000029-0083-4000-8000-000000000000,completed,2026-06-27 14:26:10.036903+00:00,2026-06-27 14:26:10.190840+00:00
00000040-0080-4000-8000-000000000000,completed,2026-06-27 14:26:06.433746+00:00,2026-06-27 14:26:06.590047+00:00
00000011-0081-4000-8000-000000000000,completed,2026-06-27 14:26:07.134979+00:00,2026-06-27 14:26:07.271421+00:00
00000043-0083-4000-8000-000000000000,completed,2026-06-27 14:26:10.587685+00:00,2026-06-27 14:26:10.730183+00:00
00000048-0082-4000-8000-000000000000,completed,2026-06-27 14:26:09.282644+00:00,2026-06-27 14:26:09.432530+00:00
00000003-0083-4000-8000-000000000000,completed,2026-06-27 14:26:09.389287+00:00,2026-06-27 14:26:09.532476+00:00
00000012-0083-4000-8000-000000000000,completed,2026-06-27 14:26:09.603653+00:00,2026-06-27 14:26:09.741583+00:00
00000029-0085-4000-8000-000000000000,completed,2026-06-27 14:26:12.910742+00:00,2026-06-27 14:26:13.049954+00:00
00000019-0084-4000-8000-000000000000,completed,2026-06-27 14:26:11.493619+00:00,2026-06-27 14:26:11.630727+00:00
00000035-0084-4000-8000-000000000000,completed,2026-06-27 14:26:11.607578+00:00,2026-06-27 14:26:11.772493+00:00
00000018-0088-4000-8000-000000000000,completed,2026-06-27 14:26:17.621879+00:00,2026-06-27 14:26:17.775435+00:00
00000037-0084-4000-8000-000000000000,completed,2026-06-27 14:26:11.957896+00:00,2026-06-27 14:26:12.119015+00:00
00000049-0085-4000-8000-000000000000,completed,2026-06-27 14:26:13.651565+00:00,2026-06-27 14:26:13.803256+00:00
00000033-0089-4000-8000-000000000000,completed,2026-06-27 14:26:20.194812+00:00,2026-06-27 14:26:20.366146+00:00
00000021-0088-4000-8000-000000000000,completed,2026-06-27 14:26:17.772704+00:00,2026-06-27 14:26:17.917618+00:00
00000019-0090-4000-8000-000000000000,completed,2026-06-27 14:26:22.410414+00:00,2026-06-27 14:26:22.535785+00:00
00000026-0088-4000-8000-000000000000,completed,2026-06-27 14:26:17.925354+00:00,2026-06-27 14:26:18.083983+00:00
00000018-0090-4000-8000-000000000000,completed,2026-06-27 14:26:21.831132+00:00,2026-06-27 14:26:21.976073+00:00
00000040-0090-4000-8000-000000000000,completed,2026-06-27 14:26:22.810657+00:00,2026-06-27 14:26:22.968897+00:00
00000037-0090-4000-8000-000000000000,completed,2026-06-27 14:26:23.223291+00:00,2026-06-27 14:26:23.369695+00:00
00000048-0090-4000-8000-000000000000,completed,2026-06-27 14:26:23.434495+00:00,2026-06-27 14:26:23.581240+00:00
00000008-0091-4000-8000-000000000000,completed,2026-06-27 14:26:24.539557+00:00,2026-06-27 14:26:24.678551+00:00
00000036-0081-4000-8000-000000000000,completed,2026-06-27 14:26:07.608898+00:00,2026-06-27 14:26:07.760366+00:00
00000017-0086-4000-8000-000000000000,completed,2026-06-27 14:26:14.127308+00:00,2026-06-27 14:26:14.295163+00:00
00000020-0082-4000-8000-000000000000,completed,2026-06-27 14:26:08.525286+00:00,2026-06-27 14:26:08.702728+00:00
00000020-0086-4000-8000-000000000000,completed,2026-06-27 14:26:14.256575+00:00,2026-06-27 14:26:14.404250+00:00
00000014-0083-4000-8000-000000000000,completed,2026-06-27 14:26:10.449907+00:00,2026-06-27 14:26:10.588924+00:00
00000046-0083-4000-8000-000000000000,completed,2026-06-27 14:26:10.671319+00:00,2026-06-27 14:26:10.836891+00:00
00000016-0089-4000-8000-000000000000,completed,2026-06-27 14:26:19.644074+00:00,2026-06-27 14:26:19.783843+00:00
00000034-0086-4000-8000-000000000000,completed,2026-06-27 14:26:14.645985+00:00,2026-06-27 14:26:14.782163+00:00
00000010-0084-4000-8000-000000000000,completed,2026-06-27 14:26:11.007800+00:00,2026-06-27 14:26:11.145804+00:00
00000017-0084-4000-8000-000000000000,completed,2026-06-27 14:26:11.122689+00:00,2026-06-27 14:26:11.277552+00:00
00000023-0084-4000-8000-000000000000,completed,2026-06-27 14:26:11.351422+00:00,2026-06-27 14:26:11.491643+00:00
00000044-0084-4000-8000-000000000000,completed,2026-06-27 14:26:11.809817+00:00,2026-06-27 14:26:11.957336+00:00
00000044-0086-4000-8000-000000000000,completed,2026-06-27 14:26:14.908488+00:00,2026-06-27 14:26:15.086679+00:00
00000050-0084-4000-8000-000000000000,completed,2026-06-27 14:26:12.164658+00:00,2026-06-27 14:26:12.327607+00:00
00000045-0085-4000-8000-000000000000,completed,2026-06-27 14:26:13.496977+00:00,2026-06-27 14:26:13.632367+00:00
00000039-0091-4000-8000-000000000000,completed,2026-06-27 14:26:25.687464+00:00,2026-06-27 14:26:25.826045+00:00
00000023-0090-4000-8000-000000000000,completed,2026-06-27 14:26:22.165239+00:00,2026-06-27 14:26:22.300142+00:00
00000050-0086-4000-8000-000000000000,completed,2026-06-27 14:26:15.309504+00:00,2026-06-27 14:26:15.447106+00:00
00000032-0087-4000-8000-000000000000,completed,2026-06-27 14:26:16.275047+00:00,2026-06-27 14:26:16.415408+00:00
00000009-0089-4000-8000-000000000000,completed,2026-06-27 14:26:19.310410+00:00,2026-06-27 14:26:19.446230+00:00
00000047-0090-4000-8000-000000000000,completed,2026-06-27 14:26:23.383226+00:00,2026-06-27 14:26:23.513688+00:00
00000050-0090-4000-8000-000000000000,completed,2026-06-27 14:26:23.594462+00:00,2026-06-27 14:26:23.732682+00:00
00000045-0091-4000-8000-000000000000,completed,2026-06-27 14:26:26.201922+00:00,2026-06-27 14:26:26.347738+00:00
00000046-0091-4000-8000-000000000000,completed,2026-06-27 14:26:26.469421+00:00,2026-06-27 14:26:26.600021+00:00
00000004-0091-4000-8000-000000000000,completed,2026-06-27 14:26:23.761843+00:00,2026-06-27 14:26:23.904668+00:00
00000018-0087-4000-8000-000000000000,completed,2026-06-27 14:26:15.821650+00:00,2026-06-27 14:26:15.969536+00:00
00000019-0087-4000-8000-000000000000,completed,2026-06-27 14:26:16.243405+00:00,2026-06-27 14:26:16.419279+00:00
00000035-0087-4000-8000-000000000000,completed,2026-06-27 14:26:16.381062+00:00,2026-06-27 14:26:16.519859+00:00
00000019-0091-4000-8000-000000000000,completed,2026-06-27 14:26:25.129003+00:00,2026-06-27 14:26:25.271612+00:00
00000037-0087-4000-8000-000000000000,completed,2026-06-27 14:26:16.811070+00:00,2026-06-27 14:26:16.946607+00:00
00000048-0087-4000-8000-000000000000,completed,2026-06-27 14:26:16.955556+00:00,2026-06-27 14:26:17.091673+00:00
00000004-0089-4000-8000-000000000000,completed,2026-06-27 14:26:19.107943+00:00,2026-06-27 14:26:19.253198+00:00
00000035-0091-4000-8000-000000000000,completed,2026-06-27 14:26:25.373263+00:00,2026-06-27 14:26:25.503176+00:00
00000013-0089-4000-8000-000000000000,completed,2026-06-27 14:26:19.434292+00:00,2026-06-27 14:26:19.574241+00:00
00000007-0090-4000-8000-000000000000,completed,2026-06-27 14:26:21.355763+00:00,2026-06-27 14:26:21.515650+00:00
00000011-0090-4000-8000-000000000000,completed,2026-06-27 14:26:21.730824+00:00,2026-06-27 14:26:21.862900+00:00
00000024-0090-4000-8000-000000000000,completed,2026-06-27 14:26:22.116415+00:00,2026-06-27 14:26:22.256137+00:00
00000050-0087-4000-8000-000000000000,completed,2026-06-27 14:26:17.064747+00:00,2026-06-27 14:26:17.217995+00:00
00000023-0089-4000-8000-000000000000,completed,2026-06-27 14:26:19.895134+00:00,2026-06-27 14:26:20.037333+00:00
00000034-0089-4000-8000-000000000000,completed,2026-06-27 14:26:20.239067+00:00,2026-06-27 14:26:20.375042+00:00
00000047-0089-4000-8000-000000000000,completed,2026-06-27 14:26:20.949534+00:00,2026-06-27 14:26:21.090512+00:00
00000045-0090-4000-8000-000000000000,completed,2026-06-27 14:26:23.276496+00:00,2026-06-27 14:26:23.411994+00:00
00000010-0091-4000-8000-000000000000,completed,2026-06-27 14:26:24.142253+00:00,2026-06-27 14:26:24.301583+00:00
00000047-0091-4000-8000-000000000000,completed,2026-06-27 14:26:26.335590+00:00,2026-06-27 14:26:26.491292+00:00
00000050-0091-4000-8000-000000000000,completed,2026-06-27 14:26:26.605897+00:00,2026-06-27 14:26:26.751759+00:00
00000002-0092-4000-8000-000000000000,completed,2026-06-27 14:26:26.881714+00:00,2026-06-27 14:26:27.021849+00:00
00000013-0093-4000-8000-000000000000,completed,2026-06-27 14:26:32.224519+00:00,2026-06-27 14:26:32.355451+00:00
00000024-0091-4000-8000-000000000000,completed,2026-06-27 14:26:24.772054+00:00,2026-06-27 14:26:24.920636+00:00
00000033-0091-4000-8000-000000000000,completed,2026-06-27 14:26:25.250447+00:00,2026-06-27 14:26:25.388384+00:00
00000008-0092-4000-8000-000000000000,completed,2026-06-27 14:26:27.837246+00:00,2026-06-27 14:26:27.966754+00:00
00000034-0093-4000-8000-000000000000,completed,2026-06-27 14:26:37.560939+00:00,2026-06-27 14:26:37.696034+00:00
00000029-0092-4000-8000-000000000000,completed,2026-06-27 14:26:28.476643+00:00,2026-06-27 14:26:28.612949+00:00
00000019-0092-4000-8000-000000000000,completed,2026-06-27 14:26:28.642922+00:00,2026-06-27 14:26:28.796613+00:00
00000036-0092-4000-8000-000000000000,completed,2026-06-27 14:26:29.072785+00:00,2026-06-27 14:26:29.209572+00:00
00000044-0092-4000-8000-000000000000,completed,2026-06-27 14:26:29.627185+00:00,2026-06-27 14:26:29.786211+00:00
00000037-0092-4000-8000-000000000000,completed,2026-06-27 14:26:30.121581+00:00,2026-06-27 14:26:30.278221+00:00
00000050-0092-4000-8000-000000000000,completed,2026-06-27 14:26:30.852486+00:00,2026-06-27 14:26:30.982529+00:00
00000009-0093-4000-8000-000000000000,completed,2026-06-27 14:26:31.814228+00:00,2026-06-27 14:26:31.947308+00:00
00000036-0000-4000-8000-000000000000,completed,2026-06-27 14:23:47.068045+00:00,2026-06-27 14:23:47.217192+00:00
00000007-0000-4000-8000-000000000000,completed,2026-06-27 14:23:40.138094+00:00,2026-06-27 14:23:41.482035+00:00
00000001-0000-4000-8000-000000000000,completed,2026-06-27 14:23:40.505230+00:00,2026-06-27 14:23:41.800358+00:00
00000033-0002-4000-8000-000000000000,completed,2026-06-27 14:24:01.931069+00:00,2026-06-27 14:24:02.076040+00:00
00000047-0000-4000-8000-000000000000,completed,2026-06-27 14:23:50.107336+00:00,2026-06-27 14:23:50.261876+00:00
00000011-0000-4000-8000-000000000000,completed,2026-06-27 14:23:42.476160+00:00,2026-06-27 14:23:43.777185+00:00
00000008-0000-4000-8000-000000000000,completed,2026-06-27 14:23:43.630109+00:00,2026-06-27 14:23:43.786095+00:00
00000020-0000-4000-8000-000000000000,completed,2026-06-27 14:23:43.906204+00:00,2026-06-27 14:23:44.068087+00:00
00000001-0002-4000-8000-000000000000,completed,2026-06-27 14:23:59.357226+00:00,2026-06-27 14:23:59.490192+00:00
00000021-0000-4000-8000-000000000000,completed,2026-06-27 14:23:44.173655+00:00,2026-06-27 14:23:44.313015+00:00
00000002-0001-4000-8000-000000000000,completed,2026-06-27 14:23:51.704849+00:00,2026-06-27 14:23:51.877744+00:00
00000022-0000-4000-8000-000000000000,completed,2026-06-27 14:23:44.439258+00:00,2026-06-27 14:23:44.578056+00:00
00000024-0000-4000-8000-000000000000,completed,2026-06-27 14:23:44.700029+00:00,2026-06-27 14:23:44.947990+00:00
00000026-0000-4000-8000-000000000000,completed,2026-06-27 14:23:45.448476+00:00,2026-06-27 14:23:45.597251+00:00
00000034-0001-4000-8000-000000000000,completed,2026-06-27 14:23:55.667296+00:00,2026-06-27 14:23:55.813162+00:00
00000033-0000-4000-8000-000000000000,completed,2026-06-27 14:23:46.391973+00:00,2026-06-27 14:23:46.548030+00:00
00000022-0002-4000-8000-000000000000,completed,2026-06-27 14:24:00.974981+00:00,2026-06-27 14:24:01.114733+00:00
00000011-0002-4000-8000-000000000000,completed,2026-06-27 14:23:59.988049+00:00,2026-06-27 14:24:00.132771+00:00
00000030-0001-4000-8000-000000000000,completed,2026-06-27 14:23:56.106916+00:00,2026-06-27 14:23:56.249893+00:00
00000040-0001-4000-8000-000000000000,completed,2026-06-27 14:23:56.533864+00:00,2026-06-27 14:23:56.675196+00:00
00000014-0001-4000-8000-000000000000,completed,2026-06-27 14:23:57.231564+00:00,2026-06-27 14:23:57.368105+00:00
00000028-0002-4000-8000-000000000000,completed,2026-06-27 14:24:01.694387+00:00,2026-06-27 14:24:01.834907+00:00
00000018-0002-4000-8000-000000000000,completed,2026-06-27 14:24:00.360648+00:00,2026-06-27 14:24:00.491228+00:00
00000016-0002-4000-8000-000000000000,completed,2026-06-27 14:24:00.486099+00:00,2026-06-27 14:24:00.629249+00:00
00000023-0002-4000-8000-000000000000,completed,2026-06-27 14:24:01.216012+00:00,2026-06-27 14:24:01.361429+00:00
00000019-0002-4000-8000-000000000000,completed,2026-06-27 14:24:01.811818+00:00,2026-06-27 14:24:01.950503+00:00
00000044-0002-4000-8000-000000000000,completed,2026-06-27 14:24:03.198300+00:00,2026-06-27 14:24:03.335593+00:00
00000035-0002-4000-8000-000000000000,completed,2026-06-27 14:24:02.396455+00:00,2026-06-27 14:24:02.547548+00:00
00000048-0002-4000-8000-000000000000,completed,2026-06-27 14:24:04.090131+00:00,2026-06-27 14:24:04.246679+00:00
00000006-0003-4000-8000-000000000000,completed,2026-06-27 14:24:04.853567+00:00,2026-06-27 14:24:04.983572+00:00
00000015-0003-4000-8000-000000000000,completed,2026-06-27 14:24:05.812521+00:00,2026-06-27 14:24:05.958725+00:00
00000009-0008-4000-8000-000000000000,completed,2026-06-27 14:24:23.770269+00:00,2026-06-27 14:24:23.907839+00:00
00000023-0003-4000-8000-000000000000,completed,2026-06-27 14:24:06.741551+00:00,2026-06-27 14:24:06.885184+00:00
00000027-0003-4000-8000-000000000000,completed,2026-06-27 14:24:07.952748+00:00,2026-06-27 14:24:08.089306+00:00
00000042-0003-4000-8000-000000000000,completed,2026-06-27 14:24:08.334727+00:00,2026-06-27 14:24:08.510102+00:00
00000041-0008-4000-8000-000000000000,completed,2026-06-27 14:24:25.494250+00:00,2026-06-27 14:24:25.636135+00:00
00000050-0003-4000-8000-000000000000,completed,2026-06-27 14:24:09.458883+00:00,2026-06-27 14:24:09.610398+00:00
00000009-0004-4000-8000-000000000000,completed,2026-06-27 14:24:10.176981+00:00,2026-06-27 14:24:10.322867+00:00
00000012-0010-4000-8000-000000000000,completed,2026-06-27 14:24:28.967872+00:00,2026-06-27 14:24:29.140152+00:00
00000011-0004-4000-8000-000000000000,completed,2026-06-27 14:24:10.534347+00:00,2026-06-27 14:24:10.667104+00:00
00000005-0009-4000-8000-000000000000,completed,2026-06-27 14:24:26.120541+00:00,2026-06-27 14:24:26.269022+00:00
00000026-0004-4000-8000-000000000000,completed,2026-06-27 14:24:11.550925+00:00,2026-06-27 14:24:11.691769+00:00
00000020-0005-4000-8000-000000000000,completed,2026-06-27 14:24:14.977149+00:00,2026-06-27 14:24:15.127702+00:00
00000015-0006-4000-8000-000000000000,completed,2026-06-27 14:24:18.012278+00:00,2026-06-27 14:24:18.159922+00:00
00000010-0009-4000-8000-000000000000,completed,2026-06-27 14:24:26.534955+00:00,2026-06-27 14:24:26.699386+00:00
00000046-0006-4000-8000-000000000000,completed,2026-06-27 14:24:20.289822+00:00,2026-06-27 14:24:20.429333+00:00
00000012-0013-4000-8000-000000000000,completed,2026-06-27 14:24:35.671383+00:00,2026-06-27 14:24:35.818313+00:00
00000011-0011-4000-8000-000000000000,completed,2026-06-27 14:24:31.504380+00:00,2026-06-27 14:24:31.658166+00:00
00000027-0009-4000-8000-000000000000,completed,2026-06-27 14:24:27.747198+00:00,2026-06-27 14:24:27.896771+00:00
00000049-0011-4000-8000-000000000000,completed,2026-06-27 14:24:33.109684+00:00,2026-06-27 14:24:33.259473+00:00
00000024-0011-4000-8000-000000000000,completed,2026-06-27 14:24:31.861137+00:00,2026-06-27 14:24:31.993368+00:00
00000039-0011-4000-8000-000000000000,completed,2026-06-27 14:24:32.580113+00:00,2026-06-27 14:24:32.717992+00:00
00000018-0012-4000-8000-000000000000,completed,2026-06-27 14:24:33.805992+00:00,2026-06-27 14:24:33.954308+00:00
00000043-0011-4000-8000-000000000000,completed,2026-06-27 14:24:32.934155+00:00,2026-06-27 14:24:33.076836+00:00
00000006-0012-4000-8000-000000000000,completed,2026-06-27 14:24:33.460425+00:00,2026-06-27 14:24:33.601916+00:00
00000013-0012-4000-8000-000000000000,completed,2026-06-27 14:24:33.632110+00:00,2026-06-27 14:24:33.776037+00:00
00000007-0013-4000-8000-000000000000,completed,2026-06-27 14:24:35.501245+00:00,2026-06-27 14:24:35.635025+00:00
00000048-0012-4000-8000-000000000000,completed,2026-06-27 14:24:35.173402+00:00,2026-06-27 14:24:35.309595+00:00
00000049-0013-4000-8000-000000000000,completed,2026-06-27 14:24:37.303588+00:00,2026-06-27 14:24:37.454739+00:00
00000019-0014-4000-8000-000000000000,completed,2026-06-27 14:24:38.419277+00:00,2026-06-27 14:24:38.558091+00:00
00000037-0014-4000-8000-000000000000,completed,2026-06-27 14:24:38.730140+00:00,2026-06-27 14:24:38.890573+00:00
00000048-0014-4000-8000-000000000000,completed,2026-06-27 14:24:39.198179+00:00,2026-06-27 14:24:39.344195+00:00
00000037-0003-4000-8000-000000000000,completed,2026-06-27 14:24:08.046712+00:00,2026-06-27 14:24:08.199262+00:00
00000044-0003-4000-8000-000000000000,completed,2026-06-27 14:24:08.429739+00:00,2026-06-27 14:24:08.578533+00:00
00000020-0010-4000-8000-000000000000,completed,2026-06-27 14:24:29.403066+00:00,2026-06-27 14:24:29.532426+00:00
00000012-0004-4000-8000-000000000000,completed,2026-06-27 14:24:10.265450+00:00,2026-06-27 14:24:10.406385+00:00
00000015-0004-4000-8000-000000000000,completed,2026-06-27 14:24:10.615680+00:00,2026-06-27 14:24:10.748277+00:00
00000013-0005-4000-8000-000000000000,completed,2026-06-27 14:24:14.455655+00:00,2026-06-27 14:24:14.595184+00:00
00000028-0010-4000-8000-000000000000,completed,2026-06-27 14:24:29.784629+00:00,2026-06-27 14:24:29.945059+00:00
00000045-0005-4000-8000-000000000000,completed,2026-06-27 14:24:16.849022+00:00,2026-06-27 14:24:16.995415+00:00
00000011-0006-4000-8000-000000000000,completed,2026-06-27 14:24:18.075662+00:00,2026-06-27 14:24:18.224034+00:00
00000039-0006-4000-8000-000000000000,completed,2026-06-27 14:24:19.609688+00:00,2026-06-27 14:24:19.751530+00:00
00000027-0010-4000-8000-000000000000,completed,2026-06-27 14:24:30.160661+00:00,2026-06-27 14:24:30.324350+00:00
00000014-0006-4000-8000-000000000000,completed,2026-06-27 14:24:19.860331+00:00,2026-06-27 14:24:20.004280+00:00
00000048-0007-4000-8000-000000000000,completed,2026-06-27 14:24:23.156103+00:00,2026-06-27 14:24:23.301435+00:00
00000011-0012-4000-8000-000000000000,completed,2026-06-27 14:24:33.719315+00:00,2026-06-27 14:24:33.871184+00:00
00000031-0010-4000-8000-000000000000,completed,2026-06-27 14:24:30.534517+00:00,2026-06-27 14:24:30.682080+00:00
00000044-0011-4000-8000-000000000000,completed,2026-06-27 14:24:32.668973+00:00,2026-06-27 14:24:32.811792+00:00
00000015-0011-4000-8000-000000000000,completed,2026-06-27 14:24:31.454086+00:00,2026-06-27 14:24:31.609101+00:00
00000033-0011-4000-8000-000000000000,completed,2026-06-27 14:24:32.178439+00:00,2026-06-27 14:24:32.313815+00:00
00000036-0011-4000-8000-000000000000,completed,2026-06-27 14:24:32.313614+00:00,2026-06-27 14:24:32.467537+00:00
00000041-0011-4000-8000-000000000000,completed,2026-06-27 14:24:32.713974+00:00,2026-06-27 14:24:32.885235+00:00
00000038-0011-4000-8000-000000000000,completed,2026-06-27 14:24:32.846761+00:00,2026-06-27 14:24:33.003151+00:00
00000005-0012-4000-8000-000000000000,completed,2026-06-27 14:24:33.240876+00:00,2026-06-27 14:24:33.404778+00:00
00000020-0012-4000-8000-000000000000,completed,2026-06-27 14:24:33.936309+00:00,2026-06-27 14:24:34.093997+00:00
00000050-0012-4000-8000-000000000000,completed,2026-06-27 14:24:35.296025+00:00,2026-06-27 14:24:35.465599+00:00
00000031-0012-4000-8000-000000000000,completed,2026-06-27 14:24:34.959430+00:00,2026-06-27 14:24:35.122619+00:00
00000022-0013-4000-8000-000000000000,completed,2026-06-27 14:24:36.128030+00:00,2026-06-27 14:24:36.266233+00:00
00000013-0013-4000-8000-000000000000,completed,2026-06-27 14:24:35.753677+00:00,2026-06-27 14:24:35.917678+00:00
00000015-0013-4000-8000-000000000000,completed,2026-06-27 14:24:35.794582+00:00,2026-06-27 14:24:35.924707+00:00
00000037-0013-4000-8000-000000000000,completed,2026-06-27 14:24:36.737052+00:00,2026-06-27 14:24:36.881884+00:00
00000046-0013-4000-8000-000000000000,completed,2026-06-27 14:24:37.264543+00:00,2026-06-27 14:24:37.406028+00:00
00000028-0014-4000-8000-000000000000,completed,2026-06-27 14:24:38.377500+00:00,2026-06-27 14:24:38.531882+00:00
00000035-0007-4000-8000-000000000000,completed,2026-06-27 14:24:22.306042+00:00,2026-06-27 14:24:22.480447+00:00
00000005-0004-4000-8000-000000000000,completed,2026-06-27 14:24:09.640543+00:00,2026-06-27 14:24:09.794553+00:00
00000017-0004-4000-8000-000000000000,completed,2026-06-27 14:24:10.701304+00:00,2026-06-27 14:24:10.828400+00:00
00000050-0004-4000-8000-000000000000,completed,2026-06-27 14:24:13.625741+00:00,2026-06-27 14:24:13.764401+00:00
00000050-0008-4000-8000-000000000000,completed,2026-06-27 14:24:26.018773+00:00,2026-06-27 14:24:26.156828+00:00
00000025-0005-4000-8000-000000000000,completed,2026-06-27 14:24:15.415986+00:00,2026-06-27 14:24:15.553914+00:00
00000033-0005-4000-8000-000000000000,completed,2026-06-27 14:24:15.694255+00:00,2026-06-27 14:24:15.838930+00:00
00000023-0013-4000-8000-000000000000,completed,2026-06-27 14:24:36.208629+00:00,2026-06-27 14:24:36.359624+00:00
00000035-0005-4000-8000-000000000000,completed,2026-06-27 14:24:16.025778+00:00,2026-06-27 14:24:16.170112+00:00
00000002-0009-4000-8000-000000000000,completed,2026-06-27 14:24:26.223583+00:00,2026-06-27 14:24:26.379394+00:00
00000014-0005-4000-8000-000000000000,completed,2026-06-27 14:24:16.644288+00:00,2026-06-27 14:24:16.817890+00:00
00000005-0006-4000-8000-000000000000,completed,2026-06-27 14:24:17.347993+00:00,2026-06-27 14:24:17.484582+00:00
00000025-0010-4000-8000-000000000000,completed,2026-06-27 14:24:29.689315+00:00,2026-06-27 14:24:29.829031+00:00
00000017-0006-4000-8000-000000000000,completed,2026-06-27 14:24:18.142257+00:00,2026-06-27 14:24:18.294584+00:00
00000016-0009-4000-8000-000000000000,completed,2026-06-27 14:24:26.841250+00:00,2026-06-27 14:24:26.998023+00:00
00000042-0006-4000-8000-000000000000,completed,2026-06-27 14:24:19.671125+00:00,2026-06-27 14:24:19.808797+00:00
00000025-0012-4000-8000-000000000000,completed,2026-06-27 14:24:34.193541+00:00,2026-06-27 14:24:34.332089+00:00
00000033-0010-4000-8000-000000000000,completed,2026-06-27 14:24:29.881514+00:00,2026-06-27 14:24:30.032783+00:00
00000005-0011-4000-8000-000000000000,completed,2026-06-27 14:24:30.996250+00:00,2026-06-27 14:24:31.130898+00:00
00000016-0012-4000-8000-000000000000,completed,2026-06-27 14:24:33.850109+00:00,2026-06-27 14:24:33.987010+00:00
00000041-0012-4000-8000-000000000000,completed,2026-06-27 14:24:34.874804+00:00,2026-06-27 14:24:35.025354+00:00
00000022-0012-4000-8000-000000000000,completed,2026-06-27 14:24:34.021842+00:00,2026-06-27 14:24:34.177769+00:00
00000022-0014-4000-8000-000000000000,completed,2026-06-27 14:24:38.142740+00:00,2026-06-27 14:24:38.278943+00:00
00000046-0012-4000-8000-000000000000,completed,2026-06-27 14:24:35.211679+00:00,2026-06-27 14:24:35.355335+00:00
00000031-0013-4000-8000-000000000000,completed,2026-06-27 14:24:37.019715+00:00,2026-06-27 14:24:37.157170+00:00
00000016-0014-4000-8000-000000000000,completed,2026-06-27 14:24:37.983745+00:00,2026-06-27 14:24:38.147236+00:00
00000050-0013-4000-8000-000000000000,completed,2026-06-27 14:24:37.343335+00:00,2026-06-27 14:24:37.489948+00:00
00000033-0014-4000-8000-000000000000,completed,2026-06-27 14:24:38.454603+00:00,2026-06-27 14:24:38.601201+00:00
00000042-0014-4000-8000-000000000000,completed,2026-06-27 14:24:38.845819+00:00,2026-06-27 14:24:38.998182+00:00
00000040-0014-4000-8000-000000000000,completed,2026-06-27 14:24:38.768371+00:00,2026-06-27 14:24:38.905225+00:00
00000050-0014-4000-8000-000000000000,completed,2026-06-27 14:24:39.313647+00:00,2026-06-27 14:24:39.477516+00:00
00000029-0007-4000-8000-000000000000,completed,2026-06-27 14:24:21.898745+00:00,2026-06-27 14:24:22.023096+00:00
00000013-0004-4000-8000-000000000000,completed,2026-06-27 14:24:10.441076+00:00,2026-06-27 14:24:10.575953+00:00
00000025-0004-4000-8000-000000000000,completed,2026-06-27 14:24:11.468030+00:00,2026-06-27 14:24:11.602439+00:00
00000010-0005-4000-8000-000000000000,completed,2026-06-27 14:24:14.395211+00:00,2026-06-27 14:24:14.528745+00:00
00000018-0008-4000-8000-000000000000,completed,2026-06-27 14:24:24.152788+00:00,2026-06-27 14:24:24.301404+00:00
00000030-0005-4000-8000-000000000000,completed,2026-06-27 14:24:16.044377+00:00,2026-06-27 14:24:16.166196+00:00
00000041-0005-4000-8000-000000000000,completed,2026-06-27 14:24:16.644104+00:00,2026-06-27 14:24:16.794982+00:00
00000004-0011-4000-8000-000000000000,completed,2026-06-27 14:24:31.043330+00:00,2026-06-27 14:24:31.176894+00:00
00000013-0006-4000-8000-000000000000,completed,2026-06-27 14:24:17.945956+00:00,2026-06-27 14:24:18.096932+00:00
00000048-0008-4000-8000-000000000000,completed,2026-06-27 14:24:25.860589+00:00,2026-06-27 14:24:26.006054+00:00
00000026-0006-4000-8000-000000000000,completed,2026-06-27 14:24:18.732553+00:00,2026-06-27 14:24:18.872342+00:00
00000019-0006-4000-8000-000000000000,completed,2026-06-27 14:24:18.980156+00:00,2026-06-27 14:24:19.107251+00:00
00000036-0006-4000-8000-000000000000,completed,2026-06-27 14:24:19.233624+00:00,2026-06-27 14:24:19.380601+00:00
00000030-0009-4000-8000-000000000000,completed,2026-06-27 14:24:27.697075+00:00,2026-06-27 14:24:27.834196+00:00
00000012-0007-4000-8000-000000000000,completed,2026-06-27 14:24:20.957725+00:00,2026-06-27 14:24:21.110917+00:00
00000043-0014-4000-8000-000000000000,completed,2026-06-27 14:24:39.121860+00:00,2026-06-27 14:24:39.267865+00:00
00000047-0015-4000-8000-000000000000,completed,2026-06-27 14:24:41.059987+00:00,2026-06-27 14:24:41.194999+00:00
00000009-0015-4000-8000-000000000000,completed,2026-06-27 14:24:39.619032+00:00,2026-06-27 14:24:39.769963+00:00
00000025-0015-4000-8000-000000000000,completed,2026-06-27 14:24:40.234284+00:00,2026-06-27 14:24:40.355662+00:00
00000021-0016-4000-8000-000000000000,completed,2026-06-27 14:24:41.914469+00:00,2026-06-27 14:24:42.054854+00:00
00000011-0016-4000-8000-000000000000,completed,2026-06-27 14:24:41.694765+00:00,2026-06-27 14:24:41.825631+00:00
00000017-0016-4000-8000-000000000000,completed,2026-06-27 14:24:41.730842+00:00,2026-06-27 14:24:41.890218+00:00
00000048-0015-4000-8000-000000000000,completed,2026-06-27 14:24:41.099880+00:00,2026-06-27 14:24:41.261456+00:00
00000046-0015-4000-8000-000000000000,completed,2026-06-27 14:24:41.136173+00:00,2026-06-27 14:24:41.261456+00:00
00000049-0015-4000-8000-000000000000,completed,2026-06-27 14:24:41.174005+00:00,2026-06-27 14:24:41.310627+00:00
00000050-0015-4000-8000-000000000000,completed,2026-06-27 14:24:41.210395+00:00,2026-06-27 14:24:41.354101+00:00
00000029-0016-4000-8000-000000000000,completed,2026-06-27 14:24:42.136605+00:00,2026-06-27 14:24:42.263853+00:00
00000026-0016-4000-8000-000000000000,completed,2026-06-27 14:24:42.063008+00:00,2026-06-27 14:24:42.213356+00:00
00000036-0016-4000-8000-000000000000,completed,2026-06-27 14:24:42.355772+00:00,2026-06-27 14:24:42.504127+00:00
00000048-0016-4000-8000-000000000000,completed,2026-06-27 14:24:42.934574+00:00,2026-06-27 14:24:43.148301+00:00
00000004-0017-4000-8000-000000000000,completed,2026-06-27 14:24:43.151348+00:00,2026-06-27 14:24:43.291388+00:00
00000049-0021-4000-8000-000000000000,completed,2026-06-27 14:24:51.386798+00:00,2026-06-27 14:24:51.529877+00:00
00000012-0017-4000-8000-000000000000,completed,2026-06-27 14:24:43.367083+00:00,2026-06-27 14:24:43.496911+00:00
00000008-0017-4000-8000-000000000000,completed,2026-06-27 14:24:43.652437+00:00,2026-06-27 14:24:43.796678+00:00
00000018-0030-4000-8000-000000000000,completed,2026-06-27 14:25:03.309607+00:00,2026-06-27 14:25:03.456418+00:00
00000030-0017-4000-8000-000000000000,completed,2026-06-27 14:24:44.218800+00:00,2026-06-27 14:24:44.358479+00:00
00000036-0018-4000-8000-000000000000,completed,2026-06-27 14:24:45.889026+00:00,2026-06-27 14:24:46.026097+00:00
00000048-0018-4000-8000-000000000000,completed,2026-06-27 14:24:46.437330+00:00,2026-06-27 14:24:46.569241+00:00
00000006-0024-4000-8000-000000000000,completed,2026-06-27 14:24:54.684981+00:00,2026-06-27 14:24:54.862325+00:00
00000003-0019-4000-8000-000000000000,completed,2026-06-27 14:24:46.573224+00:00,2026-06-27 14:24:46.701211+00:00
00000013-0024-4000-8000-000000000000,completed,2026-06-27 14:24:54.804835+00:00,2026-06-27 14:24:54.935600+00:00
00000029-0019-4000-8000-000000000000,completed,2026-06-27 14:24:47.379648+00:00,2026-06-27 14:24:47.513341+00:00
00000037-0020-4000-8000-000000000000,completed,2026-06-27 14:24:49.350227+00:00,2026-06-27 14:24:49.480735+00:00
00000012-0021-4000-8000-000000000000,completed,2026-06-27 14:24:50.121953+00:00,2026-06-27 14:24:50.262902+00:00
00000021-0024-4000-8000-000000000000,completed,2026-06-27 14:24:55.042248+00:00,2026-06-27 14:24:55.178011+00:00
00000024-0021-4000-8000-000000000000,completed,2026-06-27 14:24:50.511046+00:00,2026-06-27 14:24:50.656337+00:00
00000024-0027-4000-8000-000000000000,completed,2026-06-27 14:24:59.404691+00:00,2026-06-27 14:24:59.545737+00:00
00000029-0027-4000-8000-000000000000,completed,2026-06-27 14:24:59.516577+00:00,2026-06-27 14:24:59.659340+00:00
00000032-0025-4000-8000-000000000000,completed,2026-06-27 14:24:56.797449+00:00,2026-06-27 14:24:56.937060+00:00
00000006-0026-4000-8000-000000000000,completed,2026-06-27 14:24:57.602683+00:00,2026-06-27 14:24:57.739309+00:00
00000049-0029-4000-8000-000000000000,completed,2026-06-27 14:25:02.884234+00:00,2026-06-27 14:25:03.016095+00:00
00000041-0026-4000-8000-000000000000,completed,2026-06-27 14:24:58.537518+00:00,2026-06-27 14:24:58.678759+00:00
00000049-0027-4000-8000-000000000000,completed,2026-06-27 14:25:00.180857+00:00,2026-06-27 14:25:00.328471+00:00
00000003-0029-4000-8000-000000000000,completed,2026-06-27 14:25:01.599891+00:00,2026-06-27 14:25:01.747283+00:00
00000036-0028-4000-8000-000000000000,completed,2026-06-27 14:25:01.056764+00:00,2026-06-27 14:25:01.244029+00:00
00000007-0029-4000-8000-000000000000,completed,2026-06-27 14:25:01.711888+00:00,2026-06-27 14:25:01.857003+00:00
00000004-0030-4000-8000-000000000000,completed,2026-06-27 14:25:02.991140+00:00,2026-06-27 14:25:03.143128+00:00
00000021-0032-4000-8000-000000000000,completed,2026-06-27 14:25:06.006299+00:00,2026-06-27 14:25:06.145802+00:00
00000042-0031-4000-8000-000000000000,completed,2026-06-27 14:25:05.185882+00:00,2026-06-27 14:25:05.322980+00:00
00000032-0031-4000-8000-000000000000,completed,2026-06-27 14:25:04.978618+00:00,2026-06-27 14:25:05.131159+00:00
00000006-0032-4000-8000-000000000000,completed,2026-06-27 14:25:05.699487+00:00,2026-06-27 14:25:05.853036+00:00
00000018-0032-4000-8000-000000000000,completed,2026-06-27 14:25:05.903819+00:00,2026-06-27 14:25:06.054133+00:00
00000019-0017-4000-8000-000000000000,completed,2026-06-27 14:24:44.007446+00:00,2026-06-27 14:24:44.146480+00:00
00000035-0017-4000-8000-000000000000,completed,2026-06-27 14:24:44.184765+00:00,2026-06-27 14:24:44.327114+00:00
00000026-0021-4000-8000-000000000000,completed,2026-06-27 14:24:50.568200+00:00,2026-06-27 14:24:50.702345+00:00
00000037-0017-4000-8000-000000000000,completed,2026-06-27 14:24:44.290435+00:00,2026-06-27 14:24:44.423977+00:00
00000038-0017-4000-8000-000000000000,completed,2026-06-27 14:24:44.570896+00:00,2026-06-27 14:24:44.697761+00:00
00000003-0030-4000-8000-000000000000,completed,2026-06-27 14:25:02.939655+00:00,2026-06-27 14:25:03.075114+00:00
00000007-0018-4000-8000-000000000000,completed,2026-06-27 14:24:44.994692+00:00,2026-06-27 14:24:45.124907+00:00
00000011-0022-4000-8000-000000000000,completed,2026-06-27 14:24:51.831081+00:00,2026-06-27 14:24:51.969079+00:00
00000012-0018-4000-8000-000000000000,completed,2026-06-27 14:24:45.130726+00:00,2026-06-27 14:24:45.294478+00:00
00000032-0018-4000-8000-000000000000,completed,2026-06-27 14:24:45.819820+00:00,2026-06-27 14:24:45.949690+00:00
00000011-0026-4000-8000-000000000000,completed,2026-06-27 14:24:57.772582+00:00,2026-06-27 14:24:57.918861+00:00
00000014-0018-4000-8000-000000000000,completed,2026-06-27 14:24:46.234384+00:00,2026-06-27 14:24:46.366420+00:00
00000013-0023-4000-8000-000000000000,completed,2026-06-27 14:24:53.302445+00:00,2026-06-27 14:24:53.443718+00:00
00000043-0018-4000-8000-000000000000,completed,2026-06-27 14:24:46.369909+00:00,2026-06-27 14:24:46.505252+00:00
00000006-0021-4000-8000-000000000000,completed,2026-06-27 14:24:50.057979+00:00,2026-06-27 14:24:50.194099+00:00
00000013-0021-4000-8000-000000000000,completed,2026-06-27 14:24:50.189686+00:00,2026-06-27 14:24:50.344774+00:00
00000036-0023-4000-8000-000000000000,completed,2026-06-27 14:24:53.907639+00:00,2026-06-27 14:24:54.049447+00:00
00000021-0021-4000-8000-000000000000,completed,2026-06-27 14:24:50.441755+00:00,2026-06-27 14:24:50.571413+00:00
00000013-0027-4000-8000-000000000000,completed,2026-06-27 14:24:59.127216+00:00,2026-06-27 14:24:59.278505+00:00
00000024-0026-4000-8000-000000000000,completed,2026-06-27 14:24:58.000307+00:00,2026-06-27 14:24:58.140285+00:00
00000008-0024-4000-8000-000000000000,completed,2026-06-27 14:24:54.982516+00:00,2026-06-27 14:24:55.118544+00:00
00000014-0024-4000-8000-000000000000,completed,2026-06-27 14:24:55.691099+00:00,2026-06-27 14:24:55.824889+00:00
00000038-0025-4000-8000-000000000000,completed,2026-06-27 14:24:57.200098+00:00,2026-06-27 14:24:57.343586+00:00
00000012-0028-4000-8000-000000000000,completed,2026-06-27 14:25:00.455433+00:00,2026-06-27 14:25:00.620673+00:00
00000042-0026-4000-8000-000000000000,completed,2026-06-27 14:24:58.481284+00:00,2026-06-27 14:24:58.621463+00:00
00000031-0026-4000-8000-000000000000,completed,2026-06-27 14:24:58.593088+00:00,2026-06-27 14:24:58.740977+00:00
00000037-0027-4000-8000-000000000000,completed,2026-06-27 14:25:00.015354+00:00,2026-06-27 14:25:00.169292+00:00
00000048-0027-4000-8000-000000000000,completed,2026-06-27 14:25:00.124593+00:00,2026-06-27 14:25:00.285364+00:00
00000006-0029-4000-8000-000000000000,completed,2026-06-27 14:25:01.761581+00:00,2026-06-27 14:25:01.932797+00:00
00000043-0028-4000-8000-000000000000,completed,2026-06-27 14:25:01.436428+00:00,2026-06-27 14:25:01.640030+00:00
00000018-0029-4000-8000-000000000000,completed,2026-06-27 14:25:01.976745+00:00,2026-06-27 14:25:02.116916+00:00
00000048-0029-4000-8000-000000000000,completed,2026-06-27 14:25:02.830252+00:00,2026-06-27 14:25:02.981769+00:00
00000031-0030-4000-8000-000000000000,completed,2026-06-27 14:25:03.992228+00:00,2026-06-27 14:25:04.141594+00:00
00000031-0020-4000-8000-000000000000,completed,2026-06-27 14:24:49.575670+00:00,2026-06-27 14:24:49.717163+00:00
00000045-0017-4000-8000-000000000000,completed,2026-06-27 14:24:44.609492+00:00,2026-06-27 14:24:44.757639+00:00
00000010-0018-4000-8000-000000000000,completed,2026-06-27 14:24:45.165272+00:00,2026-06-27 14:24:45.294014+00:00
00000034-0018-4000-8000-000000000000,completed,2026-06-27 14:24:45.853637+00:00,2026-06-27 14:24:46.005995+00:00
00000009-0021-4000-8000-000000000000,completed,2026-06-27 14:24:50.090517+00:00,2026-06-27 14:24:50.222600+00:00
00000042-0018-4000-8000-000000000000,completed,2026-06-27 14:24:46.128159+00:00,2026-06-27 14:24:46.275838+00:00
00000016-0023-4000-8000-000000000000,completed,2026-06-27 14:24:53.452362+00:00,2026-06-27 14:24:53.589785+00:00
00000047-0018-4000-8000-000000000000,completed,2026-06-27 14:24:46.403377+00:00,2026-06-27 14:24:46.549078+00:00
00000050-0018-4000-8000-000000000000,completed,2026-06-27 14:24:46.537863+00:00,2026-06-27 14:24:46.721424+00:00
00000035-0019-4000-8000-000000000000,completed,2026-06-27 14:24:47.613456+00:00,2026-06-27 14:24:47.761360+00:00
00000005-0020-4000-8000-000000000000,completed,2026-06-27 14:24:48.272583+00:00,2026-06-27 14:24:48.410279+00:00
00000033-0021-4000-8000-000000000000,completed,2026-06-27 14:24:50.726301+00:00,2026-06-27 14:24:50.864289+00:00
00000034-0020-4000-8000-000000000000,completed,2026-06-27 14:24:49.188382+00:00,2026-06-27 14:24:49.341256+00:00
00000031-0024-4000-8000-000000000000,completed,2026-06-27 14:24:55.719640+00:00,2026-06-27 14:24:55.861877+00:00
00000042-0020-4000-8000-000000000000,completed,2026-06-27 14:24:49.446365+00:00,2026-06-27 14:24:49.600797+00:00
00000040-0023-4000-8000-000000000000,completed,2026-06-27 14:24:54.056774+00:00,2026-06-27 14:24:54.190045+00:00
00000035-0021-4000-8000-000000000000,completed,2026-06-27 14:24:50.853299+00:00,2026-06-27 14:24:50.986020+00:00
00000040-0021-4000-8000-000000000000,completed,2026-06-27 14:24:50.978299+00:00,2026-06-27 14:24:51.124255+00:00
00000017-0022-4000-8000-000000000000,completed,2026-06-27 14:24:51.857173+00:00,2026-06-27 14:24:52.020448+00:00
00000027-0022-4000-8000-000000000000,completed,2026-06-27 14:24:52.475922+00:00,2026-06-27 14:24:52.620911+00:00
00000001-0024-4000-8000-000000000000,completed,2026-06-27 14:24:54.654976+00:00,2026-06-27 14:24:54.803857+00:00
00000010-0026-4000-8000-000000000000,completed,2026-06-27 14:24:57.687502+00:00,2026-06-27 14:24:57.836532+00:00
00000017-0024-4000-8000-000000000000,completed,2026-06-27 14:24:54.894306+00:00,2026-06-27 14:24:55.029107+00:00
00000033-0025-4000-8000-000000000000,completed,2026-06-27 14:24:56.770207+00:00,2026-06-27 14:24:56.899426+00:00
00000005-0026-4000-8000-000000000000,completed,2026-06-27 14:24:57.457927+00:00,2026-06-27 14:24:57.592805+00:00
00000002-0027-4000-8000-000000000000,completed,2026-06-27 14:24:58.932218+00:00,2026-06-27 14:24:59.069225+00:00
00000034-0026-4000-8000-000000000000,completed,2026-06-27 14:24:58.256835+00:00,2026-06-27 14:24:58.388076+00:00
00000027-0026-4000-8000-000000000000,completed,2026-06-27 14:24:58.369415+00:00,2026-06-27 14:24:58.492237+00:00
00000015-0027-4000-8000-000000000000,completed,2026-06-27 14:24:59.154141+00:00,2026-06-27 14:24:59.284241+00:00
00000033-0027-4000-8000-000000000000,completed,2026-06-27 14:24:59.599126+00:00,2026-06-27 14:24:59.744034+00:00
00000014-0027-4000-8000-000000000000,completed,2026-06-27 14:24:59.932469+00:00,2026-06-27 14:25:00.082145+00:00
00000010-0021-4000-8000-000000000000,completed,2026-06-27 14:24:50.153261+00:00,2026-06-27 14:24:50.292879+00:00
00000015-0018-4000-8000-000000000000,completed,2026-06-27 14:24:45.233144+00:00,2026-06-27 14:24:45.360384+00:00
00000016-0018-4000-8000-000000000000,completed,2026-06-27 14:24:45.374995+00:00,2026-06-27 14:24:45.502571+00:00
00000002-0028-4000-8000-000000000000,completed,2026-06-27 14:25:00.318274+00:00,2026-06-27 14:25:00.467557+00:00
00000023-0021-4000-8000-000000000000,completed,2026-06-27 14:24:50.537069+00:00,2026-06-27 14:24:50.686213+00:00
00000046-0018-4000-8000-000000000000,completed,2026-06-27 14:24:46.469561+00:00,2026-06-27 14:24:46.647557+00:00
00000005-0019-4000-8000-000000000000,completed,2026-06-27 14:24:46.603817+00:00,2026-06-27 14:24:46.740230+00:00
00000001-0019-4000-8000-000000000000,completed,2026-06-27 14:24:46.738681+00:00,2026-06-27 14:24:46.897824+00:00
00000023-0019-4000-8000-000000000000,completed,2026-06-27 14:24:47.279328+00:00,2026-06-27 14:24:47.408260+00:00
00000047-0021-4000-8000-000000000000,completed,2026-06-27 14:24:51.297052+00:00,2026-06-27 14:24:51.428163+00:00
00000034-0019-4000-8000-000000000000,completed,2026-06-27 14:24:47.548089+00:00,2026-06-27 14:24:47.678663+00:00
00000009-0020-4000-8000-000000000000,completed,2026-06-27 14:24:48.470028+00:00,2026-06-27 14:24:48.613455+00:00
00000050-0025-4000-8000-000000000000,completed,2026-06-27 14:24:57.402428+00:00,2026-06-27 14:24:57.533858+00:00
00000016-0020-4000-8000-000000000000,completed,2026-06-27 14:24:48.733116+00:00,2026-06-27 14:24:48.870144+00:00
00000046-0020-4000-8000-000000000000,completed,2026-06-27 14:24:49.768703+00:00,2026-06-27 14:24:49.924293+00:00
00000017-0025-4000-8000-000000000000,completed,2026-06-27 14:24:56.363261+00:00,2026-06-27 14:24:56.522762+00:00
00000020-0025-4000-8000-000000000000,completed,2026-06-27 14:24:56.478558+00:00,2026-06-27 14:24:56.630293+00:00
00000005-0023-4000-8000-000000000000,completed,2026-06-27 14:24:53.027282+00:00,2026-06-27 14:24:53.167767+00:00
00000001-0023-4000-8000-000000000000,completed,2026-06-27 14:24:53.150953+00:00,2026-06-27 14:24:53.275864+00:00
00000034-0023-4000-8000-000000000000,completed,2026-06-27 14:24:53.877785+00:00,2026-06-27 14:24:54.008148+00:00
00000002-0024-4000-8000-000000000000,completed,2026-06-27 14:24:54.597717+00:00,2026-06-27 14:24:54.738384+00:00
00000027-0025-4000-8000-000000000000,completed,2026-06-27 14:24:56.942232+00:00,2026-06-27 14:24:57.081987+00:00
00000045-0026-4000-8000-000000000000,completed,2026-06-27 14:24:58.652649+00:00,2026-06-27 14:24:58.796078+00:00
00000031-0025-4000-8000-000000000000,completed,2026-06-27 14:24:57.172169+00:00,2026-06-27 14:24:57.304795+00:00
00000015-0026-4000-8000-000000000000,completed,2026-06-27 14:24:57.743145+00:00,2026-06-27 14:24:57.874002+00:00
00000035-0026-4000-8000-000000000000,completed,2026-06-27 14:24:58.312360+00:00,2026-06-27 14:24:58.440021+00:00
00000044-0027-4000-8000-000000000000,completed,2026-06-27 14:24:59.876931+00:00,2026-06-27 14:25:00.047080+00:00
00000020-0027-4000-8000-000000000000,completed,2026-06-27 14:24:59.322039+00:00,2026-06-27 14:24:59.460421+00:00
00000050-0027-4000-8000-000000000000,completed,2026-06-27 14:25:00.206977+00:00,2026-06-27 14:25:00.341564+00:00
00000035-0028-4000-8000-000000000000,completed,2026-06-27 14:25:01.084029+00:00,2026-06-27 14:25:01.271757+00:00
00000017-0029-4000-8000-000000000000,completed,2026-06-27 14:25:01.949558+00:00,2026-06-27 14:25:02.120230+00:00
00000025-0035-4000-8000-000000000000,completed,2026-06-27 14:25:09.897847+00:00,2026-06-27 14:25:10.054101+00:00
00000016-0029-4000-8000-000000000000,completed,2026-06-27 14:25:02.003123+00:00,2026-06-27 14:25:02.149521+00:00
00000015-0031-4000-8000-000000000000,completed,2026-06-27 14:25:04.538636+00:00,2026-06-27 14:25:04.696152+00:00
00000009-0043-4000-8000-000000000000,completed,2026-06-27 14:25:19.497005+00:00,2026-06-27 14:25:19.629071+00:00
00000016-0037-4000-8000-000000000000,completed,2026-06-27 14:25:12.195576+00:00,2026-06-27 14:25:12.344808+00:00
00000022-0031-4000-8000-000000000000,completed,2026-06-27 14:25:04.748064+00:00,2026-06-27 14:25:04.892892+00:00
00000025-0031-4000-8000-000000000000,completed,2026-06-27 14:25:04.850155+00:00,2026-06-27 14:25:05.013101+00:00
00000023-0032-4000-8000-000000000000,completed,2026-06-27 14:25:06.082950+00:00,2026-06-27 14:25:06.240170+00:00
00000046-0033-4000-8000-000000000000,completed,2026-06-27 14:25:07.996866+00:00,2026-06-27 14:25:08.138911+00:00
00000047-0034-4000-8000-000000000000,completed,2026-06-27 14:25:09.196821+00:00,2026-06-27 14:25:09.339695+00:00
00000025-0037-4000-8000-000000000000,completed,2026-06-27 14:25:12.395555+00:00,2026-06-27 14:25:12.532633+00:00
00000050-0034-4000-8000-000000000000,completed,2026-06-27 14:25:09.296330+00:00,2026-06-27 14:25:09.443278+00:00
00000002-0035-4000-8000-000000000000,completed,2026-06-27 14:25:09.395784+00:00,2026-06-27 14:25:09.537928+00:00
00000033-0037-4000-8000-000000000000,completed,2026-06-27 14:25:12.496315+00:00,2026-06-27 14:25:12.639461+00:00
00000016-0035-4000-8000-000000000000,completed,2026-06-27 14:25:09.696209+00:00,2026-06-27 14:25:09.866310+00:00
00000022-0039-4000-8000-000000000000,completed,2026-06-27 14:25:14.801157+00:00,2026-06-27 14:25:14.951854+00:00
00000025-0039-4000-8000-000000000000,completed,2026-06-27 14:25:14.896639+00:00,2026-06-27 14:25:15.059203+00:00
00000005-0038-4000-8000-000000000000,completed,2026-06-27 14:25:13.099610+00:00,2026-06-27 14:25:13.249483+00:00
00000023-0038-4000-8000-000000000000,completed,2026-06-27 14:25:13.596494+00:00,2026-06-27 14:25:13.762087+00:00
00000016-0041-4000-8000-000000000000,completed,2026-06-27 14:25:17.196988+00:00,2026-06-27 14:25:17.345154+00:00
00000027-0038-4000-8000-000000000000,completed,2026-06-27 14:25:13.900310+00:00,2026-06-27 14:25:14.049745+00:00
00000023-0040-4000-8000-000000000000,completed,2026-06-27 14:25:16.096045+00:00,2026-06-27 14:25:16.242015+00:00
00000001-0040-4000-8000-000000000000,completed,2026-06-27 14:25:15.698012+00:00,2026-06-27 14:25:15.878588+00:00
00000010-0040-4000-8000-000000000000,completed,2026-06-27 14:25:15.795682+00:00,2026-06-27 14:25:15.924879+00:00
00000028-0040-4000-8000-000000000000,completed,2026-06-27 14:25:16.198883+00:00,2026-06-27 14:25:16.341956+00:00
00000050-0040-4000-8000-000000000000,completed,2026-06-27 14:25:16.797311+00:00,2026-06-27 14:25:16.932465+00:00
00000028-0042-4000-8000-000000000000,completed,2026-06-27 14:25:18.697274+00:00,2026-06-27 14:25:18.863414+00:00
00000033-0041-4000-8000-000000000000,completed,2026-06-27 14:25:17.496766+00:00,2026-06-27 14:25:17.643506+00:00
00000002-0043-4000-8000-000000000000,completed,2026-06-27 14:25:19.397090+00:00,2026-06-27 14:25:19.552349+00:00
00000033-0043-4000-8000-000000000000,completed,2026-06-27 14:25:19.999084+00:00,2026-06-27 14:25:20.133329+00:00
00000045-0043-4000-8000-000000000000,completed,2026-06-27 14:25:20.398075+00:00,2026-06-27 14:25:20.569060+00:00
00000027-0035-4000-8000-000000000000,completed,2026-06-27 14:25:10.151948+00:00,2026-06-27 14:25:10.318203+00:00
00000023-0029-4000-8000-000000000000,completed,2026-06-27 14:25:02.165743+00:00,2026-06-27 14:25:02.312532+00:00
00000025-0034-4000-8000-000000000000,completed,2026-06-27 14:25:08.648822+00:00,2026-06-27 14:25:08.820018+00:00
00000038-0029-4000-8000-000000000000,completed,2026-06-27 14:25:02.699124+00:00,2026-06-27 14:25:02.844286+00:00
00000047-0029-4000-8000-000000000000,completed,2026-06-27 14:25:02.822416+00:00,2026-06-27 14:25:02.970145+00:00
00000044-0035-4000-8000-000000000000,completed,2026-06-27 14:25:10.248914+00:00,2026-06-27 14:25:10.391880+00:00
00000002-0030-4000-8000-000000000000,completed,2026-06-27 14:25:03.018252+00:00,2026-06-27 14:25:03.151523+00:00
00000033-0034-4000-8000-000000000000,completed,2026-06-27 14:25:08.745873+00:00,2026-06-27 14:25:08.907106+00:00
00000017-0031-4000-8000-000000000000,completed,2026-06-27 14:25:04.590257+00:00,2026-06-27 14:25:04.736351+00:00
00000035-0034-4000-8000-000000000000,completed,2026-06-27 14:25:08.846023+00:00,2026-06-27 14:25:08.985534+00:00
00000050-0031-4000-8000-000000000000,completed,2026-06-27 14:25:05.519433+00:00,2026-06-27 14:25:05.679266+00:00
00000016-0032-4000-8000-000000000000,completed,2026-06-27 14:25:05.928922+00:00,2026-06-27 14:25:06.103266+00:00
00000014-0032-4000-8000-000000000000,completed,2026-06-27 14:25:06.539370+00:00,2026-06-27 14:25:06.679521+00:00
00000020-0035-4000-8000-000000000000,completed,2026-06-27 14:25:09.749236+00:00,2026-06-27 14:25:09.912849+00:00
00000047-0033-4000-8000-000000000000,completed,2026-06-27 14:25:07.945938+00:00,2026-06-27 14:25:08.084347+00:00
00000009-0034-4000-8000-000000000000,completed,2026-06-27 14:25:08.245295+00:00,2026-06-27 14:25:08.390510+00:00
00000009-0036-4000-8000-000000000000,completed,2026-06-27 14:25:10.746934+00:00,2026-06-27 14:25:10.894828+00:00
00000015-0036-4000-8000-000000000000,completed,2026-06-27 14:25:10.845704+00:00,2026-06-27 14:25:10.993406+00:00
00000028-0035-4000-8000-000000000000,completed,2026-06-27 14:25:09.948995+00:00,2026-06-27 14:25:10.100698+00:00
00000034-0035-4000-8000-000000000000,completed,2026-06-27 14:25:10.047520+00:00,2026-06-27 14:25:10.195060+00:00
00000015-0038-4000-8000-000000000000,completed,2026-06-27 14:25:13.346447+00:00,2026-06-27 14:25:13.479892+00:00
00000050-0035-4000-8000-000000000000,completed,2026-06-27 14:25:10.546314+00:00,2026-06-27 14:25:10.711353+00:00
00000034-0037-4000-8000-000000000000,completed,2026-06-27 14:25:12.546582+00:00,2026-06-27 14:25:12.709932+00:00
00000002-0036-4000-8000-000000000000,completed,2026-06-27 14:25:10.647177+00:00,2026-06-27 14:25:10.785720+00:00
00000035-0036-4000-8000-000000000000,completed,2026-06-27 14:25:11.347434+00:00,2026-06-27 14:25:11.492894+00:00
00000010-0037-4000-8000-000000000000,completed,2026-06-27 14:25:12.046162+00:00,2026-06-27 14:25:12.187854+00:00
00000044-0037-4000-8000-000000000000,completed,2026-06-27 14:25:12.746460+00:00,2026-06-27 14:25:12.893494+00:00
00000009-0038-4000-8000-000000000000,completed,2026-06-27 14:25:13.245916+00:00,2026-06-27 14:25:13.404384+00:00
00000014-0038-4000-8000-000000000000,completed,2026-06-27 14:25:14.048398+00:00,2026-06-27 14:25:14.204721+00:00
00000017-0039-4000-8000-000000000000,completed,2026-06-27 14:25:14.647694+00:00,2026-06-27 14:25:14.809831+00:00
00000047-0039-4000-8000-000000000000,completed,2026-06-27 14:25:15.446950+00:00,2026-06-27 14:25:15.587953+00:00
00000006-0039-4000-8000-000000000000,completed,2026-06-27 14:25:14.472254+00:00,2026-06-27 14:25:14.607381+00:00
00000043-0030-4000-8000-000000000000,completed,2026-06-27 14:25:04.096739+00:00,2026-06-27 14:25:04.241611+00:00
00000018-0031-4000-8000-000000000000,completed,2026-06-27 14:25:04.615848+00:00,2026-06-27 14:25:04.757075+00:00
00000032-0044-4000-8000-000000000000,completed,2026-06-27 14:25:21.273514+00:00,2026-06-27 14:25:21.416579+00:00
00000037-0031-4000-8000-000000000000,completed,2026-06-27 14:25:05.341160+00:00,2026-06-27 14:25:05.496439+00:00
00000021-0039-4000-8000-000000000000,completed,2026-06-27 14:25:14.773691+00:00,2026-06-27 14:25:14.914733+00:00
00000012-0032-4000-8000-000000000000,completed,2026-06-27 14:25:05.750675+00:00,2026-06-27 14:25:05.890987+00:00
00000042-0032-4000-8000-000000000000,completed,2026-06-27 14:25:06.464517+00:00,2026-06-27 14:25:06.615715+00:00
00000041-0041-4000-8000-000000000000,completed,2026-06-27 14:25:17.771683+00:00,2026-06-27 14:25:17.914375+00:00
00000018-0033-4000-8000-000000000000,completed,2026-06-27 14:25:07.169184+00:00,2026-06-27 14:25:07.306607+00:00
00000048-0039-4000-8000-000000000000,completed,2026-06-27 14:25:15.471192+00:00,2026-06-27 14:25:15.615407+00:00
00000012-0034-4000-8000-000000000000,completed,2026-06-27 14:25:08.272092+00:00,2026-06-27 14:25:08.424458+00:00
00000012-0036-4000-8000-000000000000,completed,2026-06-27 14:25:10.772253+00:00,2026-06-27 14:25:10.922711+00:00
00000004-0037-4000-8000-000000000000,completed,2026-06-27 14:25:11.873576+00:00,2026-06-27 14:25:12.013788+00:00
00000008-0040-4000-8000-000000000000,completed,2026-06-27 14:25:15.972052+00:00,2026-06-27 14:25:16.114753+00:00
00000041-0037-4000-8000-000000000000,completed,2026-06-27 14:25:12.774017+00:00,2026-06-27 14:25:13.032007+00:00
00000042-0042-4000-8000-000000000000,completed,2026-06-27 14:25:18.974298+00:00,2026-06-27 14:25:19.104739+00:00
00000048-0041-4000-8000-000000000000,completed,2026-06-27 14:25:17.971574+00:00,2026-06-27 14:25:18.106772+00:00
00000018-0041-4000-8000-000000000000,completed,2026-06-27 14:25:17.171951+00:00,2026-06-27 14:25:17.317321+00:00
00000026-0041-4000-8000-000000000000,completed,2026-06-27 14:25:17.372351+00:00,2026-06-27 14:25:17.521955+00:00
00000019-0041-4000-8000-000000000000,completed,2026-06-27 14:25:17.472765+00:00,2026-06-27 14:25:17.634645+00:00
00000011-0042-4000-8000-000000000000,completed,2026-06-27 14:25:18.373012+00:00,2026-06-27 14:25:18.513631+00:00
00000035-0043-4000-8000-000000000000,completed,2026-06-27 14:25:20.071634+00:00,2026-06-27 14:25:20.231925+00:00
00000029-0042-4000-8000-000000000000,completed,2026-06-27 14:25:18.671742+00:00,2026-06-27 14:25:18.802417+00:00
00000049-0042-4000-8000-000000000000,completed,2026-06-27 14:25:19.272779+00:00,2026-06-27 14:25:19.450896+00:00
00000040-0043-4000-8000-000000000000,completed,2026-06-27 14:25:20.175663+00:00,2026-06-27 14:25:20.341876+00:00
00000049-0044-4000-8000-000000000000,completed,2026-06-27 14:25:21.773312+00:00,2026-06-27 14:25:21.908559+00:00
00000042-0044-4000-8000-000000000000,completed,2026-06-27 14:25:21.472354+00:00,2026-06-27 14:25:21.630995+00:00
00000021-0045-4000-8000-000000000000,completed,2026-06-27 14:25:22.271291+00:00,2026-06-27 14:25:22.406001+00:00
00000019-0045-4000-8000-000000000000,completed,2026-06-27 14:25:22.472255+00:00,2026-06-27 14:25:22.608796+00:00
00000048-0045-4000-8000-000000000000,completed,2026-06-27 14:25:22.972808+00:00,2026-06-27 14:25:23.140346+00:00
00000003-0033-4000-8000-000000000000,completed,2026-06-27 14:25:06.817915+00:00,2026-06-27 14:25:06.951404+00:00
00000024-0037-4000-8000-000000000000,completed,2026-06-27 14:25:12.323012+00:00,2026-06-27 14:25:12.481971+00:00
00000011-0033-4000-8000-000000000000,completed,2026-06-27 14:25:07.120746+00:00,2026-06-27 14:25:07.260973+00:00
00000029-0037-4000-8000-000000000000,completed,2026-06-27 14:25:12.422566+00:00,2026-06-27 14:25:12.564551+00:00
00000018-0034-4000-8000-000000000000,completed,2026-06-27 14:25:08.422914+00:00,2026-06-27 14:25:08.574625+00:00
00000012-0041-4000-8000-000000000000,completed,2026-06-27 14:25:17.021951+00:00,2026-06-27 14:25:17.182065+00:00
00000024-0035-4000-8000-000000000000,completed,2026-06-27 14:25:09.822638+00:00,2026-06-27 14:25:09.962156+00:00
00000029-0035-4000-8000-000000000000,completed,2026-06-27 14:25:09.929273+00:00,2026-06-27 14:25:10.080043+00:00
00000043-0037-4000-8000-000000000000,completed,2026-06-27 14:25:12.925298+00:00,2026-06-27 14:25:13.071021+00:00
00000030-0035-4000-8000-000000000000,completed,2026-06-27 14:25:10.121566+00:00,2026-06-27 14:25:10.261318+00:00
00000018-0036-4000-8000-000000000000,completed,2026-06-27 14:25:10.922011+00:00,2026-06-27 14:25:11.061779+00:00
00000037-0036-4000-8000-000000000000,completed,2026-06-27 14:25:11.622552+00:00,2026-06-27 14:25:11.790631+00:00
00000004-0038-4000-8000-000000000000,completed,2026-06-27 14:25:13.120528+00:00,2026-06-27 14:25:13.260892+00:00
00000012-0037-4000-8000-000000000000,completed,2026-06-27 14:25:12.022287+00:00,2026-06-27 14:25:12.174956+00:00
00000026-0042-4000-8000-000000000000,completed,2026-06-27 14:25:18.621347+00:00,2026-06-27 14:25:18.760380+00:00
00000008-0037-4000-8000-000000000000,completed,2026-06-27 14:25:12.221238+00:00,2026-06-27 14:25:12.378195+00:00
00000008-0041-4000-8000-000000000000,completed,2026-06-27 14:25:17.223573+00:00,2026-06-27 14:25:17.382360+00:00
00000043-0039-4000-8000-000000000000,completed,2026-06-27 14:25:15.421689+00:00,2026-06-27 14:25:15.574336+00:00
00000018-0040-4000-8000-000000000000,completed,2026-06-27 14:25:15.923413+00:00,2026-06-27 14:25:16.053238+00:00
00000003-0041-4000-8000-000000000000,completed,2026-06-27 14:25:16.822796+00:00,2026-06-27 14:25:16.971849+00:00
00000032-0041-4000-8000-000000000000,completed,2026-06-27 14:25:17.521802+00:00,2026-06-27 14:25:17.666492+00:00
00000004-0044-4000-8000-000000000000,completed,2026-06-27 14:25:20.626900+00:00,2026-06-27 14:25:20.770656+00:00
00000042-0041-4000-8000-000000000000,completed,2026-06-27 14:25:17.722262+00:00,2026-06-27 14:25:17.866149+00:00
00000037-0042-4000-8000-000000000000,completed,2026-06-27 14:25:19.121820+00:00,2026-06-27 14:25:19.262199+00:00
00000024-0043-4000-8000-000000000000,completed,2026-06-27 14:25:19.825870+00:00,2026-06-27 14:25:19.969790+00:00
00000003-0045-4000-8000-000000000000,completed,2026-06-27 14:25:21.822334+00:00,2026-06-27 14:25:21.959416+00:00
00000041-0044-4000-8000-000000000000,completed,2026-06-27 14:25:21.522244+00:00,2026-06-27 14:25:21.663780+00:00
00000012-0045-4000-8000-000000000000,completed,2026-06-27 14:25:22.022532+00:00,2026-06-27 14:25:22.174420+00:00
00000006-0046-4000-8000-000000000000,completed,2026-06-27 14:25:23.222796+00:00,2026-06-27 14:25:23.367942+00:00
00000021-0046-4000-8000-000000000000,completed,2026-06-27 14:25:23.523016+00:00,2026-06-27 14:25:23.676599+00:00
00000041-0046-4000-8000-000000000000,completed,2026-06-27 14:25:24.024015+00:00,2026-06-27 14:25:24.153830+00:00
00000050-0039-4000-8000-000000000000,completed,2026-06-27 14:25:15.546563+00:00,2026-06-27 14:25:15.710313+00:00
00000017-0043-4000-8000-000000000000,completed,2026-06-27 14:25:19.646957+00:00,2026-06-27 14:25:19.789634+00:00
00000046-0040-4000-8000-000000000000,completed,2026-06-27 14:25:16.748067+00:00,2026-06-27 14:25:16.881833+00:00
00000020-0043-4000-8000-000000000000,completed,2026-06-27 14:25:19.748307+00:00,2026-06-27 14:25:19.875120+00:00
00000017-0041-4000-8000-000000000000,completed,2026-06-27 14:25:17.149465+00:00,2026-06-27 14:25:17.306975+00:00
00000027-0045-4000-8000-000000000000,completed,2026-06-27 14:25:22.646783+00:00,2026-06-27 14:25:22.801300+00:00
00000034-0041-4000-8000-000000000000,completed,2026-06-27 14:25:17.546316+00:00,2026-06-27 14:25:17.710819+00:00
00000027-0041-4000-8000-000000000000,completed,2026-06-27 14:25:17.646418+00:00,2026-06-27 14:25:17.794809+00:00
00000044-0043-4000-8000-000000000000,completed,2026-06-27 14:25:20.247365+00:00,2026-06-27 14:25:20.388865+00:00
00000050-0041-4000-8000-000000000000,completed,2026-06-27 14:25:18.046855+00:00,2026-06-27 14:25:18.203304+00:00
00000002-0042-4000-8000-000000000000,completed,2026-06-27 14:25:18.147366+00:00,2026-06-27 14:25:18.286061+00:00
00000039-0042-4000-8000-000000000000,completed,2026-06-27 14:25:18.946693+00:00,2026-06-27 14:25:19.087814+00:00
00000009-0044-4000-8000-000000000000,completed,2026-06-27 14:25:20.748299+00:00,2026-06-27 14:25:20.887671+00:00
00000001-0043-4000-8000-000000000000,completed,2026-06-27 14:25:19.447849+00:00,2026-06-27 14:25:19.618512+00:00
00000044-0047-4000-8000-000000000000,completed,2026-06-27 14:25:25.247039+00:00,2026-06-27 14:25:25.390634+00:00
00000010-0043-4000-8000-000000000000,completed,2026-06-27 14:25:19.553556+00:00,2026-06-27 14:25:19.702967+00:00
00000002-0046-4000-8000-000000000000,completed,2026-06-27 14:25:23.147084+00:00,2026-06-27 14:25:23.294753+00:00
00000016-0044-4000-8000-000000000000,completed,2026-06-27 14:25:20.946972+00:00,2026-06-27 14:25:21.098092+00:00
00000033-0044-4000-8000-000000000000,completed,2026-06-27 14:25:21.247893+00:00,2026-06-27 14:25:21.400341+00:00
00000017-0045-4000-8000-000000000000,completed,2026-06-27 14:25:22.149693+00:00,2026-06-27 14:25:22.311073+00:00
00000015-0046-4000-8000-000000000000,completed,2026-06-27 14:25:23.348771+00:00,2026-06-27 14:25:23.484402+00:00
00000020-0047-4000-8000-000000000000,completed,2026-06-27 14:25:24.749303+00:00,2026-06-27 14:25:24.892849+00:00
00000002-0048-4000-8000-000000000000,completed,2026-06-27 14:25:25.649575+00:00,2026-06-27 14:25:25.799730+00:00
00000036-0048-4000-8000-000000000000,completed,2026-06-27 14:25:26.347226+00:00,2026-06-27 14:25:26.505280+00:00
00000009-0047-4000-8000-000000000000,completed,2026-06-27 14:25:24.497637+00:00,2026-06-27 14:25:24.647498+00:00
00000017-0044-4000-8000-000000000000,completed,2026-06-27 14:25:20.896927+00:00,2026-06-27 14:25:21.055360+00:00
00000020-0044-4000-8000-000000000000,completed,2026-06-27 14:25:20.997827+00:00,2026-06-27 14:25:21.142872+00:00
00000023-0044-4000-8000-000000000000,completed,2026-06-27 14:25:21.100928+00:00,2026-06-27 14:25:21.242715+00:00
00000027-0044-4000-8000-000000000000,completed,2026-06-27 14:25:21.397134+00:00,2026-06-27 14:25:21.519082+00:00
00000050-0044-4000-8000-000000000000,completed,2026-06-27 14:25:21.799079+00:00,2026-06-27 14:25:21.963377+00:00
00000022-0047-4000-8000-000000000000,completed,2026-06-27 14:25:24.798515+00:00,2026-06-27 14:25:24.935010+00:00
00000025-0047-4000-8000-000000000000,completed,2026-06-27 14:25:24.897940+00:00,2026-06-27 14:25:25.040722+00:00
00000009-0045-4000-8000-000000000000,completed,2026-06-27 14:25:21.997550+00:00,2026-06-27 14:25:22.138492+00:00
00000015-0045-4000-8000-000000000000,completed,2026-06-27 14:25:22.100008+00:00,2026-06-27 14:25:22.257403+00:00
00000033-0045-4000-8000-000000000000,completed,2026-06-27 14:25:22.500226+00:00,2026-06-27 14:25:22.658376+00:00
00000036-0045-4000-8000-000000000000,completed,2026-06-27 14:25:22.596505+00:00,2026-06-27 14:25:22.743557+00:00
00000014-0047-4000-8000-000000000000,completed,2026-06-27 14:25:25.298070+00:00,2026-06-27 14:25:25.444108+00:00
00000023-0046-4000-8000-000000000000,completed,2026-06-27 14:25:23.597728+00:00,2026-06-27 14:25:23.776474+00:00
00000034-0048-4000-8000-000000000000,completed,2026-06-27 14:25:26.298331+00:00,2026-06-27 14:25:26.445914+00:00
00000015-0049-4000-8000-000000000000,completed,2026-06-27 14:25:27.097408+00:00,2026-06-27 14:25:27.245980+00:00
00000016-0049-4000-8000-000000000000,completed,2026-06-27 14:25:27.198503+00:00,2026-06-27 14:25:27.330177+00:00
00000024-0046-4000-8000-000000000000,completed,2026-06-27 14:25:23.573626+00:00,2026-06-27 14:25:23.740873+00:00
00000032-0048-4000-8000-000000000000,completed,2026-06-27 14:25:26.273108+00:00,2026-06-27 14:25:26.412552+00:00
00000031-0048-4000-8000-000000000000,completed,2026-06-27 14:25:26.574715+00:00,2026-06-27 14:25:26.707435+00:00
00000021-0049-4000-8000-000000000000,completed,2026-06-27 14:25:27.273808+00:00,2026-06-27 14:25:27.420823+00:00
00000035-0049-4000-8000-000000000000,completed,2026-06-27 14:25:27.572645+00:00,2026-06-27 14:25:27.731761+00:00
00000041-0049-4000-8000-000000000000,completed,2026-06-27 14:25:27.777597+00:00,2026-06-27 14:25:27.922977+00:00
00000048-0049-4000-8000-000000000000,completed,2026-06-27 14:25:27.973529+00:00,2026-06-27 14:25:28.119339+00:00
00000007-0050-4000-8000-000000000000,completed,2026-06-27 14:25:28.174114+00:00,2026-06-27 14:25:28.336455+00:00
00000023-0051-4000-8000-000000000000,completed,2026-06-27 14:25:29.848607+00:00,2026-06-27 14:25:29.985918+00:00
00000043-0047-4000-8000-000000000000,completed,2026-06-27 14:25:25.423808+00:00,2026-06-27 14:25:25.563439+00:00
00000034-0050-4000-8000-000000000000,completed,2026-06-27 14:25:28.797345+00:00,2026-06-27 14:25:28.955744+00:00
00000006-0048-4000-8000-000000000000,completed,2026-06-27 14:25:25.732519+00:00,2026-06-27 14:25:25.873649+00:00
00000035-0050-4000-8000-000000000000,completed,2026-06-27 14:25:28.822501+00:00,2026-06-27 14:25:28.967674+00:00
00000021-0048-4000-8000-000000000000,completed,2026-06-27 14:25:26.022627+00:00,2026-06-27 14:25:26.200459+00:00
00000036-0050-4000-8000-000000000000,completed,2026-06-27 14:25:28.847309+00:00,2026-06-27 14:25:28.982752+00:00
00000041-0048-4000-8000-000000000000,completed,2026-06-27 14:25:26.523277+00:00,2026-06-27 14:25:26.681725+00:00
00000031-0049-4000-8000-000000000000,completed,2026-06-27 14:25:27.824302+00:00,2026-06-27 14:25:27.972560+00:00
00000006-0050-4000-8000-000000000000,completed,2026-06-27 14:25:28.223242+00:00,2026-06-27 14:25:28.380796+00:00
00000010-0050-4000-8000-000000000000,completed,2026-06-27 14:25:28.297494+00:00,2026-06-27 14:25:28.442908+00:00
00000017-0050-4000-8000-000000000000,completed,2026-06-27 14:25:28.398364+00:00,2026-06-27 14:25:28.536239+00:00
00000025-0050-4000-8000-000000000000,completed,2026-06-27 14:25:28.648702+00:00,2026-06-27 14:25:28.792097+00:00
00000023-0052-4000-8000-000000000000,completed,2026-06-27 14:25:31.099652+00:00,2026-06-27 14:25:31.232004+00:00
00000009-0051-4000-8000-000000000000,completed,2026-06-27 14:25:29.498592+00:00,2026-06-27 14:25:29.647382+00:00
00000045-0050-4000-8000-000000000000,completed,2026-06-27 14:25:29.149305+00:00,2026-06-27 14:25:29.286530+00:00
00000015-0051-4000-8000-000000000000,completed,2026-06-27 14:25:29.598892+00:00,2026-06-27 14:25:29.757041+00:00
00000011-0051-4000-8000-000000000000,completed,2026-06-27 14:25:29.623526+00:00,2026-06-27 14:25:29.791782+00:00
00000047-0050-4000-8000-000000000000,completed,2026-06-27 14:25:29.198845+00:00,2026-06-27 14:25:29.340467+00:00
00000046-0050-4000-8000-000000000000,completed,2026-06-27 14:25:29.251660+00:00,2026-06-27 14:25:29.406191+00:00
00000050-0050-4000-8000-000000000000,completed,2026-06-27 14:25:29.296847+00:00,2026-06-27 14:25:29.440578+00:00
00000003-0051-4000-8000-000000000000,completed,2026-06-27 14:25:29.322560+00:00,2026-06-27 14:25:29.476438+00:00
00000048-0051-4000-8000-000000000000,completed,2026-06-27 14:25:30.473044+00:00,2026-06-27 14:25:30.649438+00:00
00000019-0051-4000-8000-000000000000,completed,2026-06-27 14:25:29.973508+00:00,2026-06-27 14:25:30.122534+00:00
00000033-0051-4000-8000-000000000000,completed,2026-06-27 14:25:29.999875+00:00,2026-06-27 14:25:30.148886+00:00
00000031-0051-4000-8000-000000000000,completed,2026-06-27 14:25:30.324449+00:00,2026-06-27 14:25:30.461489+00:00
00000002-0052-4000-8000-000000000000,completed,2026-06-27 14:25:30.648712+00:00,2026-06-27 14:25:30.792710+00:00
00000037-0052-4000-8000-000000000000,completed,2026-06-27 14:25:31.624620+00:00,2026-06-27 14:25:31.770478+00:00
00000021-0052-4000-8000-000000000000,completed,2026-06-27 14:25:31.025651+00:00,2026-06-27 14:25:31.177835+00:00
00000030-0052-4000-8000-000000000000,completed,2026-06-27 14:25:31.373108+00:00,2026-06-27 14:25:31.503504+00:00
00000014-0052-4000-8000-000000000000,completed,2026-06-27 14:25:31.548408+00:00,2026-06-27 14:25:31.678358+00:00
00000016-0056-4000-8000-000000000000,completed,2026-06-27 14:25:35.959923+00:00,2026-06-27 14:25:36.106857+00:00
00000045-0052-4000-8000-000000000000,completed,2026-06-27 14:25:31.649114+00:00,2026-06-27 14:25:31.794561+00:00
00000010-0053-4000-8000-000000000000,completed,2026-06-27 14:25:32.047614+00:00,2026-06-27 14:25:32.192657+00:00
00000022-0064-4000-8000-000000000000,completed,2026-06-27 14:25:46.049608+00:00,2026-06-27 14:25:46.177740+00:00
00000020-0053-4000-8000-000000000000,completed,2026-06-27 14:25:32.249353+00:00,2026-06-27 14:25:32.399620+00:00
00000033-0056-4000-8000-000000000000,completed,2026-06-27 14:25:36.248906+00:00,2026-06-27 14:25:36.394146+00:00
00000034-0053-4000-8000-000000000000,completed,2026-06-27 14:25:32.549252+00:00,2026-06-27 14:25:32.692779+00:00
00000002-0054-4000-8000-000000000000,completed,2026-06-27 14:25:33.153300+00:00,2026-06-27 14:25:33.303027+00:00
00000050-0059-4000-8000-000000000000,completed,2026-06-27 14:25:40.548387+00:00,2026-06-27 14:25:40.700095+00:00
00000025-0054-4000-8000-000000000000,completed,2026-06-27 14:25:33.649554+00:00,2026-06-27 14:25:33.782770+00:00
00000020-0057-4000-8000-000000000000,completed,2026-06-27 14:25:37.248786+00:00,2026-06-27 14:25:37.406972+00:00
00000036-0054-4000-8000-000000000000,completed,2026-06-27 14:25:33.848040+00:00,2026-06-27 14:25:33.993010+00:00
00000045-0054-4000-8000-000000000000,completed,2026-06-27 14:25:34.148174+00:00,2026-06-27 14:25:34.309599+00:00
00000005-0055-4000-8000-000000000000,completed,2026-06-27 14:25:34.349121+00:00,2026-06-27 14:25:34.490224+00:00
00000034-0057-4000-8000-000000000000,completed,2026-06-27 14:25:37.548659+00:00,2026-06-27 14:25:37.690188+00:00
00000027-0055-4000-8000-000000000000,completed,2026-06-27 14:25:35.147577+00:00,2026-06-27 14:25:35.301544+00:00
00000050-0061-4000-8000-000000000000,completed,2026-06-27 14:25:43.048407+00:00,2026-06-27 14:25:43.203776+00:00
00000022-0060-4000-8000-000000000000,completed,2026-06-27 14:25:41.048281+00:00,2026-06-27 14:25:41.188462+00:00
00000038-0057-4000-8000-000000000000,completed,2026-06-27 14:25:37.847497+00:00,2026-06-27 14:25:37.984878+00:00
00000046-0058-4000-8000-000000000000,completed,2026-06-27 14:25:39.249413+00:00,2026-06-27 14:25:39.414621+00:00
00000028-0059-4000-8000-000000000000,completed,2026-06-27 14:25:39.949692+00:00,2026-06-27 14:25:40.087184+00:00
00000045-0060-4000-8000-000000000000,completed,2026-06-27 14:25:41.648144+00:00,2026-06-27 14:25:41.787495+00:00
00000039-0062-4000-8000-000000000000,completed,2026-06-27 14:25:43.948462+00:00,2026-06-27 14:25:44.082137+00:00
00000028-0061-4000-8000-000000000000,completed,2026-06-27 14:25:42.447675+00:00,2026-06-27 14:25:42.603338+00:00
00000015-0062-4000-8000-000000000000,completed,2026-06-27 14:25:43.348024+00:00,2026-06-27 14:25:43.488534+00:00
00000033-0062-4000-8000-000000000000,completed,2026-06-27 14:25:43.748611+00:00,2026-06-27 14:25:43.880720+00:00
00000038-0063-4000-8000-000000000000,completed,2026-06-27 14:25:45.347832+00:00,2026-06-27 14:25:45.485520+00:00
00000016-0064-4000-8000-000000000000,completed,2026-06-27 14:25:45.952402+00:00,2026-06-27 14:25:46.090955+00:00
00000039-0064-4000-8000-000000000000,completed,2026-06-27 14:25:46.449131+00:00,2026-06-27 14:25:46.583893+00:00
00000020-0065-4000-8000-000000000000,completed,2026-06-27 14:25:47.249987+00:00,2026-06-27 14:25:47.388452+00:00
00000034-0065-4000-8000-000000000000,completed,2026-06-27 14:25:47.553115+00:00,2026-06-27 14:25:47.688595+00:00
00000030-0055-4000-8000-000000000000,completed,2026-06-27 14:25:35.123106+00:00,2026-06-27 14:25:35.272742+00:00
00000048-0052-4000-8000-000000000000,completed,2026-06-27 14:25:31.722767+00:00,2026-06-27 14:25:31.866707+00:00
00000003-0053-4000-8000-000000000000,completed,2026-06-27 14:25:31.824079+00:00,2026-06-27 14:25:31.960317+00:00
00000042-0055-4000-8000-000000000000,completed,2026-06-27 14:25:35.224441+00:00,2026-06-27 14:25:35.372078+00:00
00000024-0053-4000-8000-000000000000,completed,2026-06-27 14:25:32.323040+00:00,2026-06-27 14:25:32.477828+00:00
00000035-0058-4000-8000-000000000000,completed,2026-06-27 14:25:38.824406+00:00,2026-06-27 14:25:38.968128+00:00
00000035-0054-4000-8000-000000000000,completed,2026-06-27 14:25:33.823100+00:00,2026-06-27 14:25:33.956445+00:00
00000040-0054-4000-8000-000000000000,completed,2026-06-27 14:25:33.924176+00:00,2026-06-27 14:25:34.098662+00:00
00000041-0054-4000-8000-000000000000,completed,2026-06-27 14:25:34.022772+00:00,2026-06-27 14:25:34.187203+00:00
00000037-0056-4000-8000-000000000000,completed,2026-06-27 14:25:36.624296+00:00,2026-06-27 14:25:36.799716+00:00
00000007-0055-4000-8000-000000000000,completed,2026-06-27 14:25:34.422899+00:00,2026-06-27 14:25:34.579142+00:00
00000012-0055-4000-8000-000000000000,completed,2026-06-27 14:25:34.525385+00:00,2026-06-27 14:25:34.658865+00:00
00000008-0055-4000-8000-000000000000,completed,2026-06-27 14:25:34.725348+00:00,2026-06-27 14:25:34.885334+00:00
00000006-0060-4000-8000-000000000000,completed,2026-06-27 14:25:40.723405+00:00,2026-06-27 14:25:40.865080+00:00
00000037-0058-4000-8000-000000000000,completed,2026-06-27 14:25:39.125158+00:00,2026-06-27 14:25:39.262420+00:00
00000032-0055-4000-8000-000000000000,completed,2026-06-27 14:25:35.023781+00:00,2026-06-27 14:25:35.177712+00:00
00000048-0056-4000-8000-000000000000,completed,2026-06-27 14:25:36.722769+00:00,2026-06-27 14:25:36.878231+00:00
00000003-0057-4000-8000-000000000000,completed,2026-06-27 14:25:36.822298+00:00,2026-06-27 14:25:36.983892+00:00
00000006-0058-4000-8000-000000000000,completed,2026-06-27 14:25:38.225013+00:00,2026-06-27 14:25:38.381815+00:00
00000018-0058-4000-8000-000000000000,completed,2026-06-27 14:25:38.423737+00:00,2026-06-27 14:25:38.567217+00:00
00000030-0059-4000-8000-000000000000,completed,2026-06-27 14:25:40.124768+00:00,2026-06-27 14:25:40.260407+00:00
00000003-0061-4000-8000-000000000000,completed,2026-06-27 14:25:41.824100+00:00,2026-06-27 14:25:41.977396+00:00
00000031-0059-4000-8000-000000000000,completed,2026-06-27 14:25:40.325702+00:00,2026-06-27 14:25:40.467018+00:00
00000019-0060-4000-8000-000000000000,completed,2026-06-27 14:25:41.224544+00:00,2026-06-27 14:25:41.386242+00:00
00000035-0060-4000-8000-000000000000,completed,2026-06-27 14:25:41.324728+00:00,2026-06-27 14:25:41.469098+00:00
00000031-0061-4000-8000-000000000000,completed,2026-06-27 14:25:42.824424+00:00,2026-06-27 14:25:42.962676+00:00
00000032-0061-4000-8000-000000000000,completed,2026-06-27 14:25:42.526330+00:00,2026-06-27 14:25:42.661895+00:00
00000030-0061-4000-8000-000000000000,completed,2026-06-27 14:25:42.623533+00:00,2026-06-27 14:25:42.760433+00:00
00000018-0062-4000-8000-000000000000,completed,2026-06-27 14:25:43.425387+00:00,2026-06-27 14:25:43.560301+00:00
00000035-0062-4000-8000-000000000000,completed,2026-06-27 14:25:43.825064+00:00,2026-06-27 14:25:43.991686+00:00
00000037-0062-4000-8000-000000000000,completed,2026-06-27 14:25:44.129979+00:00,2026-06-27 14:25:44.273644+00:00
00000013-0059-4000-8000-000000000000,completed,2026-06-27 14:25:39.575457+00:00,2026-06-27 14:25:39.729418+00:00
00000018-0053-4000-8000-000000000000,completed,2026-06-27 14:25:32.173067+00:00,2026-06-27 14:25:32.323061+00:00
00000012-0054-4000-8000-000000000000,completed,2026-06-27 14:25:33.273179+00:00,2026-06-27 14:25:33.410516+00:00
00000029-0054-4000-8000-000000000000,completed,2026-06-27 14:25:33.674798+00:00,2026-06-27 14:25:33.811097+00:00
00000024-0060-4000-8000-000000000000,completed,2026-06-27 14:25:41.074380+00:00,2026-06-27 14:25:41.226502+00:00
00000035-0055-4000-8000-000000000000,completed,2026-06-27 14:25:35.073920+00:00,2026-06-27 14:25:35.218627+00:00
00000029-0056-4000-8000-000000000000,completed,2026-06-27 14:25:36.172331+00:00,2026-06-27 14:25:36.323205+00:00
00000012-0062-4000-8000-000000000000,completed,2026-06-27 14:25:43.272834+00:00,2026-06-27 14:25:43.415226+00:00
00000049-0056-4000-8000-000000000000,completed,2026-06-27 14:25:36.774176+00:00,2026-06-27 14:25:36.917203+00:00
00000004-0061-4000-8000-000000000000,completed,2026-06-27 14:25:41.875404+00:00,2026-06-27 14:25:42.038612+00:00
00000013-0057-4000-8000-000000000000,completed,2026-06-27 14:25:37.072997+00:00,2026-06-27 14:25:37.248250+00:00
00000011-0058-4000-8000-000000000000,completed,2026-06-27 14:25:38.374424+00:00,2026-06-27 14:25:38.519725+00:00
00000032-0058-4000-8000-000000000000,completed,2026-06-27 14:25:38.774334+00:00,2026-06-27 14:25:38.935218+00:00
00000018-0061-4000-8000-000000000000,completed,2026-06-27 14:25:42.174231+00:00,2026-06-27 14:25:42.310787+00:00
00000043-0058-4000-8000-000000000000,completed,2026-06-27 14:25:39.174476+00:00,2026-06-27 14:25:39.318357+00:00
00000043-0062-4000-8000-000000000000,completed,2026-06-27 14:25:44.173772+00:00,2026-06-27 14:25:44.323571+00:00
00000035-0061-4000-8000-000000000000,completed,2026-06-27 14:25:42.574537+00:00,2026-06-27 14:25:42.723602+00:00
00000024-0062-4000-8000-000000000000,completed,2026-06-27 14:25:43.573397+00:00,2026-06-27 14:25:43.724176+00:00
00000040-0061-4000-8000-000000000000,completed,2026-06-27 14:25:42.680365+00:00,2026-06-27 14:25:42.839585+00:00
00000041-0061-4000-8000-000000000000,completed,2026-06-27 14:25:42.779248+00:00,2026-06-27 14:25:42.927753+00:00
00000029-0062-4000-8000-000000000000,completed,2026-06-27 14:25:43.675295+00:00,2026-06-27 14:25:43.799435+00:00
00000042-0062-4000-8000-000000000000,completed,2026-06-27 14:25:43.973765+00:00,2026-06-27 14:25:44.116062+00:00
00000018-0063-4000-8000-000000000000,completed,2026-06-27 14:25:44.673508+00:00,2026-06-27 14:25:44.824222+00:00
00000049-0064-4000-8000-000000000000,completed,2026-06-27 14:25:46.774172+00:00,2026-06-27 14:25:46.926167+00:00
00000026-0063-4000-8000-000000000000,completed,2026-06-27 14:25:44.873821+00:00,2026-06-27 14:25:45.011588+00:00
00000012-0064-4000-8000-000000000000,completed,2026-06-27 14:25:45.771551+00:00,2026-06-27 14:25:45.925456+00:00
00000011-0064-4000-8000-000000000000,completed,2026-06-27 14:25:45.874747+00:00,2026-06-27 14:25:46.015276+00:00
00000008-0064-4000-8000-000000000000,completed,2026-06-27 14:25:45.973827+00:00,2026-06-27 14:25:46.109592+00:00
00000006-0065-4000-8000-000000000000,completed,2026-06-27 14:25:46.974636+00:00,2026-06-27 14:25:47.126979+00:00
00000035-0065-4000-8000-000000000000,completed,2026-06-27 14:25:47.575349+00:00,2026-06-27 14:25:47.724105+00:00
00000003-0066-4000-8000-000000000000,completed,2026-06-27 14:25:48.073542+00:00,2026-06-27 14:25:48.208252+00:00
00000002-0057-4000-8000-000000000000,completed,2026-06-27 14:25:36.899717+00:00,2026-06-27 14:25:37.055773+00:00
00000045-0053-4000-8000-000000000000,completed,2026-06-27 14:25:32.899658+00:00,2026-06-27 14:25:33.041225+00:00
00000046-0053-4000-8000-000000000000,completed,2026-06-27 14:25:32.999402+00:00,2026-06-27 14:25:33.131280+00:00
00000009-0057-4000-8000-000000000000,completed,2026-06-27 14:25:36.998832+00:00,2026-06-27 14:25:37.139269+00:00
00000017-0054-4000-8000-000000000000,completed,2026-06-27 14:25:33.398336+00:00,2026-06-27 14:25:33.537876+00:00
00000020-0054-4000-8000-000000000000,completed,2026-06-27 14:25:33.500092+00:00,2026-06-27 14:25:33.629892+00:00
00000047-0058-4000-8000-000000000000,completed,2026-06-27 14:25:39.200287+00:00,2026-06-27 14:25:39.356521+00:00
00000028-0054-4000-8000-000000000000,completed,2026-06-27 14:25:33.697497+00:00,2026-06-27 14:25:33.829812+00:00
00000039-0057-4000-8000-000000000000,completed,2026-06-27 14:25:37.699645+00:00,2026-06-27 14:25:37.857199+00:00
00000044-0054-4000-8000-000000000000,completed,2026-06-27 14:25:33.997826+00:00,2026-06-27 14:25:34.122887+00:00
00000022-0055-4000-8000-000000000000,completed,2026-06-27 14:25:34.797154+00:00,2026-06-27 14:25:34.950769+00:00
00000025-0055-4000-8000-000000000000,completed,2026-06-27 14:25:34.897876+00:00,2026-06-27 14:25:35.032793+00:00
00000046-0057-4000-8000-000000000000,completed,2026-06-27 14:25:37.997686+00:00,2026-06-27 14:25:38.144308+00:00
00000014-0055-4000-8000-000000000000,completed,2026-06-27 14:25:35.298382+00:00,2026-06-27 14:25:35.456371+00:00
00000023-0056-4000-8000-000000000000,completed,2026-06-27 14:25:36.097234+00:00,2026-06-27 14:25:36.230637+00:00
00000028-0060-4000-8000-000000000000,completed,2026-06-27 14:25:41.203060+00:00,2026-06-27 14:25:41.340801+00:00
00000017-0058-4000-8000-000000000000,completed,2026-06-27 14:25:38.398749+00:00,2026-06-27 14:25:38.536066+00:00
00000034-0058-4000-8000-000000000000,completed,2026-06-27 14:25:38.798765+00:00,2026-06-27 14:25:38.947017+00:00
00000025-0059-4000-8000-000000000000,completed,2026-06-27 14:25:39.898021+00:00,2026-06-27 14:25:40.046675+00:00
00000044-0058-4000-8000-000000000000,completed,2026-06-27 14:25:39.001681+00:00,2026-06-27 14:25:39.148237+00:00
00000033-0059-4000-8000-000000000000,completed,2026-06-27 14:25:39.999422+00:00,2026-06-27 14:25:40.147974+00:00
00000045-0061-4000-8000-000000000000,completed,2026-06-27 14:25:42.899059+00:00,2026-06-27 14:25:43.046875+00:00
00000020-0060-4000-8000-000000000000,completed,2026-06-27 14:25:40.999020+00:00,2026-06-27 14:25:41.135546+00:00
00000038-0060-4000-8000-000000000000,completed,2026-06-27 14:25:41.598837+00:00,2026-06-27 14:25:41.761250+00:00
00000016-0061-4000-8000-000000000000,completed,2026-06-27 14:25:42.224827+00:00,2026-06-27 14:25:42.367654+00:00
00000020-0062-4000-8000-000000000000,completed,2026-06-27 14:25:43.502422+00:00,2026-06-27 14:25:43.637248+00:00
00000005-0062-4000-8000-000000000000,completed,2026-06-27 14:25:43.102902+00:00,2026-06-27 14:25:43.262566+00:00
00000028-0062-4000-8000-000000000000,completed,2026-06-27 14:25:43.698416+00:00,2026-06-27 14:25:43.849310+00:00
00000044-0062-4000-8000-000000000000,completed,2026-06-27 14:25:43.998826+00:00,2026-06-27 14:25:44.165043+00:00
00000046-0063-4000-8000-000000000000,completed,2026-06-27 14:25:45.498964+00:00,2026-06-27 14:25:45.642546+00:00
00000050-0064-4000-8000-000000000000,completed,2026-06-27 14:25:46.799692+00:00,2026-06-27 14:25:46.939133+00:00
00000026-0068-4000-8000-000000000000,completed,2026-06-27 14:25:51.122856+00:00,2026-06-27 14:25:51.272826+00:00
00000024-0063-4000-8000-000000000000,completed,2026-06-27 14:25:44.824067+00:00,2026-06-27 14:25:44.969541+00:00
00000029-0063-4000-8000-000000000000,completed,2026-06-27 14:25:44.924700+00:00,2026-06-27 14:25:45.070863+00:00
00000031-0063-4000-8000-000000000000,completed,2026-06-27 14:25:45.332153+00:00,2026-06-27 14:25:45.464715+00:00
00000035-0068-4000-8000-000000000000,completed,2026-06-27 14:25:51.327970+00:00,2026-06-27 14:25:51.471502+00:00
00000040-0064-4000-8000-000000000000,completed,2026-06-27 14:25:46.423578+00:00,2026-06-27 14:25:46.578665+00:00
00000037-0064-4000-8000-000000000000,completed,2026-06-27 14:25:46.625118+00:00,2026-06-27 14:25:46.755059+00:00
00000040-0070-4000-8000-000000000000,completed,2026-06-27 14:25:53.923304+00:00,2026-06-27 14:25:54.078614+00:00
00000048-0068-4000-8000-000000000000,completed,2026-06-27 14:25:51.724744+00:00,2026-06-27 14:25:51.863292+00:00
00000006-0066-4000-8000-000000000000,completed,2026-06-27 14:25:48.223581+00:00,2026-06-27 14:25:48.358603+00:00
00000013-0066-4000-8000-000000000000,completed,2026-06-27 14:25:48.327465+00:00,2026-06-27 14:25:48.471731+00:00
00000021-0066-4000-8000-000000000000,completed,2026-06-27 14:25:48.524669+00:00,2026-06-27 14:25:48.658441+00:00
00000024-0069-4000-8000-000000000000,completed,2026-06-27 14:25:52.328362+00:00,2026-06-27 14:25:52.468264+00:00
00000024-0067-4000-8000-000000000000,completed,2026-06-27 14:25:49.824690+00:00,2026-06-27 14:25:49.965720+00:00
00000029-0067-4000-8000-000000000000,completed,2026-06-27 14:25:49.924543+00:00,2026-06-27 14:25:50.075879+00:00
00000013-0072-4000-8000-000000000000,completed,2026-06-27 14:25:55.822773+00:00,2026-06-27 14:25:55.972226+00:00
00000031-0069-4000-8000-000000000000,completed,2026-06-27 14:25:52.826885+00:00,2026-06-27 14:25:52.975541+00:00
00000006-0070-4000-8000-000000000000,completed,2026-06-27 14:25:53.224412+00:00,2026-06-27 14:25:53.365143+00:00
00000019-0070-4000-8000-000000000000,completed,2026-06-27 14:25:53.722893+00:00,2026-06-27 14:25:53.865120+00:00
00000040-0072-4000-8000-000000000000,completed,2026-06-27 14:25:56.422896+00:00,2026-06-27 14:25:56.593650+00:00
00000049-0073-4000-8000-000000000000,completed,2026-06-27 14:25:58.023504+00:00,2026-06-27 14:25:58.160332+00:00
00000008-0073-4000-8000-000000000000,completed,2026-06-27 14:25:57.222720+00:00,2026-06-27 14:25:57.349801+00:00
00000004-0074-4000-8000-000000000000,completed,2026-06-27 14:25:58.122911+00:00,2026-06-27 14:25:58.264866+00:00
00000037-0074-4000-8000-000000000000,completed,2026-06-27 14:25:59.123692+00:00,2026-06-27 14:25:59.284472+00:00
00000018-0074-4000-8000-000000000000,completed,2026-06-27 14:25:58.423650+00:00,2026-06-27 14:25:58.557184+00:00
00000035-0074-4000-8000-000000000000,completed,2026-06-27 14:25:58.824698+00:00,2026-06-27 14:25:58.971204+00:00
00000040-0074-4000-8000-000000000000,completed,2026-06-27 14:25:58.923445+00:00,2026-06-27 14:25:59.096137+00:00
00000031-0075-4000-8000-000000000000,completed,2026-06-27 14:26:00.323285+00:00,2026-06-27 14:26:00.470944+00:00
00000049-0075-4000-8000-000000000000,completed,2026-06-27 14:26:00.523958+00:00,2026-06-27 14:26:00.674314+00:00
00000006-0076-4000-8000-000000000000,completed,2026-06-27 14:26:00.723266+00:00,2026-06-27 14:26:00.879598+00:00
00000018-0076-4000-8000-000000000000,completed,2026-06-27 14:26:00.926136+00:00,2026-06-27 14:26:01.081543+00:00
00000044-0076-4000-8000-000000000000,completed,2026-06-27 14:26:01.502124+00:00,2026-06-27 14:26:01.649017+00:00
00000025-0065-4000-8000-000000000000,completed,2026-06-27 14:25:47.403416+00:00,2026-06-27 14:25:47.564718+00:00
00000020-0070-4000-8000-000000000000,completed,2026-06-27 14:25:53.497849+00:00,2026-06-27 14:25:53.632972+00:00
00000045-0065-4000-8000-000000000000,completed,2026-06-27 14:25:47.900574+00:00,2026-06-27 14:25:48.057104+00:00
00000023-0070-4000-8000-000000000000,completed,2026-06-27 14:25:53.598912+00:00,2026-06-27 14:25:53.738174+00:00
00000010-0066-4000-8000-000000000000,completed,2026-06-27 14:25:48.300815+00:00,2026-06-27 14:25:48.440776+00:00
00000047-0072-4000-8000-000000000000,completed,2026-06-27 14:25:56.699037+00:00,2026-06-27 14:25:56.854251+00:00
00000036-0067-4000-8000-000000000000,completed,2026-06-27 14:25:50.100509+00:00,2026-06-27 14:25:50.243063+00:00
00000039-0067-4000-8000-000000000000,completed,2026-06-27 14:25:50.199483+00:00,2026-06-27 14:25:50.375991+00:00
00000002-0071-4000-8000-000000000000,completed,2026-06-27 14:25:54.398708+00:00,2026-06-27 14:25:54.547393+00:00
00000050-0068-4000-8000-000000000000,completed,2026-06-27 14:25:51.800597+00:00,2026-06-27 14:25:51.935848+00:00
00000016-0069-4000-8000-000000000000,completed,2026-06-27 14:25:52.200465+00:00,2026-06-27 14:25:52.345549+00:00
00000025-0069-4000-8000-000000000000,completed,2026-06-27 14:25:52.399952+00:00,2026-06-27 14:25:52.530629+00:00
00000039-0071-4000-8000-000000000000,completed,2026-06-27 14:25:55.197545+00:00,2026-06-27 14:25:55.360218+00:00
00000014-0069-4000-8000-000000000000,completed,2026-06-27 14:25:52.802571+00:00,2026-06-27 14:25:52.948667+00:00
00000045-0069-4000-8000-000000000000,completed,2026-06-27 14:25:52.901006+00:00,2026-06-27 14:25:53.067523+00:00
00000027-0074-4000-8000-000000000000,completed,2026-06-27 14:25:58.899108+00:00,2026-06-27 14:25:59.048851+00:00
00000009-0073-4000-8000-000000000000,completed,2026-06-27 14:25:57.002121+00:00,2026-06-27 14:25:57.135257+00:00
00000001-0072-4000-8000-000000000000,completed,2026-06-27 14:25:55.698221+00:00,2026-06-27 14:25:55.832676+00:00
00000020-0072-4000-8000-000000000000,completed,2026-06-27 14:25:55.998354+00:00,2026-06-27 14:25:56.132599+00:00
00000027-0072-4000-8000-000000000000,completed,2026-06-27 14:25:56.397680+00:00,2026-06-27 14:25:56.550630+00:00
00000017-0074-4000-8000-000000000000,completed,2026-06-27 14:25:58.400253+00:00,2026-06-27 14:25:58.557248+00:00
00000017-0076-4000-8000-000000000000,completed,2026-06-27 14:26:00.897842+00:00,2026-06-27 14:26:01.063860+00:00
00000028-0074-4000-8000-000000000000,completed,2026-06-27 14:25:58.697914+00:00,2026-06-27 14:25:58.836912+00:00
00000009-0075-4000-8000-000000000000,completed,2026-06-27 14:25:59.500453+00:00,2026-06-27 14:25:59.633267+00:00
00000016-0075-4000-8000-000000000000,completed,2026-06-27 14:25:59.701711+00:00,2026-06-27 14:25:59.849108+00:00
00000023-0076-4000-8000-000000000000,completed,2026-06-27 14:26:01.098547+00:00,2026-06-27 14:26:01.262871+00:00
00000027-0076-4000-8000-000000000000,completed,2026-06-27 14:26:01.403501+00:00,2026-06-27 14:26:01.558189+00:00
00000022-0077-4000-8000-000000000000,completed,2026-06-27 14:26:02.298764+00:00,2026-06-27 14:26:02.435086+00:00
00000015-0077-4000-8000-000000000000,completed,2026-06-27 14:26:02.098555+00:00,2026-06-27 14:26:02.246067+00:00
00000016-0077-4000-8000-000000000000,completed,2026-06-27 14:26:02.199403+00:00,2026-06-27 14:26:02.362938+00:00
00000017-0069-4000-8000-000000000000,completed,2026-06-27 14:25:52.152295+00:00,2026-06-27 14:25:52.299203+00:00
00000027-0065-4000-8000-000000000000,completed,2026-06-27 14:25:47.652809+00:00,2026-06-27 14:25:47.792164+00:00
00000050-0065-4000-8000-000000000000,completed,2026-06-27 14:25:48.049295+00:00,2026-06-27 14:25:48.198534+00:00
00000032-0076-4000-8000-000000000000,completed,2026-06-27 14:26:01.255000+00:00,2026-06-27 14:26:01.425421+00:00
00000022-0066-4000-8000-000000000000,completed,2026-06-27 14:25:48.548739+00:00,2026-06-27 14:25:48.712855+00:00
00000025-0066-4000-8000-000000000000,completed,2026-06-27 14:25:48.648725+00:00,2026-06-27 14:25:48.794868+00:00
00000005-0073-4000-8000-000000000000,completed,2026-06-27 14:25:56.849609+00:00,2026-06-27 14:25:57.012212+00:00
00000045-0066-4000-8000-000000000000,completed,2026-06-27 14:25:49.149199+00:00,2026-06-27 14:25:49.295478+00:00
00000034-0069-4000-8000-000000000000,completed,2026-06-27 14:25:52.551690+00:00,2026-06-27 14:25:52.693855+00:00
00000005-0067-4000-8000-000000000000,completed,2026-06-27 14:25:49.347571+00:00,2026-06-27 14:25:49.488886+00:00
00000027-0069-4000-8000-000000000000,completed,2026-06-27 14:25:52.652331+00:00,2026-06-27 14:25:52.793380+00:00
00000017-0067-4000-8000-000000000000,completed,2026-06-27 14:25:49.651326+00:00,2026-06-27 14:25:49.801285+00:00
00000047-0067-4000-8000-000000000000,completed,2026-06-27 14:25:50.455280+00:00,2026-06-27 14:25:50.589199+00:00
00000016-0068-4000-8000-000000000000,completed,2026-06-27 14:25:50.951176+00:00,2026-06-27 14:25:51.091328+00:00
00000036-0070-4000-8000-000000000000,completed,2026-06-27 14:25:53.848709+00:00,2026-06-27 14:25:53.989237+00:00
00000025-0068-4000-8000-000000000000,completed,2026-06-27 14:25:51.152153+00:00,2026-06-27 14:25:51.303851+00:00
00000034-0075-4000-8000-000000000000,completed,2026-06-27 14:26:00.052563+00:00,2026-06-27 14:26:00.220376+00:00
00000016-0074-4000-8000-000000000000,completed,2026-06-27 14:25:58.449572+00:00,2026-06-27 14:25:58.606345+00:00
00000005-0071-4000-8000-000000000000,completed,2026-06-27 14:25:54.347669+00:00,2026-06-27 14:25:54.488369+00:00
00000002-0072-4000-8000-000000000000,completed,2026-06-27 14:25:55.650097+00:00,2026-06-27 14:25:55.817466+00:00
00000016-0072-4000-8000-000000000000,completed,2026-06-27 14:25:55.949355+00:00,2026-06-27 14:25:56.109016+00:00
00000039-0074-4000-8000-000000000000,completed,2026-06-27 14:25:58.949026+00:00,2026-06-27 14:25:59.090937+00:00
00000016-0076-4000-8000-000000000000,completed,2026-06-27 14:26:00.952360+00:00,2026-06-27 14:26:01.115763+00:00
00000020-0075-4000-8000-000000000000,completed,2026-06-27 14:25:59.748730+00:00,2026-06-27 14:25:59.898007+00:00
00000044-0075-4000-8000-000000000000,completed,2026-06-27 14:26:00.248562+00:00,2026-06-27 14:26:00.401172+00:00
00000022-0076-4000-8000-000000000000,completed,2026-06-27 14:26:01.048132+00:00,2026-06-27 14:26:01.225009+00:00
00000017-0077-4000-8000-000000000000,completed,2026-06-27 14:26:02.149119+00:00,2026-06-27 14:26:02.301963+00:00
00000039-0076-4000-8000-000000000000,completed,2026-06-27 14:26:01.451360+00:00,2026-06-27 14:26:01.612283+00:00
00000005-0079-4000-8000-000000000000,completed,2026-06-27 14:26:04.348581+00:00,2026-06-27 14:26:04.492995+00:00
00000045-0078-4000-8000-000000000000,completed,2026-06-27 14:26:04.148557+00:00,2026-06-27 14:26:04.308401+00:00
00000046-0078-4000-8000-000000000000,completed,2026-06-27 14:26:04.248325+00:00,2026-06-27 14:26:04.400766+00:00
00000013-0069-4000-8000-000000000000,completed,2026-06-27 14:25:52.083682+00:00,2026-06-27 14:25:52.239947+00:00
00000007-0066-4000-8000-000000000000,completed,2026-06-27 14:25:48.173863+00:00,2026-06-27 14:25:48.336831+00:00
00000048-0071-4000-8000-000000000000,completed,2026-06-27 14:25:55.472656+00:00,2026-06-27 14:25:55.635630+00:00
00000012-0066-4000-8000-000000000000,completed,2026-06-27 14:25:48.274128+00:00,2026-06-27 14:25:48.407783+00:00
00000011-0066-4000-8000-000000000000,completed,2026-06-27 14:25:48.376538+00:00,2026-06-27 14:25:48.507866+00:00
00000026-0069-4000-8000-000000000000,completed,2026-06-27 14:25:52.375263+00:00,2026-06-27 14:25:52.530796+00:00
00000006-0067-4000-8000-000000000000,completed,2026-06-27 14:25:49.474492+00:00,2026-06-27 14:25:49.615627+00:00
00000003-0072-4000-8000-000000000000,completed,2026-06-27 14:25:55.573792+00:00,2026-06-27 14:25:55.725936+00:00
00000012-0068-4000-8000-000000000000,completed,2026-06-27 14:25:50.775629+00:00,2026-06-27 14:25:50.916035+00:00
00000011-0068-4000-8000-000000000000,completed,2026-06-27 14:25:50.873546+00:00,2026-06-27 14:25:51.011867+00:00
00000040-0069-4000-8000-000000000000,completed,2026-06-27 14:25:52.674195+00:00,2026-06-27 14:25:52.836574+00:00
00000024-0068-4000-8000-000000000000,completed,2026-06-27 14:25:51.073398+00:00,2026-06-27 14:25:51.213226+00:00
00000042-0068-4000-8000-000000000000,completed,2026-06-27 14:25:51.473543+00:00,2026-06-27 14:25:51.619783+00:00
00000031-0068-4000-8000-000000000000,completed,2026-06-27 14:25:51.580323+00:00,2026-06-27 14:25:51.749536+00:00
00000049-0068-4000-8000-000000000000,completed,2026-06-27 14:25:51.774421+00:00,2026-06-27 14:25:51.916286+00:00
00000024-0072-4000-8000-000000000000,completed,2026-06-27 14:25:56.073104+00:00,2026-06-27 14:25:56.216735+00:00
00000007-0070-4000-8000-000000000000,completed,2026-06-27 14:25:53.175413+00:00,2026-06-27 14:25:53.313945+00:00
00000012-0070-4000-8000-000000000000,completed,2026-06-27 14:25:53.276402+00:00,2026-06-27 14:25:53.423693+00:00
00000024-0070-4000-8000-000000000000,completed,2026-06-27 14:25:53.574560+00:00,2026-06-27 14:25:53.713005+00:00
00000026-0073-4000-8000-000000000000,completed,2026-06-27 14:25:57.376115+00:00,2026-06-27 14:25:57.561620+00:00
00000030-0072-4000-8000-000000000000,completed,2026-06-27 14:25:56.373604+00:00,2026-06-27 14:25:56.514051+00:00
00000041-0073-4000-8000-000000000000,completed,2026-06-27 14:25:57.775576+00:00,2026-06-27 14:25:57.930912+00:00
00000043-0072-4000-8000-000000000000,completed,2026-06-27 14:25:56.673005+00:00,2026-06-27 14:25:56.831644+00:00
00000030-0074-4000-8000-000000000000,completed,2026-06-27 14:25:58.873405+00:00,2026-06-27 14:25:59.060117+00:00
00000003-0074-4000-8000-000000000000,completed,2026-06-27 14:25:58.073368+00:00,2026-06-27 14:25:58.247453+00:00
00000008-0074-4000-8000-000000000000,completed,2026-06-27 14:25:58.473407+00:00,2026-06-27 14:25:58.626669+00:00
00000024-0074-4000-8000-000000000000,completed,2026-06-27 14:25:58.572764+00:00,2026-06-27 14:25:58.714169+00:00
00000021-0075-4000-8000-000000000000,completed,2026-06-27 14:25:59.776756+00:00,2026-06-27 14:25:59.914838+00:00
00000037-0075-4000-8000-000000000000,completed,2026-06-27 14:26:00.379458+00:00,2026-06-27 14:26:00.519157+00:00
00000042-0076-4000-8000-000000000000,completed,2026-06-27 14:26:01.475489+00:00,2026-06-27 14:26:01.623941+00:00
00000006-0077-4000-8000-000000000000,completed,2026-06-27 14:26:01.978631+00:00,2026-06-27 14:26:02.132118+00:00
00000019-0082-4000-8000-000000000000,completed,2026-06-27 14:26:08.747929+00:00,2026-06-27 14:26:08.892772+00:00
00000041-0076-4000-8000-000000000000,completed,2026-06-27 14:26:01.532892+00:00,2026-06-27 14:26:01.695406+00:00
00000011-0077-4000-8000-000000000000,completed,2026-06-27 14:26:02.124732+00:00,2026-06-27 14:26:02.284568+00:00
00000006-0078-4000-8000-000000000000,completed,2026-06-27 14:26:03.222608+00:00,2026-06-27 14:26:03.367859+00:00
00000040-0082-4000-8000-000000000000,completed,2026-06-27 14:26:08.957083+00:00,2026-06-27 14:26:09.120163+00:00
00000033-0079-4000-8000-000000000000,completed,2026-06-27 14:26:05.024764+00:00,2026-06-27 14:26:05.173029+00:00
00000048-0080-4000-8000-000000000000,completed,2026-06-27 14:26:06.722325+00:00,2026-06-27 14:26:06.861459+00:00
00000006-0086-4000-8000-000000000000,completed,2026-06-27 14:26:13.897424+00:00,2026-06-27 14:26:14.049321+00:00
00000012-0081-4000-8000-000000000000,completed,2026-06-27 14:26:07.023086+00:00,2026-06-27 14:26:07.172325+00:00
00000031-0083-4000-8000-000000000000,completed,2026-06-27 14:26:10.464579+00:00,2026-06-27 14:26:10.618513+00:00
00000042-0081-4000-8000-000000000000,completed,2026-06-27 14:26:07.723100+00:00,2026-06-27 14:26:07.895471+00:00
00000031-0081-4000-8000-000000000000,completed,2026-06-27 14:26:07.824679+00:00,2026-06-27 14:26:07.976697+00:00
00000013-0082-4000-8000-000000000000,completed,2026-06-27 14:26:08.334289+00:00,2026-06-27 14:26:08.483755+00:00
00000049-0083-4000-8000-000000000000,completed,2026-06-27 14:26:10.687108+00:00,2026-06-27 14:26:10.814506+00:00
00000021-0082-4000-8000-000000000000,completed,2026-06-27 14:26:08.540332+00:00,2026-06-27 14:26:08.685521+00:00
00000029-0087-4000-8000-000000000000,completed,2026-06-27 14:26:16.159219+00:00,2026-06-27 14:26:16.314650+00:00
00000018-0086-4000-8000-000000000000,completed,2026-06-27 14:26:14.151514+00:00,2026-06-27 14:26:14.319445+00:00
00000013-0084-4000-8000-000000000000,completed,2026-06-27 14:26:11.034943+00:00,2026-06-27 14:26:11.232628+00:00
00000048-0084-4000-8000-000000000000,completed,2026-06-27 14:26:12.062378+00:00,2026-06-27 14:26:12.218228+00:00
00000042-0085-4000-8000-000000000000,completed,2026-06-27 14:26:13.267695+00:00,2026-06-27 14:26:13.403178+00:00
00000041-0086-4000-8000-000000000000,completed,2026-06-27 14:26:14.932382+00:00,2026-06-27 14:26:15.066207+00:00
00000035-0088-4000-8000-000000000000,completed,2026-06-27 14:26:18.223051+00:00,2026-06-27 14:26:18.369140+00:00
00000012-0087-4000-8000-000000000000,completed,2026-06-27 14:26:15.605764+00:00,2026-06-27 14:26:15.775880+00:00
00000049-0087-4000-8000-000000000000,completed,2026-06-27 14:26:17.018154+00:00,2026-06-27 14:26:17.161306+00:00
00000019-0088-4000-8000-000000000000,completed,2026-06-27 14:26:18.067794+00:00,2026-06-27 14:26:18.204011+00:00
00000006-0090-4000-8000-000000000000,completed,2026-06-27 14:26:21.440093+00:00,2026-06-27 14:26:21.588045+00:00
00000030-0089-4000-8000-000000000000,completed,2026-06-27 14:26:20.359164+00:00,2026-06-27 14:26:20.504549+00:00
00000007-0091-4000-8000-000000000000,completed,2026-06-27 14:26:23.856023+00:00,2026-06-27 14:26:24.002662+00:00
00000049-0091-4000-8000-000000000000,completed,2026-06-27 14:26:26.527464+00:00,2026-06-27 14:26:26.669754+00:00
00000018-0077-4000-8000-000000000000,completed,2026-06-27 14:26:02.174494+00:00,2026-06-27 14:26:02.314361+00:00
00000019-0081-4000-8000-000000000000,completed,2026-06-27 14:26:07.473271+00:00,2026-06-27 14:26:07.617491+00:00
00000035-0081-4000-8000-000000000000,completed,2026-06-27 14:26:07.573579+00:00,2026-06-27 14:26:07.721078+00:00
00000019-0077-4000-8000-000000000000,completed,2026-06-27 14:26:02.480134+00:00,2026-06-27 14:26:02.637201+00:00
00000035-0077-4000-8000-000000000000,completed,2026-06-27 14:26:02.573779+00:00,2026-06-27 14:26:02.728763+00:00
00000024-0078-4000-8000-000000000000,completed,2026-06-27 14:26:03.573603+00:00,2026-06-27 14:26:03.743433+00:00
00000040-0083-4000-8000-000000000000,completed,2026-06-27 14:26:10.299886+00:00,2026-06-27 14:26:10.441617+00:00
00000004-0079-4000-8000-000000000000,completed,2026-06-27 14:26:04.374829+00:00,2026-06-27 14:26:04.529181+00:00
00000041-0081-4000-8000-000000000000,completed,2026-06-27 14:26:07.774784+00:00,2026-06-27 14:26:07.924906+00:00
00000013-0079-4000-8000-000000000000,completed,2026-06-27 14:26:04.573608+00:00,2026-06-27 14:26:04.723139+00:00
00000019-0079-4000-8000-000000000000,completed,2026-06-27 14:26:04.974214+00:00,2026-06-27 14:26:05.113937+00:00
00000040-0079-4000-8000-000000000000,completed,2026-06-27 14:26:05.173459+00:00,2026-06-27 14:26:05.336228+00:00
00000007-0082-4000-8000-000000000000,completed,2026-06-27 14:26:08.180215+00:00,2026-06-27 14:26:08.320361+00:00
00000042-0080-4000-8000-000000000000,completed,2026-06-27 14:26:06.473585+00:00,2026-06-27 14:26:06.615949+00:00
00000018-0081-4000-8000-000000000000,completed,2026-06-27 14:26:07.173316+00:00,2026-06-27 14:26:07.314124+00:00
00000029-0084-4000-8000-000000000000,completed,2026-06-27 14:26:11.436314+00:00,2026-06-27 14:26:11.606147+00:00
00000037-0083-4000-8000-000000000000,completed,2026-06-27 14:26:10.522276+00:00,2026-06-27 14:26:10.668753+00:00
00000008-0082-4000-8000-000000000000,completed,2026-06-27 14:26:08.488041+00:00,2026-06-27 14:26:08.629763+00:00
00000029-0082-4000-8000-000000000000,completed,2026-06-27 14:26:08.697111+00:00,2026-06-27 14:26:08.832773+00:00
00000033-0082-4000-8000-000000000000,completed,2026-06-27 14:26:08.800422+00:00,2026-06-27 14:26:08.954110+00:00
00000007-0084-4000-8000-000000000000,completed,2026-06-27 14:26:10.857522+00:00,2026-06-27 14:26:11.013239+00:00
00000011-0084-4000-8000-000000000000,completed,2026-06-27 14:26:11.081399+00:00,2026-06-27 14:26:11.263910+00:00
00000018-0085-4000-8000-000000000000,completed,2026-06-27 14:26:12.598069+00:00,2026-06-27 14:26:12.753625+00:00
00000029-0086-4000-8000-000000000000,completed,2026-06-27 14:26:14.471321+00:00,2026-06-27 14:26:14.603382+00:00
00000026-0085-4000-8000-000000000000,completed,2026-06-27 14:26:12.846955+00:00,2026-06-27 14:26:12.983176+00:00
00000003-0086-4000-8000-000000000000,completed,2026-06-27 14:26:13.707278+00:00,2026-06-27 14:26:13.842973+00:00
00000007-0086-4000-8000-000000000000,completed,2026-06-27 14:26:13.831427+00:00,2026-06-27 14:26:13.975912+00:00
00000031-0086-4000-8000-000000000000,completed,2026-06-27 14:26:14.997684+00:00,2026-06-27 14:26:15.156771+00:00
00000049-0086-4000-8000-000000000000,completed,2026-06-27 14:26:15.264434+00:00,2026-06-27 14:26:15.397468+00:00
00000004-0087-4000-8000-000000000000,completed,2026-06-27 14:26:15.402071+00:00,2026-06-27 14:26:15.532718+00:00
00000003-0088-4000-8000-000000000000,completed,2026-06-27 14:26:17.090257+00:00,2026-06-27 14:26:17.233721+00:00
00000034-0082-4000-8000-000000000000,completed,2026-06-27 14:26:08.826168+00:00,2026-06-27 14:26:09.005968+00:00
00000039-0077-4000-8000-000000000000,completed,2026-06-27 14:26:02.698747+00:00,2026-06-27 14:26:02.851441+00:00
00000046-0077-4000-8000-000000000000,completed,2026-06-27 14:26:02.999484+00:00,2026-06-27 14:26:03.164679+00:00
00000023-0078-4000-8000-000000000000,completed,2026-06-27 14:26:03.597554+00:00,2026-06-27 14:26:03.745858+00:00
00000038-0082-4000-8000-000000000000,completed,2026-06-27 14:26:09.140911+00:00,2026-06-27 14:26:09.291980+00:00
00000046-0079-4000-8000-000000000000,completed,2026-06-27 14:26:05.500382+00:00,2026-06-27 14:26:05.639629+00:00
00000010-0080-4000-8000-000000000000,completed,2026-06-27 14:26:05.798282+00:00,2026-06-27 14:26:05.947004+00:00
00000046-0085-4000-8000-000000000000,completed,2026-06-27 14:26:13.611604+00:00,2026-06-27 14:26:13.744037+00:00
00000034-0080-4000-8000-000000000000,completed,2026-06-27 14:26:06.298410+00:00,2026-06-27 14:26:06.441908+00:00
00000045-0083-4000-8000-000000000000,completed,2026-06-27 14:26:10.549500+00:00,2026-06-27 14:26:10.710450+00:00
00000038-0080-4000-8000-000000000000,completed,2026-06-27 14:26:06.599705+00:00,2026-06-27 14:26:06.769070+00:00
00000050-0080-4000-8000-000000000000,completed,2026-06-27 14:26:06.798023+00:00,2026-06-27 14:26:06.939965+00:00
00000022-0081-4000-8000-000000000000,completed,2026-06-27 14:26:07.298256+00:00,2026-06-27 14:26:07.446203+00:00
00000005-0084-4000-8000-000000000000,completed,2026-06-27 14:26:10.771040+00:00,2026-06-27 14:26:10.937950+00:00
00000001-0082-4000-8000-000000000000,completed,2026-06-27 14:26:08.204529+00:00,2026-06-27 14:26:08.346198+00:00
00000015-0087-4000-8000-000000000000,completed,2026-06-27 14:26:15.710715+00:00,2026-06-27 14:26:15.879328+00:00
00000022-0085-4000-8000-000000000000,completed,2026-06-27 14:26:12.749110+00:00,2026-06-27 14:26:12.878438+00:00
00000025-0085-4000-8000-000000000000,completed,2026-06-27 14:26:12.869829+00:00,2026-06-27 14:26:13.022664+00:00
00000001-0086-4000-8000-000000000000,completed,2026-06-27 14:26:13.863979+00:00,2026-06-27 14:26:14.005309+00:00
00000036-0085-4000-8000-000000000000,completed,2026-06-27 14:26:13.116224+00:00,2026-06-27 14:26:13.258651+00:00
00000010-0086-4000-8000-000000000000,completed,2026-06-27 14:26:13.991732+00:00,2026-06-27 14:26:14.126479+00:00
00000020-0088-4000-8000-000000000000,completed,2026-06-27 14:26:17.723302+00:00,2026-06-27 14:26:17.863292+00:00
00000002-0087-4000-8000-000000000000,completed,2026-06-27 14:26:15.435589+00:00,2026-06-27 14:26:15.644352+00:00
00000036-0087-4000-8000-000000000000,completed,2026-06-27 14:26:16.406772+00:00,2026-06-27 14:26:16.557148+00:00
00000046-0087-4000-8000-000000000000,completed,2026-06-27 14:26:16.981433+00:00,2026-06-27 14:26:17.117154+00:00
00000027-0088-4000-8000-000000000000,completed,2026-06-27 14:26:18.338642+00:00,2026-06-27 14:26:18.467543+00:00
00000028-0088-4000-8000-000000000000,completed,2026-06-27 14:26:18.030215+00:00,2026-06-27 14:26:18.208112+00:00
00000034-0088-4000-8000-000000000000,completed,2026-06-27 14:26:18.183336+00:00,2026-06-27 14:26:18.319628+00:00
00000038-0088-4000-8000-000000000000,completed,2026-06-27 14:26:18.653504+00:00,2026-06-27 14:26:18.799209+00:00
00000010-0090-4000-8000-000000000000,completed,2026-06-27 14:26:21.582529+00:00,2026-06-27 14:26:21.717324+00:00
00000028-0090-4000-8000-000000000000,completed,2026-06-27 14:26:22.351047+00:00,2026-06-27 14:26:22.477325+00:00
00000001-0083-4000-8000-000000000000,completed,2026-06-27 14:26:09.511011+00:00,2026-06-27 14:26:09.690453+00:00
00000010-0079-4000-8000-000000000000,completed,2026-06-27 14:26:04.549602+00:00,2026-06-27 14:26:04.689893+00:00
00000022-0080-4000-8000-000000000000,completed,2026-06-27 14:26:06.049490+00:00,2026-06-27 14:26:06.189100+00:00
00000028-0087-4000-8000-000000000000,completed,2026-06-27 14:26:16.193402+00:00,2026-06-27 14:26:16.352588+00:00
00000039-0080-4000-8000-000000000000,completed,2026-06-27 14:26:06.447358+00:00,2026-06-27 14:26:06.581110+00:00
00000050-0083-4000-8000-000000000000,completed,2026-06-27 14:26:10.717351+00:00,2026-06-27 14:26:10.858944+00:00
00000045-0080-4000-8000-000000000000,completed,2026-06-27 14:26:06.649202+00:00,2026-06-27 14:26:06.790694+00:00
00000002-0086-4000-8000-000000000000,completed,2026-06-27 14:26:13.799107+00:00,2026-06-27 14:26:13.934575+00:00
00000010-0081-4000-8000-000000000000,completed,2026-06-27 14:26:07.048620+00:00,2026-06-27 14:26:07.193718+00:00
00000017-0081-4000-8000-000000000000,completed,2026-06-27 14:26:07.148065+00:00,2026-06-27 14:26:07.304453+00:00
00000009-0084-4000-8000-000000000000,completed,2026-06-27 14:26:10.939543+00:00,2026-06-27 14:26:11.077492+00:00
00000028-0081-4000-8000-000000000000,completed,2026-06-27 14:26:07.447856+00:00,2026-06-27 14:26:07.599517+00:00
00000044-0081-4000-8000-000000000000,completed,2026-06-27 14:26:07.751668+00:00,2026-06-27 14:26:07.901510+00:00
00000047-0081-4000-8000-000000000000,completed,2026-06-27 14:26:07.951276+00:00,2026-06-27 14:26:08.190119+00:00
00000010-0085-4000-8000-000000000000,completed,2026-06-27 14:26:12.450344+00:00,2026-06-27 14:26:12.607683+00:00
00000025-0082-4000-8000-000000000000,completed,2026-06-27 14:26:08.669237+00:00,2026-06-27 14:26:08.832059+00:00
00000025-0086-4000-8000-000000000000,completed,2026-06-27 14:26:14.439240+00:00,2026-06-27 14:26:14.580925+00:00
00000023-0085-4000-8000-000000000000,completed,2026-06-27 14:26:12.809832+00:00,2026-06-27 14:26:12.959917+00:00
00000034-0085-4000-8000-000000000000,completed,2026-06-27 14:26:13.054013+00:00,2026-06-27 14:26:13.199386+00:00
00000017-0087-4000-8000-000000000000,completed,2026-06-27 14:26:15.779451+00:00,2026-06-27 14:26:15.941933+00:00
00000038-0085-4000-8000-000000000000,completed,2026-06-27 14:26:13.425030+00:00,2026-06-27 14:26:13.585245+00:00
00000036-0086-4000-8000-000000000000,completed,2026-06-27 14:26:14.703385+00:00,2026-06-27 14:26:14.861244+00:00
00000001-0087-4000-8000-000000000000,completed,2026-06-27 14:26:15.503751+00:00,2026-06-27 14:26:15.646063+00:00
00000045-0086-4000-8000-000000000000,completed,2026-06-27 14:26:15.099479+00:00,2026-06-27 14:26:15.244264+00:00
00000010-0087-4000-8000-000000000000,completed,2026-06-27 14:26:15.640822+00:00,2026-06-27 14:26:15.836516+00:00
00000020-0087-4000-8000-000000000000,completed,2026-06-27 14:26:15.920268+00:00,2026-06-27 14:26:16.049680+00:00
00000047-0087-4000-8000-000000000000,completed,2026-06-27 14:26:16.909373+00:00,2026-06-27 14:26:17.044892+00:00
00000044-0087-4000-8000-000000000000,completed,2026-06-27 14:26:16.619320+00:00,2026-06-27 14:26:16.780504+00:00
00000009-0088-4000-8000-000000000000,completed,2026-06-27 14:26:17.349133+00:00,2026-06-27 14:26:17.485713+00:00
00000032-0088-4000-8000-000000000000,completed,2026-06-27 14:26:18.105853+00:00,2026-06-27 14:26:18.283684+00:00
00000020-0089-4000-8000-000000000000,completed,2026-06-27 14:26:19.716336+00:00,2026-06-27 14:26:19.847589+00:00
00000029-0088-4000-8000-000000000000,completed,2026-06-27 14:26:17.991134+00:00,2026-06-27 14:26:18.143475+00:00
00000049-0088-4000-8000-000000000000,completed,2026-06-27 14:26:18.934845+00:00,2026-06-27 14:26:19.067477+00:00
00000018-0089-4000-8000-000000000000,completed,2026-06-27 14:26:19.589376+00:00,2026-06-27 14:26:19.730116+00:00
00000041-0089-4000-8000-000000000000,completed,2026-06-27 14:26:20.626206+00:00,2026-06-27 14:26:20.770662+00:00
00000037-0089-4000-8000-000000000000,completed,2026-06-27 14:26:20.801514+00:00,2026-06-27 14:26:20.955927+00:00
00000042-0090-4000-8000-000000000000,completed,2026-06-27 14:26:22.908472+00:00,2026-06-27 14:26:23.037027+00:00
00000037-0091-4000-8000-000000000000,completed,2026-06-27 14:26:26.125942+00:00,2026-06-27 14:26:26.259962+00:00
00000003-0092-4000-8000-000000000000,completed,2026-06-27 14:26:26.665799+00:00,2026-06-27 14:26:26.800523+00:00
00000027-0089-4000-8000-000000000000,completed,2026-06-27 14:26:20.403191+00:00,2026-06-27 14:26:20.538126+00:00
00000038-0089-4000-8000-000000000000,completed,2026-06-27 14:26:20.755649+00:00,2026-06-27 14:26:20.885456+00:00
00000022-0090-4000-8000-000000000000,completed,2026-06-27 14:26:22.057902+00:00,2026-06-27 14:26:22.195765+00:00
00000039-0090-4000-8000-000000000000,completed,2026-06-27 14:26:22.852654+00:00,2026-06-27 14:26:23.013900+00:00
00000014-0090-4000-8000-000000000000,completed,2026-06-27 14:26:23.069913+00:00,2026-06-27 14:26:23.204707+00:00
00000015-0092-4000-8000-000000000000,completed,2026-06-27 14:26:27.447974+00:00,2026-06-27 14:26:27.577272+00:00
00000016-0092-4000-8000-000000000000,completed,2026-06-27 14:26:27.750087+00:00,2026-06-27 14:26:27.877279+00:00
00000026-0093-4000-8000-000000000000,completed,2026-06-27 14:26:34.310138+00:00,2026-06-27 14:26:34.442907+00:00
00000027-0090-4000-8000-000000000000,completed,2026-06-27 14:26:22.750653+00:00,2026-06-27 14:26:22.884242+00:00
00000014-0091-4000-8000-000000000000,completed,2026-06-27 14:26:25.930322+00:00,2026-06-27 14:26:26.082663+00:00
00000023-0092-4000-8000-000000000000,completed,2026-06-27 14:26:28.221673+00:00,2026-06-27 14:26:28.367924+00:00
00000025-0093-4000-8000-000000000000,completed,2026-06-27 14:26:34.549383+00:00,2026-06-27 14:26:34.682427+00:00
00000034-0092-4000-8000-000000000000,completed,2026-06-27 14:26:28.888431+00:00,2026-06-27 14:26:29.037750+00:00
00000014-0092-4000-8000-000000000000,completed,2026-06-27 14:26:29.804163+00:00,2026-06-27 14:26:29.951207+00:00
00000048-0092-4000-8000-000000000000,completed,2026-06-27 14:26:30.514961+00:00,2026-06-27 14:26:30.648654+00:00
00000003-0093-4000-8000-000000000000,completed,2026-06-27 14:26:30.954429+00:00,2026-06-27 14:26:31.089069+00:00
00000010-0093-4000-8000-000000000000,completed,2026-06-27 14:26:32.073158+00:00,2026-06-27 14:26:32.221120+00:00
00000017-0093-4000-8000-000000000000,completed,2026-06-27 14:26:32.659761+00:00,2026-06-27 14:26:32.783896+00:00
00000016-0093-4000-8000-000000000000,completed,2026-06-27 14:26:32.972120+00:00,2026-06-27 14:26:33.107404+00:00
00000046-0000-4000-8000-000000000000,completed,2026-06-27 14:23:50.486990+00:00,2026-06-27 14:23:50.634367+00:00
00000005-0000-4000-8000-000000000000,completed,2026-06-27 14:23:38.536313+00:00,2026-06-27 14:23:39.797418+00:00
00000006-0000-4000-8000-000000000000,completed,2026-06-27 14:23:39.388587+00:00,2026-06-27 14:23:40.717436+00:00
00000043-0002-4000-8000-000000000000,completed,2026-06-27 14:24:03.879585+00:00,2026-06-27 14:24:04.017891+00:00
00000005-0001-4000-8000-000000000000,completed,2026-06-27 14:23:51.189808+00:00,2026-06-27 14:23:51.333482+00:00
00000013-0000-4000-8000-000000000000,completed,2026-06-27 14:23:41.866385+00:00,2026-06-27 14:23:43.191473+00:00
00000015-0000-4000-8000-000000000000,completed,2026-06-27 14:23:42.178748+00:00,2026-06-27 14:23:43.502721+00:00
00000025-0000-4000-8000-000000000000,completed,2026-06-27 14:23:45.212736+00:00,2026-06-27 14:23:45.347174+00:00
00000032-0001-4000-8000-000000000000,completed,2026-06-27 14:23:55.533987+00:00,2026-06-27 14:23:55.692235+00:00
00000028-0000-4000-8000-000000000000,completed,2026-06-27 14:23:45.952546+00:00,2026-06-27 14:23:46.096601+00:00
00000001-0001-4000-8000-000000000000,completed,2026-06-27 14:23:52.286699+00:00,2026-06-27 14:23:52.431538+00:00
00000042-0000-4000-8000-000000000000,completed,2026-06-27 14:23:48.560959+00:00,2026-06-27 14:23:48.702797+00:00
00000014-0000-4000-8000-000000000000,completed,2026-06-27 14:23:49.162279+00:00,2026-06-27 14:23:49.312787+00:00
00000031-0000-4000-8000-000000000000,completed,2026-06-27 14:23:49.362385+00:00,2026-06-27 14:23:49.502345+00:00
00000009-0001-4000-8000-000000000000,completed,2026-06-27 14:23:52.461772+00:00,2026-06-27 14:23:52.616372+00:00
00000043-0000-4000-8000-000000000000,completed,2026-06-27 14:23:49.934858+00:00,2026-06-27 14:23:50.098564+00:00
00000007-0002-4000-8000-000000000000,completed,2026-06-27 14:23:59.237878+00:00,2026-06-27 14:23:59.368884+00:00
00000027-0001-4000-8000-000000000000,completed,2026-06-27 14:23:56.260135+00:00,2026-06-27 14:23:56.398998+00:00
00000015-0001-4000-8000-000000000000,completed,2026-06-27 14:23:53.117381+00:00,2026-06-27 14:23:53.266926+00:00
00000025-0001-4000-8000-000000000000,completed,2026-06-27 14:23:54.634706+00:00,2026-06-27 14:23:54.763938+00:00
00000026-0001-4000-8000-000000000000,completed,2026-06-27 14:23:54.787633+00:00,2026-06-27 14:23:54.917550+00:00
00000037-0001-4000-8000-000000000000,completed,2026-06-27 14:23:56.402093+00:00,2026-06-27 14:23:56.555189+00:00
00000031-0002-4000-8000-000000000000,completed,2026-06-27 14:24:03.548525+00:00,2026-06-27 14:24:03.678357+00:00
00000044-0001-4000-8000-000000000000,completed,2026-06-27 14:23:56.965196+00:00,2026-06-27 14:23:57.100151+00:00
00000040-0002-4000-8000-000000000000,completed,2026-06-27 14:24:02.868396+00:00,2026-06-27 14:24:03.037261+00:00
00000038-0002-4000-8000-000000000000,completed,2026-06-27 14:24:03.658281+00:00,2026-06-27 14:24:03.789371+00:00
00000002-0003-4000-8000-000000000000,completed,2026-06-27 14:24:04.971277+00:00,2026-06-27 14:24:05.110549+00:00
00000046-0002-4000-8000-000000000000,completed,2026-06-27 14:24:04.212342+00:00,2026-06-27 14:24:04.344986+00:00
00000001-0003-4000-8000-000000000000,completed,2026-06-27 14:24:05.185685+00:00,2026-06-27 14:24:05.327184+00:00
00000010-0003-4000-8000-000000000000,completed,2026-06-27 14:24:05.502927+00:00,2026-06-27 14:24:05.633497+00:00
00000008-0003-4000-8000-000000000000,completed,2026-06-27 14:24:06.237931+00:00,2026-06-27 14:24:06.383253+00:00
00000003-0008-4000-8000-000000000000,completed,2026-06-27 14:24:23.393512+00:00,2026-06-27 14:24:23.543350+00:00
00000021-0003-4000-8000-000000000000,completed,2026-06-27 14:24:06.446265+00:00,2026-06-27 14:24:06.592468+00:00
00000038-0003-4000-8000-000000000000,completed,2026-06-27 14:24:08.821548+00:00,2026-06-27 14:24:08.960056+00:00
00000003-0004-4000-8000-000000000000,completed,2026-06-27 14:24:09.560633+00:00,2026-06-27 14:24:09.706706+00:00
00000008-0008-4000-8000-000000000000,completed,2026-06-27 14:24:24.275839+00:00,2026-06-27 14:24:24.405771+00:00
00000024-0004-4000-8000-000000000000,completed,2026-06-27 14:24:11.310015+00:00,2026-06-27 14:24:11.451920+00:00
00000019-0005-4000-8000-000000000000,completed,2026-06-27 14:24:15.632017+00:00,2026-06-27 14:24:15.766948+00:00
00000037-0009-4000-8000-000000000000,completed,2026-06-27 14:24:27.808879+00:00,2026-06-27 14:24:27.950406+00:00
00000037-0005-4000-8000-000000000000,completed,2026-06-27 14:24:16.246368+00:00,2026-06-27 14:24:16.396667+00:00
00000024-0008-4000-8000-000000000000,completed,2026-06-27 14:24:24.493699+00:00,2026-06-27 14:24:24.634710+00:00
00000048-0005-4000-8000-000000000000,completed,2026-06-27 14:24:17.032551+00:00,2026-06-27 14:24:17.169545+00:00
00000003-0006-4000-8000-000000000000,completed,2026-06-27 14:24:17.294395+00:00,2026-06-27 14:24:17.453627+00:00
00000004-0007-4000-8000-000000000000,completed,2026-06-27 14:24:20.607359+00:00,2026-06-27 14:24:20.749468+00:00
00000014-0008-4000-8000-000000000000,completed,2026-06-27 14:24:25.557883+00:00,2026-06-27 14:24:25.687666+00:00
00000019-0007-4000-8000-000000000000,completed,2026-06-27 14:24:22.028281+00:00,2026-06-27 14:24:22.174939+00:00
00000030-0010-4000-8000-000000000000,completed,2026-06-27 14:24:30.128961+00:00,2026-06-27 14:24:30.274847+00:00
00000048-0009-4000-8000-000000000000,completed,2026-06-27 14:24:28.403930+00:00,2026-06-27 14:24:28.564342+00:00
00000013-0009-4000-8000-000000000000,completed,2026-06-27 14:24:26.600023+00:00,2026-06-27 14:24:26.754742+00:00
00000018-0009-4000-8000-000000000000,completed,2026-06-27 14:24:26.804060+00:00,2026-06-27 14:24:26.934453+00:00
00000021-0009-4000-8000-000000000000,completed,2026-06-27 14:24:27.005190+00:00,2026-06-27 14:24:27.149720+00:00
00000008-0010-4000-8000-000000000000,completed,2026-06-27 14:24:29.369964+00:00,2026-06-27 14:24:29.526934+00:00
00000029-0010-4000-8000-000000000000,completed,2026-06-27 14:24:29.751349+00:00,2026-06-27 14:24:29.878500+00:00
00000027-0007-4000-8000-000000000000,completed,2026-06-27 14:24:22.431857+00:00,2026-06-27 14:24:22.581689+00:00
00000034-0003-4000-8000-000000000000,completed,2026-06-27 14:24:07.561092+00:00,2026-06-27 14:24:07.736612+00:00
00000016-0004-4000-8000-000000000000,completed,2026-06-27 14:24:10.885065+00:00,2026-06-27 14:24:11.024085+00:00
00000033-0004-4000-8000-000000000000,completed,2026-06-27 14:24:11.894061+00:00,2026-06-27 14:24:12.034469+00:00
00000015-0008-4000-8000-000000000000,completed,2026-06-27 14:24:24.001654+00:00,2026-06-27 14:24:24.141934+00:00
00000035-0004-4000-8000-000000000000,completed,2026-06-27 14:24:12.218491+00:00,2026-06-27 14:24:12.355661+00:00
00000007-0005-4000-8000-000000000000,completed,2026-06-27 14:24:14.093483+00:00,2026-06-27 14:24:14.241283+00:00
00000050-0009-4000-8000-000000000000,completed,2026-06-27 14:24:28.551092+00:00,2026-06-27 14:24:28.693518+00:00
00000023-0005-4000-8000-000000000000,completed,2026-06-27 14:24:15.273510+00:00,2026-06-27 14:24:15.405964+00:00
00000016-0008-4000-8000-000000000000,completed,2026-06-27 14:24:24.221680+00:00,2026-06-27 14:24:24.343291+00:00
00000042-0005-4000-8000-000000000000,completed,2026-06-27 14:24:16.451822+00:00,2026-06-27 14:24:16.641822+00:00
00000035-0006-4000-8000-000000000000,completed,2026-06-27 14:24:19.309389+00:00,2026-06-27 14:24:19.445065+00:00
00000005-0007-4000-8000-000000000000,completed,2026-06-27 14:24:20.546857+00:00,2026-06-27 14:24:20.684939+00:00
00000040-0008-4000-8000-000000000000,completed,2026-06-27 14:24:25.297473+00:00,2026-06-27 14:24:25.451962+00:00
00000023-0007-4000-8000-000000000000,completed,2026-06-27 14:24:21.737684+00:00,2026-06-27 14:24:21.865516+00:00
00000009-0010-4000-8000-000000000000,completed,2026-06-27 14:24:28.936588+00:00,2026-06-27 14:24:29.082682+00:00
00000034-0009-4000-8000-000000000000,completed,2026-06-27 14:24:27.560186+00:00,2026-06-27 14:24:27.695125+00:00
00000031-0009-4000-8000-000000000000,completed,2026-06-27 14:24:28.155929+00:00,2026-06-27 14:24:28.306748+00:00
00000047-0009-4000-8000-000000000000,completed,2026-06-27 14:24:28.352085+00:00,2026-06-27 14:24:28.520601+00:00
00000047-0006-4000-8000-000000000000,completed,2026-06-27 14:24:20.180209+00:00,2026-06-27 14:24:20.313795+00:00
00000035-0003-4000-8000-000000000000,completed,2026-06-27 14:24:07.760743+00:00,2026-06-27 14:24:07.914053+00:00
00000040-0003-4000-8000-000000000000,completed,2026-06-27 14:24:08.153432+00:00,2026-06-27 14:24:08.295711+00:00
00000045-0003-4000-8000-000000000000,completed,2026-06-27 14:24:08.915729+00:00,2026-06-27 14:24:09.065785+00:00
00000009-0007-4000-8000-000000000000,completed,2026-06-27 14:24:20.908377+00:00,2026-06-27 14:24:21.057623+00:00
00000020-0004-4000-8000-000000000000,completed,2026-06-27 14:24:11.055322+00:00,2026-06-27 14:24:11.215719+00:00
00000034-0004-4000-8000-000000000000,completed,2026-06-27 14:24:12.055208+00:00,2026-06-27 14:24:12.203700+00:00
00000028-0008-4000-8000-000000000000,completed,2026-06-27 14:24:24.763383+00:00,2026-06-27 14:24:24.895159+00:00
00000047-0004-4000-8000-000000000000,completed,2026-06-27 14:24:13.331096+00:00,2026-06-27 14:24:13.475743+00:00
00000015-0007-4000-8000-000000000000,completed,2026-06-27 14:24:21.148265+00:00,2026-06-27 14:24:21.285200+00:00
00000009-0005-4000-8000-000000000000,completed,2026-06-27 14:24:14.243068+00:00,2026-06-27 14:24:14.392912+00:00
00000022-0005-4000-8000-000000000000,completed,2026-06-27 14:24:15.197870+00:00,2026-06-27 14:24:15.329232+00:00
00000007-0006-4000-8000-000000000000,completed,2026-06-27 14:24:17.626247+00:00,2026-06-27 14:24:17.760031+00:00
00000016-0007-4000-8000-000000000000,completed,2026-06-27 14:24:21.385615+00:00,2026-06-27 14:24:21.520769+00:00
00000023-0006-4000-8000-000000000000,completed,2026-06-27 14:24:18.672202+00:00,2026-06-27 14:24:18.811197+00:00
00000033-0009-4000-8000-000000000000,completed,2026-06-27 14:24:27.458752+00:00,2026-06-27 14:24:27.609312+00:00
00000034-0008-4000-8000-000000000000,completed,2026-06-27 14:24:24.977537+00:00,2026-06-27 14:24:25.134623+00:00
00000022-0007-4000-8000-000000000000,completed,2026-06-27 14:24:21.617819+00:00,2026-06-27 14:24:21.770414+00:00
00000033-0007-4000-8000-000000000000,completed,2026-06-27 14:24:22.089164+00:00,2026-06-27 14:24:22.242970+00:00
00000040-0007-4000-8000-000000000000,completed,2026-06-27 14:24:22.546619+00:00,2026-06-27 14:24:22.683701+00:00
00000047-0008-4000-8000-000000000000,completed,2026-06-27 14:24:25.823981+00:00,2026-06-27 14:24:25.977438+00:00
00000022-0009-4000-8000-000000000000,completed,2026-06-27 14:24:27.056729+00:00,2026-06-27 14:24:27.186398+00:00
00000030-0007-4000-8000-000000000000,completed,2026-06-27 14:24:22.371451+00:00,2026-06-27 14:24:22.540308+00:00
00000030-0003-4000-8000-000000000000,completed,2026-06-27 14:24:07.858596+00:00,2026-06-27 14:24:08.002054+00:00
00000039-0003-4000-8000-000000000000,completed,2026-06-27 14:24:08.249069+00:00,2026-06-27 14:24:08.396481+00:00
00000017-0011-4000-8000-000000000000,completed,2026-06-27 14:24:31.560512+00:00,2026-06-27 14:24:31.690733+00:00
00000004-0004-4000-8000-000000000000,completed,2026-06-27 14:24:09.742780+00:00,2026-06-27 14:24:09.873666+00:00
00000039-0007-4000-8000-000000000000,completed,2026-06-27 14:24:22.602721+00:00,2026-06-27 14:24:22.733977+00:00
00000021-0004-4000-8000-000000000000,completed,2026-06-27 14:24:11.138703+00:00,2026-06-27 14:24:11.280808+00:00
00000029-0005-4000-8000-000000000000,completed,2026-06-27 14:24:15.489613+00:00,2026-06-27 14:24:15.631553+00:00
00000003-0009-4000-8000-000000000000,completed,2026-06-27 14:24:26.082457+00:00,2026-06-27 14:24:26.238635+00:00
00000004-0006-4000-8000-000000000000,completed,2026-06-27 14:24:17.427527+00:00,2026-06-27 14:24:17.563284+00:00
00000014-0007-4000-8000-000000000000,completed,2026-06-27 14:24:22.832267+00:00,2026-06-27 14:24:22.980365+00:00
00000018-0006-4000-8000-000000000000,completed,2026-06-27 14:24:18.219785+00:00,2026-06-27 14:24:18.354115+00:00
00000037-0006-4000-8000-000000000000,completed,2026-06-27 14:24:19.497876+00:00,2026-06-27 14:24:19.642836+00:00
00000003-0007-4000-8000-000000000000,completed,2026-06-27 14:24:20.485387+00:00,2026-06-27 14:24:20.617847+00:00
00000043-0007-4000-8000-000000000000,completed,2026-06-27 14:24:23.054743+00:00,2026-06-27 14:24:23.207949+00:00
00000024-0007-4000-8000-000000000000,completed,2026-06-27 14:24:21.677320+00:00,2026-06-27 14:24:21.836154+00:00
00000049-0009-4000-8000-000000000000,completed,2026-06-27 14:24:28.496963+00:00,2026-06-27 14:24:28.683446+00:00
00000011-0009-4000-8000-000000000000,completed,2026-06-27 14:24:26.700370+00:00,2026-06-27 14:24:26.839313+00:00
00000049-0007-4000-8000-000000000000,completed,2026-06-27 14:24:23.279393+00:00,2026-06-27 14:24:23.420366+00:00
00000021-0008-4000-8000-000000000000,completed,2026-06-27 14:24:24.385688+00:00,2026-06-27 14:24:24.533228+00:00
00000038-0008-4000-8000-000000000000,completed,2026-06-27 14:24:25.666129+00:00,2026-06-27 14:24:25.834155+00:00
00000039-0009-4000-8000-000000000000,completed,2026-06-27 14:24:27.908529+00:00,2026-06-27 14:24:28.055074+00:00
00000012-0011-4000-8000-000000000000,completed,2026-06-27 14:24:31.334003+00:00,2026-06-27 14:24:31.484165+00:00
00000043-0009-4000-8000-000000000000,completed,2026-06-27 14:24:28.305041+00:00,2026-06-27 14:24:28.435656+00:00
00000003-0011-4000-8000-000000000000,completed,2026-06-27 14:24:30.964453+00:00,2026-06-27 14:24:31.104260+00:00
00000010-0011-4000-8000-000000000000,completed,2026-06-27 14:24:31.374173+00:00,2026-06-27 14:24:31.519296+00:00
00000021-0011-4000-8000-000000000000,completed,2026-06-27 14:24:31.786304+00:00,2026-06-27 14:24:31.940819+00:00
00000020-0011-4000-8000-000000000000,completed,2026-06-27 14:24:31.741577+00:00,2026-06-27 14:24:31.874959+00:00
00000025-0011-4000-8000-000000000000,completed,2026-06-27 14:24:32.012830+00:00,2026-06-27 14:24:32.185207+00:00
00000030-0011-4000-8000-000000000000,completed,2026-06-27 14:24:32.415883+00:00,2026-06-27 14:24:32.578961+00:00
00000042-0011-4000-8000-000000000000,completed,2026-06-27 14:24:32.635132+00:00,2026-06-27 14:24:32.784438+00:00
00000022-0020-4000-8000-000000000000,completed,2026-06-27 14:24:48.879121+00:00,2026-06-27 14:24:49.015915+00:00
00000050-0011-4000-8000-000000000000,completed,2026-06-27 14:24:33.167888+00:00,2026-06-27 14:24:33.298853+00:00
00000008-0012-4000-8000-000000000000,completed,2026-06-27 14:24:33.906257+00:00,2026-06-27 14:24:34.051413+00:00
00000023-0012-4000-8000-000000000000,completed,2026-06-27 14:24:34.119785+00:00,2026-06-27 14:24:34.273904+00:00
00000050-0017-4000-8000-000000000000,completed,2026-06-27 14:24:44.831540+00:00,2026-06-27 14:24:44.975880+00:00
00000028-0013-4000-8000-000000000000,completed,2026-06-27 14:24:36.386611+00:00,2026-06-27 14:24:36.527502+00:00
00000047-0013-4000-8000-000000000000,completed,2026-06-27 14:24:37.200516+00:00,2026-06-27 14:24:37.383197+00:00
00000031-0019-4000-8000-000000000000,completed,2026-06-27 14:24:47.961188+00:00,2026-06-27 14:24:48.133293+00:00
00000010-0015-4000-8000-000000000000,completed,2026-06-27 14:24:39.714192+00:00,2026-06-27 14:24:39.847813+00:00
00000009-0018-4000-8000-000000000000,completed,2026-06-27 14:24:45.110452+00:00,2026-06-27 14:24:45.259781+00:00
00000017-0015-4000-8000-000000000000,completed,2026-06-27 14:24:39.869163+00:00,2026-06-27 14:24:40.011894+00:00
00000028-0015-4000-8000-000000000000,completed,2026-06-27 14:24:40.324109+00:00,2026-06-27 14:24:40.472156+00:00
00000047-0019-4000-8000-000000000000,completed,2026-06-27 14:24:48.090338+00:00,2026-06-27 14:24:48.221184+00:00
00000022-0016-4000-8000-000000000000,completed,2026-06-27 14:24:41.967696+00:00,2026-06-27 14:24:42.101181+00:00
00000033-0016-4000-8000-000000000000,completed,2026-06-27 14:24:42.259698+00:00,2026-06-27 14:24:42.413797+00:00
00000023-0017-4000-8000-000000000000,completed,2026-06-27 14:24:43.844956+00:00,2026-06-27 14:24:43.990194+00:00
00000022-0018-4000-8000-000000000000,completed,2026-06-27 14:24:45.525141+00:00,2026-06-27 14:24:45.683545+00:00
00000025-0018-4000-8000-000000000000,completed,2026-06-27 14:24:45.665130+00:00,2026-06-27 14:24:45.793526+00:00
00000041-0018-4000-8000-000000000000,completed,2026-06-27 14:24:46.214169+00:00,2026-06-27 14:24:46.399399+00:00
00000027-0019-4000-8000-000000000000,completed,2026-06-27 14:24:47.692998+00:00,2026-06-27 14:24:47.837390+00:00
00000033-0020-4000-8000-000000000000,completed,2026-06-27 14:24:49.139039+00:00,2026-06-27 14:24:49.289079+00:00
00000050-0019-4000-8000-000000000000,completed,2026-06-27 14:24:48.221479+00:00,2026-06-27 14:24:48.364563+00:00
00000002-0020-4000-8000-000000000000,completed,2026-06-27 14:24:48.353893+00:00,2026-06-27 14:24:48.495148+00:00
00000031-0021-4000-8000-000000000000,completed,2026-06-27 14:24:51.185262+00:00,2026-06-27 14:24:51.316890+00:00
00000045-0020-4000-8000-000000000000,completed,2026-06-27 14:24:49.655998+00:00,2026-06-27 14:24:49.795950+00:00
00000040-0022-4000-8000-000000000000,completed,2026-06-27 14:24:52.551615+00:00,2026-06-27 14:24:52.690481+00:00
00000002-0022-4000-8000-000000000000,completed,2026-06-27 14:24:51.562478+00:00,2026-06-27 14:24:51.702804+00:00
00000020-0023-4000-8000-000000000000,completed,2026-06-27 14:24:53.530114+00:00,2026-06-27 14:24:53.655407+00:00
00000047-0023-4000-8000-000000000000,completed,2026-06-27 14:24:54.373517+00:00,2026-06-27 14:24:54.517630+00:00
00000009-0024-4000-8000-000000000000,completed,2026-06-27 14:24:54.731932+00:00,2026-06-27 14:24:54.864048+00:00
00000016-0024-4000-8000-000000000000,completed,2026-06-27 14:24:54.969653+00:00,2026-06-27 14:24:55.107496+00:00
00000003-0016-4000-8000-000000000000,completed,2026-06-27 14:24:41.260323+00:00,2026-06-27 14:24:41.401286+00:00
00000029-0012-4000-8000-000000000000,completed,2026-06-27 14:24:34.250191+00:00,2026-06-27 14:24:34.401342+00:00
00000032-0012-4000-8000-000000000000,completed,2026-06-27 14:24:34.421403+00:00,2026-06-27 14:24:34.581345+00:00
00000014-0022-4000-8000-000000000000,completed,2026-06-27 14:24:52.704010+00:00,2026-06-27 14:24:52.847951+00:00
00000030-0012-4000-8000-000000000000,completed,2026-06-27 14:24:34.592206+00:00,2026-06-27 14:24:34.723706+00:00
00000032-0016-4000-8000-000000000000,completed,2026-06-27 14:24:42.296923+00:00,2026-06-27 14:24:42.434001+00:00
00000004-0013-4000-8000-000000000000,completed,2026-06-27 14:24:35.434828+00:00,2026-06-27 14:24:35.581586+00:00
00000036-0013-4000-8000-000000000000,completed,2026-06-27 14:24:36.589769+00:00,2026-06-27 14:24:36.733392+00:00
00000030-0018-4000-8000-000000000000,completed,2026-06-27 14:24:45.973382+00:00,2026-06-27 14:24:46.110173+00:00
00000044-0013-4000-8000-000000000000,completed,2026-06-27 14:24:36.918017+00:00,2026-06-27 14:24:37.065030+00:00
00000039-0016-4000-8000-000000000000,completed,2026-06-27 14:24:42.587927+00:00,2026-06-27 14:24:42.724743+00:00
00000007-0014-4000-8000-000000000000,completed,2026-06-27 14:24:37.559081+00:00,2026-06-27 14:24:37.688523+00:00
00000024-0014-4000-8000-000000000000,completed,2026-06-27 14:24:38.196209+00:00,2026-06-27 14:24:38.364328+00:00
00000039-0014-4000-8000-000000000000,completed,2026-06-27 14:24:38.824168+00:00,2026-06-27 14:24:38.976451+00:00
00000043-0016-4000-8000-000000000000,completed,2026-06-27 14:24:42.877069+00:00,2026-06-27 14:24:43.003904+00:00
00000021-0015-4000-8000-000000000000,completed,2026-06-27 14:24:40.058442+00:00,2026-06-27 14:24:40.198982+00:00
00000021-0019-4000-8000-000000000000,completed,2026-06-27 14:24:47.191720+00:00,2026-06-27 14:24:47.332309+00:00
00000048-0017-4000-8000-000000000000,completed,2026-06-27 14:24:44.725675+00:00,2026-06-27 14:24:44.881818+00:00
00000039-0020-4000-8000-000000000000,completed,2026-06-27 14:24:49.430188+00:00,2026-06-27 14:24:49.582663+00:00
00000011-0018-4000-8000-000000000000,completed,2026-06-27 14:24:45.283414+00:00,2026-06-27 14:24:45.431416+00:00
00000008-0018-4000-8000-000000000000,completed,2026-06-27 14:24:45.421845+00:00,2026-06-27 14:24:45.554333+00:00
00000036-0019-4000-8000-000000000000,completed,2026-06-27 14:24:47.602850+00:00,2026-06-27 14:24:47.745988+00:00
00000048-0019-4000-8000-000000000000,completed,2026-06-27 14:24:48.124860+00:00,2026-06-27 14:24:48.280655+00:00
00000044-0019-4000-8000-000000000000,completed,2026-06-27 14:24:47.857698+00:00,2026-06-27 14:24:47.997912+00:00
00000003-0020-4000-8000-000000000000,completed,2026-06-27 14:24:48.254745+00:00,2026-06-27 14:24:48.414091+00:00
00000012-0020-4000-8000-000000000000,completed,2026-06-27 14:24:48.518074+00:00,2026-06-27 14:24:48.659287+00:00
00000038-0021-4000-8000-000000000000,completed,2026-06-27 14:24:51.215204+00:00,2026-06-27 14:24:51.347154+00:00
00000036-0021-4000-8000-000000000000,completed,2026-06-27 14:24:50.837415+00:00,2026-06-27 14:24:50.968066+00:00
00000003-0022-4000-8000-000000000000,completed,2026-06-27 14:24:51.466731+00:00,2026-06-27 14:24:51.607288+00:00
00000024-0022-4000-8000-000000000000,completed,2026-06-27 14:24:52.090918+00:00,2026-06-27 14:24:52.225089+00:00
00000039-0022-4000-8000-000000000000,completed,2026-06-27 14:24:52.584332+00:00,2026-06-27 14:24:52.717992+00:00
00000038-0016-4000-8000-000000000000,completed,2026-06-27 14:24:42.805081+00:00,2026-06-27 14:24:42.960425+00:00
00000019-0012-4000-8000-000000000000,completed,2026-06-27 14:24:34.335851+00:00,2026-06-27 14:24:34.493767+00:00
00000038-0012-4000-8000-000000000000,completed,2026-06-27 14:24:35.016754+00:00,2026-06-27 14:24:35.200393+00:00
00000044-0022-4000-8000-000000000000,completed,2026-06-27 14:24:52.646476+00:00,2026-06-27 14:24:52.774949+00:00
00000003-0013-4000-8000-000000000000,completed,2026-06-27 14:24:35.352551+00:00,2026-06-27 14:24:35.506963+00:00
00000004-0018-4000-8000-000000000000,completed,2026-06-27 14:24:44.935762+00:00,2026-06-27 14:24:45.083963+00:00
00000011-0013-4000-8000-000000000000,completed,2026-06-27 14:24:35.852073+00:00,2026-06-27 14:24:35.988186+00:00
00000032-0013-4000-8000-000000000000,completed,2026-06-27 14:24:36.509031+00:00,2026-06-27 14:24:36.642080+00:00
00000038-0020-4000-8000-000000000000,completed,2026-06-27 14:24:49.626949+00:00,2026-06-27 14:24:49.766510+00:00
00000004-0014-4000-8000-000000000000,completed,2026-06-27 14:24:37.480036+00:00,2026-06-27 14:24:37.603862+00:00
00000018-0018-4000-8000-000000000000,completed,2026-06-27 14:24:45.351890+00:00,2026-06-27 14:24:45.511199+00:00
00000024-0015-4000-8000-000000000000,completed,2026-06-27 14:24:40.134170+00:00,2026-06-27 14:24:40.285046+00:00
00000029-0015-4000-8000-000000000000,completed,2026-06-27 14:24:40.282336+00:00,2026-06-27 14:24:40.427021+00:00
00000030-0015-4000-8000-000000000000,completed,2026-06-27 14:24:40.586889+00:00,2026-06-27 14:24:40.733864+00:00
00000012-0019-4000-8000-000000000000,completed,2026-06-27 14:24:46.858256+00:00,2026-06-27 14:24:47.010459+00:00
00000039-0015-4000-8000-000000000000,completed,2026-06-27 14:24:40.738346+00:00,2026-06-27 14:24:40.874799+00:00
00000007-0021-4000-8000-000000000000,completed,2026-06-27 14:24:50.009240+00:00,2026-06-27 14:24:50.155150+00:00
00000043-0019-4000-8000-000000000000,completed,2026-06-27 14:24:48.057411+00:00,2026-06-27 14:24:48.215340+00:00
00000018-0020-4000-8000-000000000000,completed,2026-06-27 14:24:48.714953+00:00,2026-06-27 14:24:48.865528+00:00
00000021-0020-4000-8000-000000000000,completed,2026-06-27 14:24:48.846429+00:00,2026-06-27 14:24:48.988387+00:00
00000014-0021-4000-8000-000000000000,completed,2026-06-27 14:24:51.152364+00:00,2026-06-27 14:24:51.302472+00:00
00000043-0023-4000-8000-000000000000,completed,2026-06-27 14:24:54.342723+00:00,2026-06-27 14:24:54.478952+00:00
00000038-0022-4000-8000-000000000000,completed,2026-06-27 14:24:52.767706+00:00,2026-06-27 14:24:52.901625+00:00
00000048-0022-4000-8000-000000000000,completed,2026-06-27 14:24:52.889658+00:00,2026-06-27 14:24:53.031885+00:00
00000026-0024-4000-8000-000000000000,completed,2026-06-27 14:24:55.176276+00:00,2026-06-27 14:24:55.304221+00:00
00000029-0023-4000-8000-000000000000,completed,2026-06-27 14:24:53.742073+00:00,2026-06-27 14:24:53.866013+00:00
00000018-0024-4000-8000-000000000000,completed,2026-06-27 14:24:54.939427+00:00,2026-06-27 14:24:55.076252+00:00
00000044-0024-4000-8000-000000000000,completed,2026-06-27 14:24:55.650823+00:00,2026-06-27 14:24:55.789206+00:00
00000036-0024-4000-8000-000000000000,completed,2026-06-27 14:24:55.411659+00:00,2026-06-27 14:24:55.548890+00:00
00000037-0024-4000-8000-000000000000,completed,2026-06-27 14:24:55.530575+00:00,2026-06-27 14:24:55.656755+00:00
00000048-0024-4000-8000-000000000000,completed,2026-06-27 14:24:55.882193+00:00,2026-06-27 14:24:56.025955+00:00
00000033-0017-4000-8000-000000000000,completed,2026-06-27 14:24:44.065932+00:00,2026-06-27 14:24:44.205597+00:00
00000025-0013-4000-8000-000000000000,completed,2026-06-27 14:24:36.304055+00:00,2026-06-27 14:24:36.483566+00:00
00000033-0013-4000-8000-000000000000,completed,2026-06-27 14:24:36.467800+00:00,2026-06-27 14:24:36.625516+00:00
00000040-0013-4000-8000-000000000000,completed,2026-06-27 14:24:36.793116+00:00,2026-06-27 14:24:36.927086+00:00
00000040-0017-4000-8000-000000000000,completed,2026-06-27 14:24:44.340446+00:00,2026-06-27 14:24:44.489951+00:00
00000001-0014-4000-8000-000000000000,completed,2026-06-27 14:24:37.600227+00:00,2026-06-27 14:24:37.726801+00:00
00000010-0014-4000-8000-000000000000,completed,2026-06-27 14:24:37.758526+00:00,2026-06-27 14:24:37.906400+00:00
00000001-0020-4000-8000-000000000000,completed,2026-06-27 14:24:48.419483+00:00,2026-06-27 14:24:48.553491+00:00
00000023-0014-4000-8000-000000000000,completed,2026-06-27 14:24:38.234023+00:00,2026-06-27 14:24:38.386816+00:00
00000045-0015-4000-8000-000000000000,completed,2026-06-27 14:24:41.002294+00:00,2026-06-27 14:24:41.141980+00:00
00000020-0016-4000-8000-000000000000,completed,2026-06-27 14:24:41.892753+00:00,2026-06-27 14:24:42.044997+00:00
00000020-0018-4000-8000-000000000000,completed,2026-06-27 14:24:45.456062+00:00,2026-06-27 14:24:45.603571+00:00
00000042-0016-4000-8000-000000000000,completed,2026-06-27 14:24:42.623671+00:00,2026-06-27 14:24:42.785644+00:00
00000022-0017-4000-8000-000000000000,completed,2026-06-27 14:24:43.775183+00:00,2026-06-27 14:24:43.913545+00:00
00000045-0021-4000-8000-000000000000,completed,2026-06-27 14:24:51.252043+00:00,2026-06-27 14:24:51.384194+00:00
00000027-0020-4000-8000-000000000000,completed,2026-06-27 14:24:49.334542+00:00,2026-06-27 14:24:49.473681+00:00
00000023-0018-4000-8000-000000000000,completed,2026-06-27 14:24:45.595282+00:00,2026-06-27 14:24:45.744129+00:00
00000028-0018-4000-8000-000000000000,completed,2026-06-27 14:24:45.733355+00:00,2026-06-27 14:24:45.870365+00:00
00000009-0019-4000-8000-000000000000,completed,2026-06-27 14:24:46.824998+00:00,2026-06-27 14:24:46.987168+00:00
00000046-0019-4000-8000-000000000000,completed,2026-06-27 14:24:48.156715+00:00,2026-06-27 14:24:48.291270+00:00
00000016-0021-4000-8000-000000000000,completed,2026-06-27 14:24:50.366458+00:00,2026-06-27 14:24:50.508985+00:00
00000042-0022-4000-8000-000000000000,completed,2026-06-27 14:24:52.613444+00:00,2026-06-27 14:24:52.754846+00:00
00000025-0021-4000-8000-000000000000,completed,2026-06-27 14:24:50.614720+00:00,2026-06-27 14:24:50.763994+00:00
00000005-0022-4000-8000-000000000000,completed,2026-06-27 14:24:51.496992+00:00,2026-06-27 14:24:51.631054+00:00
00000028-0022-4000-8000-000000000000,completed,2026-06-27 14:24:52.247937+00:00,2026-06-27 14:24:52.396694+00:00
00000022-0023-4000-8000-000000000000,completed,2026-06-27 14:24:53.589121+00:00,2026-06-27 14:24:53.727979+00:00
00000009-0023-4000-8000-000000000000,completed,2026-06-27 14:24:53.229393+00:00,2026-06-27 14:24:53.368114+00:00
00000033-0023-4000-8000-000000000000,completed,2026-06-27 14:24:53.831933+00:00,2026-06-27 14:24:53.966683+00:00
00000005-0024-4000-8000-000000000000,completed,2026-06-27 14:24:54.551000+00:00,2026-06-27 14:24:54.679168+00:00
00000028-0024-4000-8000-000000000000,completed,2026-06-27 14:24:55.264534+00:00,2026-06-27 14:24:55.402415+00:00
00000042-0024-4000-8000-000000000000,completed,2026-06-27 14:24:55.621025+00:00,2026-06-27 14:24:55.757035+00:00
00000041-0029-4000-8000-000000000000,completed,2026-06-27 14:25:02.632686+00:00,2026-06-27 14:25:02.775823+00:00
00000037-0025-4000-8000-000000000000,completed,2026-06-27 14:24:56.985316+00:00,2026-06-27 14:24:57.124559+00:00
00000049-0022-4000-8000-000000000000,completed,2026-06-27 14:24:52.951318+00:00,2026-06-27 14:24:53.083172+00:00
00000004-0023-4000-8000-000000000000,completed,2026-06-27 14:24:53.071972+00:00,2026-06-27 14:24:53.210306+00:00
00000044-0025-4000-8000-000000000000,completed,2026-06-27 14:24:57.099997+00:00,2026-06-27 14:24:57.233224+00:00
00000018-0023-4000-8000-000000000000,completed,2026-06-27 14:24:53.438080+00:00,2026-06-27 14:24:53.562682+00:00
00000037-0023-4000-8000-000000000000,completed,2026-06-27 14:24:54.043042+00:00,2026-06-27 14:24:54.184386+00:00
00000031-0028-4000-8000-000000000000,completed,2026-06-27 14:25:01.342794+00:00,2026-06-27 14:25:01.513764+00:00
00000038-0023-4000-8000-000000000000,completed,2026-06-27 14:24:54.283498+00:00,2026-06-27 14:24:54.420735+00:00
00000003-0026-4000-8000-000000000000,completed,2026-06-27 14:24:57.446550+00:00,2026-06-27 14:24:57.613013+00:00
00000003-0024-4000-8000-000000000000,completed,2026-06-27 14:24:54.522430+00:00,2026-06-27 14:24:54.653049+00:00
00000011-0024-4000-8000-000000000000,completed,2026-06-27 14:24:54.880005+00:00,2026-06-27 14:24:55.021171+00:00
00000043-0024-4000-8000-000000000000,completed,2026-06-27 14:24:55.822733+00:00,2026-06-27 14:24:55.959105+00:00
00000032-0026-4000-8000-000000000000,completed,2026-06-27 14:24:58.246154+00:00,2026-06-27 14:24:58.381238+00:00
00000004-0025-4000-8000-000000000000,completed,2026-06-27 14:24:56.059895+00:00,2026-06-27 14:24:56.201489+00:00
00000019-0025-4000-8000-000000000000,completed,2026-06-27 14:24:56.755116+00:00,2026-06-27 14:24:56.890614+00:00
00000037-0029-4000-8000-000000000000,completed,2026-06-27 14:25:02.741490+00:00,2026-06-27 14:25:02.907805+00:00
00000043-0026-4000-8000-000000000000,completed,2026-06-27 14:24:58.692644+00:00,2026-06-27 14:24:58.833125+00:00
00000021-0027-4000-8000-000000000000,completed,2026-06-27 14:24:59.368653+00:00,2026-06-27 14:24:59.518958+00:00
00000036-0029-4000-8000-000000000000,completed,2026-06-27 14:25:02.420103+00:00,2026-06-27 14:25:02.565448+00:00
00000011-0028-4000-8000-000000000000,completed,2026-06-27 14:25:00.582064+00:00,2026-06-27 14:25:00.729075+00:00
00000048-0031-4000-8000-000000000000,completed,2026-06-27 14:25:05.456582+00:00,2026-06-27 14:25:05.598106+00:00
00000040-0029-4000-8000-000000000000,completed,2026-06-27 14:25:02.526568+00:00,2026-06-27 14:25:02.683788+00:00
00000036-0031-4000-8000-000000000000,completed,2026-06-27 14:25:05.044913+00:00,2026-06-27 14:25:05.197429+00:00
00000040-0031-4000-8000-000000000000,completed,2026-06-27 14:25:05.148921+00:00,2026-06-27 14:25:05.298303+00:00
00000021-0031-4000-8000-000000000000,completed,2026-06-27 14:25:04.736254+00:00,2026-06-27 14:25:04.902509+00:00
00000032-0032-4000-8000-000000000000,completed,2026-06-27 14:25:06.274473+00:00,2026-06-27 14:25:06.455254+00:00
00000008-0032-4000-8000-000000000000,completed,2026-06-27 14:25:05.969680+00:00,2026-06-27 14:25:06.128663+00:00
00000043-0032-4000-8000-000000000000,completed,2026-06-27 14:25:06.680887+00:00,2026-06-27 14:25:06.819353+00:00
00000019-0033-4000-8000-000000000000,completed,2026-06-27 14:25:07.488482+00:00,2026-06-27 14:25:07.620360+00:00
00000040-0033-4000-8000-000000000000,completed,2026-06-27 14:25:07.688273+00:00,2026-06-27 14:25:07.837677+00:00
00000001-0031-4000-8000-000000000000,completed,2026-06-27 14:25:04.396939+00:00,2026-06-27 14:25:04.563238+00:00
00000045-0024-4000-8000-000000000000,completed,2026-06-27 14:24:55.795040+00:00,2026-06-27 14:24:55.935102+00:00
00000046-0024-4000-8000-000000000000,completed,2026-06-27 14:24:55.911896+00:00,2026-06-27 14:24:56.045570+00:00
00000028-0025-4000-8000-000000000000,completed,2026-06-27 14:24:56.726862+00:00,2026-06-27 14:24:56.861396+00:00
00000034-0031-4000-8000-000000000000,completed,2026-06-27 14:25:05.019625+00:00,2026-06-27 14:25:05.166837+00:00
00000002-0026-4000-8000-000000000000,completed,2026-06-27 14:24:57.531408+00:00,2026-06-27 14:24:57.674494+00:00
00000010-0027-4000-8000-000000000000,completed,2026-06-27 14:24:59.115359+00:00,2026-06-27 14:24:59.280960+00:00
00000033-0036-4000-8000-000000000000,completed,2026-06-27 14:25:11.260075+00:00,2026-06-27 14:25:11.408528+00:00
00000016-0028-4000-8000-000000000000,completed,2026-06-27 14:25:00.662838+00:00,2026-06-27 14:25:00.806579+00:00
00000047-0031-4000-8000-000000000000,completed,2026-06-27 14:25:05.432416+00:00,2026-06-27 14:25:05.590768+00:00
00000005-0029-4000-8000-000000000000,completed,2026-06-27 14:25:01.641846+00:00,2026-06-27 14:25:01.798442+00:00
00000009-0030-4000-8000-000000000000,completed,2026-06-27 14:25:03.138424+00:00,2026-06-27 14:25:03.279932+00:00
00000034-0033-4000-8000-000000000000,completed,2026-06-27 14:25:07.562146+00:00,2026-06-27 14:25:07.699461+00:00
00000015-0030-4000-8000-000000000000,completed,2026-06-27 14:25:03.245870+00:00,2026-06-27 14:25:03.400536+00:00
00000016-0030-4000-8000-000000000000,completed,2026-06-27 14:25:03.350494+00:00,2026-06-27 14:25:03.489578+00:00
00000014-0036-4000-8000-000000000000,completed,2026-06-27 14:25:11.559272+00:00,2026-06-27 14:25:11.700075+00:00
00000050-0033-4000-8000-000000000000,completed,2026-06-27 14:25:08.061010+00:00,2026-06-27 14:25:08.214783+00:00
00000039-0034-4000-8000-000000000000,completed,2026-06-27 14:25:08.959962+00:00,2026-06-27 14:25:09.124576+00:00
00000014-0040-4000-8000-000000000000,completed,2026-06-27 14:25:16.561056+00:00,2026-06-27 14:25:16.705296+00:00
00000005-0035-4000-8000-000000000000,completed,2026-06-27 14:25:09.360263+00:00,2026-06-27 14:25:09.520370+00:00
00000005-0037-4000-8000-000000000000,completed,2026-06-27 14:25:11.859479+00:00,2026-06-27 14:25:12.001574+00:00
00000050-0037-4000-8000-000000000000,completed,2026-06-27 14:25:13.060132+00:00,2026-06-27 14:25:13.211402+00:00
00000020-0037-4000-8000-000000000000,completed,2026-06-27 14:25:12.262469+00:00,2026-06-27 14:25:12.401190+00:00
00000002-0038-4000-8000-000000000000,completed,2026-06-27 14:25:13.159915+00:00,2026-06-27 14:25:13.293663+00:00
00000038-0039-4000-8000-000000000000,completed,2026-06-27 14:25:15.361048+00:00,2026-06-27 14:25:15.511756+00:00
00000044-0041-4000-8000-000000000000,completed,2026-06-27 14:25:17.759504+00:00,2026-06-27 14:25:17.899705+00:00
00000020-0041-4000-8000-000000000000,completed,2026-06-27 14:25:17.260095+00:00,2026-06-27 14:25:17.396563+00:00
00000047-0041-4000-8000-000000000000,completed,2026-06-27 14:25:17.960529+00:00,2026-06-27 14:25:18.096100+00:00
00000033-0042-4000-8000-000000000000,completed,2026-06-27 14:25:18.762772+00:00,2026-06-27 14:25:18.886725+00:00
00000014-0042-4000-8000-000000000000,completed,2026-06-27 14:25:19.060779+00:00,2026-06-27 14:25:19.208059+00:00
00000050-0043-4000-8000-000000000000,completed,2026-06-27 14:25:20.559645+00:00,2026-06-27 14:25:20.767785+00:00
00000050-0028-4000-8000-000000000000,completed,2026-06-27 14:25:01.586082+00:00,2026-06-27 14:25:01.755290+00:00
00000016-0025-4000-8000-000000000000,completed,2026-06-27 14:24:56.437225+00:00,2026-06-27 14:24:56.597150+00:00
00000001-0026-4000-8000-000000000000,completed,2026-06-27 14:24:57.587865+00:00,2026-06-27 14:24:57.737139+00:00
00000023-0026-4000-8000-000000000000,completed,2026-06-27 14:24:58.043537+00:00,2026-06-27 14:24:58.185459+00:00
00000009-0029-4000-8000-000000000000,completed,2026-06-27 14:25:01.804705+00:00,2026-06-27 14:25:01.983996+00:00
00000050-0026-4000-8000-000000000000,completed,2026-06-27 14:24:58.834284+00:00,2026-06-27 14:24:58.971016+00:00
00000039-0027-4000-8000-000000000000,completed,2026-06-27 14:24:59.837115+00:00,2026-06-27 14:24:59.980806+00:00
00000016-0031-4000-8000-000000000000,completed,2026-06-27 14:25:04.658720+00:00,2026-06-27 14:25:04.821850+00:00
00000046-0027-4000-8000-000000000000,completed,2026-06-27 14:25:00.167991+00:00,2026-06-27 14:25:00.343345+00:00
00000014-0029-4000-8000-000000000000,completed,2026-06-27 14:25:02.659663+00:00,2026-06-27 14:25:02.809812+00:00
00000001-0028-4000-8000-000000000000,completed,2026-06-27 14:25:00.388054+00:00,2026-06-27 14:25:00.557191+00:00
00000010-0028-4000-8000-000000000000,completed,2026-06-27 14:25:00.498669+00:00,2026-06-27 14:25:00.670546+00:00
00000023-0028-4000-8000-000000000000,completed,2026-06-27 14:25:00.825753+00:00,2026-06-27 14:25:00.974314+00:00
00000010-0030-4000-8000-000000000000,completed,2026-06-27 14:25:03.190309+00:00,2026-06-27 14:25:03.326003+00:00
00000034-0028-4000-8000-000000000000,completed,2026-06-27 14:25:01.043977+00:00,2026-06-27 14:25:01.196349+00:00
00000050-0032-4000-8000-000000000000,completed,2026-06-27 14:25:06.806945+00:00,2026-06-27 14:25:06.963117+00:00
00000014-0031-4000-8000-000000000000,completed,2026-06-27 14:25:05.276162+00:00,2026-06-27 14:25:05.421996+00:00
00000038-0030-4000-8000-000000000000,completed,2026-06-27 14:25:04.032804+00:00,2026-06-27 14:25:04.204680+00:00
00000047-0030-4000-8000-000000000000,completed,2026-06-27 14:25:04.137915+00:00,2026-06-27 14:25:04.278479+00:00
00000002-0031-4000-8000-000000000000,completed,2026-06-27 14:25:04.344483+00:00,2026-06-27 14:25:04.487418+00:00
00000001-0032-4000-8000-000000000000,completed,2026-06-27 14:25:05.687465+00:00,2026-06-27 14:25:05.823768+00:00
00000015-0033-4000-8000-000000000000,completed,2026-06-27 14:25:07.108144+00:00,2026-06-27 14:25:07.257136+00:00
00000044-0032-4000-8000-000000000000,completed,2026-06-27 14:25:06.502463+00:00,2026-06-27 14:25:06.652738+00:00
00000035-0033-4000-8000-000000000000,completed,2026-06-27 14:25:07.610136+00:00,2026-06-27 14:25:07.748286+00:00
00000009-0033-4000-8000-000000000000,completed,2026-06-27 14:25:07.008666+00:00,2026-06-27 14:25:07.165611+00:00
00000016-0033-4000-8000-000000000000,completed,2026-06-27 14:25:07.209243+00:00,2026-06-27 14:25:07.350447+00:00
00000045-0033-4000-8000-000000000000,completed,2026-06-27 14:25:07.910075+00:00,2026-06-27 14:25:08.044321+00:00
00000039-0033-4000-8000-000000000000,completed,2026-06-27 14:25:07.712245+00:00,2026-06-27 14:25:07.891222+00:00
00000001-0034-4000-8000-000000000000,completed,2026-06-27 14:25:08.210673+00:00,2026-06-27 14:25:08.396049+00:00
00000022-0035-4000-8000-000000000000,completed,2026-06-27 14:25:09.810387+00:00,2026-06-27 14:25:09.942519+00:00
00000033-0035-4000-8000-000000000000,completed,2026-06-27 14:25:10.012259+00:00,2026-06-27 14:25:10.169194+00:00
00000008-0029-4000-8000-000000000000,completed,2026-06-27 14:25:02.044811+00:00,2026-06-27 14:25:02.192429+00:00
00000008-0025-4000-8000-000000000000,completed,2026-06-27 14:24:56.465780+00:00,2026-06-27 14:24:56.601496+00:00
00000029-0025-4000-8000-000000000000,completed,2026-06-27 14:24:56.697272+00:00,2026-06-27 14:24:56.842486+00:00
00000007-0035-4000-8000-000000000000,completed,2026-06-27 14:25:09.435513+00:00,2026-06-27 14:25:09.590443+00:00
00000030-0025-4000-8000-000000000000,completed,2026-06-27 14:24:56.930574+00:00,2026-06-27 14:24:57.062523+00:00
00000042-0029-4000-8000-000000000000,completed,2026-06-27 14:25:02.579883+00:00,2026-06-27 14:25:02.703340+00:00
00000014-0025-4000-8000-000000000000,completed,2026-06-27 14:24:57.158714+00:00,2026-06-27 14:24:57.293525+00:00
00000004-0026-4000-8000-000000000000,completed,2026-06-27 14:24:57.502266+00:00,2026-06-27 14:24:57.652181+00:00
00000012-0033-4000-8000-000000000000,completed,2026-06-27 14:25:07.033448+00:00,2026-06-27 14:25:07.179521+00:00
00000013-0026-4000-8000-000000000000,completed,2026-06-27 14:24:57.731000+00:00,2026-06-27 14:24:57.881535+00:00
00000003-0031-4000-8000-000000000000,completed,2026-06-27 14:25:04.266759+00:00,2026-06-27 14:25:04.403775+00:00
00000026-0026-4000-8000-000000000000,completed,2026-06-27 14:24:58.071335+00:00,2026-06-27 14:24:58.221180+00:00
00000019-0026-4000-8000-000000000000,completed,2026-06-27 14:24:58.186153+00:00,2026-06-27 14:24:58.329825+00:00
00000048-0026-4000-8000-000000000000,completed,2026-06-27 14:24:58.748510+00:00,2026-06-27 14:24:58.888957+00:00
00000004-0032-4000-8000-000000000000,completed,2026-06-27 14:25:05.612281+00:00,2026-06-27 14:25:05.774370+00:00
00000018-0028-4000-8000-000000000000,completed,2026-06-27 14:25:00.634605+00:00,2026-06-27 14:25:00.770290+00:00
00000006-0034-4000-8000-000000000000,completed,2026-06-27 14:25:08.235695+00:00,2026-06-27 14:25:08.367794+00:00
00000026-0032-4000-8000-000000000000,completed,2026-06-27 14:25:06.122537+00:00,2026-06-27 14:25:06.269659+00:00
00000036-0032-4000-8000-000000000000,completed,2026-06-27 14:25:06.325240+00:00,2026-06-27 14:25:06.478469+00:00
00000037-0032-4000-8000-000000000000,completed,2026-06-27 14:25:06.630020+00:00,2026-06-27 14:25:06.779783+00:00
00000026-0034-4000-8000-000000000000,completed,2026-06-27 14:25:08.635092+00:00,2026-06-27 14:25:08.776592+00:00
00000013-0036-4000-8000-000000000000,completed,2026-06-27 14:25:10.834254+00:00,2026-06-27 14:25:10.965890+00:00
00000012-0035-4000-8000-000000000000,completed,2026-06-27 14:25:09.536674+00:00,2026-06-27 14:25:09.693150+00:00
00000041-0036-4000-8000-000000000000,completed,2026-06-27 14:25:11.536310+00:00,2026-06-27 14:25:11.682885+00:00
00000011-0035-4000-8000-000000000000,completed,2026-06-27 14:25:09.635314+00:00,2026-06-27 14:25:09.774111+00:00
00000008-0035-4000-8000-000000000000,completed,2026-06-27 14:25:09.734655+00:00,2026-06-27 14:25:09.891410+00:00
00000019-0036-4000-8000-000000000000,completed,2026-06-27 14:25:11.235772+00:00,2026-06-27 14:25:11.407287+00:00
00000030-0037-4000-8000-000000000000,completed,2026-06-27 14:25:12.636711+00:00,2026-06-27 14:25:12.770583+00:00
00000013-0038-4000-8000-000000000000,completed,2026-06-27 14:25:13.335265+00:00,2026-06-27 14:25:13.504915+00:00
00000040-0038-4000-8000-000000000000,completed,2026-06-27 14:25:13.937131+00:00,2026-06-27 14:25:14.084848+00:00
00000024-0039-4000-8000-000000000000,completed,2026-06-27 14:25:14.834756+00:00,2026-06-27 14:25:14.989377+00:00
00000006-0037-4000-8000-000000000000,completed,2026-06-27 14:25:11.985437+00:00,2026-06-27 14:25:12.118726+00:00
00000041-0033-4000-8000-000000000000,completed,2026-06-27 14:25:07.786512+00:00,2026-06-27 14:25:07.921894+00:00
00000003-0034-4000-8000-000000000000,completed,2026-06-27 14:25:08.085484+00:00,2026-06-27 14:25:08.230125+00:00
00000042-0040-4000-8000-000000000000,completed,2026-06-27 14:25:16.485749+00:00,2026-06-27 14:25:16.632039+00:00
00000031-0034-4000-8000-000000000000,completed,2026-06-27 14:25:09.084399+00:00,2026-06-27 14:25:09.226844+00:00
00000021-0037-4000-8000-000000000000,completed,2026-06-27 14:25:12.285164+00:00,2026-06-27 14:25:12.418624+00:00
00000049-0034-4000-8000-000000000000,completed,2026-06-27 14:25:09.285292+00:00,2026-06-27 14:25:09.452488+00:00
00000018-0035-4000-8000-000000000000,completed,2026-06-27 14:25:09.686596+00:00,2026-06-27 14:25:09.837333+00:00
00000007-0040-4000-8000-000000000000,completed,2026-06-27 14:25:15.687103+00:00,2026-06-27 14:25:15.832966+00:00
00000036-0035-4000-8000-000000000000,completed,2026-06-27 14:25:10.087025+00:00,2026-06-27 14:25:10.227039+00:00
00000007-0038-4000-8000-000000000000,completed,2026-06-27 14:25:13.185042+00:00,2026-06-27 14:25:13.318533+00:00
00000037-0035-4000-8000-000000000000,completed,2026-06-27 14:25:10.385922+00:00,2026-06-27 14:25:10.528876+00:00
00000032-0036-4000-8000-000000000000,completed,2026-06-27 14:25:11.287034+00:00,2026-06-27 14:25:11.446394+00:00
00000042-0038-4000-8000-000000000000,completed,2026-06-27 14:25:13.987157+00:00,2026-06-27 14:25:14.144073+00:00
00000042-0036-4000-8000-000000000000,completed,2026-06-27 14:25:11.484385+00:00,2026-06-27 14:25:11.629703+00:00
00000031-0036-4000-8000-000000000000,completed,2026-06-27 14:25:11.586032+00:00,2026-06-27 14:25:11.723389+00:00
00000031-0040-4000-8000-000000000000,completed,2026-06-27 14:25:16.585113+00:00,2026-06-27 14:25:16.723221+00:00
00000043-0038-4000-8000-000000000000,completed,2026-06-27 14:25:14.186134+00:00,2026-06-27 14:25:14.314777+00:00
00000004-0039-4000-8000-000000000000,completed,2026-06-27 14:25:14.384819+00:00,2026-06-27 14:25:14.529003+00:00
00000024-0040-4000-8000-000000000000,completed,2026-06-27 14:25:16.085187+00:00,2026-06-27 14:25:16.233641+00:00
00000019-0039-4000-8000-000000000000,completed,2026-06-27 14:25:14.986170+00:00,2026-06-27 14:25:15.123243+00:00
00000029-0040-4000-8000-000000000000,completed,2026-06-27 14:25:16.185568+00:00,2026-06-27 14:25:16.358387+00:00
00000012-0042-4000-8000-000000000000,completed,2026-06-27 14:25:18.284300+00:00,2026-06-27 14:25:18.420828+00:00
00000030-0042-4000-8000-000000000000,completed,2026-06-27 14:25:18.885452+00:00,2026-06-27 14:25:19.027068+00:00
00000006-0041-4000-8000-000000000000,completed,2026-06-27 14:25:16.987346+00:00,2026-06-27 14:25:17.132935+00:00
00000013-0041-4000-8000-000000000000,completed,2026-06-27 14:25:17.084735+00:00,2026-06-27 14:25:17.249058+00:00
00000008-0042-4000-8000-000000000000,completed,2026-06-27 14:25:18.484318+00:00,2026-06-27 14:25:18.617564+00:00
00000031-0042-4000-8000-000000000000,completed,2026-06-27 14:25:19.084555+00:00,2026-06-27 14:25:19.231927+00:00
00000026-0043-4000-8000-000000000000,completed,2026-06-27 14:25:19.888672+00:00,2026-06-27 14:25:20.026511+00:00
00000048-0043-4000-8000-000000000000,completed,2026-06-27 14:25:20.490473+00:00,2026-06-27 14:25:20.639975+00:00
00000024-0044-4000-8000-000000000000,completed,2026-06-27 14:25:21.092617+00:00,2026-06-27 14:25:21.248768+00:00
00000034-0042-4000-8000-000000000000,completed,2026-06-27 14:25:18.809603+00:00,2026-06-27 14:25:18.962463+00:00
00000039-0035-4000-8000-000000000000,completed,2026-06-27 14:25:10.214804+00:00,2026-06-27 14:25:10.374503+00:00
00000027-0036-4000-8000-000000000000,completed,2026-06-27 14:25:11.410528+00:00,2026-06-27 14:25:11.575336+00:00
00000044-0044-4000-8000-000000000000,completed,2026-06-27 14:25:21.509650+00:00,2026-06-27 14:25:21.672566+00:00
00000010-0038-4000-8000-000000000000,completed,2026-06-27 14:25:13.310441+00:00,2026-06-27 14:25:13.444358+00:00
00000044-0042-4000-8000-000000000000,completed,2026-06-27 14:25:19.010049+00:00,2026-06-27 14:25:19.153418+00:00
00000020-0038-4000-8000-000000000000,completed,2026-06-27 14:25:13.509979+00:00,2026-06-27 14:25:13.668442+00:00
00000009-0039-4000-8000-000000000000,completed,2026-06-27 14:25:14.510492+00:00,2026-06-27 14:25:14.665977+00:00
00000038-0044-4000-8000-000000000000,completed,2026-06-27 14:25:21.609606+00:00,2026-06-27 14:25:21.759743+00:00
00000015-0041-4000-8000-000000000000,completed,2026-06-27 14:25:17.112599+00:00,2026-06-27 14:25:17.282719+00:00
00000050-0042-4000-8000-000000000000,completed,2026-06-27 14:25:19.309835+00:00,2026-06-27 14:25:19.456356+00:00
00000022-0041-4000-8000-000000000000,completed,2026-06-27 14:25:17.310144+00:00,2026-06-27 14:25:17.462369+00:00
00000036-0041-4000-8000-000000000000,completed,2026-06-27 14:25:17.609677+00:00,2026-06-27 14:25:17.776149+00:00
00000001-0042-4000-8000-000000000000,completed,2026-06-27 14:25:18.210018+00:00,2026-06-27 14:25:18.354812+00:00
00000039-0043-4000-8000-000000000000,completed,2026-06-27 14:25:20.211685+00:00,2026-06-27 14:25:20.357098+00:00
00000017-0042-4000-8000-000000000000,completed,2026-06-27 14:25:18.410029+00:00,2026-06-27 14:25:18.546024+00:00
00000010-0046-4000-8000-000000000000,completed,2026-06-27 14:25:23.310737+00:00,2026-06-27 14:25:23.448283+00:00
00000010-0044-4000-8000-000000000000,completed,2026-06-27 14:25:20.811475+00:00,2026-06-27 14:25:20.949087+00:00
00000028-0044-4000-8000-000000000000,completed,2026-06-27 14:25:21.211456+00:00,2026-06-27 14:25:21.358089+00:00
00000023-0048-4000-8000-000000000000,completed,2026-06-27 14:25:26.108967+00:00,2026-06-27 14:25:26.249240+00:00
00000047-0048-4000-8000-000000000000,completed,2026-06-27 14:25:26.711247+00:00,2026-06-27 14:25:26.860743+00:00
00000016-0047-4000-8000-000000000000,completed,2026-06-27 14:25:24.712105+00:00,2026-06-27 14:25:24.869392+00:00
00000005-0048-4000-8000-000000000000,completed,2026-06-27 14:25:25.611013+00:00,2026-06-27 14:25:25.746999+00:00
00000027-0048-4000-8000-000000000000,completed,2026-06-27 14:25:26.409820+00:00,2026-06-27 14:25:26.562583+00:00
00000044-0048-4000-8000-000000000000,completed,2026-06-27 14:25:26.508912+00:00,2026-06-27 14:25:26.668082+00:00
00000046-0049-4000-8000-000000000000,completed,2026-06-27 14:25:28.009986+00:00,2026-06-27 14:25:28.146734+00:00
00000014-0049-4000-8000-000000000000,completed,2026-06-27 14:25:27.812934+00:00,2026-06-27 14:25:27.954753+00:00
00000020-0050-4000-8000-000000000000,completed,2026-06-27 14:25:28.510368+00:00,2026-06-27 14:25:28.654673+00:00
00000028-0050-4000-8000-000000000000,completed,2026-06-27 14:25:28.710501+00:00,2026-06-27 14:25:28.847265+00:00
00000002-0051-4000-8000-000000000000,completed,2026-06-27 14:25:29.411930+00:00,2026-06-27 14:25:29.563836+00:00
00000022-0051-4000-8000-000000000000,completed,2026-06-27 14:25:29.810905+00:00,2026-06-27 14:25:29.967047+00:00
00000011-0043-4000-8000-000000000000,completed,2026-06-27 14:25:19.635683+00:00,2026-06-27 14:25:19.769824+00:00
00000029-0039-4000-8000-000000000000,completed,2026-06-27 14:25:14.936916+00:00,2026-06-27 14:25:15.089669+00:00
00000031-0039-4000-8000-000000000000,completed,2026-06-27 14:25:15.336608+00:00,2026-06-27 14:25:15.473838+00:00
00000049-0047-4000-8000-000000000000,completed,2026-06-27 14:25:25.535035+00:00,2026-06-27 14:25:25.669572+00:00
00000006-0040-4000-8000-000000000000,completed,2026-06-27 14:25:15.737215+00:00,2026-06-27 14:25:15.871109+00:00
00000026-0040-4000-8000-000000000000,completed,2026-06-27 14:25:16.135617+00:00,2026-06-27 14:25:16.280276+00:00
00000019-0040-4000-8000-000000000000,completed,2026-06-27 14:25:16.234070+00:00,2026-06-27 14:25:16.398871+00:00
00000029-0043-4000-8000-000000000000,completed,2026-06-27 14:25:19.936817+00:00,2026-06-27 14:25:20.063831+00:00
00000037-0040-4000-8000-000000000000,completed,2026-06-27 14:25:16.637515+00:00,2026-06-27 14:25:16.789878+00:00
00000032-0043-4000-8000-000000000000,completed,2026-06-27 14:25:20.035471+00:00,2026-06-27 14:25:20.202320+00:00
00000011-0041-4000-8000-000000000000,completed,2026-06-27 14:25:17.135299+00:00,2026-06-27 14:25:17.267904+00:00
00000018-0046-4000-8000-000000000000,completed,2026-06-27 14:25:23.437777+00:00,2026-06-27 14:25:23.587015+00:00
00000013-0042-4000-8000-000000000000,completed,2026-06-27 14:25:18.334061+00:00,2026-06-27 14:25:18.468656+00:00
00000018-0042-4000-8000-000000000000,completed,2026-06-27 14:25:18.435668+00:00,2026-06-27 14:25:18.582108+00:00
00000048-0042-4000-8000-000000000000,completed,2026-06-27 14:25:19.261705+00:00,2026-06-27 14:25:19.394906+00:00
00000029-0045-4000-8000-000000000000,completed,2026-06-27 14:25:22.435084+00:00,2026-06-27 14:25:22.590339+00:00
00000032-0045-4000-8000-000000000000,completed,2026-06-27 14:25:22.534125+00:00,2026-06-27 14:25:22.682745+00:00
00000031-0043-4000-8000-000000000000,completed,2026-06-27 14:25:20.336236+00:00,2026-06-27 14:25:20.472709+00:00
00000043-0043-4000-8000-000000000000,completed,2026-06-27 14:25:20.435791+00:00,2026-06-27 14:25:20.571963+00:00
00000048-0044-4000-8000-000000000000,completed,2026-06-27 14:25:21.735161+00:00,2026-06-27 14:25:21.875422+00:00
00000011-0045-4000-8000-000000000000,completed,2026-06-27 14:25:22.134661+00:00,2026-06-27 14:25:22.298718+00:00
00000042-0045-4000-8000-000000000000,completed,2026-06-27 14:25:22.734512+00:00,2026-06-27 14:25:22.888145+00:00
00000011-0047-4000-8000-000000000000,completed,2026-06-27 14:25:24.635992+00:00,2026-06-27 14:25:24.844983+00:00
00000049-0045-4000-8000-000000000000,completed,2026-06-27 14:25:23.034697+00:00,2026-06-27 14:25:23.196249+00:00
00000048-0046-4000-8000-000000000000,completed,2026-06-27 14:25:24.235497+00:00,2026-06-27 14:25:24.371469+00:00
00000024-0047-4000-8000-000000000000,completed,2026-06-27 14:25:24.835306+00:00,2026-06-27 14:25:24.988368+00:00
00000019-0048-4000-8000-000000000000,completed,2026-06-27 14:25:26.237198+00:00,2026-06-27 14:25:26.390095+00:00
00000018-0048-4000-8000-000000000000,completed,2026-06-27 14:25:25.936420+00:00,2026-06-27 14:25:26.091852+00:00
00000007-0049-4000-8000-000000000000,completed,2026-06-27 14:25:26.935108+00:00,2026-06-27 14:25:27.087146+00:00
00000048-0048-4000-8000-000000000000,completed,2026-06-27 14:25:26.735014+00:00,2026-06-27 14:25:26.874085+00:00
00000003-0049-4000-8000-000000000000,completed,2026-06-27 14:25:26.836110+00:00,2026-06-27 14:25:26.988867+00:00
00000015-0044-4000-8000-000000000000,completed,2026-06-27 14:25:20.859937+00:00,2026-06-27 14:25:21.023316+00:00
00000001-0047-4000-8000-000000000000,completed,2026-06-27 14:25:24.460686+00:00,2026-06-27 14:25:24.605776+00:00
00000039-0044-4000-8000-000000000000,completed,2026-06-27 14:25:21.459731+00:00,2026-06-27 14:25:21.605520+00:00
00000039-0048-4000-8000-000000000000,completed,2026-06-27 14:25:26.460138+00:00,2026-06-27 14:25:26.607055+00:00
00000005-0045-4000-8000-000000000000,completed,2026-06-27 14:25:21.860205+00:00,2026-06-27 14:25:22.007295+00:00
00000001-0045-4000-8000-000000000000,completed,2026-06-27 14:25:21.960377+00:00,2026-06-27 14:25:22.113346+00:00
00000010-0047-4000-8000-000000000000,completed,2026-06-27 14:25:24.560656+00:00,2026-06-27 14:25:24.696748+00:00
00000028-0045-4000-8000-000000000000,completed,2026-06-27 14:25:22.459730+00:00,2026-06-27 14:25:22.611849+00:00
00000017-0047-4000-8000-000000000000,completed,2026-06-27 14:25:24.660382+00:00,2026-06-27 14:25:24.788469+00:00
00000044-0045-4000-8000-000000000000,completed,2026-06-27 14:25:22.759373+00:00,2026-06-27 14:25:22.913213+00:00
00000009-0046-4000-8000-000000000000,completed,2026-06-27 14:25:23.260229+00:00,2026-06-27 14:25:23.406748+00:00
00000028-0047-4000-8000-000000000000,completed,2026-06-27 14:25:24.960195+00:00,2026-06-27 14:25:25.114851+00:00
00000036-0046-4000-8000-000000000000,completed,2026-06-27 14:25:23.859725+00:00,2026-06-27 14:25:24.003219+00:00
00000039-0046-4000-8000-000000000000,completed,2026-06-27 14:25:23.959609+00:00,2026-06-27 14:25:24.142193+00:00
00000045-0046-4000-8000-000000000000,completed,2026-06-27 14:25:24.161253+00:00,2026-06-27 14:25:24.301741+00:00
00000002-0050-4000-8000-000000000000,completed,2026-06-27 14:25:28.160748+00:00,2026-06-27 14:25:28.299221+00:00
00000045-0048-4000-8000-000000000000,completed,2026-06-27 14:25:26.661053+00:00,2026-06-27 14:25:26.801010+00:00
00000047-0047-4000-8000-000000000000,completed,2026-06-27 14:25:25.461075+00:00,2026-06-27 14:25:25.597012+00:00
00000009-0048-4000-8000-000000000000,completed,2026-06-27 14:25:25.760783+00:00,2026-06-27 14:25:25.901304+00:00
00000016-0048-4000-8000-000000000000,completed,2026-06-27 14:25:25.960061+00:00,2026-06-27 14:25:26.101145+00:00
00000020-0049-4000-8000-000000000000,completed,2026-06-27 14:25:27.260342+00:00,2026-06-27 14:25:27.407017+00:00
00000047-0049-4000-8000-000000000000,completed,2026-06-27 14:25:27.959770+00:00,2026-06-27 14:25:28.102069+00:00
00000010-0051-4000-8000-000000000000,completed,2026-06-27 14:25:29.568604+00:00,2026-06-27 14:25:29.739374+00:00
00000018-0049-4000-8000-000000000000,completed,2026-06-27 14:25:27.187904+00:00,2026-06-27 14:25:27.340772+00:00
00000031-0044-4000-8000-000000000000,completed,2026-06-27 14:25:21.587844+00:00,2026-06-27 14:25:21.723328+00:00
00000041-0045-4000-8000-000000000000,completed,2026-06-27 14:25:22.786742+00:00,2026-06-27 14:25:22.929160+00:00
00000037-0045-4000-8000-000000000000,completed,2026-06-27 14:25:22.885469+00:00,2026-06-27 14:25:23.030604+00:00
00000019-0049-4000-8000-000000000000,completed,2026-06-27 14:25:27.485134+00:00,2026-06-27 14:25:27.634782+00:00
00000007-0046-4000-8000-000000000000,completed,2026-06-27 14:25:23.189041+00:00,2026-06-27 14:25:23.335300+00:00
00000006-0047-4000-8000-000000000000,completed,2026-06-27 14:25:24.484523+00:00,2026-06-27 14:25:24.619921+00:00
00000026-0047-4000-8000-000000000000,completed,2026-06-27 14:25:24.884825+00:00,2026-06-27 14:25:25.036875+00:00
00000037-0049-4000-8000-000000000000,completed,2026-06-27 14:25:27.885212+00:00,2026-06-27 14:25:28.029014+00:00
00000029-0048-4000-8000-000000000000,completed,2026-06-27 14:25:26.186004+00:00,2026-06-27 14:25:26.327323+00:00
00000030-0048-4000-8000-000000000000,completed,2026-06-27 14:25:26.385847+00:00,2026-06-27 14:25:26.534061+00:00
00000043-0048-4000-8000-000000000000,completed,2026-06-27 14:25:26.687289+00:00,2026-06-27 14:25:26.831348+00:00
00000006-0049-4000-8000-000000000000,completed,2026-06-27 14:25:26.986029+00:00,2026-06-27 14:25:27.121763+00:00
00000035-0051-4000-8000-000000000000,completed,2026-06-27 14:25:30.086291+00:00,2026-06-27 14:25:30.232067+00:00
00000040-0051-4000-8000-000000000000,completed,2026-06-27 14:25:30.190652+00:00,2026-06-27 14:25:30.361231+00:00
00000012-0050-4000-8000-000000000000,completed,2026-06-27 14:25:28.288259+00:00,2026-06-27 14:25:28.445703+00:00
00000011-0050-4000-8000-000000000000,completed,2026-06-27 14:25:28.386390+00:00,2026-06-27 14:25:28.530879+00:00
00000024-0050-4000-8000-000000000000,completed,2026-06-27 14:25:28.585964+00:00,2026-06-27 14:25:28.734464+00:00
00000032-0050-4000-8000-000000000000,completed,2026-06-27 14:25:28.786275+00:00,2026-06-27 14:25:28.934064+00:00
00000012-0049-4000-8000-000000000000,completed,2026-06-27 14:25:27.035189+00:00,2026-06-27 14:25:27.175253+00:00
00000011-0049-4000-8000-000000000000,completed,2026-06-27 14:25:27.136233+00:00,2026-06-27 14:25:27.281778+00:00
00000008-0049-4000-8000-000000000000,completed,2026-06-27 14:25:27.234737+00:00,2026-06-27 14:25:27.371077+00:00
00000042-0049-4000-8000-000000000000,completed,2026-06-27 14:25:27.738843+00:00,2026-06-27 14:25:27.892945+00:00
00000013-0050-4000-8000-000000000000,completed,2026-06-27 14:25:28.339963+00:00,2026-06-27 14:25:28.477511+00:00
00000008-0051-4000-8000-000000000000,completed,2026-06-27 14:25:29.735003+00:00,2026-06-27 14:25:29.872431+00:00
00000027-0053-4000-8000-000000000000,completed,2026-06-27 14:25:32.660047+00:00,2026-06-27 14:25:32.827918+00:00
00000025-0052-4000-8000-000000000000,completed,2026-06-27 14:25:31.159387+00:00,2026-06-27 14:25:31.303988+00:00
00000039-0051-4000-8000-000000000000,completed,2026-06-27 14:25:30.211601+00:00,2026-06-27 14:25:30.358295+00:00
00000041-0051-4000-8000-000000000000,completed,2026-06-27 14:25:30.286882+00:00,2026-06-27 14:25:30.422455+00:00
00000005-0053-4000-8000-000000000000,completed,2026-06-27 14:25:31.860337+00:00,2026-06-27 14:25:31.998591+00:00
00000049-0051-4000-8000-000000000000,completed,2026-06-27 14:25:30.535000+00:00,2026-06-27 14:25:30.688274+00:00
00000029-0052-4000-8000-000000000000,completed,2026-06-27 14:25:31.187706+00:00,2026-06-27 14:25:31.328102+00:00
00000019-0052-4000-8000-000000000000,completed,2026-06-27 14:25:31.234645+00:00,2026-06-27 14:25:31.371213+00:00
00000003-0052-4000-8000-000000000000,completed,2026-06-27 14:25:30.586945+00:00,2026-06-27 14:25:30.735267+00:00
00000007-0052-4000-8000-000000000000,completed,2026-06-27 14:25:30.684661+00:00,2026-06-27 14:25:30.836101+00:00
00000034-0052-4000-8000-000000000000,completed,2026-06-27 14:25:31.310538+00:00,2026-06-27 14:25:31.456010+00:00
00000001-0052-4000-8000-000000000000,completed,2026-06-27 14:25:30.710599+00:00,2026-06-27 14:25:30.870536+00:00
00000001-0053-4000-8000-000000000000,completed,2026-06-27 14:25:31.960892+00:00,2026-06-27 14:25:32.106889+00:00
00000015-0052-4000-8000-000000000000,completed,2026-06-27 14:25:30.860596+00:00,2026-06-27 14:25:31.023435+00:00
00000017-0052-4000-8000-000000000000,completed,2026-06-27 14:25:30.910945+00:00,2026-06-27 14:25:31.047983+00:00
00000018-0052-4000-8000-000000000000,completed,2026-06-27 14:25:30.934710+00:00,2026-06-27 14:25:31.115555+00:00
00000001-0054-4000-8000-000000000000,completed,2026-06-27 14:25:33.217526+00:00,2026-06-27 14:25:33.356924+00:00
00000031-0052-4000-8000-000000000000,completed,2026-06-27 14:25:31.585018+00:00,2026-06-27 14:25:31.731159+00:00
00000038-0052-4000-8000-000000000000,completed,2026-06-27 14:25:31.609794+00:00,2026-06-27 14:25:31.773307+00:00
00000043-0052-4000-8000-000000000000,completed,2026-06-27 14:25:31.685157+00:00,2026-06-27 14:25:31.828186+00:00
00000035-0053-4000-8000-000000000000,completed,2026-06-27 14:25:32.585242+00:00,2026-06-27 14:25:32.720987+00:00
00000011-0053-4000-8000-000000000000,completed,2026-06-27 14:25:32.136587+00:00,2026-06-27 14:25:32.265946+00:00
00000016-0053-4000-8000-000000000000,completed,2026-06-27 14:25:32.209464+00:00,2026-06-27 14:25:32.353556+00:00
00000026-0053-4000-8000-000000000000,completed,2026-06-27 14:25:32.385324+00:00,2026-06-27 14:25:32.527539+00:00
00000043-0053-4000-8000-000000000000,completed,2026-06-27 14:25:32.935402+00:00,2026-06-27 14:25:33.084311+00:00
00000047-0053-4000-8000-000000000000,completed,2026-06-27 14:25:32.968740+00:00,2026-06-27 14:25:33.117981+00:00
00000041-0053-4000-8000-000000000000,completed,2026-06-27 14:25:32.785779+00:00,2026-06-27 14:25:32.935981+00:00
00000014-0053-4000-8000-000000000000,completed,2026-06-27 14:25:32.811346+00:00,2026-06-27 14:25:32.950591+00:00
00000011-0054-4000-8000-000000000000,completed,2026-06-27 14:25:33.386996+00:00,2026-06-27 14:25:33.530717+00:00
00000004-0054-4000-8000-000000000000,completed,2026-06-27 14:25:33.138326+00:00,2026-06-27 14:25:33.286546+00:00
00000009-0054-4000-8000-000000000000,completed,2026-06-27 14:25:33.259948+00:00,2026-06-27 14:25:33.408500+00:00
00000026-0057-4000-8000-000000000000,completed,2026-06-27 14:25:37.385475+00:00,2026-06-27 14:25:37.546566+00:00
00000008-0054-4000-8000-000000000000,completed,2026-06-27 14:25:33.486245+00:00,2026-06-27 14:25:33.630661+00:00
00000031-0054-4000-8000-000000000000,completed,2026-06-27 14:25:34.084207+00:00,2026-06-27 14:25:34.231666+00:00
00000049-0054-4000-8000-000000000000,completed,2026-06-27 14:25:34.283836+00:00,2026-06-27 14:25:34.445846+00:00
00000007-0058-4000-8000-000000000000,completed,2026-06-27 14:25:38.187462+00:00,2026-06-27 14:25:38.360716+00:00
00000019-0055-4000-8000-000000000000,completed,2026-06-27 14:25:34.985354+00:00,2026-06-27 14:25:35.131005+00:00
00000040-0055-4000-8000-000000000000,completed,2026-06-27 14:25:35.187150+00:00,2026-06-27 14:25:35.323943+00:00
00000032-0060-4000-8000-000000000000,completed,2026-06-27 14:25:41.287551+00:00,2026-06-27 14:25:41.453291+00:00
00000007-0056-4000-8000-000000000000,completed,2026-06-27 14:25:35.685584+00:00,2026-06-27 14:25:35.822950+00:00
00000008-0058-4000-8000-000000000000,completed,2026-06-27 14:25:38.485203+00:00,2026-06-27 14:25:38.636476+00:00
00000011-0056-4000-8000-000000000000,completed,2026-06-27 14:25:35.885439+00:00,2026-06-27 14:25:36.031227+00:00
00000030-0056-4000-8000-000000000000,completed,2026-06-27 14:25:36.385352+00:00,2026-06-27 14:25:36.610582+00:00
00000042-0056-4000-8000-000000000000,completed,2026-06-27 14:25:36.485290+00:00,2026-06-27 14:25:36.652228+00:00
00000004-0057-4000-8000-000000000000,completed,2026-06-27 14:25:36.885154+00:00,2026-06-27 14:25:37.042676+00:00
00000007-0062-4000-8000-000000000000,completed,2026-06-27 14:25:43.184889+00:00,2026-06-27 14:25:43.354965+00:00
00000049-0060-4000-8000-000000000000,completed,2026-06-27 14:25:41.790860+00:00,2026-06-27 14:25:41.940477+00:00
00000018-0059-4000-8000-000000000000,completed,2026-06-27 14:25:39.687416+00:00,2026-06-27 14:25:39.829399+00:00
00000021-0059-4000-8000-000000000000,completed,2026-06-27 14:25:39.784861+00:00,2026-06-27 14:25:39.929306+00:00
00000048-0059-4000-8000-000000000000,completed,2026-06-27 14:25:40.487675+00:00,2026-06-27 14:25:40.634691+00:00
00000011-0060-4000-8000-000000000000,completed,2026-06-27 14:25:40.885403+00:00,2026-06-27 14:25:41.018040+00:00
00000019-0063-4000-8000-000000000000,completed,2026-06-27 14:25:44.988743+00:00,2026-06-27 14:25:45.141485+00:00
00000037-0061-4000-8000-000000000000,completed,2026-06-27 14:25:42.888020+00:00,2026-06-27 14:25:43.027934+00:00
00000048-0061-4000-8000-000000000000,completed,2026-06-27 14:25:42.986331+00:00,2026-06-27 14:25:43.135505+00:00
00000049-0062-4000-8000-000000000000,completed,2026-06-27 14:25:44.285514+00:00,2026-06-27 14:25:44.438370+00:00
00000013-0063-4000-8000-000000000000,completed,2026-06-27 14:25:44.584939+00:00,2026-06-27 14:25:44.734122+00:00
00000032-0064-4000-8000-000000000000,completed,2026-06-27 14:25:46.288182+00:00,2026-06-27 14:25:46.414358+00:00
00000041-0063-4000-8000-000000000000,completed,2026-06-27 14:25:45.286927+00:00,2026-06-27 14:25:45.424825+00:00
00000042-0064-4000-8000-000000000000,completed,2026-06-27 14:25:46.494718+00:00,2026-06-27 14:25:46.634478+00:00
00000019-0065-4000-8000-000000000000,completed,2026-06-27 14:25:47.485695+00:00,2026-06-27 14:25:47.626385+00:00
00000021-0065-4000-8000-000000000000,completed,2026-06-27 14:25:47.286411+00:00,2026-06-27 14:25:47.438748+00:00
00000026-0065-4000-8000-000000000000,completed,2026-06-27 14:25:47.386019+00:00,2026-06-27 14:25:47.536222+00:00
00000030-0057-4000-8000-000000000000,completed,2026-06-27 14:25:37.638179+00:00,2026-06-27 14:25:37.788250+00:00
00000026-0054-4000-8000-000000000000,completed,2026-06-27 14:25:33.634414+00:00,2026-06-27 14:25:33.781090+00:00
00000041-0066-4000-8000-000000000000,completed,2026-06-27 14:25:49.034668+00:00,2026-06-27 14:25:49.189801+00:00
00000048-0054-4000-8000-000000000000,completed,2026-06-27 14:25:34.235301+00:00,2026-06-27 14:25:34.393349+00:00
00000003-0055-4000-8000-000000000000,completed,2026-06-27 14:25:34.335237+00:00,2026-06-27 14:25:34.482873+00:00
00000031-0055-4000-8000-000000000000,completed,2026-06-27 14:25:35.336173+00:00,2026-06-27 14:25:35.476413+00:00
00000043-0057-4000-8000-000000000000,completed,2026-06-27 14:25:37.937478+00:00,2026-06-27 14:25:38.083919+00:00
00000004-0056-4000-8000-000000000000,completed,2026-06-27 14:25:35.635687+00:00,2026-06-27 14:25:35.784795+00:00
00000006-0056-4000-8000-000000000000,completed,2026-06-27 14:25:35.736048+00:00,2026-06-27 14:25:35.910756+00:00
00000049-0057-4000-8000-000000000000,completed,2026-06-27 14:25:38.035368+00:00,2026-06-27 14:25:38.182861+00:00
00000035-0056-4000-8000-000000000000,completed,2026-06-27 14:25:36.335903+00:00,2026-06-27 14:25:36.468829+00:00
00000040-0056-4000-8000-000000000000,completed,2026-06-27 14:25:36.434660+00:00,2026-06-27 14:25:36.593679+00:00
00000024-0061-4000-8000-000000000000,completed,2026-06-27 14:25:42.334351+00:00,2026-06-27 14:25:42.485490+00:00
00000008-0057-4000-8000-000000000000,completed,2026-06-27 14:25:37.234510+00:00,2026-06-27 14:25:37.383383+00:00
00000021-0058-4000-8000-000000000000,completed,2026-06-27 14:25:38.540662+00:00,2026-06-27 14:25:38.694456+00:00
00000049-0059-4000-8000-000000000000,completed,2026-06-27 14:25:40.538408+00:00,2026-06-27 14:25:40.676649+00:00
00000032-0057-4000-8000-000000000000,completed,2026-06-27 14:25:37.537084+00:00,2026-06-27 14:25:37.678912+00:00
00000004-0060-4000-8000-000000000000,completed,2026-06-27 14:25:40.634788+00:00,2026-06-27 14:25:40.783511+00:00
00000048-0058-4000-8000-000000000000,completed,2026-06-27 14:25:39.235126+00:00,2026-06-27 14:25:39.366543+00:00
00000024-0059-4000-8000-000000000000,completed,2026-06-27 14:25:39.835496+00:00,2026-06-27 14:25:39.987510+00:00
00000042-0059-4000-8000-000000000000,completed,2026-06-27 14:25:40.240263+00:00,2026-06-27 14:25:40.370874+00:00
00000041-0060-4000-8000-000000000000,completed,2026-06-27 14:25:41.537031+00:00,2026-06-27 14:25:41.694645+00:00
00000048-0060-4000-8000-000000000000,completed,2026-06-27 14:25:41.739497+00:00,2026-06-27 14:25:41.885480+00:00
00000042-0061-4000-8000-000000000000,completed,2026-06-27 14:25:42.738055+00:00,2026-06-27 14:25:42.869153+00:00
00000030-0063-4000-8000-000000000000,completed,2026-06-27 14:25:45.137185+00:00,2026-06-27 14:25:45.281520+00:00
00000013-0062-4000-8000-000000000000,completed,2026-06-27 14:25:43.335465+00:00,2026-06-27 14:25:43.467042+00:00
00000003-0063-4000-8000-000000000000,completed,2026-06-27 14:25:44.334434+00:00,2026-06-27 14:25:44.476989+00:00
00000007-0063-4000-8000-000000000000,completed,2026-06-27 14:25:44.435003+00:00,2026-06-27 14:25:44.591591+00:00
00000018-0064-4000-8000-000000000000,completed,2026-06-27 14:25:45.935845+00:00,2026-06-27 14:25:46.073483+00:00
00000049-0065-4000-8000-000000000000,completed,2026-06-27 14:25:48.035765+00:00,2026-06-27 14:25:48.179305+00:00
00000040-0066-4000-8000-000000000000,completed,2026-06-27 14:25:48.935775+00:00,2026-06-27 14:25:49.067617+00:00
00000015-0060-4000-8000-000000000000,completed,2026-06-27 14:25:40.859484+00:00,2026-06-27 14:25:41.016490+00:00
00000033-0054-4000-8000-000000000000,completed,2026-06-27 14:25:33.761334+00:00,2026-06-27 14:25:33.892821+00:00
00000046-0054-4000-8000-000000000000,completed,2026-06-27 14:25:34.259998+00:00,2026-06-27 14:25:34.404276+00:00
00000045-0062-4000-8000-000000000000,completed,2026-06-27 14:25:44.161305+00:00,2026-06-27 14:25:44.324534+00:00
00000001-0055-4000-8000-000000000000,completed,2026-06-27 14:25:34.460281+00:00,2026-06-27 14:25:34.607657+00:00
00000036-0060-4000-8000-000000000000,completed,2026-06-27 14:25:41.362443+00:00,2026-06-27 14:25:41.502406+00:00
00000036-0056-4000-8000-000000000000,completed,2026-06-27 14:25:36.360816+00:00,2026-06-27 14:25:36.499819+00:00
00000010-0057-4000-8000-000000000000,completed,2026-06-27 14:25:37.061490+00:00,2026-06-27 14:25:37.222166+00:00
00000046-0062-4000-8000-000000000000,completed,2026-06-27 14:25:44.264056+00:00,2026-06-27 14:25:44.401485+00:00
00000047-0057-4000-8000-000000000000,completed,2026-06-27 14:25:37.960864+00:00,2026-06-27 14:25:38.096412+00:00
00000017-0061-4000-8000-000000000000,completed,2026-06-27 14:25:42.163318+00:00,2026-06-27 14:25:42.302461+00:00
00000009-0058-4000-8000-000000000000,completed,2026-06-27 14:25:38.265393+00:00,2026-06-27 14:25:38.421502+00:00
00000045-0058-4000-8000-000000000000,completed,2026-06-27 14:25:39.160541+00:00,2026-06-27 14:25:39.316912+00:00
00000034-0061-4000-8000-000000000000,completed,2026-06-27 14:25:42.562287+00:00,2026-06-27 14:25:42.692672+00:00
00000020-0059-4000-8000-000000000000,completed,2026-06-27 14:25:39.760910+00:00,2026-06-27 14:25:39.905336+00:00
00000023-0059-4000-8000-000000000000,completed,2026-06-27 14:25:39.859981+00:00,2026-06-27 14:25:40.028385+00:00
00000023-0063-4000-8000-000000000000,completed,2026-06-27 14:25:44.862657+00:00,2026-06-27 14:25:45.014490+00:00
00000047-0061-4000-8000-000000000000,completed,2026-06-27 14:25:42.959958+00:00,2026-06-27 14:25:43.100741+00:00
00000025-0062-4000-8000-000000000000,completed,2026-06-27 14:25:43.659418+00:00,2026-06-27 14:25:43.810886+00:00
00000028-0063-4000-8000-000000000000,completed,2026-06-27 14:25:44.963218+00:00,2026-06-27 14:25:45.114009+00:00
00000001-0063-4000-8000-000000000000,completed,2026-06-27 14:25:44.461304+00:00,2026-06-27 14:25:44.622056+00:00
00000010-0063-4000-8000-000000000000,completed,2026-06-27 14:25:44.562258+00:00,2026-06-27 14:25:44.711928+00:00
00000016-0066-4000-8000-000000000000,completed,2026-06-27 14:25:48.463016+00:00,2026-06-27 14:25:48.595782+00:00
00000034-0063-4000-8000-000000000000,completed,2026-06-27 14:25:45.064843+00:00,2026-06-27 14:25:45.210800+00:00
00000023-0065-4000-8000-000000000000,completed,2026-06-27 14:25:47.359043+00:00,2026-06-27 14:25:47.513810+00:00
00000046-0064-4000-8000-000000000000,completed,2026-06-27 14:25:46.760464+00:00,2026-06-27 14:25:46.910389+00:00
00000028-0065-4000-8000-000000000000,completed,2026-06-27 14:25:47.463519+00:00,2026-06-27 14:25:47.591862+00:00
00000033-0066-4000-8000-000000000000,completed,2026-06-27 14:25:48.760833+00:00,2026-06-27 14:25:48.896988+00:00
00000027-0067-4000-8000-000000000000,completed,2026-06-27 14:25:50.160118+00:00,2026-06-27 14:25:50.307049+00:00
00000033-0068-4000-8000-000000000000,completed,2026-06-27 14:25:51.262013+00:00,2026-06-27 14:25:51.402024+00:00
00000014-0068-4000-8000-000000000000,completed,2026-06-27 14:25:51.578619+00:00,2026-06-27 14:25:51.721763+00:00
00000002-0061-4000-8000-000000000000,completed,2026-06-27 14:25:41.911478+00:00,2026-06-27 14:25:42.043488+00:00
00000050-0054-4000-8000-000000000000,completed,2026-06-27 14:25:34.312137+00:00,2026-06-27 14:25:34.456098+00:00
00000015-0055-4000-8000-000000000000,completed,2026-06-27 14:25:34.610011+00:00,2026-06-27 14:25:34.745853+00:00
00000009-0065-4000-8000-000000000000,completed,2026-06-27 14:25:47.010690+00:00,2026-06-27 14:25:47.149825+00:00
00000028-0056-4000-8000-000000000000,completed,2026-06-27 14:25:36.210620+00:00,2026-06-27 14:25:36.352637+00:00
00000036-0057-4000-8000-000000000000,completed,2026-06-27 14:25:37.612485+00:00,2026-06-27 14:25:37.744851+00:00
00000002-0063-4000-8000-000000000000,completed,2026-06-27 14:25:44.415187+00:00,2026-06-27 14:25:44.572475+00:00
00000001-0058-4000-8000-000000000000,completed,2026-06-27 14:25:38.211722+00:00,2026-06-27 14:25:38.363593+00:00
00000033-0061-4000-8000-000000000000,completed,2026-06-27 14:25:42.510568+00:00,2026-06-27 14:25:42.662296+00:00
00000038-0058-4000-8000-000000000000,completed,2026-06-27 14:25:39.111614+00:00,2026-06-27 14:25:39.265599+00:00
00000036-0061-4000-8000-000000000000,completed,2026-06-27 14:25:42.613397+00:00,2026-06-27 14:25:42.753202+00:00
00000002-0059-4000-8000-000000000000,completed,2026-06-27 14:25:39.410464+00:00,2026-06-27 14:25:39.560352+00:00
00000005-0060-4000-8000-000000000000,completed,2026-06-27 14:25:40.612074+00:00,2026-06-27 14:25:40.754483+00:00
00000023-0060-4000-8000-000000000000,completed,2026-06-27 14:25:41.109729+00:00,2026-06-27 14:25:41.275504+00:00
00000014-0061-4000-8000-000000000000,completed,2026-06-27 14:25:42.810331+00:00,2026-06-27 14:25:42.959495+00:00
00000047-0060-4000-8000-000000000000,completed,2026-06-27 14:25:41.710850+00:00,2026-06-27 14:25:41.881185+00:00
00000005-0064-4000-8000-000000000000,completed,2026-06-27 14:25:45.613461+00:00,2026-06-27 14:25:45.768921+00:00
00000015-0063-4000-8000-000000000000,completed,2026-06-27 14:25:44.609045+00:00,2026-06-27 14:25:44.766471+00:00
00000001-0062-4000-8000-000000000000,completed,2026-06-27 14:25:43.209666+00:00,2026-06-27 14:25:43.342449+00:00
00000017-0062-4000-8000-000000000000,completed,2026-06-27 14:25:43.412174+00:00,2026-06-27 14:25:43.558804+00:00
00000023-0062-4000-8000-000000000000,completed,2026-06-27 14:25:43.612783+00:00,2026-06-27 14:25:43.757259+00:00
00000025-0063-4000-8000-000000000000,completed,2026-06-27 14:25:44.912221+00:00,2026-06-27 14:25:45.055852+00:00
00000027-0064-4000-8000-000000000000,completed,2026-06-27 14:25:46.409925+00:00,2026-06-27 14:25:46.563578+00:00
00000039-0063-4000-8000-000000000000,completed,2026-06-27 14:25:45.212624+00:00,2026-06-27 14:25:45.343864+00:00
00000020-0064-4000-8000-000000000000,completed,2026-06-27 14:25:46.010332+00:00,2026-06-27 14:25:46.165126+00:00
00000044-0064-4000-8000-000000000000,completed,2026-06-27 14:25:46.510664+00:00,2026-06-27 14:25:46.653564+00:00
00000047-0066-4000-8000-000000000000,completed,2026-06-27 14:25:49.210650+00:00,2026-06-27 14:25:49.351365+00:00
00000020-0066-4000-8000-000000000000,completed,2026-06-27 14:25:48.510342+00:00,2026-06-27 14:25:48.668316+00:00
00000045-0067-4000-8000-000000000000,completed,2026-06-27 14:25:50.411034+00:00,2026-06-27 14:25:50.549017+00:00
00000034-0068-4000-8000-000000000000,completed,2026-06-27 14:25:51.310607+00:00,2026-06-27 14:25:51.478252+00:00
00000038-0068-4000-8000-000000000000,completed,2026-06-27 14:25:51.610581+00:00,2026-06-27 14:25:51.769227+00:00
00000004-0071-4000-8000-000000000000,completed,2026-06-27 14:25:54.387963+00:00,2026-06-27 14:25:54.535145+00:00
00000008-0066-4000-8000-000000000000,completed,2026-06-27 14:25:48.497120+00:00,2026-06-27 14:25:48.641141+00:00
00000024-0066-4000-8000-000000000000,completed,2026-06-27 14:25:48.586747+00:00,2026-06-27 14:25:48.726281+00:00
00000043-0080-4000-8000-000000000000,completed,2026-06-27 14:26:06.685304+00:00,2026-06-27 14:26:06.824270+00:00
00000043-0066-4000-8000-000000000000,completed,2026-06-27 14:25:49.185854+00:00,2026-06-27 14:25:49.337525+00:00
00000013-0071-4000-8000-000000000000,completed,2026-06-27 14:25:54.586569+00:00,2026-06-27 14:25:54.743130+00:00
00000013-0067-4000-8000-000000000000,completed,2026-06-27 14:25:49.587162+00:00,2026-06-27 14:25:49.742549+00:00
00000026-0067-4000-8000-000000000000,completed,2026-06-27 14:25:49.891101+00:00,2026-06-27 14:25:50.029160+00:00
00000035-0073-4000-8000-000000000000,completed,2026-06-27 14:25:57.586211+00:00,2026-06-27 14:25:57.731961+00:00
00000048-0067-4000-8000-000000000000,completed,2026-06-27 14:25:50.485065+00:00,2026-06-27 14:25:50.622682+00:00
00000037-0071-4000-8000-000000000000,completed,2026-06-27 14:25:55.385175+00:00,2026-06-27 14:25:55.537484+00:00
00000008-0068-4000-8000-000000000000,completed,2026-06-27 14:25:50.984991+00:00,2026-06-27 14:25:51.135190+00:00
00000018-0069-4000-8000-000000000000,completed,2026-06-27 14:25:52.187074+00:00,2026-06-27 14:25:52.322902+00:00
00000029-0070-4000-8000-000000000000,completed,2026-06-27 14:25:53.685560+00:00,2026-06-27 14:25:53.825840+00:00
00000013-0077-4000-8000-000000000000,completed,2026-06-27 14:26:02.087894+00:00,2026-06-27 14:26:02.232076+00:00
00000049-0070-4000-8000-000000000000,completed,2026-06-27 14:25:54.285842+00:00,2026-06-27 14:25:54.428318+00:00
00000011-0074-4000-8000-000000000000,completed,2026-06-27 14:25:58.387467+00:00,2026-06-27 14:25:58.522966+00:00
00000011-0072-4000-8000-000000000000,completed,2026-06-27 14:25:55.885471+00:00,2026-06-27 14:25:56.029983+00:00
00000008-0072-4000-8000-000000000000,completed,2026-06-27 14:25:55.986359+00:00,2026-06-27 14:25:56.135894+00:00
00000042-0072-4000-8000-000000000000,completed,2026-06-27 14:25:56.484796+00:00,2026-06-27 14:25:56.634977+00:00
00000018-0073-4000-8000-000000000000,completed,2026-06-27 14:25:57.186618+00:00,2026-06-27 14:25:57.348123+00:00
00000031-0074-4000-8000-000000000000,completed,2026-06-27 14:25:59.085867+00:00,2026-06-27 14:25:59.247021+00:00
00000007-0080-4000-8000-000000000000,completed,2026-06-27 14:26:05.685949+00:00,2026-06-27 14:26:05.904119+00:00
00000031-0076-4000-8000-000000000000,completed,2026-06-27 14:26:01.587822+00:00,2026-06-27 14:26:01.728788+00:00
00000003-0078-4000-8000-000000000000,completed,2026-06-27 14:26:03.098644+00:00,2026-06-27 14:26:03.256402+00:00
00000035-0079-4000-8000-000000000000,completed,2026-06-27 14:26:05.085476+00:00,2026-06-27 14:26:05.236537+00:00
00000008-0080-4000-8000-000000000000,completed,2026-06-27 14:26:05.985683+00:00,2026-06-27 14:26:06.121882+00:00
00000031-0080-4000-8000-000000000000,completed,2026-06-27 14:26:06.586434+00:00,2026-06-27 14:26:06.736806+00:00
00000037-0081-4000-8000-000000000000,completed,2026-06-27 14:26:07.887680+00:00,2026-06-27 14:26:08.089652+00:00
00000003-0082-4000-8000-000000000000,completed,2026-06-27 14:26:08.089380+00:00,2026-06-27 14:26:08.253451+00:00
00000024-0082-4000-8000-000000000000,completed,2026-06-27 14:26:08.603276+00:00,2026-06-27 14:26:08.765813+00:00
00000011-0071-4000-8000-000000000000,completed,2026-06-27 14:25:54.635198+00:00,2026-06-27 14:25:54.780118+00:00
00000037-0066-4000-8000-000000000000,completed,2026-06-27 14:25:49.137417+00:00,2026-06-27 14:25:49.261892+00:00
00000048-0066-4000-8000-000000000000,completed,2026-06-27 14:25:49.234905+00:00,2026-06-27 14:25:49.364162+00:00
00000003-0075-4000-8000-000000000000,completed,2026-06-27 14:25:59.337698+00:00,2026-06-27 14:25:59.500776+00:00
00000032-0067-4000-8000-000000000000,completed,2026-06-27 14:25:50.036933+00:00,2026-06-27 14:25:50.172992+00:00
00000049-0071-4000-8000-000000000000,completed,2026-06-27 14:25:55.535039+00:00,2026-06-27 14:25:55.678146+00:00
00000042-0067-4000-8000-000000000000,completed,2026-06-27 14:25:50.234060+00:00,2026-06-27 14:25:50.371832+00:00
00000030-0073-4000-8000-000000000000,completed,2026-06-27 14:25:57.636249+00:00,2026-06-27 14:25:57.778796+00:00
00000018-0068-4000-8000-000000000000,completed,2026-06-27 14:25:50.938347+00:00,2026-06-27 14:25:51.099645+00:00
00000021-0068-4000-8000-000000000000,completed,2026-06-27 14:25:51.035935+00:00,2026-06-27 14:25:51.167854+00:00
00000012-0069-4000-8000-000000000000,completed,2026-06-27 14:25:52.037456+00:00,2026-06-27 14:25:52.177344+00:00
00000029-0069-4000-8000-000000000000,completed,2026-06-27 14:25:52.435672+00:00,2026-06-27 14:25:52.585610+00:00
00000021-0072-4000-8000-000000000000,completed,2026-06-27 14:25:56.034734+00:00,2026-06-27 14:25:56.177933+00:00
00000003-0071-4000-8000-000000000000,completed,2026-06-27 14:25:54.335281+00:00,2026-06-27 14:25:54.473483+00:00
00000026-0072-4000-8000-000000000000,completed,2026-06-27 14:25:56.134949+00:00,2026-06-27 14:25:56.284674+00:00
00000007-0075-4000-8000-000000000000,completed,2026-06-27 14:25:59.434737+00:00,2026-06-27 14:25:59.591770+00:00
00000012-0071-4000-8000-000000000000,completed,2026-06-27 14:25:54.534482+00:00,2026-06-27 14:25:54.681098+00:00
00000043-0073-4000-8000-000000000000,completed,2026-06-27 14:25:57.936003+00:00,2026-06-27 14:25:58.082641+00:00
00000041-0072-4000-8000-000000000000,completed,2026-06-27 14:25:56.538476+00:00,2026-06-27 14:25:56.683703+00:00
00000048-0072-4000-8000-000000000000,completed,2026-06-27 14:25:56.736072+00:00,2026-06-27 14:25:56.884684+00:00
00000029-0073-4000-8000-000000000000,completed,2026-06-27 14:25:57.436934+00:00,2026-06-27 14:25:57.588538+00:00
00000026-0074-4000-8000-000000000000,completed,2026-06-27 14:25:58.635438+00:00,2026-06-27 14:25:58.822624+00:00
00000013-0076-4000-8000-000000000000,completed,2026-06-27 14:26:00.835589+00:00,2026-06-27 14:26:00.986956+00:00
00000033-0075-4000-8000-000000000000,completed,2026-06-27 14:26:00.038120+00:00,2026-06-27 14:26:00.192336+00:00
00000007-0077-4000-8000-000000000000,completed,2026-06-27 14:26:01.934967+00:00,2026-06-27 14:26:02.082357+00:00
00000004-0076-4000-8000-000000000000,completed,2026-06-27 14:26:00.635411+00:00,2026-06-27 14:26:00.791552+00:00
00000035-0076-4000-8000-000000000000,completed,2026-06-27 14:26:01.338501+00:00,2026-06-27 14:26:01.493320+00:00
00000040-0076-4000-8000-000000000000,completed,2026-06-27 14:26:01.441007+00:00,2026-06-27 14:26:01.578186+00:00
00000029-0077-4000-8000-000000000000,completed,2026-06-27 14:26:02.441794+00:00,2026-06-27 14:26:02.596690+00:00
00000042-0077-4000-8000-000000000000,completed,2026-06-27 14:26:02.734466+00:00,2026-06-27 14:26:02.872180+00:00
00000004-0078-4000-8000-000000000000,completed,2026-06-27 14:26:03.135683+00:00,2026-06-27 14:26:03.305467+00:00
00000020-0071-4000-8000-000000000000,completed,2026-06-27 14:25:54.764727+00:00,2026-06-27 14:25:54.920453+00:00
00000045-0068-4000-8000-000000000000,completed,2026-06-27 14:25:51.661097+00:00,2026-06-27 14:25:51.806329+00:00
00000009-0078-4000-8000-000000000000,completed,2026-06-27 14:26:03.260689+00:00,2026-06-27 14:26:03.398328+00:00
00000046-0068-4000-8000-000000000000,completed,2026-06-27 14:25:51.761809+00:00,2026-06-27 14:25:51.896715+00:00
00000005-0069-4000-8000-000000000000,completed,2026-06-27 14:25:51.863520+00:00,2026-06-27 14:25:52.006861+00:00
00000028-0071-4000-8000-000000000000,completed,2026-06-27 14:25:54.961303+00:00,2026-06-27 14:25:55.103737+00:00
00000044-0069-4000-8000-000000000000,completed,2026-06-27 14:25:52.763109+00:00,2026-06-27 14:25:52.913132+00:00
00000002-0070-4000-8000-000000000000,completed,2026-06-27 14:25:53.160991+00:00,2026-06-27 14:25:53.310304+00:00
00000009-0070-4000-8000-000000000000,completed,2026-06-27 14:25:53.263925+00:00,2026-06-27 14:25:53.413819+00:00
00000015-0072-4000-8000-000000000000,completed,2026-06-27 14:25:55.860876+00:00,2026-06-27 14:25:56.001053+00:00
00000022-0070-4000-8000-000000000000,completed,2026-06-27 14:25:53.561056+00:00,2026-06-27 14:25:53.686479+00:00
00000014-0070-4000-8000-000000000000,completed,2026-06-27 14:25:54.060375+00:00,2026-06-27 14:25:54.204002+00:00
00000014-0074-4000-8000-000000000000,completed,2026-06-27 14:25:59.059054+00:00,2026-06-27 14:25:59.220298+00:00
00000046-0070-4000-8000-000000000000,completed,2026-06-27 14:25:54.260276+00:00,2026-06-27 14:25:54.409234+00:00
00000001-0071-4000-8000-000000000000,completed,2026-06-27 14:25:54.463390+00:00,2026-06-27 14:25:54.635141+00:00
00000002-0074-4000-8000-000000000000,completed,2026-06-27 14:25:58.160131+00:00,2026-06-27 14:25:58.295468+00:00
00000036-0072-4000-8000-000000000000,completed,2026-06-27 14:25:56.360191+00:00,2026-06-27 14:25:56.517662+00:00
00000039-0072-4000-8000-000000000000,completed,2026-06-27 14:25:56.459399+00:00,2026-06-27 14:25:56.603437+00:00
00000046-0072-4000-8000-000000000000,completed,2026-06-27 14:25:56.759680+00:00,2026-06-27 14:25:56.921469+00:00
00000009-0074-4000-8000-000000000000,completed,2026-06-27 14:25:58.262268+00:00,2026-06-27 14:25:58.419339+00:00
00000027-0073-4000-8000-000000000000,completed,2026-06-27 14:25:57.662949+00:00,2026-06-27 14:25:57.809323+00:00
00000015-0074-4000-8000-000000000000,completed,2026-06-27 14:25:58.359999+00:00,2026-06-27 14:25:58.513167+00:00
00000036-0076-4000-8000-000000000000,completed,2026-06-27 14:26:01.360945+00:00,2026-06-27 14:26:01.515731+00:00
00000022-0074-4000-8000-000000000000,completed,2026-06-27 14:25:58.564255+00:00,2026-06-27 14:25:58.713889+00:00
00000038-0075-4000-8000-000000000000,completed,2026-06-27 14:26:00.361500+00:00,2026-06-27 14:26:00.519681+00:00
00000025-0076-4000-8000-000000000000,completed,2026-06-27 14:26:01.160859+00:00,2026-06-27 14:26:01.325948+00:00
00000005-0077-4000-8000-000000000000,completed,2026-06-27 14:26:01.864038+00:00,2026-06-27 14:26:02.015723+00:00
00000002-0078-4000-8000-000000000000,completed,2026-06-27 14:26:03.160102+00:00,2026-06-27 14:26:03.337079+00:00
00000022-0078-4000-8000-000000000000,completed,2026-06-27 14:26:03.561503+00:00,2026-06-27 14:26:03.692376+00:00
00000032-0078-4000-8000-000000000000,completed,2026-06-27 14:26:03.760582+00:00,2026-06-27 14:26:03.915117+00:00
00000039-0078-4000-8000-000000000000,completed,2026-06-27 14:26:03.960330+00:00,2026-06-27 14:26:04.101498+00:00
00000005-0076-4000-8000-000000000000,completed,2026-06-27 14:26:00.610961+00:00,2026-06-27 14:26:00.774411+00:00
00000015-0069-4000-8000-000000000000,completed,2026-06-27 14:25:52.111781+00:00,2026-06-27 14:25:52.244170+00:00
00000020-0074-4000-8000-000000000000,completed,2026-06-27 14:25:58.512390+00:00,2026-06-27 14:25:58.641841+00:00
00000022-0069-4000-8000-000000000000,completed,2026-06-27 14:25:52.312137+00:00,2026-06-27 14:25:52.454143+00:00
00000023-0074-4000-8000-000000000000,completed,2026-06-27 14:25:58.609553+00:00,2026-06-27 14:25:58.762785+00:00
00000039-0069-4000-8000-000000000000,completed,2026-06-27 14:25:52.711286+00:00,2026-06-27 14:25:52.845999+00:00
00000005-0070-4000-8000-000000000000,completed,2026-06-27 14:25:53.110528+00:00,2026-06-27 14:25:53.286098+00:00
00000001-0076-4000-8000-000000000000,completed,2026-06-27 14:26:00.717280+00:00,2026-06-27 14:26:00.863406+00:00
00000044-0074-4000-8000-000000000000,completed,2026-06-27 14:25:59.009548+00:00,2026-06-27 14:25:59.179136+00:00
00000047-0070-4000-8000-000000000000,completed,2026-06-27 14:25:54.210603+00:00,2026-06-27 14:25:54.351191+00:00
00000050-0070-4000-8000-000000000000,completed,2026-06-27 14:25:54.310719+00:00,2026-06-27 14:25:54.484050+00:00
00000010-0072-4000-8000-000000000000,completed,2026-06-27 14:25:55.810104+00:00,2026-06-27 14:25:55.960470+00:00
00000044-0072-4000-8000-000000000000,completed,2026-06-27 14:25:56.510416+00:00,2026-06-27 14:25:56.658258+00:00
00000047-0074-4000-8000-000000000000,completed,2026-06-27 14:25:59.212059+00:00,2026-06-27 14:25:59.370487+00:00
00000022-0073-4000-8000-000000000000,completed,2026-06-27 14:25:57.311998+00:00,2026-06-27 14:25:57.460905+00:00
00000036-0073-4000-8000-000000000000,completed,2026-06-27 14:25:57.610055+00:00,2026-06-27 14:25:57.753950+00:00
00000034-0076-4000-8000-000000000000,completed,2026-06-27 14:26:01.312123+00:00,2026-06-27 14:26:01.460340+00:00
00000025-0075-4000-8000-000000000000,completed,2026-06-27 14:25:59.911976+00:00,2026-06-27 14:26:00.085557+00:00
00000032-0075-4000-8000-000000000000,completed,2026-06-27 14:26:00.010838+00:00,2026-06-27 14:26:00.157391+00:00
00000034-0078-4000-8000-000000000000,completed,2026-06-27 14:26:03.810462+00:00,2026-06-27 14:26:03.950322+00:00
00000009-0079-4000-8000-000000000000,completed,2026-06-27 14:26:04.510939+00:00,2026-06-27 14:26:04.665691+00:00
00000002-0077-4000-8000-000000000000,completed,2026-06-27 14:26:01.911278+00:00,2026-06-27 14:26:02.078594+00:00
00000044-0078-4000-8000-000000000000,completed,2026-06-27 14:26:04.010256+00:00,2026-06-27 14:26:04.161130+00:00
00000036-0077-4000-8000-000000000000,completed,2026-06-27 14:26:02.611323+00:00,2026-06-27 14:26:02.746155+00:00
00000050-0078-4000-8000-000000000000,completed,2026-06-27 14:26:04.310150+00:00,2026-06-27 14:26:04.452402+00:00
00000032-0079-4000-8000-000000000000,completed,2026-06-27 14:26:05.009334+00:00,2026-06-27 14:26:05.155963+00:00
00000022-0079-4000-8000-000000000000,completed,2026-06-27 14:26:04.813388+00:00,2026-06-27 14:26:04.944512+00:00
00000047-0080-4000-8000-000000000000,completed,2026-06-27 14:26:06.710910+00:00,2026-06-27 14:26:06.855603+00:00
00000014-0081-4000-8000-000000000000,completed,2026-06-27 14:26:07.812020+00:00,2026-06-27 14:26:07.962623+00:00
00000005-0082-4000-8000-000000000000,completed,2026-06-27 14:26:08.114664+00:00,2026-06-27 14:26:08.260339+00:00
00000028-0082-4000-8000-000000000000,completed,2026-06-27 14:26:08.739037+00:00,2026-06-27 14:26:08.898695+00:00
00000013-0078-4000-8000-000000000000,completed,2026-06-27 14:26:03.334630+00:00,2026-06-27 14:26:03.486079+00:00
00000004-0084-4000-8000-000000000000,completed,2026-06-27 14:26:10.811301+00:00,2026-06-27 14:26:10.943291+00:00
00000024-0079-4000-8000-000000000000,completed,2026-06-27 14:26:04.835026+00:00,2026-06-27 14:26:04.975104+00:00
00000006-0084-4000-8000-000000000000,completed,2026-06-27 14:26:10.924945+00:00,2026-06-27 14:26:11.058788+00:00
00000004-0080-4000-8000-000000000000,completed,2026-06-27 14:26:05.635665+00:00,2026-06-27 14:26:05.767356+00:00
00000024-0085-4000-8000-000000000000,completed,2026-06-27 14:26:12.790900+00:00,2026-06-27 14:26:12.931827+00:00
00000018-0080-4000-8000-000000000000,completed,2026-06-27 14:26:05.934522+00:00,2026-06-27 14:26:06.081305+00:00
00000021-0080-4000-8000-000000000000,completed,2026-06-27 14:26:06.034508+00:00,2026-06-27 14:26:06.180580+00:00
00000018-0084-4000-8000-000000000000,completed,2026-06-27 14:26:11.157142+00:00,2026-06-27 14:26:11.337659+00:00
00000003-0081-4000-8000-000000000000,completed,2026-06-27 14:26:06.835049+00:00,2026-06-27 14:26:06.973356+00:00
00000035-0082-4000-8000-000000000000,completed,2026-06-27 14:26:08.863768+00:00,2026-06-27 14:26:09.042808+00:00
00000041-0082-4000-8000-000000000000,completed,2026-06-27 14:26:09.072651+00:00,2026-06-27 14:26:09.249032+00:00
00000026-0084-4000-8000-000000000000,completed,2026-06-27 14:26:11.378537+00:00,2026-06-27 14:26:11.524628+00:00
00000007-0083-4000-8000-000000000000,completed,2026-06-27 14:26:09.497528+00:00,2026-06-27 14:26:09.657969+00:00
00000024-0083-4000-8000-000000000000,completed,2026-06-27 14:26:09.928856+00:00,2026-06-27 14:26:10.065729+00:00
00000037-0086-4000-8000-000000000000,completed,2026-06-27 14:26:15.077765+00:00,2026-06-27 14:26:15.211153+00:00
00000033-0085-4000-8000-000000000000,completed,2026-06-27 14:26:13.034031+00:00,2026-06-27 14:26:13.183396+00:00
00000040-0084-4000-8000-000000000000,completed,2026-06-27 14:26:11.726189+00:00,2026-06-27 14:26:11.892198+00:00
00000007-0085-4000-8000-000000000000,completed,2026-06-27 14:26:12.315512+00:00,2026-06-27 14:26:12.471760+00:00
00000011-0085-4000-8000-000000000000,completed,2026-06-27 14:26:12.551166+00:00,2026-06-27 14:26:12.684092+00:00
00000033-0087-4000-8000-000000000000,completed,2026-06-27 14:26:16.311926+00:00,2026-06-27 14:26:16.449047+00:00
00000031-0085-4000-8000-000000000000,completed,2026-06-27 14:26:13.404073+00:00,2026-06-27 14:26:13.559647+00:00
00000043-0085-4000-8000-000000000000,completed,2026-06-27 14:26:13.530001+00:00,2026-06-27 14:26:13.672403+00:00
00000048-0086-4000-8000-000000000000,completed,2026-06-27 14:26:15.212291+00:00,2026-06-27 14:26:15.349394+00:00
00000011-0087-4000-8000-000000000000,completed,2026-06-27 14:26:15.756051+00:00,2026-06-27 14:26:15.913713+00:00
00000031-0087-4000-8000-000000000000,completed,2026-06-27 14:26:16.740415+00:00,2026-06-27 14:26:16.881831+00:00
00000030-0087-4000-8000-000000000000,completed,2026-06-27 14:26:16.453467+00:00,2026-06-27 14:26:16.615290+00:00
00000004-0088-4000-8000-000000000000,completed,2026-06-27 14:26:17.176595+00:00,2026-06-27 14:26:17.330106+00:00
00000041-0088-4000-8000-000000000000,completed,2026-06-27 14:26:18.548327+00:00,2026-06-27 14:26:18.683027+00:00
00000037-0088-4000-8000-000000000000,completed,2026-06-27 14:26:18.705481+00:00,2026-06-27 14:26:18.856163+00:00
00000007-0089-4000-8000-000000000000,completed,2026-06-27 14:26:19.188591+00:00,2026-06-27 14:26:19.331572+00:00
00000050-0079-4000-8000-000000000000,completed,2026-06-27 14:26:05.560409+00:00,2026-06-27 14:26:05.694432+00:00
00000046-0084-4000-8000-000000000000,completed,2026-06-27 14:26:12.106289+00:00,2026-06-27 14:26:12.250016+00:00
00000023-0081-4000-8000-000000000000,completed,2026-06-27 14:26:07.360459+00:00,2026-06-27 14:26:07.517354+00:00
00000005-0085-4000-8000-000000000000,completed,2026-06-27 14:26:12.222307+00:00,2026-06-27 14:26:12.394169+00:00
00000034-0081-4000-8000-000000000000,completed,2026-06-27 14:26:07.561027+00:00,2026-06-27 14:26:07.708070+00:00
00000002-0082-4000-8000-000000000000,completed,2026-06-27 14:26:08.166359+00:00,2026-06-27 14:26:08.308960+00:00
00000016-0088-4000-8000-000000000000,completed,2026-06-27 14:26:17.661035+00:00,2026-06-27 14:26:17.801740+00:00
00000036-0082-4000-8000-000000000000,completed,2026-06-27 14:26:08.889962+00:00,2026-06-27 14:26:09.040033+00:00
00000020-0085-4000-8000-000000000000,completed,2026-06-27 14:26:12.702335+00:00,2026-06-27 14:26:12.847883+00:00
00000002-0084-4000-8000-000000000000,completed,2026-06-27 14:26:10.839596+00:00,2026-06-27 14:26:10.977079+00:00
00000016-0084-4000-8000-000000000000,completed,2026-06-27 14:26:11.180955+00:00,2026-06-27 14:26:11.328611+00:00
00000022-0084-4000-8000-000000000000,completed,2026-06-27 14:26:11.294983+00:00,2026-06-27 14:26:11.438924+00:00
00000016-0090-4000-8000-000000000000,completed,2026-06-27 14:26:21.876573+00:00,2026-06-27 14:26:22.002122+00:00
00000014-0084-4000-8000-000000000000,completed,2026-06-27 14:26:11.888551+00:00,2026-06-27 14:26:12.066901+00:00
00000022-0088-4000-8000-000000000000,completed,2026-06-27 14:26:17.811746+00:00,2026-06-27 14:26:17.949756+00:00
00000045-0084-4000-8000-000000000000,completed,2026-06-27 14:26:11.987367+00:00,2026-06-27 14:26:12.126712+00:00
00000027-0085-4000-8000-000000000000,completed,2026-06-27 14:26:13.190314+00:00,2026-06-27 14:26:13.348371+00:00
00000044-0085-4000-8000-000000000000,completed,2026-06-27 14:26:13.310494+00:00,2026-06-27 14:26:13.447109+00:00
00000015-0086-4000-8000-000000000000,completed,2026-06-27 14:26:14.065162+00:00,2026-06-27 14:26:14.209917+00:00
00000039-0086-4000-8000-000000000000,completed,2026-06-27 14:26:14.845657+00:00,2026-06-27 14:26:14.998691+00:00
00000045-0088-4000-8000-000000000000,completed,2026-06-27 14:26:18.746402+00:00,2026-06-27 14:26:18.889244+00:00
00000001-0091-4000-8000-000000000000,completed,2026-06-27 14:26:23.920767+00:00,2026-06-27 14:26:24.052211+00:00
00000010-0089-4000-8000-000000000000,completed,2026-06-27 14:26:19.393647+00:00,2026-06-27 14:26:19.524303+00:00
00000025-0090-4000-8000-000000000000,completed,2026-06-27 14:26:22.264539+00:00,2026-06-27 14:26:22.408326+00:00
00000036-0090-4000-8000-000000000000,completed,2026-06-27 14:26:22.667263+00:00,2026-06-27 14:26:22.799036+00:00
00000027-0091-4000-8000-000000000000,completed,2026-06-27 14:26:25.559799+00:00,2026-06-27 14:26:25.711319+00:00
00000017-0091-4000-8000-000000000000,completed,2026-06-27 14:26:24.369293+00:00,2026-06-27 14:26:24.509360+00:00
00000022-0092-4000-8000-000000000000,completed,2026-06-27 14:26:28.072686+00:00,2026-06-27 14:26:28.223142+00:00
00000041-0087-4000-8000-000000000000,completed,2026-06-27 14:26:16.668714+00:00,2026-06-27 14:26:16.810684+00:00
00000030-0082-4000-8000-000000000000,completed,2026-06-27 14:26:08.916324+00:00,2026-06-27 14:26:09.081894+00:00
00000031-0082-4000-8000-000000000000,completed,2026-06-27 14:26:09.125960+00:00,2026-06-27 14:26:09.253297+00:00
00000006-0083-4000-8000-000000000000,completed,2026-06-27 14:26:09.551017+00:00,2026-06-27 14:26:09.688377+00:00
00000041-0083-4000-8000-000000000000,completed,2026-06-27 14:26:10.422916+00:00,2026-06-27 14:26:10.571918+00:00
00000007-0088-4000-8000-000000000000,completed,2026-06-27 14:26:17.250981+00:00,2026-06-27 14:26:17.404050+00:00
00000033-0084-4000-8000-000000000000,completed,2026-06-27 14:26:11.551935+00:00,2026-06-27 14:26:11.733490+00:00
00000048-0089-4000-8000-000000000000,completed,2026-06-27 14:26:20.995980+00:00,2026-06-27 14:26:21.157165+00:00
00000012-0088-4000-8000-000000000000,completed,2026-06-27 14:26:17.399641+00:00,2026-06-27 14:26:17.553312+00:00
00000006-0085-4000-8000-000000000000,completed,2026-06-27 14:26:12.371211+00:00,2026-06-27 14:26:12.530883+00:00
00000013-0085-4000-8000-000000000000,completed,2026-06-27 14:26:12.490347+00:00,2026-06-27 14:26:12.630373+00:00
00000035-0085-4000-8000-000000000000,completed,2026-06-27 14:26:13.097503+00:00,2026-06-27 14:26:13.233501+00:00
00000040-0085-4000-8000-000000000000,completed,2026-06-27 14:26:13.218541+00:00,2026-06-27 14:26:13.352602+00:00
00000033-0088-4000-8000-000000000000,completed,2026-06-27 14:26:18.156999+00:00,2026-06-27 14:26:18.301560+00:00
00000012-0086-4000-8000-000000000000,completed,2026-06-27 14:26:13.969334+00:00,2026-06-27 14:26:14.110333+00:00
00000041-0091-4000-8000-000000000000,completed,2026-06-27 14:26:25.877149+00:00,2026-06-27 14:26:26.005965+00:00
00000030-0090-4000-8000-000000000000,completed,2026-06-27 14:26:22.711428+00:00,2026-06-27 14:26:22.868766+00:00
00000031-0088-4000-8000-000000000000,completed,2026-06-27 14:26:18.627226+00:00,2026-06-27 14:26:18.767127+00:00
00000006-0089-4000-8000-000000000000,completed,2026-06-27 14:26:19.271198+00:00,2026-06-27 14:26:19.408406+00:00
00000026-0089-4000-8000-000000000000,completed,2026-06-27 14:26:19.939329+00:00,2026-06-27 14:26:20.090568+00:00
00000043-0090-4000-8000-000000000000,completed,2026-06-27 14:26:23.330848+00:00,2026-06-27 14:26:23.471064+00:00
00000006-0091-4000-8000-000000000000,completed,2026-06-27 14:26:23.977795+00:00,2026-06-27 14:26:24.126456+00:00
00000030-0092-4000-8000-000000000000,completed,2026-06-27 14:26:29.163432+00:00,2026-06-27 14:26:29.307682+00:00
00000039-0087-4000-8000-000000000000,completed,2026-06-27 14:26:16.560691+00:00,2026-06-27 14:26:16.722538+00:00
00000016-0083-4000-8000-000000000000,completed,2026-06-27 14:26:09.793335+00:00,2026-06-27 14:26:09.930365+00:00
00000025-0083-4000-8000-000000000000,completed,2026-06-27 14:26:10.012895+00:00,2026-06-27 14:26:10.164019+00:00
00000001-0084-4000-8000-000000000000,completed,2026-06-27 14:26:10.896539+00:00,2026-06-27 14:26:11.040434+00:00
00000001-0088-4000-8000-000000000000,completed,2026-06-27 14:26:17.287359+00:00,2026-06-27 14:26:17.421964+00:00
00000020-0084-4000-8000-000000000000,completed,2026-06-27 14:26:11.236691+00:00,2026-06-27 14:26:11.408095+00:00
00000032-0085-4000-8000-000000000000,completed,2026-06-27 14:26:13.005957+00:00,2026-06-27 14:26:13.152668+00:00
00000014-0089-4000-8000-000000000000,completed,2026-06-27 14:26:20.678768+00:00,2026-06-27 14:26:20.806479+00:00
00000023-0088-4000-8000-000000000000,completed,2026-06-27 14:26:17.887282+00:00,2026-06-27 14:26:18.024298+00:00
00000039-0085-4000-8000-000000000000,completed,2026-06-27 14:26:13.249543+00:00,2026-06-27 14:26:13.420181+00:00
00000014-0085-4000-8000-000000000000,completed,2026-06-27 14:26:13.379502+00:00,2026-06-27 14:26:13.531452+00:00
00000005-0086-4000-8000-000000000000,completed,2026-06-27 14:26:13.751574+00:00,2026-06-27 14:26:13.904243+00:00
00000023-0086-4000-8000-000000000000,completed,2026-06-27 14:26:14.386734+00:00,2026-06-27 14:26:14.530767+00:00
00000015-0089-4000-8000-000000000000,completed,2026-06-27 14:26:19.476745+00:00,2026-06-27 14:26:19.616596+00:00
00000009-0087-4000-8000-000000000000,completed,2026-06-27 14:26:15.582980+00:00,2026-06-27 14:26:15.722370+00:00
00000017-0090-4000-8000-000000000000,completed,2026-06-27 14:26:21.781707+00:00,2026-06-27 14:26:21.921249+00:00
00000045-0089-4000-8000-000000000000,completed,2026-06-27 14:26:20.858361+00:00,2026-06-27 14:26:21.005745+00:00
00000025-0089-4000-8000-000000000000,completed,2026-06-27 14:26:19.987446+00:00,2026-06-27 14:26:20.119005+00:00
00000036-0089-4000-8000-000000000000,completed,2026-06-27 14:26:20.328826+00:00,2026-06-27 14:26:20.469770+00:00
00000039-0089-4000-8000-000000000000,completed,2026-06-27 14:26:20.500855+00:00,2026-06-27 14:26:20.663682+00:00
00000005-0090-4000-8000-000000000000,completed,2026-06-27 14:26:21.220677+00:00,2026-06-27 14:26:21.347118+00:00
00000038-0090-4000-8000-000000000000,completed,2026-06-27 14:26:23.172947+00:00,2026-06-27 14:26:23.306358+00:00
00000001-0090-4000-8000-000000000000,completed,2026-06-27 14:26:21.404873+00:00,2026-06-27 14:26:21.550792+00:00
00000020-0090-4000-8000-000000000000,completed,2026-06-27 14:26:21.973218+00:00,2026-06-27 14:26:22.101295+00:00
00000044-0090-4000-8000-000000000000,completed,2026-06-27 14:26:22.972850+00:00,2026-06-27 14:26:23.098723+00:00
00000022-0091-4000-8000-000000000000,completed,2026-06-27 14:26:24.715260+00:00,2026-06-27 14:26:24.846105+00:00
00000002-0091-4000-8000-000000000000,completed,2026-06-27 14:26:23.813186+00:00,2026-06-27 14:26:23.941703+00:00
00000032-0091-4000-8000-000000000000,completed,2026-06-27 14:26:25.192549+00:00,2026-06-27 14:26:25.320319+00:00
00000005-0092-4000-8000-000000000000,completed,2026-06-27 14:26:26.744666+00:00,2026-06-27 14:26:26.873555+00:00
00000027-0092-4000-8000-000000000000,completed,2026-06-27 14:26:29.254780+00:00,2026-06-27 14:26:29.398012+00:00
00000018-0093-4000-8000-000000000000,completed,2026-06-27 14:26:32.823253+00:00,2026-06-27 14:26:32.948416+00:00
00000011-0089-4000-8000-000000000000,completed,2026-06-27 14:26:19.517887+00:00,2026-06-27 14:26:19.661706+00:00
00000042-0089-4000-8000-000000000000,completed,2026-06-27 14:26:20.545733+00:00,2026-06-27 14:26:20.686365+00:00
00000021-0090-4000-8000-000000000000,completed,2026-06-27 14:26:22.020024+00:00,2026-06-27 14:26:22.167822+00:00
00000020-0093-4000-8000-000000000000,completed,2026-06-27 14:26:33.321167+00:00,2026-06-27 14:26:33.459228+00:00
00000011-0091-4000-8000-000000000000,completed,2026-06-27 14:26:24.312345+00:00,2026-06-27 14:26:24.440009+00:00
00000043-0091-4000-8000-000000000000,completed,2026-06-27 14:26:26.269743+00:00,2026-06-27 14:26:26.412375+00:00
00000006-0092-4000-8000-000000000000,completed,2026-06-27 14:26:27.096638+00:00,2026-06-27 14:26:27.230486+00:00
00000024-0093-4000-8000-000000000000,completed,2026-06-27 14:26:33.887982+00:00,2026-06-27 14:26:34.022307+00:00
00000004-0093-4000-8000-000000000000,completed,2026-06-27 14:26:31.200519+00:00,2026-06-27 14:26:31.333439+00:00
00000007-0093-4000-8000-000000000000,completed,2026-06-27 14:26:31.437935+00:00,2026-06-27 14:26:31.576215+00:00
00000006-0093-4000-8000-000000000000,completed,2026-06-27 14:26:31.689293+00:00,2026-06-27 14:26:31.835972+00:00
00000023-0093-4000-8000-000000000000,completed,2026-06-27 14:26:34.099109+00:00,2026-06-27 14:26:34.234261+00:00
00000011-0093-4000-8000-000000000000,completed,2026-06-27 14:26:32.514838+00:00,2026-06-27 14:26:32.645980+00:00
00000028-0093-4000-8000-000000000000,completed,2026-06-27 14:26:35.112890+00:00,2026-06-27 14:26:35.240482+00:00
00000032-0093-4000-8000-000000000000,completed,2026-06-27 14:26:35.831760+00:00,2026-06-27 14:26:35.978269+00:00
00000035-0001-4000-8000-000000000000,completed,2026-06-27 14:23:55.984141+00:00,2026-06-27 14:23:56.131242+00:00
00000010-0000-4000-8000-000000000000,completed,2026-06-27 14:23:41.220893+00:00,2026-06-27 14:23:41.386663+00:00
00000023-0000-4000-8000-000000000000,completed,2026-06-27 14:23:44.970576+00:00,2026-06-27 14:23:45.111982+00:00
00000039-0000-4000-8000-000000000000,completed,2026-06-27 14:23:48.362623+00:00,2026-06-27 14:23:48.506249+00:00
00000039-0001-4000-8000-000000000000,completed,2026-06-27 14:23:56.695273+00:00,2026-06-27 14:23:56.836699+00:00
00000038-0000-4000-8000-000000000000,completed,2026-06-27 14:23:49.556727+00:00,2026-06-27 14:23:49.703682+00:00
00000007-0001-4000-8000-000000000000,completed,2026-06-27 14:23:51.897733+00:00,2026-06-27 14:23:52.058891+00:00
00000012-0001-4000-8000-000000000000,completed,2026-06-27 14:23:52.572083+00:00,2026-06-27 14:23:52.719912+00:00
00000031-0001-4000-8000-000000000000,completed,2026-06-27 14:23:57.392897+00:00,2026-06-27 14:23:57.528033+00:00
00000013-0001-4000-8000-000000000000,completed,2026-06-27 14:23:52.967829+00:00,2026-06-27 14:23:53.104259+00:00
00000017-0001-4000-8000-000000000000,completed,2026-06-27 14:23:53.228490+00:00,2026-06-27 14:23:53.400215+00:00
00000003-0002-4000-8000-000000000000,completed,2026-06-27 14:23:58.598933+00:00,2026-06-27 14:23:58.735486+00:00
00000022-0001-4000-8000-000000000000,completed,2026-06-27 14:23:54.182488+00:00,2026-06-27 14:23:54.314947+00:00
00000045-0001-4000-8000-000000000000,completed,2026-06-27 14:23:57.664270+00:00,2026-06-27 14:23:57.793569+00:00
00000028-0001-4000-8000-000000000000,completed,2026-06-27 14:23:55.098725+00:00,2026-06-27 14:23:55.240990+00:00
00000005-0002-4000-8000-000000000000,completed,2026-06-27 14:23:58.730900+00:00,2026-06-27 14:23:58.888661+00:00
00000048-0001-4000-8000-000000000000,completed,2026-06-27 14:23:58.069323+00:00,2026-06-27 14:23:58.219837+00:00
00000046-0001-4000-8000-000000000000,completed,2026-06-27 14:23:58.203021+00:00,2026-06-27 14:23:58.355174+00:00
00000032-0002-4000-8000-000000000000,completed,2026-06-27 14:24:02.068573+00:00,2026-06-27 14:24:02.213128+00:00
00000050-0001-4000-8000-000000000000,completed,2026-06-27 14:23:58.467875+00:00,2026-06-27 14:23:58.603339+00:00
00000025-0002-4000-8000-000000000000,completed,2026-06-27 14:24:01.357540+00:00,2026-06-27 14:24:01.506392+00:00
00000002-0002-4000-8000-000000000000,completed,2026-06-27 14:23:59.119950+00:00,2026-06-27 14:23:59.262396+00:00
00000017-0002-4000-8000-000000000000,completed,2026-06-27 14:24:00.259986+00:00,2026-06-27 14:24:00.400700+00:00
00000026-0002-4000-8000-000000000000,completed,2026-06-27 14:24:01.476864+00:00,2026-06-27 14:24:01.621579+00:00
00000029-0002-4000-8000-000000000000,completed,2026-06-27 14:24:01.597945+00:00,2026-06-27 14:24:01.741736+00:00
00000041-0002-4000-8000-000000000000,completed,2026-06-27 14:24:03.333721+00:00,2026-06-27 14:24:03.478567+00:00
00000030-0002-4000-8000-000000000000,completed,2026-06-27 14:24:02.534286+00:00,2026-06-27 14:24:02.681112+00:00
00000045-0002-4000-8000-000000000000,completed,2026-06-27 14:24:03.780361+00:00,2026-06-27 14:24:03.931689+00:00
00000047-0002-4000-8000-000000000000,completed,2026-06-27 14:24:04.004345+00:00,2026-06-27 14:24:04.140088+00:00
00000016-0003-4000-8000-000000000000,completed,2026-06-27 14:24:06.145360+00:00,2026-06-27 14:24:06.288597+00:00
00000025-0003-4000-8000-000000000000,completed,2026-06-27 14:24:06.865639+00:00,2026-06-27 14:24:07.025078+00:00
00000030-0006-4000-8000-000000000000,completed,2026-06-27 14:24:19.384643+00:00,2026-06-27 14:24:19.516504+00:00
00000019-0003-4000-8000-000000000000,completed,2026-06-27 14:24:07.268739+00:00,2026-06-27 14:24:07.420001+00:00
00000048-0003-4000-8000-000000000000,completed,2026-06-27 14:24:09.207703+00:00,2026-06-27 14:24:09.351670+00:00
00000002-0004-4000-8000-000000000000,completed,2026-06-27 14:24:09.934734+00:00,2026-06-27 14:24:10.079748+00:00
00000043-0006-4000-8000-000000000000,completed,2026-06-27 14:24:20.132578+00:00,2026-06-27 14:24:20.275432+00:00
00000008-0004-4000-8000-000000000000,completed,2026-06-27 14:24:10.983266+00:00,2026-06-27 14:24:11.114279+00:00
00000032-0004-4000-8000-000000000000,completed,2026-06-27 14:24:11.985950+00:00,2026-06-27 14:24:12.124100+00:00
00000004-0009-4000-8000-000000000000,completed,2026-06-27 14:24:26.198159+00:00,2026-06-27 14:24:26.355165+00:00
00000030-0004-4000-8000-000000000000,completed,2026-06-27 14:24:12.311758+00:00,2026-06-27 14:24:12.464842+00:00
00000049-0006-4000-8000-000000000000,completed,2026-06-27 14:24:20.376993+00:00,2026-06-27 14:24:20.519201+00:00
00000039-0004-4000-8000-000000000000,completed,2026-06-27 14:24:12.633568+00:00,2026-06-27 14:24:12.780290+00:00
00000014-0004-4000-8000-000000000000,completed,2026-06-27 14:24:12.950438+00:00,2026-06-27 14:24:13.101990+00:00
00000043-0004-4000-8000-000000000000,completed,2026-06-27 14:24:13.267368+00:00,2026-06-27 14:24:13.418967+00:00
00000044-0007-4000-8000-000000000000,completed,2026-06-27 14:24:22.728967+00:00,2026-06-27 14:24:22.889763+00:00
00000018-0005-4000-8000-000000000000,completed,2026-06-27 14:24:14.776234+00:00,2026-06-27 14:24:14.919835+00:00
00000007-0010-4000-8000-000000000000,completed,2026-06-27 14:24:28.803297+00:00,2026-06-27 14:24:28.939951+00:00
00000019-0009-4000-8000-000000000000,completed,2026-06-27 14:24:27.423775+00:00,2026-06-27 14:24:27.551171+00:00
00000030-0008-4000-8000-000000000000,completed,2026-06-27 14:24:25.150646+00:00,2026-06-27 14:24:25.291096+00:00
00000039-0008-4000-8000-000000000000,completed,2026-06-27 14:24:25.367934+00:00,2026-06-27 14:24:25.542114+00:00
00000043-0008-4000-8000-000000000000,completed,2026-06-27 14:24:25.784502+00:00,2026-06-27 14:24:25.935501+00:00
00000038-0009-4000-8000-000000000000,completed,2026-06-27 14:24:28.218682+00:00,2026-06-27 14:24:28.355941+00:00
00000024-0052-4000-8000-000000000000,completed,2026-06-27 14:25:31.098553+00:00,2026-06-27 14:25:31.235545+00:00
00000003-0010-4000-8000-000000000000,completed,2026-06-27 14:24:28.610509+00:00,2026-06-27 14:24:28.737236+00:00
00000011-0010-4000-8000-000000000000,completed,2026-06-27 14:24:29.193385+00:00,2026-06-27 14:24:29.323724+00:00
00000024-0010-4000-8000-000000000000,completed,2026-06-27 14:24:29.575996+00:00,2026-06-27 14:24:29.758752+00:00
00000036-0059-4000-8000-000000000000,completed,2026-06-27 14:25:40.123799+00:00,2026-06-27 14:25:40.252211+00:00
00000016-0059-4000-8000-000000000000,completed,2026-06-27 14:25:39.724044+00:00,2026-06-27 14:25:39.882035+00:00
00000022-0059-4000-8000-000000000000,completed,2026-06-27 14:25:39.824760+00:00,2026-06-27 14:25:39.975652+00:00
00000046-0059-4000-8000-000000000000,completed,2026-06-27 14:25:40.525055+00:00,2026-06-27 14:25:40.668965+00:00
00000050-0060-4000-8000-000000000000,completed,2026-06-27 14:25:41.824857+00:00,2026-06-27 14:25:41.955692+00:00
00000009-0061-4000-8000-000000000000,completed,2026-06-27 14:25:42.025862+00:00,2026-06-27 14:25:42.192511+00:00
00000017-0008-4000-8000-000000000000,completed,2026-06-27 14:24:24.124827+00:00,2026-06-27 14:24:24.262505+00:00
00000033-0003-4000-8000-000000000000,completed,2026-06-27 14:24:07.373814+00:00,2026-06-27 14:24:07.512617+00:00
00000010-0004-4000-8000-000000000000,completed,2026-06-27 14:24:10.377179+00:00,2026-06-27 14:24:10.513324+00:00
00000023-0004-4000-8000-000000000000,completed,2026-06-27 14:24:11.411805+00:00,2026-06-27 14:24:11.551449+00:00
00000020-0008-4000-8000-000000000000,completed,2026-06-27 14:24:24.348093+00:00,2026-06-27 14:24:24.498281+00:00
00000028-0004-4000-8000-000000000000,completed,2026-06-27 14:24:11.740527+00:00,2026-06-27 14:24:11.871045+00:00
00000042-0004-4000-8000-000000000000,completed,2026-06-27 14:24:12.713653+00:00,2026-06-27 14:24:12.844191+00:00
00000017-0010-4000-8000-000000000000,completed,2026-06-27 14:24:29.239719+00:00,2026-06-27 14:24:29.397797+00:00
00000016-0005-4000-8000-000000000000,completed,2026-06-27 14:24:14.859166+00:00,2026-06-27 14:24:14.991623+00:00
00000027-0008-4000-8000-000000000000,completed,2026-06-27 14:24:25.203470+00:00,2026-06-27 14:24:25.332023+00:00
00000046-0005-4000-8000-000000000000,completed,2026-06-27 14:24:17.103497+00:00,2026-06-27 14:24:17.253014+00:00
00000034-0006-4000-8000-000000000000,completed,2026-06-27 14:24:19.197307+00:00,2026-06-27 14:24:19.328194+00:00
00000045-0007-4000-8000-000000000000,completed,2026-06-27 14:24:23.011991+00:00,2026-06-27 14:24:23.152349+00:00
00000015-0009-4000-8000-000000000000,completed,2026-06-27 14:24:26.665102+00:00,2026-06-27 14:24:26.802302+00:00
00000010-0008-4000-8000-000000000000,completed,2026-06-27 14:24:23.905808+00:00,2026-06-27 14:24:24.041189+00:00
00000002-0053-4000-8000-000000000000,completed,2026-06-27 14:25:31.923745+00:00,2026-06-27 14:25:32.083591+00:00
00000047-0010-4000-8000-000000000000,completed,2026-06-27 14:24:30.749237+00:00,2026-06-27 14:24:30.890618+00:00
00000046-0009-4000-8000-000000000000,completed,2026-06-27 14:24:28.464590+00:00,2026-06-27 14:24:28.595589+00:00
00000028-0052-4000-8000-000000000000,completed,2026-06-27 14:25:31.222538+00:00,2026-06-27 14:25:31.380771+00:00
00000005-0010-4000-8000-000000000000,completed,2026-06-27 14:24:28.660969+00:00,2026-06-27 14:24:28.812341+00:00
00000010-0010-4000-8000-000000000000,completed,2026-06-27 14:24:29.046966+00:00,2026-06-27 14:24:29.179115+00:00
00000016-0055-4000-8000-000000000000,completed,2026-06-27 14:25:34.723726+00:00,2026-06-27 14:25:34.864018+00:00
00000027-0052-4000-8000-000000000000,completed,2026-06-27 14:25:31.423579+00:00,2026-06-27 14:25:31.563444+00:00
00000044-0052-4000-8000-000000000000,completed,2026-06-27 14:25:31.522949+00:00,2026-06-27 14:25:31.677519+00:00
00000038-0054-4000-8000-000000000000,completed,2026-06-27 14:25:34.124151+00:00,2026-06-27 14:25:34.257290+00:00
00000022-0053-4000-8000-000000000000,completed,2026-06-27 14:25:32.323312+00:00,2026-06-27 14:25:32.465038+00:00
00000010-0054-4000-8000-000000000000,completed,2026-06-27 14:25:33.324333+00:00,2026-06-27 14:25:33.452079+00:00
00000046-0055-4000-8000-000000000000,completed,2026-06-27 14:25:35.522772+00:00,2026-06-27 14:25:35.669493+00:00
00000045-0055-4000-8000-000000000000,completed,2026-06-27 14:25:35.424066+00:00,2026-06-27 14:25:35.563533+00:00
00000027-0056-4000-8000-000000000000,completed,2026-06-27 14:25:36.421627+00:00,2026-06-27 14:25:36.568413+00:00
00000010-0058-4000-8000-000000000000,completed,2026-06-27 14:25:38.327011+00:00,2026-06-27 14:25:38.495001+00:00
00000026-0008-4000-8000-000000000000,completed,2026-06-27 14:24:24.613660+00:00,2026-06-27 14:24:24.740117+00:00
00000014-0003-4000-8000-000000000000,completed,2026-06-27 14:24:08.644364+00:00,2026-06-27 14:24:08.777220+00:00
00000049-0003-4000-8000-000000000000,completed,2026-06-27 14:24:09.391107+00:00,2026-06-27 14:24:09.519827+00:00
00000003-0005-4000-8000-000000000000,completed,2026-06-27 14:24:13.727165+00:00,2026-06-27 14:24:13.866056+00:00
00000036-0008-4000-8000-000000000000,completed,2026-06-27 14:24:25.044490+00:00,2026-06-27 14:24:25.201075+00:00
00000002-0005-4000-8000-000000000000,completed,2026-06-27 14:24:14.031243+00:00,2026-06-27 14:24:14.171684+00:00
00000008-0005-4000-8000-000000000000,completed,2026-06-27 14:24:14.946145+00:00,2026-06-27 14:24:15.089395+00:00
00000031-0057-4000-8000-000000000000,completed,2026-06-27 14:25:37.850863+00:00,2026-06-27 14:25:37.996698+00:00
00000021-0006-4000-8000-000000000000,completed,2026-06-27 14:24:18.491775+00:00,2026-06-27 14:24:18.646248+00:00
00000024-0009-4000-8000-000000000000,completed,2026-06-27 14:24:27.122705+00:00,2026-06-27 14:24:27.247236+00:00
00000011-0007-4000-8000-000000000000,completed,2026-06-27 14:24:21.220087+00:00,2026-06-27 14:24:21.357681+00:00
00000032-0007-4000-8000-000000000000,completed,2026-06-27 14:24:22.158377+00:00,2026-06-27 14:24:22.312863+00:00
00000004-0008-4000-8000-000000000000,completed,2026-06-27 14:24:23.518834+00:00,2026-06-27 14:24:23.661374+00:00
00000014-0009-4000-8000-000000000000,completed,2026-06-27 14:24:28.119702+00:00,2026-06-27 14:24:28.273727+00:00
00000001-0008-4000-8000-000000000000,completed,2026-06-27 14:24:23.738041+00:00,2026-06-27 14:24:23.889358+00:00
00000030-0053-4000-8000-000000000000,completed,2026-06-27 14:25:32.648141+00:00,2026-06-27 14:25:32.792488+00:00
00000035-0052-4000-8000-000000000000,completed,2026-06-27 14:25:31.347596+00:00,2026-06-27 14:25:31.487152+00:00
00000018-0010-4000-8000-000000000000,completed,2026-06-27 14:24:29.289641+00:00,2026-06-27 14:24:29.452649+00:00
00000040-0052-4000-8000-000000000000,completed,2026-06-27 14:25:31.448349+00:00,2026-06-27 14:25:31.614034+00:00
00000036-0010-4000-8000-000000000000,completed,2026-06-27 14:24:30.049416+00:00,2026-06-27 14:24:30.181667+00:00
00000042-0053-4000-8000-000000000000,completed,2026-06-27 14:25:32.748556+00:00,2026-06-27 14:25:32.897960+00:00
00000012-0053-4000-8000-000000000000,completed,2026-06-27 14:25:32.048405+00:00,2026-06-27 14:25:32.206637+00:00
00000008-0053-4000-8000-000000000000,completed,2026-06-27 14:25:32.248962+00:00,2026-06-27 14:25:32.383557+00:00
00000013-0056-4000-8000-000000000000,completed,2026-06-27 14:25:35.848746+00:00,2026-06-27 14:25:35.992611+00:00
00000018-0056-4000-8000-000000000000,completed,2026-06-27 14:25:35.949982+00:00,2026-06-27 14:25:36.091447+00:00
00000049-0053-4000-8000-000000000000,completed,2026-06-27 14:25:33.049684+00:00,2026-06-27 14:25:33.208625+00:00
00000026-0058-4000-8000-000000000000,completed,2026-06-27 14:25:38.647697+00:00,2026-06-27 14:25:38.798924+00:00
00000004-0058-4000-8000-000000000000,completed,2026-06-27 14:25:38.150010+00:00,2026-06-27 14:25:38.308220+00:00
00000011-0059-4000-8000-000000000000,completed,2026-06-27 14:25:39.650430+00:00,2026-06-27 14:25:39.779562+00:00
00000029-0059-4000-8000-000000000000,completed,2026-06-27 14:25:39.949436+00:00,2026-06-27 14:25:40.093058+00:00
00000013-0060-4000-8000-000000000000,completed,2026-06-27 14:25:40.852341+00:00,2026-06-27 14:25:40.991933+00:00
00000045-0006-4000-8000-000000000000,completed,2026-06-27 14:24:20.070560+00:00,2026-06-27 14:24:20.213212+00:00
00000047-0003-4000-8000-000000000000,completed,2026-06-27 14:24:09.114339+00:00,2026-06-27 14:24:09.263923+00:00
00000006-0004-4000-8000-000000000000,completed,2026-06-27 14:24:09.844107+00:00,2026-06-27 14:24:09.982170+00:00
00000003-0012-4000-8000-000000000000,completed,2026-06-27 14:24:33.227655+00:00,2026-06-27 14:24:33.365051+00:00
00000045-0004-4000-8000-000000000000,completed,2026-06-27 14:24:13.185587+00:00,2026-06-27 14:24:13.320886+00:00
00000010-0007-4000-8000-000000000000,completed,2026-06-27 14:24:21.041503+00:00,2026-06-27 14:24:21.165570+00:00
00000005-0005-4000-8000-000000000000,completed,2026-06-27 14:24:13.802100+00:00,2026-06-27 14:24:13.947067+00:00
00000017-0005-4000-8000-000000000000,completed,2026-06-27 14:24:14.702264+00:00,2026-06-27 14:24:14.847311+00:00
00000040-0010-4000-8000-000000000000,completed,2026-06-27 14:24:30.283670+00:00,2026-06-27 14:24:30.420604+00:00
00000028-0005-4000-8000-000000000000,completed,2026-06-27 14:24:15.645229+00:00,2026-06-27 14:24:15.777603+00:00
00000020-0007-4000-8000-000000000000,completed,2026-06-27 14:24:21.515352+00:00,2026-06-27 14:24:21.686745+00:00
00000027-0005-4000-8000-000000000000,completed,2026-06-27 14:24:16.139245+00:00,2026-06-27 14:24:16.287507+00:00
00000050-0005-4000-8000-000000000000,completed,2026-06-27 14:24:17.238977+00:00,2026-06-27 14:24:17.403065+00:00
00000016-0006-4000-8000-000000000000,completed,2026-06-27 14:24:18.298053+00:00,2026-06-27 14:24:18.446385+00:00
00000034-0007-4000-8000-000000000000,completed,2026-06-27 14:24:22.215529+00:00,2026-06-27 14:24:22.353297+00:00
00000040-0006-4000-8000-000000000000,completed,2026-06-27 14:24:19.574536+00:00,2026-06-27 14:24:19.711796+00:00
00000029-0011-4000-8000-000000000000,completed,2026-06-27 14:24:32.072643+00:00,2026-06-27 14:24:32.245815+00:00
00000045-0010-4000-8000-000000000000,completed,2026-06-27 14:24:30.658649+00:00,2026-06-27 14:24:30.825996+00:00
00000031-0007-4000-8000-000000000000,completed,2026-06-27 14:24:22.900882+00:00,2026-06-27 14:24:23.026982+00:00
00000045-0008-4000-8000-000000000000,completed,2026-06-27 14:24:25.732587+00:00,2026-06-27 14:24:25.892777+00:00
00000028-0011-4000-8000-000000000000,completed,2026-06-27 14:24:32.117696+00:00,2026-06-27 14:24:32.256344+00:00
00000020-0009-4000-8000-000000000000,completed,2026-06-27 14:24:26.969805+00:00,2026-06-27 14:24:27.099947+00:00
00000006-0011-4000-8000-000000000000,completed,2026-06-27 14:24:31.254006+00:00,2026-06-27 14:24:31.419000+00:00
00000037-0011-4000-8000-000000000000,completed,2026-06-27 14:24:32.519766+00:00,2026-06-27 14:24:32.655593+00:00
00000019-0011-4000-8000-000000000000,completed,2026-06-27 14:24:32.162319+00:00,2026-06-27 14:24:32.305949+00:00
00000034-0011-4000-8000-000000000000,completed,2026-06-27 14:24:32.295441+00:00,2026-06-27 14:24:32.438971+00:00
00000031-0011-4000-8000-000000000000,completed,2026-06-27 14:24:32.830699+00:00,2026-06-27 14:24:32.981946+00:00
00000045-0011-4000-8000-000000000000,completed,2026-06-27 14:24:32.918130+00:00,2026-06-27 14:24:33.063077+00:00
00000001-0012-4000-8000-000000000000,completed,2026-06-27 14:24:33.441562+00:00,2026-06-27 14:24:33.595602+00:00
00000046-0011-4000-8000-000000000000,completed,2026-06-27 14:24:33.094285+00:00,2026-06-27 14:24:33.249945+00:00
00000007-0012-4000-8000-000000000000,completed,2026-06-27 14:24:33.400533+00:00,2026-06-27 14:24:33.556684+00:00
00000010-0019-4000-8000-000000000000,completed,2026-06-27 14:24:46.905480+00:00,2026-06-27 14:24:47.036913+00:00
00000015-0012-4000-8000-000000000000,completed,2026-06-27 14:24:33.707883+00:00,2026-06-27 14:24:33.868818+00:00
00000024-0012-4000-8000-000000000000,completed,2026-06-27 14:24:34.093922+00:00,2026-06-27 14:24:34.228671+00:00
00000036-0012-4000-8000-000000000000,completed,2026-06-27 14:24:34.523697+00:00,2026-06-27 14:24:34.670304+00:00
00000025-0016-4000-8000-000000000000,completed,2026-06-27 14:24:42.131769+00:00,2026-06-27 14:24:42.273772+00:00
00000010-0013-4000-8000-000000000000,completed,2026-06-27 14:24:35.741369+00:00,2026-06-27 14:24:35.894461+00:00
00000034-0013-4000-8000-000000000000,completed,2026-06-27 14:24:36.574132+00:00,2026-06-27 14:24:36.726342+00:00
00000002-0014-4000-8000-000000000000,completed,2026-06-27 14:24:37.535941+00:00,2026-06-27 14:24:37.683067+00:00
00000041-0016-4000-8000-000000000000,completed,2026-06-27 14:24:42.712834+00:00,2026-06-27 14:24:42.871352+00:00
00000035-0014-4000-8000-000000000000,completed,2026-06-27 14:24:38.645505+00:00,2026-06-27 14:24:38.793574+00:00
00000041-0014-4000-8000-000000000000,completed,2026-06-27 14:24:38.956653+00:00,2026-06-27 14:24:39.102973+00:00
00000033-0022-4000-8000-000000000000,completed,2026-06-27 14:24:52.323382+00:00,2026-06-27 14:24:52.447411+00:00
00000001-0015-4000-8000-000000000000,completed,2026-06-27 14:24:39.575355+00:00,2026-06-27 14:24:39.730263+00:00
00000034-0017-4000-8000-000000000000,completed,2026-06-27 14:24:44.143920+00:00,2026-06-27 14:24:44.268556+00:00
00000020-0015-4000-8000-000000000000,completed,2026-06-27 14:24:40.035527+00:00,2026-06-27 14:24:40.203706+00:00
00000016-0016-4000-8000-000000000000,completed,2026-06-27 14:24:41.839848+00:00,2026-06-27 14:24:41.988141+00:00
00000042-0019-4000-8000-000000000000,completed,2026-06-27 14:24:47.841890+00:00,2026-06-27 14:24:47.977542+00:00
00000042-0017-4000-8000-000000000000,completed,2026-06-27 14:24:44.426925+00:00,2026-06-27 14:24:44.571511+00:00
00000033-0018-4000-8000-000000000000,completed,2026-06-27 14:24:45.816762+00:00,2026-06-27 14:24:45.936911+00:00
00000034-0021-4000-8000-000000000000,completed,2026-06-27 14:24:50.821966+00:00,2026-06-27 14:24:50.960715+00:00
00000035-0018-4000-8000-000000000000,completed,2026-06-27 14:24:45.953979+00:00,2026-06-27 14:24:46.085000+00:00
00000015-0020-4000-8000-000000000000,completed,2026-06-27 14:24:48.637576+00:00,2026-06-27 14:24:48.772451+00:00
00000050-0021-4000-8000-000000000000,completed,2026-06-27 14:24:51.454173+00:00,2026-06-27 14:24:51.583469+00:00
00000035-0020-4000-8000-000000000000,completed,2026-06-27 14:24:49.285022+00:00,2026-06-27 14:24:49.424270+00:00
00000027-0021-4000-8000-000000000000,completed,2026-06-27 14:24:50.949318+00:00,2026-06-27 14:24:51.085469+00:00
00000042-0021-4000-8000-000000000000,completed,2026-06-27 14:24:51.074308+00:00,2026-06-27 14:24:51.221309+00:00
00000015-0022-4000-8000-000000000000,completed,2026-06-27 14:24:51.825925+00:00,2026-06-27 14:24:51.977336+00:00
00000016-0022-4000-8000-000000000000,completed,2026-06-27 14:24:51.952077+00:00,2026-06-27 14:24:52.096850+00:00
00000045-0022-4000-8000-000000000000,completed,2026-06-27 14:24:52.814388+00:00,2026-06-27 14:24:52.943319+00:00
00000025-0022-4000-8000-000000000000,completed,2026-06-27 14:24:52.198842+00:00,2026-06-27 14:24:52.338891+00:00
00000041-0022-4000-8000-000000000000,completed,2026-06-27 14:24:52.692008+00:00,2026-06-27 14:24:52.826017+00:00
00000003-0015-4000-8000-000000000000,completed,2026-06-27 14:24:39.381014+00:00,2026-06-27 14:24:39.503912+00:00
00000037-0012-4000-8000-000000000000,completed,2026-06-27 14:24:34.692704+00:00,2026-06-27 14:24:34.838683+00:00
00000044-0012-4000-8000-000000000000,completed,2026-06-27 14:24:34.861112+00:00,2026-06-27 14:24:35.010687+00:00
00000008-0013-4000-8000-000000000000,completed,2026-06-27 14:24:36.033678+00:00,2026-06-27 14:24:36.164045+00:00
00000007-0015-4000-8000-000000000000,completed,2026-06-27 14:24:39.537316+00:00,2026-06-27 14:24:39.690708+00:00
00000024-0013-4000-8000-000000000000,completed,2026-06-27 14:24:36.198256+00:00,2026-06-27 14:24:36.338855+00:00
00000029-0013-4000-8000-000000000000,completed,2026-06-27 14:24:36.362853+00:00,2026-06-27 14:24:36.535278+00:00
00000003-0017-4000-8000-000000000000,completed,2026-06-27 14:24:43.109837+00:00,2026-06-27 14:24:43.252707+00:00
00000030-0013-4000-8000-000000000000,completed,2026-06-27 14:24:36.689753+00:00,2026-06-27 14:24:36.823281+00:00
00000011-0015-4000-8000-000000000000,completed,2026-06-27 14:24:39.841543+00:00,2026-06-27 14:24:40.002752+00:00
00000043-0013-4000-8000-000000000000,completed,2026-06-27 14:24:37.175226+00:00,2026-06-27 14:24:37.310252+00:00
00000006-0014-4000-8000-000000000000,completed,2026-06-27 14:24:37.657384+00:00,2026-06-27 14:24:37.799375+00:00
00000013-0014-4000-8000-000000000000,completed,2026-06-27 14:24:37.814754+00:00,2026-06-27 14:24:37.966998+00:00
00000032-0015-4000-8000-000000000000,completed,2026-06-27 14:24:40.453335+00:00,2026-06-27 14:24:40.622925+00:00
00000026-0014-4000-8000-000000000000,completed,2026-06-27 14:24:38.289039+00:00,2026-06-27 14:24:38.460043+00:00
00000049-0017-4000-8000-000000000000,completed,2026-06-27 14:24:44.811792+00:00,2026-06-27 14:24:44.952543+00:00
00000024-0017-4000-8000-000000000000,completed,2026-06-27 14:24:43.826350+00:00,2026-06-27 14:24:43.959470+00:00
00000004-0016-4000-8000-000000000000,completed,2026-06-27 14:24:41.352889+00:00,2026-06-27 14:24:41.481133+00:00
00000018-0016-4000-8000-000000000000,completed,2026-06-27 14:24:41.804177+00:00,2026-06-27 14:24:41.963065+00:00
00000037-0016-4000-8000-000000000000,completed,2026-06-27 14:24:42.533564+00:00,2026-06-27 14:24:42.708680+00:00
00000032-0017-4000-8000-000000000000,completed,2026-06-27 14:24:44.109620+00:00,2026-06-27 14:24:44.264603+00:00
00000024-0019-4000-8000-000000000000,completed,2026-06-27 14:24:47.278739+00:00,2026-06-27 14:24:47.425054+00:00
00000014-0017-4000-8000-000000000000,completed,2026-06-27 14:24:44.532246+00:00,2026-06-27 14:24:44.668590+00:00
00000021-0018-4000-8000-000000000000,completed,2026-06-27 14:24:45.507286+00:00,2026-06-27 14:24:45.644882+00:00
00000011-0019-4000-8000-000000000000,completed,2026-06-27 14:24:47.006728+00:00,2026-06-27 14:24:47.169462+00:00
00000008-0021-4000-8000-000000000000,completed,2026-06-27 14:24:50.410235+00:00,2026-06-27 14:24:50.551352+00:00
00000014-0019-4000-8000-000000000000,completed,2026-06-27 14:24:47.945344+00:00,2026-06-27 14:24:48.090118+00:00
00000043-0021-4000-8000-000000000000,completed,2026-06-27 14:24:51.294699+00:00,2026-06-27 14:24:51.427429+00:00
00000026-0022-4000-8000-000000000000,completed,2026-06-27 14:24:52.168237+00:00,2026-06-27 14:24:52.308788+00:00
00000003-0023-4000-8000-000000000000,completed,2026-06-27 14:24:53.028796+00:00,2026-06-27 14:24:53.149922+00:00
00000012-0023-4000-8000-000000000000,completed,2026-06-27 14:24:53.274348+00:00,2026-06-27 14:24:53.421730+00:00
00000038-0015-4000-8000-000000000000,completed,2026-06-27 14:24:40.981579+00:00,2026-06-27 14:24:41.119845+00:00
00000039-0012-4000-8000-000000000000,completed,2026-06-27 14:24:34.777017+00:00,2026-06-27 14:24:34.913836+00:00
00000026-0013-4000-8000-000000000000,completed,2026-06-27 14:24:36.278451+00:00,2026-06-27 14:24:36.441130+00:00
00000013-0025-4000-8000-000000000000,completed,2026-06-27 14:24:56.308534+00:00,2026-06-27 14:24:56.455639+00:00
00000019-0013-4000-8000-000000000000,completed,2026-06-27 14:24:36.443763+00:00,2026-06-27 14:24:36.590625+00:00
00000012-0016-4000-8000-000000000000,completed,2026-06-27 14:24:41.573962+00:00,2026-06-27 14:24:41.709623+00:00
00000008-0014-4000-8000-000000000000,completed,2026-06-27 14:24:38.053249+00:00,2026-06-27 14:24:38.195029+00:00
00000030-0014-4000-8000-000000000000,completed,2026-06-27 14:24:38.682230+00:00,2026-06-27 14:24:38.829175+00:00
00000007-0020-4000-8000-000000000000,completed,2026-06-27 14:24:48.403253+00:00,2026-06-27 14:24:48.549225+00:00
00000004-0015-4000-8000-000000000000,completed,2026-06-27 14:24:39.458536+00:00,2026-06-27 14:24:39.605696+00:00
00000006-0017-4000-8000-000000000000,completed,2026-06-27 14:24:43.325686+00:00,2026-06-27 14:24:43.457025+00:00
00000006-0015-4000-8000-000000000000,completed,2026-06-27 14:24:39.611957+00:00,2026-06-27 14:24:39.755734+00:00
00000013-0015-4000-8000-000000000000,completed,2026-06-27 14:24:39.765980+00:00,2026-06-27 14:24:39.922467+00:00
00000037-0015-4000-8000-000000000000,completed,2026-06-27 14:24:40.679346+00:00,2026-06-27 14:24:40.828822+00:00
00000021-0017-4000-8000-000000000000,completed,2026-06-27 14:24:43.753338+00:00,2026-06-27 14:24:43.895389+00:00
00000044-0015-4000-8000-000000000000,completed,2026-06-27 14:24:40.826998+00:00,2026-06-27 14:24:40.957831+00:00
00000048-0021-4000-8000-000000000000,completed,2026-06-27 14:24:51.356542+00:00,2026-06-27 14:24:51.495172+00:00
00000011-0020-4000-8000-000000000000,completed,2026-06-27 14:24:48.665544+00:00,2026-06-27 14:24:48.809242+00:00
00000003-0018-4000-8000-000000000000,completed,2026-06-27 14:24:44.883886+00:00,2026-06-27 14:24:45.026937+00:00
00000006-0019-4000-8000-000000000000,completed,2026-06-27 14:24:46.808307+00:00,2026-06-27 14:24:46.950069+00:00
00000019-0019-4000-8000-000000000000,completed,2026-06-27 14:24:47.476125+00:00,2026-06-27 14:24:47.604980+00:00
00000018-0021-4000-8000-000000000000,completed,2026-06-27 14:24:50.346378+00:00,2026-06-27 14:24:50.476116+00:00
00000043-0022-4000-8000-000000000000,completed,2026-06-27 14:24:52.844631+00:00,2026-06-27 14:24:52.988660+00:00
00000044-0021-4000-8000-000000000000,completed,2026-06-27 14:24:51.106558+00:00,2026-06-27 14:24:51.245362+00:00
00000008-0022-4000-8000-000000000000,completed,2026-06-27 14:24:51.981283+00:00,2026-06-27 14:24:52.108115+00:00
00000029-0022-4000-8000-000000000000,completed,2026-06-27 14:24:52.228192+00:00,2026-06-27 14:24:52.373846+00:00
00000029-0024-4000-8000-000000000000,completed,2026-06-27 14:24:55.251999+00:00,2026-06-27 14:24:55.385417+00:00
00000026-0023-4000-8000-000000000000,completed,2026-06-27 14:24:53.697493+00:00,2026-06-27 14:24:53.821976+00:00
00000030-0024-4000-8000-000000000000,completed,2026-06-27 14:24:55.489494+00:00,2026-06-27 14:24:55.622937+00:00
00000006-0025-4000-8000-000000000000,completed,2026-06-27 14:24:56.191108+00:00,2026-06-27 14:24:56.338400+00:00
00000021-0025-4000-8000-000000000000,completed,2026-06-27 14:24:56.540394+00:00,2026-06-27 14:24:56.682687+00:00
00000010-0016-4000-8000-000000000000,completed,2026-06-27 14:24:41.618384+00:00,2026-06-27 14:24:41.757722+00:00
00000009-0013-4000-8000-000000000000,completed,2026-06-27 14:24:35.658667+00:00,2026-06-27 14:24:35.812919+00:00
00000005-0014-4000-8000-000000000000,completed,2026-06-27 14:24:37.453158+00:00,2026-06-27 14:24:37.613030+00:00
00000050-0020-4000-8000-000000000000,completed,2026-06-27 14:24:49.865527+00:00,2026-06-27 14:24:50.024170+00:00
00000034-0014-4000-8000-000000000000,completed,2026-06-27 14:24:38.564271+00:00,2026-06-27 14:24:38.724679+00:00
00000028-0016-4000-8000-000000000000,completed,2026-06-27 14:24:42.201643+00:00,2026-06-27 14:24:42.342095+00:00
00000031-0014-4000-8000-000000000000,completed,2026-06-27 14:24:39.033302+00:00,2026-06-27 14:24:39.185500+00:00
00000022-0015-4000-8000-000000000000,completed,2026-06-27 14:24:40.111617+00:00,2026-06-27 14:24:40.261076+00:00
00000046-0017-4000-8000-000000000000,completed,2026-06-27 14:24:44.779168+00:00,2026-06-27 14:24:44.913193+00:00
00000035-0015-4000-8000-000000000000,completed,2026-06-27 14:24:40.565981+00:00,2026-06-27 14:24:40.707327+00:00
00000027-0016-4000-8000-000000000000,completed,2026-06-27 14:24:42.494636+00:00,2026-06-27 14:24:42.637076+00:00
00000040-0015-4000-8000-000000000000,completed,2026-06-27 14:24:40.716529+00:00,2026-06-27 14:24:40.844671+00:00
00000041-0015-4000-8000-000000000000,completed,2026-06-27 14:24:40.867553+00:00,2026-06-27 14:24:41.006968+00:00
00000005-0016-4000-8000-000000000000,completed,2026-06-27 14:24:41.313600+00:00,2026-06-27 14:24:41.446999+00:00
00000050-0016-4000-8000-000000000000,completed,2026-06-27 14:24:43.073168+00:00,2026-06-27 14:24:43.210813+00:00
00000001-0016-4000-8000-000000000000,completed,2026-06-27 14:24:41.465576+00:00,2026-06-27 14:24:41.608965+00:00
00000040-0019-4000-8000-000000000000,completed,2026-06-27 14:24:47.778721+00:00,2026-06-27 14:24:47.927076+00:00
00000031-0018-4000-8000-000000000000,completed,2026-06-27 14:24:46.295410+00:00,2026-06-27 14:24:46.479323+00:00
00000002-0017-4000-8000-000000000000,completed,2026-06-27 14:24:43.218249+00:00,2026-06-27 14:24:43.358882+00:00
00000009-0017-4000-8000-000000000000,completed,2026-06-27 14:24:43.361493+00:00,2026-06-27 14:24:43.521886+00:00
00000041-0017-4000-8000-000000000000,completed,2026-06-27 14:24:44.500323+00:00,2026-06-27 14:24:44.645248+00:00
00000015-0019-4000-8000-000000000000,completed,2026-06-27 14:24:46.975559+00:00,2026-06-27 14:24:47.115975+00:00
00000017-0020-4000-8000-000000000000,completed,2026-06-27 14:24:48.698742+00:00,2026-06-27 14:24:48.851126+00:00
00000033-0019-4000-8000-000000000000,completed,2026-06-27 14:24:47.510500+00:00,2026-06-27 14:24:47.643800+00:00
00000045-0019-4000-8000-000000000000,completed,2026-06-27 14:24:48.041797+00:00,2026-06-27 14:24:48.199062+00:00
00000020-0020-4000-8000-000000000000,completed,2026-06-27 14:24:48.829435+00:00,2026-06-27 14:24:48.986223+00:00
00000023-0022-4000-8000-000000000000,completed,2026-06-27 14:24:52.143278+00:00,2026-06-27 14:24:52.295599+00:00
00000015-0021-4000-8000-000000000000,completed,2026-06-27 14:24:50.251770+00:00,2026-06-27 14:24:50.398624+00:00
00000020-0022-4000-8000-000000000000,completed,2026-06-27 14:24:52.013795+00:00,2026-06-27 14:24:52.164159+00:00
00000031-0022-4000-8000-000000000000,completed,2026-06-27 14:24:52.752678+00:00,2026-06-27 14:24:52.892094+00:00
00000041-0023-4000-8000-000000000000,completed,2026-06-27 14:24:54.210303+00:00,2026-06-27 14:24:54.338684+00:00
00000005-0027-4000-8000-000000000000,completed,2026-06-27 14:24:58.906410+00:00,2026-06-27 14:24:59.043835+00:00
00000023-0023-4000-8000-000000000000,completed,2026-06-27 14:24:53.669196+00:00,2026-06-27 14:24:53.802959+00:00
00000031-0023-4000-8000-000000000000,completed,2026-06-27 14:24:54.270916+00:00,2026-06-27 14:24:54.403412+00:00
00000010-0033-4000-8000-000000000000,completed,2026-06-27 14:25:07.085115+00:00,2026-06-27 14:25:07.246171+00:00
00000050-0023-4000-8000-000000000000,completed,2026-06-27 14:24:54.507960+00:00,2026-06-27 14:24:54.635586+00:00
00000023-0027-4000-8000-000000000000,completed,2026-06-27 14:24:59.465882+00:00,2026-06-27 14:24:59.628404+00:00
00000040-0024-4000-8000-000000000000,completed,2026-06-27 14:24:55.575940+00:00,2026-06-27 14:24:55.721660+00:00
00000028-0029-4000-8000-000000000000,completed,2026-06-27 14:25:02.300043+00:00,2026-06-27 14:25:02.440919+00:00
00000005-0025-4000-8000-000000000000,completed,2026-06-27 14:24:56.049190+00:00,2026-06-27 14:24:56.185972+00:00
00000009-0028-4000-8000-000000000000,completed,2026-06-27 14:25:00.459503+00:00,2026-06-27 14:25:00.596639+00:00
00000001-0025-4000-8000-000000000000,completed,2026-06-27 14:24:56.162858+00:00,2026-06-27 14:24:56.303139+00:00
00000010-0025-4000-8000-000000000000,completed,2026-06-27 14:24:56.279230+00:00,2026-06-27 14:24:56.438087+00:00
00000042-0025-4000-8000-000000000000,completed,2026-06-27 14:24:57.088584+00:00,2026-06-27 14:24:57.225037+00:00
00000022-0026-4000-8000-000000000000,completed,2026-06-27 14:24:58.002223+00:00,2026-06-27 14:24:58.179498+00:00
00000022-0028-4000-8000-000000000000,completed,2026-06-27 14:25:00.787558+00:00,2026-06-27 14:25:00.925249+00:00
00000005-0031-4000-8000-000000000000,completed,2026-06-27 14:25:04.309049+00:00,2026-06-27 14:25:04.453036+00:00
00000046-0026-4000-8000-000000000000,completed,2026-06-27 14:24:58.795069+00:00,2026-06-27 14:24:58.937202+00:00
00000033-0028-4000-8000-000000000000,completed,2026-06-27 14:25:01.007581+00:00,2026-06-27 14:25:01.174450+00:00
00000039-0028-4000-8000-000000000000,completed,2026-06-27 14:25:01.225126+00:00,2026-06-27 14:25:01.398868+00:00
00000025-0030-4000-8000-000000000000,completed,2026-06-27 14:25:03.575039+00:00,2026-06-27 14:25:03.741351+00:00
00000020-0029-4000-8000-000000000000,completed,2026-06-27 14:25:02.087978+00:00,2026-06-27 14:25:02.226807+00:00
00000033-0030-4000-8000-000000000000,completed,2026-06-27 14:25:03.680890+00:00,2026-06-27 14:25:03.836988+00:00
00000009-0032-4000-8000-000000000000,completed,2026-06-27 14:25:05.754922+00:00,2026-06-27 14:25:05.892859+00:00
00000039-0030-4000-8000-000000000000,completed,2026-06-27 14:25:03.891417+00:00,2026-06-27 14:25:04.050401+00:00
00000044-0031-4000-8000-000000000000,completed,2026-06-27 14:25:05.240810+00:00,2026-06-27 14:25:05.397004+00:00
00000038-0031-4000-8000-000000000000,completed,2026-06-27 14:25:05.345437+00:00,2026-06-27 14:25:05.474512+00:00
00000025-0032-4000-8000-000000000000,completed,2026-06-27 14:25:06.163824+00:00,2026-06-27 14:25:06.303732+00:00
00000033-0032-4000-8000-000000000000,completed,2026-06-27 14:25:06.265535+00:00,2026-06-27 14:25:06.420603+00:00
00000001-0033-4000-8000-000000000000,completed,2026-06-27 14:25:06.971714+00:00,2026-06-27 14:25:07.119537+00:00
00000023-0033-4000-8000-000000000000,completed,2026-06-27 14:25:07.374405+00:00,2026-06-27 14:25:07.511654+00:00
00000027-0033-4000-8000-000000000000,completed,2026-06-27 14:25:07.678039+00:00,2026-06-27 14:25:07.814918+00:00
00000014-0023-4000-8000-000000000000,completed,2026-06-27 14:24:54.239486+00:00,2026-06-27 14:24:54.373321+00:00
00000040-0028-4000-8000-000000000000,completed,2026-06-27 14:25:01.196535+00:00,2026-06-27 14:25:01.347747+00:00
00000024-0025-4000-8000-000000000000,completed,2026-06-27 14:24:56.597828+00:00,2026-06-27 14:24:56.740723+00:00
00000007-0027-4000-8000-000000000000,completed,2026-06-27 14:24:58.989520+00:00,2026-06-27 14:24:59.131541+00:00
00000041-0030-4000-8000-000000000000,completed,2026-06-27 14:25:03.969604+00:00,2026-06-27 14:25:04.110549+00:00
00000011-0027-4000-8000-000000000000,completed,2026-06-27 14:24:59.212956+00:00,2026-06-27 14:24:59.366554+00:00
00000041-0028-4000-8000-000000000000,completed,2026-06-27 14:25:01.306682+00:00,2026-06-27 14:25:01.448945+00:00
00000037-0028-4000-8000-000000000000,completed,2026-06-27 14:25:01.413752+00:00,2026-06-27 14:25:01.559122+00:00
00000042-0027-4000-8000-000000000000,completed,2026-06-27 14:24:59.879530+00:00,2026-06-27 14:25:00.044556+00:00
00000031-0027-4000-8000-000000000000,completed,2026-06-27 14:24:59.990650+00:00,2026-06-27 14:25:00.139916+00:00
00000043-0027-4000-8000-000000000000,completed,2026-06-27 14:25:00.101488+00:00,2026-06-27 14:25:00.261826+00:00
00000012-0029-4000-8000-000000000000,completed,2026-06-27 14:25:01.846576+00:00,2026-06-27 14:25:01.984000+00:00
00000006-0028-4000-8000-000000000000,completed,2026-06-27 14:25:00.431818+00:00,2026-06-27 14:25:00.597560+00:00
00000013-0028-4000-8000-000000000000,completed,2026-06-27 14:25:00.541068+00:00,2026-06-27 14:25:00.684118+00:00
00000026-0028-4000-8000-000000000000,completed,2026-06-27 14:25:00.869278+00:00,2026-06-27 14:25:01.007466+00:00
00000048-0030-4000-8000-000000000000,completed,2026-06-27 14:25:04.177878+00:00,2026-06-27 14:25:04.330757+00:00
00000029-0029-4000-8000-000000000000,completed,2026-06-27 14:25:02.274186+00:00,2026-06-27 14:25:02.406733+00:00
00000031-0029-4000-8000-000000000000,completed,2026-06-27 14:25:02.705018+00:00,2026-06-27 14:25:02.860781+00:00
00000043-0031-4000-8000-000000000000,completed,2026-06-27 14:25:05.420964+00:00,2026-06-27 14:25:05.552380+00:00
00000036-0030-4000-8000-000000000000,completed,2026-06-27 14:25:03.760157+00:00,2026-06-27 14:25:03.914152+00:00
00000024-0031-4000-8000-000000000000,completed,2026-06-27 14:25:04.802460+00:00,2026-06-27 14:25:04.935961+00:00
00000007-0031-4000-8000-000000000000,completed,2026-06-27 14:25:04.386151+00:00,2026-06-27 14:25:04.549997+00:00
00000012-0031-4000-8000-000000000000,completed,2026-06-27 14:25:04.490443+00:00,2026-06-27 14:25:04.659108+00:00
00000029-0031-4000-8000-000000000000,completed,2026-06-27 14:25:04.907369+00:00,2026-06-27 14:25:05.070946+00:00
00000030-0031-4000-8000-000000000000,completed,2026-06-27 14:25:05.111712+00:00,2026-06-27 14:25:05.266924+00:00
00000029-0033-4000-8000-000000000000,completed,2026-06-27 14:25:07.450157+00:00,2026-06-27 14:25:07.588945+00:00
00000040-0032-4000-8000-000000000000,completed,2026-06-27 14:25:06.443957+00:00,2026-06-27 14:25:06.596432+00:00
00000036-0034-4000-8000-000000000000,completed,2026-06-27 14:25:08.850085+00:00,2026-06-27 14:25:08.987051+00:00
00000048-0034-4000-8000-000000000000,completed,2026-06-27 14:25:09.249630+00:00,2026-06-27 14:25:09.410677+00:00
00000041-0034-4000-8000-000000000000,completed,2026-06-27 14:25:09.049550+00:00,2026-06-27 14:25:09.203378+00:00
00000037-0034-4000-8000-000000000000,completed,2026-06-27 14:25:09.150537+00:00,2026-06-27 14:25:09.293524+00:00
00000025-0027-4000-8000-000000000000,completed,2026-06-27 14:24:59.519891+00:00,2026-06-27 14:24:59.667763+00:00
00000010-0024-4000-8000-000000000000,completed,2026-06-27 14:24:54.806300+00:00,2026-06-27 14:24:54.937816+00:00
00000023-0024-4000-8000-000000000000,completed,2026-06-27 14:24:55.162000+00:00,2026-06-27 14:24:55.299690+00:00
00000025-0029-4000-8000-000000000000,completed,2026-06-27 14:25:02.249188+00:00,2026-06-27 14:25:02.390740+00:00
00000034-0024-4000-8000-000000000000,completed,2026-06-27 14:24:55.398651+00:00,2026-06-27 14:24:55.546457+00:00
00000035-0027-4000-8000-000000000000,completed,2026-06-27 14:24:59.743493+00:00,2026-06-27 14:24:59.921053+00:00
00000047-0024-4000-8000-000000000000,completed,2026-06-27 14:24:55.869365+00:00,2026-06-27 14:24:56.011013+00:00
00000033-0029-4000-8000-000000000000,completed,2026-06-27 14:25:02.362422+00:00,2026-06-27 14:25:02.520139+00:00
00000002-0025-4000-8000-000000000000,completed,2026-06-27 14:24:56.103981+00:00,2026-06-27 14:24:56.246395+00:00
00000009-0025-4000-8000-000000000000,completed,2026-06-27 14:24:56.221743+00:00,2026-06-27 14:24:56.370679+00:00
00000028-0028-4000-8000-000000000000,completed,2026-06-27 14:25:00.951252+00:00,2026-06-27 14:25:01.098541+00:00
00000040-0025-4000-8000-000000000000,completed,2026-06-27 14:24:57.030178+00:00,2026-06-27 14:24:57.191076+00:00
00000017-0026-4000-8000-000000000000,completed,2026-06-27 14:24:57.834624+00:00,2026-06-27 14:24:57.976851+00:00
00000044-0028-4000-8000-000000000000,completed,2026-06-27 14:25:01.277860+00:00,2026-06-27 14:25:01.432807+00:00
00000044-0026-4000-8000-000000000000,completed,2026-06-27 14:24:58.541752+00:00,2026-06-27 14:24:58.681931+00:00
00000038-0026-4000-8000-000000000000,completed,2026-06-27 14:24:58.657959+00:00,2026-06-27 14:24:58.787435+00:00
00000027-0030-4000-8000-000000000000,completed,2026-06-27 14:25:03.838319+00:00,2026-06-27 14:25:03.981757+00:00
00000045-0029-4000-8000-000000000000,completed,2026-06-27 14:25:02.789605+00:00,2026-06-27 14:25:02.933765+00:00
00000002-0029-4000-8000-000000000000,completed,2026-06-27 14:25:01.711975+00:00,2026-06-27 14:25:01.856621+00:00
00000015-0029-4000-8000-000000000000,completed,2026-06-27 14:25:01.928628+00:00,2026-06-27 14:25:02.071295+00:00
00000044-0030-4000-8000-000000000000,completed,2026-06-27 14:25:03.944610+00:00,2026-06-27 14:25:04.114298+00:00
00000005-0032-4000-8000-000000000000,completed,2026-06-27 14:25:05.600739+00:00,2026-06-27 14:25:05.788757+00:00
00000035-0031-4000-8000-000000000000,completed,2026-06-27 14:25:05.087775+00:00,2026-06-27 14:25:05.245585+00:00
00000034-0030-4000-8000-000000000000,completed,2026-06-27 14:25:03.734885+00:00,2026-06-27 14:25:03.880790+00:00
00000039-0031-4000-8000-000000000000,completed,2026-06-27 14:25:05.190803+00:00,2026-06-27 14:25:05.339324+00:00
00000033-0031-4000-8000-000000000000,completed,2026-06-27 14:25:04.982368+00:00,2026-06-27 14:25:05.147334+00:00
00000033-0033-4000-8000-000000000000,completed,2026-06-27 14:25:07.524801+00:00,2026-06-27 14:25:07.707380+00:00
00000038-0032-4000-8000-000000000000,completed,2026-06-27 14:25:06.620372+00:00,2026-06-27 14:25:06.761262+00:00
00000027-0032-4000-8000-000000000000,completed,2026-06-27 14:25:06.416194+00:00,2026-06-27 14:25:06.569365+00:00
00000025-0033-4000-8000-000000000000,completed,2026-06-27 14:25:07.424594+00:00,2026-06-27 14:25:07.582097+00:00
00000014-0033-4000-8000-000000000000,completed,2026-06-27 14:25:07.824553+00:00,2026-06-27 14:25:07.963859+00:00
00000026-0029-4000-8000-000000000000,completed,2026-06-27 14:25:02.220043+00:00,2026-06-27 14:25:02.369715+00:00
00000036-0025-4000-8000-000000000000,completed,2026-06-27 14:24:56.886220+00:00,2026-06-27 14:24:57.041004+00:00
00000007-0026-4000-8000-000000000000,completed,2026-06-27 14:24:57.574639+00:00,2026-06-27 14:24:57.726614+00:00
00000024-0032-4000-8000-000000000000,completed,2026-06-27 14:25:06.086163+00:00,2026-06-27 14:25:06.228581+00:00
00000007-0030-4000-8000-000000000000,completed,2026-06-27 14:25:03.073040+00:00,2026-06-27 14:25:03.234571+00:00
00000049-0026-4000-8000-000000000000,completed,2026-06-27 14:24:58.823005+00:00,2026-06-27 14:24:58.953703+00:00
00000004-0027-4000-8000-000000000000,completed,2026-06-27 14:24:58.935722+00:00,2026-06-27 14:24:59.094362+00:00
00000006-0027-4000-8000-000000000000,completed,2026-06-27 14:24:59.046001+00:00,2026-06-27 14:24:59.177355+00:00
00000029-0032-4000-8000-000000000000,completed,2026-06-27 14:25:06.188766+00:00,2026-06-27 14:25:06.322837+00:00
00000011-0030-4000-8000-000000000000,completed,2026-06-27 14:25:03.284974+00:00,2026-06-27 14:25:03.428101+00:00
00000026-0027-4000-8000-000000000000,completed,2026-06-27 14:24:59.493967+00:00,2026-06-27 14:24:59.664003+00:00
00000019-0027-4000-8000-000000000000,completed,2026-06-27 14:24:59.602997+00:00,2026-06-27 14:24:59.766329+00:00
00000041-0027-4000-8000-000000000000,completed,2026-06-27 14:24:59.937162+00:00,2026-06-27 14:25:00.097670+00:00
00000006-0031-4000-8000-000000000000,completed,2026-06-27 14:25:04.438312+00:00,2026-06-27 14:25:04.601025+00:00
00000049-0028-4000-8000-000000000000,completed,2026-06-27 14:25:01.575330+00:00,2026-06-27 14:25:01.753395+00:00
00000004-0029-4000-8000-000000000000,completed,2026-06-27 14:25:01.683313+00:00,2026-06-27 14:25:01.839122+00:00
00000021-0033-4000-8000-000000000000,completed,2026-06-27 14:25:07.300012+00:00,2026-06-27 14:25:07.451030+00:00
00000030-0032-4000-8000-000000000000,completed,2026-06-27 14:25:06.390434+00:00,2026-06-27 14:25:06.538257+00:00
00000026-0031-4000-8000-000000000000,completed,2026-06-27 14:25:04.853821+00:00,2026-06-27 14:25:04.993758+00:00
00000003-0032-4000-8000-000000000000,completed,2026-06-27 14:25:05.573787+00:00,2026-06-27 14:25:05.709610+00:00
00000026-0033-4000-8000-000000000000,completed,2026-06-27 14:25:07.399631+00:00,2026-06-27 14:25:07.552227+00:00
00000049-0032-4000-8000-000000000000,completed,2026-06-27 14:25:06.796651+00:00,2026-06-27 14:25:06.922648+00:00
00000021-0035-4000-8000-000000000000,completed,2026-06-27 14:25:09.801614+00:00,2026-06-27 14:25:09.966424+00:00
00000036-0033-4000-8000-000000000000,completed,2026-06-27 14:25:07.600206+00:00,2026-06-27 14:25:07.761181+00:00
00000004-0035-4000-8000-000000000000,completed,2026-06-27 14:25:09.400575+00:00,2026-06-27 14:25:09.571558+00:00
00000008-0034-4000-8000-000000000000,completed,2026-06-27 14:25:08.500660+00:00,2026-06-27 14:25:08.651507+00:00
00000006-0035-4000-8000-000000000000,completed,2026-06-27 14:25:09.500152+00:00,2026-06-27 14:25:09.648665+00:00
00000013-0035-4000-8000-000000000000,completed,2026-06-27 14:25:09.601198+00:00,2026-06-27 14:25:09.778719+00:00
00000007-0036-4000-8000-000000000000,completed,2026-06-27 14:25:10.708137+00:00,2026-06-27 14:25:10.849261+00:00
00000008-0036-4000-8000-000000000000,completed,2026-06-27 14:25:11.000926+00:00,2026-06-27 14:25:11.134385+00:00
00000049-0036-4000-8000-000000000000,completed,2026-06-27 14:25:11.799714+00:00,2026-06-27 14:25:11.936364+00:00
00000046-0036-4000-8000-000000000000,completed,2026-06-27 14:25:11.774679+00:00,2026-06-27 14:25:11.930619+00:00
00000038-0033-4000-8000-000000000000,completed,2026-06-27 14:25:07.875944+00:00,2026-06-27 14:25:08.022023+00:00
00000002-0034-4000-8000-000000000000,completed,2026-06-27 14:25:08.176271+00:00,2026-06-27 14:25:08.327669+00:00
00000035-0038-4000-8000-000000000000,completed,2026-06-27 14:25:13.876567+00:00,2026-06-27 14:25:14.023426+00:00
00000015-0034-4000-8000-000000000000,completed,2026-06-27 14:25:08.374607+00:00,2026-06-27 14:25:08.516627+00:00
00000001-0037-4000-8000-000000000000,completed,2026-06-27 14:25:11.973853+00:00,2026-06-27 14:25:12.112883+00:00
00000022-0034-4000-8000-000000000000,completed,2026-06-27 14:25:08.581663+00:00,2026-06-27 14:25:08.730636+00:00
00000039-0038-4000-8000-000000000000,completed,2026-06-27 14:25:13.973754+00:00,2026-06-27 14:25:14.124672+00:00
00000014-0034-4000-8000-000000000000,completed,2026-06-27 14:25:09.081351+00:00,2026-06-27 14:25:09.244830+00:00
00000017-0037-4000-8000-000000000000,completed,2026-06-27 14:25:12.173724+00:00,2026-06-27 14:25:12.320151+00:00
00000045-0034-4000-8000-000000000000,completed,2026-06-27 14:25:09.177630+00:00,2026-06-27 14:25:09.323237+00:00
00000046-0034-4000-8000-000000000000,completed,2026-06-27 14:25:09.274607+00:00,2026-06-27 14:25:09.431306+00:00
00000001-0035-4000-8000-000000000000,completed,2026-06-27 14:25:09.475962+00:00,2026-06-27 14:25:09.636229+00:00
00000017-0035-4000-8000-000000000000,completed,2026-06-27 14:25:09.675577+00:00,2026-06-27 14:25:09.816873+00:00
00000038-0037-4000-8000-000000000000,completed,2026-06-27 14:25:12.877902+00:00,2026-06-27 14:25:13.031846+00:00
00000039-0036-4000-8000-000000000000,completed,2026-06-27 14:25:11.474457+00:00,2026-06-27 14:25:11.614190+00:00
00000023-0039-4000-8000-000000000000,completed,2026-06-27 14:25:14.874190+00:00,2026-06-27 14:25:15.015889+00:00
00000046-0038-4000-8000-000000000000,completed,2026-06-27 14:25:14.275879+00:00,2026-06-27 14:25:14.436611+00:00
00000022-0038-4000-8000-000000000000,completed,2026-06-27 14:25:13.573793+00:00,2026-06-27 14:25:13.724622+00:00
00000025-0038-4000-8000-000000000000,completed,2026-06-27 14:25:13.676879+00:00,2026-06-27 14:25:13.828586+00:00
00000028-0039-4000-8000-000000000000,completed,2026-06-27 14:25:14.975172+00:00,2026-06-27 14:25:15.137735+00:00
00000028-0041-4000-8000-000000000000,completed,2026-06-27 14:25:17.475129+00:00,2026-06-27 14:25:17.609213+00:00
00000010-0039-4000-8000-000000000000,completed,2026-06-27 14:25:14.573361+00:00,2026-06-27 14:25:14.713964+00:00
00000022-0040-4000-8000-000000000000,completed,2026-06-27 14:25:16.075336+00:00,2026-06-27 14:25:16.216159+00:00
00000044-0039-4000-8000-000000000000,completed,2026-06-27 14:25:15.273296+00:00,2026-06-27 14:25:15.443622+00:00
00000015-0040-4000-8000-000000000000,completed,2026-06-27 14:25:15.874566+00:00,2026-06-27 14:25:16.004926+00:00
00000005-0041-4000-8000-000000000000,completed,2026-06-27 14:25:16.875235+00:00,2026-06-27 14:25:17.023983+00:00
00000023-0041-4000-8000-000000000000,completed,2026-06-27 14:25:17.373947+00:00,2026-06-27 14:25:17.527779+00:00
00000022-0042-4000-8000-000000000000,completed,2026-06-27 14:25:18.574242+00:00,2026-06-27 14:25:18.741677+00:00
00000015-0042-4000-8000-000000000000,completed,2026-06-27 14:25:18.373425+00:00,2026-06-27 14:25:18.514220+00:00
00000016-0042-4000-8000-000000000000,completed,2026-06-27 14:25:18.474760+00:00,2026-06-27 14:25:18.623827+00:00
00000050-0038-4000-8000-000000000000,completed,2026-06-27 14:25:14.324406+00:00,2026-06-27 14:25:14.490709+00:00
00000020-0034-4000-8000-000000000000,completed,2026-06-27 14:25:08.525037+00:00,2026-06-27 14:25:08.666010+00:00
00000044-0034-4000-8000-000000000000,completed,2026-06-27 14:25:09.025683+00:00,2026-06-27 14:25:09.177749+00:00
00000017-0040-4000-8000-000000000000,completed,2026-06-27 14:25:15.924894+00:00,2026-06-27 14:25:16.061946+00:00
00000015-0035-4000-8000-000000000000,completed,2026-06-27 14:25:09.623919+00:00,2026-06-27 14:25:09.758429+00:00
00000020-0036-4000-8000-000000000000,completed,2026-06-27 14:25:11.024713+00:00,2026-06-27 14:25:11.202520+00:00
00000020-0040-4000-8000-000000000000,completed,2026-06-27 14:25:16.026190+00:00,2026-06-27 14:25:16.159882+00:00
00000028-0036-4000-8000-000000000000,completed,2026-06-27 14:25:11.234760+00:00,2026-06-27 14:25:11.411962+00:00
00000015-0039-4000-8000-000000000000,completed,2026-06-27 14:25:14.623990+00:00,2026-06-27 14:25:14.761779+00:00
00000038-0036-4000-8000-000000000000,completed,2026-06-27 14:25:11.624950+00:00,2026-06-27 14:25:11.768429+00:00
00000016-0039-4000-8000-000000000000,completed,2026-06-27 14:25:14.724049+00:00,2026-06-27 14:25:14.869247+00:00
00000002-0037-4000-8000-000000000000,completed,2026-06-27 14:25:11.924101+00:00,2026-06-27 14:25:12.058905+00:00
00000035-0037-4000-8000-000000000000,completed,2026-06-27 14:25:12.624696+00:00,2026-06-27 14:25:12.794065+00:00
00000034-0038-4000-8000-000000000000,completed,2026-06-27 14:25:13.827289+00:00,2026-06-27 14:25:13.973754+00:00
00000033-0039-4000-8000-000000000000,completed,2026-06-27 14:25:15.025264+00:00,2026-06-27 14:25:15.166677+00:00
00000038-0038-4000-8000-000000000000,completed,2026-06-27 14:25:14.124050+00:00,2026-06-27 14:25:14.260490+00:00
00000027-0040-4000-8000-000000000000,completed,2026-06-27 14:25:16.423275+00:00,2026-06-27 14:25:16.562010+00:00
00000014-0039-4000-8000-000000000000,completed,2026-06-27 14:25:15.325008+00:00,2026-06-27 14:25:15.452865+00:00
00000005-0040-4000-8000-000000000000,completed,2026-06-27 14:25:15.624720+00:00,2026-06-27 14:25:15.762521+00:00
00000015-0043-4000-8000-000000000000,completed,2026-06-27 14:25:19.625948+00:00,2026-06-27 14:25:19.777689+00:00
00000009-0041-4000-8000-000000000000,completed,2026-06-27 14:25:17.023192+00:00,2026-06-27 14:25:17.185745+00:00
00000022-0043-4000-8000-000000000000,completed,2026-06-27 14:25:19.823555+00:00,2026-06-27 14:25:19.956200+00:00
00000025-0041-4000-8000-000000000000,completed,2026-06-27 14:25:17.435281+00:00,2026-06-27 14:25:17.568049+00:00
00000005-0046-4000-8000-000000000000,completed,2026-06-27 14:25:23.123153+00:00,2026-06-27 14:25:23.268989+00:00
00000005-0044-4000-8000-000000000000,completed,2026-06-27 14:25:20.630029+00:00,2026-06-27 14:25:20.758243+00:00
00000014-0045-4000-8000-000000000000,completed,2026-06-27 14:25:22.823697+00:00,2026-06-27 14:25:22.976241+00:00
00000045-0045-4000-8000-000000000000,completed,2026-06-27 14:25:22.924085+00:00,2026-06-27 14:25:23.069200+00:00
00000020-0046-4000-8000-000000000000,completed,2026-06-27 14:25:23.523805+00:00,2026-06-27 14:25:23.672677+00:00
00000044-0046-4000-8000-000000000000,completed,2026-06-27 14:25:24.023126+00:00,2026-06-27 14:25:24.193986+00:00
00000047-0046-4000-8000-000000000000,completed,2026-06-27 14:25:24.224170+00:00,2026-06-27 14:25:24.355560+00:00
00000017-0048-4000-8000-000000000000,completed,2026-06-27 14:25:25.924591+00:00,2026-06-27 14:25:26.077926+00:00
00000036-0038-4000-8000-000000000000,completed,2026-06-27 14:25:13.875531+00:00,2026-06-27 14:25:14.021840+00:00
00000032-0035-4000-8000-000000000000,completed,2026-06-27 14:25:10.051872+00:00,2026-06-27 14:25:10.205335+00:00
00000042-0035-4000-8000-000000000000,completed,2026-06-27 14:25:10.251415+00:00,2026-06-27 14:25:10.398475+00:00
00000043-0035-4000-8000-000000000000,completed,2026-06-27 14:25:10.449022+00:00,2026-06-27 14:25:10.604787+00:00
00000037-0038-4000-8000-000000000000,completed,2026-06-27 14:25:14.155360+00:00,2026-06-27 14:25:14.300614+00:00
00000004-0036-4000-8000-000000000000,completed,2026-06-27 14:25:10.650197+00:00,2026-06-27 14:25:10.801346+00:00
00000040-0040-4000-8000-000000000000,completed,2026-06-27 14:25:16.450891+00:00,2026-06-27 14:25:16.607270+00:00
00000036-0036-4000-8000-000000000000,completed,2026-06-27 14:25:11.348900+00:00,2026-06-27 14:25:11.518499+00:00
00000040-0036-4000-8000-000000000000,completed,2026-06-27 14:25:11.450716+00:00,2026-06-27 14:25:11.601124+00:00
00000011-0037-4000-8000-000000000000,completed,2026-06-27 14:25:12.149146+00:00,2026-06-27 14:25:12.287625+00:00
00000031-0037-4000-8000-000000000000,completed,2026-06-27 14:25:12.848812+00:00,2026-06-27 14:25:12.991339+00:00
00000003-0039-4000-8000-000000000000,completed,2026-06-27 14:25:14.349018+00:00,2026-06-27 14:25:14.489034+00:00
00000018-0038-4000-8000-000000000000,completed,2026-06-27 14:25:13.449039+00:00,2026-06-27 14:25:13.583774+00:00
00000007-0039-4000-8000-000000000000,completed,2026-06-27 14:25:14.449772+00:00,2026-06-27 14:25:14.590465+00:00
00000026-0038-4000-8000-000000000000,completed,2026-06-27 14:25:13.652647+00:00,2026-06-27 14:25:13.807446+00:00
00000003-0043-4000-8000-000000000000,completed,2026-06-27 14:25:19.349569+00:00,2026-06-27 14:25:19.481095+00:00
00000043-0041-4000-8000-000000000000,completed,2026-06-27 14:25:17.950276+00:00,2026-06-27 14:25:18.085915+00:00
00000042-0039-4000-8000-000000000000,completed,2026-06-27 14:25:15.248893+00:00,2026-06-27 14:25:15.408497+00:00
00000004-0040-4000-8000-000000000000,completed,2026-06-27 14:25:15.650444+00:00,2026-06-27 14:25:15.799257+00:00
00000021-0040-4000-8000-000000000000,completed,2026-06-27 14:25:16.049678+00:00,2026-06-27 14:25:16.190301+00:00
00000021-0044-4000-8000-000000000000,completed,2026-06-27 14:25:21.051436+00:00,2026-06-27 14:25:21.200088+00:00
00000040-0042-4000-8000-000000000000,completed,2026-06-27 14:25:18.948621+00:00,2026-06-27 14:25:19.104508+00:00
00000041-0042-4000-8000-000000000000,completed,2026-06-27 14:25:19.050600+00:00,2026-06-27 14:25:19.178897+00:00
00000049-0043-4000-8000-000000000000,completed,2026-06-27 14:25:20.549280+00:00,2026-06-27 14:25:20.702797+00:00
00000013-0044-4000-8000-000000000000,completed,2026-06-27 14:25:20.849272+00:00,2026-06-27 14:25:21.025298+00:00
00000008-0045-4000-8000-000000000000,completed,2026-06-27 14:25:22.250253+00:00,2026-06-27 14:25:22.401826+00:00
00000035-0044-4000-8000-000000000000,completed,2026-06-27 14:25:21.348846+00:00,2026-06-27 14:25:21.497002+00:00
00000031-0045-4000-8000-000000000000,completed,2026-06-27 14:25:22.850568+00:00,2026-06-27 14:25:22.988979+00:00
00000040-0046-4000-8000-000000000000,completed,2026-06-27 14:25:23.950574+00:00,2026-06-27 14:25:24.098878+00:00
00000008-0047-4000-8000-000000000000,completed,2026-06-27 14:25:24.751348+00:00,2026-06-27 14:25:24.921985+00:00
00000030-0047-4000-8000-000000000000,completed,2026-06-27 14:25:25.150576+00:00,2026-06-27 14:25:25.292662+00:00
00000012-0040-4000-8000-000000000000,completed,2026-06-27 14:25:15.800001+00:00,2026-06-27 14:25:15.960190+00:00
00000013-0037-4000-8000-000000000000,completed,2026-06-27 14:25:12.100065+00:00,2026-06-27 14:25:12.239096+00:00
00000026-0037-4000-8000-000000000000,completed,2026-06-27 14:25:12.400761+00:00,2026-06-27 14:25:12.568487+00:00
00000040-0045-4000-8000-000000000000,completed,2026-06-27 14:25:22.698679+00:00,2026-06-27 14:25:22.846432+00:00
00000030-0040-4000-8000-000000000000,completed,2026-06-27 14:25:16.400044+00:00,2026-06-27 14:25:16.531295+00:00
00000036-0037-4000-8000-000000000000,completed,2026-06-27 14:25:12.599159+00:00,2026-06-27 14:25:12.750457+00:00
00000040-0037-4000-8000-000000000000,completed,2026-06-27 14:25:12.699258+00:00,2026-06-27 14:25:12.844320+00:00
00000032-0042-4000-8000-000000000000,completed,2026-06-27 14:25:18.799377+00:00,2026-06-27 14:25:18.954483+00:00
00000037-0037-4000-8000-000000000000,completed,2026-06-27 14:25:12.899362+00:00,2026-06-27 14:25:13.026330+00:00
00000048-0037-4000-8000-000000000000,completed,2026-06-27 14:25:12.999680+00:00,2026-06-27 14:25:13.159413+00:00
00000024-0038-4000-8000-000000000000,completed,2026-06-27 14:25:13.599964+00:00,2026-06-27 14:25:13.733843+00:00
00000043-0040-4000-8000-000000000000,completed,2026-06-27 14:25:16.708305+00:00,2026-06-27 14:25:16.853418+00:00
00000029-0038-4000-8000-000000000000,completed,2026-06-27 14:25:13.698679+00:00,2026-06-27 14:25:13.866450+00:00
00000032-0038-4000-8000-000000000000,completed,2026-06-27 14:25:13.802491+00:00,2026-06-27 14:25:13.947579+00:00
00000030-0038-4000-8000-000000000000,completed,2026-06-27 14:25:13.899802+00:00,2026-06-27 14:25:14.048200+00:00
00000021-0043-4000-8000-000000000000,completed,2026-06-27 14:25:19.799018+00:00,2026-06-27 14:25:19.989540+00:00
00000043-0042-4000-8000-000000000000,completed,2026-06-27 14:25:19.199104+00:00,2026-06-27 14:25:19.348990+00:00
00000049-0040-4000-8000-000000000000,completed,2026-06-27 14:25:16.807676+00:00,2026-06-27 14:25:16.948622+00:00
00000004-0041-4000-8000-000000000000,completed,2026-06-27 14:25:16.898872+00:00,2026-06-27 14:25:17.029763+00:00
00000040-0041-4000-8000-000000000000,completed,2026-06-27 14:25:17.698347+00:00,2026-06-27 14:25:17.834248+00:00
00000003-0042-4000-8000-000000000000,completed,2026-06-27 14:25:18.099441+00:00,2026-06-27 14:25:18.251071+00:00
00000004-0043-4000-8000-000000000000,completed,2026-06-27 14:25:19.401708+00:00,2026-06-27 14:25:19.581854+00:00
00000013-0043-4000-8000-000000000000,completed,2026-06-27 14:25:19.599257+00:00,2026-06-27 14:25:19.745917+00:00
00000030-0044-4000-8000-000000000000,completed,2026-06-27 14:25:21.399287+00:00,2026-06-27 14:25:21.539063+00:00
00000003-0044-4000-8000-000000000000,completed,2026-06-27 14:25:20.602638+00:00,2026-06-27 14:25:20.775852+00:00
00000007-0044-4000-8000-000000000000,completed,2026-06-27 14:25:20.701166+00:00,2026-06-27 14:25:20.837883+00:00
00000011-0044-4000-8000-000000000000,completed,2026-06-27 14:25:20.904203+00:00,2026-06-27 14:25:21.042629+00:00
00000008-0044-4000-8000-000000000000,completed,2026-06-27 14:25:20.999432+00:00,2026-06-27 14:25:21.156492+00:00
00000006-0045-4000-8000-000000000000,completed,2026-06-27 14:25:22.000315+00:00,2026-06-27 14:25:22.140031+00:00
00000035-0045-4000-8000-000000000000,completed,2026-06-27 14:25:22.599589+00:00,2026-06-27 14:25:22.748558+00:00
00000011-0046-4000-8000-000000000000,completed,2026-06-27 14:25:23.398526+00:00,2026-06-27 14:25:23.540561+00:00
00000005-0047-4000-8000-000000000000,completed,2026-06-27 14:25:24.374615+00:00,2026-06-27 14:25:24.508311+00:00
00000036-0042-4000-8000-000000000000,completed,2026-06-27 14:25:18.876746+00:00,2026-06-27 14:25:19.017410+00:00
00000016-0050-4000-8000-000000000000,completed,2026-06-27 14:25:28.473674+00:00,2026-06-27 14:25:28.604306+00:00
00000023-0043-4000-8000-000000000000,completed,2026-06-27 14:25:19.873880+00:00,2026-06-27 14:25:20.005518+00:00
00000028-0043-4000-8000-000000000000,completed,2026-06-27 14:25:19.973875+00:00,2026-06-27 14:25:20.116900+00:00
00000027-0047-4000-8000-000000000000,completed,2026-06-27 14:25:25.175002+00:00,2026-06-27 14:25:25.308633+00:00
00000022-0044-4000-8000-000000000000,completed,2026-06-27 14:25:21.077291+00:00,2026-06-27 14:25:21.229131+00:00
00000036-0044-4000-8000-000000000000,completed,2026-06-27 14:25:21.374683+00:00,2026-06-27 14:25:21.526954+00:00
00000022-0050-4000-8000-000000000000,completed,2026-06-27 14:25:28.573628+00:00,2026-06-27 14:25:28.732228+00:00
00000014-0044-4000-8000-000000000000,completed,2026-06-27 14:25:21.574004+00:00,2026-06-27 14:25:21.720923+00:00
00000015-0048-4000-8000-000000000000,completed,2026-06-27 14:25:25.883245+00:00,2026-06-27 14:25:26.041108+00:00
00000038-0045-4000-8000-000000000000,completed,2026-06-27 14:25:22.874766+00:00,2026-06-27 14:25:23.026507+00:00
00000022-0046-4000-8000-000000000000,completed,2026-06-27 14:25:23.575294+00:00,2026-06-27 14:25:23.719139+00:00
00000022-0048-4000-8000-000000000000,completed,2026-06-27 14:25:26.074820+00:00,2026-06-27 14:25:26.212419+00:00
00000025-0046-4000-8000-000000000000,completed,2026-06-27 14:25:23.672825+00:00,2026-06-27 14:25:23.830215+00:00
00000033-0046-4000-8000-000000000000,completed,2026-06-27 14:25:23.774106+00:00,2026-06-27 14:25:23.934577+00:00
00000034-0051-4000-8000-000000000000,completed,2026-06-27 14:25:30.076891+00:00,2026-06-27 14:25:30.216594+00:00
00000033-0050-4000-8000-000000000000,completed,2026-06-27 14:25:28.773438+00:00,2026-06-27 14:25:28.920299+00:00
00000046-0048-4000-8000-000000000000,completed,2026-06-27 14:25:26.772910+00:00,2026-06-27 14:25:26.928410+00:00
00000010-0049-4000-8000-000000000000,completed,2026-06-27 14:25:27.075415+00:00,2026-06-27 14:25:27.215006+00:00
00000027-0051-4000-8000-000000000000,completed,2026-06-27 14:25:30.177439+00:00,2026-06-27 14:25:30.316287+00:00
00000016-0052-4000-8000-000000000000,completed,2026-06-27 14:25:30.973710+00:00,2026-06-27 14:25:31.124000+00:00
00000014-0050-4000-8000-000000000000,completed,2026-06-27 14:25:29.073895+00:00,2026-06-27 14:25:29.208161+00:00
00000036-0052-4000-8000-000000000000,completed,2026-06-27 14:25:31.372739+00:00,2026-06-27 14:25:31.515317+00:00
00000021-0060-4000-8000-000000000000,completed,2026-06-27 14:25:41.048669+00:00,2026-06-27 14:25:41.192897+00:00
00000050-0051-4000-8000-000000000000,completed,2026-06-27 14:25:30.575644+00:00,2026-06-27 14:25:30.740753+00:00
00000022-0061-4000-8000-000000000000,completed,2026-06-27 14:25:42.323849+00:00,2026-06-27 14:25:42.474068+00:00
00000011-0063-4000-8000-000000000000,completed,2026-06-27 14:25:44.647494+00:00,2026-06-27 14:25:44.796320+00:00
00000032-0063-4000-8000-000000000000,completed,2026-06-27 14:25:45.051037+00:00,2026-06-27 14:25:45.190021+00:00
00000043-0063-4000-8000-000000000000,completed,2026-06-27 14:25:45.449078+00:00,2026-06-27 14:25:45.586585+00:00
00000049-0063-4000-8000-000000000000,completed,2026-06-27 14:25:45.548932+00:00,2026-06-27 14:25:45.691291+00:00
00000029-0050-4000-8000-000000000000,completed,2026-06-27 14:25:28.698157+00:00,2026-06-27 14:25:28.890433+00:00
00000042-0046-4000-8000-000000000000,completed,2026-06-27 14:25:23.998089+00:00,2026-06-27 14:25:24.128191+00:00
00000021-0047-4000-8000-000000000000,completed,2026-06-27 14:25:24.800296+00:00,2026-06-27 14:25:24.936956+00:00
00000042-0052-4000-8000-000000000000,completed,2026-06-27 14:25:31.500215+00:00,2026-06-27 14:25:31.644011+00:00
00000019-0047-4000-8000-000000000000,completed,2026-06-27 14:25:24.998301+00:00,2026-06-27 14:25:25.157769+00:00
00000031-0050-4000-8000-000000000000,completed,2026-06-27 14:25:29.098997+00:00,2026-06-27 14:25:29.247036+00:00
00000040-0047-4000-8000-000000000000,completed,2026-06-27 14:25:25.198890+00:00,2026-06-27 14:25:25.349473+00:00
00000041-0047-4000-8000-000000000000,completed,2026-06-27 14:25:25.298634+00:00,2026-06-27 14:25:25.444451+00:00
00000003-0048-4000-8000-000000000000,completed,2026-06-27 14:25:25.599305+00:00,2026-06-27 14:25:25.745981+00:00
00000021-0051-4000-8000-000000000000,completed,2026-06-27 14:25:29.799749+00:00,2026-06-27 14:25:29.955365+00:00
00000042-0048-4000-8000-000000000000,completed,2026-06-27 14:25:26.497993+00:00,2026-06-27 14:25:26.657704+00:00
00000049-0048-4000-8000-000000000000,completed,2026-06-27 14:25:26.798780+00:00,2026-06-27 14:25:26.942812+00:00
00000022-0054-4000-8000-000000000000,completed,2026-06-27 14:25:33.573878+00:00,2026-06-27 14:25:33.713809+00:00
00000026-0049-4000-8000-000000000000,completed,2026-06-27 14:25:27.399427+00:00,2026-06-27 14:25:27.536897+00:00
00000037-0051-4000-8000-000000000000,completed,2026-06-27 14:25:30.403055+00:00,2026-06-27 14:25:30.557279+00:00
00000008-0050-4000-8000-000000000000,completed,2026-06-27 14:25:28.497901+00:00,2026-06-27 14:25:28.647771+00:00
00000029-0060-4000-8000-000000000000,completed,2026-06-27 14:25:41.198381+00:00,2026-06-27 14:25:41.363786+00:00
00000010-0062-4000-8000-000000000000,completed,2026-06-27 14:25:43.325939+00:00,2026-06-27 14:25:43.459742+00:00
00000042-0060-4000-8000-000000000000,completed,2026-06-27 14:25:41.497802+00:00,2026-06-27 14:25:41.638076+00:00
00000026-0061-4000-8000-000000000000,completed,2026-06-27 14:25:42.398141+00:00,2026-06-27 14:25:42.536495+00:00
00000020-0063-4000-8000-000000000000,completed,2026-06-27 14:25:44.780982+00:00,2026-06-27 14:25:44.928682+00:00
00000046-0061-4000-8000-000000000000,completed,2026-06-27 14:25:43.025353+00:00,2026-06-27 14:25:43.162314+00:00
00000008-0062-4000-8000-000000000000,completed,2026-06-27 14:25:43.497233+00:00,2026-06-27 14:25:43.649001+00:00
00000021-0063-4000-8000-000000000000,completed,2026-06-27 14:25:44.800112+00:00,2026-06-27 14:25:44.946832+00:00
00000050-0062-4000-8000-000000000000,completed,2026-06-27 14:25:44.323455+00:00,2026-06-27 14:25:44.473652+00:00
00000040-0063-4000-8000-000000000000,completed,2026-06-27 14:25:45.199916+00:00,2026-06-27 14:25:45.357746+00:00
00000044-0063-4000-8000-000000000000,completed,2026-06-27 14:25:45.273912+00:00,2026-06-27 14:25:45.421773+00:00
00000035-0063-4000-8000-000000000000,completed,2026-06-27 14:25:45.097990+00:00,2026-06-27 14:25:45.236526+00:00
00000036-0063-4000-8000-000000000000,completed,2026-06-27 14:25:45.128000+00:00,2026-06-27 14:25:45.265837+00:00
00000048-0063-4000-8000-000000000000,completed,2026-06-27 14:25:45.499602+00:00,2026-06-27 14:25:45.647851+00:00
00000009-0064-4000-8000-000000000000,completed,2026-06-27 14:25:45.773434+00:00,2026-06-27 14:25:45.939255+00:00
00000031-0047-4000-8000-000000000000,completed,2026-06-27 14:25:25.347860+00:00,2026-06-27 14:25:25.498426+00:00
00000007-0060-4000-8000-000000000000,completed,2026-06-27 14:25:40.697687+00:00,2026-06-27 14:25:40.849143+00:00
00000013-0048-4000-8000-000000000000,completed,2026-06-27 14:25:25.853491+00:00,2026-06-27 14:25:25.989906+00:00
00000026-0048-4000-8000-000000000000,completed,2026-06-27 14:25:26.147258+00:00,2026-06-27 14:25:26.304117+00:00
00000021-0055-4000-8000-000000000000,completed,2026-06-27 14:25:34.800402+00:00,2026-06-27 14:25:34.943959+00:00
00000040-0048-4000-8000-000000000000,completed,2026-06-27 14:25:26.448933+00:00,2026-06-27 14:25:26.597797+00:00
00000049-0052-4000-8000-000000000000,completed,2026-06-27 14:25:31.798850+00:00,2026-06-27 14:25:31.941115+00:00
00000037-0048-4000-8000-000000000000,completed,2026-06-27 14:25:26.650101+00:00,2026-06-27 14:25:26.794500+00:00
00000004-0053-4000-8000-000000000000,completed,2026-06-27 14:25:31.898355+00:00,2026-06-27 14:25:32.038520+00:00
00000030-0049-4000-8000-000000000000,completed,2026-06-27 14:25:27.649418+00:00,2026-06-27 14:25:27.796768+00:00
00000026-0050-4000-8000-000000000000,completed,2026-06-27 14:25:28.648971+00:00,2026-06-27 14:25:28.795791+00:00
00000021-0053-4000-8000-000000000000,completed,2026-06-27 14:25:32.298222+00:00,2026-06-27 14:25:32.428537+00:00
00000029-0051-4000-8000-000000000000,completed,2026-06-27 14:25:29.949238+00:00,2026-06-27 14:25:30.083828+00:00
00000032-0051-4000-8000-000000000000,completed,2026-06-27 14:25:30.048722+00:00,2026-06-27 14:25:30.190770+00:00
00000043-0051-4000-8000-000000000000,completed,2026-06-27 14:25:30.448119+00:00,2026-06-27 14:25:30.590215+00:00
00000021-0057-4000-8000-000000000000,completed,2026-06-27 14:25:37.297357+00:00,2026-06-27 14:25:37.461234+00:00
00000003-0054-4000-8000-000000000000,completed,2026-06-27 14:25:33.098001+00:00,2026-06-27 14:25:33.239124+00:00
00000041-0055-4000-8000-000000000000,completed,2026-06-27 14:25:35.298253+00:00,2026-06-27 14:25:35.443255+00:00
00000032-0054-4000-8000-000000000000,completed,2026-06-27 14:25:33.798521+00:00,2026-06-27 14:25:33.945706+00:00
00000043-0054-4000-8000-000000000000,completed,2026-06-27 14:25:34.198922+00:00,2026-06-27 14:25:34.351237+00:00
00000013-0055-4000-8000-000000000000,completed,2026-06-27 14:25:34.598443+00:00,2026-06-27 14:25:34.739214+00:00
00000024-0056-4000-8000-000000000000,completed,2026-06-27 14:25:36.098389+00:00,2026-06-27 14:25:36.229490+00:00
00000042-0058-4000-8000-000000000000,completed,2026-06-27 14:25:38.999318+00:00,2026-06-27 14:25:39.148686+00:00
00000006-0057-4000-8000-000000000000,completed,2026-06-27 14:25:36.998391+00:00,2026-06-27 14:25:37.150919+00:00
00000019-0057-4000-8000-000000000000,completed,2026-06-27 14:25:37.497570+00:00,2026-06-27 14:25:37.644326+00:00
00000012-0058-4000-8000-000000000000,completed,2026-06-27 14:25:38.298739+00:00,2026-06-27 14:25:38.464427+00:00
00000037-0059-4000-8000-000000000000,completed,2026-06-27 14:25:40.399357+00:00,2026-06-27 14:25:40.539590+00:00
00000026-0059-4000-8000-000000000000,completed,2026-06-27 14:25:39.899424+00:00,2026-06-27 14:25:40.056591+00:00
00000019-0059-4000-8000-000000000000,completed,2026-06-27 14:25:39.998057+00:00,2026-06-27 14:25:40.149499+00:00
00000003-0060-4000-8000-000000000000,completed,2026-06-27 14:25:40.601885+00:00,2026-06-27 14:25:40.745495+00:00
00000008-0060-4000-8000-000000000000,completed,2026-06-27 14:25:41.000298+00:00,2026-06-27 14:25:41.143464+00:00
00000020-0052-4000-8000-000000000000,completed,2026-06-27 14:25:31.023412+00:00,2026-06-27 14:25:31.159387+00:00
00000028-0048-4000-8000-000000000000,completed,2026-06-27 14:25:26.225064+00:00,2026-06-27 14:25:26.364545+00:00
00000038-0048-4000-8000-000000000000,completed,2026-06-27 14:25:26.623810+00:00,2026-06-27 14:25:26.766052+00:00
00000002-0056-4000-8000-000000000000,completed,2026-06-27 14:25:35.673575+00:00,2026-06-27 14:25:35.837977+00:00
00000050-0048-4000-8000-000000000000,completed,2026-06-27 14:25:26.823979+00:00,2026-06-27 14:25:26.960609+00:00
00000009-0049-4000-8000-000000000000,completed,2026-06-27 14:25:27.023990+00:00,2026-06-27 14:25:27.174678+00:00
00000020-0055-4000-8000-000000000000,completed,2026-06-27 14:25:34.774281+00:00,2026-06-27 14:25:34.925706+00:00
00000025-0049-4000-8000-000000000000,completed,2026-06-27 14:25:27.422898+00:00,2026-06-27 14:25:27.558456+00:00
00000033-0049-4000-8000-000000000000,completed,2026-06-27 14:25:27.523964+00:00,2026-06-27 14:25:27.667407+00:00
00000023-0055-4000-8000-000000000000,completed,2026-06-27 14:25:34.872361+00:00,2026-06-27 14:25:35.025025+00:00
00000045-0049-4000-8000-000000000000,completed,2026-06-27 14:25:27.923843+00:00,2026-06-27 14:25:28.058582+00:00
00000001-0050-4000-8000-000000000000,completed,2026-06-27 14:25:28.223835+00:00,2026-06-27 14:25:28.365415+00:00
00000036-0062-4000-8000-000000000000,completed,2026-06-27 14:25:43.872154+00:00,2026-06-27 14:25:44.006910+00:00
00000036-0051-4000-8000-000000000000,completed,2026-06-27 14:25:30.124852+00:00,2026-06-27 14:25:30.273199+00:00
00000046-0051-4000-8000-000000000000,completed,2026-06-27 14:25:30.522729+00:00,2026-06-27 14:25:30.667569+00:00
00000009-0056-4000-8000-000000000000,completed,2026-06-27 14:25:35.772624+00:00,2026-06-27 14:25:35.921729+00:00
00000015-0056-4000-8000-000000000000,completed,2026-06-27 14:25:35.872921+00:00,2026-06-27 14:25:36.011267+00:00
00000038-0055-4000-8000-000000000000,completed,2026-06-27 14:25:35.373216+00:00,2026-06-27 14:25:35.509632+00:00
00000047-0055-4000-8000-000000000000,completed,2026-06-27 14:25:35.473527+00:00,2026-06-27 14:25:35.614068+00:00
00000027-0059-4000-8000-000000000000,completed,2026-06-27 14:25:40.173126+00:00,2026-06-27 14:25:40.338222+00:00
00000050-0055-4000-8000-000000000000,completed,2026-06-27 14:25:35.575338+00:00,2026-06-27 14:25:35.714080+00:00
00000006-0062-4000-8000-000000000000,completed,2026-06-27 14:25:43.250725+00:00,2026-06-27 14:25:43.417280+00:00
00000033-0058-4000-8000-000000000000,completed,2026-06-27 14:25:38.777041+00:00,2026-06-27 14:25:38.921398+00:00
00000002-0060-4000-8000-000000000000,completed,2026-06-27 14:25:40.672148+00:00,2026-06-27 14:25:40.822717+00:00
00000005-0059-4000-8000-000000000000,completed,2026-06-27 14:25:39.373364+00:00,2026-06-27 14:25:39.504488+00:00
00000026-0060-4000-8000-000000000000,completed,2026-06-27 14:25:41.147979+00:00,2026-06-27 14:25:41.329394+00:00
00000016-0062-4000-8000-000000000000,completed,2026-06-27 14:25:43.473196+00:00,2026-06-27 14:25:43.615171+00:00
00000009-0062-4000-8000-000000000000,completed,2026-06-27 14:25:43.276513+00:00,2026-06-27 14:25:43.425876+00:00
00000019-0062-4000-8000-000000000000,completed,2026-06-27 14:25:43.748333+00:00,2026-06-27 14:25:43.878400+00:00
00000005-0063-4000-8000-000000000000,completed,2026-06-27 14:25:44.373801+00:00,2026-06-27 14:25:44.532592+00:00
00000012-0063-4000-8000-000000000000,completed,2026-06-27 14:25:44.545252+00:00,2026-06-27 14:25:44.681845+00:00
00000020-0068-4000-8000-000000000000,completed,2026-06-27 14:25:51.025981+00:00,2026-06-27 14:25:51.175333+00:00
00000010-0064-4000-8000-000000000000,completed,2026-06-27 14:25:45.823007+00:00,2026-06-27 14:25:45.977149+00:00
00000017-0064-4000-8000-000000000000,completed,2026-06-27 14:25:45.923254+00:00,2026-06-27 14:25:46.095918+00:00
00000023-0068-4000-8000-000000000000,completed,2026-06-27 14:25:51.122952+00:00,2026-06-27 14:25:51.270076+00:00
00000028-0064-4000-8000-000000000000,completed,2026-06-27 14:25:46.225391+00:00,2026-06-27 14:25:46.374687+00:00
00000047-0064-4000-8000-000000000000,completed,2026-06-27 14:25:46.724306+00:00,2026-06-27 14:25:46.862042+00:00
00000028-0070-4000-8000-000000000000,completed,2026-06-27 14:25:53.724369+00:00,2026-06-27 14:25:53.879720+00:00
00000039-0065-4000-8000-000000000000,completed,2026-06-27 14:25:47.727439+00:00,2026-06-27 14:25:47.880516+00:00
00000044-0068-4000-8000-000000000000,completed,2026-06-27 14:25:51.523251+00:00,2026-06-27 14:25:51.676536+00:00
00000017-0066-4000-8000-000000000000,completed,2026-06-27 14:25:48.422286+00:00,2026-06-27 14:25:48.555497+00:00
00000023-0066-4000-8000-000000000000,completed,2026-06-27 14:25:48.622836+00:00,2026-06-27 14:25:48.750763+00:00
00000044-0066-4000-8000-000000000000,completed,2026-06-27 14:25:49.022409+00:00,2026-06-27 14:25:49.159775+00:00
00000047-0068-4000-8000-000000000000,completed,2026-06-27 14:25:51.724654+00:00,2026-06-27 14:25:51.867960+00:00
00000015-0067-4000-8000-000000000000,completed,2026-06-27 14:25:49.623627+00:00,2026-06-27 14:25:49.791493+00:00
00000014-0067-4000-8000-000000000000,completed,2026-06-27 14:25:50.323374+00:00,2026-06-27 14:25:50.460611+00:00
00000046-0071-4000-8000-000000000000,completed,2026-06-27 14:25:55.523087+00:00,2026-06-27 14:25:55.690760+00:00
00000038-0070-4000-8000-000000000000,completed,2026-06-27 14:25:54.123938+00:00,2026-06-27 14:25:54.303823+00:00
00000002-0069-4000-8000-000000000000,completed,2026-06-27 14:25:51.923467+00:00,2026-06-27 14:25:52.069834+00:00
00000009-0069-4000-8000-000000000000,completed,2026-06-27 14:25:52.022863+00:00,2026-06-27 14:25:52.188769+00:00
00000036-0069-4000-8000-000000000000,completed,2026-06-27 14:25:52.626311+00:00,2026-06-27 14:25:52.785827+00:00
00000016-0071-4000-8000-000000000000,completed,2026-06-27 14:25:54.723646+00:00,2026-06-27 14:25:54.874460+00:00
00000034-0074-4000-8000-000000000000,completed,2026-06-27 14:25:58.825356+00:00,2026-06-27 14:25:58.984733+00:00
00000036-0071-4000-8000-000000000000,completed,2026-06-27 14:25:55.122954+00:00,2026-06-27 14:25:55.258826+00:00
00000017-0072-4000-8000-000000000000,completed,2026-06-27 14:25:55.922941+00:00,2026-06-27 14:25:56.060197+00:00
00000028-0072-4000-8000-000000000000,completed,2026-06-27 14:25:56.222438+00:00,2026-06-27 14:25:56.372232+00:00
00000015-0075-4000-8000-000000000000,completed,2026-06-27 14:25:59.625020+00:00,2026-06-27 14:25:59.772868+00:00
00000050-0074-4000-8000-000000000000,completed,2026-06-27 14:25:59.322485+00:00,2026-06-27 14:25:59.472894+00:00
00000036-0075-4000-8000-000000000000,completed,2026-06-27 14:26:00.128416+00:00,2026-06-27 14:26:00.283872+00:00
00000014-0075-4000-8000-000000000000,completed,2026-06-27 14:26:00.324051+00:00,2026-06-27 14:26:00.464866+00:00
00000038-0076-4000-8000-000000000000,completed,2026-06-27 14:26:01.625884+00:00,2026-06-27 14:26:01.793644+00:00
00000014-0077-4000-8000-000000000000,completed,2026-06-27 14:26:02.823343+00:00,2026-06-27 14:26:03.002639+00:00
00000019-0071-4000-8000-000000000000,completed,2026-06-27 14:25:54.999540+00:00,2026-06-27 14:25:55.135016+00:00
00000024-0064-4000-8000-000000000000,completed,2026-06-27 14:25:46.098836+00:00,2026-06-27 14:25:46.240868+00:00
00000004-0065-4000-8000-000000000000,completed,2026-06-27 14:25:46.898195+00:00,2026-06-27 14:25:47.034189+00:00
00000049-0076-4000-8000-000000000000,completed,2026-06-27 14:26:01.800240+00:00,2026-06-27 14:26:01.949325+00:00
00000018-0065-4000-8000-000000000000,completed,2026-06-27 14:25:47.198979+00:00,2026-06-27 14:25:47.327719+00:00
00000040-0071-4000-8000-000000000000,completed,2026-06-27 14:25:55.197722+00:00,2026-06-27 14:25:55.333655+00:00
00000030-0066-4000-8000-000000000000,completed,2026-06-27 14:25:48.898511+00:00,2026-06-27 14:25:49.031939+00:00
00000004-0069-4000-8000-000000000000,completed,2026-06-27 14:25:51.899237+00:00,2026-06-27 14:25:52.036810+00:00
00000007-0074-4000-8000-000000000000,completed,2026-06-27 14:25:58.196969+00:00,2026-06-27 14:25:58.349785+00:00
00000021-0069-4000-8000-000000000000,completed,2026-06-27 14:25:52.301386+00:00,2026-06-27 14:25:52.446551+00:00
00000012-0072-4000-8000-000000000000,completed,2026-06-27 14:25:55.801473+00:00,2026-06-27 14:25:55.943346+00:00
00000035-0069-4000-8000-000000000000,completed,2026-06-27 14:25:52.610927+00:00,2026-06-27 14:25:52.753350+00:00
00000037-0069-4000-8000-000000000000,completed,2026-06-27 14:25:52.900259+00:00,2026-06-27 14:25:53.048228+00:00
00000011-0070-4000-8000-000000000000,completed,2026-06-27 14:25:53.402150+00:00,2026-06-27 14:25:53.535147+00:00
00000031-0072-4000-8000-000000000000,completed,2026-06-27 14:25:56.596870+00:00,2026-06-27 14:25:56.743180+00:00
00000021-0071-4000-8000-000000000000,completed,2026-06-27 14:25:54.802078+00:00,2026-06-27 14:25:54.938272+00:00
00000041-0075-4000-8000-000000000000,completed,2026-06-27 14:26:00.297197+00:00,2026-06-27 14:26:00.483666+00:00
00000043-0074-4000-8000-000000000000,completed,2026-06-27 14:25:59.198641+00:00,2026-06-27 14:25:59.365810+00:00
00000004-0073-4000-8000-000000000000,completed,2026-06-27 14:25:56.898317+00:00,2026-06-27 14:25:57.033876+00:00
00000013-0073-4000-8000-000000000000,completed,2026-06-27 14:25:57.098668+00:00,2026-06-27 14:25:57.247329+00:00
00000019-0073-4000-8000-000000000000,completed,2026-06-27 14:25:57.497875+00:00,2026-06-27 14:25:57.652368+00:00
00000013-0075-4000-8000-000000000000,completed,2026-06-27 14:25:59.601857+00:00,2026-06-27 14:25:59.764153+00:00
00000026-0075-4000-8000-000000000000,completed,2026-06-27 14:25:59.897070+00:00,2026-06-27 14:26:00.052576+00:00
00000012-0076-4000-8000-000000000000,completed,2026-06-27 14:26:00.799859+00:00,2026-06-27 14:26:00.970313+00:00
00000011-0076-4000-8000-000000000000,completed,2026-06-27 14:26:00.900543+00:00,2026-06-27 14:26:01.042862+00:00
00000024-0076-4000-8000-000000000000,completed,2026-06-27 14:26:01.100131+00:00,2026-06-27 14:26:01.284088+00:00
00000029-0076-4000-8000-000000000000,completed,2026-06-27 14:26:01.200292+00:00,2026-06-27 14:26:01.351386+00:00
00000033-0076-4000-8000-000000000000,completed,2026-06-27 14:26:01.298571+00:00,2026-06-27 14:26:01.447524+00:00
00000043-0076-4000-8000-000000000000,completed,2026-06-27 14:26:01.699261+00:00,2026-06-27 14:26:01.857715+00:00
00000040-0077-4000-8000-000000000000,completed,2026-06-27 14:26:02.697123+00:00,2026-06-27 14:26:02.856998+00:00
00000007-0078-4000-8000-000000000000,completed,2026-06-27 14:26:03.199581+00:00,2026-06-27 14:26:03.331990+00:00
00000004-0066-4000-8000-000000000000,completed,2026-06-27 14:25:48.150309+00:00,2026-06-27 14:25:48.302259+00:00
00000026-0064-4000-8000-000000000000,completed,2026-06-27 14:25:46.161529+00:00,2026-06-27 14:25:46.298637+00:00
00000011-0069-4000-8000-000000000000,completed,2026-06-27 14:25:52.149127+00:00,2026-06-27 14:25:52.296543+00:00
00000019-0064-4000-8000-000000000000,completed,2026-06-27 14:25:46.249964+00:00,2026-06-27 14:25:46.400132+00:00
00000035-0064-4000-8000-000000000000,completed,2026-06-27 14:25:46.349409+00:00,2026-06-27 14:25:46.487737+00:00
00000018-0066-4000-8000-000000000000,completed,2026-06-27 14:25:48.448026+00:00,2026-06-27 14:25:48.585918+00:00
00000003-0065-4000-8000-000000000000,completed,2026-06-27 14:25:46.848125+00:00,2026-06-27 14:25:46.997466+00:00
00000008-0069-4000-8000-000000000000,completed,2026-06-27 14:25:52.246760+00:00,2026-06-27 14:25:52.383931+00:00
00000012-0065-4000-8000-000000000000,completed,2026-06-27 14:25:47.048841+00:00,2026-06-27 14:25:47.182914+00:00
00000007-0067-4000-8000-000000000000,completed,2026-06-27 14:25:49.451022+00:00,2026-06-27 14:25:49.604580+00:00
00000011-0065-4000-8000-000000000000,completed,2026-06-27 14:25:47.149198+00:00,2026-06-27 14:25:47.285143+00:00
00000008-0065-4000-8000-000000000000,completed,2026-06-27 14:25:47.249332+00:00,2026-06-27 14:25:47.402008+00:00
00000029-0065-4000-8000-000000000000,completed,2026-06-27 14:25:47.452205+00:00,2026-06-27 14:25:47.593978+00:00
00000032-0065-4000-8000-000000000000,completed,2026-06-27 14:25:47.550894+00:00,2026-06-27 14:25:47.697602+00:00
00000011-0067-4000-8000-000000000000,completed,2026-06-27 14:25:49.647405+00:00,2026-06-27 14:25:49.813161+00:00
00000043-0065-4000-8000-000000000000,completed,2026-06-27 14:25:47.949821+00:00,2026-06-27 14:25:48.084506+00:00
00000018-0070-4000-8000-000000000000,completed,2026-06-27 14:25:53.449481+00:00,2026-06-27 14:25:53.602233+00:00
00000042-0069-4000-8000-000000000000,completed,2026-06-27 14:25:52.750121+00:00,2026-06-27 14:25:52.887538+00:00
00000043-0067-4000-8000-000000000000,completed,2026-06-27 14:25:50.447987+00:00,2026-06-27 14:25:50.574211+00:00
00000004-0068-4000-8000-000000000000,completed,2026-06-27 14:25:50.647180+00:00,2026-06-27 14:25:50.794495+00:00
00000021-0070-4000-8000-000000000000,completed,2026-06-27 14:25:53.550721+00:00,2026-06-27 14:25:53.697604+00:00
00000029-0071-4000-8000-000000000000,completed,2026-06-27 14:25:54.947148+00:00,2026-06-27 14:25:55.090948+00:00
00000013-0070-4000-8000-000000000000,completed,2026-06-27 14:25:53.351918+00:00,2026-06-27 14:25:53.509974+00:00
00000041-0070-4000-8000-000000000000,completed,2026-06-27 14:25:54.049002+00:00,2026-06-27 14:25:54.205638+00:00
00000030-0071-4000-8000-000000000000,completed,2026-06-27 14:25:55.147388+00:00,2026-06-27 14:25:55.305197+00:00
00000043-0071-4000-8000-000000000000,completed,2026-06-27 14:25:55.447100+00:00,2026-06-27 14:25:55.585700+00:00
00000033-0071-4000-8000-000000000000,completed,2026-06-27 14:25:55.046857+00:00,2026-06-27 14:25:55.194721+00:00
00000042-0071-4000-8000-000000000000,completed,2026-06-27 14:25:55.248803+00:00,2026-06-27 14:25:55.389386+00:00
00000004-0072-4000-8000-000000000000,completed,2026-06-27 14:25:55.647965+00:00,2026-06-27 14:25:55.814489+00:00
00000018-0072-4000-8000-000000000000,completed,2026-06-27 14:25:55.947324+00:00,2026-06-27 14:25:56.102270+00:00
00000035-0072-4000-8000-000000000000,completed,2026-06-27 14:25:56.348204+00:00,2026-06-27 14:25:56.525028+00:00
00000046-0074-4000-8000-000000000000,completed,2026-06-27 14:25:59.272550+00:00,2026-06-27 14:25:59.414476+00:00
00000047-0069-4000-8000-000000000000,completed,2026-06-27 14:25:52.976884+00:00,2026-06-27 14:25:53.134314+00:00
00000001-0065-4000-8000-000000000000,completed,2026-06-27 14:25:46.974001+00:00,2026-06-27 14:25:47.105351+00:00
00000010-0065-4000-8000-000000000000,completed,2026-06-27 14:25:47.073094+00:00,2026-06-27 14:25:47.213032+00:00
00000050-0069-4000-8000-000000000000,completed,2026-06-27 14:25:53.075440+00:00,2026-06-27 14:25:53.220070+00:00
00000009-0066-4000-8000-000000000000,completed,2026-06-27 14:25:48.272597+00:00,2026-06-27 14:25:48.410514+00:00
00000036-0066-4000-8000-000000000000,completed,2026-06-27 14:25:48.883339+00:00,2026-06-27 14:25:49.023888+00:00
00000009-0072-4000-8000-000000000000,completed,2026-06-27 14:25:55.773057+00:00,2026-06-27 14:25:55.931655+00:00
00000044-0067-4000-8000-000000000000,completed,2026-06-27 14:25:50.273211+00:00,2026-06-27 14:25:50.415597+00:00
00000015-0070-4000-8000-000000000000,completed,2026-06-27 14:25:53.373056+00:00,2026-06-27 14:25:53.514433+00:00
00000050-0067-4000-8000-000000000000,completed,2026-06-27 14:25:50.572683+00:00,2026-06-27 14:25:50.718955+00:00
00000036-0068-4000-8000-000000000000,completed,2026-06-27 14:25:51.373851+00:00,2026-06-27 14:25:51.507876+00:00
00000039-0068-4000-8000-000000000000,completed,2026-06-27 14:25:51.473038+00:00,2026-06-27 14:25:51.620312+00:00
00000001-0069-4000-8000-000000000000,completed,2026-06-27 14:25:51.973421+00:00,2026-06-27 14:25:52.116948+00:00
00000020-0069-4000-8000-000000000000,completed,2026-06-27 14:25:52.275409+00:00,2026-06-27 14:25:52.417793+00:00
00000032-0072-4000-8000-000000000000,completed,2026-06-27 14:25:56.272279+00:00,2026-06-27 14:25:56.443694+00:00
00000010-0071-4000-8000-000000000000,completed,2026-06-27 14:25:54.575097+00:00,2026-06-27 14:25:54.712541+00:00
00000017-0071-4000-8000-000000000000,completed,2026-06-27 14:25:54.673199+00:00,2026-06-27 14:25:54.854139+00:00
00000047-0073-4000-8000-000000000000,completed,2026-06-27 14:25:57.973363+00:00,2026-06-27 14:25:58.120176+00:00
00000034-0071-4000-8000-000000000000,completed,2026-06-27 14:25:55.072383+00:00,2026-06-27 14:25:55.232823+00:00
00000027-0071-4000-8000-000000000000,completed,2026-06-27 14:25:55.173233+00:00,2026-06-27 14:25:55.299794+00:00
00000014-0072-4000-8000-000000000000,completed,2026-06-27 14:25:56.572374+00:00,2026-06-27 14:25:56.732051+00:00
00000023-0073-4000-8000-000000000000,completed,2026-06-27 14:25:57.373534+00:00,2026-06-27 14:25:57.536336+00:00
00000010-0073-4000-8000-000000000000,completed,2026-06-27 14:25:57.072744+00:00,2026-06-27 14:25:57.216670+00:00
00000028-0073-4000-8000-000000000000,completed,2026-06-27 14:25:57.472609+00:00,2026-06-27 14:25:57.623891+00:00
00000050-0073-4000-8000-000000000000,completed,2026-06-27 14:25:58.073265+00:00,2026-06-27 14:25:58.245724+00:00
00000047-0075-4000-8000-000000000000,completed,2026-06-27 14:26:00.473231+00:00,2026-06-27 14:26:00.616776+00:00
00000001-0075-4000-8000-000000000000,completed,2026-06-27 14:25:59.473465+00:00,2026-06-27 14:25:59.634925+00:00
00000015-0076-4000-8000-000000000000,completed,2026-06-27 14:26:00.874875+00:00,2026-06-27 14:26:01.022788+00:00
00000002-0076-4000-8000-000000000000,completed,2026-06-27 14:26:00.672890+00:00,2026-06-27 14:26:00.832160+00:00
00000009-0076-4000-8000-000000000000,completed,2026-06-27 14:26:00.775314+00:00,2026-06-27 14:26:00.936332+00:00
00000018-0078-4000-8000-000000000000,completed,2026-06-27 14:26:03.448650+00:00,2026-06-27 14:26:03.594147+00:00
00000012-0073-4000-8000-000000000000,completed,2026-06-27 14:25:57.048964+00:00,2026-06-27 14:25:57.189009+00:00
00000011-0073-4000-8000-000000000000,completed,2026-06-27 14:25:57.149635+00:00,2026-06-27 14:25:57.298044+00:00
00000041-0074-4000-8000-000000000000,completed,2026-06-27 14:25:59.048485+00:00,2026-06-27 14:25:59.211742+00:00
00000048-0078-4000-8000-000000000000,completed,2026-06-27 14:26:04.247541+00:00,2026-06-27 14:26:04.384075+00:00
00000024-0075-4000-8000-000000000000,completed,2026-06-27 14:25:59.848231+00:00,2026-06-27 14:26:00.003415+00:00
00000029-0075-4000-8000-000000000000,completed,2026-06-27 14:25:59.952089+00:00,2026-06-27 14:26:00.090831+00:00
00000026-0080-4000-8000-000000000000,completed,2026-06-27 14:26:06.147314+00:00,2026-06-27 14:26:06.288526+00:00
00000042-0075-4000-8000-000000000000,completed,2026-06-27 14:26:00.248012+00:00,2026-06-27 14:26:00.405951+00:00
00000012-0079-4000-8000-000000000000,completed,2026-06-27 14:26:04.547535+00:00,2026-06-27 14:26:04.698623+00:00
00000026-0076-4000-8000-000000000000,completed,2026-06-27 14:26:01.151287+00:00,2026-06-27 14:26:01.290426+00:00
00000048-0076-4000-8000-000000000000,completed,2026-06-27 14:26:01.748778+00:00,2026-06-27 14:26:01.883609+00:00
00000031-0077-4000-8000-000000000000,completed,2026-06-27 14:26:02.850000+00:00,2026-06-27 14:26:02.995451+00:00
00000008-0079-4000-8000-000000000000,completed,2026-06-27 14:26:04.748831+00:00,2026-06-27 14:26:04.893099+00:00
00000049-0077-4000-8000-000000000000,completed,2026-06-27 14:26:03.047017+00:00,2026-06-27 14:26:03.208778+00:00
00000030-0081-4000-8000-000000000000,completed,2026-06-27 14:26:07.651168+00:00,2026-06-27 14:26:07.796178+00:00
00000030-0079-4000-8000-000000000000,completed,2026-06-27 14:26:05.148079+00:00,2026-06-27 14:26:05.306263+00:00
00000008-0081-4000-8000-000000000000,completed,2026-06-27 14:26:07.248315+00:00,2026-06-27 14:26:07.392638+00:00
00000042-0079-4000-8000-000000000000,completed,2026-06-27 14:26:05.248604+00:00,2026-06-27 14:26:05.397974+00:00
00000031-0079-4000-8000-000000000000,completed,2026-06-27 14:26:05.347379+00:00,2026-06-27 14:26:05.486651+00:00
00000018-0082-4000-8000-000000000000,completed,2026-06-27 14:26:08.461044+00:00,2026-06-27 14:26:08.606109+00:00
00000024-0081-4000-8000-000000000000,completed,2026-06-27 14:26:07.358274+00:00,2026-06-27 14:26:07.519898+00:00
00000029-0081-4000-8000-000000000000,completed,2026-06-27 14:26:07.448509+00:00,2026-06-27 14:26:07.577920+00:00
00000043-0081-4000-8000-000000000000,completed,2026-06-27 14:26:07.950725+00:00,2026-06-27 14:26:08.117490+00:00
00000004-0082-4000-8000-000000000000,completed,2026-06-27 14:26:08.153595+00:00,2026-06-27 14:26:08.319208+00:00
00000037-0082-4000-8000-000000000000,completed,2026-06-27 14:26:09.192088+00:00,2026-06-27 14:26:09.330137+00:00
00000026-0082-4000-8000-000000000000,completed,2026-06-27 14:26:08.667216+00:00,2026-06-27 14:26:08.820126+00:00
00000042-0083-4000-8000-000000000000,completed,2026-06-27 14:26:10.378627+00:00,2026-06-27 14:26:10.521395+00:00
00000021-0084-4000-8000-000000000000,completed,2026-06-27 14:26:11.276333+00:00,2026-06-27 14:26:11.403385+00:00
00000008-0085-4000-8000-000000000000,completed,2026-06-27 14:26:12.687948+00:00,2026-06-27 14:26:12.838108+00:00
00000013-0086-4000-8000-000000000000,completed,2026-06-27 14:26:14.045704+00:00,2026-06-27 14:26:14.194062+00:00
00000028-0079-4000-8000-000000000000,completed,2026-06-27 14:26:04.973006+00:00,2026-06-27 14:26:05.121302+00:00
00000014-0076-4000-8000-000000000000,completed,2026-06-27 14:26:01.579023+00:00,2026-06-27 14:26:01.725059+00:00
00000039-0084-4000-8000-000000000000,completed,2026-06-27 14:26:11.767083+00:00,2026-06-27 14:26:11.920425+00:00
00000001-0077-4000-8000-000000000000,completed,2026-06-27 14:26:01.976295+00:00,2026-06-27 14:26:02.124958+00:00
00000010-0077-4000-8000-000000000000,completed,2026-06-27 14:26:02.076223+00:00,2026-06-27 14:26:02.236576+00:00
00000027-0079-4000-8000-000000000000,completed,2026-06-27 14:26:05.171998+00:00,2026-06-27 14:26:05.325139+00:00
00000028-0077-4000-8000-000000000000,completed,2026-06-27 14:26:02.481687+00:00,2026-06-27 14:26:02.627926+00:00
00000034-0077-4000-8000-000000000000,completed,2026-06-27 14:26:02.573041+00:00,2026-06-27 14:26:02.737264+00:00
00000020-0081-4000-8000-000000000000,completed,2026-06-27 14:26:07.272584+00:00,2026-06-27 14:26:07.418589+00:00
00000016-0078-4000-8000-000000000000,completed,2026-06-27 14:26:03.473531+00:00,2026-06-27 14:26:03.617558+00:00
00000047-0079-4000-8000-000000000000,completed,2026-06-27 14:26:05.475382+00:00,2026-06-27 14:26:05.621836+00:00
00000036-0078-4000-8000-000000000000,completed,2026-06-27 14:26:03.872843+00:00,2026-06-27 14:26:04.004681+00:00
00000014-0078-4000-8000-000000000000,completed,2026-06-27 14:26:04.072257+00:00,2026-06-27 14:26:04.229496+00:00
00000015-0080-4000-8000-000000000000,completed,2026-06-27 14:26:05.873204+00:00,2026-06-27 14:26:06.020382+00:00
00000020-0079-4000-8000-000000000000,completed,2026-06-27 14:26:04.772716+00:00,2026-06-27 14:26:04.917167+00:00
00000032-0082-4000-8000-000000000000,completed,2026-06-27 14:26:08.798847+00:00,2026-06-27 14:26:08.944516+00:00
00000023-0079-4000-8000-000000000000,completed,2026-06-27 14:26:04.872986+00:00,2026-06-27 14:26:05.020908+00:00
00000038-0081-4000-8000-000000000000,completed,2026-06-27 14:26:07.874955+00:00,2026-06-27 14:26:08.024371+00:00
00000032-0080-4000-8000-000000000000,completed,2026-06-27 14:26:06.272853+00:00,2026-06-27 14:26:06.414570+00:00
00000036-0080-4000-8000-000000000000,completed,2026-06-27 14:26:06.373287+00:00,2026-06-27 14:26:06.513693+00:00
00000005-0081-4000-8000-000000000000,completed,2026-06-27 14:26:06.872809+00:00,2026-06-27 14:26:07.009305+00:00
00000017-0083-4000-8000-000000000000,completed,2026-06-27 14:26:09.751960+00:00,2026-06-27 14:26:09.891488+00:00
00000009-0082-4000-8000-000000000000,completed,2026-06-27 14:26:08.280004+00:00,2026-06-27 14:26:08.447611+00:00
00000015-0082-4000-8000-000000000000,completed,2026-06-27 14:26:08.383845+00:00,2026-06-27 14:26:08.533273+00:00
00000045-0082-4000-8000-000000000000,completed,2026-06-27 14:26:09.218605+00:00,2026-06-27 14:26:09.376590+00:00
00000046-0082-4000-8000-000000000000,completed,2026-06-27 14:26:09.323751+00:00,2026-06-27 14:26:09.460780+00:00
00000044-0083-4000-8000-000000000000,completed,2026-06-27 14:26:10.409493+00:00,2026-06-27 14:26:10.550356+00:00
00000028-0083-4000-8000-000000000000,completed,2026-06-27 14:26:10.077403+00:00,2026-06-27 14:26:10.222942+00:00
00000036-0084-4000-8000-000000000000,completed,2026-06-27 14:26:11.649939+00:00,2026-06-27 14:26:11.790709+00:00
00000001-0085-4000-8000-000000000000,completed,2026-06-27 14:26:12.358136+00:00,2026-06-27 14:26:12.497533+00:00
00000050-0085-4000-8000-000000000000,completed,2026-06-27 14:26:13.697705+00:00,2026-06-27 14:26:13.854312+00:00
00000009-0081-4000-8000-000000000000,completed,2026-06-27 14:26:07.025735+00:00,2026-06-27 14:26:07.160747+00:00
00000045-0077-4000-8000-000000000000,completed,2026-06-27 14:26:02.924120+00:00,2026-06-27 14:26:03.078458+00:00
00000005-0078-4000-8000-000000000000,completed,2026-06-27 14:26:03.123302+00:00,2026-06-27 14:26:03.287693+00:00
00000050-0082-4000-8000-000000000000,completed,2026-06-27 14:26:09.376590+00:00,2026-06-27 14:26:09.523602+00:00
00000020-0078-4000-8000-000000000000,completed,2026-06-27 14:26:03.522521+00:00,2026-06-27 14:26:03.656272+00:00
00000025-0081-4000-8000-000000000000,completed,2026-06-27 14:26:07.422182+00:00,2026-06-27 14:26:07.576870+00:00
00000028-0078-4000-8000-000000000000,completed,2026-06-27 14:26:03.726195+00:00,2026-06-27 14:26:03.873762+00:00
00000015-0079-4000-8000-000000000000,completed,2026-06-27 14:26:04.623220+00:00,2026-06-27 14:26:04.777522+00:00
00000036-0079-4000-8000-000000000000,completed,2026-06-27 14:26:05.122838+00:00,2026-06-27 14:26:05.276503+00:00
00000046-0081-4000-8000-000000000000,completed,2026-06-27 14:26:08.025426+00:00,2026-06-27 14:26:08.209981+00:00
00000045-0079-4000-8000-000000000000,completed,2026-06-27 14:26:05.422753+00:00,2026-06-27 14:26:05.557032+00:00
00000005-0080-4000-8000-000000000000,completed,2026-06-27 14:26:05.625890+00:00,2026-06-27 14:26:05.771702+00:00
00000001-0080-4000-8000-000000000000,completed,2026-06-27 14:26:05.722283+00:00,2026-06-27 14:26:05.857198+00:00
00000017-0082-4000-8000-000000000000,completed,2026-06-27 14:26:08.434947+00:00,2026-06-27 14:26:08.570644+00:00
00000002-0083-4000-8000-000000000000,completed,2026-06-27 14:26:09.483329+00:00,2026-06-27 14:26:09.654151+00:00
00000002-0081-4000-8000-000000000000,completed,2026-06-27 14:26:06.923027+00:00,2026-06-27 14:26:07.058051+00:00
00000009-0083-4000-8000-000000000000,completed,2026-06-27 14:26:09.591107+00:00,2026-06-27 14:26:09.753059+00:00
00000023-0082-4000-8000-000000000000,completed,2026-06-27 14:26:08.644155+00:00,2026-06-27 14:26:08.786512+00:00
00000027-0082-4000-8000-000000000000,completed,2026-06-27 14:26:08.953762+00:00,2026-06-27 14:26:09.106560+00:00
00000002-0085-4000-8000-000000000000,completed,2026-06-27 14:26:12.295170+00:00,2026-06-27 14:26:12.424400+00:00
00000022-0083-4000-8000-000000000000,completed,2026-06-27 14:26:09.914196+00:00,2026-06-27 14:26:10.074052+00:00
00000009-0085-4000-8000-000000000000,completed,2026-06-27 14:26:12.414751+00:00,2026-06-27 14:26:12.551150+00:00
00000047-0084-4000-8000-000000000000,completed,2026-06-27 14:26:12.057680+00:00,2026-06-27 14:26:12.212019+00:00
00000005-0088-4000-8000-000000000000,completed,2026-06-27 14:26:17.155324+00:00,2026-06-27 14:26:17.297123+00:00
00000016-0087-4000-8000-000000000000,completed,2026-06-27 14:26:15.874005+00:00,2026-06-27 14:26:16.030110+00:00
00000014-0087-4000-8000-000000000000,completed,2026-06-27 14:26:16.717268+00:00,2026-06-27 14:26:16.878599+00:00
00000045-0087-4000-8000-000000000000,completed,2026-06-27 14:26:16.862428+00:00,2026-06-27 14:26:16.994497+00:00
00000010-0088-4000-8000-000000000000,completed,2026-06-27 14:26:17.448621+00:00,2026-06-27 14:26:17.590251+00:00
00000017-0088-4000-8000-000000000000,completed,2026-06-27 14:26:17.599088+00:00,2026-06-27 14:26:17.755767+00:00
00000044-0088-4000-8000-000000000000,completed,2026-06-27 14:26:18.527290+00:00,2026-06-27 14:26:18.657169+00:00
00000047-0088-4000-8000-000000000000,completed,2026-06-27 14:26:18.840417+00:00,2026-06-27 14:26:18.975697+00:00
00000048-0081-4000-8000-000000000000,completed,2026-06-27 14:26:08.001813+00:00,2026-06-27 14:26:08.223870+00:00
00000011-0078-4000-8000-000000000000,completed,2026-06-27 14:26:03.399137+00:00,2026-06-27 14:26:03.531988+00:00
00000029-0078-4000-8000-000000000000,completed,2026-06-27 14:26:03.697946+00:00,2026-06-27 14:26:03.862084+00:00
00000030-0086-4000-8000-000000000000,completed,2026-06-27 14:26:14.758461+00:00,2026-06-27 14:26:14.896494+00:00
00000030-0078-4000-8000-000000000000,completed,2026-06-27 14:26:03.897703+00:00,2026-06-27 14:26:04.066032+00:00
00000049-0082-4000-8000-000000000000,completed,2026-06-27 14:26:09.352291+00:00,2026-06-27 14:26:09.488606+00:00
00000043-0078-4000-8000-000000000000,completed,2026-06-27 14:26:04.198005+00:00,2026-06-27 14:26:04.340036+00:00
00000021-0079-4000-8000-000000000000,completed,2026-06-27 14:26:04.797987+00:00,2026-06-27 14:26:04.950603+00:00
00000019-0085-4000-8000-000000000000,completed,2026-06-27 14:26:12.985790+00:00,2026-06-27 14:26:13.142389+00:00
00000037-0079-4000-8000-000000000000,completed,2026-06-27 14:26:05.397976+00:00,2026-06-27 14:26:05.545524+00:00
00000048-0079-4000-8000-000000000000,completed,2026-06-27 14:26:05.500303+00:00,2026-06-27 14:26:05.636546+00:00
00000018-0083-4000-8000-000000000000,completed,2026-06-27 14:26:09.778605+00:00,2026-06-27 14:26:09.936376+00:00
00000012-0080-4000-8000-000000000000,completed,2026-06-27 14:26:05.800399+00:00,2026-06-27 14:26:05.944522+00:00
00000011-0080-4000-8000-000000000000,completed,2026-06-27 14:26:05.897019+00:00,2026-06-27 14:26:06.056808+00:00
00000021-0083-4000-8000-000000000000,completed,2026-06-27 14:26:09.887126+00:00,2026-06-27 14:26:10.043546+00:00
00000004-0081-4000-8000-000000000000,completed,2026-06-27 14:26:06.898321+00:00,2026-06-27 14:26:07.048100+00:00
00000042-0086-4000-8000-000000000000,completed,2026-06-27 14:26:14.890751+00:00,2026-06-27 14:26:15.033111+00:00
00000037-0085-4000-8000-000000000000,completed,2026-06-27 14:26:13.479372+00:00,2026-06-27 14:26:13.604987+00:00
00000035-0083-4000-8000-000000000000,completed,2026-06-27 14:26:10.214780+00:00,2026-06-27 14:26:10.360062+00:00
00000012-0084-4000-8000-000000000000,completed,2026-06-27 14:26:10.994115+00:00,2026-06-27 14:26:11.124083+00:00
00000008-0084-4000-8000-000000000000,completed,2026-06-27 14:26:11.220417+00:00,2026-06-27 14:26:11.376727+00:00
00000011-0086-4000-8000-000000000000,completed,2026-06-27 14:26:14.111493+00:00,2026-06-27 14:26:14.247877+00:00
00000040-0087-4000-8000-000000000000,completed,2026-06-27 14:26:16.537619+00:00,2026-06-27 14:26:16.689937+00:00
00000021-0087-4000-8000-000000000000,completed,2026-06-27 14:26:15.975299+00:00,2026-06-27 14:26:16.122481+00:00
00000026-0087-4000-8000-000000000000,completed,2026-06-27 14:26:16.113250+00:00,2026-06-27 14:26:16.250327+00:00
00000006-0087-4000-8000-000000000000,completed,2026-06-27 14:26:15.562968+00:00,2026-06-27 14:26:15.724515+00:00
00000021-0089-4000-8000-000000000000,completed,2026-06-27 14:26:19.783019+00:00,2026-06-27 14:26:19.935607+00:00
00000042-0088-4000-8000-000000000000,completed,2026-06-27 14:26:18.482020+00:00,2026-06-27 14:26:18.618161+00:00
00000019-0089-4000-8000-000000000000,completed,2026-06-27 14:26:20.125150+00:00,2026-06-27 14:26:20.270313+00:00
00000035-0089-4000-8000-000000000000,completed,2026-06-27 14:26:20.296393+00:00,2026-06-27 14:26:20.424725+00:00
00000003-0090-4000-8000-000000000000,completed,2026-06-27 14:26:21.187913+00:00,2026-06-27 14:26:21.320366+00:00
00000050-0089-4000-8000-000000000000,completed,2026-06-27 14:26:21.142058+00:00,2026-06-27 14:26:21.288742+00:00
00000016-0086-4000-8000-000000000000,completed,2026-06-27 14:26:14.206289+00:00,2026-06-27 14:26:14.339820+00:00
00000022-0086-4000-8000-000000000000,completed,2026-06-27 14:26:14.335103+00:00,2026-06-27 14:26:14.489176+00:00
00000046-0086-4000-8000-000000000000,completed,2026-06-27 14:26:15.257585+00:00,2026-06-27 14:26:15.404352+00:00
00000002-0090-4000-8000-000000000000,completed,2026-06-27 14:26:21.326535+00:00,2026-06-27 14:26:21.453300+00:00
00000034-0087-4000-8000-000000000000,completed,2026-06-27 14:26:16.359660+00:00,2026-06-27 14:26:16.529074+00:00
00000038-0087-4000-8000-000000000000,completed,2026-06-27 14:26:16.788594+00:00,2026-06-27 14:26:16.946741+00:00
00000032-0092-4000-8000-000000000000,completed,2026-06-27 14:26:28.742941+00:00,2026-06-27 14:26:28.873758+00:00
00000002-0088-4000-8000-000000000000,completed,2026-06-27 14:26:17.226151+00:00,2026-06-27 14:26:17.376740+00:00
00000009-0090-4000-8000-000000000000,completed,2026-06-27 14:26:21.510265+00:00,2026-06-27 14:26:21.651155+00:00
00000015-0088-4000-8000-000000000000,completed,2026-06-27 14:26:17.524108+00:00,2026-06-27 14:26:17.700533+00:00
00000039-0088-4000-8000-000000000000,completed,2026-06-27 14:26:18.443168+00:00,2026-06-27 14:26:18.606864+00:00
00000005-0089-4000-8000-000000000000,completed,2026-06-27 14:26:19.080048+00:00,2026-06-27 14:26:19.224379+00:00
00000015-0090-4000-8000-000000000000,completed,2026-06-27 14:26:21.699591+00:00,2026-06-27 14:26:21.856618+00:00
00000028-0089-4000-8000-000000000000,completed,2026-06-27 14:26:20.079875+00:00,2026-06-27 14:26:20.237181+00:00
00000046-0092-4000-8000-000000000000,completed,2026-06-27 14:26:30.645152+00:00,2026-06-27 14:26:30.787936+00:00
00000032-0090-4000-8000-000000000000,completed,2026-06-27 14:26:22.473866+00:00,2026-06-27 14:26:22.603395+00:00
00000023-0091-4000-8000-000000000000,completed,2026-06-27 14:26:24.846616+00:00,2026-06-27 14:26:24.999708+00:00
00000044-0091-4000-8000-000000000000,completed,2026-06-27 14:26:25.827938+00:00,2026-06-27 14:26:25.959936+00:00
00000029-0091-4000-8000-000000000000,completed,2026-06-27 14:26:25.024373+00:00,2026-06-27 14:26:25.197050+00:00
00000040-0086-4000-8000-000000000000,completed,2026-06-27 14:26:14.825311+00:00,2026-06-27 14:26:14.979592+00:00
00000007-0087-4000-8000-000000000000,completed,2026-06-27 14:26:15.497504+00:00,2026-06-27 14:26:15.635071+00:00
00000043-0087-4000-8000-000000000000,completed,2026-06-27 14:26:16.899324+00:00,2026-06-27 14:26:17.043010+00:00
00000042-0091-4000-8000-000000000000,completed,2026-06-27 14:26:25.762637+00:00,2026-06-27 14:26:25.891439+00:00
00000040-0088-4000-8000-000000000000,completed,2026-06-27 14:26:18.403208+00:00,2026-06-27 14:26:18.575637+00:00
00000048-0088-4000-8000-000000000000,completed,2026-06-27 14:26:18.879029+00:00,2026-06-27 14:26:19.033566+00:00
00000008-0089-4000-8000-000000000000,completed,2026-06-27 14:26:19.707412+00:00,2026-06-27 14:26:19.852900+00:00
00000013-0092-4000-8000-000000000000,completed,2026-06-27 14:26:27.399429+00:00,2026-06-27 14:26:27.530655+00:00
00000024-0089-4000-8000-000000000000,completed,2026-06-27 14:26:19.867078+00:00,2026-06-27 14:26:20.022958+00:00
00000031-0089-4000-8000-000000000000,completed,2026-06-27 14:26:20.736318+00:00,2026-06-27 14:26:20.876970+00:00
00000049-0089-4000-8000-000000000000,completed,2026-06-27 14:26:21.100755+00:00,2026-06-27 14:26:21.249117+00:00
00000018-0092-4000-8000-000000000000,completed,2026-06-27 14:26:27.699917+00:00,2026-06-27 14:26:27.835524+00:00
00000012-0091-4000-8000-000000000000,completed,2026-06-27 14:26:24.102397+00:00,2026-06-27 14:26:24.249488+00:00
00000022-0089-4000-8000-000000000000,completed,2026-06-27 14:26:19.825159+00:00,2026-06-27 14:26:19.962760+00:00
00000015-0091-4000-8000-000000000000,completed,2026-06-27 14:26:24.268324+00:00,2026-06-27 14:26:24.410531+00:00
00000036-0091-4000-8000-000000000000,completed,2026-06-27 14:26:25.450567+00:00,2026-06-27 14:26:25.589360+00:00
00000017-0092-4000-8000-000000000000,completed,2026-06-27 14:26:27.622982+00:00,2026-06-27 14:26:27.744572+00:00
00000020-0092-4000-8000-000000000000,completed,2026-06-27 14:26:27.930494+00:00,2026-06-27 14:26:28.058063+00:00
00000038-0092-4000-8000-000000000000,completed,2026-06-27 14:26:30.027975+00:00,2026-06-27 14:26:30.174209+00:00
00000049-0092-4000-8000-000000000000,completed,2026-06-27 14:26:30.757787+00:00,2026-06-27 14:26:30.891871+00:00
00000012-0090-4000-8000-000000000000,completed,2026-06-27 14:26:21.559190+00:00,2026-06-27 14:26:21.708317+00:00
00000029-0090-4000-8000-000000000000,completed,2026-06-27 14:26:22.327518+00:00,2026-06-27 14:26:22.468101+00:00
00000033-0090-4000-8000-000000000000,completed,2026-06-27 14:26:22.524808+00:00,2026-06-27 14:26:22.669753+00:00
00000012-0093-4000-8000-000000000000,completed,2026-06-27 14:26:31.961324+00:00,2026-06-27 14:26:32.113270+00:00
00000049-0090-4000-8000-000000000000,completed,2026-06-27 14:26:23.555793+00:00,2026-06-27 14:26:23.692515+00:00
00000013-0091-4000-8000-000000000000,completed,2026-06-27 14:26:24.212498+00:00,2026-06-27 14:26:24.345352+00:00
00000018-0091-4000-8000-000000000000,completed,2026-06-27 14:26:24.438830+00:00,2026-06-27 14:26:24.574062+00:00
00000029-0093-4000-8000-000000000000,completed,2026-06-27 14:26:34.838682+00:00,2026-06-27 14:26:34.975187+00:00
00000021-0091-4000-8000-000000000000,completed,2026-06-27 14:26:24.671341+00:00,2026-06-27 14:26:24.822158+00:00
00000024-0092-4000-8000-000000000000,completed,2026-06-27 14:26:28.166673+00:00,2026-06-27 14:26:28.302878+00:00
00000042-0092-4000-8000-000000000000,completed,2026-06-27 14:26:29.543458+00:00,2026-06-27 14:26:29.696134+00:00
00000019-0093-4000-8000-000000000000,completed,2026-06-27 14:26:35.455256+00:00,2026-06-27 14:26:35.594393+00:00
00000031-0092-4000-8000-000000000000,completed,2026-06-27 14:26:29.928941+00:00,2026-06-27 14:26:30.077991+00:00
00000033-0093-4000-8000-000000000000,completed,2026-06-27 14:26:36.352990+00:00,2026-06-27 14:26:36.485284+00:00
00000040-0000-4000-8000-000000000000,completed,2026-06-27 14:23:48.149802+00:00,2026-06-27 14:23:48.299158+00:00
00000002-0000-4000-8000-000000000000,completed,2026-06-27 14:23:39.772720+00:00,2026-06-27 14:23:41.121888+00:00
00000013-0002-4000-8000-000000000000,completed,2026-06-27 14:23:59.872918+00:00,2026-06-27 14:24:00.006790+00:00
00000012-0000-4000-8000-000000000000,completed,2026-06-27 14:23:41.546082+00:00,2026-06-27 14:23:41.736878+00:00
00000009-0000-4000-8000-000000000000,completed,2026-06-27 14:23:40.880058+00:00,2026-06-27 14:23:42.248172+00:00
00000048-0000-4000-8000-000000000000,completed,2026-06-27 14:23:50.303316+00:00,2026-06-27 14:23:50.443605+00:00
00000017-0000-4000-8000-000000000000,completed,2026-06-27 14:23:42.787732+00:00,2026-06-27 14:23:42.936238+00:00
00000018-0000-4000-8000-000000000000,completed,2026-06-27 14:23:43.076792+00:00,2026-06-27 14:23:43.229948+00:00
00000019-0001-4000-8000-000000000000,completed,2026-06-27 14:23:55.236756+00:00,2026-06-27 14:23:55.383569+00:00
00000019-0000-4000-8000-000000000000,completed,2026-06-27 14:23:46.173688+00:00,2026-06-27 14:23:46.320776+00:00
00000049-0000-4000-8000-000000000000,completed,2026-06-27 14:23:50.675279+00:00,2026-06-27 14:23:50.813042+00:00
00000034-0000-4000-8000-000000000000,completed,2026-06-27 14:23:46.855787+00:00,2026-06-27 14:23:47.006470+00:00
00000035-0000-4000-8000-000000000000,completed,2026-06-27 14:23:47.294413+00:00,2026-06-27 14:23:47.446914+00:00
00000027-0000-4000-8000-000000000000,completed,2026-06-27 14:23:47.730489+00:00,2026-06-27 14:23:47.871294+00:00
00000003-0001-4000-8000-000000000000,completed,2026-06-27 14:23:51.010440+00:00,2026-06-27 14:23:51.166053+00:00
00000037-0000-4000-8000-000000000000,completed,2026-06-27 14:23:47.940436+00:00,2026-06-27 14:23:48.087123+00:00
00000049-0001-4000-8000-000000000000,completed,2026-06-27 14:23:58.322767+00:00,2026-06-27 14:23:58.468547+00:00
00000033-0001-4000-8000-000000000000,completed,2026-06-27 14:23:55.384562+00:00,2026-06-27 14:23:55.536631+00:00
00000018-0001-4000-8000-000000000000,completed,2026-06-27 14:23:53.380124+00:00,2026-06-27 14:23:53.526851+00:00
00000016-0001-4000-8000-000000000000,completed,2026-06-27 14:23:53.539943+00:00,2026-06-27 14:23:53.680868+00:00
00000023-0001-4000-8000-000000000000,completed,2026-06-27 14:23:54.480218+00:00,2026-06-27 14:23:54.606739+00:00
00000041-0001-4000-8000-000000000000,completed,2026-06-27 14:23:57.104735+00:00,2026-06-27 14:23:57.240237+00:00
00000012-0002-4000-8000-000000000000,completed,2026-06-27 14:23:59.622218+00:00,2026-06-27 14:23:59.761798+00:00
00000043-0001-4000-8000-000000000000,completed,2026-06-27 14:23:57.790048+00:00,2026-06-27 14:23:57.928038+00:00
00000006-0002-4000-8000-000000000000,completed,2026-06-27 14:23:58.979313+00:00,2026-06-27 14:23:59.117293+00:00
00000010-0002-4000-8000-000000000000,completed,2026-06-27 14:23:59.747886+00:00,2026-06-27 14:23:59.887566+00:00
00000021-0002-4000-8000-000000000000,completed,2026-06-27 14:24:00.863651+00:00,2026-06-27 14:24:01.020754+00:00
00000020-0002-4000-8000-000000000000,completed,2026-06-27 14:24:00.742000+00:00,2026-06-27 14:24:00.876222+00:00
00000024-0002-4000-8000-000000000000,completed,2026-06-27 14:24:01.108057+00:00,2026-06-27 14:24:01.248043+00:00
00000036-0002-4000-8000-000000000000,completed,2026-06-27 14:24:02.290218+00:00,2026-06-27 14:24:02.421007+00:00
00000027-0002-4000-8000-000000000000,completed,2026-06-27 14:24:02.637777+00:00,2026-06-27 14:24:02.780197+00:00
00000038-0006-4000-8000-000000000000,completed,2026-06-27 14:24:19.995501+00:00,2026-06-27 14:24:20.140644+00:00
00000037-0002-4000-8000-000000000000,completed,2026-06-27 14:24:02.752687+00:00,2026-06-27 14:24:02.894570+00:00
00000003-0003-4000-8000-000000000000,completed,2026-06-27 14:24:04.539789+00:00,2026-06-27 14:24:04.677119+00:00
00000043-0003-4000-8000-000000000000,completed,2026-06-27 14:24:09.008524+00:00,2026-06-27 14:24:09.166767+00:00
00000048-0006-4000-8000-000000000000,completed,2026-06-27 14:24:20.241871+00:00,2026-06-27 14:24:20.377277+00:00
00000001-0004-4000-8000-000000000000,completed,2026-06-27 14:24:10.100519+00:00,2026-06-27 14:24:10.241069+00:00
00000037-0004-4000-8000-000000000000,completed,2026-06-27 14:24:12.461677+00:00,2026-06-27 14:24:12.598517+00:00
00000006-0010-4000-8000-000000000000,completed,2026-06-27 14:24:28.889952+00:00,2026-06-27 14:24:29.030041+00:00
00000015-0005-4000-8000-000000000000,completed,2026-06-27 14:24:14.614689+00:00,2026-06-27 14:24:14.759271+00:00
00000019-0008-4000-8000-000000000000,completed,2026-06-27 14:24:24.816355+00:00,2026-06-27 14:24:24.955102+00:00
00000024-0005-4000-8000-000000000000,completed,2026-06-27 14:24:15.201984+00:00,2026-06-27 14:24:15.354289+00:00
00000032-0005-4000-8000-000000000000,completed,2026-06-27 14:24:15.831938+00:00,2026-06-27 14:24:15.959144+00:00
00000039-0005-4000-8000-000000000000,completed,2026-06-27 14:24:16.334356+00:00,2026-06-27 14:24:16.475958+00:00
00000037-0008-4000-8000-000000000000,completed,2026-06-27 14:24:25.244049+00:00,2026-06-27 14:24:25.387998+00:00
00000049-0005-4000-8000-000000000000,completed,2026-06-27 14:24:17.157430+00:00,2026-06-27 14:24:17.311618+00:00
00000037-0010-4000-8000-000000000000,completed,2026-06-27 14:24:30.222083+00:00,2026-06-27 14:24:30.377579+00:00
00000044-0008-4000-8000-000000000000,completed,2026-06-27 14:24:25.452246+00:00,2026-06-27 14:24:25.594843+00:00
00000007-0009-4000-8000-000000000000,completed,2026-06-27 14:24:26.289470+00:00,2026-06-27 14:24:26.434467+00:00
00000008-0009-4000-8000-000000000000,completed,2026-06-27 14:24:26.906042+00:00,2026-06-27 14:24:27.050373+00:00
00000044-0010-4000-8000-000000000000,completed,2026-06-27 14:24:30.409196+00:00,2026-06-27 14:24:30.583685+00:00
00000026-0007-4000-8000-000000000000,completed,2026-06-27 14:24:21.795063+00:00,2026-06-27 14:24:21.940134+00:00
00000014-0002-4000-8000-000000000000,completed,2026-06-27 14:24:03.434556+00:00,2026-06-27 14:24:03.591103+00:00
00000004-0003-4000-8000-000000000000,completed,2026-06-27 14:24:04.756647+00:00,2026-06-27 14:24:04.904278+00:00
00000013-0003-4000-8000-000000000000,completed,2026-06-27 14:24:05.608778+00:00,2026-06-27 14:24:05.778949+00:00
00000036-0007-4000-8000-000000000000,completed,2026-06-27 14:24:22.256086+00:00,2026-06-27 14:24:22.390991+00:00
00000018-0003-4000-8000-000000000000,completed,2026-06-27 14:24:06.030304+00:00,2026-06-27 14:24:06.172298+00:00
00000036-0003-4000-8000-000000000000,completed,2026-06-27 14:24:07.661587+00:00,2026-06-27 14:24:07.807477+00:00
00000039-0010-4000-8000-000000000000,completed,2026-06-27 14:24:30.315333+00:00,2026-06-27 14:24:30.472086+00:00
00000029-0004-4000-8000-000000000000,completed,2026-06-27 14:24:11.644332+00:00,2026-06-27 14:24:11.785198+00:00
00000037-0007-4000-8000-000000000000,completed,2026-06-27 14:24:22.488820+00:00,2026-06-27 14:24:22.646234+00:00
00000044-0005-4000-8000-000000000000,completed,2026-06-27 14:24:16.474361+00:00,2026-06-27 14:24:16.630418+00:00
00000029-0006-4000-8000-000000000000,completed,2026-06-27 14:24:18.866071+00:00,2026-06-27 14:24:19.010149+00:00
00000032-0006-4000-8000-000000000000,completed,2026-06-27 14:24:19.118474+00:00,2026-06-27 14:24:19.269904+00:00
00000012-0008-4000-8000-000000000000,completed,2026-06-27 14:24:23.836941+00:00,2026-06-27 14:24:23.991024+00:00
00000018-0007-4000-8000-000000000000,completed,2026-06-27 14:24:21.325259+00:00,2026-06-27 14:24:21.483536+00:00
00000014-0010-4000-8000-000000000000,completed,2026-06-27 14:24:30.501033+00:00,2026-06-27 14:24:30.638962+00:00
00000036-0009-4000-8000-000000000000,completed,2026-06-27 14:24:27.609100+00:00,2026-06-27 14:24:27.747893+00:00
00000044-0009-4000-8000-000000000000,completed,2026-06-27 14:24:28.005449+00:00,2026-06-27 14:24:28.146620+00:00
00000032-0010-4000-8000-000000000000,completed,2026-06-27 14:24:29.939772+00:00,2026-06-27 14:24:30.095725+00:00
00000033-0006-4000-8000-000000000000,completed,2026-06-27 14:24:19.056310+00:00,2026-06-27 14:24:19.209204+00:00
00000005-0003-4000-8000-000000000000,completed,2026-06-27 14:24:04.649159+00:00,2026-06-27 14:24:04.792651+00:00
00000028-0003-4000-8000-000000000000,completed,2026-06-27 14:24:07.158791+00:00,2026-06-27 14:24:07.304310+00:00
00000031-0003-4000-8000-000000000000,completed,2026-06-27 14:24:08.727037+00:00,2026-06-27 14:24:08.870583+00:00
00000041-0006-4000-8000-000000000000,completed,2026-06-27 14:24:19.810767+00:00,2026-06-27 14:24:19.952616+00:00
00000040-0004-4000-8000-000000000000,completed,2026-06-27 14:24:12.540865+00:00,2026-06-27 14:24:12.688269+00:00
00000041-0004-4000-8000-000000000000,completed,2026-06-27 14:24:12.860489+00:00,2026-06-27 14:24:12.995609+00:00
00000023-0009-4000-8000-000000000000,completed,2026-06-27 14:24:27.157654+00:00,2026-06-27 14:24:27.298000+00:00
00000046-0004-4000-8000-000000000000,completed,2026-06-27 14:24:13.483092+00:00,2026-06-27 14:24:13.627616+00:00
00000007-0007-4000-8000-000000000000,completed,2026-06-27 14:24:20.788261+00:00,2026-06-27 14:24:20.921291+00:00
00000034-0005-4000-8000-000000000000,completed,2026-06-27 14:24:15.844290+00:00,2026-06-27 14:24:15.980699+00:00
00000047-0005-4000-8000-000000000000,completed,2026-06-27 14:24:16.969016+00:00,2026-06-27 14:24:17.106412+00:00
00000009-0006-4000-8000-000000000000,completed,2026-06-27 14:24:17.758295+00:00,2026-06-27 14:24:17.888859+00:00
00000028-0007-4000-8000-000000000000,completed,2026-06-27 14:24:21.970888+00:00,2026-06-27 14:24:22.113180+00:00
00000025-0006-4000-8000-000000000000,completed,2026-06-27 14:24:18.802175+00:00,2026-06-27 14:24:18.942499+00:00
00000042-0009-4000-8000-000000000000,completed,2026-06-27 14:24:27.960517+00:00,2026-06-27 14:24:28.109781+00:00
00000050-0007-4000-8000-000000000000,completed,2026-06-27 14:24:23.337327+00:00,2026-06-27 14:24:23.497957+00:00
00000022-0008-4000-8000-000000000000,completed,2026-06-27 14:24:24.439399+00:00,2026-06-27 14:24:24.575680+00:00
00000001-0009-4000-8000-000000000000,completed,2026-06-27 14:24:26.342759+00:00,2026-06-27 14:24:26.506120+00:00
00000022-0010-4000-8000-000000000000,completed,2026-06-27 14:24:29.513448+00:00,2026-06-27 14:24:29.665012+00:00
00000041-0010-4000-8000-000000000000,completed,2026-06-27 14:24:30.455761+00:00,2026-06-27 14:24:30.596447+00:00
00000001-0010-4000-8000-000000000000,completed,2026-06-27 14:24:28.842548+00:00,2026-06-27 14:24:28.975923+00:00
00000022-0003-4000-8000-000000000000,completed,2026-06-27 14:24:06.548064+00:00,2026-06-27 14:24:06.685257+00:00
00000046-0003-4000-8000-000000000000,completed,2026-06-27 14:24:09.286461+00:00,2026-06-27 14:24:09.430519+00:00
00000040-0011-4000-8000-000000000000,completed,2026-06-27 14:24:32.545447+00:00,2026-06-27 14:24:32.683011+00:00
00000011-0005-4000-8000-000000000000,completed,2026-06-27 14:24:14.604326+00:00,2026-06-27 14:24:14.738674+00:00
00000023-0010-4000-8000-000000000000,completed,2026-06-27 14:24:29.607983+00:00,2026-06-27 14:24:29.768567+00:00
00000040-0005-4000-8000-000000000000,completed,2026-06-27 14:24:16.263700+00:00,2026-06-27 14:24:16.399202+00:00
00000020-0006-4000-8000-000000000000,completed,2026-06-27 14:24:18.414942+00:00,2026-06-27 14:24:18.556189+00:00
00000002-0011-4000-8000-000000000000,completed,2026-06-27 14:24:31.102055+00:00,2026-06-27 14:24:31.259122+00:00
00000006-0007-4000-8000-000000000000,completed,2026-06-27 14:24:20.665820+00:00,2026-06-27 14:24:20.797301+00:00
00000042-0010-4000-8000-000000000000,completed,2026-06-27 14:24:30.365900+00:00,2026-06-27 14:24:30.537738+00:00
00000025-0007-4000-8000-000000000000,completed,2026-06-27 14:24:21.854614+00:00,2026-06-27 14:24:21.990285+00:00
00000005-0008-4000-8000-000000000000,completed,2026-06-27 14:24:23.450517+00:00,2026-06-27 14:24:23.591054+00:00
00000042-0008-4000-8000-000000000000,completed,2026-06-27 14:24:25.399905+00:00,2026-06-27 14:24:25.545297+00:00
00000031-0008-4000-8000-000000000000,completed,2026-06-27 14:24:25.609884+00:00,2026-06-27 14:24:25.772577+00:00
00000007-0011-4000-8000-000000000000,completed,2026-06-27 14:24:31.149048+00:00,2026-06-27 14:24:31.295538+00:00
00000038-0010-4000-8000-000000000000,completed,2026-06-27 14:24:30.594777+00:00,2026-06-27 14:24:30.743062+00:00
00000043-0010-4000-8000-000000000000,completed,2026-06-27 14:24:30.688167+00:00,2026-06-27 14:24:30.834026+00:00
00000001-0011-4000-8000-000000000000,completed,2026-06-27 14:24:31.196663+00:00,2026-06-27 14:24:31.359008+00:00
00000049-0010-4000-8000-000000000000,completed,2026-06-27 14:24:30.873371+00:00,2026-06-27 14:24:31.013682+00:00
00000023-0011-4000-8000-000000000000,completed,2026-06-27 14:24:31.922519+00:00,2026-06-27 14:24:32.066919+00:00
00000018-0011-4000-8000-000000000000,completed,2026-06-27 14:24:31.605055+00:00,2026-06-27 14:24:31.739392+00:00
00000008-0011-4000-8000-000000000000,completed,2026-06-27 14:24:31.696663+00:00,2026-06-27 14:24:31.826801+00:00
00000009-0011-4000-8000-000000000000,completed,2026-06-27 14:24:31.286060+00:00,2026-06-27 14:24:31.433970+00:00
00000013-0011-4000-8000-000000000000,completed,2026-06-27 14:24:31.422917+00:00,2026-06-27 14:24:31.546523+00:00
00000026-0011-4000-8000-000000000000,completed,2026-06-27 14:24:31.966468+00:00,2026-06-27 14:24:32.095662+00:00
00000048-0011-4000-8000-000000000000,completed,2026-06-27 14:24:33.033549+00:00,2026-06-27 14:24:33.173881+00:00
00000014-0011-4000-8000-000000000000,completed,2026-06-27 14:24:32.771860+00:00,2026-06-27 14:24:32.950450+00:00
00000047-0011-4000-8000-000000000000,completed,2026-06-27 14:24:32.991847+00:00,2026-06-27 14:24:33.135793+00:00
00000012-0012-4000-8000-000000000000,completed,2026-06-27 14:24:33.558707+00:00,2026-06-27 14:24:33.693062+00:00
00000017-0012-4000-8000-000000000000,completed,2026-06-27 14:24:33.776879+00:00,2026-06-27 14:24:33.921046+00:00
00000032-0019-4000-8000-000000000000,completed,2026-06-27 14:24:47.529806+00:00,2026-06-27 14:24:47.678108+00:00
00000021-0012-4000-8000-000000000000,completed,2026-06-27 14:24:33.993057+00:00,2026-06-27 14:24:34.157922+00:00
00000013-0018-4000-8000-000000000000,completed,2026-06-27 14:24:45.218639+00:00,2026-06-27 14:24:45.349695+00:00
00000026-0012-4000-8000-000000000000,completed,2026-06-27 14:24:34.162799+00:00,2026-06-27 14:24:34.314184+00:00
00000028-0012-4000-8000-000000000000,completed,2026-06-27 14:24:34.292636+00:00,2026-06-27 14:24:34.461455+00:00
00000033-0012-4000-8000-000000000000,completed,2026-06-27 14:24:34.378487+00:00,2026-06-27 14:24:34.533251+00:00
00000039-0013-4000-8000-000000000000,completed,2026-06-27 14:24:36.834578+00:00,2026-06-27 14:24:36.982975+00:00
00000014-0013-4000-8000-000000000000,completed,2026-06-27 14:24:36.997978+00:00,2026-06-27 14:24:37.161554+00:00
00000019-0018-4000-8000-000000000000,completed,2026-06-27 14:24:45.766172+00:00,2026-06-27 14:24:45.934147+00:00
00000021-0014-4000-8000-000000000000,completed,2026-06-27 14:24:38.118946+00:00,2026-06-27 14:24:38.259183+00:00
00000043-0015-4000-8000-000000000000,completed,2026-06-27 14:24:41.036782+00:00,2026-06-27 14:24:41.206232+00:00
00000026-0020-4000-8000-000000000000,completed,2026-06-27 14:24:48.976562+00:00,2026-06-27 14:24:49.105373+00:00
00000019-0016-4000-8000-000000000000,completed,2026-06-27 14:24:42.222360+00:00,2026-06-27 14:24:42.353830+00:00
00000044-0018-4000-8000-000000000000,completed,2026-06-27 14:24:46.180084+00:00,2026-06-27 14:24:46.301562+00:00
00000011-0017-4000-8000-000000000000,completed,2026-06-27 14:24:43.523954+00:00,2026-06-27 14:24:43.671220+00:00
00000006-0018-4000-8000-000000000000,completed,2026-06-27 14:24:45.079006+00:00,2026-06-27 14:24:45.219544+00:00
00000039-0019-4000-8000-000000000000,completed,2026-06-27 14:24:47.794269+00:00,2026-06-27 14:24:47.926419+00:00
00000038-0018-4000-8000-000000000000,completed,2026-06-27 14:24:46.314972+00:00,2026-06-27 14:24:46.453435+00:00
00000007-0019-4000-8000-000000000000,completed,2026-06-27 14:24:46.723836+00:00,2026-06-27 14:24:46.886491+00:00
00000008-0019-4000-8000-000000000000,completed,2026-06-27 14:24:47.124240+00:00,2026-06-27 14:24:47.291957+00:00
00000039-0021-4000-8000-000000000000,completed,2026-06-27 14:24:51.025969+00:00,2026-06-27 14:24:51.177055+00:00
00000049-0019-4000-8000-000000000000,completed,2026-06-27 14:24:48.189175+00:00,2026-06-27 14:24:48.338919+00:00
00000013-0020-4000-8000-000000000000,completed,2026-06-27 14:24:48.583406+00:00,2026-06-27 14:24:48.712890+00:00
00000044-0020-4000-8000-000000000000,completed,2026-06-27 14:24:49.494668+00:00,2026-06-27 14:24:49.657134+00:00
00000019-0020-4000-8000-000000000000,completed,2026-06-27 14:24:49.108364+00:00,2026-06-27 14:24:49.244329+00:00
00000036-0020-4000-8000-000000000000,completed,2026-06-27 14:24:49.235255+00:00,2026-06-27 14:24:49.376074+00:00
00000048-0020-4000-8000-000000000000,completed,2026-06-27 14:24:49.752918+00:00,2026-06-27 14:24:49.881618+00:00
00000029-0021-4000-8000-000000000000,completed,2026-06-27 14:24:50.647814+00:00,2026-06-27 14:24:50.792158+00:00
00000032-0021-4000-8000-000000000000,completed,2026-06-27 14:24:50.772994+00:00,2026-06-27 14:24:50.905580+00:00
00000030-0021-4000-8000-000000000000,completed,2026-06-27 14:24:50.899646+00:00,2026-06-27 14:24:51.033925+00:00
00000004-0022-4000-8000-000000000000,completed,2026-06-27 14:24:51.528433+00:00,2026-06-27 14:24:51.678716+00:00
00000042-0015-4000-8000-000000000000,completed,2026-06-27 14:24:40.773877+00:00,2026-06-27 14:24:40.910612+00:00
00000035-0012-4000-8000-000000000000,completed,2026-06-27 14:24:34.550766+00:00,2026-06-27 14:24:34.706280+00:00
00000045-0012-4000-8000-000000000000,completed,2026-06-27 14:24:35.060363+00:00,2026-06-27 14:24:35.194358+00:00
00000005-0013-4000-8000-000000000000,completed,2026-06-27 14:24:35.394735+00:00,2026-06-27 14:24:35.534077+00:00
00000031-0015-4000-8000-000000000000,completed,2026-06-27 14:24:40.924095+00:00,2026-06-27 14:24:41.071220+00:00
00000027-0013-4000-8000-000000000000,completed,2026-06-27 14:24:36.710801+00:00,2026-06-27 14:24:36.858185+00:00
00000042-0013-4000-8000-000000000000,completed,2026-06-27 14:24:36.873059+00:00,2026-06-27 14:24:37.013004+00:00
00000010-0017-4000-8000-000000000000,completed,2026-06-27 14:24:43.416422+00:00,2026-06-27 14:24:43.544970+00:00
00000009-0014-4000-8000-000000000000,completed,2026-06-27 14:24:37.679140+00:00,2026-06-27 14:24:37.835095+00:00
00000002-0016-4000-8000-000000000000,completed,2026-06-27 14:24:41.372855+00:00,2026-06-27 14:24:41.529310+00:00
00000015-0014-4000-8000-000000000000,completed,2026-06-27 14:24:37.836544+00:00,2026-06-27 14:24:37.977898+00:00
00000046-0014-4000-8000-000000000000,completed,2026-06-27 14:24:39.252669+00:00,2026-06-27 14:24:39.396284+00:00
00000005-0015-4000-8000-000000000000,completed,2026-06-27 14:24:39.403927+00:00,2026-06-27 14:24:39.540109+00:00
00000015-0016-4000-8000-000000000000,completed,2026-06-27 14:24:41.676231+00:00,2026-06-27 14:24:41.829168+00:00
00000023-0015-4000-8000-000000000000,completed,2026-06-27 14:24:40.169263+00:00,2026-06-27 14:24:40.296874+00:00
00000045-0018-4000-8000-000000000000,completed,2026-06-27 14:24:46.348413+00:00,2026-06-27 14:24:46.505030+00:00
00000017-0017-4000-8000-000000000000,completed,2026-06-27 14:24:43.558180+00:00,2026-06-27 14:24:43.690021+00:00
00000046-0016-4000-8000-000000000000,completed,2026-06-27 14:24:42.985428+00:00,2026-06-27 14:24:43.162091+00:00
00000005-0017-4000-8000-000000000000,completed,2026-06-27 14:24:43.129414+00:00,2026-06-27 14:24:43.265172+00:00
00000001-0017-4000-8000-000000000000,completed,2026-06-27 14:24:43.273328+00:00,2026-06-27 14:24:43.408426+00:00
00000020-0017-4000-8000-000000000000,completed,2026-06-27 14:24:43.701738+00:00,2026-06-27 14:24:43.824823+00:00
00000002-0018-4000-8000-000000000000,completed,2026-06-27 14:24:44.971815+00:00,2026-06-27 14:24:45.113615+00:00
00000017-0019-4000-8000-000000000000,completed,2026-06-27 14:24:47.023707+00:00,2026-06-27 14:24:47.152278+00:00
00000028-0021-4000-8000-000000000000,completed,2026-06-27 14:24:50.679242+00:00,2026-06-27 14:24:50.844564+00:00
00000028-0019-4000-8000-000000000000,completed,2026-06-27 14:24:47.426541+00:00,2026-06-27 14:24:47.557141+00:00
00000005-0021-4000-8000-000000000000,completed,2026-06-27 14:24:49.916128+00:00,2026-06-27 14:24:50.053522+00:00
00000001-0021-4000-8000-000000000000,completed,2026-06-27 14:24:50.040098+00:00,2026-06-27 14:24:50.173389+00:00
00000009-0022-4000-8000-000000000000,completed,2026-06-27 14:24:51.684561+00:00,2026-06-27 14:24:51.830271+00:00
00000035-0022-4000-8000-000000000000,completed,2026-06-27 14:24:52.429164+00:00,2026-06-27 14:24:52.562327+00:00
00000046-0022-4000-8000-000000000000,completed,2026-06-27 14:24:52.921164+00:00,2026-06-27 14:24:53.073470+00:00
00000017-0023-4000-8000-000000000000,completed,2026-06-27 14:24:53.407144+00:00,2026-06-27 14:24:53.577932+00:00
00000014-0016-4000-8000-000000000000,completed,2026-06-27 14:24:42.731595+00:00,2026-06-27 14:24:42.872792+00:00
00000043-0012-4000-8000-000000000000,completed,2026-06-27 14:24:35.101107+00:00,2026-06-27 14:24:35.244657+00:00
00000049-0012-4000-8000-000000000000,completed,2026-06-27 14:24:35.267658+00:00,2026-06-27 14:24:35.410386+00:00
00000024-0018-4000-8000-000000000000,completed,2026-06-27 14:24:45.560663+00:00,2026-06-27 14:24:45.706739+00:00
00000021-0013-4000-8000-000000000000,completed,2026-06-27 14:24:36.100676+00:00,2026-06-27 14:24:36.239885+00:00
00000049-0016-4000-8000-000000000000,completed,2026-06-27 14:24:43.020799+00:00,2026-06-27 14:24:43.153426+00:00
00000048-0013-4000-8000-000000000000,completed,2026-06-27 14:24:37.240665+00:00,2026-06-27 14:24:37.429304+00:00
00000029-0014-4000-8000-000000000000,completed,2026-06-27 14:24:38.353944+00:00,2026-06-27 14:24:38.493486+00:00
00000029-0018-4000-8000-000000000000,completed,2026-06-27 14:24:45.697897+00:00,2026-06-27 14:24:45.855560+00:00
00000014-0014-4000-8000-000000000000,completed,2026-06-27 14:24:38.979645+00:00,2026-06-27 14:24:39.109811+00:00
00000018-0015-4000-8000-000000000000,completed,2026-06-27 14:24:39.905785+00:00,2026-06-27 14:24:40.054682+00:00
00000026-0015-4000-8000-000000000000,completed,2026-06-27 14:24:40.213826+00:00,2026-06-27 14:24:40.362813+00:00
00000013-0017-4000-8000-000000000000,completed,2026-06-27 14:24:43.453146+00:00,2026-06-27 14:24:43.609471+00:00
00000024-0016-4000-8000-000000000000,completed,2026-06-27 14:24:42.005985+00:00,2026-06-27 14:24:42.145767+00:00
00000018-0017-4000-8000-000000000000,completed,2026-06-27 14:24:43.595150+00:00,2026-06-27 14:24:43.730131+00:00
00000030-0016-4000-8000-000000000000,completed,2026-06-27 14:24:42.442466+00:00,2026-06-27 14:24:42.566185+00:00
00000024-0020-4000-8000-000000000000,completed,2026-06-27 14:24:48.912237+00:00,2026-06-27 14:24:49.042009+00:00
00000026-0017-4000-8000-000000000000,completed,2026-06-27 14:24:43.880674+00:00,2026-06-27 14:24:44.029000+00:00
00000037-0019-4000-8000-000000000000,completed,2026-06-27 14:24:47.726885+00:00,2026-06-27 14:24:47.861311+00:00
00000044-0017-4000-8000-000000000000,completed,2026-06-27 14:24:44.444888+00:00,2026-06-27 14:24:44.570183+00:00
00000032-0020-4000-8000-000000000000,completed,2026-06-27 14:24:49.170651+00:00,2026-06-27 14:24:49.307967+00:00
00000013-0019-4000-8000-000000000000,completed,2026-06-27 14:24:46.924818+00:00,2026-06-27 14:24:47.069356+00:00
00000018-0019-4000-8000-000000000000,completed,2026-06-27 14:24:47.058764+00:00,2026-06-27 14:24:47.230565+00:00
00000038-0019-4000-8000-000000000000,completed,2026-06-27 14:24:47.994322+00:00,2026-06-27 14:24:48.156626+00:00
00000026-0019-4000-8000-000000000000,completed,2026-06-27 14:24:47.326524+00:00,2026-06-27 14:24:47.462882+00:00
00000029-0020-4000-8000-000000000000,completed,2026-06-27 14:24:49.040543+00:00,2026-06-27 14:24:49.168139+00:00
00000043-0020-4000-8000-000000000000,completed,2026-06-27 14:24:49.687878+00:00,2026-06-27 14:24:49.820718+00:00
00000004-0021-4000-8000-000000000000,completed,2026-06-27 14:24:49.945228+00:00,2026-06-27 14:24:50.088520+00:00
00000049-0020-4000-8000-000000000000,completed,2026-06-27 14:24:49.817017+00:00,2026-06-27 14:24:49.963225+00:00
00000019-0021-4000-8000-000000000000,completed,2026-06-27 14:24:50.711322+00:00,2026-06-27 14:24:50.847798+00:00
00000037-0021-4000-8000-000000000000,completed,2026-06-27 14:24:50.962645+00:00,2026-06-27 14:24:51.112433+00:00
00000027-0018-4000-8000-000000000000,completed,2026-06-27 14:24:46.010650+00:00,2026-06-27 14:24:46.149528+00:00
00000002-0013-4000-8000-000000000000,completed,2026-06-27 14:24:35.477990+00:00,2026-06-27 14:24:35.637805+00:00
00000035-0013-4000-8000-000000000000,completed,2026-06-27 14:24:36.632495+00:00,2026-06-27 14:24:36.769221+00:00
00000045-0013-4000-8000-000000000000,completed,2026-06-27 14:24:37.117174+00:00,2026-06-27 14:24:37.249878+00:00
00000002-0019-4000-8000-000000000000,completed,2026-06-27 14:24:46.706153+00:00,2026-06-27 14:24:46.862909+00:00
00000020-0014-4000-8000-000000000000,completed,2026-06-27 14:24:38.076494+00:00,2026-06-27 14:24:38.222899+00:00
00000027-0014-4000-8000-000000000000,completed,2026-06-27 14:24:38.707935+00:00,2026-06-27 14:24:38.873132+00:00
00000010-0022-4000-8000-000000000000,completed,2026-06-27 14:24:51.747589+00:00,2026-06-27 14:24:51.904273+00:00
00000047-0014-4000-8000-000000000000,completed,2026-06-27 14:24:39.176831+00:00,2026-06-27 14:24:39.340648+00:00
00000034-0016-4000-8000-000000000000,completed,2026-06-27 14:24:42.332196+00:00,2026-06-27 14:24:42.490338+00:00
00000016-0017-4000-8000-000000000000,completed,2026-06-27 14:24:43.630858+00:00,2026-06-27 14:24:43.761098+00:00
00000022-0019-4000-8000-000000000000,completed,2026-06-27 14:24:47.232390+00:00,2026-06-27 14:24:47.380391+00:00
00000005-0018-4000-8000-000000000000,completed,2026-06-27 14:24:44.900179+00:00,2026-06-27 14:24:45.043999+00:00
00000025-0019-4000-8000-000000000000,completed,2026-06-27 14:24:47.363993+00:00,2026-06-27 14:24:47.500299+00:00
00000017-0018-4000-8000-000000000000,completed,2026-06-27 14:24:45.317507+00:00,2026-06-27 14:24:45.449107+00:00
00000025-0023-4000-8000-000000000000,completed,2026-06-27 14:24:53.710418+00:00,2026-06-27 14:24:53.845166+00:00
00000034-0022-4000-8000-000000000000,completed,2026-06-27 14:24:52.367499+00:00,2026-06-27 14:24:52.508415+00:00
00000010-0020-4000-8000-000000000000,completed,2026-06-27 14:24:48.553913+00:00,2026-06-27 14:24:48.686112+00:00
00000047-0020-4000-8000-000000000000,completed,2026-06-27 14:24:49.725329+00:00,2026-06-27 14:24:49.864758+00:00
00000022-0021-4000-8000-000000000000,completed,2026-06-27 14:24:50.487361+00:00,2026-06-27 14:24:50.626251+00:00
00000015-0025-4000-8000-000000000000,completed,2026-06-27 14:24:56.320269+00:00,2026-06-27 14:24:56.453905+00:00
00000050-0022-4000-8000-000000000000,completed,2026-06-27 14:24:52.983665+00:00,2026-06-27 14:24:53.125053+00:00
00000002-0023-4000-8000-000000000000,completed,2026-06-27 14:24:53.102981+00:00,2026-06-27 14:24:53.255556+00:00
00000045-0023-4000-8000-000000000000,completed,2026-06-27 14:24:54.312373+00:00,2026-06-27 14:24:54.446820+00:00
00000020-0024-4000-8000-000000000000,completed,2026-06-27 14:24:55.026537+00:00,2026-06-27 14:24:55.157102+00:00
00000046-0025-4000-8000-000000000000,completed,2026-06-27 14:24:57.359569+00:00,2026-06-27 14:24:57.508683+00:00
00000041-0025-4000-8000-000000000000,completed,2026-06-27 14:24:57.129362+00:00,2026-06-27 14:24:57.283473+00:00
00000028-0026-4000-8000-000000000000,completed,2026-06-27 14:24:58.157110+00:00,2026-06-27 14:24:58.295778+00:00
00000047-0026-4000-8000-000000000000,completed,2026-06-27 14:24:58.720838+00:00,2026-06-27 14:24:58.875249+00:00
00000045-0027-4000-8000-000000000000,completed,2026-06-27 14:25:00.057453+00:00,2026-06-27 14:25:00.221946+00:00
00000005-0028-4000-8000-000000000000,completed,2026-06-27 14:25:00.278426+00:00,2026-06-27 14:25:00.428073+00:00
00000048-0025-4000-8000-000000000000,completed,2026-06-27 14:24:57.330810+00:00,2026-06-27 14:24:57.469072+00:00
00000007-0022-4000-8000-000000000000,completed,2026-06-27 14:24:51.590639+00:00,2026-06-27 14:24:51.723327+00:00
00000012-0022-4000-8000-000000000000,completed,2026-06-27 14:24:51.715696+00:00,2026-06-27 14:24:51.846252+00:00
00000006-0033-4000-8000-000000000000,completed,2026-06-27 14:25:06.982851+00:00,2026-06-27 14:25:07.148417+00:00
00000030-0022-4000-8000-000000000000,completed,2026-06-27 14:24:52.458950+00:00,2026-06-27 14:24:52.613427+00:00
00000029-0026-4000-8000-000000000000,completed,2026-06-27 14:24:58.131407+00:00,2026-06-27 14:24:58.277000+00:00
00000019-0023-4000-8000-000000000000,completed,2026-06-27 14:24:53.801163+00:00,2026-06-27 14:24:53.938499+00:00
00000044-0023-4000-8000-000000000000,completed,2026-06-27 14:24:54.162005+00:00,2026-06-27 14:24:54.307590+00:00
00000013-0029-4000-8000-000000000000,completed,2026-06-27 14:25:01.883158+00:00,2026-06-27 14:25:02.029897+00:00
00000030-0026-4000-8000-000000000000,completed,2026-06-27 14:24:58.354325+00:00,2026-06-27 14:24:58.509386+00:00
00000007-0024-4000-8000-000000000000,completed,2026-06-27 14:24:54.642897+00:00,2026-06-27 14:24:54.814851+00:00
00000012-0024-4000-8000-000000000000,completed,2026-06-27 14:24:54.761437+00:00,2026-06-27 14:24:54.902881+00:00
00000024-0024-4000-8000-000000000000,completed,2026-06-27 14:24:55.115751+00:00,2026-06-27 14:24:55.241587+00:00
00000018-0025-4000-8000-000000000000,completed,2026-06-27 14:24:56.409142+00:00,2026-06-27 14:24:56.571455+00:00
00000026-0025-4000-8000-000000000000,completed,2026-06-27 14:24:56.638444+00:00,2026-06-27 14:24:56.784102+00:00
00000004-0031-4000-8000-000000000000,completed,2026-06-27 14:25:04.322188+00:00,2026-06-27 14:25:04.458841+00:00
00000021-0029-4000-8000-000000000000,completed,2026-06-27 14:25:02.098748+00:00,2026-06-27 14:25:02.260873+00:00
00000003-0028-4000-8000-000000000000,completed,2026-06-27 14:25:00.250490+00:00,2026-06-27 14:25:00.401148+00:00
00000007-0028-4000-8000-000000000000,completed,2026-06-27 14:25:00.360890+00:00,2026-06-27 14:25:00.519842+00:00
00000029-0028-4000-8000-000000000000,completed,2026-06-27 14:25:00.910020+00:00,2026-06-27 14:25:01.082096+00:00
00000042-0028-4000-8000-000000000000,completed,2026-06-27 14:25:01.234708+00:00,2026-06-27 14:25:01.394408+00:00
00000024-0030-4000-8000-000000000000,completed,2026-06-27 14:25:03.483079+00:00,2026-06-27 14:25:03.646494+00:00
00000041-0031-4000-8000-000000000000,completed,2026-06-27 14:25:05.251372+00:00,2026-06-27 14:25:05.393281+00:00
00000030-0030-4000-8000-000000000000,completed,2026-06-27 14:25:03.799582+00:00,2026-06-27 14:25:03.946856+00:00
00000013-0031-4000-8000-000000000000,completed,2026-06-27 14:25:04.526850+00:00,2026-06-27 14:25:04.681310+00:00
00000019-0031-4000-8000-000000000000,completed,2026-06-27 14:25:04.943785+00:00,2026-06-27 14:25:05.092529+00:00
00000031-0032-4000-8000-000000000000,completed,2026-06-27 14:25:06.578252+00:00,2026-06-27 14:25:06.715537+00:00
00000007-0032-4000-8000-000000000000,completed,2026-06-27 14:25:05.662049+00:00,2026-06-27 14:25:05.812231+00:00
00000004-0033-4000-8000-000000000000,completed,2026-06-27 14:25:06.883087+00:00,2026-06-27 14:25:07.035353+00:00
00000011-0034-4000-8000-000000000000,completed,2026-06-27 14:25:08.386039+00:00,2026-06-27 14:25:08.536548+00:00
00000029-0034-4000-8000-000000000000,completed,2026-06-27 14:25:08.685157+00:00,2026-06-27 14:25:08.859350+00:00
00000039-0025-4000-8000-000000000000,completed,2026-06-27 14:24:57.044262+00:00,2026-06-27 14:24:57.182471+00:00
00000013-0022-4000-8000-000000000000,completed,2026-06-27 14:24:51.777426+00:00,2026-06-27 14:24:51.924340+00:00
00000036-0022-4000-8000-000000000000,completed,2026-06-27 14:24:52.397775+00:00,2026-06-27 14:24:52.542483+00:00
00000031-0033-4000-8000-000000000000,completed,2026-06-27 14:25:07.835315+00:00,2026-06-27 14:25:07.986600+00:00
00000007-0023-4000-8000-000000000000,completed,2026-06-27 14:24:53.133872+00:00,2026-06-27 14:24:53.268802+00:00
00000049-0025-4000-8000-000000000000,completed,2026-06-27 14:24:57.387873+00:00,2026-06-27 14:24:57.524988+00:00
00000011-0023-4000-8000-000000000000,completed,2026-06-27 14:24:53.378581+00:00,2026-06-27 14:24:53.509904+00:00
00000024-0023-4000-8000-000000000000,completed,2026-06-27 14:24:53.619731+00:00,2026-06-27 14:24:53.758807+00:00
00000032-0027-4000-8000-000000000000,completed,2026-06-27 14:24:59.642815+00:00,2026-06-27 14:24:59.782237+00:00
00000039-0023-4000-8000-000000000000,completed,2026-06-27 14:24:54.103366+00:00,2026-06-27 14:24:54.234340+00:00
00000018-0026-4000-8000-000000000000,completed,2026-06-27 14:24:57.849845+00:00,2026-06-27 14:24:58.001126+00:00
00000019-0024-4000-8000-000000000000,completed,2026-06-27 14:24:55.292802+00:00,2026-06-27 14:24:55.436529+00:00
00000003-0025-4000-8000-000000000000,completed,2026-06-27 14:24:55.999291+00:00,2026-06-27 14:24:56.151132+00:00
00000040-0026-4000-8000-000000000000,completed,2026-06-27 14:24:58.447782+00:00,2026-06-27 14:24:58.581072+00:00
00000007-0025-4000-8000-000000000000,completed,2026-06-27 14:24:56.116042+00:00,2026-06-27 14:24:56.258667+00:00
00000012-0025-4000-8000-000000000000,completed,2026-06-27 14:24:56.233230+00:00,2026-06-27 14:24:56.372105+00:00
00000011-0031-4000-8000-000000000000,completed,2026-06-27 14:25:04.580100+00:00,2026-06-27 14:25:04.738370+00:00
00000043-0029-4000-8000-000000000000,completed,2026-06-27 14:25:02.795740+00:00,2026-06-27 14:25:02.946032+00:00
00000037-0026-4000-8000-000000000000,completed,2026-06-27 14:24:58.645470+00:00,2026-06-27 14:24:58.784456+00:00
00000012-0027-4000-8000-000000000000,completed,2026-06-27 14:24:59.085923+00:00,2026-06-27 14:24:59.223937+00:00
00000008-0027-4000-8000-000000000000,completed,2026-06-27 14:24:59.309379+00:00,2026-06-27 14:24:59.435157+00:00
00000013-0032-4000-8000-000000000000,completed,2026-06-27 14:25:05.815936+00:00,2026-06-27 14:25:05.968576+00:00
00000026-0030-4000-8000-000000000000,completed,2026-06-27 14:25:03.533658+00:00,2026-06-27 14:25:03.692012+00:00
00000019-0030-4000-8000-000000000000,completed,2026-06-27 14:25:03.639604+00:00,2026-06-27 14:25:03.787606+00:00
00000031-0031-4000-8000-000000000000,completed,2026-06-27 14:25:05.301779+00:00,2026-06-27 14:25:05.452496+00:00
00000049-0031-4000-8000-000000000000,completed,2026-06-27 14:25:05.508733+00:00,2026-06-27 14:25:05.655369+00:00
00000007-0033-4000-8000-000000000000,completed,2026-06-27 14:25:06.933208+00:00,2026-06-27 14:25:07.076925+00:00
00000019-0032-4000-8000-000000000000,completed,2026-06-27 14:25:06.224810+00:00,2026-06-27 14:25:06.384962+00:00
00000024-0033-4000-8000-000000000000,completed,2026-06-27 14:25:07.335769+00:00,2026-06-27 14:25:07.481095+00:00
00000032-0033-4000-8000-000000000000,completed,2026-06-27 14:25:07.535911+00:00,2026-06-27 14:25:07.668784+00:00
00000042-0033-4000-8000-000000000000,completed,2026-06-27 14:25:07.734570+00:00,2026-06-27 14:25:07.874002+00:00
00000027-0027-4000-8000-000000000000,completed,2026-06-27 14:24:59.781150+00:00,2026-06-27 14:24:59.914423+00:00
00000042-0023-4000-8000-000000000000,completed,2026-06-27 14:24:54.132611+00:00,2026-06-27 14:24:54.263508+00:00
00000035-0024-4000-8000-000000000000,completed,2026-06-27 14:24:55.441186+00:00,2026-06-27 14:24:55.579090+00:00
00000020-0033-4000-8000-000000000000,completed,2026-06-27 14:25:07.259018+00:00,2026-06-27 14:25:07.405379+00:00
00000023-0025-4000-8000-000000000000,completed,2026-06-27 14:24:56.609928+00:00,2026-06-27 14:24:56.760461+00:00
00000047-0025-4000-8000-000000000000,completed,2026-06-27 14:24:57.303294+00:00,2026-06-27 14:24:57.442783+00:00
00000035-0030-4000-8000-000000000000,completed,2026-06-27 14:25:03.771239+00:00,2026-06-27 14:25:03.909185+00:00
00000038-0027-4000-8000-000000000000,completed,2026-06-27 14:25:00.001899+00:00,2026-06-27 14:25:00.147979+00:00
00000016-0026-4000-8000-000000000000,completed,2026-06-27 14:24:57.872800+00:00,2026-06-27 14:24:58.143202+00:00
00000025-0026-4000-8000-000000000000,completed,2026-06-27 14:24:58.099872+00:00,2026-06-27 14:24:58.226652+00:00
00000047-0027-4000-8000-000000000000,completed,2026-06-27 14:25:00.112839+00:00,2026-06-27 14:25:00.274544+00:00
00000039-0026-4000-8000-000000000000,completed,2026-06-27 14:24:58.468747+00:00,2026-06-27 14:24:58.605607+00:00
00000014-0026-4000-8000-000000000000,completed,2026-06-27 14:24:58.580648+00:00,2026-06-27 14:24:58.712257+00:00
00000015-0028-4000-8000-000000000000,completed,2026-06-27 14:25:00.553903+00:00,2026-06-27 14:25:00.717425+00:00
00000028-0027-4000-8000-000000000000,completed,2026-06-27 14:24:59.562029+00:00,2026-06-27 14:24:59.688665+00:00
00000020-0031-4000-8000-000000000000,completed,2026-06-27 14:25:04.710721+00:00,2026-06-27 14:25:04.874554+00:00
00000034-0027-4000-8000-000000000000,completed,2026-06-27 14:24:59.670538+00:00,2026-06-27 14:24:59.843378+00:00
00000014-0030-4000-8000-000000000000,completed,2026-06-27 14:25:03.982567+00:00,2026-06-27 14:25:04.124940+00:00
00000025-0028-4000-8000-000000000000,completed,2026-06-27 14:25:00.881089+00:00,2026-06-27 14:25:01.032544+00:00
00000046-0028-4000-8000-000000000000,completed,2026-06-27 14:25:01.535133+00:00,2026-06-27 14:25:01.697273+00:00
00000001-0029-4000-8000-000000000000,completed,2026-06-27 14:25:01.750632+00:00,2026-06-27 14:25:01.901453+00:00
00000046-0030-4000-8000-000000000000,completed,2026-06-27 14:25:04.188468+00:00,2026-06-27 14:25:04.332185+00:00
00000022-0032-4000-8000-000000000000,completed,2026-06-27 14:25:06.045311+00:00,2026-06-27 14:25:06.192461+00:00
00000010-0031-4000-8000-000000000000,completed,2026-06-27 14:25:04.500649+00:00,2026-06-27 14:25:04.658880+00:00
00000027-0031-4000-8000-000000000000,completed,2026-06-27 14:25:05.123173+00:00,2026-06-27 14:25:05.277944+00:00
00000015-0032-4000-8000-000000000000,completed,2026-06-27 14:25:05.842220+00:00,2026-06-27 14:25:06.004240+00:00
00000005-0033-4000-8000-000000000000,completed,2026-06-27 14:25:06.859098+00:00,2026-06-27 14:25:07.012322+00:00
00000045-0032-4000-8000-000000000000,completed,2026-06-27 14:25:06.655073+00:00,2026-06-27 14:25:06.789309+00:00
00000017-0033-4000-8000-000000000000,completed,2026-06-27 14:25:07.158035+00:00,2026-06-27 14:25:07.301681+00:00
00000028-0033-4000-8000-000000000000,completed,2026-06-27 14:25:07.460661+00:00,2026-06-27 14:25:07.614273+00:00
00000016-0034-4000-8000-000000000000,completed,2026-06-27 14:25:08.460568+00:00,2026-06-27 14:25:08.608273+00:00
00000047-0032-4000-8000-000000000000,completed,2026-06-27 14:25:06.705034+00:00,2026-06-27 14:25:06.852354+00:00
00000027-0028-4000-8000-000000000000,completed,2026-06-27 14:25:01.154858+00:00,2026-06-27 14:25:01.335007+00:00
00000038-0028-4000-8000-000000000000,completed,2026-06-27 14:25:01.373157+00:00,2026-06-27 14:25:01.515756+00:00
00000047-0028-4000-8000-000000000000,completed,2026-06-27 14:25:01.478693+00:00,2026-06-27 14:25:01.622190+00:00
00000005-0034-4000-8000-000000000000,completed,2026-06-27 14:25:08.111280+00:00,2026-06-27 14:25:08.258993+00:00
00000039-0029-4000-8000-000000000000,completed,2026-06-27 14:25:02.553285+00:00,2026-06-27 14:25:02.690916+00:00
00000001-0030-4000-8000-000000000000,completed,2026-06-27 14:25:03.086670+00:00,2026-06-27 14:25:03.211637+00:00
00000001-0036-4000-8000-000000000000,completed,2026-06-27 14:25:10.711314+00:00,2026-06-27 14:25:10.864063+00:00
00000017-0030-4000-8000-000000000000,completed,2026-06-27 14:25:03.295502+00:00,2026-06-27 14:25:03.434742+00:00
00000017-0034-4000-8000-000000000000,completed,2026-06-27 14:25:08.412206+00:00,2026-06-27 14:25:08.549924+00:00
00000050-0030-4000-8000-000000000000,completed,2026-06-27 14:25:04.240462+00:00,2026-06-27 14:25:04.390610+00:00
00000045-0031-4000-8000-000000000000,completed,2026-06-27 14:25:05.381037+00:00,2026-06-27 14:25:05.522397+00:00
00000020-0032-4000-8000-000000000000,completed,2026-06-27 14:25:05.995117+00:00,2026-06-27 14:25:06.137206+00:00
00000028-0034-4000-8000-000000000000,completed,2026-06-27 14:25:08.711529+00:00,2026-06-27 14:25:08.841980+00:00
00000028-0032-4000-8000-000000000000,completed,2026-06-27 14:25:06.198814+00:00,2026-06-27 14:25:06.382949+00:00
00000017-0036-4000-8000-000000000000,completed,2026-06-27 14:25:10.911978+00:00,2026-06-27 14:25:11.072699+00:00
00000038-0034-4000-8000-000000000000,completed,2026-06-27 14:25:09.110324+00:00,2026-06-27 14:25:09.276913+00:00
00000014-0035-4000-8000-000000000000,completed,2026-06-27 14:25:10.310259+00:00,2026-06-27 14:25:10.450075+00:00
00000017-0038-4000-8000-000000000000,completed,2026-06-27 14:25:13.409881+00:00,2026-06-27 14:25:13.554118+00:00
00000046-0035-4000-8000-000000000000,completed,2026-06-27 14:25:10.510445+00:00,2026-06-27 14:25:10.638438+00:00
00000034-0036-4000-8000-000000000000,completed,2026-06-27 14:25:11.310611+00:00,2026-06-27 14:25:11.461915+00:00
00000047-0036-4000-8000-000000000000,completed,2026-06-27 14:25:11.710338+00:00,2026-06-27 14:25:11.869062+00:00
00000044-0036-4000-8000-000000000000,completed,2026-06-27 14:25:11.509885+00:00,2026-06-27 14:25:11.669492+00:00
00000050-0036-4000-8000-000000000000,completed,2026-06-27 14:25:11.809807+00:00,2026-06-27 14:25:11.952124+00:00
00000046-0037-4000-8000-000000000000,completed,2026-06-27 14:25:13.009729+00:00,2026-06-27 14:25:13.149455+00:00
00000039-0039-4000-8000-000000000000,completed,2026-06-27 14:25:15.209317+00:00,2026-06-27 14:25:15.337843+00:00
00000002-0039-4000-8000-000000000000,completed,2026-06-27 14:25:14.409880+00:00,2026-06-27 14:25:14.546957+00:00
00000045-0039-4000-8000-000000000000,completed,2026-06-27 14:25:15.409939+00:00,2026-06-27 14:25:15.555625+00:00
00000034-0040-4000-8000-000000000000,completed,2026-06-27 14:25:16.310887+00:00,2026-06-27 14:25:16.472082+00:00
00000044-0040-4000-8000-000000000000,completed,2026-06-27 14:25:16.510476+00:00,2026-06-27 14:25:16.650473+00:00
00000047-0040-4000-8000-000000000000,completed,2026-06-27 14:25:16.710665+00:00,2026-06-27 14:25:16.863472+00:00
00000008-0039-4000-8000-000000000000,completed,2026-06-27 14:25:14.735079+00:00,2026-06-27 14:25:14.875411+00:00
00000013-0034-4000-8000-000000000000,completed,2026-06-27 14:25:08.335604+00:00,2026-06-27 14:25:08.484172+00:00
00000021-0034-4000-8000-000000000000,completed,2026-06-27 14:25:08.542182+00:00,2026-06-27 14:25:08.675517+00:00
00000019-0034-4000-8000-000000000000,completed,2026-06-27 14:25:08.735390+00:00,2026-06-27 14:25:08.896215+00:00
00000035-0040-4000-8000-000000000000,completed,2026-06-27 14:25:16.335696+00:00,2026-06-27 14:25:16.490872+00:00
00000040-0034-4000-8000-000000000000,completed,2026-06-27 14:25:08.934803+00:00,2026-06-27 14:25:09.095906+00:00
00000003-0035-4000-8000-000000000000,completed,2026-06-27 14:25:09.339739+00:00,2026-06-27 14:25:09.503873+00:00
00000006-0044-4000-8000-000000000000,completed,2026-06-27 14:25:20.734928+00:00,2026-06-27 14:25:20.923256+00:00
00000031-0035-4000-8000-000000000000,completed,2026-06-27 14:25:10.339014+00:00,2026-06-27 14:25:10.462068+00:00
00000048-0040-4000-8000-000000000000,completed,2026-06-27 14:25:16.737498+00:00,2026-06-27 14:25:16.880299+00:00
00000006-0036-4000-8000-000000000000,completed,2026-06-27 14:25:10.735007+00:00,2026-06-27 14:25:10.872627+00:00
00000021-0036-4000-8000-000000000000,completed,2026-06-27 14:25:11.034496+00:00,2026-06-27 14:25:11.181899+00:00
00000007-0041-4000-8000-000000000000,completed,2026-06-27 14:25:16.935206+00:00,2026-06-27 14:25:17.091131+00:00
00000048-0036-4000-8000-000000000000,completed,2026-06-27 14:25:11.733857+00:00,2026-06-27 14:25:11.870514+00:00
00000003-0037-4000-8000-000000000000,completed,2026-06-27 14:25:11.834758+00:00,2026-06-27 14:25:11.969237+00:00
00000043-0045-4000-8000-000000000000,completed,2026-06-27 14:25:22.936371+00:00,2026-06-27 14:25:23.082478+00:00
00000040-0044-4000-8000-000000000000,completed,2026-06-27 14:25:21.435253+00:00,2026-06-27 14:25:21.589198+00:00
00000031-0041-4000-8000-000000000000,completed,2026-06-27 14:25:17.834173+00:00,2026-06-27 14:25:17.971892+00:00
00000035-0042-4000-8000-000000000000,completed,2026-06-27 14:25:18.835496+00:00,2026-06-27 14:25:18.987256+00:00
00000042-0043-4000-8000-000000000000,completed,2026-06-27 14:25:20.235319+00:00,2026-06-27 14:25:20.379200+00:00
00000007-0045-4000-8000-000000000000,completed,2026-06-27 14:25:21.934162+00:00,2026-06-27 14:25:22.072110+00:00
00000035-0046-4000-8000-000000000000,completed,2026-06-27 14:25:23.835820+00:00,2026-06-27 14:25:23.970072+00:00
00000024-0045-4000-8000-000000000000,completed,2026-06-27 14:25:22.334985+00:00,2026-06-27 14:25:22.464304+00:00
00000013-0046-4000-8000-000000000000,completed,2026-06-27 14:25:23.335436+00:00,2026-06-27 14:25:23.517720+00:00
00000026-0046-4000-8000-000000000000,completed,2026-06-27 14:25:23.635284+00:00,2026-06-27 14:25:23.806539+00:00
00000012-0047-4000-8000-000000000000,completed,2026-06-27 14:25:24.535373+00:00,2026-06-27 14:25:24.678218+00:00
00000003-0047-4000-8000-000000000000,completed,2026-06-27 14:25:24.335479+00:00,2026-06-27 14:25:24.478443+00:00
00000032-0049-4000-8000-000000000000,completed,2026-06-27 14:25:27.535026+00:00,2026-06-27 14:25:27.706531+00:00
00000024-0049-4000-8000-000000000000,completed,2026-06-27 14:25:27.335810+00:00,2026-06-27 14:25:27.491170+00:00
00000029-0049-4000-8000-000000000000,completed,2026-06-27 14:25:27.434859+00:00,2026-06-27 14:25:27.573250+00:00
00000043-0049-4000-8000-000000000000,completed,2026-06-27 14:25:27.934192+00:00,2026-06-27 14:25:28.083036+00:00
00000031-0038-4000-8000-000000000000,completed,2026-06-27 14:25:14.085097+00:00,2026-06-27 14:25:14.246077+00:00
00000042-0034-4000-8000-000000000000,completed,2026-06-27 14:25:08.984855+00:00,2026-06-27 14:25:09.118400+00:00
00000026-0035-4000-8000-000000000000,completed,2026-06-27 14:25:09.886791+00:00,2026-06-27 14:25:10.035951+00:00
00000019-0035-4000-8000-000000000000,completed,2026-06-27 14:25:09.985294+00:00,2026-06-27 14:25:10.137818+00:00
00000041-0035-4000-8000-000000000000,completed,2026-06-27 14:25:10.287106+00:00,2026-06-27 14:25:10.455857+00:00
00000037-0041-4000-8000-000000000000,completed,2026-06-27 14:25:17.884730+00:00,2026-06-27 14:25:18.019488+00:00
00000003-0036-4000-8000-000000000000,completed,2026-06-27 14:25:10.585241+00:00,2026-06-27 14:25:10.738793+00:00
00000013-0039-4000-8000-000000000000,completed,2026-06-27 14:25:14.588180+00:00,2026-06-27 14:25:14.735528+00:00
00000029-0036-4000-8000-000000000000,completed,2026-06-27 14:25:11.185443+00:00,2026-06-27 14:25:11.322983+00:00
00000018-0039-4000-8000-000000000000,completed,2026-06-27 14:25:14.689335+00:00,2026-06-27 14:25:14.828905+00:00
00000030-0036-4000-8000-000000000000,completed,2026-06-27 14:25:11.385550+00:00,2026-06-27 14:25:11.539266+00:00
00000018-0037-4000-8000-000000000000,completed,2026-06-27 14:25:12.184963+00:00,2026-06-27 14:25:12.323609+00:00
00000012-0038-4000-8000-000000000000,completed,2026-06-27 14:25:13.285197+00:00,2026-06-27 14:25:13.462925+00:00
00000011-0038-4000-8000-000000000000,completed,2026-06-27 14:25:13.385504+00:00,2026-06-27 14:25:13.537444+00:00
00000019-0043-4000-8000-000000000000,completed,2026-06-27 14:25:19.987483+00:00,2026-06-27 14:25:20.132661+00:00
00000024-0042-4000-8000-000000000000,completed,2026-06-27 14:25:18.585550+00:00,2026-06-27 14:25:18.727201+00:00
00000041-0039-4000-8000-000000000000,completed,2026-06-27 14:25:15.284915+00:00,2026-06-27 14:25:15.422144+00:00
00000037-0039-4000-8000-000000000000,completed,2026-06-27 14:25:15.385345+00:00,2026-06-27 14:25:15.523825+00:00
00000003-0040-4000-8000-000000000000,completed,2026-06-27 14:25:15.586049+00:00,2026-06-27 14:25:15.724196+00:00
00000035-0041-4000-8000-000000000000,completed,2026-06-27 14:25:17.585535+00:00,2026-06-27 14:25:17.729509+00:00
00000006-0043-4000-8000-000000000000,completed,2026-06-27 14:25:19.487944+00:00,2026-06-27 14:25:19.622447+00:00
00000029-0046-4000-8000-000000000000,completed,2026-06-27 14:25:23.686674+00:00,2026-06-27 14:25:23.859240+00:00
00000018-0043-4000-8000-000000000000,completed,2026-06-27 14:25:19.686311+00:00,2026-06-27 14:25:19.837115+00:00
00000026-0045-4000-8000-000000000000,completed,2026-06-27 14:25:22.385455+00:00,2026-06-27 14:25:22.524502+00:00
00000012-0046-4000-8000-000000000000,completed,2026-06-27 14:25:23.285181+00:00,2026-06-27 14:25:23.455975+00:00
00000049-0046-4000-8000-000000000000,completed,2026-06-27 14:25:24.285795+00:00,2026-06-27 14:25:24.432798+00:00
00000031-0046-4000-8000-000000000000,completed,2026-06-27 14:25:24.085144+00:00,2026-06-27 14:25:24.232533+00:00
00000018-0047-4000-8000-000000000000,completed,2026-06-27 14:25:24.686763+00:00,2026-06-27 14:25:24.833813+00:00
00000011-0048-4000-8000-000000000000,completed,2026-06-27 14:25:25.885730+00:00,2026-06-27 14:25:26.032196+00:00
00000007-0048-4000-8000-000000000000,completed,2026-06-27 14:25:25.685111+00:00,2026-06-27 14:25:25.833569+00:00
00000012-0048-4000-8000-000000000000,completed,2026-06-27 14:25:25.788747+00:00,2026-06-27 14:25:25.948490+00:00
00000038-0043-4000-8000-000000000000,completed,2026-06-27 14:25:20.359753+00:00,2026-06-27 14:25:20.516248+00:00
00000038-0035-4000-8000-000000000000,completed,2026-06-27 14:25:10.361138+00:00,2026-06-27 14:25:10.522183+00:00
00000025-0040-4000-8000-000000000000,completed,2026-06-27 14:25:16.159597+00:00,2026-06-27 14:25:16.303329+00:00
00000025-0036-4000-8000-000000000000,completed,2026-06-27 14:25:11.159528+00:00,2026-06-27 14:25:11.305015+00:00
00000028-0037-4000-8000-000000000000,completed,2026-06-27 14:25:12.460266+00:00,2026-06-27 14:25:12.597236+00:00
00000047-0043-4000-8000-000000000000,completed,2026-06-27 14:25:20.460332+00:00,2026-06-27 14:25:20.597094+00:00
00000047-0037-4000-8000-000000000000,completed,2026-06-27 14:25:12.960468+00:00,2026-06-27 14:25:13.123831+00:00
00000033-0040-4000-8000-000000000000,completed,2026-06-27 14:25:16.260808+00:00,2026-06-27 14:25:16.420227+00:00
00000033-0038-4000-8000-000000000000,completed,2026-06-27 14:25:13.760435+00:00,2026-06-27 14:25:13.901084+00:00
00000036-0040-4000-8000-000000000000,completed,2026-06-27 14:25:16.359710+00:00,2026-06-27 14:25:16.493615+00:00
00000045-0038-4000-8000-000000000000,completed,2026-06-27 14:25:14.162068+00:00,2026-06-27 14:25:14.309972+00:00
00000005-0039-4000-8000-000000000000,completed,2026-06-27 14:25:14.359230+00:00,2026-06-27 14:25:14.528853+00:00
00000001-0039-4000-8000-000000000000,completed,2026-06-27 14:25:14.464673+00:00,2026-06-27 14:25:14.619500+00:00
00000009-0042-4000-8000-000000000000,completed,2026-06-27 14:25:18.259560+00:00,2026-06-27 14:25:18.404469+00:00
00000002-0040-4000-8000-000000000000,completed,2026-06-27 14:25:15.660901+00:00,2026-06-27 14:25:15.812613+00:00
00000016-0040-4000-8000-000000000000,completed,2026-06-27 14:25:15.960092+00:00,2026-06-27 14:25:16.107401+00:00
00000033-0048-4000-8000-000000000000,completed,2026-06-27 14:25:26.260661+00:00,2026-06-27 14:25:26.413925+00:00
00000025-0044-4000-8000-000000000000,completed,2026-06-27 14:25:21.161684+00:00,2026-06-27 14:25:21.320679+00:00
00000025-0042-4000-8000-000000000000,completed,2026-06-27 14:25:18.661715+00:00,2026-06-27 14:25:18.798974+00:00
00000005-0043-4000-8000-000000000000,completed,2026-06-27 14:25:19.360135+00:00,2026-06-27 14:25:19.511048+00:00
00000034-0045-4000-8000-000000000000,completed,2026-06-27 14:25:22.561068+00:00,2026-06-27 14:25:22.700481+00:00
00000046-0046-4000-8000-000000000000,completed,2026-06-27 14:25:24.260905+00:00,2026-06-27 14:25:24.393418+00:00
00000045-0044-4000-8000-000000000000,completed,2026-06-27 14:25:21.661851+00:00,2026-06-27 14:25:21.804332+00:00
00000047-0045-4000-8000-000000000000,completed,2026-06-27 14:25:22.959802+00:00,2026-06-27 14:25:23.102653+00:00
00000020-0045-4000-8000-000000000000,completed,2026-06-27 14:25:22.261008+00:00,2026-06-27 14:25:22.407455+00:00
00000014-0046-4000-8000-000000000000,completed,2026-06-27 14:25:24.059790+00:00,2026-06-27 14:25:24.208800+00:00
00000038-0047-4000-8000-000000000000,completed,2026-06-27 14:25:25.361160+00:00,2026-06-27 14:25:25.513179+00:00
00000034-0047-4000-8000-000000000000,completed,2026-06-27 14:25:25.061417+00:00,2026-06-27 14:25:25.210736+00:00
00000025-0048-4000-8000-000000000000,completed,2026-06-27 14:25:26.161124+00:00,2026-06-27 14:25:26.300252+00:00
00000001-0049-4000-8000-000000000000,completed,2026-06-27 14:25:26.961727+00:00,2026-06-27 14:25:27.113830+00:00
00000017-0049-4000-8000-000000000000,completed,2026-06-27 14:25:27.161006+00:00,2026-06-27 14:25:27.306922+00:00
00000025-0045-4000-8000-000000000000,completed,2026-06-27 14:25:22.412155+00:00,2026-06-27 14:25:22.563577+00:00
00000039-0041-4000-8000-000000000000,completed,2026-06-27 14:25:17.711068+00:00,2026-06-27 14:25:17.877456+00:00
00000014-0041-4000-8000-000000000000,completed,2026-06-27 14:25:17.809320+00:00,2026-06-27 14:25:17.952796+00:00
00000045-0041-4000-8000-000000000000,completed,2026-06-27 14:25:17.909967+00:00,2026-06-27 14:25:18.045741+00:00
00000039-0045-4000-8000-000000000000,completed,2026-06-27 14:25:22.711657+00:00,2026-06-27 14:25:22.863279+00:00
00000005-0042-4000-8000-000000000000,completed,2026-06-27 14:25:18.109833+00:00,2026-06-27 14:25:18.269498+00:00
00000010-0042-4000-8000-000000000000,completed,2026-06-27 14:25:18.312469+00:00,2026-06-27 14:25:18.453604+00:00
00000039-0047-4000-8000-000000000000,completed,2026-06-27 14:25:25.209521+00:00,2026-06-27 14:25:25.340468+00:00
00000046-0045-4000-8000-000000000000,completed,2026-06-27 14:25:23.010737+00:00,2026-06-27 14:25:23.153605+00:00
00000020-0042-4000-8000-000000000000,completed,2026-06-27 14:25:18.516802+00:00,2026-06-27 14:25:18.657055+00:00
00000023-0042-4000-8000-000000000000,completed,2026-06-27 14:25:18.610463+00:00,2026-06-27 14:25:18.784579+00:00
00000047-0042-4000-8000-000000000000,completed,2026-06-27 14:25:19.211232+00:00,2026-06-27 14:25:19.364515+00:00
00000001-0044-4000-8000-000000000000,completed,2026-06-27 14:25:20.709519+00:00,2026-06-27 14:25:20.846505+00:00
00000001-0046-4000-8000-000000000000,completed,2026-06-27 14:25:23.209418+00:00,2026-06-27 14:25:23.369753+00:00
00000022-0049-4000-8000-000000000000,completed,2026-06-27 14:25:27.310079+00:00,2026-06-27 14:25:27.460241+00:00
00000022-0045-4000-8000-000000000000,completed,2026-06-27 14:25:22.309369+00:00,2026-06-27 14:25:22.453740+00:00
00000028-0046-4000-8000-000000000000,completed,2026-06-27 14:25:23.709125+00:00,2026-06-27 14:25:23.886855+00:00
00000027-0046-4000-8000-000000000000,completed,2026-06-27 14:25:23.909825+00:00,2026-06-27 14:25:24.060231+00:00
00000001-0048-4000-8000-000000000000,completed,2026-06-27 14:25:25.710005+00:00,2026-06-27 14:25:25.867368+00:00
00000015-0047-4000-8000-000000000000,completed,2026-06-27 14:25:24.610543+00:00,2026-06-27 14:25:24.764360+00:00
00000010-0048-4000-8000-000000000000,completed,2026-06-27 14:25:25.812160+00:00,2026-06-27 14:25:25.944239+00:00
00000020-0048-4000-8000-000000000000,completed,2026-06-27 14:25:26.010086+00:00,2026-06-27 14:25:26.154803+00:00
00000039-0049-4000-8000-000000000000,completed,2026-06-27 14:25:27.710760+00:00,2026-06-27 14:25:27.846826+00:00
00000005-0050-4000-8000-000000000000,completed,2026-06-27 14:25:28.110515+00:00,2026-06-27 14:25:28.256877+00:00
00000024-0048-4000-8000-000000000000,completed,2026-06-27 14:25:26.084215+00:00,2026-06-27 14:25:26.221492+00:00
00000003-0050-4000-8000-000000000000,completed,2026-06-27 14:25:28.084105+00:00,2026-06-27 14:25:28.241619+00:00
00000030-0050-4000-8000-000000000000,completed,2026-06-27 14:25:28.884815+00:00,2026-06-27 14:25:29.018905+00:00
00000043-0050-4000-8000-000000000000,completed,2026-06-27 14:25:29.185852+00:00,2026-06-27 14:25:29.330696+00:00
00000018-0051-4000-8000-000000000000,completed,2026-06-27 14:25:29.684979+00:00,2026-06-27 14:25:29.848514+00:00
00000026-0051-4000-8000-000000000000,completed,2026-06-27 14:25:29.887275+00:00,2026-06-27 14:25:30.035015+00:00
00000034-0049-4000-8000-000000000000,completed,2026-06-27 14:25:27.559999+00:00,2026-06-27 14:25:27.704056+00:00
00000027-0049-4000-8000-000000000000,completed,2026-06-27 14:25:27.659641+00:00,2026-06-27 14:25:27.814977+00:00
00000044-0049-4000-8000-000000000000,completed,2026-06-27 14:25:27.761506+00:00,2026-06-27 14:25:27.897589+00:00
00000015-0050-4000-8000-000000000000,completed,2026-06-27 14:25:28.361384+00:00,2026-06-27 14:25:28.506521+00:00
00000039-0050-4000-8000-000000000000,completed,2026-06-27 14:25:28.960521+00:00,2026-06-27 14:25:29.107512+00:00
00000020-0051-4000-8000-000000000000,completed,2026-06-27 14:25:29.760850+00:00,2026-06-27 14:25:29.911053+00:00
00000028-0051-4000-8000-000000000000,completed,2026-06-27 14:25:29.961831+00:00,2026-06-27 14:25:30.119273+00:00
00000038-0051-4000-8000-000000000000,completed,2026-06-27 14:25:30.360235+00:00,2026-06-27 14:25:30.490853+00:00
00000016-0054-4000-8000-000000000000,completed,2026-06-27 14:25:33.460993+00:00,2026-06-27 14:25:33.585849+00:00
00000049-0049-4000-8000-000000000000,completed,2026-06-27 14:25:28.035470+00:00,2026-06-27 14:25:28.172104+00:00
00000004-0050-4000-8000-000000000000,completed,2026-06-27 14:25:28.135701+00:00,2026-06-27 14:25:28.289060+00:00
00000047-0052-4000-8000-000000000000,completed,2026-06-27 14:25:31.709708+00:00,2026-06-27 14:25:31.858904+00:00
00000018-0050-4000-8000-000000000000,completed,2026-06-27 14:25:28.435542+00:00,2026-06-27 14:25:28.584990+00:00
00000009-0052-4000-8000-000000000000,completed,2026-06-27 14:25:30.761621+00:00,2026-06-27 14:25:30.904648+00:00
00000040-0050-4000-8000-000000000000,completed,2026-06-27 14:25:28.935131+00:00,2026-06-27 14:25:29.064842+00:00
00000012-0052-4000-8000-000000000000,completed,2026-06-27 14:25:30.786403+00:00,2026-06-27 14:25:30.941660+00:00
00000037-0050-4000-8000-000000000000,completed,2026-06-27 14:25:29.145322+00:00,2026-06-27 14:25:29.301350+00:00
00000013-0052-4000-8000-000000000000,completed,2026-06-27 14:25:30.834275+00:00,2026-06-27 14:25:31.012172+00:00
00000011-0052-4000-8000-000000000000,completed,2026-06-27 14:25:30.887615+00:00,2026-06-27 14:25:31.052398+00:00
00000007-0051-4000-8000-000000000000,completed,2026-06-27 14:25:29.435535+00:00,2026-06-27 14:25:29.572518+00:00
00000012-0051-4000-8000-000000000000,completed,2026-06-27 14:25:29.535422+00:00,2026-06-27 14:25:29.674628+00:00
00000030-0051-4000-8000-000000000000,completed,2026-06-27 14:25:30.136337+00:00,2026-06-27 14:25:30.267608+00:00
00000050-0052-4000-8000-000000000000,completed,2026-06-27 14:25:31.810443+00:00,2026-06-27 14:25:31.965140+00:00
00000004-0052-4000-8000-000000000000,completed,2026-06-27 14:25:30.638706+00:00,2026-06-27 14:25:30.810832+00:00
00000007-0053-4000-8000-000000000000,completed,2026-06-27 14:25:31.934835+00:00,2026-06-27 14:25:32.079637+00:00
00000026-0052-4000-8000-000000000000,completed,2026-06-27 14:25:31.134458+00:00,2026-06-27 14:25:31.285878+00:00
00000033-0052-4000-8000-000000000000,completed,2026-06-27 14:25:31.264271+00:00,2026-06-27 14:25:31.402786+00:00
00000041-0052-4000-8000-000000000000,completed,2026-06-27 14:25:31.535777+00:00,2026-06-27 14:25:31.669050+00:00
00000025-0053-4000-8000-000000000000,completed,2026-06-27 14:25:32.410600+00:00,2026-06-27 14:25:32.550547+00:00
00000032-0053-4000-8000-000000000000,completed,2026-06-27 14:25:32.535687+00:00,2026-06-27 14:25:32.665970+00:00
00000013-0053-4000-8000-000000000000,completed,2026-06-27 14:25:32.084482+00:00,2026-06-27 14:25:32.230277+00:00
00000017-0053-4000-8000-000000000000,completed,2026-06-27 14:25:32.159862+00:00,2026-06-27 14:25:32.298893+00:00
00000044-0053-4000-8000-000000000000,completed,2026-06-27 14:25:32.759389+00:00,2026-06-27 14:25:32.908523+00:00
00000040-0053-4000-8000-000000000000,completed,2026-06-27 14:25:32.684832+00:00,2026-06-27 14:25:32.820569+00:00
00000039-0053-4000-8000-000000000000,completed,2026-06-27 14:25:32.712605+00:00,2026-06-27 14:25:32.846999+00:00
00000038-0053-4000-8000-000000000000,completed,2026-06-27 14:25:32.860890+00:00,2026-06-27 14:25:33.023919+00:00
00000018-0054-4000-8000-000000000000,completed,2026-06-27 14:25:33.434120+00:00,2026-06-27 14:25:33.569882+00:00
00000006-0054-4000-8000-000000000000,completed,2026-06-27 14:25:33.236339+00:00,2026-06-27 14:25:33.392970+00:00
00000015-0054-4000-8000-000000000000,completed,2026-06-27 14:25:33.360110+00:00,2026-06-27 14:25:33.490281+00:00
00000012-0061-4000-8000-000000000000,completed,2026-06-27 14:25:42.036240+00:00,2026-06-27 14:25:42.169470+00:00
00000019-0054-4000-8000-000000000000,completed,2026-06-27 14:25:33.735295+00:00,2026-06-27 14:25:33.878735+00:00
00000007-0059-4000-8000-000000000000,completed,2026-06-27 14:25:39.435521+00:00,2026-06-27 14:25:39.576261+00:00
00000049-0055-4000-8000-000000000000,completed,2026-06-27 14:25:35.536871+00:00,2026-06-27 14:25:35.670031+00:00
00000012-0059-4000-8000-000000000000,completed,2026-06-27 14:25:39.534980+00:00,2026-06-27 14:25:39.687415+00:00
00000026-0056-4000-8000-000000000000,completed,2026-06-27 14:25:36.135060+00:00,2026-06-27 14:25:36.297917+00:00
00000041-0056-4000-8000-000000000000,completed,2026-06-27 14:25:36.535227+00:00,2026-06-27 14:25:36.680995+00:00
00000011-0061-4000-8000-000000000000,completed,2026-06-27 14:25:42.134414+00:00,2026-06-27 14:25:42.265302+00:00
00000008-0059-4000-8000-000000000000,completed,2026-06-27 14:25:39.736283+00:00,2026-06-27 14:25:39.885086+00:00
00000012-0057-4000-8000-000000000000,completed,2026-06-27 14:25:37.035928+00:00,2026-06-27 14:25:37.191400+00:00
00000011-0057-4000-8000-000000000000,completed,2026-06-27 14:25:37.135209+00:00,2026-06-27 14:25:37.281599+00:00
00000024-0057-4000-8000-000000000000,completed,2026-06-27 14:25:37.334041+00:00,2026-06-27 14:25:37.496944+00:00
00000042-0057-4000-8000-000000000000,completed,2026-06-27 14:25:37.734677+00:00,2026-06-27 14:25:37.879027+00:00
00000032-0059-4000-8000-000000000000,completed,2026-06-27 14:25:40.034211+00:00,2026-06-27 14:25:40.184614+00:00
00000040-0058-4000-8000-000000000000,completed,2026-06-27 14:25:38.936661+00:00,2026-06-27 14:25:39.106112+00:00
00000041-0058-4000-8000-000000000000,completed,2026-06-27 14:25:39.037250+00:00,2026-06-27 14:25:39.187009+00:00
00000043-0061-4000-8000-000000000000,completed,2026-06-27 14:25:42.935429+00:00,2026-06-27 14:25:43.071534+00:00
00000043-0059-4000-8000-000000000000,completed,2026-06-27 14:25:40.436313+00:00,2026-06-27 14:25:40.588141+00:00
00000040-0060-4000-8000-000000000000,completed,2026-06-27 14:25:41.440664+00:00,2026-06-27 14:25:41.578175+00:00
00000048-0062-4000-8000-000000000000,completed,2026-06-27 14:25:44.236695+00:00,2026-06-27 14:25:44.386075+00:00
00000021-0064-4000-8000-000000000000,completed,2026-06-27 14:25:46.038472+00:00,2026-06-27 14:25:46.174540+00:00
00000021-0062-4000-8000-000000000000,completed,2026-06-27 14:25:43.534786+00:00,2026-06-27 14:25:43.688733+00:00
00000026-0062-4000-8000-000000000000,completed,2026-06-27 14:25:43.635344+00:00,2026-06-27 14:25:43.762599+00:00
00000004-0064-4000-8000-000000000000,completed,2026-06-27 14:25:45.635660+00:00,2026-06-27 14:25:45.827767+00:00
00000006-0064-4000-8000-000000000000,completed,2026-06-27 14:25:45.735282+00:00,2026-06-27 14:25:45.873101+00:00
00000048-0064-4000-8000-000000000000,completed,2026-06-27 14:25:46.734330+00:00,2026-06-27 14:25:46.915986+00:00
00000041-0064-4000-8000-000000000000,completed,2026-06-27 14:25:46.536274+00:00,2026-06-27 14:25:46.687643+00:00
00000007-0065-4000-8000-000000000000,completed,2026-06-27 14:25:46.936177+00:00,2026-06-27 14:25:47.081446+00:00
00000030-0065-4000-8000-000000000000,completed,2026-06-27 14:25:47.635123+00:00,2026-06-27 14:25:47.781878+00:00
00000031-0065-4000-8000-000000000000,completed,2026-06-27 14:25:47.835529+00:00,2026-06-27 14:25:47.986732+00:00
00000026-0066-4000-8000-000000000000,completed,2026-06-27 14:25:48.637451+00:00,2026-06-27 14:25:48.770155+00:00
00000023-0058-4000-8000-000000000000,completed,2026-06-27 14:25:38.609211+00:00,2026-06-27 14:25:38.792790+00:00
00000027-0054-4000-8000-000000000000,completed,2026-06-27 14:25:33.910196+00:00,2026-06-27 14:25:34.122218+00:00
00000022-0057-4000-8000-000000000000,completed,2026-06-27 14:25:37.311052+00:00,2026-06-27 14:25:37.454720+00:00
00000002-0055-4000-8000-000000000000,completed,2026-06-27 14:25:34.409803+00:00,2026-06-27 14:25:34.570542+00:00
00000033-0055-4000-8000-000000000000,completed,2026-06-27 14:25:35.010152+00:00,2026-06-27 14:25:35.151146+00:00
00000028-0058-4000-8000-000000000000,completed,2026-06-27 14:25:38.711319+00:00,2026-06-27 14:25:38.878571+00:00
00000025-0057-4000-8000-000000000000,completed,2026-06-27 14:25:37.410234+00:00,2026-06-27 14:25:37.545060+00:00
00000005-0056-4000-8000-000000000000,completed,2026-06-27 14:25:35.610407+00:00,2026-06-27 14:25:35.745140+00:00
00000033-0057-4000-8000-000000000000,completed,2026-06-27 14:25:37.509735+00:00,2026-06-27 14:25:37.655831+00:00
00000001-0056-4000-8000-000000000000,completed,2026-06-27 14:25:35.712501+00:00,2026-06-27 14:25:35.860916+00:00
00000010-0056-4000-8000-000000000000,completed,2026-06-27 14:25:35.811619+00:00,2026-06-27 14:25:35.952697+00:00
00000017-0056-4000-8000-000000000000,completed,2026-06-27 14:25:35.910481+00:00,2026-06-27 14:25:36.049910+00:00
00000044-0056-4000-8000-000000000000,completed,2026-06-27 14:25:36.509971+00:00,2026-06-27 14:25:36.673079+00:00
00000038-0056-4000-8000-000000000000,completed,2026-06-27 14:25:36.610664+00:00,2026-06-27 14:25:36.775003+00:00
00000016-0057-4000-8000-000000000000,completed,2026-06-27 14:25:37.211223+00:00,2026-06-27 14:25:37.354002+00:00
00000014-0057-4000-8000-000000000000,completed,2026-06-27 14:25:37.812559+00:00,2026-06-27 14:25:37.958338+00:00
00000045-0057-4000-8000-000000000000,completed,2026-06-27 14:25:37.911771+00:00,2026-06-27 14:25:38.044906+00:00
00000017-0060-4000-8000-000000000000,completed,2026-06-27 14:25:40.914674+00:00,2026-06-27 14:25:41.056162+00:00
00000005-0058-4000-8000-000000000000,completed,2026-06-27 14:25:38.111308+00:00,2026-06-27 14:25:38.261309+00:00
00000047-0062-4000-8000-000000000000,completed,2026-06-27 14:25:44.210569+00:00,2026-06-27 14:25:44.361840+00:00
00000009-0059-4000-8000-000000000000,completed,2026-06-27 14:25:39.511135+00:00,2026-06-27 14:25:39.651415+00:00
00000015-0059-4000-8000-000000000000,completed,2026-06-27 14:25:39.611398+00:00,2026-06-27 14:25:39.775997+00:00
00000039-0061-4000-8000-000000000000,completed,2026-06-27 14:25:42.713281+00:00,2026-06-27 14:25:42.863288+00:00
00000045-0059-4000-8000-000000000000,completed,2026-06-27 14:25:40.415274+00:00,2026-06-27 14:25:40.578148+00:00
00000034-0062-4000-8000-000000000000,completed,2026-06-27 14:25:43.812785+00:00,2026-06-27 14:25:43.966694+00:00
00000034-0064-4000-8000-000000000000,completed,2026-06-27 14:25:46.311234+00:00,2026-06-27 14:25:46.459469+00:00
00000022-0063-4000-8000-000000000000,completed,2026-06-27 14:25:44.818976+00:00,2026-06-27 14:25:44.962320+00:00
00000038-0064-4000-8000-000000000000,completed,2026-06-27 14:25:46.610508+00:00,2026-06-27 14:25:46.763660+00:00
00000022-0065-4000-8000-000000000000,completed,2026-06-27 14:25:47.310418+00:00,2026-06-27 14:25:47.440001+00:00
00000033-0065-4000-8000-000000000000,completed,2026-06-27 14:25:47.518686+00:00,2026-06-27 14:25:47.686590+00:00
00000005-0066-4000-8000-000000000000,completed,2026-06-27 14:25:48.110196+00:00,2026-06-27 14:25:48.252866+00:00
00000041-0057-4000-8000-000000000000,completed,2026-06-27 14:25:37.786375+00:00,2026-06-27 14:25:37.931865+00:00
00000042-0054-4000-8000-000000000000,completed,2026-06-27 14:25:33.986598+00:00,2026-06-27 14:25:34.149128+00:00
00000006-0055-4000-8000-000000000000,completed,2026-06-27 14:25:34.485723+00:00,2026-06-27 14:25:34.638881+00:00
00000006-0061-4000-8000-000000000000,completed,2026-06-27 14:25:41.986833+00:00,2026-06-27 14:25:42.144208+00:00
00000018-0055-4000-8000-000000000000,completed,2026-06-27 14:25:34.685021+00:00,2026-06-27 14:25:34.851818+00:00
00000048-0057-4000-8000-000000000000,completed,2026-06-27 14:25:37.986207+00:00,2026-06-27 14:25:38.133741+00:00
00000037-0055-4000-8000-000000000000,completed,2026-06-27 14:25:35.386430+00:00,2026-06-27 14:25:35.530973+00:00
00000012-0056-4000-8000-000000000000,completed,2026-06-27 14:25:35.785871+00:00,2026-06-27 14:25:35.945532+00:00
00000008-0056-4000-8000-000000000000,completed,2026-06-27 14:25:35.986108+00:00,2026-06-27 14:25:36.125415+00:00
00000032-0056-4000-8000-000000000000,completed,2026-06-27 14:25:36.286483+00:00,2026-06-27 14:25:36.429112+00:00
00000013-0061-4000-8000-000000000000,completed,2026-06-27 14:25:42.086186+00:00,2026-06-27 14:25:42.224501+00:00
00000043-0056-4000-8000-000000000000,completed,2026-06-27 14:25:36.685382+00:00,2026-06-27 14:25:36.819240+00:00
00000024-0058-4000-8000-000000000000,completed,2026-06-27 14:25:38.586984+00:00,2026-06-27 14:25:38.748474+00:00
00000018-0057-4000-8000-000000000000,completed,2026-06-27 14:25:37.185556+00:00,2026-06-27 14:25:37.327363+00:00
00000029-0058-4000-8000-000000000000,completed,2026-06-27 14:25:38.685798+00:00,2026-06-27 14:25:38.841069+00:00
00000035-0059-4000-8000-000000000000,completed,2026-06-27 14:25:40.087792+00:00,2026-06-27 14:25:40.227956+00:00
00000040-0057-4000-8000-000000000000,completed,2026-06-27 14:25:37.687069+00:00,2026-06-27 14:25:37.819562+00:00
00000040-0059-4000-8000-000000000000,completed,2026-06-27 14:25:40.186518+00:00,2026-06-27 14:25:40.354740+00:00
00000030-0058-4000-8000-000000000000,completed,2026-06-27 14:25:38.884986+00:00,2026-06-27 14:25:39.048809+00:00
00000031-0058-4000-8000-000000000000,completed,2026-06-27 14:25:39.085879+00:00,2026-06-27 14:25:39.263276+00:00
00000004-0059-4000-8000-000000000000,completed,2026-06-27 14:25:39.389379+00:00,2026-06-27 14:25:39.530727+00:00
00000031-0060-4000-8000-000000000000,completed,2026-06-27 14:25:41.585666+00:00,2026-06-27 14:25:41.741336+00:00
00000031-0062-4000-8000-000000000000,completed,2026-06-27 14:25:44.085545+00:00,2026-06-27 14:25:44.265685+00:00
00000019-0061-4000-8000-000000000000,completed,2026-06-27 14:25:42.485285+00:00,2026-06-27 14:25:42.623795+00:00
00000032-0062-4000-8000-000000000000,completed,2026-06-27 14:25:43.784795+00:00,2026-06-27 14:25:43.922912+00:00
00000003-0062-4000-8000-000000000000,completed,2026-06-27 14:25:43.087569+00:00,2026-06-27 14:25:43.220562+00:00
00000030-0062-4000-8000-000000000000,completed,2026-06-27 14:25:43.886702+00:00,2026-06-27 14:25:44.024731+00:00
00000004-0063-4000-8000-000000000000,completed,2026-06-27 14:25:44.385704+00:00,2026-06-27 14:25:44.530480+00:00
00000003-0064-4000-8000-000000000000,completed,2026-06-27 14:25:45.586259+00:00,2026-06-27 14:25:45.735400+00:00
00000043-0064-4000-8000-000000000000,completed,2026-06-27 14:25:46.684431+00:00,2026-06-27 14:25:46.835626+00:00
00000040-0065-4000-8000-000000000000,completed,2026-06-27 14:25:47.688211+00:00,2026-06-27 14:25:47.836887+00:00
00000050-0057-4000-8000-000000000000,completed,2026-06-27 14:25:38.062975+00:00,2026-06-27 14:25:38.220924+00:00
00000017-0055-4000-8000-000000000000,completed,2026-06-27 14:25:34.660890+00:00,2026-06-27 14:25:34.803974+00:00
00000044-0061-4000-8000-000000000000,completed,2026-06-27 14:25:42.763707+00:00,2026-06-27 14:25:42.905618+00:00
00000028-0055-4000-8000-000000000000,completed,2026-06-27 14:25:34.960217+00:00,2026-06-27 14:25:35.096504+00:00
00000034-0055-4000-8000-000000000000,completed,2026-06-27 14:25:35.060357+00:00,2026-06-27 14:25:35.209988+00:00
00000022-0056-4000-8000-000000000000,completed,2026-06-27 14:25:36.060142+00:00,2026-06-27 14:25:36.209819+00:00
00000014-0056-4000-8000-000000000000,completed,2026-06-27 14:25:36.559564+00:00,2026-06-27 14:25:36.721970+00:00
00000016-0058-4000-8000-000000000000,completed,2026-06-27 14:25:38.460297+00:00,2026-06-27 14:25:38.615821+00:00
00000046-0056-4000-8000-000000000000,completed,2026-06-27 14:25:36.760293+00:00,2026-06-27 14:25:36.893681+00:00
00000005-0057-4000-8000-000000000000,completed,2026-06-27 14:25:36.859919+00:00,2026-06-27 14:25:37.010745+00:00
00000028-0057-4000-8000-000000000000,completed,2026-06-27 14:25:37.459840+00:00,2026-06-27 14:25:37.612656+00:00
00000022-0058-4000-8000-000000000000,completed,2026-06-27 14:25:38.562621+00:00,2026-06-27 14:25:38.694697+00:00
00000025-0058-4000-8000-000000000000,completed,2026-06-27 14:25:38.662818+00:00,2026-06-27 14:25:38.803428+00:00
00000027-0057-4000-8000-000000000000,completed,2026-06-27 14:25:37.661383+00:00,2026-06-27 14:25:37.819463+00:00
00000044-0057-4000-8000-000000000000,completed,2026-06-27 14:25:37.764355+00:00,2026-06-27 14:25:37.917931+00:00
00000044-0059-4000-8000-000000000000,completed,2026-06-27 14:25:40.264575+00:00,2026-06-27 14:25:40.389882+00:00
00000038-0059-4000-8000-000000000000,completed,2026-06-27 14:25:40.361308+00:00,2026-06-27 14:25:40.509793+00:00
00000036-0058-4000-8000-000000000000,completed,2026-06-27 14:25:38.861703+00:00,2026-06-27 14:25:39.009179+00:00
00000014-0058-4000-8000-000000000000,completed,2026-06-27 14:25:39.060528+00:00,2026-06-27 14:25:39.191280+00:00
00000005-0061-4000-8000-000000000000,completed,2026-06-27 14:25:41.862962+00:00,2026-06-27 14:25:41.998933+00:00
00000001-0059-4000-8000-000000000000,completed,2026-06-27 14:25:39.460524+00:00,2026-06-27 14:25:39.599167+00:00
00000009-0060-4000-8000-000000000000,completed,2026-06-27 14:25:40.760210+00:00,2026-06-27 14:25:40.899617+00:00
00000039-0060-4000-8000-000000000000,completed,2026-06-27 14:25:41.468123+00:00,2026-06-27 14:25:41.619375+00:00
00000016-0060-4000-8000-000000000000,completed,2026-06-27 14:25:40.960370+00:00,2026-06-27 14:25:41.105929+00:00
00000014-0060-4000-8000-000000000000,completed,2026-06-27 14:25:41.563243+00:00,2026-06-27 14:25:41.710618+00:00
00000020-0061-4000-8000-000000000000,completed,2026-06-27 14:25:42.260061+00:00,2026-06-27 14:25:42.389504+00:00
00000001-0061-4000-8000-000000000000,completed,2026-06-27 14:25:41.959881+00:00,2026-06-27 14:25:42.088499+00:00
00000023-0061-4000-8000-000000000000,completed,2026-06-27 14:25:42.361478+00:00,2026-06-27 14:25:42.509458+00:00
00000027-0061-4000-8000-000000000000,completed,2026-06-27 14:25:42.661429+00:00,2026-06-27 14:25:42.813469+00:00
00000014-0062-4000-8000-000000000000,completed,2026-06-27 14:25:44.060204+00:00,2026-06-27 14:25:44.218540+00:00
00000017-0063-4000-8000-000000000000,completed,2026-06-27 14:25:44.662049+00:00,2026-06-27 14:25:44.803439+00:00
00000010-0067-4000-8000-000000000000,completed,2026-06-27 14:25:49.564006+00:00,2026-06-27 14:25:49.701932+00:00
00000027-0063-4000-8000-000000000000,completed,2026-06-27 14:25:45.162251+00:00,2026-06-27 14:25:45.306605+00:00
00000050-0063-4000-8000-000000000000,completed,2026-06-27 14:25:45.560485+00:00,2026-06-27 14:25:45.705596+00:00
00000038-0071-4000-8000-000000000000,completed,2026-06-27 14:25:55.359765+00:00,2026-06-27 14:25:55.514176+00:00
00000033-0064-4000-8000-000000000000,completed,2026-06-27 14:25:46.263392+00:00,2026-06-27 14:25:46.411395+00:00
00000036-0064-4000-8000-000000000000,completed,2026-06-27 14:25:46.364568+00:00,2026-06-27 14:25:46.500887+00:00
00000038-0069-4000-8000-000000000000,completed,2026-06-27 14:25:52.861576+00:00,2026-06-27 14:25:53.021905+00:00
00000014-0064-4000-8000-000000000000,completed,2026-06-27 14:25:46.560471+00:00,2026-06-27 14:25:46.710927+00:00
00000028-0067-4000-8000-000000000000,completed,2026-06-27 14:25:49.962742+00:00,2026-06-27 14:25:50.110793+00:00
00000005-0065-4000-8000-000000000000,completed,2026-06-27 14:25:46.860994+00:00,2026-06-27 14:25:46.991897+00:00
00000034-0067-4000-8000-000000000000,completed,2026-06-27 14:25:50.061541+00:00,2026-06-27 14:25:50.196959+00:00
00000038-0065-4000-8000-000000000000,completed,2026-06-27 14:25:47.860633+00:00,2026-06-27 14:25:48.010925+00:00
00000002-0066-4000-8000-000000000000,completed,2026-06-27 14:25:48.160476+00:00,2026-06-27 14:25:48.302367+00:00
00000014-0066-4000-8000-000000000000,completed,2026-06-27 14:25:49.061021+00:00,2026-06-27 14:25:49.206484+00:00
00000038-0067-4000-8000-000000000000,completed,2026-06-27 14:25:50.359833+00:00,2026-06-27 14:25:50.492783+00:00
00000047-0071-4000-8000-000000000000,completed,2026-06-27 14:25:55.460694+00:00,2026-06-27 14:25:55.623469+00:00
00000001-0067-4000-8000-000000000000,completed,2026-06-27 14:25:49.463211+00:00,2026-06-27 14:25:49.609612+00:00
00000032-0070-4000-8000-000000000000,completed,2026-06-27 14:25:53.759582+00:00,2026-06-27 14:25:53.905926+00:00
00000009-0068-4000-8000-000000000000,completed,2026-06-27 14:25:50.762011+00:00,2026-06-27 14:25:50.896727+00:00
00000010-0069-4000-8000-000000000000,completed,2026-06-27 14:25:52.063728+00:00,2026-06-27 14:25:52.199503+00:00
00000028-0069-4000-8000-000000000000,completed,2026-06-27 14:25:52.460945+00:00,2026-06-27 14:25:52.607978+00:00
00000045-0070-4000-8000-000000000000,completed,2026-06-27 14:25:54.161627+00:00,2026-06-27 14:25:54.304102+00:00
00000036-0074-4000-8000-000000000000,completed,2026-06-27 14:25:58.860992+00:00,2026-06-27 14:25:59.016185+00:00
00000020-0073-4000-8000-000000000000,completed,2026-06-27 14:25:57.260659+00:00,2026-06-27 14:25:57.406788+00:00
00000025-0072-4000-8000-000000000000,completed,2026-06-27 14:25:56.160303+00:00,2026-06-27 14:25:56.295346+00:00
00000045-0072-4000-8000-000000000000,completed,2026-06-27 14:25:56.660987+00:00,2026-06-27 14:25:56.854790+00:00
00000044-0073-4000-8000-000000000000,completed,2026-06-27 14:25:57.759962+00:00,2026-06-27 14:25:57.908755+00:00
00000038-0073-4000-8000-000000000000,completed,2026-06-27 14:25:57.860796+00:00,2026-06-27 14:25:57.996531+00:00
00000032-0074-4000-8000-000000000000,completed,2026-06-27 14:25:58.764694+00:00,2026-06-27 14:25:58.903729+00:00
00000045-0074-4000-8000-000000000000,completed,2026-06-27 14:25:59.161071+00:00,2026-06-27 14:25:59.303376+00:00
00000010-0075-4000-8000-000000000000,completed,2026-06-27 14:25:59.559484+00:00,2026-06-27 14:25:59.716018+00:00
00000048-0069-4000-8000-000000000000,completed,2026-06-27 14:25:52.985724+00:00,2026-06-27 14:25:53.128152+00:00
00000037-0065-4000-8000-000000000000,completed,2026-06-27 14:25:47.886023+00:00,2026-06-27 14:25:48.046179+00:00
00000029-0072-4000-8000-000000000000,completed,2026-06-27 14:25:56.184180+00:00,2026-06-27 14:25:56.331682+00:00
00000029-0066-4000-8000-000000000000,completed,2026-06-27 14:25:48.685684+00:00,2026-06-27 14:25:48.822049+00:00
00000032-0066-4000-8000-000000000000,completed,2026-06-27 14:25:48.786550+00:00,2026-06-27 14:25:48.924515+00:00
00000008-0070-4000-8000-000000000000,completed,2026-06-27 14:25:53.485259+00:00,2026-06-27 14:25:53.624909+00:00
00000004-0067-4000-8000-000000000000,completed,2026-06-27 14:25:49.386161+00:00,2026-06-27 14:25:49.544049+00:00
00000018-0067-4000-8000-000000000000,completed,2026-06-27 14:25:49.685399+00:00,2026-06-27 14:25:49.850269+00:00
00000033-0072-4000-8000-000000000000,completed,2026-06-27 14:25:56.287284+00:00,2026-06-27 14:25:56.463491+00:00
00000030-0070-4000-8000-000000000000,completed,2026-06-27 14:25:53.884851+00:00,2026-06-27 14:25:54.024568+00:00
00000019-0067-4000-8000-000000000000,completed,2026-06-27 14:25:49.989221+00:00,2026-06-27 14:25:50.142270+00:00
00000035-0067-4000-8000-000000000000,completed,2026-06-27 14:25:50.087394+00:00,2026-06-27 14:25:50.225489+00:00
00000032-0068-4000-8000-000000000000,completed,2026-06-27 14:25:51.286323+00:00,2026-06-27 14:25:51.442635+00:00
00000043-0068-4000-8000-000000000000,completed,2026-06-27 14:25:51.688269+00:00,2026-06-27 14:25:51.831272+00:00
00000043-0070-4000-8000-000000000000,completed,2026-06-27 14:25:54.185570+00:00,2026-06-27 14:25:54.364063+00:00
00000019-0069-4000-8000-000000000000,completed,2026-06-27 14:25:52.487262+00:00,2026-06-27 14:25:52.627470+00:00
00000048-0075-4000-8000-000000000000,completed,2026-06-27 14:26:00.484968+00:00,2026-06-27 14:26:00.631616+00:00
00000006-0073-4000-8000-000000000000,completed,2026-06-27 14:25:56.985398+00:00,2026-06-27 14:25:57.147448+00:00
00000018-0071-4000-8000-000000000000,completed,2026-06-27 14:25:54.684859+00:00,2026-06-27 14:25:54.823228+00:00
00000035-0071-4000-8000-000000000000,completed,2026-06-27 14:25:55.084851+00:00,2026-06-27 14:25:55.234977+00:00
00000049-0074-4000-8000-000000000000,completed,2026-06-27 14:25:59.284243+00:00,2026-06-27 14:25:59.445507+00:00
00000019-0075-4000-8000-000000000000,completed,2026-06-27 14:25:59.987680+00:00,2026-06-27 14:26:00.141460+00:00
00000040-0073-4000-8000-000000000000,completed,2026-06-27 14:25:57.685937+00:00,2026-06-27 14:25:57.826169+00:00
00000018-0075-4000-8000-000000000000,completed,2026-06-27 14:25:59.683620+00:00,2026-06-27 14:25:59.819198+00:00
00000042-0074-4000-8000-000000000000,completed,2026-06-27 14:25:58.986681+00:00,2026-06-27 14:25:59.160518+00:00
00000035-0075-4000-8000-000000000000,completed,2026-06-27 14:26:00.086035+00:00,2026-06-27 14:26:00.224214+00:00
00000008-0076-4000-8000-000000000000,completed,2026-06-27 14:26:00.985369+00:00,2026-06-27 14:26:01.163789+00:00
00000007-0076-4000-8000-000000000000,completed,2026-06-27 14:26:00.683738+00:00,2026-06-27 14:26:00.831968+00:00
00000021-0077-4000-8000-000000000000,completed,2026-06-27 14:26:02.285246+00:00,2026-06-27 14:26:02.430577+00:00
00000041-0077-4000-8000-000000000000,completed,2026-06-27 14:26:02.786771+00:00,2026-06-27 14:26:02.933478+00:00
00000048-0077-4000-8000-000000000000,completed,2026-06-27 14:26:02.984825+00:00,2026-06-27 14:26:03.122476+00:00
00000027-0068-4000-8000-000000000000,completed,2026-06-27 14:25:51.410349+00:00,2026-06-27 14:25:51.552207+00:00
00000028-0066-4000-8000-000000000000,completed,2026-06-27 14:25:48.711480+00:00,2026-06-27 14:25:48.846406+00:00
00000034-0066-4000-8000-000000000000,completed,2026-06-27 14:25:48.810212+00:00,2026-06-27 14:25:48.941736+00:00
00000002-0067-4000-8000-000000000000,completed,2026-06-27 14:25:49.410842+00:00,2026-06-27 14:25:49.572922+00:00
00000009-0067-4000-8000-000000000000,completed,2026-06-27 14:25:49.510968+00:00,2026-06-27 14:25:49.657373+00:00
00000023-0072-4000-8000-000000000000,completed,2026-06-27 14:25:56.110800+00:00,2026-06-27 14:25:56.263111+00:00
00000016-0067-4000-8000-000000000000,completed,2026-06-27 14:25:49.713749+00:00,2026-06-27 14:25:49.869987+00:00
00000010-0070-4000-8000-000000000000,completed,2026-06-27 14:25:53.309448+00:00,2026-06-27 14:25:53.445119+00:00
00000033-0067-4000-8000-000000000000,completed,2026-06-27 14:25:50.011007+00:00,2026-06-27 14:25:50.159818+00:00
00000017-0070-4000-8000-000000000000,completed,2026-06-27 14:25:53.414787+00:00,2026-06-27 14:25:53.555027+00:00
00000005-0068-4000-8000-000000000000,completed,2026-06-27 14:25:50.609346+00:00,2026-06-27 14:25:50.756175+00:00
00000001-0068-4000-8000-000000000000,completed,2026-06-27 14:25:50.712362+00:00,2026-06-27 14:25:50.866769+00:00
00000010-0068-4000-8000-000000000000,completed,2026-06-27 14:25:50.810756+00:00,2026-06-27 14:25:50.959304+00:00
00000034-0070-4000-8000-000000000000,completed,2026-06-27 14:25:53.810117+00:00,2026-06-27 14:25:53.948469+00:00
00000028-0068-4000-8000-000000000000,completed,2026-06-27 14:25:51.212150+00:00,2026-06-27 14:25:51.363693+00:00
00000038-0072-4000-8000-000000000000,completed,2026-06-27 14:25:56.610868+00:00,2026-06-27 14:25:56.771901+00:00
00000044-0070-4000-8000-000000000000,completed,2026-06-27 14:25:54.011372+00:00,2026-06-27 14:25:54.153532+00:00
00000015-0071-4000-8000-000000000000,completed,2026-06-27 14:25:54.608763+00:00,2026-06-27 14:25:54.760397+00:00
00000001-0074-4000-8000-000000000000,completed,2026-06-27 14:25:58.211832+00:00,2026-06-27 14:25:58.365597+00:00
00000032-0071-4000-8000-000000000000,completed,2026-06-27 14:25:55.010284+00:00,2026-06-27 14:25:55.148125+00:00
00000002-0073-4000-8000-000000000000,completed,2026-06-27 14:25:56.910829+00:00,2026-06-27 14:25:57.052506+00:00
00000039-0073-4000-8000-000000000000,completed,2026-06-27 14:25:57.710331+00:00,2026-06-27 14:25:57.883016+00:00
00000016-0073-4000-8000-000000000000,completed,2026-06-27 14:25:57.210142+00:00,2026-06-27 14:25:57.351353+00:00
00000014-0073-4000-8000-000000000000,completed,2026-06-27 14:25:57.810493+00:00,2026-06-27 14:25:57.944861+00:00
00000045-0073-4000-8000-000000000000,completed,2026-06-27 14:25:57.909588+00:00,2026-06-27 14:25:58.064152+00:00
00000002-0075-4000-8000-000000000000,completed,2026-06-27 14:25:59.412033+00:00,2026-06-27 14:25:59.562558+00:00
00000038-0074-4000-8000-000000000000,completed,2026-06-27 14:25:59.113389+00:00,2026-06-27 14:25:59.257722+00:00
00000022-0075-4000-8000-000000000000,completed,2026-06-27 14:25:59.809702+00:00,2026-06-27 14:25:59.959288+00:00
00000046-0075-4000-8000-000000000000,completed,2026-06-27 14:26:00.509606+00:00,2026-06-27 14:26:00.680009+00:00
00000010-0076-4000-8000-000000000000,completed,2026-06-27 14:26:00.810964+00:00,2026-06-27 14:26:00.971284+00:00
00000020-0076-4000-8000-000000000000,completed,2026-06-27 14:26:01.009371+00:00,2026-06-27 14:26:01.181241+00:00
00000037-0070-4000-8000-000000000000,completed,2026-06-27 14:25:54.143405+00:00,2026-06-27 14:25:54.283854+00:00
00000019-0066-4000-8000-000000000000,completed,2026-06-27 14:25:48.735385+00:00,2026-06-27 14:25:48.871823+00:00
00000008-0067-4000-8000-000000000000,completed,2026-06-27 14:25:49.735758+00:00,2026-06-27 14:25:49.891616+00:00
00000035-0078-4000-8000-000000000000,completed,2026-06-27 14:26:03.844907+00:00,2026-06-27 14:26:04.034882+00:00
00000049-0067-4000-8000-000000000000,completed,2026-06-27 14:25:50.537377+00:00,2026-06-27 14:25:50.693392+00:00
00000006-0068-4000-8000-000000000000,completed,2026-06-27 14:25:50.736138+00:00,2026-06-27 14:25:50.879069+00:00
00000037-0068-4000-8000-000000000000,completed,2026-06-27 14:25:51.638422+00:00,2026-06-27 14:25:51.789177+00:00
00000008-0071-4000-8000-000000000000,completed,2026-06-27 14:25:54.735857+00:00,2026-06-27 14:25:54.895141+00:00
00000007-0069-4000-8000-000000000000,completed,2026-06-27 14:25:51.944285+00:00,2026-06-27 14:25:52.086540+00:00
00000024-0071-4000-8000-000000000000,completed,2026-06-27 14:25:54.835290+00:00,2026-06-27 14:25:54.984098+00:00
00000033-0069-4000-8000-000000000000,completed,2026-06-27 14:25:52.535022+00:00,2026-06-27 14:25:52.724320+00:00
00000030-0069-4000-8000-000000000000,completed,2026-06-27 14:25:52.635762+00:00,2026-06-27 14:25:52.774188+00:00
00000030-0075-4000-8000-000000000000,completed,2026-06-27 14:26:00.135829+00:00,2026-06-27 14:26:00.302444+00:00
00000037-0072-4000-8000-000000000000,completed,2026-06-27 14:25:56.635137+00:00,2026-06-27 14:25:56.794760+00:00
00000043-0069-4000-8000-000000000000,completed,2026-06-27 14:25:52.934689+00:00,2026-06-27 14:25:53.074724+00:00
00000049-0069-4000-8000-000000000000,completed,2026-06-27 14:25:53.038615+00:00,2026-06-27 14:25:53.181421+00:00
00000006-0074-4000-8000-000000000000,completed,2026-06-27 14:25:58.236747+00:00,2026-06-27 14:25:58.378318+00:00
00000013-0074-4000-8000-000000000000,completed,2026-06-27 14:25:58.336459+00:00,2026-06-27 14:25:58.473684+00:00
00000003-0073-4000-8000-000000000000,completed,2026-06-27 14:25:56.834947+00:00,2026-06-27 14:25:56.977597+00:00
00000024-0073-4000-8000-000000000000,completed,2026-06-27 14:25:57.336634+00:00,2026-06-27 14:25:57.476937+00:00
00000033-0073-4000-8000-000000000000,completed,2026-06-27 14:25:57.535623+00:00,2026-06-27 14:25:57.683300+00:00
00000021-0074-4000-8000-000000000000,completed,2026-06-27 14:25:58.535584+00:00,2026-06-27 14:25:58.683086+00:00
00000008-0077-4000-8000-000000000000,completed,2026-06-27 14:26:02.237546+00:00,2026-06-27 14:26:02.397258+00:00
00000048-0074-4000-8000-000000000000,completed,2026-06-27 14:25:59.234399+00:00,2026-06-27 14:25:59.391672+00:00
00000021-0076-4000-8000-000000000000,completed,2026-06-27 14:26:01.036539+00:00,2026-06-27 14:26:01.201476+00:00
00000003-0077-4000-8000-000000000000,completed,2026-06-27 14:26:01.836310+00:00,2026-06-27 14:26:01.989658+00:00
00000043-0077-4000-8000-000000000000,completed,2026-06-27 14:26:02.935700+00:00,2026-06-27 14:26:03.090877+00:00
00000033-0077-4000-8000-000000000000,completed,2026-06-27 14:26:02.534715+00:00,2026-06-27 14:26:02.680346+00:00
00000030-0077-4000-8000-000000000000,completed,2026-06-27 14:26:02.636076+00:00,2026-06-27 14:26:02.807110+00:00
00000021-0078-4000-8000-000000000000,completed,2026-06-27 14:26:03.535067+00:00,2026-06-27 14:26:03.681840+00:00
00000019-0078-4000-8000-000000000000,completed,2026-06-27 14:26:03.736523+00:00,2026-06-27 14:26:03.874306+00:00
00000025-0080-4000-8000-000000000000,completed,2026-06-27 14:26:06.160596+00:00,2026-06-27 14:26:06.307587+00:00
00000023-0075-4000-8000-000000000000,completed,2026-06-27 14:25:59.860851+00:00,2026-06-27 14:25:59.999918+00:00
00000028-0075-4000-8000-000000000000,completed,2026-06-27 14:25:59.963781+00:00,2026-06-27 14:26:00.116813+00:00
00000034-0083-4000-8000-000000000000,completed,2026-06-27 14:26:10.174788+00:00,2026-06-27 14:26:10.331456+00:00
00000046-0080-4000-8000-000000000000,completed,2026-06-27 14:26:06.762807+00:00,2026-06-27 14:26:06.912680+00:00
00000020-0077-4000-8000-000000000000,completed,2026-06-27 14:26:02.260880+00:00,2026-06-27 14:26:02.423147+00:00
00000023-0077-4000-8000-000000000000,completed,2026-06-27 14:26:02.366290+00:00,2026-06-27 14:26:02.517068+00:00
00000027-0083-4000-8000-000000000000,completed,2026-06-27 14:26:10.282821+00:00,2026-06-27 14:26:10.430303+00:00
00000027-0077-4000-8000-000000000000,completed,2026-06-27 14:26:02.661818+00:00,2026-06-27 14:26:02.823843+00:00
00000044-0077-4000-8000-000000000000,completed,2026-06-27 14:26:02.760740+00:00,2026-06-27 14:26:02.937092+00:00
00000027-0081-4000-8000-000000000000,completed,2026-06-27 14:26:07.660643+00:00,2026-06-27 14:26:07.813407+00:00
00000050-0077-4000-8000-000000000000,completed,2026-06-27 14:26:03.060060+00:00,2026-06-27 14:26:03.207769+00:00
00000015-0078-4000-8000-000000000000,completed,2026-06-27 14:26:03.359726+00:00,2026-06-27 14:26:03.523382+00:00
00000034-0079-4000-8000-000000000000,completed,2026-06-27 14:26:05.060578+00:00,2026-06-27 14:26:05.221281+00:00
00000010-0083-4000-8000-000000000000,completed,2026-06-27 14:26:09.632158+00:00,2026-06-27 14:26:09.787764+00:00
00000009-0080-4000-8000-000000000000,completed,2026-06-27 14:26:05.760153+00:00,2026-06-27 14:26:05.942160+00:00
00000047-0083-4000-8000-000000000000,completed,2026-06-27 14:26:10.619753+00:00,2026-06-27 14:26:10.753586+00:00
00000020-0083-4000-8000-000000000000,completed,2026-06-27 14:26:09.847654+00:00,2026-06-27 14:26:09.986089+00:00
00000023-0083-4000-8000-000000000000,completed,2026-06-27 14:26:09.954208+00:00,2026-06-27 14:26:10.099282+00:00
00000009-0086-4000-8000-000000000000,completed,2026-06-27 14:26:13.939609+00:00,2026-06-27 14:26:14.076213+00:00
00000023-0087-4000-8000-000000000000,completed,2026-06-27 14:26:16.065915+00:00,2026-06-27 14:26:16.202391+00:00
00000015-0084-4000-8000-000000000000,completed,2026-06-27 14:26:11.064112+00:00,2026-06-27 14:26:11.208464+00:00
00000032-0086-4000-8000-000000000000,completed,2026-06-27 14:26:14.582104+00:00,2026-06-27 14:26:14.735446+00:00
00000032-0084-4000-8000-000000000000,completed,2026-06-27 14:26:11.522798+00:00,2026-06-27 14:26:11.685626+00:00
00000005-0087-4000-8000-000000000000,completed,2026-06-27 14:26:15.379432+00:00,2026-06-27 14:26:15.543059+00:00
00000036-0088-4000-8000-000000000000,completed,2026-06-27 14:26:18.274043+00:00,2026-06-27 14:26:18.409469+00:00
00000025-0088-4000-8000-000000000000,completed,2026-06-27 14:26:17.963890+00:00,2026-06-27 14:26:18.119182+00:00
00000014-0088-4000-8000-000000000000,completed,2026-06-27 14:26:18.585811+00:00,2026-06-27 14:26:18.735273+00:00
00000046-0088-4000-8000-000000000000,completed,2026-06-27 14:26:18.906670+00:00,2026-06-27 14:26:19.088356+00:00
00000001-0089-4000-8000-000000000000,completed,2026-06-27 14:26:19.231555+00:00,2026-06-27 14:26:19.362973+00:00
00000017-0089-4000-8000-000000000000,completed,2026-06-27 14:26:19.560240+00:00,2026-06-27 14:26:19.708075+00:00
00000039-0081-4000-8000-000000000000,completed,2026-06-27 14:26:07.711125+00:00,2026-06-27 14:26:07.860096+00:00
00000025-0077-4000-8000-000000000000,completed,2026-06-27 14:26:02.430325+00:00,2026-06-27 14:26:02.598989+00:00
00000032-0083-4000-8000-000000000000,completed,2026-06-27 14:26:10.120458+00:00,2026-06-27 14:26:10.268929+00:00
00000001-0078-4000-8000-000000000000,completed,2026-06-27 14:26:03.210008+00:00,2026-06-27 14:26:03.390563+00:00
00000045-0081-4000-8000-000000000000,completed,2026-06-27 14:26:07.912450+00:00,2026-06-27 14:26:08.051005+00:00
00000010-0078-4000-8000-000000000000,completed,2026-06-27 14:26:03.309689+00:00,2026-06-27 14:26:03.451727+00:00
00000017-0078-4000-8000-000000000000,completed,2026-06-27 14:26:03.409861+00:00,2026-06-27 14:26:03.544558+00:00
00000027-0078-4000-8000-000000000000,completed,2026-06-27 14:26:03.910280+00:00,2026-06-27 14:26:04.052782+00:00
00000038-0078-4000-8000-000000000000,completed,2026-06-27 14:26:04.109993+00:00,2026-06-27 14:26:04.256303+00:00
00000010-0082-4000-8000-000000000000,completed,2026-06-27 14:26:08.320025+00:00,2026-06-27 14:26:08.455004+00:00
00000002-0079-4000-8000-000000000000,completed,2026-06-27 14:26:04.410526+00:00,2026-06-27 14:26:04.556843+00:00
00000025-0079-4000-8000-000000000000,completed,2026-06-27 14:26:04.910521+00:00,2026-06-27 14:26:05.059127+00:00
00000034-0084-4000-8000-000000000000,completed,2026-06-27 14:26:11.581678+00:00,2026-06-27 14:26:11.736603+00:00
00000027-0080-4000-8000-000000000000,completed,2026-06-27 14:26:06.409626+00:00,2026-06-27 14:26:06.574335+00:00
00000044-0082-4000-8000-000000000000,completed,2026-06-27 14:26:09.048154+00:00,2026-06-27 14:26:09.224724+00:00
00000016-0081-4000-8000-000000000000,completed,2026-06-27 14:26:07.210305+00:00,2026-06-27 14:26:07.343143+00:00
00000036-0083-4000-8000-000000000000,completed,2026-06-27 14:26:10.228839+00:00,2026-06-27 14:26:10.390144+00:00
00000039-0083-4000-8000-000000000000,completed,2026-06-27 14:26:10.338644+00:00,2026-06-27 14:26:10.494309+00:00
00000047-0082-4000-8000-000000000000,completed,2026-06-27 14:26:09.257757+00:00,2026-06-27 14:26:09.390552+00:00
00000015-0083-4000-8000-000000000000,completed,2026-06-27 14:26:09.685154+00:00,2026-06-27 14:26:09.871239+00:00
00000027-0084-4000-8000-000000000000,completed,2026-06-27 14:26:11.694674+00:00,2026-06-27 14:26:11.845191+00:00
00000028-0086-4000-8000-000000000000,completed,2026-06-27 14:26:14.517334+00:00,2026-06-27 14:26:14.684201+00:00
00000015-0085-4000-8000-000000000000,completed,2026-06-27 14:26:12.518837+00:00,2026-06-27 14:26:12.676229+00:00
00000028-0084-4000-8000-000000000000,completed,2026-06-27 14:26:11.466993+00:00,2026-06-27 14:26:11.614164+00:00
00000016-0085-4000-8000-000000000000,completed,2026-06-27 14:26:12.641419+00:00,2026-06-27 14:26:12.786547+00:00
00000038-0084-4000-8000-000000000000,completed,2026-06-27 14:26:11.928036+00:00,2026-06-27 14:26:12.068396+00:00
00000025-0087-4000-8000-000000000000,completed,2026-06-27 14:26:16.136712+00:00,2026-06-27 14:26:16.284175+00:00
00000038-0086-4000-8000-000000000000,completed,2026-06-27 14:26:15.044467+00:00,2026-06-27 14:26:15.172906+00:00
00000027-0086-4000-8000-000000000000,completed,2026-06-27 14:26:14.778932+00:00,2026-06-27 14:26:14.921020+00:00
00000047-0086-4000-8000-000000000000,completed,2026-06-27 14:26:15.179857+00:00,2026-06-27 14:26:15.332910+00:00
00000022-0087-4000-8000-000000000000,completed,2026-06-27 14:26:15.998208+00:00,2026-06-27 14:26:16.142923+00:00
00000030-0080-4000-8000-000000000000,completed,2026-06-27 14:26:06.385477+00:00,2026-06-27 14:26:06.526710+00:00
00000012-0078-4000-8000-000000000000,completed,2026-06-27 14:26:03.285514+00:00,2026-06-27 14:26:03.447274+00:00
00000033-0078-4000-8000-000000000000,completed,2026-06-27 14:26:03.786571+00:00,2026-06-27 14:26:03.927715+00:00
00000030-0084-4000-8000-000000000000,completed,2026-06-27 14:26:11.668133+00:00,2026-06-27 14:26:11.828378+00:00
00000006-0079-4000-8000-000000000000,completed,2026-06-27 14:26:04.484528+00:00,2026-06-27 14:26:04.649392+00:00
00000049-0080-4000-8000-000000000000,completed,2026-06-27 14:26:06.786982+00:00,2026-06-27 14:26:06.922876+00:00
00000018-0079-4000-8000-000000000000,completed,2026-06-27 14:26:04.686369+00:00,2026-06-27 14:26:04.832460+00:00
00000026-0079-4000-8000-000000000000,completed,2026-06-27 14:26:04.885498+00:00,2026-06-27 14:26:05.037667+00:00
00000042-0084-4000-8000-000000000000,completed,2026-06-27 14:26:11.781187+00:00,2026-06-27 14:26:11.917048+00:00
00000041-0079-4000-8000-000000000000,completed,2026-06-27 14:26:05.285298+00:00,2026-06-27 14:26:05.447569+00:00
00000003-0080-4000-8000-000000000000,completed,2026-06-27 14:26:05.586958+00:00,2026-06-27 14:26:05.732271+00:00
00000021-0081-4000-8000-000000000000,completed,2026-06-27 14:26:07.286121+00:00,2026-06-27 14:26:07.427472+00:00
00000024-0080-4000-8000-000000000000,completed,2026-06-27 14:26:06.085697+00:00,2026-06-27 14:26:06.218822+00:00
00000026-0081-4000-8000-000000000000,completed,2026-06-27 14:26:07.385352+00:00,2026-06-27 14:26:07.525057+00:00
00000029-0080-4000-8000-000000000000,completed,2026-06-27 14:26:06.184514+00:00,2026-06-27 14:26:06.317168+00:00
00000024-0088-4000-8000-000000000000,completed,2026-06-27 14:26:17.850440+00:00,2026-06-27 14:26:17.980957+00:00
00000033-0080-4000-8000-000000000000,completed,2026-06-27 14:26:06.285898+00:00,2026-06-27 14:26:06.430295+00:00
00000012-0082-4000-8000-000000000000,completed,2026-06-27 14:26:08.293615+00:00,2026-06-27 14:26:08.434544+00:00
00000024-0086-4000-8000-000000000000,completed,2026-06-27 14:26:14.353750+00:00,2026-06-27 14:26:14.489334+00:00
00000043-0082-4000-8000-000000000000,completed,2026-06-27 14:26:09.233050+00:00,2026-06-27 14:26:09.404728+00:00
00000013-0087-4000-8000-000000000000,completed,2026-06-27 14:26:15.685883+00:00,2026-06-27 14:26:15.838779+00:00
00000043-0084-4000-8000-000000000000,completed,2026-06-27 14:26:12.016920+00:00,2026-06-27 14:26:12.171757+00:00
00000049-0084-4000-8000-000000000000,completed,2026-06-27 14:26:12.132948+00:00,2026-06-27 14:26:12.268694+00:00
00000033-0086-4000-8000-000000000000,completed,2026-06-27 14:26:14.614979+00:00,2026-06-27 14:26:14.767950+00:00
00000021-0085-4000-8000-000000000000,completed,2026-06-27 14:26:12.731416+00:00,2026-06-27 14:26:12.874501+00:00
00000043-0086-4000-8000-000000000000,completed,2026-06-27 14:26:15.143433+00:00,2026-06-27 14:26:15.290445+00:00
00000011-0088-4000-8000-000000000000,completed,2026-06-27 14:26:17.547871+00:00,2026-06-27 14:26:17.692986+00:00
00000008-0088-4000-8000-000000000000,completed,2026-06-27 14:26:17.698589+00:00,2026-06-27 14:26:17.859783+00:00
00000030-0088-4000-8000-000000000000,completed,2026-06-27 14:26:18.312119+00:00,2026-06-27 14:26:18.472775+00:00
00000043-0088-4000-8000-000000000000,completed,2026-06-27 14:26:18.788175+00:00,2026-06-27 14:26:18.941595+00:00
00000040-0089-4000-8000-000000000000,completed,2026-06-27 14:26:20.458057+00:00,2026-06-27 14:26:20.594778+00:00
00000033-0083-4000-8000-000000000000,completed,2026-06-27 14:26:10.148260+00:00,2026-06-27 14:26:10.310966+00:00
00000041-0080-4000-8000-000000000000,completed,2026-06-27 14:26:06.536004+00:00,2026-06-27 14:26:06.686750+00:00
00000040-0078-4000-8000-000000000000,completed,2026-06-27 14:26:03.934904+00:00,2026-06-27 14:26:04.085853+00:00
00000041-0078-4000-8000-000000000000,completed,2026-06-27 14:26:04.034755+00:00,2026-06-27 14:26:04.187194+00:00
00000037-0080-4000-8000-000000000000,completed,2026-06-27 14:26:06.638976+00:00,2026-06-27 14:26:06.772356+00:00
00000003-0079-4000-8000-000000000000,completed,2026-06-27 14:26:04.335805+00:00,2026-06-27 14:26:04.478202+00:00
00000007-0079-4000-8000-000000000000,completed,2026-06-27 14:26:04.434608+00:00,2026-06-27 14:26:04.574522+00:00
00000030-0083-4000-8000-000000000000,completed,2026-06-27 14:26:10.257956+00:00,2026-06-27 14:26:10.422066+00:00
00000011-0079-4000-8000-000000000000,completed,2026-06-27 14:26:04.635980+00:00,2026-06-27 14:26:04.785124+00:00
00000007-0081-4000-8000-000000000000,completed,2026-06-27 14:26:06.935824+00:00,2026-06-27 14:26:07.082254+00:00
00000029-0079-4000-8000-000000000000,completed,2026-06-27 14:26:04.934856+00:00,2026-06-27 14:26:05.090327+00:00
00000043-0079-4000-8000-000000000000,completed,2026-06-27 14:26:05.435585+00:00,2026-06-27 14:26:05.579134+00:00
00000049-0079-4000-8000-000000000000,completed,2026-06-27 14:26:05.535683+00:00,2026-06-27 14:26:05.683735+00:00
00000033-0081-4000-8000-000000000000,completed,2026-06-27 14:26:07.534830+00:00,2026-06-27 14:26:07.675618+00:00
00000013-0080-4000-8000-000000000000,completed,2026-06-27 14:26:05.834753+00:00,2026-06-27 14:26:06.004164+00:00
00000035-0080-4000-8000-000000000000,completed,2026-06-27 14:26:06.334492+00:00,2026-06-27 14:26:06.484652+00:00
00000026-0086-4000-8000-000000000000,completed,2026-06-27 14:26:14.418637+00:00,2026-06-27 14:26:14.553676+00:00
00000041-0084-4000-8000-000000000000,completed,2026-06-27 14:26:11.851031+00:00,2026-06-27 14:26:11.988566+00:00
00000049-0081-4000-8000-000000000000,completed,2026-06-27 14:26:08.040838+00:00,2026-06-27 14:26:08.195502+00:00
00000006-0082-4000-8000-000000000000,completed,2026-06-27 14:26:08.243798+00:00,2026-06-27 14:26:08.420008+00:00
00000004-0086-4000-8000-000000000000,completed,2026-06-27 14:26:13.782748+00:00,2026-06-27 14:26:13.939407+00:00
00000035-0086-4000-8000-000000000000,completed,2026-06-27 14:26:14.681094+00:00,2026-06-27 14:26:14.835792+00:00
00000012-0085-4000-8000-000000000000,completed,2026-06-27 14:26:12.430788+00:00,2026-06-27 14:26:12.586615+00:00
00000030-0085-4000-8000-000000000000,completed,2026-06-27 14:26:13.157912+00:00,2026-06-27 14:26:13.291259+00:00
00000021-0086-4000-8000-000000000000,completed,2026-06-27 14:26:14.291723+00:00,2026-06-27 14:26:14.447812+00:00
00000019-0086-4000-8000-000000000000,completed,2026-06-27 14:26:14.550820+00:00,2026-06-27 14:26:14.691655+00:00
00000008-0087-4000-8000-000000000000,completed,2026-06-27 14:26:15.892969+00:00,2026-06-27 14:26:16.031690+00:00
00000003-0087-4000-8000-000000000000,completed,2026-06-27 14:26:15.344828+00:00,2026-06-27 14:26:15.505055+00:00
00000024-0087-4000-8000-000000000000,completed,2026-06-27 14:26:16.033743+00:00,2026-06-27 14:26:16.174906+00:00
00000042-0087-4000-8000-000000000000,completed,2026-06-27 14:26:16.595984+00:00,2026-06-27 14:26:16.747499+00:00
00000006-0088-4000-8000-000000000000,completed,2026-06-27 14:26:17.325806+00:00,2026-06-27 14:26:17.470365+00:00
00000028-0092-4000-8000-000000000000,completed,2026-06-27 14:26:28.560409+00:00,2026-06-27 14:26:28.686098+00:00
00000050-0088-4000-8000-000000000000,completed,2026-06-27 14:26:18.985166+00:00,2026-06-27 14:26:19.122340+00:00
00000002-0089-4000-8000-000000000000,completed,2026-06-27 14:26:19.148534+00:00,2026-06-27 14:26:19.277848+00:00
00000032-0089-4000-8000-000000000000,completed,2026-06-27 14:26:20.153216+00:00,2026-06-27 14:26:20.289080+00:00
00000047-0092-4000-8000-000000000000,completed,2026-06-27 14:26:30.421472+00:00,2026-06-27 14:26:30.553249+00:00
00000046-0089-4000-8000-000000000000,completed,2026-06-27 14:26:21.039029+00:00,2026-06-27 14:26:21.179175+00:00
00000034-0090-4000-8000-000000000000,completed,2026-06-27 14:26:22.561042+00:00,2026-06-27 14:26:22.690862+00:00
00000009-0091-4000-8000-000000000000,completed,2026-06-27 14:26:24.033734+00:00,2026-06-27 14:26:24.160153+00:00
00000016-0091-4000-8000-000000000000,completed,2026-06-27 14:26:24.483060+00:00,2026-06-27 14:26:24.609393+00:00
00000025-0091-4000-8000-000000000000,completed,2026-06-27 14:26:24.950885+00:00,2026-06-27 14:26:25.103601+00:00
00000001-0092-4000-8000-000000000000,completed,2026-06-27 14:26:27.024959+00:00,2026-06-27 14:26:27.153508+00:00
00000010-0092-4000-8000-000000000000,completed,2026-06-27 14:26:27.313436+00:00,2026-06-27 14:26:27.448690+00:00
00000030-0091-4000-8000-000000000000,completed,2026-06-27 14:26:25.500587+00:00,2026-06-27 14:26:25.671805+00:00
00000003-0089-4000-8000-000000000000,completed,2026-06-27 14:26:19.026050+00:00,2026-06-27 14:26:19.164057+00:00
00000012-0089-4000-8000-000000000000,completed,2026-06-27 14:26:19.354304+00:00,2026-06-27 14:26:19.501053+00:00
00000029-0089-4000-8000-000000000000,completed,2026-06-27 14:26:20.024185+00:00,2026-06-27 14:26:20.159992+00:00
00000031-0091-4000-8000-000000000000,completed,2026-06-27 14:26:26.005735+00:00,2026-06-27 14:26:26.147212+00:00
00000043-0089-4000-8000-000000000000,completed,2026-06-27 14:26:20.907018+00:00,2026-06-27 14:26:21.062909+00:00
00000004-0090-4000-8000-000000000000,completed,2026-06-27 14:26:21.266711+00:00,2026-06-27 14:26:21.428702+00:00
00000041-0092-4000-8000-000000000000,completed,2026-06-27 14:26:29.719864+00:00,2026-06-27 14:26:29.886702+00:00
00000013-0090-4000-8000-000000000000,completed,2026-06-27 14:26:21.639461+00:00,2026-06-27 14:26:21.804308+00:00
00000004-0092-4000-8000-000000000000,completed,2026-06-27 14:26:26.814778+00:00,2026-06-27 14:26:26.940905+00:00
00000026-0090-4000-8000-000000000000,completed,2026-06-27 14:26:22.215583+00:00,2026-06-27 14:26:22.349063+00:00
00000035-0090-4000-8000-000000000000,completed,2026-06-27 14:26:22.610463+00:00,2026-06-27 14:26:22.747661+00:00
00000041-0090-4000-8000-000000000000,completed,2026-06-27 14:26:23.017839+00:00,2026-06-27 14:26:23.157896+00:00
00000021-0092-4000-8000-000000000000,completed,2026-06-27 14:26:27.994491+00:00,2026-06-27 14:26:28.141001+00:00
00000003-0091-4000-8000-000000000000,completed,2026-06-27 14:26:23.650285+00:00,2026-06-27 14:26:23.778999+00:00
00000026-0092-4000-8000-000000000000,completed,2026-06-27 14:26:28.313695+00:00,2026-06-27 14:26:28.453944+00:00
00000035-0092-4000-8000-000000000000,completed,2026-06-27 14:26:28.986762+00:00,2026-06-27 14:26:29.119215+00:00
00000040-0092-4000-8000-000000000000,completed,2026-06-27 14:26:29.347386+00:00,2026-06-27 14:26:29.487884+00:00
00000045-0092-4000-8000-000000000000,completed,2026-06-27 14:26:30.214744+00:00,2026-06-27 14:26:30.362847+00:00
00000044-0089-4000-8000-000000000000,completed,2026-06-27 14:26:20.589612+00:00,2026-06-27 14:26:20.762940+00:00
00000046-0090-4000-8000-000000000000,completed,2026-06-27 14:26:23.488539+00:00,2026-06-27 14:26:23.643840+00:00
00000005-0091-4000-8000-000000000000,completed,2026-06-27 14:26:23.705943+00:00,2026-06-27 14:26:23.837525+00:00
00000020-0091-4000-8000-000000000000,completed,2026-06-27 14:26:24.598175+00:00,2026-06-27 14:26:24.728089+00:00
00000028-0091-4000-8000-000000000000,completed,2026-06-27 14:26:25.070322+00:00,2026-06-27 14:26:25.203585+00:00
00000034-0091-4000-8000-000000000000,completed,2026-06-27 14:26:25.312276+00:00,2026-06-27 14:26:25.439360+00:00
00000038-0091-4000-8000-000000000000,completed,2026-06-27 14:26:26.071382+00:00,2026-06-27 14:26:26.217591+00:00
00000009-0092-4000-8000-000000000000,completed,2026-06-27 14:26:27.168451+00:00,2026-06-27 14:26:27.306932+00:00
00000025-0092-4000-8000-000000000000,completed,2026-06-27 14:26:28.395638+00:00,2026-06-27 14:26:28.526569+00:00
00000039-0092-4000-8000-000000000000,completed,2026-06-27 14:26:29.438828+00:00,2026-06-27 14:26:29.587194+00:00
00000005-0093-4000-8000-000000000000,completed,2026-06-27 14:26:31.079773+00:00,2026-06-27 14:26:31.209533+00:00
00000008-0090-4000-8000-000000000000,completed,2026-06-27 14:26:21.923019+00:00,2026-06-27 14:26:22.058107+00:00
00000031-0090-4000-8000-000000000000,completed,2026-06-27 14:26:23.120403+00:00,2026-06-27 14:26:23.270091+00:00
00000026-0091-4000-8000-000000000000,completed,2026-06-27 14:26:24.891423+00:00,2026-06-27 14:26:25.023317+00:00
00000002-0093-4000-8000-000000000000,completed,2026-06-27 14:26:31.315702+00:00,2026-06-27 14:26:31.470662+00:00
00000040-0091-4000-8000-000000000000,completed,2026-06-27 14:26:25.622781+00:00,2026-06-27 14:26:25.751820+00:00
00000048-0091-4000-8000-000000000000,completed,2026-06-27 14:26:26.402912+00:00,2026-06-27 14:26:26.541619+00:00
00000007-0092-4000-8000-000000000000,completed,2026-06-27 14:26:26.954194+00:00,2026-06-27 14:26:27.089921+00:00
00000001-0093-4000-8000-000000000000,completed,2026-06-27 14:26:31.560824+00:00,2026-06-27 14:26:31.698017+00:00
00000012-0092-4000-8000-000000000000,completed,2026-06-27 14:26:27.240622+00:00,2026-06-27 14:26:27.368516+00:00
00000011-0092-4000-8000-000000000000,completed,2026-06-27 14:26:27.535578+00:00,2026-06-27 14:26:27.670985+00:00
00000033-0092-4000-8000-000000000000,completed,2026-06-27 14:26:28.814860+00:00,2026-06-27 14:26:28.951386+00:00
00000015-0093-4000-8000-000000000000,completed,2026-06-27 14:26:32.372477+00:00,2026-06-27 14:26:32.496758+00:00
00000043-0092-4000-8000-000000000000,completed,2026-06-27 14:26:30.314751+00:00,2026-06-27 14:26:30.452201+00:00
00000008-0093-4000-8000-000000000000,completed,2026-06-27 14:26:33.150905+00:00,2026-06-27 14:26:33.301690+00:00
00000021-0093-4000-8000-000000000000,completed,2026-06-27 14:26:33.500857+00:00,2026-06-27 14:26:33.641323+00:00
00000022-0093-4000-8000-000000000000,completed,2026-06-27 14:26:33.687608+00:00,2026-06-27 14:26:33.813436+00:00
