id,status,created_at,finished_at
5c42f1b6-b98b-42db-b92c-d988e5a48d85,completed,2026-06-19 20:30:52.148927+00:00,2026-06-19 20:30:52.309711+00:00
be42fe9d-b374-444f-aa10-8d8b84080eb6,completed,2026-06-19 20:30:44.457625+00:00,2026-06-19 20:30:44.626665+00:00
968d7bd8-37ce-448a-83d1-92ae956ccefa,completed,2026-06-19 20:30:45.579188+00:00,2026-06-19 20:30:45.760360+00:00
be2e96ce-0382-4718-9347-b1adf8a2cb2a,completed,2026-06-19 20:31:00.769579+00:00,2026-06-19 20:31:00.941356+00:00
76f368bc-2b19-412e-91ed-3421af19a319,completed,2026-06-19 20:30:46.620729+00:00,2026-06-19 20:30:46.761323+00:00
e7a70c2c-6710-446d-94b5-136390f4d5cf,completed,2026-06-19 20:30:53.207967+00:00,2026-06-19 20:30:53.347364+00:00
ac10c296-c538-4474-8040-6f6407e93701,completed,2026-06-19 20:30:47.118276+00:00,2026-06-19 20:30:47.290986+00:00
6499f6f4-5373-4abd-bdaa-a330cb23a747,completed,2026-06-19 20:30:47.602621+00:00,2026-06-19 20:30:47.737072+00:00
448f41da-b37d-4a31-96e9-1574de90e701,completed,2026-06-19 20:30:55.985202+00:00,2026-06-19 20:30:56.126099+00:00
367aae53-2d33-4703-a982-9b53a0f730ef,completed,2026-06-19 20:30:47.833434+00:00,2026-06-19 20:30:48.057235+00:00
1516f099-07f6-4395-bef4-0ed1dff7eba2,completed,2026-06-19 20:30:53.547674+00:00,2026-06-19 20:30:53.743152+00:00
f5674f0b-f533-4b94-aed3-1fc95108db87,completed,2026-06-19 20:30:48.065999+00:00,2026-06-19 20:30:48.231553+00:00
bbc7ad7f-b719-47fa-a4c6-b8b996143860,completed,2026-06-19 20:30:49.811780+00:00,2026-06-19 20:30:49.980897+00:00
07b9dc5b-9273-4596-8927-edd14387fce9,completed,2026-06-19 20:30:51.205451+00:00,2026-06-19 20:30:51.369295+00:00
cc47367d-7a29-4a90-a708-8c94e2a6c06d,completed,2026-06-19 20:30:54.283168+00:00,2026-06-19 20:30:54.458809+00:00
3d0fdd13-62ac-44f8-80c1-1b383471beed,completed,2026-06-19 20:30:51.409645+00:00,2026-06-19 20:30:51.558689+00:00
f2c3abf1-18c0-4883-9d63-d20479e32fd4,completed,2026-06-19 20:30:59.584106+00:00,2026-06-19 20:30:59.745833+00:00
277dad71-35fb-4e87-a1a7-1efb83ef558d,completed,2026-06-19 20:30:56.293060+00:00,2026-06-19 20:30:56.445638+00:00
1bc7c77e-344d-4a94-bd61-e8c205b76475,completed,2026-06-19 20:30:54.555039+00:00,2026-06-19 20:30:54.730650+00:00
7bfd8d15-1bd6-4aad-bb34-8b0b9379c669,completed,2026-06-19 20:30:54.712790+00:00,2026-06-19 20:30:54.878161+00:00
123e342e-66a0-4924-a4c4-7d4e21809826,completed,2026-06-19 20:30:55.361472+00:00,2026-06-19 20:30:55.514123+00:00
a268537d-f923-4030-a9c3-209128293f04,completed,2026-06-19 20:30:56.898066+00:00,2026-06-19 20:30:57.063772+00:00
d8b94586-d0cc-40f4-88a2-a6203f8ddcfa,completed,2026-06-19 20:31:00.531344+00:00,2026-06-19 20:31:00.672750+00:00
deb89fd1-04cf-4c37-bbf2-1731c9543fe2,completed,2026-06-19 20:30:57.632105+00:00,2026-06-19 20:30:57.788013+00:00
5f59d225-159f-4dd6-ba64-9499ec43a953,completed,2026-06-19 20:30:59.984102+00:00,2026-06-19 20:31:00.156382+00:00
5be4e54d-0b81-4673-8008-880e96cdbe34,completed,2026-06-19 20:31:00.638824+00:00,2026-06-19 20:31:00.790811+00:00
51be77d1-759e-4309-b340-c9f2a4d22808,completed,2026-06-19 20:31:02.280860+00:00,2026-06-19 20:31:02.451459+00:00
e47dd9ad-6a07-405d-a288-daeaace4dbb3,completed,2026-06-19 20:31:01.655516+00:00,2026-06-19 20:31:01.804405+00:00
8773a062-855d-4854-b052-80ccb79501f6,completed,2026-06-19 20:31:02.644654+00:00,2026-06-19 20:31:02.822357+00:00
50658157-22eb-4c7f-8afa-48bcbcd64bd6,completed,2026-06-19 20:31:03.004718+00:00,2026-06-19 20:31:03.159923+00:00
c40e94a9-dabd-4b93-9241-76b95768e99f,completed,2026-06-19 20:31:03.603441+00:00,2026-06-19 20:31:03.755647+00:00
34e96da4-f596-4215-b045-7a5bcad241f0,completed,2026-06-19 20:31:20.718464+00:00,2026-06-19 20:31:20.873753+00:00
c6db113f-3a3d-4916-bf35-d61040d42371,completed,2026-06-19 20:31:04.529424+00:00,2026-06-19 20:31:04.699715+00:00
2bee4d13-2f61-4d84-9582-4bb723c60069,completed,2026-06-19 20:31:05.874029+00:00,2026-06-19 20:31:06.076690+00:00
f78a530b-31e3-45cc-8689-08ebea411774,completed,2026-06-19 20:31:07.165391+00:00,2026-06-19 20:31:07.352816+00:00
d50e5bd1-317f-47c1-9f5a-b36fd38482fd,completed,2026-06-19 20:31:21.962985+00:00,2026-06-19 20:31:22.133055+00:00
92f18da2-55d9-4ba1-b336-c54804a9fa86,completed,2026-06-19 20:31:08.826318+00:00,2026-06-19 20:31:09.001744+00:00
deeb3f69-43a6-4c14-a1ca-66d8f1e5e4ad,completed,2026-06-19 20:31:10.388909+00:00,2026-06-19 20:31:10.539865+00:00
f5723c3f-1462-42de-83df-d6e4925def55,completed,2026-06-19 20:31:24.999567+00:00,2026-06-19 20:31:25.151616+00:00
ce40bf56-1b3d-4ca2-925e-68f8e97fdffe,completed,2026-06-19 20:31:14.203146+00:00,2026-06-19 20:31:14.403539+00:00
25fcfd24-ab8a-49bb-8b9d-3f2cac9968a7,completed,2026-06-19 20:31:22.207049+00:00,2026-06-19 20:31:22.366968+00:00
10c5b243-7cea-4caa-9023-9f8b8c3d88d6,completed,2026-06-19 20:31:14.519451+00:00,2026-06-19 20:31:14.707865+00:00
9292911e-4848-427e-b132-4ce4567b3fbb,completed,2026-06-19 20:31:15.145407+00:00,2026-06-19 20:31:15.332970+00:00
d41aabff-35a1-4a38-abcd-30e4df20f62e,completed,2026-06-19 20:31:17.223620+00:00,2026-06-19 20:31:17.513827+00:00
26dfe5ae-c65c-4e16-b38d-cc3e2b144684,completed,2026-06-19 20:31:22.689546+00:00,2026-06-19 20:31:22.836449+00:00
1c2f84d0-bcdc-4f16-baac-b9260e58f70c,completed,2026-06-19 20:31:20.205920+00:00,2026-06-19 20:31:20.364486+00:00
902dac3e-5870-4557-90ff-4e01a9427ddc,completed,2026-06-19 20:31:23.163439+00:00,2026-06-19 20:31:23.309375+00:00
51380fcf-c279-4d6b-a830-db81b19e2f91,completed,2026-06-19 20:31:23.397648+00:00,2026-06-19 20:31:23.565776+00:00
840bffe0-72d4-4ac0-b0bd-d9fd393b410c,completed,2026-06-19 20:31:24.093341+00:00,2026-06-19 20:31:24.234737+00:00
2756aeeb-c637-4a59-ae2d-1235b59ccaa3,completed,2026-06-19 20:31:20.017949+00:00,2026-06-19 20:31:20.193444+00:00
5061c298-2aa1-4c3e-8b7e-77abe32d6872,completed,2026-06-19 20:31:06.849086+00:00,2026-06-19 20:31:06.990007+00:00
36983f34-03ff-4b40-8b47-9b4829283b4a,completed,2026-06-19 20:31:08.514853+00:00,2026-06-19 20:31:08.656717+00:00
23c8ad41-77d4-4999-a0fe-c6f53992f887,completed,2026-06-19 20:31:11.221189+00:00,2026-06-19 20:31:11.382141+00:00
9a334cfe-4ac7-4675-b877-d67f3582b92e,completed,2026-06-19 20:31:22.024862+00:00,2026-06-19 20:31:22.167609+00:00
17f74dc8-50c2-4732-bebf-c125355de4aa,completed,2026-06-19 20:31:11.582777+00:00,2026-06-19 20:31:11.725578+00:00
90666881-3f7e-4b2a-97b0-edfc26d02955,completed,2026-06-19 20:31:12.971476+00:00,2026-06-19 20:31:13.114853+00:00
9858a734-784f-47ca-b62d-7ca6a2bc2ef4,completed,2026-06-19 20:31:14.280932+00:00,2026-06-19 20:31:14.437226+00:00
8b93820b-fa41-4130-bd81-ffc7e312f4de,completed,2026-06-19 20:31:15.832992+00:00,2026-06-19 20:31:15.968215+00:00
59a053b6-a1a0-42d9-b37d-3169631a1d4c,completed,2026-06-19 20:31:18.685669+00:00,2026-06-19 20:31:18.843821+00:00
4d91a0a8-8e77-46a3-b548-10ce5f786f34,completed,2026-06-19 20:31:19.487584+00:00,2026-06-19 20:31:19.650553+00:00
4a5831ec-8267-4338-b907-baa4cdb5ff15,completed,2026-06-19 20:31:19.751548+00:00,2026-06-19 20:31:19.907224+00:00
93e375ec-be48-4ab3-9bf8-a80e0d8be23d,completed,2026-06-19 20:31:20.655798+00:00,2026-06-19 20:31:20.795723+00:00
e6ca3598-8217-4ec5-8428-94fcbf2628bc,completed,2026-06-19 20:31:07.897025+00:00,2026-06-19 20:31:08.077527+00:00
d1a7c879-2dcc-427b-9c32-79d8921d12b6,completed,2026-06-19 20:31:08.718472+00:00,2026-06-19 20:31:08.864960+00:00
fd8ae3b2-de18-41fa-9506-49ca76406335,completed,2026-06-19 20:31:09.128125+00:00,2026-06-19 20:31:09.299172+00:00
7fa153f8-947d-4a6c-81b7-5e866cdcf49e,completed,2026-06-19 20:31:22.629566+00:00,2026-06-19 20:31:22.763589+00:00
c0645b92-9dac-4218-a2bd-c7bc586644f5,completed,2026-06-19 20:31:09.909552+00:00,2026-06-19 20:31:10.060780+00:00
640aeac9-11e9-4384-916d-6e9472b8991f,completed,2026-06-19 20:31:11.404421+00:00,2026-06-19 20:31:11.548681+00:00
6347d9d3-a0ab-4789-8884-56ae0ad659f8,completed,2026-06-19 20:31:11.758111+00:00,2026-06-19 20:31:11.899700+00:00
c76aecc3-220e-4730-8cf6-720044209bd2,completed,2026-06-19 20:31:24.264110+00:00,2026-06-19 20:31:24.405908+00:00
2b662429-d610-4f91-a688-a30fdea6b2f9,completed,2026-06-19 20:31:12.456503+00:00,2026-06-19 20:31:12.609337+00:00
1535f730-6245-4d22-8d5b-54e3db1f2bad,completed,2026-06-19 20:31:12.802291+00:00,2026-06-19 20:31:12.949818+00:00
fc4c1d4b-e4cb-46f8-bb88-a8236bf2142a,completed,2026-06-19 20:31:17.998230+00:00,2026-06-19 20:31:18.135437+00:00
e2e5ae3a-668e-49a5-b099-ee4e250521e1,completed,2026-06-19 20:31:20.147349+00:00,2026-06-19 20:31:20.291210+00:00
75577103-fd92-4f4a-9e86-cadae654dcdf,completed,2026-06-19 20:31:23.282481+00:00,2026-06-19 20:31:23.426703+00:00
3c1e4487-e03a-4555-8ac2-3ee7e21d942c,completed,2026-06-19 20:31:09.022440+00:00,2026-06-19 20:31:09.174607+00:00
652f4ea8-0906-4e48-8a25-87aaba9d3572,completed,2026-06-19 20:31:11.310902+00:00,2026-06-19 20:31:11.460574+00:00
71ab61ce-1a70-4821-bc37-8ee37b9f6414,completed,2026-06-19 20:31:28.209342+00:00,2026-06-19 20:31:28.357941+00:00
26b264db-6ba7-4c77-9779-5acfa205a2ea,completed,2026-06-19 20:31:12.717667+00:00,2026-06-19 20:31:12.873698+00:00
d09e31c1-5628-4cd0-b57c-ea9c39c301ad,completed,2026-06-19 20:31:23.980060+00:00,2026-06-19 20:31:24.116903+00:00
1c1e5665-0967-4436-a563-31617d7a96ed,completed,2026-06-19 20:31:14.677078+00:00,2026-06-19 20:31:14.828775+00:00
024908ff-7f89-4e13-90b9-0d07e11d3c2c,completed,2026-06-19 20:31:15.300470+00:00,2026-06-19 20:31:15.439589+00:00
0ecac52e-4698-4148-9b30-f1764faf8e8d,completed,2026-06-19 20:31:26.798793+00:00,2026-06-19 20:31:26.964280+00:00
675f57a0-4046-4398-a441-eeefab12e370,completed,2026-06-19 20:31:16.499718+00:00,2026-06-19 20:31:16.637436+00:00
b25af8b7-dc12-4446-a545-bd16374956e5,completed,2026-06-19 20:31:24.436171+00:00,2026-06-19 20:31:24.578123+00:00
1e580d3e-f628-4580-8f98-559be6ffd816,completed,2026-06-19 20:31:17.659209+00:00,2026-06-19 20:31:17.804115+00:00
5274e01e-6bb0-47aa-8057-48a097191624,completed,2026-06-19 20:31:18.203667+00:00,2026-06-19 20:31:18.344302+00:00
47a45fc7-cd53-477f-a8a0-765694139335,completed,2026-06-19 20:31:19.290327+00:00,2026-06-19 20:31:19.461209+00:00
41640ed9-30ee-471d-87d8-9498436eb65a,completed,2026-06-19 20:31:24.887104+00:00,2026-06-19 20:31:25.034340+00:00
346ccf94-575f-4da4-873f-68ccce73da1d,completed,2026-06-19 20:31:19.553436+00:00,2026-06-19 20:31:19.693528+00:00
601210d8-be21-413e-b8d7-79d6119490f3,completed,2026-06-19 20:31:25.615502+00:00,2026-06-19 20:31:25.759653+00:00
2d77080e-a500-40f6-9832-49bb947b4337,completed,2026-06-19 20:31:27.745057+00:00,2026-06-19 20:31:27.885723+00:00
99967cea-294f-426e-a087-36da3f2f07f2,completed,2026-06-19 20:31:27.011471+00:00,2026-06-19 20:31:27.143680+00:00
8b2dc800-64e5-46c9-90fa-0349ef72c75d,completed,2026-06-19 20:31:26.530421+00:00,2026-06-19 20:31:26.679524+00:00
79ae5a7c-9c96-47a3-9442-ac876e555a78,completed,2026-06-19 20:31:26.637538+00:00,2026-06-19 20:31:26.779672+00:00
a46e2ff5-1bb9-49f5-99cd-113c17ec3c5c,completed,2026-06-19 20:31:27.062401+00:00,2026-06-19 20:31:27.210688+00:00
9775eff8-8408-4906-bf80-2a543f165ad7,completed,2026-06-19 20:31:27.484183+00:00,2026-06-19 20:31:27.630119+00:00
a0feca86-ba19-418e-b90f-cc75e7167052,completed,2026-06-19 20:31:27.275429+00:00,2026-06-19 20:31:27.425134+00:00
b4ff1eb1-f467-4fae-85cb-557755c555cd,completed,2026-06-19 20:31:27.589559+00:00,2026-06-19 20:31:27.731073+00:00
217d4607-a5d8-4377-bcb0-330a709709b1,completed,2026-06-19 20:31:28.770329+00:00,2026-06-19 20:31:28.911716+00:00
0429fd9e-dd39-49d7-b1e6-29217ba89ff9,completed,2026-06-19 20:31:28.003250+00:00,2026-06-19 20:31:28.154717+00:00
de3f1b05-6b54-46c7-b918-6dcce4457908,completed,2026-06-19 20:31:27.845790+00:00,2026-06-19 20:31:28.011209+00:00
60785e74-55c8-48f2-9fd3-c2b320c51740,completed,2026-06-19 20:31:27.898898+00:00,2026-06-19 20:31:28.040989+00:00
4dd69163-3810-4fef-a4a1-fb66d1002251,completed,2026-06-19 20:31:28.106597+00:00,2026-06-19 20:31:28.258151+00:00
65fe234c-5a90-47a8-876c-b0db4492d1ce,completed,2026-06-19 20:31:28.717951+00:00,2026-06-19 20:31:28.883355+00:00
36c41be5-3faa-4766-9cfa-7bf64e33758f,completed,2026-06-19 20:31:41.607522+00:00,2026-06-19 20:31:41.809626+00:00
2a48cc19-f36d-4fea-b107-f0d7477dc360,completed,2026-06-19 20:31:28.925697+00:00,2026-06-19 20:31:29.064845+00:00
e8f0d87d-be90-4419-866d-0ed8a763509b,completed,2026-06-19 20:31:29.022432+00:00,2026-06-19 20:31:29.170767+00:00
f4755142-2ca4-4f01-8c94-524382cf8b66,completed,2026-06-19 20:31:29.765735+00:00,2026-06-19 20:31:29.901921+00:00
19ddc435-28c9-437c-be90-8288600eac60,completed,2026-06-19 20:31:35.953297+00:00,2026-06-19 20:31:36.093650+00:00
b0832c59-0f52-4162-8113-cbeb9011a612,completed,2026-06-19 20:31:29.917631+00:00,2026-06-19 20:31:30.067016+00:00
2c596915-b6e9-4e5f-8536-d7c16325321c,completed,2026-06-19 20:31:32.208005+00:00,2026-06-19 20:31:32.353364+00:00
05c491b7-7770-4e2d-bd42-bc9b081d0631,completed,2026-06-19 20:31:32.397129+00:00,2026-06-19 20:31:32.535660+00:00
d0a38345-ff31-4608-a163-51f9d20bed6c,completed,2026-06-19 20:31:37.634803+00:00,2026-06-19 20:31:37.783466+00:00
e2b868ca-0e4d-4cb7-a071-acd7a87f45ce,completed,2026-06-19 20:31:32.578911+00:00,2026-06-19 20:31:32.717181+00:00
6eba610e-d7cf-491c-81dd-b5b436fafd09,completed,2026-06-19 20:31:32.765531+00:00,2026-06-19 20:31:32.918518+00:00
c2a7cf11-ab33-4ac6-96b0-4d2769833c64,completed,2026-06-19 20:31:44.293722+00:00,2026-06-19 20:31:44.449350+00:00
1d6d13d4-2448-49bb-9b6c-79673d00d336,completed,2026-06-19 20:31:34.211486+00:00,2026-06-19 20:31:34.355891+00:00
0f0b2c92-a5c0-430b-bc48-21d973630dc7,completed,2026-06-19 20:31:38.618115+00:00,2026-06-19 20:31:38.767820+00:00
c2d522b3-f806-4fcb-9832-1d1e472277c1,completed,2026-06-19 20:31:34.389566+00:00,2026-06-19 20:31:34.522839+00:00
112fbe75-8db2-48f2-bf6a-caf39bd1a107,completed,2026-06-19 20:31:34.916396+00:00,2026-06-19 20:31:35.067543+00:00
0560484b-13f7-4926-8224-88a73a58eed5,completed,2026-06-19 20:31:42.059648+00:00,2026-06-19 20:31:42.216509+00:00
26a8601f-a12c-43ad-bb40-0b53435555de,completed,2026-06-19 20:31:38.941294+00:00,2026-06-19 20:31:39.104840+00:00
5c6e774f-9408-45a1-bd99-14010aeb3941,completed,2026-06-19 20:31:39.579456+00:00,2026-06-19 20:31:39.725231+00:00
7253842b-258e-43fa-adbd-5a22da774d5f,completed,2026-06-19 20:31:39.899503+00:00,2026-06-19 20:31:40.047927+00:00
edc1da9e-a3a3-4703-a447-a15edb9c1aeb,completed,2026-06-19 20:31:42.665437+00:00,2026-06-19 20:31:42.825664+00:00
47d578d1-a1d3-4054-9599-efef0cf9791b,completed,2026-06-19 20:31:44.864356+00:00,2026-06-19 20:31:45.088404+00:00
1248e735-1c02-47a8-9296-9380b1472d12,completed,2026-06-19 20:31:43.701699+00:00,2026-06-19 20:31:43.897392+00:00
973c4515-a737-4de0-81a6-d4d0cb4412fa,completed,2026-06-19 20:31:48.755403+00:00,2026-06-19 20:31:49.240744+00:00
f1697541-3210-431a-a9b4-ef2d7c64c979,completed,2026-06-19 20:31:50.868217+00:00,2026-06-19 20:31:51.599385+00:00
7f677a92-cd34-4d4e-8de1-dad23508994c,completed,2026-06-19 20:31:45.863582+00:00,2026-06-19 20:31:46.157300+00:00
a74fa826-5852-4355-9e7c-a2aba705ff39,completed,2026-06-19 20:31:48.887719+00:00,2026-06-19 20:31:49.377313+00:00
df095d05-f2ee-434d-9226-28c18e984cc0,completed,2026-06-19 20:31:51.255504+00:00,2026-06-19 20:31:52.048029+00:00
0e4797cf-1c6d-4575-aed5-7a656ec0ca15,completed,2026-06-19 20:31:51.769196+00:00,2026-06-19 20:31:52.636592+00:00
6904f040-870c-4b94-a5a1-da6e8ad57c40,completed,2026-06-19 20:31:51.895483+00:00,2026-06-19 20:31:52.799910+00:00
b8950920-56d5-4642-bfd6-475f2247760a,completed,2026-06-19 20:31:53.784169+00:00,2026-06-19 20:31:54.975807+00:00
21c30113-6436-4684-b4a7-d0194e527e74,completed,2026-06-19 20:31:40.015096+00:00,2026-06-19 20:31:40.165308+00:00
30addf78-ee00-41d2-a7f5-d2ec3444f9bb,completed,2026-06-19 20:31:30.452044+00:00,2026-06-19 20:31:30.607611+00:00
c3ca6f8b-e7fa-420d-a38a-fc38c1e0fac0,completed,2026-06-19 20:31:30.646070+00:00,2026-06-19 20:31:30.791620+00:00
95c2edb1-55d6-4fc8-8b33-d6021b4a41d1,completed,2026-06-19 20:31:31.033095+00:00,2026-06-19 20:31:31.190304+00:00
68ba9133-8c9a-4437-a79d-3cb5d4eb6466,completed,2026-06-19 20:31:41.565935+00:00,2026-06-19 20:31:41.692787+00:00
f3702304-da05-47d5-9f96-30d27e22c61a,completed,2026-06-19 20:31:32.162215+00:00,2026-06-19 20:31:32.350753+00:00
766b2778-18cc-4811-8d85-68f0523938ac,completed,2026-06-19 20:31:33.447679+00:00,2026-06-19 20:31:33.597980+00:00
b0c3b1ca-e1b9-4900-90f7-b87e7dfe382e,completed,2026-06-19 20:31:44.829057+00:00,2026-06-19 20:31:45.016203+00:00
0fbcc218-e661-488c-8236-ef90b24203a8,completed,2026-06-19 20:31:35.740082+00:00,2026-06-19 20:31:35.872550+00:00
c6d60ce3-1399-4611-a1b4-52860f094f52,completed,2026-06-19 20:31:42.023406+00:00,2026-06-19 20:31:42.169957+00:00
eff550bd-4cb9-4d24-9926-4070a4c8a7d9,completed,2026-06-19 20:31:36.253739+00:00,2026-06-19 20:31:36.404420+00:00
a5a6c562-d9ce-4659-8f35-57cc11730077,completed,2026-06-19 20:31:38.089646+00:00,2026-06-19 20:31:38.230957+00:00
f0aa3d29-069f-479b-9c49-dfceace68c1d,completed,2026-06-19 20:31:38.252088+00:00,2026-06-19 20:31:38.408366+00:00
c82b91db-6987-4684-b005-47960266520b,completed,2026-06-19 20:31:42.172237+00:00,2026-06-19 20:31:42.342384+00:00
6e4e3ec2-2e7e-45af-96ae-e002b7e7c330,completed,2026-06-19 20:31:39.861134+00:00,2026-06-19 20:31:40.019465+00:00
7bbe84cf-b893-40c9-b931-95c165da84d0,completed,2026-06-19 20:31:46.666409+00:00,2026-06-19 20:31:46.999751+00:00
e6472fc0-883f-481e-ba49-7930814a7c11,completed,2026-06-19 20:31:42.475155+00:00,2026-06-19 20:31:42.616357+00:00
378bf07d-f22e-4077-b5aa-ea4497ed3791,completed,2026-06-19 20:31:45.401525+00:00,2026-06-19 20:31:45.660245+00:00
2bd93abd-e442-4b80-afc9-d6eb97e78406,completed,2026-06-19 20:31:43.518075+00:00,2026-06-19 20:31:43.653384+00:00
9df3a399-38e3-4ec1-b3be-fb3e7bf38c17,completed,2026-06-19 20:31:44.104330+00:00,2026-06-19 20:31:44.248342+00:00
daf3e566-e02b-4e9a-b1d9-aa6b3b85e82d,completed,2026-06-19 20:31:45.541665+00:00,2026-06-19 20:31:45.800848+00:00
479413d1-cff1-4931-91dd-1cd7d22b01fc,completed,2026-06-19 20:31:50.573697+00:00,2026-06-19 20:31:51.293871+00:00
6e69fae9-c4cc-45c1-83be-54d7ea10e7f6,completed,2026-06-19 20:31:46.106117+00:00,2026-06-19 20:31:46.378521+00:00
01aceec0-795b-4984-9d34-c1d0d7730d96,completed,2026-06-19 20:31:48.178682+00:00,2026-06-19 20:31:48.651560+00:00
93212f7d-c294-4128-9bf4-9520849490a0,completed,2026-06-19 20:31:49.785551+00:00,2026-06-19 20:31:50.343974+00:00
1a4c16c7-ca80-406a-a1b4-1b37b7da5fc1,completed,2026-06-19 20:31:52.750536+00:00,2026-06-19 20:31:53.715971+00:00
5de7ab6c-f8ba-49c1-bc88-5c46d5a125eb,completed,2026-06-19 20:31:52.877945+00:00,2026-06-19 20:31:53.858519+00:00
0cb3b5b6-c6a1-4fa2-bd3a-fd960ed9c17f,completed,2026-06-19 20:31:53.003242+00:00,2026-06-19 20:31:53.997319+00:00
647f760c-5202-4e27-8da9-bd62057f1bd1,completed,2026-06-19 20:31:54.735495+00:00,2026-06-19 20:31:56.067419+00:00
3f736357-1e76-45e2-a3fb-eba0320ec548,completed,2026-06-19 20:31:56.780874+00:00,2026-06-19 20:31:58.617737+00:00
5aa34b93-e7ea-4d70-b9ee-28ad15916950,completed,2026-06-19 20:31:56.899233+00:00,2026-06-19 20:31:58.762429+00:00
deeedd7b-2d71-4175-8524-7c28bb94ad59,completed,2026-06-19 20:31:40.602823+00:00,2026-06-19 20:31:40.750321+00:00
168b2ffc-3c5d-4c41-b206-57741273329f,completed,2026-06-19 20:31:31.366009+00:00,2026-06-19 20:31:31.518452+00:00
e57b9091-fa38-495b-a785-df38e12db1c9,completed,2026-06-19 20:31:31.741786+00:00,2026-06-19 20:31:31.894476+00:00
2e82ee98-5eba-4f9a-8ef3-ab8e507e293a,completed,2026-06-19 20:31:48.282600+00:00,2026-06-19 20:31:48.705547+00:00
25c75a17-e395-427d-9b93-ff0912c7ac63,completed,2026-06-19 20:31:32.302972+00:00,2026-06-19 20:31:32.461014+00:00
bfdeaba5-e51e-4a00-9ac7-4625dc581562,completed,2026-06-19 20:31:41.527784+00:00,2026-06-19 20:31:41.663405+00:00
b5c88eab-7db5-416e-9dda-749f10f261dc,completed,2026-06-19 20:31:34.827827+00:00,2026-06-19 20:31:34.995817+00:00
e82713a9-6431-4d55-83f4-1c780826ee99,completed,2026-06-19 20:31:35.695651+00:00,2026-06-19 20:31:35.864469+00:00
7d732729-eb8c-427a-9112-3aa7d08347a1,completed,2026-06-19 20:31:45.647847+00:00,2026-06-19 20:31:45.889555+00:00
806f882c-6620-42e6-8409-d384600d2c54,completed,2026-06-19 20:31:35.869178+00:00,2026-06-19 20:31:36.033348+00:00
1332dd48-9049-4eae-9fda-d210fc1bb60d,completed,2026-06-19 20:31:42.439493+00:00,2026-06-19 20:31:42.579112+00:00
50fd1a14-14e5-4272-a634-392622980d92,completed,2026-06-19 20:31:36.719351+00:00,2026-06-19 20:31:36.894676+00:00
dcd0a20f-0fda-4eec-92db-e4f27a207011,completed,2026-06-19 20:31:38.212354+00:00,2026-06-19 20:31:38.355783+00:00
5760feb9-06a2-4e9e-9443-3de512a11930,completed,2026-06-19 20:31:38.699379+00:00,2026-06-19 20:31:38.838675+00:00
380e6dfc-8b78-415a-9a6c-6d807de0b76b,completed,2026-06-19 20:31:43.775624+00:00,2026-06-19 20:31:43.953385+00:00
b8f6f66a-219a-4867-ad3a-ac91069524ec,completed,2026-06-19 20:31:40.130732+00:00,2026-06-19 20:31:40.273408+00:00
253f6e19-a9b3-47cd-9f2d-59d3ba608c1f,completed,2026-06-19 20:31:46.632699+00:00,2026-06-19 20:31:46.969128+00:00
d305c444-b9ab-4956-be9e-fbbcefa757ba,completed,2026-06-19 20:31:44.077801+00:00,2026-06-19 20:31:44.281368+00:00
5d0db6e9-260b-458a-884b-55b4f6d0ce85,completed,2026-06-19 20:31:45.933119+00:00,2026-06-19 20:31:46.199168+00:00
62498d3d-d18c-46f2-8a88-6d881ee0cc63,completed,2026-06-19 20:31:44.358248+00:00,2026-06-19 20:31:44.515365+00:00
9bb1085e-a569-4026-8f15-0010ee5fb5bb,completed,2026-06-19 20:31:45.364364+00:00,2026-06-19 20:31:45.590197+00:00
68abb24a-7048-41aa-b6de-a8b0688cbafd,completed,2026-06-19 20:31:46.074242+00:00,2026-06-19 20:31:46.358536+00:00
82c37606-cfdb-4160-9286-02dd85ec5a15,completed,2026-06-19 20:31:49.621794+00:00,2026-06-19 20:31:50.169201+00:00
6beab14d-f91a-4697-a259-855fd92a15d9,completed,2026-06-19 20:31:46.353673+00:00,2026-06-19 20:31:46.653712+00:00
d99e9765-3410-4575-b857-1536ae5b855f,completed,2026-06-19 20:31:47.873835+00:00,2026-06-19 20:31:48.274933+00:00
6ee2e749-91f2-4db7-8e40-08aaea8f95fd,completed,2026-06-19 20:31:49.488682+00:00,2026-06-19 20:31:50.022353+00:00
819f3308-4e45-4627-a23e-13577cc8a4c9,completed,2026-06-19 20:31:48.417068+00:00,2026-06-19 20:31:48.859255+00:00
3d96343f-e4b0-4c05-bf36-e4017c10a06a,completed,2026-06-19 20:31:50.146926+00:00,2026-06-19 20:31:50.748230+00:00
c21a06a8-187a-4a6f-9508-a4ac210880d2,completed,2026-06-19 20:31:50.409778+00:00,2026-06-19 20:31:51.024846+00:00
f39d6601-5513-4f0b-9c80-3b52cc4929fe,completed,2026-06-19 20:31:53.222829+00:00,2026-06-19 20:31:54.284906+00:00
d4edbd8c-0e16-460b-8150-d1910c2fd63a,completed,2026-06-19 20:31:53.346610+00:00,2026-06-19 20:31:54.424669+00:00
69d1e9de-7f85-485f-9b5d-528d897d297f,completed,2026-06-19 20:31:40.563708+00:00,2026-06-19 20:31:40.704020+00:00
8f40361c-57ef-48bd-a917-3387927129cc,completed,2026-06-19 20:31:32.443735+00:00,2026-06-19 20:31:32.588791+00:00
1d743ab8-56df-4a62-bed6-dc8b17c3c758,completed,2026-06-19 20:31:34.432198+00:00,2026-06-19 20:31:34.586413+00:00
23075ecb-15d9-4926-baca-49b254cf109d,completed,2026-06-19 20:31:49.322594+00:00,2026-06-19 20:31:49.870723+00:00
51249926-71a9-46fd-b757-bf35385d1942,completed,2026-06-19 20:31:34.609576+00:00,2026-06-19 20:31:34.754065+00:00
17047c1f-9811-4822-9283-9f2ef127a7e7,completed,2026-06-19 20:31:41.337379+00:00,2026-06-19 20:31:41.476650+00:00
19cf7645-9ace-4afe-9c5a-c83cdf379c2b,completed,2026-06-19 20:31:35.136259+00:00,2026-06-19 20:31:35.268464+00:00
886da089-c421-4e47-966a-f67d42282ef7,completed,2026-06-19 20:31:35.653202+00:00,2026-06-19 20:31:35.795902+00:00
33ca77df-b1ab-4f6d-969f-180ed7ce79f0,completed,2026-06-19 20:31:36.845553+00:00,2026-06-19 20:31:36.987430+00:00
216c2d42-717b-4851-a62d-b5ea177f0e0f,completed,2026-06-19 20:31:43.151502+00:00,2026-06-19 20:31:43.286613+00:00
cd9c7b49-6f78-4653-86b7-87690bfcfc4e,completed,2026-06-19 20:31:37.677906+00:00,2026-06-19 20:31:37.824598+00:00
4bd93871-5bdf-4453-ab0b-d268981be0d5,completed,2026-06-19 20:31:39.781340+00:00,2026-06-19 20:31:39.914481+00:00
7abfbaae-4fa5-4d90-83af-540463fa5ffa,completed,2026-06-19 20:31:46.037607+00:00,2026-06-19 20:31:46.345406+00:00
9859b0bb-d9af-470e-a7be-95f95653df1e,completed,2026-06-19 20:31:39.935447+00:00,2026-06-19 20:31:40.070898+00:00
6cc638d6-ef4d-485e-9c06-565397e57895,completed,2026-06-19 20:31:40.408141+00:00,2026-06-19 20:31:40.547038+00:00
3b9e2219-872f-475a-afde-0bf0191ce5b6,completed,2026-06-19 20:31:48.113008+00:00,2026-06-19 20:31:48.516979+00:00
880cce71-2074-4bb6-b439-7fd32d1a86b2,completed,2026-06-19 20:31:43.443174+00:00,2026-06-19 20:31:43.594424+00:00
374b5203-6a11-417e-a27a-95001147510e,completed,2026-06-19 20:31:46.318192+00:00,2026-06-19 20:31:46.663452+00:00
32c05311-1b7b-402d-ab91-dcf64ced8616,completed,2026-06-19 20:31:43.592146+00:00,2026-06-19 20:31:43.741116+00:00
2405bc7f-3e47-4802-abd9-a60759f40062,completed,2026-06-19 20:31:44.183505+00:00,2026-06-19 20:31:44.380419+00:00
1fe8e8ee-53d2-4ef3-85ca-fed10222bf1b,completed,2026-06-19 20:31:45.618963+00:00,2026-06-19 20:31:45.862306+00:00
22db19e6-06d5-4dc1-b071-0940bd62c7e5,completed,2026-06-19 20:31:46.876231+00:00,2026-06-19 20:31:47.229636+00:00
0cf24cf0-b53a-4cbc-9e15-1b4ac5f3ac2d,completed,2026-06-19 20:31:50.246560+00:00,2026-06-19 20:31:50.884024+00:00
520cb562-7acd-45e5-8332-1bda3c6d503b,completed,2026-06-19 20:31:47.156956+00:00,2026-06-19 20:31:47.546356+00:00
31e279d5-93a9-4f41-912b-7449f2eab9fc,completed,2026-06-19 20:31:48.920733+00:00,2026-06-19 20:31:49.402216+00:00
497497b4-1571-440e-acec-1e4a02504775,completed,2026-06-19 20:31:49.459346+00:00,2026-06-19 20:31:50.014782+00:00
d85605c1-690d-4a33-9bf9-620545a20c88,completed,2026-06-19 20:31:53.440589+00:00,2026-06-19 20:31:54.553802+00:00
739c7cc1-628f-4654-95cb-1ac83c39c61f,completed,2026-06-19 20:31:52.053790+00:00,2026-06-19 20:31:52.948294+00:00
48e3cbda-7824-477a-ba5a-4e75750dccde,completed,2026-06-19 20:31:53.564299+00:00,2026-06-19 20:31:54.718795+00:00
65af4c9b-5687-44e7-8298-7203c73c00f3,completed,2026-06-19 20:31:55.040976+00:00,2026-06-19 20:31:56.486102+00:00
8bb1bfe4-2310-4577-aeae-a63313d90fe8,completed,2026-06-19 20:31:55.163144+00:00,2026-06-19 20:31:56.625940+00:00
2b73da1f-e1ae-4824-bd75-20afed64b4b1,completed,2026-06-19 20:31:59.420916+00:00,2026-06-19 20:32:02.114428+00:00
9cd52a18-a341-4d9f-823e-6f4328fb8b53,completed,2026-06-19 20:31:53.846999+00:00,2026-06-19 20:31:55.010920+00:00
385b5dd8-7f0d-4fce-aa51-eed2f3b16eb1,completed,2026-06-19 20:31:57.339883+00:00,2026-06-19 20:31:59.299644+00:00
3594f86d-1c51-47b4-8135-12d664c51d57,completed,2026-06-19 20:31:54.091404+00:00,2026-06-19 20:31:55.299610+00:00
a14dc676-3e42-43ba-8eab-ed6d3d93cbb3,completed,2026-06-19 20:31:54.950802+00:00,2026-06-19 20:31:56.365862+00:00
884b7ac6-fadd-4c62-b09b-196dcb3cac2a,completed,2026-06-19 20:31:55.070126+00:00,2026-06-19 20:31:56.514538+00:00
79469b79-d9f8-4b2a-bc69-6a895705ec6d,completed,2026-06-19 20:31:55.432570+00:00,2026-06-19 20:31:56.944354+00:00
1e53d0c9-9d62-497e-98b0-dd7f434e970f,completed,2026-06-19 20:31:57.574466+00:00,2026-06-19 20:31:59.588091+00:00
56def482-f2e4-4dcd-adac-b07141cf3e10,completed,2026-06-19 20:31:55.675249+00:00,2026-06-19 20:31:57.218141+00:00
5c9c7493-8f1b-4af8-88af-13e4a0207907,completed,2026-06-19 20:31:58.620125+00:00,2026-06-19 20:32:01.002840+00:00
44ab2b54-5ff9-4f7d-8433-1399cfca23a4,completed,2026-06-19 20:31:56.873143+00:00,2026-06-19 20:31:58.713915+00:00
6b71273d-70f1-47c3-9865-7cffea2be21a,completed,2026-06-19 20:31:57.691851+00:00,2026-06-19 20:31:59.726919+00:00
69cd6269-69a1-4ffc-a3ff-daee80fa748c,completed,2026-06-19 20:31:56.989237+00:00,2026-06-19 20:31:58.875379+00:00
d85c3d60-6b80-485e-938a-5963e61f40b6,completed,2026-06-19 20:31:59.540960+00:00,2026-06-19 20:32:02.240175+00:00
7b5bcb87-14dd-4601-83d6-f0303679b03c,completed,2026-06-19 20:31:57.923214+00:00,2026-06-19 20:32:00.053238+00:00
38d42856-ff7c-4cf0-bed0-96b91c2fb01b,completed,2026-06-19 20:31:58.039470+00:00,2026-06-19 20:32:00.202966+00:00
000617cf-56d8-4134-b26c-5543c7b63379,completed,2026-06-19 20:31:58.735659+00:00,2026-06-19 20:32:01.143998+00:00
54c15b18-d79c-4c74-ba4d-0e3478309544,completed,2026-06-19 20:31:58.273492+00:00,2026-06-19 20:32:00.574433+00:00
593559cd-2127-42d5-8899-e19f50b94c72,completed,2026-06-19 20:32:00.886787+00:00,2026-06-19 20:32:04.081748+00:00
d20c739d-8b74-441b-903e-19a8aecaf29e,completed,2026-06-19 20:31:59.762107+00:00,2026-06-19 20:32:02.529417+00:00
b82edea7-74fb-4822-840e-a53d5ccc6b6e,completed,2026-06-19 20:32:01.111777+00:00,2026-06-19 20:32:04.384073+00:00
c28d105a-cc52-4bb2-99f7-2f35296b5c67,completed,2026-06-19 20:32:01.334623+00:00,2026-06-19 20:32:04.663772+00:00
a57c58a0-7775-4f04-b4ad-cf6a42a892cd,completed,2026-06-19 20:32:01.444052+00:00,2026-06-19 20:32:04.812968+00:00
fcc47ce7-83a9-47f0-a716-77d86a290244,completed,2026-06-19 20:32:01.664961+00:00,2026-06-19 20:32:05.108910+00:00
e769db26-ac33-42cd-97f1-60622ecbe089,completed,2026-06-19 20:32:02.106860+00:00,2026-06-19 20:32:05.703767+00:00
fc887a9e-50d6-4502-a247-bef47da7ccf3,completed,2026-06-19 20:32:03.085222+00:00,2026-06-19 20:32:07.054383+00:00
8ade4f7b-5bc8-4bab-bb19-750964d7ac5a,completed,2026-06-19 20:32:03.410170+00:00,2026-06-19 20:32:07.539572+00:00
306eff4a-9b03-4aed-a445-eef7e1ce509a,completed,2026-06-19 20:32:03.950505+00:00,2026-06-19 20:32:08.273621+00:00
1a4ac9c1-9f74-4bf1-9f29-7ab35500f405,completed,2026-06-19 20:32:04.488391+00:00,2026-06-19 20:32:08.983197+00:00
d11c1d97-2591-46a0-902e-ce15b78193e9,completed,2026-06-19 20:32:05.010289+00:00,2026-06-19 20:32:09.708855+00:00
c4b3c9df-7149-4298-bbb2-83beb3ba28c8,completed,2026-06-19 20:32:05.115812+00:00,2026-06-19 20:32:09.884909+00:00
cc9f87c0-7de1-47bd-9795-425a91e65f66,completed,2026-06-19 20:31:58.676878+00:00,2026-06-19 20:32:01.044036+00:00
9a489bbe-bc65-4066-b03c-982112b9926f,completed,2026-06-19 20:31:53.908568+00:00,2026-06-19 20:31:55.115207+00:00
eded14b9-57a9-47f2-b45e-e79674aa8ef2,completed,2026-06-19 20:31:54.397971+00:00,2026-06-19 20:31:55.679323+00:00
e0af2dd8-8534-4ad0-996e-2a60e047b909,completed,2026-06-19 20:31:55.009477+00:00,2026-06-19 20:31:56.381243+00:00
1a6fa9ad-11fb-4511-b911-8996f844ecd1,completed,2026-06-19 20:31:59.022397+00:00,2026-06-19 20:32:01.545717+00:00
85f32ffc-f543-4367-b88b-0a71eb4d9841,completed,2026-06-19 20:31:55.131434+00:00,2026-06-19 20:31:56.518510+00:00
3276938f-9a87-47b1-ad3c-52e0e9f86833,completed,2026-06-19 20:31:55.620202+00:00,2026-06-19 20:31:57.158104+00:00
89defb43-45a3-43d2-870a-f6ec27c5f1de,completed,2026-06-19 20:31:56.809480+00:00,2026-06-19 20:31:58.626930+00:00
89d7a55a-0201-4766-ab97-9dfd44cb1a9b,completed,2026-06-19 20:32:03.141652+00:00,2026-06-19 20:32:07.167930+00:00
b40df90c-8f54-4a48-8c01-4f96e0dec9d1,completed,2026-06-19 20:31:57.045492+00:00,2026-06-19 20:31:58.893300+00:00
3f6de57e-e77e-429c-bc6c-f6e1a6ae84bf,completed,2026-06-19 20:32:00.613594+00:00,2026-06-19 20:32:03.697413+00:00
b35657f4-69fa-401f-a732-35305aed0f1e,completed,2026-06-19 20:31:57.401975+00:00,2026-06-19 20:31:59.347976+00:00
dd8be135-ba50-4cef-8838-6416361d7e89,completed,2026-06-19 20:31:57.520902+00:00,2026-06-19 20:31:59.506669+00:00
c8b88adb-14ed-4d7a-8837-cdbcd279f360,completed,2026-06-19 20:32:00.943622+00:00,2026-06-19 20:32:04.144387+00:00
3b9886a8-95b7-4b7c-913a-df9514b4efa2,completed,2026-06-19 20:32:01.498180+00:00,2026-06-19 20:32:04.893085+00:00
b53f3369-687e-472e-bd0f-096811c53390,completed,2026-06-19 20:32:02.270107+00:00,2026-06-19 20:32:05.919452+00:00
7b8a0e7b-f0ce-4feb-8b84-d6567c5e0461,completed,2026-06-19 20:32:05.067427+00:00,2026-06-19 20:32:09.821269+00:00
83faf96d-ac4b-4ba0-85f0-cde90f77e3ce,completed,2026-06-19 20:32:04.322584+00:00,2026-06-19 20:32:08.801176+00:00
3afce89d-9b4e-4eca-ac40-adff3afc6649,completed,2026-06-19 20:32:05.592348+00:00,2026-06-19 20:32:10.553254+00:00
8a36a528-203f-4d2a-99c5-78a80b6b557f,completed,2026-06-19 20:32:06.939790+00:00,2026-06-19 20:32:12.602694+00:00
1adda2b5-3316-43f2-a414-e83cf44dd2b0,completed,2026-06-19 20:32:07.349624+00:00,2026-06-19 20:32:13.202859+00:00
0a971d11-e1e3-457a-8715-fa8166449466,completed,2026-06-19 20:32:07.759598+00:00,2026-06-19 20:32:13.785804+00:00
cd395d1b-ee0e-4b4b-86f7-c4a01e38dfc6,completed,2026-06-19 20:32:07.861282+00:00,2026-06-19 20:32:13.915538+00:00
2161f195-3f49-4bf6-a52b-73e239161080,completed,2026-06-19 20:32:08.063834+00:00,2026-06-19 20:32:14.189988+00:00
8253a99f-4ce7-46c6-b001-3895a7b8baec,completed,2026-06-19 20:32:08.569669+00:00,2026-06-19 20:32:14.972184+00:00
e459d442-a616-49d5-9c17-fa3b33cd11fe,completed,2026-06-19 20:32:08.672022+00:00,2026-06-19 20:32:15.117730+00:00
5c4e730a-7800-4027-81ed-63eae71998d8,completed,2026-06-19 20:32:08.771354+00:00,2026-06-19 20:32:15.253666+00:00
15b675e3-34d4-4b8c-9858-fe19660c80cb,completed,2026-06-19 20:32:09.571165+00:00,2026-06-19 20:32:16.486653+00:00
d4437938-d1ad-424a-9c52-d941a17319b3,completed,2026-06-19 20:32:09.977406+00:00,2026-06-19 20:32:17.089727+00:00
25a810b3-fc77-4185-b0db-ad4e11742fe7,completed,2026-06-19 20:32:11.772375+00:00,2026-06-19 20:32:19.753140+00:00
dd11e823-989d-47a2-bae7-357ebe133fe5,completed,2026-06-19 20:32:14.172088+00:00,2026-06-19 20:32:23.357227+00:00
457ee5fc-5b96-4762-a125-9694cd440c83,completed,2026-06-19 20:32:06.033777+00:00,2026-06-19 20:32:11.317428+00:00
64c99226-0920-4439-a1bb-cab39289ad0e,completed,2026-06-19 20:31:56.244036+00:00,2026-06-19 20:31:57.896762+00:00
21c07df8-6dc1-4581-a721-c907cc3b268a,completed,2026-06-19 20:32:01.082422+00:00,2026-06-19 20:32:04.296659+00:00
c641c061-a5c5-4c51-ba55-07c2e65f1246,completed,2026-06-19 20:31:56.363650+00:00,2026-06-19 20:31:58.052962+00:00
c491302d-6cc1-4c68-b6d8-c2ffa214ab93,completed,2026-06-19 20:31:56.482838+00:00,2026-06-19 20:31:58.203782+00:00
05453df2-79ac-4bb1-943b-35a8b9069c9a,completed,2026-06-19 20:32:01.193278+00:00,2026-06-19 20:32:04.437696+00:00
c51268d1-f1b0-416f-8cc3-68a230240ea8,completed,2026-06-19 20:31:57.896122+00:00,2026-06-19 20:32:00.011694+00:00
04a2fa3c-62e6-49b6-b4f0-0a26da0c28d5,completed,2026-06-19 20:31:58.129636+00:00,2026-06-19 20:32:00.285667+00:00
136f98c3-1244-4d0d-a5ff-a00887ebab73,completed,2026-06-19 20:32:03.705683+00:00,2026-06-19 20:32:07.924179+00:00
a76cc351-2bce-4c0f-8dc9-0b505c3e0f13,completed,2026-06-19 20:31:58.937002+00:00,2026-06-19 20:32:01.446203+00:00
f63beea0-329e-4275-ad5d-37dcfdadc108,completed,2026-06-19 20:32:01.858607+00:00,2026-06-19 20:32:05.362330+00:00
56a8e297-0cfd-4514-bee3-564cdfbfde1f,completed,2026-06-19 20:31:59.164568+00:00,2026-06-19 20:32:01.743816+00:00
a88629e5-e93d-441b-b217-97bba23e3d0b,completed,2026-06-19 20:32:00.748316+00:00,2026-06-19 20:32:03.876609+00:00
8c5d1da1-f8c4-4921-b733-a198de24a7d8,completed,2026-06-19 20:32:02.842515+00:00,2026-06-19 20:32:06.732931+00:00
9b20eef5-6e44-4e80-a0bd-279c28e07c62,completed,2026-06-19 20:32:04.560767+00:00,2026-06-19 20:32:09.111917+00:00
7a55b291-9882-4a3d-8a97-8967f791f96d,completed,2026-06-19 20:32:03.491959+00:00,2026-06-19 20:32:07.645675+00:00
f6cc0f10-f32e-48ba-984f-1045ef9fda03,completed,2026-06-19 20:32:03.924018+00:00,2026-06-19 20:32:08.235116+00:00
c896e83a-08df-4bfb-b0de-5c8cc38f440f,completed,2026-06-19 20:32:04.040817+00:00,2026-06-19 20:32:08.375176+00:00
3aab633d-f005-4bf8-8f86-1c687cfa3a97,completed,2026-06-19 20:32:07.072369+00:00,2026-06-19 20:32:12.749179+00:00
6d5b6531-67a2-4dcb-8092-a5537efe306f,completed,2026-06-19 20:32:07.478762+00:00,2026-06-19 20:32:13.388648+00:00
6a33a1f3-cd4b-4bbc-8369-2e099cef4221,completed,2026-06-19 20:32:07.783615+00:00,2026-06-19 20:32:13.829960+00:00
c8621040-638e-455d-8f82-79bac065daad,completed,2026-06-19 20:32:07.884514+00:00,2026-06-19 20:32:13.983522+00:00
b50010eb-6421-4967-9362-72d9d13fb987,completed,2026-06-19 20:32:07.986600+00:00,2026-06-19 20:32:14.126160+00:00
5fc79c27-afba-45b6-a3e4-777182556c82,completed,2026-06-19 20:32:08.594435+00:00,2026-06-19 20:32:15.034994+00:00
e107769b-077f-45c7-910b-f3ee2b3091b2,completed,2026-06-19 20:32:08.896389+00:00,2026-06-19 20:32:15.470400+00:00
a97017c3-74b8-4569-9b80-63bfd8e07c83,completed,2026-06-19 20:32:09.396741+00:00,2026-06-19 20:32:16.163342+00:00
b8298aeb-4f89-46f4-95a7-3ac03879b739,completed,2026-06-19 20:32:11.097848+00:00,2026-06-19 20:32:18.718943+00:00
041ce2b3-49df-4c41-90f6-8004bff08bd9,completed,2026-06-19 20:32:11.398645+00:00,2026-06-19 20:32:19.173698+00:00
f2e148cb-ee71-4c0a-a6da-95db4b9ec935,completed,2026-06-19 20:32:11.497084+00:00,2026-06-19 20:32:19.332635+00:00
41ff357a-6e72-43e5-b29e-67dff5a23655,completed,2026-06-19 20:32:12.297797+00:00,2026-06-19 20:32:20.544595+00:00
bcb2f6e4-06fc-4ad7-94e3-56a891fb1a45,completed,2026-06-19 20:32:12.904450+00:00,2026-06-19 20:32:21.426894+00:00
7433eb8a-4744-4c01-a5de-4b37244c90cd,completed,2026-06-19 20:32:04.298908+00:00,2026-06-19 20:32:08.713086+00:00
49f6f289-fcde-409b-b979-a6df3ccfee3e,completed,2026-06-19 20:31:57.720365+00:00,2026-06-19 20:31:59.815175+00:00
b7de4557-367d-4acb-a983-8f8bd7bb31da,completed,2026-06-19 20:32:03.114216+00:00,2026-06-19 20:32:07.070850+00:00
020c9e77-ee36-4587-9634-66f8bc0a19f2,completed,2026-06-19 20:31:58.535436+00:00,2026-06-19 20:32:00.863971+00:00
f6346823-3457-42fb-a082-f406e287cc49,completed,2026-06-19 20:31:58.651599+00:00,2026-06-19 20:32:01.011044+00:00
c320c9f1-fe6c-4408-a9ca-acd0391b8d24,completed,2026-06-19 20:32:03.227916+00:00,2026-06-19 20:32:07.219974+00:00
0dc4e100-06cd-46c1-aebd-0b6a98859d96,completed,2026-06-19 20:32:00.129477+00:00,2026-06-19 20:32:02.993061+00:00
73bd6d19-b10b-451c-8286-fd0cbb232625,completed,2026-06-19 20:32:00.242871+00:00,2026-06-19 20:32:03.171704+00:00
02c481f0-91b2-4487-bcc4-633e79169355,completed,2026-06-19 20:32:03.330447+00:00,2026-06-19 20:32:07.429883+00:00
446c2675-3e7f-4bbb-9e77-d93d0f653f99,completed,2026-06-19 20:32:01.252157+00:00,2026-06-19 20:32:04.528650+00:00
1763ddb5-81a9-44a9-adef-cd6b4631ff32,completed,2026-06-19 20:32:02.022816+00:00,2026-06-19 20:32:05.572021+00:00
e6f5d7c9-5062-45ac-a774-b0ff923d669b,completed,2026-06-19 20:32:02.247179+00:00,2026-06-19 20:32:05.862147+00:00
b4dca90b-20f8-468f-8251-1ef12bab6480,completed,2026-06-19 20:32:04.720732+00:00,2026-06-19 20:32:09.350510+00:00
37a49a5a-7e6d-4490-a8af-cbd299f9beca,completed,2026-06-19 20:32:04.084169+00:00,2026-06-19 20:32:08.438946+00:00
a70e0535-fd09-4b64-92db-b2ae3e40d4db,completed,2026-06-19 20:32:05.459130+00:00,2026-06-19 20:32:10.377721+00:00
58b45153-8ee8-4b10-928c-9916affd71d1,completed,2026-06-19 20:32:06.915783+00:00,2026-06-19 20:32:12.561071+00:00
af10d19c-e3e0-4007-8139-0f112aca4d75,completed,2026-06-19 20:32:05.037364+00:00,2026-06-19 20:32:09.800266+00:00
dd1c65ec-04b0-4f31-9bba-0293ab75f373,completed,2026-06-19 20:32:05.878903+00:00,2026-06-19 20:32:10.995514+00:00
f65105c2-92e6-4eb6-a383-f770572cb680,completed,2026-06-19 20:32:07.733001+00:00,2026-06-19 20:32:13.753673+00:00
d58dfd94-e9b0-45ca-9b35-2fb9424bc0be,completed,2026-06-19 20:32:07.833511+00:00,2026-06-19 20:32:13.892345+00:00
61cf30f8-9850-43c5-9bb8-bccfcb586bfe,completed,2026-06-19 20:32:08.545683+00:00,2026-06-19 20:32:14.939892+00:00
fe46aaf9-2dd6-4d12-931c-0a6dc53870c8,completed,2026-06-19 20:32:08.646881+00:00,2026-06-19 20:32:15.081855+00:00
6ebf7129-7da3-41bd-bce6-3c53ca6f15aa,completed,2026-06-19 20:32:08.946235+00:00,2026-06-19 20:32:15.538058+00:00
5599d1c2-8a01-45c6-90fb-2f56372f2ced,completed,2026-06-19 20:32:09.847419+00:00,2026-06-19 20:32:16.862441+00:00
22613c77-9506-4b85-bd91-99698ce699cf,completed,2026-06-19 20:32:10.147454+00:00,2026-06-19 20:32:17.324601+00:00
8d4a16dd-1012-4d6e-95fe-5a48a05e4d12,completed,2026-06-19 20:32:11.146351+00:00,2026-06-19 20:32:18.803186+00:00
d9eaa752-3411-4110-ba7c-6816efcb3e1b,completed,2026-06-19 20:32:11.248344+00:00,2026-06-19 20:32:18.951194+00:00
ffafc0a7-e643-4a9f-b6ec-755b74a8cf91,completed,2026-06-19 20:32:12.745924+00:00,2026-06-19 20:32:21.208753+00:00
91c680ca-f699-497e-8b01-3ad1d60738eb,completed,2026-06-19 20:32:13.146431+00:00,2026-06-19 20:32:21.808818+00:00
7da4f1fd-6d7b-40d6-a71b-381dc3de2c64,completed,2026-06-19 20:32:14.447456+00:00,2026-06-19 20:32:23.699065+00:00
40034053-8d78-4f46-9ac0-5019865563a2,completed,2026-06-19 20:32:14.946853+00:00,2026-06-19 20:32:24.449224+00:00
d239e7f1-c86b-4e90-adfc-bce38f6bd2e0,completed,2026-06-19 20:32:05.329212+00:00,2026-06-19 20:32:10.225189+00:00
2da057ed-5a1e-43bc-9d2b-ae68198fd4d5,completed,2026-06-19 20:32:07.910344+00:00,2026-06-19 20:32:14.016990+00:00
481b61ce-6803-4e2c-aa33-1a9443d23a99,completed,2026-06-19 20:32:06.382534+00:00,2026-06-19 20:32:11.761758+00:00
ab7bbd78-7f6e-46a1-abde-1acd26b39328,completed,2026-06-19 20:32:09.623461+00:00,2026-06-19 20:32:16.549880+00:00
72558c9e-fb90-4450-8670-b5bb15214ae6,completed,2026-06-19 20:32:06.578525+00:00,2026-06-19 20:32:12.055445+00:00
bce8ead6-fcab-4241-abe8-f8db92f21488,completed,2026-06-19 20:32:06.786639+00:00,2026-06-19 20:32:12.355498+00:00
564f7f74-8d43-4586-850e-0ab7646f0c3a,completed,2026-06-19 20:32:08.013594+00:00,2026-06-19 20:32:14.168284+00:00
8023540a-d031-45a8-8fb4-0ae8aba38304,completed,2026-06-19 20:32:07.298944+00:00,2026-06-19 20:32:13.130301+00:00
acb5be62-1f02-4dd9-a8af-078055be970a,completed,2026-06-19 20:32:07.609518+00:00,2026-06-19 20:32:13.573573+00:00
495d55e8-79d2-4718-98af-9c1dca23628b,completed,2026-06-19 20:32:07.706047+00:00,2026-06-19 20:32:13.716466+00:00
1a238534-575c-485c-9d9b-93ac9f9c6063,completed,2026-06-19 20:32:08.416952+00:00,2026-06-19 20:32:14.764580+00:00
cb28ba09-b7ec-40d1-846e-1b5d8a726c2d,completed,2026-06-19 20:32:08.520518+00:00,2026-06-19 20:32:14.916963+00:00
ddfac838-c2eb-494b-8a58-1c1eb29d7acc,completed,2026-06-19 20:32:11.721288+00:00,2026-06-19 20:32:19.658426+00:00
6ca34f7d-366a-405c-ba22-4a5dd1c3d4b1,completed,2026-06-19 20:32:10.823981+00:00,2026-06-19 20:32:18.284364+00:00
b6c370e9-7e7d-4737-96a5-8ac72782d902,completed,2026-06-19 20:32:11.922437+00:00,2026-06-19 20:32:19.962569+00:00
71822850-a3b9-4ed2-bc3c-df0a45bbae66,completed,2026-06-19 20:32:12.922917+00:00,2026-06-19 20:32:21.491349+00:00
938f5a93-7e76-46f3-a71b-4e9dd35223ce,completed,2026-06-19 20:32:13.123978+00:00,2026-06-19 20:32:21.776150+00:00
c1cb2188-9b66-4029-907e-15b6e2042004,completed,2026-06-19 20:32:13.621911+00:00,2026-06-19 20:32:22.492255+00:00
2e893789-34c3-48a9-89fe-f46d65c9af16,completed,2026-06-19 20:32:14.023060+00:00,2026-06-19 20:32:23.079709+00:00
5e4c9f23-d63c-4f1e-96df-5371d16870c9,completed,2026-06-19 20:32:14.223333+00:00,2026-06-19 20:32:23.372127+00:00
3d593a2e-90b7-4c76-b073-e039698ef92a,completed,2026-06-19 20:32:14.421774+00:00,2026-06-19 20:32:23.684472+00:00
32eec900-d9f2-4709-a4f8-535bb9dbd1e5,completed,2026-06-19 20:32:15.622746+00:00,2026-06-19 20:32:25.497516+00:00
11985d17-ddcb-4e12-beeb-8759c54cb4c4,completed,2026-06-19 20:32:16.022252+00:00,2026-06-19 20:32:26.121466+00:00
f6085c1c-04c9-43ad-8a97-4a667419b384,completed,2026-06-19 20:32:17.420673+00:00,2026-06-19 20:32:28.172730+00:00
571b365f-6219-436d-985f-08aa89fda41a,completed,2026-06-19 20:32:19.023943+00:00,2026-06-19 20:32:30.631783+00:00
774e4228-aeea-4e20-9009-2991ed405919,completed,2026-06-19 20:32:19.221723+00:00,2026-06-19 20:32:30.887547+00:00
195fad7b-3487-49dd-90a7-56524af1707b,completed,2026-06-19 20:32:19.422279+00:00,2026-06-19 20:32:31.198991+00:00
298c2ac3-0a38-4095-8c88-92535be76393,completed,2026-06-19 20:32:19.722274+00:00,2026-06-19 20:32:31.806552+00:00
cc21844d-7388-463b-81be-06f879fc02b3,completed,2026-06-19 20:32:19.820956+00:00,2026-06-19 20:32:31.950595+00:00
b4e6f2a4-625f-487b-a942-bfd378c8d553,completed,2026-06-19 20:32:19.921055+00:00,2026-06-19 20:32:32.125397+00:00
f4207018-2fb5-4ffc-8aef-416af850bffd,completed,2026-06-19 20:32:20.121387+00:00,2026-06-19 20:32:32.424248+00:00
22ac804a-6ff7-461c-8a2d-9a1e5734925f,completed,2026-06-19 20:32:20.095772+00:00,2026-06-19 20:32:32.364716+00:00
87b6dc14-7091-4ea2-ada6-4740ee73c932,completed,2026-06-19 20:32:13.596893+00:00,2026-06-19 20:32:22.483078+00:00
8bf2d904-cfd1-4612-9582-e1111608f7a4,completed,2026-06-19 20:32:16.396177+00:00,2026-06-19 20:32:26.611788+00:00
d0c19b1a-b729-47d6-b27f-5326c10a05b0,completed,2026-06-19 20:32:15.596759+00:00,2026-06-19 20:32:25.447256+00:00
69edf1db-6e30-49c3-adb1-1b340421c6e0,completed,2026-06-19 20:32:18.796370+00:00,2026-06-19 20:32:30.260705+00:00
58dd0d2b-54a0-4a45-8cbb-11a2e0f8cf48,completed,2026-06-19 20:32:15.795953+00:00,2026-06-19 20:32:25.735881+00:00
4b2e3edb-048b-430b-978c-2ab4852ceb3e,completed,2026-06-19 20:32:17.796644+00:00,2026-06-19 20:32:28.752815+00:00
864b4e9b-4dee-4443-876f-f4a6120f66c2,completed,2026-06-19 20:32:16.196189+00:00,2026-06-19 20:32:26.297002+00:00
14f1b6ab-b96b-48ad-8f43-558619648354,completed,2026-06-19 20:32:24.195622+00:00,2026-06-19 20:32:38.995055+00:00
41f7a142-2807-49ed-bab3-5212c0fb734b,completed,2026-06-19 20:32:18.397293+00:00,2026-06-19 20:32:29.642021+00:00
9d7d0c81-a25f-43d5-9043-54a66c76d545,completed,2026-06-19 20:32:19.096690+00:00,2026-06-19 20:32:30.719118+00:00
2f9649c4-23c6-4ee7-af1f-3ec8470424e7,completed,2026-06-19 20:32:18.697922+00:00,2026-06-19 20:32:30.115986+00:00
a33dc216-805a-4117-a181-6162d7c51248,completed,2026-06-19 20:32:20.197622+00:00,2026-06-19 20:32:32.547321+00:00
435f3a21-555c-424c-a68e-178a903394c9,completed,2026-06-19 20:32:19.496366+00:00,2026-06-19 20:32:31.373370+00:00
daf0c522-43f7-4213-acad-500ce6a05dbd,completed,2026-06-19 20:32:21.597088+00:00,2026-06-19 20:32:34.782127+00:00
97e2231c-40e7-4e0b-8de5-8ec63477a356,completed,2026-06-19 20:32:24.796108+00:00,2026-06-19 20:32:39.929909+00:00
9d4c6afd-7f1f-48c1-b2cf-127d0d49aae2,completed,2026-06-19 20:32:20.503653+00:00,2026-06-19 20:32:33.016751+00:00
f913f141-3718-4cca-9dbc-8ecbdd0677fb,completed,2026-06-19 20:32:21.705092+00:00,2026-06-19 20:32:34.941648+00:00
12288543-7559-4eb3-a410-c04692a9f48a,completed,2026-06-19 20:32:21.195987+00:00,2026-06-19 20:32:34.124369+00:00
2f3a4f27-47f9-42b7-9769-548418bf2e81,completed,2026-06-19 20:32:24.297276+00:00,2026-06-19 20:32:39.149326+00:00
fdd8f333-2ef5-4dd8-8f19-4e292f536878,completed,2026-06-19 20:32:23.097415+00:00,2026-06-19 20:32:37.272874+00:00
073595db-4464-4177-9389-6a696d6eac6c,completed,2026-06-19 20:32:24.897527+00:00,2026-06-19 20:32:40.061488+00:00
45cd6c99-1315-4876-9319-fbe5f84e848d,completed,2026-06-19 20:32:24.396114+00:00,2026-06-19 20:32:39.317129+00:00
3d1a7b06-3d7f-41e6-8210-b095e54ec6f5,completed,2026-06-19 20:32:25.096170+00:00,2026-06-19 20:32:40.355438+00:00
c5759838-99d9-4893-9cb5-cdc17235f7fc,completed,2026-06-19 20:32:08.189495+00:00,2026-06-19 20:32:14.474342+00:00
e26d0273-0aa3-4a6d-bad1-987d2a957d3e,completed,2026-06-19 20:32:21.571454+00:00,2026-06-19 20:32:34.646678+00:00
691853d3-c915-4743-8284-0d09b3acf7b9,completed,2026-06-19 20:32:14.470913+00:00,2026-06-19 20:32:23.744803+00:00
e3b3cbc5-6e3e-4177-9039-c317e411a89a,completed,2026-06-19 20:32:17.173552+00:00,2026-06-19 20:32:27.859863+00:00
3569097a-9413-48b2-8d6d-b4e04d5bbe1a,completed,2026-06-19 20:32:14.773115+00:00,2026-06-19 20:32:24.170513+00:00
7388bee1-0b7e-4bde-87d6-7db04fef3ca7,completed,2026-06-19 20:32:19.972052+00:00,2026-06-19 20:32:32.225293+00:00
77178f85-db53-4258-84c2-c85ec6ddacf2,completed,2026-06-19 20:32:15.070701+00:00,2026-06-19 20:32:24.700404+00:00
0f4bc9a8-2da8-428d-9f1d-ac8b59067e1b,completed,2026-06-19 20:32:17.974170+00:00,2026-06-19 20:32:29.041294+00:00
ac129d70-416e-4e3c-8a92-fcc8d786792e,completed,2026-06-19 20:32:16.371434+00:00,2026-06-19 20:32:26.593992+00:00
6e3aba31-c006-448b-bbb2-90158ad228e4,completed,2026-06-19 20:32:16.570606+00:00,2026-06-19 20:32:26.891402+00:00
86a556a3-6ce2-4f3b-906d-8c3042f6ea59,completed,2026-06-19 20:32:18.970149+00:00,2026-06-19 20:32:30.569569+00:00
a3c244d5-a784-4f29-8551-7bb12afa404b,completed,2026-06-19 20:32:20.271255+00:00,2026-06-19 20:32:32.722794+00:00
4937c494-c1c9-46e9-a5b8-84050534dc53,completed,2026-06-19 20:32:19.175112+00:00,2026-06-19 20:32:30.884492+00:00
18f8f91d-909e-4267-b37e-37fb48063b3a,completed,2026-06-19 20:32:21.871143+00:00,2026-06-19 20:32:35.292406+00:00
5fbc22a4-24d3-4dc5-9fe8-45e902db8c95,completed,2026-06-19 20:32:19.372680+00:00,2026-06-19 20:32:31.175146+00:00
d45d80d7-8834-497a-9921-21c2ec7683db,completed,2026-06-19 20:32:20.977028+00:00,2026-06-19 20:32:33.749083+00:00
5ac27eaa-ef78-44b2-a306-5bb96cb350d7,completed,2026-06-19 20:32:23.572902+00:00,2026-06-19 20:32:37.949572+00:00
5da75ec7-6f75-4c11-a911-112dc5b7e6be,completed,2026-06-19 20:32:21.072482+00:00,2026-06-19 20:32:33.938064+00:00
f8353fc2-05bf-4f69-88d0-53c3cddac5e1,completed,2026-06-19 20:32:21.971188+00:00,2026-06-19 20:32:35.439823+00:00
92e51042-56ae-4df5-83b3-64015dd02926,completed,2026-06-19 20:32:23.873499+00:00,2026-06-19 20:32:38.481501+00:00
462cca48-b9aa-4edb-aaec-3f2f6b4eec7e,completed,2026-06-19 20:32:23.272431+00:00,2026-06-19 20:32:37.524757+00:00
ad9cab63-77ce-486c-89a8-64741953371f,completed,2026-06-19 20:32:23.371964+00:00,2026-06-19 20:32:37.664921+00:00
c086a750-ec79-473b-a09e-846dce803370,completed,2026-06-19 20:32:24.971299+00:00,2026-06-19 20:32:40.220153+00:00
77e56101-f806-4545-a725-38cd55060a70,completed,2026-06-19 20:32:09.445513+00:00,2026-06-19 20:32:16.306120+00:00
6f5a6f46-df6d-4319-a43c-61732701d7a2,completed,2026-06-19 20:32:24.848095+00:00,2026-06-19 20:32:40.011000+00:00
efaaefe4-729c-4648-b30a-bb8ce8a9aa26,completed,2026-06-19 20:32:15.248691+00:00,2026-06-19 20:32:24.891549+00:00
e90c5695-0984-4058-9a9e-7e91f5a1962b,completed,2026-06-19 20:32:16.945431+00:00,2026-06-19 20:32:27.482108+00:00
b3bac413-a459-4ce0-92e4-d894c87d5ba2,completed,2026-06-19 20:32:15.646899+00:00,2026-06-19 20:32:25.483814+00:00
62b956ac-def4-4e9b-bef4-da5397e73b48,completed,2026-06-19 20:32:19.646151+00:00,2026-06-19 20:32:31.700021+00:00
11bfd37d-ef23-4281-b3d4-3815348bae75,completed,2026-06-19 20:32:15.848001+00:00,2026-06-19 20:32:25.800502+00:00
436d8666-eb59-47b7-8cdc-9c237e7aa015,completed,2026-06-19 20:32:17.146746+00:00,2026-06-19 20:32:27.774825+00:00
9895a56f-f877-4693-8cc9-bfc3bca59df0,completed,2026-06-19 20:32:15.951239+00:00,2026-06-19 20:32:25.972229+00:00
4b81d21f-04c1-466b-b1ba-071926459e61,completed,2026-06-19 20:32:22.851256+00:00,2026-06-19 20:32:36.814515+00:00
cad03892-3da1-4425-9174-df31095a1295,completed,2026-06-19 20:32:16.647598+00:00,2026-06-19 20:32:27.027228+00:00
9cb8e763-5be8-4e34-98aa-8049cb82461b,completed,2026-06-19 20:32:17.547712+00:00,2026-06-19 20:32:28.378619+00:00
8f216c95-a141-434f-89e9-4dc5f9d9b7e0,completed,2026-06-19 20:32:20.646034+00:00,2026-06-19 20:32:33.270360+00:00
88602c55-88d0-4022-9cf3-e9d5e43fd62f,completed,2026-06-19 20:32:18.846617+00:00,2026-06-19 20:32:30.338370+00:00
93201c2c-b62b-40d4-bd7f-a1246e4f3294,completed,2026-06-19 20:32:19.345492+00:00,2026-06-19 20:32:31.308103+00:00
db3f77c0-68b5-48d9-8c0f-9259b2ec4382,completed,2026-06-19 20:32:21.446864+00:00,2026-06-19 20:32:34.482965+00:00
3e9a1d17-58bd-4324-8c9f-f94ef0710ea8,completed,2026-06-19 20:32:23.648184+00:00,2026-06-19 20:32:38.103179+00:00
9df324b4-4738-40db-9e6b-8543ceb9692f,completed,2026-06-19 20:32:22.046628+00:00,2026-06-19 20:32:35.509729+00:00
bde4862e-6eb6-4547-a85d-a33569e5e815,completed,2026-06-19 20:32:22.746217+00:00,2026-06-19 20:32:36.631198+00:00
e3f7252a-5872-4eab-ba4e-6cf614f760e0,completed,2026-06-19 20:32:23.946705+00:00,2026-06-19 20:32:38.554959+00:00
b99a3179-748b-4aa1-a1eb-00a29728f00c,completed,2026-06-19 20:32:24.249321+00:00,2026-06-19 20:32:39.068811+00:00
6a2553ae-7dbc-4900-9b7b-5d936f5e4a08,completed,2026-06-19 20:32:16.625214+00:00,2026-06-19 20:32:27.031681+00:00
0befe23b-ed40-4369-bbcc-e70d665b5cf5,completed,2026-06-19 20:32:25.671739+00:00,2026-06-19 20:32:41.254669+00:00
7f02a4dd-4ec1-4cdb-bdfb-0767ea763745,completed,2026-06-19 20:32:20.321701+00:00,2026-06-19 20:32:32.715569+00:00
ce79402d-5efa-4f69-be64-8ce6972c9df1,completed,2026-06-19 20:32:21.822169+00:00,2026-06-19 20:32:35.148395+00:00
9db434a9-62b4-47c3-b714-ddff18ddb298,completed,2026-06-19 20:32:22.424682+00:00,2026-06-19 20:32:36.084329+00:00
53406e71-2b25-40bf-8625-5aa346e1d49b,completed,2026-06-19 20:32:22.822417+00:00,2026-06-19 20:32:36.783487+00:00
1a2daa0d-3c6c-4911-ada5-328fbbaed68c,completed,2026-06-19 20:32:23.226045+00:00,2026-06-19 20:32:37.415576+00:00
bbaee891-7ee9-4081-90b0-56748c64134d,completed,2026-06-19 20:32:23.726949+00:00,2026-06-19 20:32:38.184737+00:00
fe3df631-61df-4d26-b562-725bf26f753b,completed,2026-06-19 20:32:24.323717+00:00,2026-06-19 20:32:39.157310+00:00
faddf1fd-efb2-4bbf-82ce-fda031493805,completed,2026-06-19 20:32:24.620634+00:00,2026-06-19 20:32:39.605891+00:00
8c959b4e-8035-4b33-b2e4-c50086c59570,completed,2026-06-19 20:32:25.223303+00:00,2026-06-19 20:32:40.564209+00:00
6cecb713-5da3-40b4-8e92-8f8424c32133,completed,2026-06-19 20:32:26.046978+00:00,2026-06-19 20:32:41.800216+00:00
154aad88-0e59-44f5-96bb-d4ae9a6b25ae,completed,2026-06-19 20:32:25.447757+00:00,2026-06-19 20:32:40.917975+00:00
4ee131dc-7429-42c3-b011-5c05d6067a3a,completed,2026-06-19 20:32:25.521511+00:00,2026-06-19 20:32:41.083239+00:00
107c6f0b-41c6-4975-a513-84823f69b84f,completed,2026-06-19 20:32:25.595314+00:00,2026-06-19 20:32:41.173206+00:00
a6277eb9-2d23-4a14-aa53-5823f114446c,completed,2026-06-19 20:32:26.747554+00:00,2026-06-19 20:32:42.902424+00:00
31dcce0b-4745-4167-8bb7-1c949c94cda6,completed,2026-06-19 20:32:25.974993+00:00,2026-06-19 20:32:41.728282+00:00
f44006ab-b36e-48cd-89a0-7ad3b72dda62,completed,2026-06-19 20:32:26.222594+00:00,2026-06-19 20:32:42.079556+00:00
eac3eb6c-8e7c-43a8-9b68-43494113b8d8,completed,2026-06-19 20:32:26.297002+00:00,2026-06-19 20:32:42.223745+00:00
54ecbbdf-d19f-4100-b37f-ccdf905d6c92,completed,2026-06-19 20:32:26.632973+00:00,2026-06-19 20:32:42.681729+00:00
b2f9a7e4-a0aa-4de4-8765-cd9430551c74,completed,2026-06-19 20:32:27.047507+00:00,2026-06-19 20:32:43.406549+00:00
9eb16f1f-734a-40ff-bce7-0042ebe863ea,completed,2026-06-19 20:32:26.726105+00:00,2026-06-19 20:32:42.846590+00:00
5405001a-5907-4d47-a28e-23ad61d4c23b,completed,2026-06-19 20:32:27.421842+00:00,2026-06-19 20:32:43.944209+00:00
8b57fba9-6c45-4ad5-ad03-7bf285f1d3cc,completed,2026-06-19 20:32:26.998050+00:00,2026-06-19 20:32:43.254951+00:00
598390c8-8ded-4f96-86f0-7652d60c500d,completed,2026-06-19 20:32:27.247937+00:00,2026-06-19 20:32:43.700535+00:00
634e0eab-a2a7-4af4-a546-930b5cf6a325,completed,2026-06-19 20:32:27.297428+00:00,2026-06-19 20:32:43.769067+00:00
80dc9324-c0ab-4f19-8676-c3117d7610a5,completed,2026-06-19 20:32:27.347593+00:00,2026-06-19 20:32:43.849294+00:00
4949fb00-0788-4760-b7c5-702342e19d7c,completed,2026-06-19 20:32:27.524032+00:00,2026-06-19 20:32:44.105802+00:00
6b88e590-d305-4137-9a9c-db1fbbb1d237,completed,2026-06-19 20:32:27.600154+00:00,2026-06-19 20:32:44.253737+00:00
a173c4ab-294e-43d4-a0e0-89ebc2e1bc95,completed,2026-06-19 20:32:27.747579+00:00,2026-06-19 20:32:44.443854+00:00
fbbb0055-4bc6-4689-8dc3-da7c5bf25555,completed,2026-06-19 20:32:28.425523+00:00,2026-06-19 20:32:45.498938+00:00
a7032569-caea-4c7e-a21c-af184a540d43,completed,2026-06-19 20:32:28.524378+00:00,2026-06-19 20:32:45.656354+00:00
5c188fb6-be25-4230-8746-aca67d33a2d4,completed,2026-06-19 20:32:28.721378+00:00,2026-06-19 20:32:45.955973+00:00
343b8a49-caac-414b-9160-171fdc059c9a,completed,2026-06-19 20:32:29.620500+00:00,2026-06-19 20:32:47.295964+00:00
0b9c691e-ba5b-43a0-b7c1-2e1304a08258,completed,2026-06-19 20:32:29.721595+00:00,2026-06-19 20:32:47.450995+00:00
48e9846f-b7cb-4175-be1f-06c761776e77,completed,2026-06-19 20:32:30.120514+00:00,2026-06-19 20:32:48.093582+00:00
57e4d3d7-2062-4a5e-bf68-0f8a866c9ea6,completed,2026-06-19 20:32:32.120550+00:00,2026-06-19 20:32:50.991962+00:00
05e8f216-33a3-43b5-9d43-61d2f4fc03a7,completed,2026-06-19 20:32:32.420929+00:00,2026-06-19 20:32:51.517114+00:00
159f1ebd-392a-4f5d-af4f-aaede0adc05f,completed,2026-06-19 20:32:32.722414+00:00,2026-06-19 20:32:51.950582+00:00
d6dd27d9-a115-4188-bb6c-5f4ca207d821,completed,2026-06-19 20:32:33.021424+00:00,2026-06-19 20:32:52.372389+00:00
86ae4de1-c8e0-4720-92c5-c67388bb5959,completed,2026-06-19 20:32:33.120537+00:00,2026-06-19 20:32:52.508282+00:00
e3ce38a3-1fa0-4784-a74e-0ec4756cfaca,completed,2026-06-19 20:32:33.521940+00:00,2026-06-19 20:32:53.131564+00:00
38404e28-5e4d-47ea-a58a-d0daf2323601,completed,2026-06-19 20:32:33.722144+00:00,2026-06-19 20:32:53.422259+00:00
4521a7c0-0f3a-4f93-b65d-1ffe8cd59c82,completed,2026-06-19 20:32:34.225619+00:00,2026-06-19 20:32:54.151554+00:00
d16067c3-89e5-4b79-a1d2-665b01c7651c,completed,2026-06-19 20:32:35.421647+00:00,2026-06-19 20:32:55.942755+00:00
6bb23561-e750-4e85-988c-bf92bfac595b,completed,2026-06-19 20:32:36.020765+00:00,2026-06-19 20:32:56.832923+00:00
7211a0af-1bf9-4ea9-8ec5-027e56ea9e5d,completed,2026-06-19 20:32:38.220967+00:00,2026-06-19 20:33:00.149954+00:00
1460f694-ec22-405f-8ce0-7a201c4566ed,completed,2026-06-19 20:32:38.322674+00:00,2026-06-19 20:33:00.308414+00:00
707b2d75-fab1-4f6c-986a-7a18b932d13e,completed,2026-06-19 20:32:38.620852+00:00,2026-06-19 20:33:00.714097+00:00
ae1ee0f6-0bef-4528-bb21-38bde70e25b6,completed,2026-06-19 20:32:38.720883+00:00,2026-06-19 20:33:00.844583+00:00
b7670c7a-48b0-41b5-9dd5-c03766547a21,completed,2026-06-19 20:32:38.820378+00:00,2026-06-19 20:33:01.017459+00:00
b1721778-cdd4-4baf-9a1e-0ddf8627788d,completed,2026-06-19 20:32:39.221882+00:00,2026-06-19 20:33:01.639532+00:00
7a292546-02ca-4ed6-bb10-2ed4d8a371f2,completed,2026-06-19 20:32:40.722491+00:00,2026-06-19 20:33:03.989674+00:00
7d5000cf-13e1-4bc1-9b67-47e69186723b,completed,2026-06-19 20:32:41.020920+00:00,2026-06-19 20:33:04.402314+00:00
d6172a75-9a24-4483-8331-45ff8f4cd415,completed,2026-06-19 20:32:41.420315+00:00,2026-06-19 20:33:05.001174+00:00
2761c11b-e2a9-4b2b-94da-73ed1ae959d9,completed,2026-06-19 20:32:41.521488+00:00,2026-06-19 20:33:05.156223+00:00
c8ec5520-19e7-466b-bdff-535fb10486f4,completed,2026-06-19 20:32:41.721218+00:00,2026-06-19 20:33:05.474548+00:00
0fedb033-a6a4-4baf-b7d8-5a12b91f4225,completed,2026-06-19 20:32:41.923811+00:00,2026-06-19 20:33:05.770198+00:00
2d799174-9832-4087-8cd6-6629db51fa45,completed,2026-06-19 20:32:42.023151+00:00,2026-06-19 20:33:05.954934+00:00
ce1efde1-a81c-4dc8-8a2a-9e9ed4538aef,completed,2026-06-19 20:32:42.321652+00:00,2026-06-19 20:33:06.463506+00:00
94192a9e-dbde-4ed2-b434-edac79ae9ab0,completed,2026-06-19 20:32:28.474056+00:00,2026-06-19 20:32:45.584360+00:00
b9f40d7b-2157-4875-a34b-1078fd7dc529,completed,2026-06-19 20:32:28.574715+00:00,2026-06-19 20:32:45.733551+00:00
470989f7-75ae-4423-ae8e-7908a3f1338f,completed,2026-06-19 20:32:29.271631+00:00,2026-06-19 20:32:46.771582+00:00
c97ab369-acde-48f6-9aca-e027f4a6ee36,completed,2026-06-19 20:32:29.471713+00:00,2026-06-19 20:32:47.051576+00:00
94df0db4-b1f2-4161-81c4-a6e556dbc7f3,completed,2026-06-19 20:32:29.771465+00:00,2026-06-19 20:32:47.514451+00:00
9389b92b-1b83-4762-ade8-b49a3c6db8b6,completed,2026-06-19 20:32:30.072162+00:00,2026-06-19 20:32:47.979467+00:00
c65aa8cb-34b1-49db-be93-99b014a70e13,completed,2026-06-19 20:32:31.171505+00:00,2026-06-19 20:32:49.622004+00:00
4b072353-0b26-4234-9f72-a9ae3d3f00c9,completed,2026-06-19 20:32:31.471879+00:00,2026-06-19 20:32:50.077928+00:00
c6973594-a160-431d-bde7-d15f5e43ec8d,completed,2026-06-19 20:32:31.668613+00:00,2026-06-19 20:32:50.382746+00:00
785050cc-5e10-4bb8-b0fe-99a860965da3,completed,2026-06-19 20:32:31.971064+00:00,2026-06-19 20:32:50.851713+00:00
800c8f70-eb4a-4796-b2c3-7daba686ec1d,completed,2026-06-19 20:32:33.272868+00:00,2026-06-19 20:32:52.758174+00:00
3a4f4c34-7700-4f66-a443-650bb05b0a61,completed,2026-06-19 20:32:33.579149+00:00,2026-06-19 20:32:53.230230+00:00
09100a85-5d32-4104-a912-71da51f0327b,completed,2026-06-19 20:32:33.674848+00:00,2026-06-19 20:32:53.384832+00:00
b5f990e1-38d2-482a-a0d9-49724ad74499,completed,2026-06-19 20:32:34.372546+00:00,2026-06-19 20:32:54.353182+00:00
d1baffae-5611-44a6-a3bb-422f56de6193,completed,2026-06-19 20:32:34.772088+00:00,2026-06-19 20:32:54.957425+00:00
52770b1c-d9a2-4dcc-b9f5-27dfcb65346a,completed,2026-06-19 20:32:34.974717+00:00,2026-06-19 20:32:55.277415+00:00
9d8c0769-a5e3-402e-8702-c427d8fca412,completed,2026-06-19 20:32:35.073786+00:00,2026-06-19 20:32:55.422312+00:00
91f92143-cab4-4a53-b8db-0f4510a1775b,completed,2026-06-19 20:32:35.370948+00:00,2026-06-19 20:32:55.892606+00:00
c36c99a9-f954-4390-9936-29d022cef5ed,completed,2026-06-19 20:32:35.473917+00:00,2026-06-19 20:32:56.066716+00:00
bbcaa0c2-9d8e-4c0b-aa91-0536873bb996,completed,2026-06-19 20:32:35.573671+00:00,2026-06-19 20:32:56.216097+00:00
67dd40d6-b29a-4e29-b36d-26654873bdcd,completed,2026-06-19 20:32:37.470054+00:00,2026-06-19 20:32:59.017908+00:00
30a58dca-9964-4076-99ab-c93075294828,completed,2026-06-19 20:32:37.572381+00:00,2026-06-19 20:32:59.167995+00:00
063eb1b0-845f-46c9-b3f0-d2d43adb4580,completed,2026-06-19 20:32:37.970405+00:00,2026-06-19 20:32:59.761461+00:00
3f428646-05a0-4a90-960d-466c203ca63d,completed,2026-06-19 20:32:38.572124+00:00,2026-06-19 20:33:00.660688+00:00
91fd0e3e-ce7c-433a-8246-c79a5c4de38e,completed,2026-06-19 20:32:38.771459+00:00,2026-06-19 20:33:00.953130+00:00
9badaf84-d3e8-4d11-a51a-a66657aa1e98,completed,2026-06-19 20:32:38.870501+00:00,2026-06-19 20:33:01.096356+00:00
5a772285-2e57-455c-9f4b-67e81e0d5b55,completed,2026-06-19 20:32:39.272657+00:00,2026-06-19 20:33:01.695415+00:00
0808c364-0705-47e8-9ddd-f2ef68461e4c,completed,2026-06-19 20:32:39.671579+00:00,2026-06-19 20:33:02.365600+00:00
37c85b10-8d08-411e-bb8e-adef524a4854,completed,2026-06-19 20:32:40.774524+00:00,2026-06-19 20:33:04.054169+00:00
e8dada63-eff6-452b-a56f-bfe4b50f463b,completed,2026-06-19 20:32:41.371546+00:00,2026-06-19 20:33:05.007481+00:00
ec35b14c-a4b8-4b87-b404-e0f1803bdb79,completed,2026-06-19 20:32:28.645901+00:00,2026-06-19 20:32:45.856898+00:00
dcd5ed32-5c29-4e14-911b-590694e6c511,completed,2026-06-19 20:32:29.946150+00:00,2026-06-19 20:32:47.801182+00:00
248d0960-bd89-4e09-ab1d-b3ea93019fe8,completed,2026-06-19 20:32:31.044905+00:00,2026-06-19 20:32:49.404748+00:00
4094dcbd-0fb4-4d2f-b57e-24f440ba61c1,completed,2026-06-19 20:32:31.446582+00:00,2026-06-19 20:32:50.022104+00:00
499ae513-752f-4b5f-b6db-724743f3f04b,completed,2026-06-19 20:32:31.545260+00:00,2026-06-19 20:32:50.180131+00:00
59e527a0-1761-4788-8bed-27a43aa99dcc,completed,2026-06-19 20:32:31.747233+00:00,2026-06-19 20:32:50.511170+00:00
1eaaca52-b4ae-4ec7-aa9e-321b8146760b,completed,2026-06-19 20:32:33.446223+00:00,2026-06-19 20:32:53.012256+00:00
15a47740-651a-47d1-a28d-c3129fddf7af,completed,2026-06-19 20:32:33.845585+00:00,2026-06-19 20:32:53.578661+00:00
a04f8d6c-a4b1-4751-80b1-d24a2546c521,completed,2026-06-19 20:32:34.245928+00:00,2026-06-19 20:32:54.181894+00:00
ffcf4dc8-69f0-4795-9bff-59973305b8dc,completed,2026-06-19 20:32:34.847526+00:00,2026-06-19 20:32:55.104004+00:00
7bb233b0-beae-4d24-b3e4-e6399464ef8f,completed,2026-06-19 20:32:35.250614+00:00,2026-06-19 20:32:55.724428+00:00
63866eac-2949-425e-ab87-1471c2cbf40d,completed,2026-06-19 20:32:35.446277+00:00,2026-06-19 20:32:56.043336+00:00
dd3a861a-408b-45c6-9666-43926824572f,completed,2026-06-19 20:32:35.647425+00:00,2026-06-19 20:32:56.338686+00:00
236b47f9-246d-4b99-8db9-5d6473c85c39,completed,2026-06-19 20:32:35.847361+00:00,2026-06-19 20:32:56.634791+00:00
a0894e4c-1acf-4316-b1c7-b3055202d014,completed,2026-06-19 20:32:38.448772+00:00,2026-06-19 20:33:00.468448+00:00
5c1fe201-69a1-4697-a199-2698289c3f3d,completed,2026-06-19 20:32:38.548224+00:00,2026-06-19 20:33:00.621202+00:00
2315811c-9f25-456a-b123-279534fc1f43,completed,2026-06-19 20:32:38.647338+00:00,2026-06-19 20:33:00.764505+00:00
cb91cd44-15a2-4cc1-b9f5-cd6414f0550e,completed,2026-06-19 20:32:38.746279+00:00,2026-06-19 20:33:00.939882+00:00
71488fed-8dd8-4fef-99f5-9d8b7fe244cf,completed,2026-06-19 20:32:39.147413+00:00,2026-06-19 20:33:01.509179+00:00
179d4848-998a-463d-b456-77e8e5a5cc50,completed,2026-06-19 20:32:39.646917+00:00,2026-06-19 20:33:02.265974+00:00
96306285-017b-48a5-9164-798c8d2f5a53,completed,2026-06-19 20:32:39.862829+00:00,2026-06-19 20:33:02.546656+00:00
6df2b6c7-b1d7-4ff7-9bab-5b992af7aa52,completed,2026-06-19 20:32:40.946869+00:00,2026-06-19 20:33:04.300719+00:00
9b1b5973-d3c6-4af3-944d-0536dc6a605d,completed,2026-06-19 20:32:40.447486+00:00,2026-06-19 20:33:03.611499+00:00
666b238a-b7f3-4100-9c2b-ca137acbd13f,completed,2026-06-19 20:32:41.547651+00:00,2026-06-19 20:33:05.260606+00:00
99032d6b-3f3b-4ee5-9e15-50f40fcbf4b7,completed,2026-06-19 20:32:43.247420+00:00,2026-06-19 20:33:07.848843+00:00
943cec75-145c-461d-80fa-082899b78551,completed,2026-06-19 20:32:43.646318+00:00,2026-06-19 20:33:08.401591+00:00
84628f18-75b0-48a6-a3a1-3f25b00f91f8,completed,2026-06-19 20:32:43.847474+00:00,2026-06-19 20:33:08.693368+00:00
05797832-82bb-4859-afbc-d5767a9e8b5a,completed,2026-06-19 20:32:43.944707+00:00,2026-06-19 20:33:08.842386+00:00
93d0c181-a61d-4cfb-af34-ae819a58856a,completed,2026-06-19 20:32:44.146337+00:00,2026-06-19 20:33:09.130082+00:00
b6989807-0892-4104-891c-d165d45ae79a,completed,2026-06-19 20:32:44.548011+00:00,2026-06-19 20:33:09.706403+00:00
74e04670-ead8-4f0e-81d8-9e47f173c859,completed,2026-06-19 20:32:23.523782+00:00,2026-06-19 20:32:37.878753+00:00
090668ff-0d42-4235-b2cc-b04d70559a45,completed,2026-06-19 20:32:25.822066+00:00,2026-06-19 20:32:41.500650+00:00
4f091082-0654-4ad7-9b2e-85b37e96eea5,completed,2026-06-19 20:32:28.047392+00:00,2026-06-19 20:32:44.969692+00:00
a988798a-0af0-40da-9d08-95c811ff165e,completed,2026-06-19 20:32:28.177458+00:00,2026-06-19 20:32:45.145326+00:00
31c72423-13e4-473b-870e-c93dc9a685fc,completed,2026-06-19 20:32:28.449363+00:00,2026-06-19 20:32:45.546584+00:00
19e23156-3fa3-4262-829a-8ceb579e9dc1,completed,2026-06-19 20:32:29.598177+00:00,2026-06-19 20:32:47.290129+00:00
a935cd27-af2d-4595-8db3-ecfedab63c26,completed,2026-06-19 20:32:29.095918+00:00,2026-06-19 20:32:46.526823+00:00
05147b52-611d-4457-8555-b146859daa9e,completed,2026-06-19 20:32:29.298607+00:00,2026-06-19 20:32:46.846937+00:00
7b4edf2e-9ecf-49f3-bed1-29102aa3232d,completed,2026-06-19 20:32:35.098080+00:00,2026-06-19 20:32:55.472718+00:00
18884c94-0ce2-4360-bd88-5cdf24ae558e,completed,2026-06-19 20:32:29.997904+00:00,2026-06-19 20:32:47.872705+00:00
f65514ef-5f66-4302-b058-8fed75b98af4,completed,2026-06-19 20:32:30.995455+00:00,2026-06-19 20:32:49.397937+00:00
4792df0f-7cfe-4b99-83b5-268040d03c40,completed,2026-06-19 20:32:31.596631+00:00,2026-06-19 20:32:50.241284+00:00
393c2019-4948-4fc3-8247-9fa08974a950,completed,2026-06-19 20:32:31.797767+00:00,2026-06-19 20:32:50.544930+00:00
548b1972-a01c-4f17-a138-9fc2d2b3411d,completed,2026-06-19 20:32:32.700917+00:00,2026-06-19 20:32:51.864709+00:00
df13b6e2-1751-4f46-a91c-be71415cdb6a,completed,2026-06-19 20:32:33.396304+00:00,2026-06-19 20:32:52.947589+00:00
de4b98c9-eb2e-4a38-843f-a1ffa478ff04,completed,2026-06-19 20:32:33.595719+00:00,2026-06-19 20:32:53.238423+00:00
4560a267-51f6-4841-8282-d142994c8c68,completed,2026-06-19 20:32:34.604143+00:00,2026-06-19 20:32:54.732662+00:00
7828dd41-b13f-41d0-b28a-1363efff3c46,completed,2026-06-19 20:32:34.998494+00:00,2026-06-19 20:32:55.340253+00:00
8ddc7d9d-3cfa-44a4-a70a-6788d97e20cf,completed,2026-06-19 20:32:35.497506+00:00,2026-06-19 20:32:56.087933+00:00
81a58fec-22e3-4c67-83ea-c58a9df36538,completed,2026-06-19 20:32:35.699083+00:00,2026-06-19 20:32:56.351185+00:00
87cb171b-d716-40e5-986c-848fcf1a78ee,completed,2026-06-19 20:32:35.895087+00:00,2026-06-19 20:32:56.678899+00:00
8d482003-1e58-43c8-9bd1-09fbc0bbe947,completed,2026-06-19 20:32:35.995820+00:00,2026-06-19 20:32:56.821800+00:00
1e2d9c82-dd81-472d-beae-20c32c7ee440,completed,2026-06-19 20:32:36.596457+00:00,2026-06-19 20:32:57.719501+00:00
ff5914ac-0a27-4cc6-b2fb-87aad570c158,completed,2026-06-19 20:32:38.096678+00:00,2026-06-19 20:32:59.959477+00:00
0e0e25f7-379d-4692-b670-cf594a14edb7,completed,2026-06-19 20:32:38.896011+00:00,2026-06-19 20:33:01.113195+00:00
bfc4e03c-7d47-4b32-9d61-e13bc9e2092c,completed,2026-06-19 20:32:41.096247+00:00,2026-06-19 20:33:04.553932+00:00
531ec954-d4c4-48a1-822e-860f7f3074ba,completed,2026-06-19 20:32:41.297186+00:00,2026-06-19 20:33:04.854227+00:00
f8908b8c-dca3-4fe3-b561-ab471054255d,completed,2026-06-19 20:32:41.397185+00:00,2026-06-19 20:33:05.016451+00:00
7adfb992-2dfa-47ea-ab54-5afb78f57c02,completed,2026-06-19 20:32:41.995892+00:00,2026-06-19 20:33:05.898979+00:00
5bb9363b-a6d3-4101-84ed-847a3e8db33c,completed,2026-06-19 20:32:42.698521+00:00,2026-06-19 20:33:06.993086+00:00
cba4cae5-6251-41d1-983b-5283ed6e7c89,completed,2026-06-19 20:32:44.996661+00:00,2026-06-19 20:33:10.441813+00:00
1ea863c0-c54b-4e33-be49-3bb507ab4235,failed,2026-06-19 20:32:55.971162+00:00,2026-06-19 20:33:26.002514+00:00
8f7f731e-07f3-42ed-9931-4b0f8d95ddcf,completed,2026-06-19 20:32:42.572274+00:00,2026-06-19 20:33:06.858088+00:00
9a2a75da-0361-4943-bdc4-56536a9289c7,completed,2026-06-19 20:32:42.873525+00:00,2026-06-19 20:33:07.275358+00:00
8eaba238-d0ee-4df4-a791-fb74a03df578,completed,2026-06-19 20:32:43.071577+00:00,2026-06-19 20:33:07.558120+00:00
fd66dd10-ae19-4b0e-9991-f194214d25c0,completed,2026-06-19 20:32:43.472971+00:00,2026-06-19 20:33:08.123499+00:00
422c4412-9106-4d26-9ada-fa8d7c624d09,completed,2026-06-19 20:32:44.573020+00:00,2026-06-19 20:33:09.721619+00:00
8117b2d5-b758-4bc9-a20b-a7455369f39f,completed,2026-06-19 20:32:44.672244+00:00,2026-06-19 20:33:09.872289+00:00
b04dfbd5-751b-4a09-ae06-bef0a6a5c6a8,completed,2026-06-19 20:32:45.571184+00:00,2026-06-19 20:33:11.262035+00:00
3d2c00fd-0839-41ca-a6b9-26f184242df5,completed,2026-06-19 20:32:46.072329+00:00,2026-06-19 20:33:12.018330+00:00
78e0e656-f233-42a9-9a68-c430921755f2,completed,2026-06-19 20:32:46.580350+00:00,2026-06-19 20:33:12.746924+00:00
7953b0d7-dc02-4f2f-9f7d-87d06bc60c4a,completed,2026-06-19 20:32:46.671778+00:00,2026-06-19 20:33:12.888906+00:00
79e88dc3-c1df-44b7-b8de-65884d98c48f,completed,2026-06-19 20:32:46.770584+00:00,2026-06-19 20:33:13.042835+00:00
f743d3b5-2ff9-45fd-ade1-c543bd62d689,completed,2026-06-19 20:32:47.071857+00:00,2026-06-19 20:33:13.507772+00:00
cfa486b3-3efd-45d2-9a7c-05f7a496e60c,completed,2026-06-19 20:32:47.473172+00:00,2026-06-19 20:33:14.101964+00:00
ba952aee-1a13-4586-860b-5cafc121b1b3,completed,2026-06-19 20:32:47.871305+00:00,2026-06-19 20:33:14.695785+00:00
9c5049a4-c4db-4036-9319-c5ff16f1f942,completed,2026-06-19 20:32:49.977145+00:00,2026-06-19 20:33:17.761156+00:00
1a00dc0e-70b2-4b5a-87c8-6e018d5f2a44,completed,2026-06-19 20:32:50.672992+00:00,2026-06-19 20:33:18.765459+00:00
3889a1bd-c5b3-4b2d-9293-1c3386157f57,completed,2026-06-19 20:32:50.869787+00:00,2026-06-19 20:33:19.050410+00:00
b6715906-9208-4b0a-856a-2099d789c47f,completed,2026-06-19 20:32:52.172941+00:00,2026-06-19 20:33:20.937089+00:00
44be03f0-5731-430e-a248-eb43215246eb,completed,2026-06-19 20:32:52.571146+00:00,2026-06-19 20:33:21.546513+00:00
69ac0326-f982-4752-b77b-7a774d956d1a,completed,2026-06-19 20:32:52.870730+00:00,2026-06-19 20:33:21.975430+00:00
fc86e999-826d-459d-9a1e-10308389902e,completed,2026-06-19 20:32:52.974505+00:00,2026-06-19 20:33:22.121561+00:00
08f29da6-ded8-4a1b-9885-87e5158b70de,completed,2026-06-19 20:32:53.570372+00:00,2026-06-19 20:33:23.030637+00:00
98997c01-76cd-41e8-95ca-2e10f61a8722,completed,2026-06-19 20:32:54.773954+00:00,2026-06-19 20:33:24.753055+00:00
71e8f5ee-177e-4451-af4e-6b6d57f47d92,completed,2026-06-19 20:32:55.072059+00:00,2026-06-19 20:33:25.177822+00:00
7fc60309-2233-4815-ba43-90a2ad42b416,completed,2026-06-19 20:32:55.371508+00:00,2026-06-19 20:33:25.473386+00:00
13988a35-0a4a-4932-9939-c6075bd14f3f,failed,2026-06-19 20:32:57.173100+00:00,2026-06-19 20:33:27.211162+00:00
b89b2d53-d1d9-455f-a6a0-02ad223ae8cd,completed,2026-06-19 20:32:56.070428+00:00,2026-06-19 20:33:26.178983+00:00
35f6ae50-f190-48e6-b1fd-928d033d848f,completed,2026-06-19 20:32:58.574848+00:00,2026-06-19 20:33:28.661730+00:00
9c292d7f-1eba-4683-949b-71ec3dc4adb2,completed,2026-06-19 20:32:59.172004+00:00,2026-06-19 20:33:29.325617+00:00
0bb73974-f20e-498a-9a18-2832d9d004b4,completed,2026-06-19 20:32:26.320250+00:00,2026-06-19 20:32:42.229069+00:00
aa42e6f7-8272-4f43-9d98-07e01348730e,completed,2026-06-19 20:32:28.121502+00:00,2026-06-19 20:32:45.014829+00:00
bd8b2f7c-6f64-4bb0-bf4c-e48acd5abd1e,completed,2026-06-19 20:32:30.323575+00:00,2026-06-19 20:32:48.379648+00:00
24233a9d-c611-4fba-b7ec-08c8161b2b3a,completed,2026-06-19 20:32:33.049079+00:00,2026-06-19 20:32:52.425782+00:00
fcb738dc-7018-4a2b-8b39-4a5e40260fa3,completed,2026-06-19 20:32:46.421042+00:00,2026-06-19 20:33:12.537756+00:00
300c0bda-f224-475d-9c20-baaebae89016,completed,2026-06-19 20:32:48.473236+00:00,2026-06-19 20:33:15.557327+00:00
41b27bc0-0d31-4f3b-830f-320abc5b13e0,completed,2026-06-19 20:32:50.121322+00:00,2026-06-19 20:33:17.949121+00:00
a5b70e8f-d657-4c5f-9dba-d673df52ac78,completed,2026-06-19 20:32:54.370810+00:00,2026-06-19 20:33:24.173087+00:00
cdf57038-6365-4a67-8a5a-b4717f3d1a6b,completed,2026-06-19 20:32:59.121197+00:00,2026-06-19 20:33:29.247577+00:00
f50df6bf-3096-4aa5-b3a8-e0fceab99d55,completed,2026-06-19 20:32:44.018086+00:00,2026-06-19 20:33:08.967464+00:00
6908b92b-4bcf-44af-a735-96ba3963accc,completed,2026-06-19 20:32:44.120315+00:00,2026-06-19 20:33:09.119378+00:00
5221278b-af57-4a9a-8af9-76554fe56a25,completed,2026-06-19 20:32:44.621295+00:00,2026-06-19 20:33:09.867442+00:00
804f1c85-75ae-4f94-8edc-13f6781c229d,completed,2026-06-19 20:32:45.421055+00:00,2026-06-19 20:33:11.083226+00:00
e9fc4f8b-29e3-4b8c-b1f4-bd5b449b8e93,completed,2026-06-19 20:32:45.520265+00:00,2026-06-19 20:33:11.225364+00:00
6aa0a17e-3fcc-45b6-a9a9-90ae2d9b6445,completed,2026-06-19 20:32:45.724324+00:00,2026-06-19 20:33:11.523019+00:00
5d2e70d8-3e94-4bba-b05b-a32d8d07071b,completed,2026-06-19 20:32:46.920826+00:00,2026-06-19 20:33:13.247461+00:00
67cca396-6351-4dbd-97fb-fb6059653c2f,completed,2026-06-19 20:32:47.120495+00:00,2026-06-19 20:33:13.526035+00:00
207e1676-66aa-481b-bbc6-0ef90c5489b0,completed,2026-06-19 20:32:48.720616+00:00,2026-06-19 20:33:15.946427+00:00
5e1575b5-1cb7-486b-88ec-62ff5ca10238,completed,2026-06-19 20:32:49.221840+00:00,2026-06-19 20:33:16.662965+00:00
94ad5421-c3c3-47b5-ae52-b84a3bc367ce,completed,2026-06-19 20:32:49.321193+00:00,2026-06-19 20:33:16.811550+00:00
aa45c5ab-c16f-426a-bac0-b7f78bcbcdcc,completed,2026-06-19 20:32:49.521560+00:00,2026-06-19 20:33:17.098995+00:00
3d014f8d-6ce2-44a5-8e65-f02d40f18e8c,completed,2026-06-19 20:32:49.622196+00:00,2026-06-19 20:33:17.248080+00:00
7ac2e78e-04db-4c6d-befa-782521fe68eb,completed,2026-06-19 20:32:49.820096+00:00,2026-06-19 20:33:17.545135+00:00
497b1705-4908-434b-a9c7-c571605db289,completed,2026-06-19 20:32:51.022176+00:00,2026-06-19 20:33:19.245059+00:00
98ac097c-1ff5-4ba2-98b4-8a86cb38adca,completed,2026-06-19 20:32:53.020919+00:00,2026-06-19 20:33:22.193325+00:00
b82d9e7a-93fc-46ee-ad9d-8949175be5a0,completed,2026-06-19 20:32:53.421697+00:00,2026-06-19 20:33:22.813146+00:00
6746a0b2-1c10-47e5-a02e-ed576c6056a8,completed,2026-06-19 20:32:54.121796+00:00,2026-06-19 20:33:23.783779+00:00
a10232d5-0f22-4bb9-b0aa-fafd1cda83ec,completed,2026-06-19 20:32:54.220223+00:00,2026-06-19 20:33:23.918095+00:00
184f44de-16c1-424d-b23f-8d983445c53f,completed,2026-06-19 20:32:54.420748+00:00,2026-06-19 20:33:24.204177+00:00
7b6e7fd8-226f-4917-9fba-4716e1c270b4,completed,2026-06-19 20:32:54.520682+00:00,2026-06-19 20:33:24.350863+00:00
a0853eca-571a-4dba-941e-9bd247acbe57,completed,2026-06-19 20:32:54.920819+00:00,2026-06-19 20:33:24.969900+00:00
b55ec0af-e925-4c0a-9033-4f9a73c82216,failed,2026-06-19 20:32:57.720833+00:00,2026-06-19 20:33:27.741494+00:00
eb1b5b70-05aa-4e7c-9d76-0c6cee184e58,completed,2026-06-19 20:32:57.628079+00:00,2026-06-19 20:33:27.764405+00:00
71607ca5-9f9d-4ee2-8806-a9f9e91b7f8f,completed,2026-06-19 20:32:57.820043+00:00,2026-06-19 20:33:27.948611+00:00
1aa5ccb2-d1f1-46e6-a98f-cf3f1cebc267,completed,2026-06-19 20:32:58.120384+00:00,2026-06-19 20:33:28.236930+00:00
86b78769-6b5d-4114-a66b-6349c660c0be,completed,2026-06-19 20:32:58.720855+00:00,2026-06-19 20:33:28.834616+00:00
cd79a65d-af25-442b-b568-5c62474521ce,completed,2026-06-19 20:32:58.920094+00:00,2026-06-19 20:33:29.160013+00:00
23ae2a5d-ef60-486a-9d35-426a85fd9d85,completed,2026-06-19 20:32:59.419797+00:00,2026-06-19 20:33:29.534257+00:00
87f3c892-8184-464e-9931-8739b2fee0fb,failed,2026-06-19 20:32:55.296208+00:00,2026-06-19 20:33:25.314857+00:00
308a5f0a-1ed4-413a-bc38-3defb1e93b13,completed,2026-06-19 20:32:46.095441+00:00,2026-06-19 20:33:12.031949+00:00
b60aac76-93c0-47ec-92e1-0659ebb742c3,completed,2026-06-19 20:32:46.197974+00:00,2026-06-19 20:33:12.171586+00:00
80cf50c5-2b42-42be-a172-b201036d5e1d,completed,2026-06-19 20:32:46.701950+00:00,2026-06-19 20:33:12.917452+00:00
255dc0da-ab8b-43c6-8ede-0ac65b5adcd6,completed,2026-06-19 20:32:47.197550+00:00,2026-06-19 20:33:13.670888+00:00
360b6877-2b94-4d8f-804c-18d96e7a65fb,completed,2026-06-19 20:32:48.295660+00:00,2026-06-19 20:33:15.286361+00:00
e6e69d35-8e70-4cc4-a659-47c6d177bebb,completed,2026-06-19 20:32:48.994905+00:00,2026-06-19 20:33:16.289680+00:00
fcaf07d4-91e7-426c-8722-e1241f7d667e,completed,2026-06-19 20:32:49.395229+00:00,2026-06-19 20:33:16.868568+00:00
2057c90d-ac7c-4347-b38f-4bb3335a4f53,completed,2026-06-19 20:32:50.394706+00:00,2026-06-19 20:33:18.342032+00:00
07234f1e-5918-4124-8238-8d19bef41f0b,completed,2026-06-19 20:32:50.497740+00:00,2026-06-19 20:33:18.481991+00:00
68274e69-e17e-486d-a966-5b7cb63caeae,completed,2026-06-19 20:32:50.697548+00:00,2026-06-19 20:33:18.804835+00:00
1a002477-d584-460f-9832-b11be1d12a3c,completed,2026-06-19 20:32:51.897379+00:00,2026-06-19 20:33:20.523486+00:00
dc25c668-36a3-4800-9a16-7b087590728c,completed,2026-06-19 20:32:52.495737+00:00,2026-06-19 20:33:21.464043+00:00
d39c8031-25cc-4e7f-8a1a-1612248b3698,completed,2026-06-19 20:32:53.595539+00:00,2026-06-19 20:33:23.036345+00:00
f326d444-9855-46f9-b2ad-8bf557361d5a,completed,2026-06-19 20:32:53.996549+00:00,2026-06-19 20:33:23.630656+00:00
8ef7b849-7da4-405a-b6f8-f40e993e3e16,completed,2026-06-19 20:32:54.696421+00:00,2026-06-19 20:33:24.614643+00:00
494662fb-017f-4bc7-930e-d11455371fc4,completed,2026-06-19 20:32:54.999190+00:00,2026-06-19 20:33:25.060406+00:00
e7eac7ec-b74d-4cde-bb44-c97b7faa25cf,failed,2026-06-19 20:33:00.500706+00:00,2026-06-19 20:33:30.527773+00:00
a2fd5bd3-aa90-4dbb-94fd-efd9dff68c31,completed,2026-06-19 20:32:56.096136+00:00,2026-06-19 20:33:26.187089+00:00
db74d336-41fb-4eef-877e-8418fe5a72b4,completed,2026-06-19 20:32:56.499635+00:00,2026-06-19 20:33:26.613658+00:00
2273912a-98eb-46aa-80a8-4d60127677d2,failed,2026-06-19 20:32:56.895233+00:00,2026-06-19 20:33:26.918183+00:00
3ea84718-0e0a-4050-b5c0-655ef061a841,completed,2026-06-19 20:32:56.799192+00:00,2026-06-19 20:33:26.926203+00:00
bc704afc-7ce1-449e-a7a2-2beca9c62ee3,completed,2026-06-19 20:32:58.496350+00:00,2026-06-19 20:33:28.630709+00:00
6dc8a911-7e16-47c8-9ef6-b9e6de4a9487,completed,2026-06-19 20:32:59.695321+00:00,2026-06-19 20:33:29.838738+00:00
3dc2be74-e7a5-4084-9888-75bed6130c1e,completed,2026-06-19 20:32:59.907046+00:00,2026-06-19 20:33:30.063908+00:00
c78319d4-0713-4d01-9dcb-960a2905de56,failed,2026-06-19 20:33:01.595326+00:00,2026-06-19 20:33:31.603779+00:00
5b62730c-9ecb-48bc-8b09-c2d0cdc734d4,completed,2026-06-19 20:33:00.597062+00:00,2026-06-19 20:33:30.724000+00:00
10121025-f3e7-4456-bf65-5fc5e8ea71ea,completed,2026-06-19 20:33:04.095463+00:00,2026-06-19 20:33:34.197175+00:00
2a254198-8b0d-419c-88bf-71aac07c0c2a,completed,2026-06-19 20:33:01.694491+00:00,2026-06-19 20:33:31.800482+00:00
996cfa11-7afd-4772-93d6-5c90dd81be08,completed,2026-06-19 20:33:03.996598+00:00,2026-06-19 20:33:34.099336+00:00
3b71f987-ac90-4c64-9ef4-d8f667987d02,completed,2026-06-19 20:32:29.496701+00:00,2026-06-19 20:32:47.139940+00:00
5fac9c80-07ac-45ea-bf0b-1683632dd78c,completed,2026-06-19 20:32:34.194775+00:00,2026-06-19 20:32:54.151756+00:00
93b9ed98-813e-4e39-8857-a6b515e0034f,completed,2026-06-19 20:32:34.322064+00:00,2026-06-19 20:32:54.311475+00:00
bb5ab814-b058-4953-84ef-bb04559208e9,completed,2026-06-19 20:32:58.455214+00:00,2026-06-19 20:33:28.528544+00:00
871c7352-c8c1-4fb0-923f-f85e62c3fb13,completed,2026-06-19 20:32:46.146257+00:00,2026-06-19 20:33:12.135493+00:00
961b9f8b-a40f-4923-b749-d00b85ccd883,completed,2026-06-19 20:32:46.255483+00:00,2026-06-19 20:33:12.296434+00:00
45d28639-1d21-4f4c-958e-abf9974e9796,completed,2026-06-19 20:32:47.046556+00:00,2026-06-19 20:33:13.460305+00:00
db969809-103f-48a1-976d-35b07f5292fc,completed,2026-06-19 20:32:47.144676+00:00,2026-06-19 20:33:13.611036+00:00
d8fcde58-8013-4875-8110-25fae3f2e52a,completed,2026-06-19 20:32:48.247391+00:00,2026-06-19 20:33:15.199545+00:00
d5c68cc6-8cef-4606-ab33-f8dad6107d7b,completed,2026-06-19 20:32:48.646784+00:00,2026-06-19 20:33:15.814578+00:00
ff5ac8c6-9d84-4a81-bad2-e067d2851e05,completed,2026-06-19 20:32:48.844839+00:00,2026-06-19 20:33:16.115181+00:00
eaa2d64d-c21d-4995-9c14-2b2a43502c41,completed,2026-06-19 20:32:49.547137+00:00,2026-06-19 20:33:17.111551+00:00
a6a4e42a-3922-4129-9da8-9db8b42fa7ab,completed,2026-06-19 20:32:49.752187+00:00,2026-06-19 20:33:17.427551+00:00
ecd65e21-a25f-44f1-af2a-da3e4967b020,completed,2026-06-19 20:32:49.947241+00:00,2026-06-19 20:33:17.715452+00:00
c27aa75b-7769-49e2-a0ed-b8bac8454683,completed,2026-06-19 20:32:50.245241+00:00,2026-06-19 20:33:18.167096+00:00
3121854e-44d9-4827-8ee7-8c0f9ee761ce,completed,2026-06-19 20:32:50.546616+00:00,2026-06-19 20:33:18.584904+00:00
70256dff-a0b9-48c3-bcca-ca6ecf9745b3,completed,2026-06-19 20:32:51.245558+00:00,2026-06-19 20:33:19.606073+00:00
d2ed8831-85cb-4c52-964d-1accaf8cc337,completed,2026-06-19 20:32:51.645397+00:00,2026-06-19 20:33:20.209247+00:00
e2cabf37-bf16-40dc-aced-2c88650d7e1f,completed,2026-06-19 20:32:51.748327+00:00,2026-06-19 20:33:20.361868+00:00
10920c0a-a784-49e5-82fc-dbc03040c71e,completed,2026-06-19 20:32:52.746266+00:00,2026-06-19 20:33:21.830803+00:00
ee1917b9-1ba9-4ecb-bf05-7cd5cab62559,completed,2026-06-19 20:32:53.444921+00:00,2026-06-19 20:33:22.853057+00:00
ae308b86-fa09-46ea-b2f2-1cfca8cc7ddc,completed,2026-06-19 20:32:54.545917+00:00,2026-06-19 20:33:24.407330+00:00
063ea8c0-325f-41d3-8eb8-2c7143998389,completed,2026-06-19 20:32:55.355680+00:00,2026-06-19 20:33:25.459641+00:00
2608924a-2e92-4991-b3d6-42a2a7fc8768,completed,2026-06-19 20:32:56.347041+00:00,2026-06-19 20:33:26.467963+00:00
8872a3ef-36b2-40b0-bea0-6a560bb9291a,completed,2026-06-19 20:32:57.757734+00:00,2026-06-19 20:33:27.904714+00:00
cf3b9a65-d6e2-45e6-b0b5-3b3178f133a6,failed,2026-06-19 20:33:01.746900+00:00,2026-06-19 20:33:31.761635+00:00
c8b9adad-97e7-48e3-98f4-0333026c8dd1,completed,2026-06-19 20:32:58.347135+00:00,2026-06-19 20:33:28.482443+00:00
cb245b0d-af38-4b93-811e-31278518822d,completed,2026-06-19 20:32:59.145625+00:00,2026-06-19 20:33:29.276354+00:00
f3d138df-7b9e-4a1b-b0a4-865b3b8878a8,completed,2026-06-19 20:32:59.347723+00:00,2026-06-19 20:33:29.484098+00:00
4495a52d-510f-44b9-b504-ddd2e1413a90,completed,2026-06-19 20:32:59.645945+00:00,2026-06-19 20:33:29.791980+00:00
d3915dae-5072-43b7-921a-fd2b66acd808,completed,2026-06-19 20:33:01.947093+00:00,2026-06-19 20:33:32.092630+00:00
722356bb-2a36-422c-9773-0c31a2e7d94c,completed,2026-06-19 20:32:31.072160+00:00,2026-06-19 20:32:49.478844+00:00
b7af7564-2e5e-424d-aab6-7ebf01b2d846,completed,2026-06-19 20:32:34.572571+00:00,2026-06-19 20:32:54.667743+00:00
b212d082-4d1f-4008-b471-7b7efc34b868,completed,2026-06-19 20:32:37.872741+00:00,2026-06-19 20:32:59.613866+00:00
e15e417b-4133-460d-ab94-f57a9324b245,completed,2026-06-19 20:32:42.920428+00:00,2026-06-19 20:33:07.340310+00:00
7f0600f3-80b5-4aa5-a6f5-06481cf27639,completed,2026-06-19 20:32:44.974054+00:00,2026-06-19 20:33:10.317149+00:00
3288e20d-e7a9-4cb7-8dbf-5d395402bb2d,completed,2026-06-19 20:32:45.847127+00:00,2026-06-19 20:33:11.695391+00:00
fadf3650-0334-458d-a44c-da46be96069c,completed,2026-06-19 20:32:47.864136+00:00,2026-06-19 20:33:14.587867+00:00
dca665b2-3cca-4ec2-b12d-5baf874da2ff,completed,2026-06-19 20:32:36.146099+00:00,2026-06-19 20:32:57.057534+00:00
1a769ca2-b972-4e1a-a79d-4a0bd26670bb,completed,2026-06-19 20:32:37.896260+00:00,2026-06-19 20:32:59.674020+00:00
97f8c16a-b6b3-4023-a8e8-cd3b2b5bd019,completed,2026-06-19 20:32:40.546756+00:00,2026-06-19 20:33:03.711751+00:00
12cef0d8-f49b-4536-af55-cf59113a4e2f,completed,2026-06-19 20:32:41.870651+00:00,2026-06-19 20:33:05.729052+00:00
329b2951-c669-49b0-be92-efa179910db8,completed,2026-06-19 20:32:41.971378+00:00,2026-06-19 20:33:05.875640+00:00
01d6000d-f437-4d6f-8459-9e8af91a859d,completed,2026-06-19 20:32:45.797208+00:00,2026-06-19 20:33:11.608761+00:00
3bd22b2c-a005-4acc-a8cf-2669d258f4c9,completed,2026-06-19 20:32:49.196160+00:00,2026-06-19 20:33:16.575475+00:00
4dc86ffc-e964-408b-9cd6-3697d13b529c,completed,2026-06-19 20:32:50.646426+00:00,2026-06-19 20:33:18.717187+00:00
9f1aa7dd-5f4c-4a1c-9ade-de05f865f127,failed,2026-06-19 20:33:00.184068+00:00,2026-06-19 20:33:30.233888+00:00
0d49ec7c-7555-40f9-9559-b0f50ebdc8b5,failed,2026-06-19 20:33:00.970543+00:00,2026-06-19 20:33:30.972831+00:00
92044bde-c144-430d-94c6-e44ddafa69fb,failed,2026-06-19 20:33:03.171610+00:00,2026-06-19 20:33:33.176262+00:00
6fad47d2-1e55-43be-87aa-42efd0439c77,completed,2026-06-19 20:33:02.578469+00:00,2026-06-19 20:33:32.696255+00:00
5fc9a8f4-a97b-4d33-a177-2b03b3d13ef6,completed,2026-06-19 20:33:03.372021+00:00,2026-06-19 20:33:33.482761+00:00
bd74b7ce-4f0e-4ec3-87c0-586338b151d1,completed,2026-06-19 20:33:06.470957+00:00,2026-06-19 20:33:36.593989+00:00
9dfbe55d-1ea2-43dd-a924-9f4e34c13ec6,completed,2026-06-19 20:33:03.270262+00:00,2026-06-19 20:33:33.343635+00:00
ff01d1d6-f17d-4817-b967-3ba022ed5f35,failed,2026-06-19 20:33:04.469386+00:00,2026-06-19 20:33:34.484328+00:00
b54c74db-4c9d-4cad-9bdd-2d607fe29acb,completed,2026-06-19 20:33:04.370686+00:00,2026-06-19 20:33:34.491580+00:00
d1a26f3f-b92c-4f5e-9b47-814aca6a3b94,completed,2026-06-19 20:33:06.270223+00:00,2026-06-19 20:33:36.346438+00:00
a72d3b18-b5c6-4590-bd4f-89f2e95df867,failed,2026-06-19 20:33:08.071069+00:00,2026-06-19 20:33:38.082795+00:00
4382d01c-56ae-4ef7-94f0-b0a1c25b16de,completed,2026-06-19 20:33:06.370940+00:00,2026-06-19 20:33:36.500499+00:00
05493f84-ca50-45b0-bc3e-1f70ce21a560,completed,2026-06-19 20:33:06.871849+00:00,2026-06-19 20:33:37.017706+00:00
361d616b-049f-44a4-90b1-7fa0c0d42687,completed,2026-06-19 20:33:06.773535+00:00,2026-06-19 20:33:36.912162+00:00
22abb88d-792b-4439-91ae-66fa13204010,failed,2026-06-19 20:33:10.189815+00:00,2026-06-19 20:33:40.215853+00:00
682c7800-055d-472a-b8cb-a04adcacf881,completed,2026-06-19 20:33:08.271536+00:00,2026-06-19 20:33:38.389012+00:00
f0b67147-1783-44f8-bab2-65fde1f40a7f,completed,2026-06-19 20:33:09.284750+00:00,2026-06-19 20:33:39.419003+00:00
296e1531-8188-494d-8143-f40302ffb3b5,completed,2026-06-19 20:33:09.070970+00:00,2026-06-19 20:33:39.197102+00:00
a24283cd-2d89-4793-bf8b-198ed8cd2480,completed,2026-06-19 20:33:09.172565+00:00,2026-06-19 20:33:39.299750+00:00
0b3ce6d2-a09b-47cc-bb74-b3244dd2dda8,completed,2026-06-19 20:33:10.708333+00:00,2026-06-19 20:33:40.820989+00:00
c12d471b-d028-499a-bc55-988f1cb1744f,failed,2026-06-19 20:33:10.917882+00:00,2026-06-19 20:33:40.932220+00:00
aca8e478-78a7-462f-9e87-9fadee1a8a78,completed,2026-06-19 20:33:10.609340+00:00,2026-06-19 20:33:40.771338+00:00
53c7e3f3-51c4-40bf-ad8b-777fd3dc9140,completed,2026-06-19 20:33:13.124669+00:00,2026-06-19 20:33:43.254830+00:00
9e373ea2-0d6b-464a-9c96-bd9568b94e0b,completed,2026-06-19 20:33:12.001090+00:00,2026-06-19 20:33:42.112279+00:00
3207afd4-209d-40f1-8ceb-f1d513f5cc57,completed,2026-06-19 20:33:12.330757+00:00,2026-06-19 20:33:42.436744+00:00
2a5da09c-8175-4883-930d-74b9b1b9bc6a,failed,2026-06-19 20:33:14.663779+00:00,2026-06-19 20:33:44.674142+00:00
e2d963e1-ab4f-4014-a816-2b2244aa0d65,completed,2026-06-19 20:33:13.018316+00:00,2026-06-19 20:33:43.150299+00:00
5c3b7b7e-653a-4344-acb9-be42288e1944,completed,2026-06-19 20:33:14.180419+00:00,2026-06-19 20:33:44.291466+00:00
cef7725f-5227-4360-84b8-b9fbd59bfbc3,completed,2026-06-19 20:33:14.786810+00:00,2026-06-19 20:33:44.884208+00:00
61daca57-60a8-4a10-947b-d8741b0c2f5b,completed,2026-06-19 20:33:15.409585+00:00,2026-06-19 20:33:45.529125+00:00
701df2d4-8beb-4511-8cc4-74a9c44bd5bd,completed,2026-06-19 20:33:03.621952+00:00,2026-06-19 20:33:33.741542+00:00
1c756ae8-dfdd-445b-bdb0-5651346327d1,completed,2026-06-19 20:33:01.818360+00:00,2026-06-19 20:33:31.930810+00:00
50782b4b-c249-40d5-a09f-6b4fa9484639,completed,2026-06-19 20:33:02.120272+00:00,2026-06-19 20:33:32.235678+00:00
f50b2428-53c1-4777-a441-329d22f5e124,completed,2026-06-19 20:33:03.021918+00:00,2026-06-19 20:33:33.164268+00:00
021e3add-3881-4438-be04-b8db731c77ff,failed,2026-06-19 20:33:03.721767+00:00,2026-06-19 20:33:33.745556+00:00
a78f327e-8e1b-40f2-b430-b76f40ce89e2,completed,2026-06-19 20:33:03.529959+00:00,2026-06-19 20:33:33.635883+00:00
fcf2f90d-47c8-4aff-bf92-93c2c538205e,failed,2026-06-19 20:33:04.021180+00:00,2026-06-19 20:33:34.041937+00:00
c60b4a7a-ac7f-477a-87cc-16173c71d858,failed,2026-06-19 20:33:04.622804+00:00,2026-06-19 20:33:34.631054+00:00
80204bab-4926-4249-a618-853a1354cdd3,failed,2026-06-19 20:33:05.222122+00:00,2026-06-19 20:33:35.264088+00:00
6e8f4e23-01da-4f90-924d-d1bd9bd665e3,failed,2026-06-19 20:33:07.120084+00:00,2026-06-19 20:33:37.163828+00:00
f6c2ebed-f607-40f1-9b40-a5d569b4eaa8,completed,2026-06-19 20:33:05.320089+00:00,2026-06-19 20:33:35.447574+00:00
968512fe-749a-45ed-93ea-8ad4568f0dab,completed,2026-06-19 20:33:05.920760+00:00,2026-06-19 20:33:36.043016+00:00
e2f0f6b4-b9a3-4328-a763-e0942dd2dc81,completed,2026-06-19 20:33:06.121386+00:00,2026-06-19 20:33:36.204853+00:00
9cc65a35-b797-47f8-baeb-cf88fdeb123e,completed,2026-06-19 20:33:06.319937+00:00,2026-06-19 20:33:36.452059+00:00
a025cf91-f1d5-4a1f-aaab-ae6f04310264,completed,2026-06-19 20:33:06.520647+00:00,2026-06-19 20:33:36.628457+00:00
97ff19ee-3129-40f4-b829-9a1329b4e997,failed,2026-06-19 20:33:09.523441+00:00,2026-06-19 20:33:39.548409+00:00
c7fc9576-9991-4722-b23d-72294e028040,completed,2026-06-19 20:33:07.933681+00:00,2026-06-19 20:33:38.097664+00:00
d9c921db-7ccd-43d7-9ff2-18b467bac784,completed,2026-06-19 20:33:08.420472+00:00,2026-06-19 20:33:38.549544+00:00
8ae1fad7-fa92-4689-97c2-e7612154f79b,completed,2026-06-19 20:33:09.220415+00:00,2026-06-19 20:33:39.364847+00:00
974f6565-f75a-4cff-ad60-0eb991fda7de,failed,2026-06-19 20:33:10.760704+00:00,2026-06-19 20:33:40.780175+00:00
0ecfcde4-a64e-4baf-8e00-95492724243b,completed,2026-06-19 20:33:09.628263+00:00,2026-06-19 20:33:39.697005+00:00
2dff5c3a-5549-470e-9690-4707fd718f00,completed,2026-06-19 20:33:09.725883+00:00,2026-06-19 20:33:39.830136+00:00
4dd75716-27ac-4fc1-860a-4c084388ea23,completed,2026-06-19 20:33:09.933627+00:00,2026-06-19 20:33:40.060353+00:00
bca7dd8d-d0fb-4896-a1c0-a8f8ff18e210,failed,2026-06-19 20:33:11.508081+00:00,2026-06-19 20:33:41.515018+00:00
8a6e4886-1956-401f-9a00-1659e7ede5b0,completed,2026-06-19 20:33:11.082105+00:00,2026-06-19 20:33:41.224374+00:00
59709b17-6abf-41ec-9ad7-c9fd6b927fe6,completed,2026-06-19 20:33:12.053032+00:00,2026-06-19 20:33:42.145940+00:00
ca0435b4-5e25-44a9-ace2-c98370db4bbf,completed,2026-06-19 20:33:13.529384+00:00,2026-06-19 20:33:43.650317+00:00
2fc05b40-15c2-4316-930c-24b7be94f9b0,completed,2026-06-19 20:33:13.883387+00:00,2026-06-19 20:33:44.013554+00:00
77a5d1a9-0c4d-4c04-9641-6db497e81e5d,completed,2026-06-19 20:33:14.973908+00:00,2026-06-19 20:33:45.090867+00:00
65326f68-e8ec-4444-88d5-7e0bb35ba571,completed,2026-06-19 20:33:15.345778+00:00,2026-06-19 20:33:45.434167+00:00
552fa670-3074-49f4-a0af-eafca77e6835,completed,2026-06-19 20:32:40.020401+00:00,2026-06-19 20:33:02.881945+00:00
92f8cd96-d0c1-4f09-85ca-2509ab463fba,completed,2026-06-19 20:32:42.831255+00:00,2026-06-19 20:33:07.216488+00:00
15d4687f-c019-437b-b7e2-646700612500,completed,2026-06-19 20:32:45.346582+00:00,2026-06-19 20:33:10.932200+00:00
d18042a7-1f86-4c44-9515-eb6dd010c1c6,completed,2026-06-19 20:32:54.095241+00:00,2026-06-19 20:33:23.777680+00:00
e2c0e2dd-3a8b-4586-80b9-3bdeb8458285,failed,2026-06-19 20:33:04.447435+00:00,2026-06-19 20:33:34.482608+00:00
fc3e4f6e-2aa0-4150-b766-182f3cc6d23e,completed,2026-06-19 20:33:03.348136+00:00,2026-06-19 20:33:33.487599+00:00
d36700b7-0829-478d-a6ce-7a9f4e6d12b6,completed,2026-06-19 20:33:03.646656+00:00,2026-06-19 20:33:33.759142+00:00
76ba91a0-5b46-4957-9da8-85a3fd005a2f,completed,2026-06-19 20:33:03.546924+00:00,2026-06-19 20:33:33.629016+00:00
27404e36-c7c2-4976-baec-add2bb8573d1,failed,2026-06-19 20:33:04.148157+00:00,2026-06-19 20:33:34.194932+00:00
57ed512e-33ed-49fc-b062-ac4d38ce97d5,failed,2026-06-19 20:33:05.549884+00:00,2026-06-19 20:33:35.586781+00:00
02617c06-2e77-46a3-be04-87489838679f,completed,2026-06-19 20:33:05.059418+00:00,2026-06-19 20:33:35.161704+00:00
3531d001-a692-4d0b-b224-e9f2dc3367f3,failed,2026-06-19 20:33:05.246900+00:00,2026-06-19 20:33:35.267595+00:00
ea792961-a4dc-4b74-bd70-9698c608adae,failed,2026-06-19 20:33:08.952982+00:00,2026-06-19 20:33:38.984229+00:00
5d6d9205-c5bc-4066-9ba7-f3374c578a64,completed,2026-06-19 20:33:06.245802+00:00,2026-06-19 20:33:36.347523+00:00
a4947f59-ea41-4920-b51b-deecb4596235,completed,2026-06-19 20:33:07.648101+00:00,2026-06-19 20:33:37.775882+00:00
56269013-496d-4115-9316-a6e6d2332058,completed,2026-06-19 20:33:07.545811+00:00,2026-06-19 20:33:37.654880+00:00
3e304998-8b68-40a2-a4a8-225c8ffe2a60,completed,2026-06-19 20:33:08.445080+00:00,2026-06-19 20:33:38.537032+00:00
295af67b-d002-476a-a2b3-4fa6b43c9526,completed,2026-06-19 20:33:08.861243+00:00,2026-06-19 20:33:38.979155+00:00
2c7e827c-3e72-4dd8-a872-d7880df89db1,failed,2026-06-19 20:33:10.057445+00:00,2026-06-19 20:33:40.068701+00:00
39056c34-d77a-4c81-b1d1-c6a4c9a86f5d,completed,2026-06-19 20:33:12.304808+00:00,2026-06-19 20:33:42.406277+00:00
9d48690d-806a-49bc-b264-3ffc422670f6,completed,2026-06-19 20:33:11.870700+00:00,2026-06-19 20:33:41.967562+00:00
b94ae2ab-82f4-4b38-8730-04d4ef898af3,completed,2026-06-19 20:33:12.193546+00:00,2026-06-19 20:33:42.279364+00:00
adf671a7-4c19-4d2e-8a36-f47a1e69de8c,completed,2026-06-19 20:33:12.983505+00:00,2026-06-19 20:33:43.119624+00:00
197fd8b9-db67-4aed-ac7d-da02cf3a0692,completed,2026-06-19 20:33:13.328515+00:00,2026-06-19 20:33:43.451587+00:00
67495c25-f3ee-44ad-9363-25da43d9b57d,completed,2026-06-19 20:33:15.887770+00:00,2026-06-19 20:33:45.975666+00:00
5875f0a2-baef-4c4d-9306-80cd55477a95,completed,2026-06-19 20:33:17.077176+00:00,2026-06-19 20:33:47.157191+00:00
150f223d-5f2a-4436-91d8-89ddc6a524bb,completed,2026-06-19 20:33:17.348146+00:00,2026-06-19 20:33:47.463770+00:00
b3f5059a-271d-4d27-8dcf-82f7eb54c43d,completed,2026-06-19 20:33:17.620467+00:00,2026-06-19 20:33:47.730563+00:00
88a0f3c3-5285-4a05-b73b-9b23209b3b56,completed,2026-06-19 20:33:18.763017+00:00,2026-06-19 20:33:48.846137+00:00
3fe19c69-62b4-45d3-b186-585872497717,completed,2026-06-19 20:33:20.446636+00:00,2026-06-19 20:33:50.409707+00:00
ee3d1846-fe9e-47dd-94df-b4de055c7a0b,completed,2026-06-19 20:33:21.429473+00:00,2026-06-19 20:33:51.278562+00:00
affd17aa-ce04-4b88-9b4a-fa8ee3b5862b,completed,2026-06-19 20:33:23.208303+00:00,2026-06-19 20:33:52.685225+00:00
dcb5e635-a450-40fd-880f-60fead2edc2b,completed,2026-06-19 20:33:24.574005+00:00,2026-06-19 20:33:53.647751+00:00
0ad1a51d-d186-42fa-b42f-0e37a3932d36,completed,2026-06-19 20:33:24.792173+00:00,2026-06-19 20:33:53.806280+00:00
fb411f05-a2cf-44ba-89d0-ae7b780f228f,failed,2026-06-19 20:33:04.595247+00:00,2026-06-19 20:33:34.627719+00:00
5313c8d8-8937-4eea-bb24-cab4910d2d0f,failed,2026-06-19 20:33:05.696527+00:00,2026-06-19 20:33:35.736762+00:00
31328e37-357f-40cd-9e0c-644ffd807b81,completed,2026-06-19 20:33:04.795754+00:00,2026-06-19 20:33:34.913340+00:00
548e7ea3-cc32-4326-933e-0acf71dc3556,completed,2026-06-19 20:33:05.020106+00:00,2026-06-19 20:33:35.132258+00:00
1d6957f0-a539-461e-bb2a-e6d541598542,completed,2026-06-19 20:33:05.295454+00:00,2026-06-19 20:33:35.433369+00:00
97b06ab0-eb19-406c-886d-6ed4a14c76da,completed,2026-06-19 20:33:05.495706+00:00,2026-06-19 20:33:35.606794+00:00
0751c1d7-8584-48b2-8d27-cace4ec6e011,failed,2026-06-19 20:33:06.595594+00:00,2026-06-19 20:33:36.602472+00:00
e1f5bbc6-e8e3-4e33-a09a-4e9b2670b769,failed,2026-06-19 20:33:06.995041+00:00,2026-06-19 20:33:37.019951+00:00
4a9458b6-0c9e-4723-9140-aa0260d1afcf,failed,2026-06-19 20:33:07.296205+00:00,2026-06-19 20:33:37.308319+00:00
1088accd-3c9a-4d05-bb99-b3abe2649b07,failed,2026-06-19 20:33:10.734948+00:00,2026-06-19 20:33:40.775942+00:00
d2754692-63ed-434a-8b05-04546b8d2ee2,completed,2026-06-19 20:33:08.698518+00:00,2026-06-19 20:33:38.827052+00:00
23807503-18c0-4b73-b64f-0b6f123f7a86,completed,2026-06-19 20:33:10.840930+00:00,2026-06-19 20:33:40.945740+00:00
c00a20af-ea63-449e-8da7-14f956227e72,completed,2026-06-19 20:33:12.028381+00:00,2026-06-19 20:33:42.116183+00:00
4baed1eb-6abe-4d7c-a0c4-e7d1278673fd,completed,2026-06-19 20:33:12.474073+00:00,2026-06-19 20:33:42.589534+00:00
059947fd-1b83-4def-847f-049f40c6884d,completed,2026-06-19 20:33:15.443388+00:00,2026-06-19 20:33:45.542565+00:00
50bf09b8-e04a-4a09-aabd-86d0a89e8184,completed,2026-06-19 20:33:16.870457+00:00,2026-06-19 20:33:46.947107+00:00
be177d7a-1146-44ec-ac43-d594f728e965,completed,2026-06-19 20:33:16.603547+00:00,2026-06-19 20:33:46.710900+00:00
144b7c81-63e2-4516-b672-ce2b28fa8428,completed,2026-06-19 20:33:16.739920+00:00,2026-06-19 20:33:46.840561+00:00
f8d13810-0827-44cf-96d4-7a1f0b62c7b3,completed,2026-06-19 20:33:17.552328+00:00,2026-06-19 20:33:47.646490+00:00
6bb86573-6ad6-470e-9aca-0db54087dee8,completed,2026-06-19 20:33:18.836469+00:00,2026-06-19 20:33:48.919455+00:00
00d4f9ef-720c-4efd-a29f-7e1949f36c21,completed,2026-06-19 20:33:19.587608+00:00,2026-06-19 20:33:49.625632+00:00
cd62dcbe-68f5-4394-b434-ea733ce1c4ea,completed,2026-06-19 20:33:20.368117+00:00,2026-06-19 20:33:50.349102+00:00
66b56387-ba12-489e-a933-96f11700f199,completed,2026-06-19 20:33:20.849341+00:00,2026-06-19 20:33:50.739384+00:00
cc3bacd9-47ee-4e04-b514-3d2b87965835,completed,2026-06-19 20:33:21.179185+00:00,2026-06-19 20:33:51.021044+00:00
9d6d20ae-2abe-4bf6-b1eb-a232918fcdac,completed,2026-06-19 20:33:21.685907+00:00,2026-06-19 20:33:51.455342+00:00
694e2b20-64b9-47a8-be14-8d1a91eb622e,completed,2026-06-19 20:33:21.856876+00:00,2026-06-19 20:33:51.603963+00:00
c4bd6f42-7739-4e7e-9e28-9c48118e5ad2,completed,2026-06-19 20:33:22.384429+00:00,2026-06-19 20:33:52.065224+00:00
990fe422-2a6f-43af-a43b-0e57dd614989,completed,2026-06-19 20:33:23.678932+00:00,2026-06-19 20:33:53.055817+00:00
eed69c16-5076-4362-b4c4-456eb146b962,completed,2026-06-19 20:33:24.074033+00:00,2026-06-19 20:33:53.344947+00:00
7c8adc8f-a446-45e6-acbd-ed5e4fd47458,completed,2026-06-19 20:33:24.270931+00:00,2026-06-19 20:33:53.484209+00:00
97964a4c-c921-47e1-814b-7a5c8f7c01e2,failed,2026-06-19 20:33:15.662262+00:00,2026-06-19 20:33:45.682353+00:00
59a99ab6-f856-4c87-8183-976124158cbf,completed,2026-06-19 20:33:16.047251+00:00,2026-06-19 20:33:46.135363+00:00
e712d050-fcea-4a07-9560-14563c79006a,completed,2026-06-19 20:33:22.698177+00:00,2026-06-19 20:33:52.276359+00:00
2189b08e-e1b5-4b60-8ed5-8bbd34159cc7,completed,2026-06-19 20:33:17.244159+00:00,2026-06-19 20:33:47.324297+00:00
b407f8cb-0c10-45dd-bb6a-11be808b7a34,completed,2026-06-19 20:33:17.656269+00:00,2026-06-19 20:33:47.751388+00:00
9ba243c4-f3ca-4bca-a8d3-a473011c827f,completed,2026-06-19 20:33:23.831228+00:00,2026-06-19 20:33:53.112843+00:00
f62b0032-5906-4dcb-92a0-250c666a4e19,completed,2026-06-19 20:33:18.518607+00:00,2026-06-19 20:33:48.618363+00:00
b9dd7b58-3ef0-4e0a-b23d-327521158e37,completed,2026-06-19 20:33:19.094539+00:00,2026-06-19 20:33:49.198181+00:00
9fe66c7a-2bc6-41c0-9995-22105e4c44d6,completed,2026-06-19 20:33:24.627437+00:00,2026-06-19 20:33:53.706752+00:00
adb1e334-4aa5-43a0-823f-004aa9a84c03,completed,2026-06-19 20:33:19.247136+00:00,2026-06-19 20:33:49.352999+00:00
b62df49a-dc7b-4840-9eda-7869fd7b9b4c,completed,2026-06-19 20:33:19.395945+00:00,2026-06-19 20:33:49.470576+00:00
17383b10-f715-4035-8d6a-b85f0cc65355,completed,2026-06-19 20:33:21.303941+00:00,2026-06-19 20:33:51.152629+00:00
83e4b5d8-a9c9-45af-8dc1-7217431f0498,completed,2026-06-19 20:33:22.338995+00:00,2026-06-19 20:33:52.007337+00:00
0b4e108b-b43b-4b67-855a-3df4f90c8ed1,completed,2026-06-19 20:32:55.921480+00:00,2026-06-19 20:33:26.030400+00:00
040e3142-a70e-4051-88e0-a85fe8f41233,failed,2026-06-19 20:32:57.647734+00:00,2026-06-19 20:33:27.657573+00:00
70464fc0-1567-4398-bc30-44dded63b9d9,failed,2026-06-19 20:32:59.195735+00:00,2026-06-19 20:33:29.243058+00:00
db77d33e-3833-442b-ab22-4a09df9dcfe1,failed,2026-06-19 20:32:59.371396+00:00,2026-06-19 20:33:29.394159+00:00
92e5d940-ed2b-4740-9bee-a8594bf1ad90,completed,2026-06-19 20:32:59.871530+00:00,2026-06-19 20:33:29.981459+00:00
88369195-c96c-46ba-ad46-b8ecdc5fa75f,completed,2026-06-19 20:33:00.124786+00:00,2026-06-19 20:33:30.245135+00:00
502cd08c-893c-4151-a194-4c25e9bb5344,failed,2026-06-19 20:33:16.375419+00:00,2026-06-19 20:33:46.388736+00:00
004c2fa9-5942-4cf9-9de7-1beed20790b5,completed,2026-06-19 20:33:15.727418+00:00,2026-06-19 20:33:45.829187+00:00
36902ae7-49ba-431c-9947-dc6ee6e6d4e5,completed,2026-06-19 20:33:26.201043+00:00,2026-06-19 20:33:54.736086+00:00
5c9d23ce-7a56-48f5-9576-fe567d21b522,completed,2026-06-19 20:33:18.150807+00:00,2026-06-19 20:33:48.210630+00:00
ee8879f1-4007-481e-ba3c-a7aa516486aa,completed,2026-06-19 20:33:18.588242+00:00,2026-06-19 20:33:48.686724+00:00
1afce16a-b8ef-46cc-a658-721bb2b9ea23,completed,2026-06-19 20:33:19.020878+00:00,2026-06-19 20:33:49.118113+00:00
48ddad49-2ea5-45cd-a0ad-a69ee4e08895,completed,2026-06-19 20:33:19.626453+00:00,2026-06-19 20:33:49.649047+00:00
0bd5c5d9-d054-43ea-97e1-41b3c31751fb,completed,2026-06-19 20:33:20.090586+00:00,2026-06-19 20:33:50.061602+00:00
ed25df10-a6d1-418b-a4b8-3fca2e984758,completed,2026-06-19 20:33:21.556294+00:00,2026-06-19 20:33:51.401393+00:00
0275d206-f540-4f23-9142-cdbf7acd2a62,completed,2026-06-19 20:33:22.075448+00:00,2026-06-19 20:33:51.835846+00:00
c08507df-3de8-40be-aaa9-4aff05a9b75d,completed,2026-06-19 20:33:25.755559+00:00,2026-06-19 20:33:54.467201+00:00
ecaa3d08-e2ab-46d5-91b8-dd841d90e71f,completed,2026-06-19 20:33:27.539117+00:00,2026-06-19 20:33:55.500263+00:00
07e1e778-ad58-4a58-9234-09b4ea982cd6,completed,2026-06-19 20:33:26.144770+00:00,2026-06-19 20:33:54.705958+00:00
2cc5da3f-ea66-4166-997b-bd1aa9e1434e,completed,2026-06-19 20:33:26.731676+00:00,2026-06-19 20:33:55.028930+00:00
1666e155-6213-4ba9-bc6d-f6e3dc04e74b,completed,2026-06-19 20:33:30.305078+00:00,2026-06-19 20:33:56.832023+00:00
33b7e395-4c4d-4859-97ed-6dd86f12fc36,completed,2026-06-19 20:33:27.409198+00:00,2026-06-19 20:33:55.442422+00:00
c61e8f87-b22a-46bb-b3b8-b443ceed4ee1,completed,2026-06-19 20:33:28.972883+00:00,2026-06-19 20:33:56.241274+00:00
6ec64d06-1deb-433e-b84a-3cc0cd4f0c43,completed,2026-06-19 20:33:27.798201+00:00,2026-06-19 20:33:55.643367+00:00
c1c60cc5-2a35-4b41-a6e5-a960b32a1012,completed,2026-06-19 20:33:27.995437+00:00,2026-06-19 20:33:55.729898+00:00
42c8b81d-0674-460a-94ce-29e3d5f70b83,completed,2026-06-19 20:33:29.500836+00:00,2026-06-19 20:33:56.461152+00:00
152e5c47-dd26-4164-820a-f98aa8c8f377,completed,2026-06-19 20:33:31.571774+00:00,2026-06-19 20:33:57.327468+00:00
a15fc990-2543-4dc4-9be8-d74d2cc1bb29,completed,2026-06-19 20:33:30.139946+00:00,2026-06-19 20:33:56.767436+00:00
eca6c4b4-3022-46c3-ae89-ee4ede1e74fd,completed,2026-06-19 20:33:30.646745+00:00,2026-06-19 20:33:56.961476+00:00
6f25c0dd-880f-49e1-a055-df78bd25723e,completed,2026-06-19 20:33:31.004562+00:00,2026-06-19 20:33:57.157277+00:00
38d5b014-d8dc-491e-ad47-250375d2173c,completed,2026-06-19 20:33:31.473781+00:00,2026-06-19 20:33:57.296950+00:00
d967d4ec-3acf-40a9-bd63-b87337598561,completed,2026-06-19 20:33:01.621455+00:00,2026-06-19 20:33:31.788404+00:00
e4cd4a6b-68aa-41f9-aa8f-03a3fb9aa60a,completed,2026-06-19 20:33:04.498288+00:00,2026-06-19 20:33:34.647594+00:00
ab4be07c-cbd4-406e-b41b-1d391a4f77ba,completed,2026-06-19 20:33:24.123100+00:00,2026-06-19 20:33:53.366541+00:00
e6d015df-7c97-470d-942e-c9a1fa6a4c7e,completed,2026-06-19 20:33:31.672561+00:00,2026-06-19 20:33:57.353778+00:00
45948bd9-bd07-4f84-8a7f-bfd0f715bae3,completed,2026-06-19 20:33:34.638446+00:00,2026-06-19 20:33:58.175702+00:00
883f2717-3bc7-4a48-8ec0-e522221d4b07,completed,2026-06-19 20:33:36.222477+00:00,2026-06-19 20:33:58.456377+00:00
43c5d0dd-bd0b-4353-a363-914ebcd96acb,completed,2026-06-19 20:33:32.294492+00:00,2026-06-19 20:33:57.580751+00:00
98107e4e-bd91-4330-9258-50d245211a65,completed,2026-06-19 20:33:33.221378+00:00,2026-06-19 20:33:57.856526+00:00
1c945840-cbb7-48f2-a216-7b30bf51001d,completed,2026-06-19 20:33:34.322775+00:00,2026-06-19 20:33:58.135240+00:00
47269055-c1ad-4a67-8b10-1ebfa84620c2,completed,2026-06-19 20:33:03.571491+00:00,2026-06-19 20:33:33.623669+00:00
fa1a61e8-c28d-4a1d-8557-e60906d77be1,failed,2026-06-19 20:33:08.969528+00:00,2026-06-19 20:33:38.988390+00:00
3e330d3d-0c52-4142-ba88-4b588365ea54,completed,2026-06-19 20:33:10.147534+00:00,2026-06-19 20:33:40.236580+00:00
3e002a57-4408-40bc-b48a-6ea86c40b409,completed,2026-06-19 20:33:15.853810+00:00,2026-06-19 20:33:45.962343+00:00
58844170-9cf8-4a78-bb97-6f0148a316f6,completed,2026-06-19 20:33:03.920817+00:00,2026-06-19 20:33:34.036935+00:00
eaef0ac6-66da-48c0-9b9d-207d27288874,failed,2026-06-19 20:33:06.726978+00:00,2026-06-19 20:33:36.736397+00:00
cb24f74d-3959-4022-bb54-a87fbf619cb7,completed,2026-06-19 20:33:08.883184+00:00,2026-06-19 20:33:38.988681+00:00
3998100c-0a9f-49ed-80e3-6b41b3e40062,completed,2026-06-19 20:33:15.597788+00:00,2026-06-19 20:33:45.706603+00:00
817241e5-f4cd-45fb-b95a-437ed1867e48,completed,2026-06-19 20:33:28.198599+00:00,2026-06-19 20:33:55.863344+00:00
63fa6fcd-1efa-472e-a7c4-8739032f5b52,completed,2026-06-19 20:33:06.671153+00:00,2026-06-19 20:33:36.771497+00:00
2ddcc711-ca5e-44b6-9470-f32ad4bcff0c,completed,2026-06-19 20:33:35.161219+00:00,2026-06-19 20:33:58.316970+00:00
93c94336-08ae-4d5a-9fe4-b2c943214f86,completed,2026-06-19 20:30:53.941483+00:00,2026-06-19 20:30:54.111693+00:00
a77672f4-b110-4b8a-ac87-9f10386922f8,completed,2026-06-19 20:30:39.784778+00:00,2026-06-19 20:30:41.286369+00:00
69895a9c-f800-4ed5-9e8b-73af3cb0ee94,completed,2026-06-19 20:30:42.179161+00:00,2026-06-19 20:30:42.334905+00:00
9e9f0244-03c0-4fd4-93f5-be5cfe2de906,completed,2026-06-19 20:31:01.018581+00:00,2026-06-19 20:31:01.160610+00:00
9679de0e-7bb7-49bd-b905-b645cf4dc73c,completed,2026-06-19 20:30:42.870893+00:00,2026-06-19 20:30:43.101203+00:00
366dbcd3-c68e-4c36-b76e-c78e3b334e63,completed,2026-06-19 20:30:48.730333+00:00,2026-06-19 20:30:48.889606+00:00
d1b5934e-8b67-4161-9be7-7474324814c0,completed,2026-06-19 20:30:50.417629+00:00,2026-06-19 20:30:50.576180+00:00
6488fbbd-15e1-47c5-b9c4-b2bc65617444,completed,2026-06-19 20:30:54.876331+00:00,2026-06-19 20:30:55.114375+00:00
50a5cea7-362d-43ce-81e8-77e08b733fb8,completed,2026-06-19 20:30:51.013433+00:00,2026-06-19 20:30:51.176891+00:00
3309631b-f082-4347-827b-14d93b4d57a3,completed,2026-06-19 20:30:55.035670+00:00,2026-06-19 20:30:55.184799+00:00
1c21116e-6a7f-4a72-adb2-70b954ffce78,completed,2026-06-19 20:30:51.586359+00:00,2026-06-19 20:30:51.723418+00:00
0eed0f50-9d09-4e9d-b76c-62e36dc4f1be,completed,2026-06-19 20:30:51.956606+00:00,2026-06-19 20:30:52.117278+00:00
c2df652b-2f1a-4afe-b83e-f4d75764f41e,completed,2026-06-19 20:31:01.150755+00:00,2026-06-19 20:31:01.324544+00:00
2bb78271-b773-41ea-b957-9ba10ada99a5,completed,2026-06-19 20:30:52.665208+00:00,2026-06-19 20:30:52.937714+00:00
b3697832-1a03-4795-b670-36eb9c504666,completed,2026-06-19 20:30:55.514166+00:00,2026-06-19 20:30:55.672031+00:00
44c61abf-039b-4e94-854f-e2ce0361e5a9,completed,2026-06-19 20:30:53.594493+00:00,2026-06-19 20:30:53.739696+00:00
81d276f2-fc0d-4582-a6e8-b4f7aba5caa4,completed,2026-06-19 20:31:00.114552+00:00,2026-06-19 20:31:00.270720+00:00
54b722ef-769f-412f-a008-1368aaa8a485,completed,2026-06-19 20:30:56.442264+00:00,2026-06-19 20:30:56.581376+00:00
10f6a7ca-543c-4e14-913e-477e0dd331c6,completed,2026-06-19 20:30:58.758548+00:00,2026-06-19 20:30:58.893553+00:00
4a1ccf6b-f074-46b7-915b-215bebbd14d2,completed,2026-06-19 20:31:00.242902+00:00,2026-06-19 20:31:00.428065+00:00
43cd2480-9a0d-4f9a-9b3d-0f494b71fff1,completed,2026-06-19 20:30:59.173980+00:00,2026-06-19 20:30:59.333048+00:00
c9d47951-1927-41d6-900f-c4673ebd555b,completed,2026-06-19 20:31:00.377412+00:00,2026-06-19 20:31:00.523173+00:00
2857b9fd-7193-4319-9b64-6c049313ca02,completed,2026-06-19 20:31:03.948525+00:00,2026-06-19 20:31:04.091259+00:00
d1e1024c-a7e9-4c8e-96ea-f29ebddc4022,completed,2026-06-19 20:31:02.395574+00:00,2026-06-19 20:31:02.552744+00:00
1a542b74-7b75-4274-a2b4-8c770460e608,completed,2026-06-19 20:31:02.516914+00:00,2026-06-19 20:31:02.659945+00:00
8226f29d-c101-4360-a934-8a0ca13de2cd,completed,2026-06-19 20:31:02.030168+00:00,2026-06-19 20:31:02.175975+00:00
5b3667d8-2c69-49e1-9423-61cb5aa3c319,completed,2026-06-19 20:31:05.205093+00:00,2026-06-19 20:31:05.355469+00:00
57023336-c81d-4aff-bb0c-3faf758003c9,completed,2026-06-19 20:31:05.088321+00:00,2026-06-19 20:31:05.233824+00:00
a97e163d-ca7f-4a05-9e0e-42382b885c9f,completed,2026-06-19 20:31:05.426250+00:00,2026-06-19 20:31:05.596362+00:00
e42317dc-a971-4ae9-a796-1a627ab9edf2,completed,2026-06-19 20:31:05.647719+00:00,2026-06-19 20:31:05.790155+00:00
30123dde-2428-41ce-a435-30b77d854005,completed,2026-06-19 20:31:05.977225+00:00,2026-06-19 20:31:06.115724+00:00
5a3d4948-c6fb-4938-bcbb-5e48ca686d32,completed,2026-06-19 20:31:22.081562+00:00,2026-06-19 20:31:22.242723+00:00
cc5af090-af91-46f7-ae43-ab7ae2dd1012,completed,2026-06-19 20:31:06.521756+00:00,2026-06-19 20:31:06.699372+00:00
59f42c56-5e90-4306-934b-f7e884cd89a8,completed,2026-06-19 20:31:09.418593+00:00,2026-06-19 20:31:09.580957+00:00
e0d653d5-1c43-45a6-b45b-bbe156f4451b,completed,2026-06-19 20:31:09.811112+00:00,2026-06-19 20:31:09.951724+00:00
90750d62-fc43-4642-920b-a3a3f38857db,completed,2026-06-19 20:31:22.323759+00:00,2026-06-19 20:31:22.480009+00:00
2aa62fc1-13c2-4098-ab9f-e8175f9502e1,completed,2026-06-19 20:31:13.053596+00:00,2026-06-19 20:31:13.202631+00:00
28fbdeaa-db4f-4e26-80e4-7cddcaf4456c,completed,2026-06-19 20:31:13.385989+00:00,2026-06-19 20:31:13.521132+00:00
9c5661e1-ac97-4354-ac94-4c9fdb2a748e,completed,2026-06-19 20:31:29.120357+00:00,2026-06-19 20:31:29.258113+00:00
63ac52b5-eb43-4f2d-a3e9-459032f826fc,completed,2026-06-19 20:31:13.711235+00:00,2026-06-19 20:31:13.856503+00:00
5373b6f2-c3fb-463b-aa68-044f3269735a,completed,2026-06-19 20:31:23.041727+00:00,2026-06-19 20:31:23.173465+00:00
dd35c2bc-e44b-4c96-872c-3a8506c8e3df,completed,2026-06-19 20:31:18.478271+00:00,2026-06-19 20:31:18.624167+00:00
d11c6670-8776-4996-834c-211ea74e8a84,completed,2026-06-19 20:31:19.813058+00:00,2026-06-19 20:31:19.960144+00:00
506e8af7-364a-431e-87e2-645d3b69746b,completed,2026-06-19 20:31:20.329654+00:00,2026-06-19 20:31:20.465444+00:00
53b964ba-53b1-43d4-9bbc-ad7bcbe3949e,completed,2026-06-19 20:31:24.659770+00:00,2026-06-19 20:31:24.817767+00:00
5ef003e1-f1e6-4460-a618-9fae19b6b98b,completed,2026-06-19 20:31:21.838037+00:00,2026-06-19 20:31:21.990153+00:00
d47f7c0c-b321-4fe2-b622-4a1841ac8577,completed,2026-06-19 20:31:25.108025+00:00,2026-06-19 20:31:25.242710+00:00
ea98f886-9964-4b01-88fc-40af01bb85ba,completed,2026-06-19 20:31:25.766997+00:00,2026-06-19 20:31:25.926432+00:00
c1a254a7-5fce-4208-ae25-b412c25829a4,completed,2026-06-19 20:31:27.689635+00:00,2026-06-19 20:31:27.837475+00:00
3105d682-45e3-414b-bfda-ce018c7297cd,completed,2026-06-19 20:31:21.405976+00:00,2026-06-19 20:31:21.548896+00:00
7a3ef368-301a-46bb-881c-0ef681130a34,completed,2026-06-19 20:31:06.630348+00:00,2026-06-19 20:31:06.780703+00:00
18dad962-02ec-41eb-8693-063ab7cf7ecd,completed,2026-06-19 20:31:11.033885+00:00,2026-06-19 20:31:11.168590+00:00
25cfe308-cafc-4ed8-89e6-5a57c23a98ae,completed,2026-06-19 20:31:12.111201+00:00,2026-06-19 20:31:12.283837+00:00
2c0eca0b-31da-425e-98a4-df15c9d30e28,completed,2026-06-19 20:31:22.142658+00:00,2026-06-19 20:31:22.287200+00:00
3556cbde-82a4-4f03-8407-affee194fbb4,completed,2026-06-19 20:31:13.468243+00:00,2026-06-19 20:31:13.607639+00:00
a90fc12e-046d-479d-b568-5134bca48dc5,completed,2026-06-19 20:31:14.437966+00:00,2026-06-19 20:31:14.585556+00:00
44f8460b-84cd-47b8-81b2-178073b28fd0,completed,2026-06-19 20:31:27.947425+00:00,2026-06-19 20:31:28.096802+00:00
a83dbfe8-39ce-46a8-99ab-7ec96c97ae96,completed,2026-06-19 20:31:15.368534+00:00,2026-06-19 20:31:15.496727+00:00
8462e84f-9354-4c1a-95f7-e8cc14859f02,completed,2026-06-19 20:31:24.937251+00:00,2026-06-19 20:31:25.074790+00:00
c302d6da-4cfb-4d84-8b72-246f9cc1de63,completed,2026-06-19 20:31:15.674739+00:00,2026-06-19 20:31:15.806450+00:00
843093d9-5c3d-46bc-9c82-52297d8b5fc3,completed,2026-06-19 20:31:17.147836+00:00,2026-06-19 20:31:17.292403+00:00
61bfcc42-5a53-4be6-9e23-2c065393de0e,completed,2026-06-19 20:31:17.433632+00:00,2026-06-19 20:31:17.570687+00:00
735f5709-262a-44d4-ac8f-1f78c1c8fac1,completed,2026-06-19 20:31:25.387551+00:00,2026-06-19 20:31:25.519873+00:00
4e8bf1d8-e7da-4323-9704-766150142e04,completed,2026-06-19 20:31:18.268108+00:00,2026-06-19 20:31:18.396835+00:00
2127e93f-6c35-4154-b691-d98ed869b27c,completed,2026-06-19 20:31:28.967120+00:00,2026-06-19 20:31:29.107416+00:00
d4f0fbe8-27c2-4694-b009-dbd858164383,completed,2026-06-19 20:31:26.043054+00:00,2026-06-19 20:31:26.184901+00:00
f80740f7-dd7e-4bd7-aacf-2c03e8f0e999,completed,2026-06-19 20:31:26.898149+00:00,2026-06-19 20:31:27.041426+00:00
a52e2240-bb9b-4302-af1e-d01fe6b17803,completed,2026-06-19 20:31:27.532859+00:00,2026-06-19 20:31:27.674270+00:00
e2887a3d-ec3b-4937-aee5-a3dc79bd398f,completed,2026-06-19 20:31:29.368903+00:00,2026-06-19 20:31:29.508813+00:00
4fc1d5d9-2f25-4f1d-9dd9-59f30f3ffea7,completed,2026-06-19 20:31:07.583839+00:00,2026-06-19 20:31:07.752689+00:00
8f5abc21-4cbb-4f27-9df0-4bda558b6a50,completed,2026-06-19 20:31:11.128044+00:00,2026-06-19 20:31:11.349594+00:00
a585e873-e266-4927-8484-c6c04d7446a4,completed,2026-06-19 20:31:11.842384+00:00,2026-06-19 20:31:12.056448+00:00
d22f4212-d23b-4f39-884a-4b32b4f318b7,completed,2026-06-19 20:31:18.610512+00:00,2026-06-19 20:31:18.761034+00:00
cfc68f0d-263f-4cf9-9103-45aa0c11cd12,completed,2026-06-19 20:31:21.216766+00:00,2026-06-19 20:31:21.376882+00:00
fe817fe1-7b96-4d0e-a635-d470bc69de68,completed,2026-06-19 20:31:21.714834+00:00,2026-06-19 20:31:21.857381+00:00
a848eb80-dcba-44cf-8f2e-38137313464a,completed,2026-06-19 20:31:25.439976+00:00,2026-06-19 20:31:25.587578+00:00
477bc526-9f7c-4300-9364-544a853d4af3,completed,2026-06-19 20:31:25.879203+00:00,2026-06-19 20:31:26.043128+00:00
7bcfcef6-7011-482b-9c3a-e0a8350ee1e3,completed,2026-06-19 20:31:27.377643+00:00,2026-06-19 20:31:27.516596+00:00
cb25bb15-cc77-4d36-886a-d4115f473afd,completed,2026-06-19 20:31:22.743786+00:00,2026-06-19 20:31:22.886545+00:00
82c4e703-036f-42cc-b9b3-3438df45ae88,completed,2026-06-19 20:31:13.631666+00:00,2026-06-19 20:31:13.767854+00:00
a5564f2f-fe1f-46e1-97d5-315d4e104c12,completed,2026-06-19 20:31:14.595569+00:00,2026-06-19 20:31:14.743248+00:00
477de816-0604-4c46-9797-00f57dfc39e5,completed,2026-06-19 20:31:30.836508+00:00,2026-06-19 20:31:31.003481+00:00
24b3d8c3-b168-4419-888e-f7578319d82b,completed,2026-06-19 20:31:14.909862+00:00,2026-06-19 20:31:15.080268+00:00
cfbbdea2-b1b9-451f-90a8-2de03b7bc017,completed,2026-06-19 20:31:24.376650+00:00,2026-06-19 20:31:24.520137+00:00
8c9a4ca1-4fd5-45bf-919e-2a91d0dca022,completed,2026-06-19 20:31:15.520989+00:00,2026-06-19 20:31:15.673737+00:00
98b281ec-44d0-4e7d-aec7-6d91f5e25e10,completed,2026-06-19 20:31:16.428496+00:00,2026-06-19 20:31:16.562043+00:00
72f3ea68-a6cd-4d84-a7d4-6544c339fa27,completed,2026-06-19 20:31:29.466773+00:00,2026-06-19 20:31:29.609915+00:00
06b60bc7-2a1c-40f3-9a55-5ef3f008a4df,completed,2026-06-19 20:31:17.003249+00:00,2026-06-19 20:31:17.143749+00:00
ead4e3bb-d84b-43fb-914f-73c68b347e93,completed,2026-06-19 20:31:25.050282+00:00,2026-06-19 20:31:25.228302+00:00
cf293280-371e-4d51-86c7-e209189e1966,completed,2026-06-19 20:31:17.289267+00:00,2026-06-19 20:31:17.425682+00:00
0a2a5f7e-b3bd-4aab-84b8-080505a5d3bb,completed,2026-06-19 20:31:18.953576+00:00,2026-06-19 20:31:19.126157+00:00
ea5d062a-0025-4b4e-adfa-79c671ac35cc,completed,2026-06-19 20:31:20.522853+00:00,2026-06-19 20:31:20.679335+00:00
88491db9-5d9a-41f4-8144-9d48a1663b84,completed,2026-06-19 20:31:27.217837+00:00,2026-06-19 20:31:27.377763+00:00
5890a298-53cc-45ec-b9a8-309828824241,completed,2026-06-19 20:31:22.502701+00:00,2026-06-19 20:31:22.662536+00:00
fbf2a030-7777-433d-a428-a30421376481,completed,2026-06-19 20:31:27.424930+00:00,2026-06-19 20:31:27.580139+00:00
14d6362e-648f-420c-a716-f3fcb8bb86e9,completed,2026-06-19 20:31:31.076071+00:00,2026-06-19 20:31:31.219466+00:00
2396d7e1-41a5-4105-9497-282f16490784,completed,2026-06-19 20:31:27.636752+00:00,2026-06-19 20:31:27.787576+00:00
0f4ba393-622c-4716-8f63-01f41107a40b,completed,2026-06-19 20:31:29.863845+00:00,2026-06-19 20:31:30.007608+00:00
b678c95c-1930-4fd0-8265-b95ee06f31c8,completed,2026-06-19 20:31:28.051618+00:00,2026-06-19 20:31:28.207278+00:00
40899345-acb2-40c2-b797-00f087d3ecb1,completed,2026-06-19 20:31:29.961635+00:00,2026-06-19 20:31:30.103743+00:00
22bc5721-d4ae-4258-8b12-b7614f8ef7c1,completed,2026-06-19 20:31:30.740168+00:00,2026-06-19 20:31:30.872463+00:00
7f6e3b65-5e9c-4603-9438-ec3b563497fc,completed,2026-06-19 20:31:30.107155+00:00,2026-06-19 20:31:30.252813+00:00
6dfbdb48-3bcc-4806-b9f4-de64e283a99a,completed,2026-06-19 20:31:31.597585+00:00,2026-06-19 20:31:31.790706+00:00
7338a766-1d1b-4486-ae4d-77449579becd,completed,2026-06-19 20:31:30.883252+00:00,2026-06-19 20:31:31.027810+00:00
01abac81-7fb2-493e-aba7-edfd9f4cba03,completed,2026-06-19 20:31:31.409539+00:00,2026-06-19 20:31:31.556081+00:00
3b674832-19bf-427f-80cf-4b5f7389fb63,completed,2026-06-19 20:31:30.979615+00:00,2026-06-19 20:31:31.149649+00:00
4504ad2a-eba0-4413-92a3-5f82bcee45ed,completed,2026-06-19 20:31:31.266773+00:00,2026-06-19 20:31:31.437903+00:00
270882de-b4e0-4244-b7ba-5c789c80dc3d,completed,2026-06-19 20:31:31.314144+00:00,2026-06-19 20:31:31.464445+00:00
16db2e44-05ce-4047-a8bf-605e2b47a6c5,completed,2026-06-19 20:31:31.457071+00:00,2026-06-19 20:31:31.628376+00:00
cd397d7a-cb71-4183-9a14-063a654e706f,completed,2026-06-19 20:31:42.247269+00:00,2026-06-19 20:31:42.393810+00:00
0cb6e4e8-a25c-45d1-a635-709257337a2d,completed,2026-06-19 20:31:31.689160+00:00,2026-06-19 20:31:31.831757+00:00
6207f27a-90dd-4f86-a89c-bc6eb3becfef,completed,2026-06-19 20:31:31.971931+00:00,2026-06-19 20:31:32.123069+00:00
ed3e28f9-eb9c-453d-8d62-ec500fe57a65,completed,2026-06-19 20:31:37.838292+00:00,2026-06-19 20:31:37.994476+00:00
12463d8d-7c57-4783-b86e-22bb1566ddc3,completed,2026-06-19 20:31:32.622917+00:00,2026-06-19 20:31:32.775861+00:00
64bddb22-4c92-4b00-95d8-f6085ca728cb,completed,2026-06-19 20:31:33.895135+00:00,2026-06-19 20:31:34.035737+00:00
868f6824-e401-4cdc-ab36-98dfbed1aa38,completed,2026-06-19 20:31:34.780805+00:00,2026-06-19 20:31:34.925119+00:00
fbd954bc-128a-4504-a175-d2816fddba6c,completed,2026-06-19 20:31:38.492797+00:00,2026-06-19 20:31:38.632807+00:00
ed1bf7cf-8e16-4410-9bd8-c0816663d39b,completed,2026-06-19 20:31:35.304416+00:00,2026-06-19 20:31:35.438735+00:00
2bda086b-b350-466c-8968-af86028dbf5e,completed,2026-06-19 20:31:36.504091+00:00,2026-06-19 20:31:36.640137+00:00
acbf37f6-d924-497a-bc6b-7843e1f4d00e,completed,2026-06-19 20:31:36.674004+00:00,2026-06-19 20:31:36.825030+00:00
f6d140fa-ffde-4deb-831e-d1b48373eda8,completed,2026-06-19 20:31:38.816241+00:00,2026-06-19 20:31:38.953877+00:00
696a3cbe-dff9-4a19-a0c0-8c922b82185a,completed,2026-06-19 20:31:37.177390+00:00,2026-06-19 20:31:37.317660+00:00
fa7518ba-2a5e-40a4-9b50-409bb6fc3dfa,completed,2026-06-19 20:31:37.345058+00:00,2026-06-19 20:31:37.485577+00:00
d5701179-0c78-480a-920a-e3f3090c816a,completed,2026-06-19 20:31:42.547793+00:00,2026-06-19 20:31:42.752414+00:00
3c48d430-dcf0-4dfe-8e0e-d538fecc6c00,completed,2026-06-19 20:31:37.510143+00:00,2026-06-19 20:31:37.651084+00:00
f5a19487-bbd1-4856-abff-d201f9d4e185,completed,2026-06-19 20:31:39.455990+00:00,2026-06-19 20:31:39.615235+00:00
b26ea1a4-4d18-493c-b239-b7972c176c6f,completed,2026-06-19 20:31:41.793991+00:00,2026-06-19 20:31:41.954250+00:00
418e3ae3-396e-4bcd-a682-1b353a8918b2,completed,2026-06-19 20:31:46.599395+00:00,2026-06-19 20:31:46.926083+00:00
9098cc3e-d508-4dfc-9dea-5d81a69519ab,completed,2026-06-19 20:31:41.945984+00:00,2026-06-19 20:31:42.091251+00:00
5f3a7296-03bf-4095-8646-ccc82481aa05,completed,2026-06-19 20:31:48.515233+00:00,2026-06-19 20:31:48.947760+00:00
ebcb55c4-e402-489e-ba57-3a7c60409d0b,completed,2026-06-19 20:31:43.293595+00:00,2026-06-19 20:31:43.447051+00:00
8f764dbf-1aec-4c60-bc64-45f07ddeb41c,completed,2026-06-19 20:31:46.733700+00:00,2026-06-19 20:31:47.085897+00:00
75d42d5d-d1a1-474f-b60c-94868948c826,completed,2026-06-19 20:31:45.183032+00:00,2026-06-19 20:31:45.414021+00:00
d75f46f5-b66a-4df7-a3bb-b818560fc737,completed,2026-06-19 20:31:47.577855+00:00,2026-06-19 20:31:47.953028+00:00
92dc63ea-2198-40c7-811c-7048a80e47de,completed,2026-06-19 20:31:51.027263+00:00,2026-06-19 20:31:51.759510+00:00
00fe40a6-e404-4167-aa8e-10358ec146c2,completed,2026-06-19 20:31:49.980583+00:00,2026-06-19 20:31:50.572287+00:00
9bd5c434-4c1a-48d6-9467-950493df4eaf,completed,2026-06-19 20:31:52.308022+00:00,2026-06-19 20:31:53.244394+00:00
bef9e549-7daf-4ebd-85cf-28a2e613f4ef,completed,2026-06-19 20:31:52.433418+00:00,2026-06-19 20:31:53.380588+00:00
049bc7f4-27f8-47ab-b45d-d5d5c85666fa,completed,2026-06-19 20:31:53.934278+00:00,2026-06-19 20:31:55.148173+00:00
b5277b1c-68cc-400b-8de2-630503e0cedb,completed,2026-06-19 20:31:54.056535+00:00,2026-06-19 20:31:55.292924+00:00
84de0641-1d6d-4757-8d18-7af10c21e838,completed,2026-06-19 20:31:50.734541+00:00,2026-06-19 20:31:51.454064+00:00
4b48c52c-eaca-4d42-b4ba-96849e981804,completed,2026-06-19 20:31:32.020821+00:00,2026-06-19 20:31:32.168722+00:00
11884af0-ce0c-4fe1-bdf9-652b1b78f05f,completed,2026-06-19 20:31:32.668862+00:00,2026-06-19 20:31:32.822547+00:00
bb79297d-86b3-485a-b181-09110edf112a,completed,2026-06-19 20:31:40.051557+00:00,2026-06-19 20:31:40.196648+00:00
b3f653ae-3d89-4f50-8ef9-0bae0e75eccf,completed,2026-06-19 20:31:33.490607+00:00,2026-06-19 20:31:33.631897+00:00
362fa8cc-95a3-4480-9757-63199d7660d0,completed,2026-06-19 20:31:34.029134+00:00,2026-06-19 20:31:34.183935+00:00
c7892ee9-b7b9-4835-9c7a-1f614c8b6ce9,completed,2026-06-19 20:31:47.667941+00:00,2026-06-19 20:31:48.084825+00:00
379bb4d4-d138-4e1a-baa3-aa00f91b17cc,completed,2026-06-19 20:31:34.738106+00:00,2026-06-19 20:31:34.881342+00:00
9f83abb2-72ae-4ee7-bc4a-bc6cdebbc1d1,completed,2026-06-19 20:31:40.832784+00:00,2026-06-19 20:31:40.967981+00:00
794ad40d-f694-44a7-893c-ceb6c4424534,completed,2026-06-19 20:31:37.135742+00:00,2026-06-19 20:31:37.279311+00:00
9a20d173-844f-44e2-b80d-3eacca2ae3ff,completed,2026-06-19 20:31:37.301233+00:00,2026-06-19 20:31:37.446208+00:00
1135c354-cb0c-4cdf-9e7a-a374e46d449c,completed,2026-06-19 20:31:49.816137+00:00,2026-06-19 20:31:50.419124+00:00
766a4fd3-2874-41a1-9d21-318de9b6f308,completed,2026-06-19 20:31:37.471442+00:00,2026-06-19 20:31:37.622547+00:00
997a8394-fa36-48e9-9327-0b6693f07dd1,completed,2026-06-19 20:31:41.297687+00:00,2026-06-19 20:31:41.468020+00:00
887372bc-c086-47bf-9bf7-9ef11099b1d5,completed,2026-06-19 20:31:37.963471+00:00,2026-06-19 20:31:38.104448+00:00
f51e60b7-b048-40a7-b18c-25bef3261b3b,completed,2026-06-19 20:31:39.260418+00:00,2026-06-19 20:31:39.418094+00:00
286ba146-b3e7-458d-86e5-1c6ea9f65fd0,completed,2026-06-19 20:31:47.803173+00:00,2026-06-19 20:31:48.223265+00:00
6db8d548-cc82-4c63-823c-e6f30e33b803,completed,2026-06-19 20:31:39.736782+00:00,2026-06-19 20:31:39.890058+00:00
0a1985b0-02c7-4c67-b868-701543ff6776,completed,2026-06-19 20:31:42.360714+00:00,2026-06-19 20:31:42.529433+00:00
8c2715ff-3f67-4df3-88e1-77129aef92d4,completed,2026-06-19 20:31:44.571964+00:00,2026-06-19 20:31:44.794529+00:00
a4e03c96-408c-4537-9c55-cf84daa2e976,completed,2026-06-19 20:31:46.142487+00:00,2026-06-19 20:31:46.473433+00:00
38d00fc3-7a91-4954-9a74-7b437576c39d,completed,2026-06-19 20:31:51.380219+00:00,2026-06-19 20:31:52.190110+00:00
356bef3e-c474-4fab-b9b8-3ba2d3474f0e,completed,2026-06-19 20:31:49.286782+00:00,2026-06-19 20:31:49.818040+00:00
d7339855-5c42-4f4c-b638-bfc01d1036fd,completed,2026-06-19 20:31:49.418749+00:00,2026-06-19 20:31:49.964429+00:00
afd783b4-2ca0-4e37-85e9-9f9633249067,completed,2026-06-19 20:31:50.210914+00:00,2026-06-19 20:31:50.840234+00:00
1cf2073d-31aa-42a5-a363-1392dc94da99,completed,2026-06-19 20:31:51.146325+00:00,2026-06-19 20:31:51.886701+00:00
4dd4f635-0399-4e05-b92e-312fd25dd6e4,completed,2026-06-19 20:31:53.530151+00:00,2026-06-19 20:31:54.692959+00:00
b1f6f2b7-5f0b-49cb-84c0-5e5f6b1158ab,completed,2026-06-19 20:31:54.273047+00:00,2026-06-19 20:31:55.541187+00:00
d9a00d4e-0ed4-4bdd-8a6e-cdf5cc7809f4,completed,2026-06-19 20:31:54.519099+00:00,2026-06-19 20:31:55.816804+00:00
9c1e5254-6bf4-46b4-bddf-eccf84c5248d,completed,2026-06-19 20:31:54.770633+00:00,2026-06-19 20:31:56.087119+00:00
14546b1a-5fb7-4e15-9408-692b37e43b6d,completed,2026-06-19 20:31:54.885188+00:00,2026-06-19 20:31:56.229651+00:00
76f000cf-a9dd-4a33-998f-f1ed2d6aab39,completed,2026-06-19 20:31:40.638256+00:00,2026-06-19 20:31:40.787099+00:00
853ed7e5-0944-4cd8-949d-35d816f8e30e,completed,2026-06-19 20:31:32.898943+00:00,2026-06-19 20:31:33.057770+00:00
2c2954b5-d644-44ad-b929-cdb546ec223d,completed,2026-06-19 20:31:33.626577+00:00,2026-06-19 20:31:33.770178+00:00
626af7e4-d2df-4945-8e35-e2860d394a29,completed,2026-06-19 20:31:48.581667+00:00,2026-06-19 20:31:49.060203+00:00
b8386c55-f8c4-4946-82f6-6d07a3dce4b5,completed,2026-06-19 20:31:33.805042+00:00,2026-06-19 20:31:33.942558+00:00
ab957ff9-149a-4eac-947a-7a4d41567f8f,completed,2026-06-19 20:31:40.795705+00:00,2026-06-19 20:31:40.949192+00:00
d164481b-58c1-4a03-a39f-36a04fb97cdb,completed,2026-06-19 20:31:34.341990+00:00,2026-06-19 20:31:34.499241+00:00
fdc7dc1e-071e-4e0f-b790-311ef96799fe,completed,2026-06-19 20:31:35.565165+00:00,2026-06-19 20:31:35.708980+00:00
6db8b8a1-cec3-4603-aa66-7eab50aad8e7,completed,2026-06-19 20:31:44.968647+00:00,2026-06-19 20:31:45.145770+00:00
532c0bc8-8e36-4a92-8d93-bbd30c5da39c,completed,2026-06-19 20:31:36.080260+00:00,2026-06-19 20:31:36.238717+00:00
de2676b8-de6e-48dd-81dd-9b7c60968e87,completed,2026-06-19 20:31:41.719612+00:00,2026-06-19 20:31:41.873203+00:00
5d9fa864-3f6f-46b8-889d-b8f0f59cff82,completed,2026-06-19 20:31:36.758088+00:00,2026-06-19 20:31:36.897861+00:00
5361f0fa-6360-47eb-a00c-fe5fbf633e41,completed,2026-06-19 20:31:37.921053+00:00,2026-06-19 20:31:38.078146+00:00
a9a1f2b8-8f6e-4da4-9368-8b964a6da69a,completed,2026-06-19 20:31:38.416387+00:00,2026-06-19 20:31:38.555791+00:00
b5e2010c-7ba6-4b30-a27d-85b8dfb1c614,completed,2026-06-19 20:31:42.630851+00:00,2026-06-19 20:31:42.761202+00:00
76459ecd-6faa-45ed-a36e-8a4439a8aa02,completed,2026-06-19 20:31:38.572846+00:00,2026-06-19 20:31:38.714229+00:00
1bbb2692-b9c6-4541-a813-0a3e4b37d826,completed,2026-06-19 20:31:47.081063+00:00,2026-06-19 20:31:47.462740+00:00
132bd24f-3fde-4c12-8660-5143e99fdae8,completed,2026-06-19 20:31:43.807516+00:00,2026-06-19 20:31:43.952771+00:00
69c895aa-d786-4060-87de-5c56064e258b,completed,2026-06-19 20:31:46.247311+00:00,2026-06-19 20:31:46.515862+00:00
83da81d0-8428-4f01-9ae0-a838ff7f9abd,completed,2026-06-19 20:31:43.956245+00:00,2026-06-19 20:31:44.101467+00:00
852b3e65-fcc3-48b0-a9e9-c1f4ed4e4554,completed,2026-06-19 20:31:44.681870+00:00,2026-06-19 20:31:44.882809+00:00
ed0d281f-4a19-4b1f-8a39-4b2594d4e5e7,completed,2026-06-19 20:31:46.387321+00:00,2026-06-19 20:31:46.666140+00:00
3710c628-c73b-45c5-82a1-1eaff52922dc,completed,2026-06-19 20:31:46.951894+00:00,2026-06-19 20:31:47.305812+00:00
4fe142e6-7df5-4bc3-8927-b6716621fd16,completed,2026-06-19 20:31:47.494459+00:00,2026-06-19 20:31:47.883566+00:00
96c6cfcb-4d6f-406d-bc2c-2def76445dab,completed,2026-06-19 20:31:48.311708+00:00,2026-06-19 20:31:48.804019+00:00
94c4cb42-0c33-4595-98f5-cea54527f9d5,completed,2026-06-19 20:31:47.767136+00:00,2026-06-19 20:31:48.193852+00:00
832f85fb-7544-4bf5-b92d-100dba8efa49,completed,2026-06-19 20:31:49.656433+00:00,2026-06-19 20:31:50.195089+00:00
c47c91dc-42b5-4bf8-b219-d8563e217202,completed,2026-06-19 20:31:48.716120+00:00,2026-06-19 20:31:49.199441+00:00
c783080d-9995-48dc-b52a-09476fabeec3,completed,2026-06-19 20:31:50.309724+00:00,2026-06-19 20:31:50.976099+00:00
6d2320a4-c3ae-4afc-9457-44e32548c936,completed,2026-06-19 20:31:53.384050+00:00,2026-06-19 20:31:54.429380+00:00
abf79041-9ca2-4ba9-95b7-6ac383f615ce,completed,2026-06-19 20:31:54.368446+00:00,2026-06-19 20:31:55.634663+00:00
7a2ac62a-a9d7-40ac-8645-bce80592df2f,completed,2026-06-19 20:31:40.911402+00:00,2026-06-19 20:31:41.057004+00:00
0c771cc3-b268-41f8-9445-1d4d5ec376f3,completed,2026-06-19 20:31:33.396510+00:00,2026-06-19 20:31:33.548189+00:00
7fa0f583-3dce-41b2-938e-d5edd2e6905a,completed,2026-06-19 20:31:35.518448+00:00,2026-06-19 20:31:35.672662+00:00
1c282e04-a550-4a20-b75f-649546f344f5,completed,2026-06-19 20:31:51.057652+00:00,2026-06-19 20:31:51.805801+00:00
c6409028-f69a-4daf-9fdc-62499d521103,completed,2026-06-19 20:31:36.036023+00:00,2026-06-19 20:31:36.192359+00:00
08e2c249-25b2-4683-8872-281258e37a5a,completed,2026-06-19 20:31:41.064117+00:00,2026-06-19 20:31:41.193594+00:00
e5cae6a2-d4d9-4098-a4e4-daa36613d27a,completed,2026-06-19 20:31:36.544915+00:00,2026-06-19 20:31:36.705112+00:00
3af7aae3-8a90-49b3-acd1-6f005eb4202a,completed,2026-06-19 20:31:37.386124+00:00,2026-06-19 20:31:37.541133+00:00
aff3edb7-7662-414a-a9ab-1310e2e1c2d3,completed,2026-06-19 20:31:45.220350+00:00,2026-06-19 20:31:45.430398+00:00
b3c6355a-a4f0-406f-9e91-2c6192f92393,completed,2026-06-19 20:31:37.547906+00:00,2026-06-19 20:31:37.684671+00:00
130cfcc5-cfdd-4820-b541-65a5fb15a54d,completed,2026-06-19 20:31:41.677074+00:00,2026-06-19 20:31:41.812152+00:00
20e8e517-0e7a-4b5e-ae2d-a6823bb2bf47,completed,2026-06-19 20:31:38.044168+00:00,2026-06-19 20:31:38.203037+00:00
94743c56-5ec2-4d98-a419-d0ac973899f5,completed,2026-06-19 20:31:38.370620+00:00,2026-06-19 20:31:38.510123+00:00
1f3abadf-2c32-4a2b-a47a-f69c70d18546,completed,2026-06-19 20:31:38.855922+00:00,2026-06-19 20:31:38.999530+00:00
e04e3d64-fc1e-4040-bede-4d8d6c9514bc,completed,2026-06-19 20:31:41.832183+00:00,2026-06-19 20:31:41.969340+00:00
6f5820d3-28e2-4cdc-aebf-48ecb2c69236,completed,2026-06-19 20:31:39.179403+00:00,2026-06-19 20:31:39.334327+00:00
a14d9ce6-863f-4112-a5a2-25fca8c406cc,completed,2026-06-19 20:31:49.223011+00:00,2026-06-19 20:31:49.720693+00:00
62e9c858-6f8c-4d98-a507-80cb6f215757,completed,2026-06-19 20:31:42.132096+00:00,2026-06-19 20:31:42.266110+00:00
4fb7893c-3664-4d03-aabd-a836b53e9fac,completed,2026-06-19 20:31:46.908393+00:00,2026-06-19 20:31:47.253153+00:00
58a6e064-21cd-48f9-a2b8-cc11d663a2f0,completed,2026-06-19 20:31:43.919121+00:00,2026-06-19 20:31:44.100947+00:00
ec492fc7-18b2-4484-b40f-f930ed2a2a72,completed,2026-06-19 20:31:44.787942+00:00,2026-06-19 20:31:44.987024+00:00
73fa22ae-07c0-4137-befd-3aa96d366165,completed,2026-06-19 20:31:47.184600+00:00,2026-06-19 20:31:47.546283+00:00
56ad3772-0fcd-4591-a300-c5484851ddc5,completed,2026-06-19 20:31:47.600164+00:00,2026-06-19 20:31:47.980318+00:00
5a5d143c-14f7-4b98-b212-6355f0885de1,completed,2026-06-19 20:31:50.797595+00:00,2026-06-19 20:31:51.529472+00:00
2a2a0850-dc92-459b-a80b-4da82b4a2f2e,completed,2026-06-19 20:31:51.828182+00:00,2026-06-19 20:31:52.691227+00:00
36633a23-a289-49ed-9e48-0b5bea208568,completed,2026-06-19 20:31:51.573613+00:00,2026-06-19 20:31:52.409425+00:00
23c4bdce-543d-44ce-8588-62ba4826a9fc,completed,2026-06-19 20:31:52.842514+00:00,2026-06-19 20:31:53.844322+00:00
8705d8a6-f0ae-4888-b803-856792c8250f,completed,2026-06-19 20:31:53.469609+00:00,2026-06-19 20:31:54.569292+00:00
7f479ef2-ff93-42c0-917a-d2d0d7e80f19,completed,2026-06-19 20:31:55.310796+00:00,2026-06-19 20:31:56.802773+00:00
5ab00466-b753-4768-9caa-ee9001ac7013,completed,2026-06-19 20:31:56.152709+00:00,2026-06-19 20:31:57.786256+00:00
01398f6b-dcc4-464d-8b5b-7a02b4911d3d,completed,2026-06-19 20:31:56.627748+00:00,2026-06-19 20:31:58.408849+00:00
84a38f3b-a56a-492e-8972-c486ed696c5f,completed,2026-06-19 20:31:59.731193+00:00,2026-06-19 20:32:02.500549+00:00
8bab4b4e-e511-4214-a899-f5a8d8879812,completed,2026-06-19 20:31:54.303145+00:00,2026-06-19 20:31:55.587714+00:00
a711f629-1dac-4895-b09a-b4cff45776a4,completed,2026-06-19 20:32:01.751739+00:00,2026-06-19 20:32:05.203285+00:00
cf37aaea-7b84-4ce2-87eb-74de18b187e5,completed,2026-06-19 20:31:54.914166+00:00,2026-06-19 20:31:56.335265+00:00
ccf45dfc-1181-4a62-8f65-3f8bef6765cc,completed,2026-06-19 20:31:59.845928+00:00,2026-06-19 20:32:02.637149+00:00
acd36989-34f5-4674-a0a8-dfd07b739d01,completed,2026-06-19 20:31:55.278846+00:00,2026-06-19 20:31:56.772494+00:00
ee5ebc83-abe3-4875-b738-183852599ba2,completed,2026-06-19 20:31:55.760592+00:00,2026-06-19 20:31:57.354536+00:00
e7c1f678-3843-4827-8b5c-2c5d21c28c49,completed,2026-06-19 20:31:56.842671+00:00,2026-06-19 20:31:58.657284+00:00
e45bcf2c-3bab-4c2d-9ea8-cd2b8c518424,completed,2026-06-19 20:32:03.056247+00:00,2026-06-19 20:32:07.030575+00:00
c8fb0fcb-01cc-4566-b392-4b0418420cf8,completed,2026-06-19 20:31:57.071357+00:00,2026-06-19 20:31:58.948871+00:00
eb68f6c5-e8ec-4fd7-8282-68e6f30fe926,completed,2026-06-19 20:32:00.297001+00:00,2026-06-19 20:32:03.261938+00:00
e20dd7eb-f3af-4299-8b9d-6936baa336ca,completed,2026-06-19 20:31:57.189002+00:00,2026-06-19 20:31:59.097509+00:00
dd2896a5-bd67-49bc-af4a-182be63377a7,completed,2026-06-19 20:32:01.967450+00:00,2026-06-19 20:32:05.508782+00:00
6dc78ee0-1b14-4c75-81b8-3ee8a9e63615,completed,2026-06-19 20:31:58.702178+00:00,2026-06-19 20:32:01.125134+00:00
9d926694-c490-46a8-96fc-702fc298b56e,completed,2026-06-19 20:32:00.520084+00:00,2026-06-19 20:32:03.553752+00:00
d66db6b3-a508-4ede-a30d-7773aa694ea1,completed,2026-06-19 20:32:00.968068+00:00,2026-06-19 20:32:04.160231+00:00
597521a7-cf90-463b-b02f-12e629d3b74f,completed,2026-06-19 20:32:04.140057+00:00,2026-06-19 20:32:08.514031+00:00
3689b4b3-b793-40fd-b7a1-7912bf3bd3b1,completed,2026-06-19 20:32:02.948387+00:00,2026-06-19 20:32:06.882801+00:00
d81ca6b4-1c59-4f35-b69f-e75f57a52345,completed,2026-06-19 20:32:03.597087+00:00,2026-06-19 20:32:07.779261+00:00
57d7106d-c724-4d3f-9506-1fbd4c8e706a,completed,2026-06-19 20:32:04.770357+00:00,2026-06-19 20:32:09.397202+00:00
cc4411ea-1885-4f7c-9bb7-9538588afe83,completed,2026-06-19 20:32:04.664372+00:00,2026-06-19 20:32:09.244995+00:00
f660e008-fb51-400c-a5bc-af0803cf0e5c,completed,2026-06-19 20:32:05.820585+00:00,2026-06-19 20:32:10.862846+00:00
eb96ec1a-e7de-4792-bf63-fc8a3be47cd5,completed,2026-06-19 20:32:06.144610+00:00,2026-06-19 20:32:11.410030+00:00
15e16334-90ab-401f-91c7-e95905f2904d,completed,2026-06-19 20:32:06.347298+00:00,2026-06-19 20:32:11.707811+00:00
3d135872-17cd-43c4-b224-f4b75f131494,completed,2026-06-19 20:32:06.652868+00:00,2026-06-19 20:32:12.150405+00:00
3b1e8aa5-1b18-4a63-bb12-30dbc716e4b8,completed,2026-06-19 20:32:07.371578+00:00,2026-06-19 20:32:13.223567+00:00
51fa3827-458d-460e-bc33-555fd425e232,completed,2026-06-19 20:32:08.492114+00:00,2026-06-19 20:32:14.897046+00:00
f26d06e8-65b2-422b-8da1-6c4eeb579de4,completed,2026-06-19 20:32:09.496167+00:00,2026-06-19 20:32:16.344404+00:00
4d8fdc72-2b50-4b81-879a-f99641e6edc3,completed,2026-06-19 20:32:09.594503+00:00,2026-06-19 20:32:16.503256+00:00
b0f2a657-e96b-4bd8-a50e-722eafe11fb4,completed,2026-06-19 20:32:09.793866+00:00,2026-06-19 20:32:16.812020+00:00
8f64cc5c-9fae-43b5-9c00-c6b1cb8d5296,completed,2026-06-19 20:32:10.394840+00:00,2026-06-19 20:32:17.693855+00:00
c732ec5b-623b-4304-92e6-223f36c11208,completed,2026-06-19 20:32:00.802112+00:00,2026-06-19 20:32:03.946739+00:00
a9803a57-79de-47e5-8eab-d501e7c2dcdf,completed,2026-06-19 20:31:54.488800+00:00,2026-06-19 20:31:55.782755+00:00
83059340-9d52-4920-95af-7c752fc4688f,completed,2026-06-19 20:31:55.103472+00:00,2026-06-19 20:31:56.520179+00:00
43a5aa2e-4194-4ae9-b772-54f44bf4c109,completed,2026-06-19 20:31:58.989450+00:00,2026-06-19 20:32:01.499648+00:00
429116a5-1719-47a7-987c-1808bcf8ff35,completed,2026-06-19 20:31:55.581645+00:00,2026-06-19 20:31:57.122161+00:00
7eec6a82-6e12-4c7b-927c-c7ccad9eb9b2,completed,2026-06-19 20:31:55.701076+00:00,2026-06-19 20:31:57.275176+00:00
c1ca9119-e63a-4a28-ac7a-b83e6598c32e,completed,2026-06-19 20:32:02.131125+00:00,2026-06-19 20:32:05.701850+00:00
75196b81-b982-4a70-8779-0480fbcf2af3,completed,2026-06-19 20:31:55.830142+00:00,2026-06-19 20:31:57.437978+00:00
e1740aa5-8e8d-45c8-83a7-990423390aa2,completed,2026-06-19 20:31:59.675643+00:00,2026-06-19 20:32:02.426810+00:00
86adfcd4-35ec-409b-b5da-987943c2bd9d,completed,2026-06-19 20:31:56.062466+00:00,2026-06-19 20:31:57.737819+00:00
25dc3fae-5f4b-47e8-8f61-b6fd728ced41,completed,2026-06-19 20:32:00.912404+00:00,2026-06-19 20:32:04.095260+00:00
1b836879-97a0-4abe-b0cc-f59123d96049,completed,2026-06-19 20:31:57.365256+00:00,2026-06-19 20:31:59.356087+00:00
7b993c34-9f80-41f7-b444-1dc5936233fe,completed,2026-06-19 20:31:59.787782+00:00,2026-06-19 20:32:02.577085+00:00
21f43bcc-4d0e-4710-bc09-864b9f1d7b6b,completed,2026-06-19 20:31:57.951082+00:00,2026-06-19 20:32:00.103996+00:00
06e00af0-b43a-41ea-b612-edc97d517b7a,completed,2026-06-19 20:31:58.297868+00:00,2026-06-19 20:32:00.549761+00:00
469427b0-29c3-4519-85f4-f7f6130d6ef6,completed,2026-06-19 20:32:00.013991+00:00,2026-06-19 20:32:02.855042+00:00
e6e247a4-b3c8-4bd2-9686-bade0b04bcf6,completed,2026-06-19 20:32:02.896373+00:00,2026-06-19 20:32:06.778289+00:00
883de14f-3dd3-4f20-9e18-367d6718492d,completed,2026-06-19 20:32:01.027325+00:00,2026-06-19 20:32:04.244285+00:00
44c30175-292e-49e8-b45d-4d128746b59f,completed,2026-06-19 20:32:02.676617+00:00,2026-06-19 20:32:06.495681+00:00
327ed4d9-21bc-4d0e-aa1d-4a7646c32675,completed,2026-06-19 20:32:01.468157+00:00,2026-06-19 20:32:04.860731+00:00
647d07a6-3f4d-4894-a13c-72d7faadff6d,completed,2026-06-19 20:32:03.864052+00:00,2026-06-19 20:32:08.156343+00:00
c2fa4bef-b17e-4fff-923b-f5b1d125ce96,completed,2026-06-19 20:32:03.004464+00:00,2026-06-19 20:32:06.922682+00:00
d4921e80-5468-4b1b-993e-e423f4e0de43,completed,2026-06-19 20:32:05.245275+00:00,2026-06-19 20:32:10.083777+00:00
18b2f7c2-2a1d-45b5-a75a-bb71de47daf3,completed,2026-06-19 20:32:06.706703+00:00,2026-06-19 20:32:12.245060+00:00
4ae47cc0-89e5-4514-a7a2-0210720fe63b,completed,2026-06-19 20:32:07.527425+00:00,2026-06-19 20:32:13.460453+00:00
fa123842-61ff-447d-a33d-e2fe9ae65cdd,completed,2026-06-19 20:32:09.243704+00:00,2026-06-19 20:32:16.010102+00:00
9d0f5487-49f7-4488-8b8a-9f2d9aa7ca6f,completed,2026-06-19 20:32:09.545581+00:00,2026-06-19 20:32:16.438372+00:00
86e2a74b-a34e-4dfe-b562-dd55db7ee63a,completed,2026-06-19 20:32:09.748617+00:00,2026-06-19 20:32:16.724923+00:00
a3570041-ee97-43b3-af28-c264007c542e,completed,2026-06-19 20:32:10.346102+00:00,2026-06-19 20:32:17.618444+00:00
4caa5fa2-a54e-4beb-939e-0f8a1fd6dfb5,completed,2026-06-19 20:32:11.045887+00:00,2026-06-19 20:32:18.665480+00:00
ad8e9a40-7830-4a77-9925-6312fceb53e2,completed,2026-06-19 20:32:03.998361+00:00,2026-06-19 20:32:08.336173+00:00
1d197bdb-d6df-445f-9f6d-b1c743865934,completed,2026-06-19 20:31:55.370622+00:00,2026-06-19 20:31:56.804583+00:00
8c87dbf7-09a6-4e18-b24f-46a529068631,completed,2026-06-19 20:31:55.733959+00:00,2026-06-19 20:31:57.301117+00:00
c58cd28a-273a-4b85-88f3-2d4d36537a7f,completed,2026-06-19 20:32:00.155519+00:00,2026-06-19 20:32:03.083840+00:00
e84a95fd-e8ee-49f8-aa38-697e83254e84,completed,2026-06-19 20:31:56.687101+00:00,2026-06-19 20:31:58.494117+00:00
74c4c9be-6b89-48dd-8c76-383408741925,completed,2026-06-19 20:32:03.030809+00:00,2026-06-19 20:32:07.014450+00:00
7d6f338d-8c3e-47cb-92bc-84777457dc87,completed,2026-06-19 20:31:58.095370+00:00,2026-06-19 20:32:00.293762+00:00
848e1cb3-6a2a-4e1d-bdc3-b433946e079f,completed,2026-06-19 20:32:00.268516+00:00,2026-06-19 20:32:03.231064+00:00
da49b371-0c65-468c-820d-1165173150ac,completed,2026-06-19 20:31:58.904791+00:00,2026-06-19 20:32:01.326523+00:00
a629a1c2-d3d9-4d58-8723-cf3e16e68751,completed,2026-06-19 20:31:59.133618+00:00,2026-06-19 20:32:01.713827+00:00
ade5202e-93cb-4623-b35d-4dc86966cab0,completed,2026-06-19 20:31:59.254122+00:00,2026-06-19 20:32:01.900457+00:00
8119a744-e3ab-4c6a-901b-c7d2d3820ed4,completed,2026-06-19 20:32:11.071123+00:00,2026-06-19 20:32:18.689835+00:00
29405940-2839-4248-8c1a-bc6d45ac5d1d,completed,2026-06-19 20:31:59.704881+00:00,2026-06-19 20:32:02.496077+00:00
7b4f40ac-6e07-43ec-94da-02a7bc4a982c,completed,2026-06-19 20:32:00.721117+00:00,2026-06-19 20:32:03.842441+00:00
4b015412-1427-45b1-bd31-15a73d80efad,completed,2026-06-19 20:31:59.932660+00:00,2026-06-19 20:32:02.787507+00:00
7681007b-ee81-4b3d-b570-1be70419b86f,completed,2026-06-19 20:32:03.353497+00:00,2026-06-19 20:32:07.445109+00:00
0d4a3ba0-8e15-4674-ac96-1f583b047220,completed,2026-06-19 20:32:01.606183+00:00,2026-06-19 20:32:05.005110+00:00
73d97cdc-bc47-42e1-bf48-e509e0b3fd71,completed,2026-06-19 20:32:04.424006+00:00,2026-06-19 20:32:08.948791+00:00
4c21ab13-3314-4f2b-8a09-62358330c786,completed,2026-06-19 20:32:02.047561+00:00,2026-06-19 20:32:05.613458+00:00
9bc5b918-04cb-4df6-a55f-89450ab0d090,completed,2026-06-19 20:32:03.677086+00:00,2026-06-19 20:32:07.872873+00:00
bbaf6198-d96e-4487-93d1-af80ab54cada,completed,2026-06-19 20:32:05.691192+00:00,2026-06-19 20:32:10.723188+00:00
101fd3ec-3ab8-4ce2-845f-f7b4994004dc,completed,2026-06-19 20:32:04.637958+00:00,2026-06-19 20:32:09.230058+00:00
b03b86f5-993f-48a2-b8e5-5d1e089a161e,completed,2026-06-19 20:32:06.327543+00:00,2026-06-19 20:32:11.655432+00:00
f24e1ab1-aba2-4be6-a6db-db778f59f3b5,completed,2026-06-19 20:32:06.731616+00:00,2026-06-19 20:32:12.296372+00:00
610bfa01-4eee-4252-be65-713b5418af22,completed,2026-06-19 20:32:10.268565+00:00,2026-06-19 20:32:17.538093+00:00
59f67edf-70e9-4422-b667-5135eecd30f4,completed,2026-06-19 20:32:10.973125+00:00,2026-06-19 20:32:18.558632+00:00
31873399-92dd-4ca7-a7e3-6b27208a8868,completed,2026-06-19 20:32:11.268335+00:00,2026-06-19 20:32:19.000434+00:00
65fd5435-8b8c-49b2-a7a0-e2243d27d35f,completed,2026-06-19 20:32:11.469307+00:00,2026-06-19 20:32:19.345638+00:00
e8694185-91ae-48a3-a72c-e0661cc8ec25,completed,2026-06-19 20:32:11.868672+00:00,2026-06-19 20:32:19.917868+00:00
966d4a50-6d33-4efc-9601-a90d0d40ecc2,completed,2026-06-19 20:32:12.276944+00:00,2026-06-19 20:32:20.496440+00:00
2217bc89-7afd-4a3e-8a32-92cdedf1255f,completed,2026-06-19 20:32:12.972371+00:00,2026-06-19 20:32:21.554073+00:00
48c284ea-8f59-4f15-bbed-692dc20b9cb0,completed,2026-06-19 20:32:01.773396+00:00,2026-06-19 20:32:05.249125+00:00
3e2e52d0-0861-4c97-ac69-9da4d3b3d435,completed,2026-06-19 20:31:56.747737+00:00,2026-06-19 20:31:58.567016+00:00
9a653b09-aa88-4e4c-840d-9e51f1431144,completed,2026-06-19 20:32:04.266845+00:00,2026-06-19 20:32:08.692054+00:00
99b900f3-5b57-4518-9630-7e2ab1aa4b7d,completed,2026-06-19 20:31:58.500768+00:00,2026-06-19 20:32:00.865469+00:00
5114f548-f099-4331-a88a-d5506aca5561,completed,2026-06-19 20:31:59.190075+00:00,2026-06-19 20:32:01.743212+00:00
19f77e98-295e-46d3-8416-5fceb7081770,completed,2026-06-19 20:32:02.322206+00:00,2026-06-19 20:32:05.999630+00:00
1aeb0ed4-0a42-461c-a1cb-61a10e49e51e,completed,2026-06-19 20:31:59.985721+00:00,2026-06-19 20:32:02.826387+00:00
6668bef0-0491-41d4-b90e-18d1bb2a71da,completed,2026-06-19 20:32:05.952169+00:00,2026-06-19 20:32:11.106761+00:00
7ebd822c-a5d4-4442-97c6-9572619e5a6f,completed,2026-06-19 20:32:00.548423+00:00,2026-06-19 20:32:03.567402+00:00
e3574e36-089c-46db-943b-27d0d9d6ffba,completed,2026-06-19 20:32:02.648247+00:00,2026-06-19 20:32:06.442182+00:00
bf433237-3f9e-495d-9698-b555c49615a9,completed,2026-06-19 20:32:00.663070+00:00,2026-06-19 20:32:03.745775+00:00
5be546d1-5d58-444a-8764-cfe27c1bc83e,completed,2026-06-19 20:32:04.583989+00:00,2026-06-19 20:32:09.118925+00:00
2ea1241f-f066-43e8-bf52-9b7929a2c125,completed,2026-06-19 20:32:00.772966+00:00,2026-06-19 20:32:03.921784+00:00
415b34a8-ef40-4588-b62b-315ff466d39f,completed,2026-06-19 20:32:02.870100+00:00,2026-06-19 20:32:06.743776+00:00
d07d10a4-81a9-4ee6-823f-d2bdece16ffc,completed,2026-06-19 20:32:04.691038+00:00,2026-06-19 20:32:09.252502+00:00
19b234cf-1d87-4b16-a301-8e1adaa1cbf9,completed,2026-06-19 20:32:03.622733+00:00,2026-06-19 20:32:07.816452+00:00
c462dfe0-f5ab-48ef-af82-db051c64bc3d,completed,2026-06-19 20:32:04.159208+00:00,2026-06-19 20:32:08.554881+00:00
17b8edc9-7753-4b48-9b29-65f3cbb2e4ef,completed,2026-06-19 20:32:05.219357+00:00,2026-06-19 20:32:10.051090+00:00
fb83457c-a875-42e5-8d8a-eab5cb3837aa,completed,2026-06-19 20:32:06.987555+00:00,2026-06-19 20:32:12.657949+00:00
5bf2a5bf-e90a-4553-8022-9e2c8f1acc49,completed,2026-06-19 20:32:09.917524+00:00,2026-06-19 20:32:16.974133+00:00
48750cd1-57b2-4c89-a910-fa1e576658c6,completed,2026-06-19 20:32:10.518783+00:00,2026-06-19 20:32:17.839498+00:00
d859205b-1f32-4659-97ff-204ab5b2e38e,completed,2026-06-19 20:32:10.619158+00:00,2026-06-19 20:32:17.981068+00:00
abefed1d-373b-4161-88c8-018372320be4,completed,2026-06-19 20:32:10.719160+00:00,2026-06-19 20:32:18.135401+00:00
c76046ba-4d5b-46ab-8c92-1ce19d3f9f4c,completed,2026-06-19 20:32:11.320024+00:00,2026-06-19 20:32:19.026852+00:00
82028791-0733-40b4-9f08-39b153d2706a,completed,2026-06-19 20:32:11.521472+00:00,2026-06-19 20:32:19.324810+00:00
201234d7-065d-4327-a48a-7b5630dd2781,completed,2026-06-19 20:32:11.639623+00:00,2026-06-19 20:32:19.501329+00:00
c3ac1de0-d9fe-466c-a7dc-61c4008d0f4a,completed,2026-06-19 20:32:11.818236+00:00,2026-06-19 20:32:19.809451+00:00
7f86be25-455a-45a0-a4ca-26e20093c17a,completed,2026-06-19 20:32:12.027921+00:00,2026-06-19 20:32:20.114400+00:00
66dce06c-630b-45fd-9a7b-36ca756cfbd6,completed,2026-06-19 20:32:12.618356+00:00,2026-06-19 20:32:21.020549+00:00
4c629570-606f-4c8b-bf93-15c0f9ff9e5e,completed,2026-06-19 20:32:13.219667+00:00,2026-06-19 20:32:21.910821+00:00
d34244dc-28d1-4474-aed4-0ede0deff005,completed,2026-06-19 20:32:13.418197+00:00,2026-06-19 20:32:22.206468+00:00
2b38be27-4b2d-4210-a608-41a26fb3bfdf,completed,2026-06-19 20:32:14.195159+00:00,2026-06-19 20:32:23.328586+00:00
a8c7efb1-8991-4bf7-970d-a28787693656,completed,2026-06-19 20:32:10.593734+00:00,2026-06-19 20:32:17.972872+00:00
c0e9dbd5-170f-403a-a4dc-41c0861dc474,completed,2026-06-19 20:32:12.692873+00:00,2026-06-19 20:32:21.133003+00:00
1a96bf09-de3b-406f-b2f8-6626fdf1b229,completed,2026-06-19 20:32:11.294427+00:00,2026-06-19 20:32:19.020860+00:00
7c8d3042-ecf4-4f5c-b109-e68286b30693,completed,2026-06-19 20:32:13.794536+00:00,2026-06-19 20:32:22.785187+00:00
8e907375-792f-42ac-b070-c7756947a315,completed,2026-06-19 20:32:11.793006+00:00,2026-06-19 20:32:19.785540+00:00
7e735f27-b283-44d9-9bb2-24d4d861b1a1,completed,2026-06-19 20:32:13.095508+00:00,2026-06-19 20:32:21.718855+00:00
f69c42f3-eac5-4178-a606-9e00f4a1380b,completed,2026-06-19 20:32:11.994267+00:00,2026-06-19 20:32:20.089385+00:00
2d9fa6d1-f637-4090-9e6d-9f8f9e07ba89,completed,2026-06-19 20:32:13.292435+00:00,2026-06-19 20:32:22.035627+00:00
a9afa5f4-346e-49b4-8ef0-5960fb6c529f,completed,2026-06-19 20:32:14.594791+00:00,2026-06-19 20:32:23.963164+00:00
0cfd62fc-594b-46f9-b267-e0cef5eb5f33,completed,2026-06-19 20:32:19.897909+00:00,2026-06-19 20:32:32.091416+00:00
35737377-1b54-4f59-86ed-1023363e36a6,completed,2026-06-19 20:32:14.693758+00:00,2026-06-19 20:32:24.110138+00:00
c67e81ca-f996-4605-86a6-96a8613c340a,completed,2026-06-19 20:32:15.292650+00:00,2026-06-19 20:32:25.022852+00:00
6de9ebb5-5496-4636-9f30-638720c63421,completed,2026-06-19 20:32:15.493093+00:00,2026-06-19 20:32:25.322201+00:00
a72fc36c-9837-49d0-a3be-f2820d9c04db,completed,2026-06-19 20:32:15.993163+00:00,2026-06-19 20:32:26.001189+00:00
5d4b0ee2-5d4b-4ab9-95cf-4b08c656641e,completed,2026-06-19 20:32:16.093472+00:00,2026-06-19 20:32:26.138362+00:00
f8f754c0-cd40-413a-8675-1345c7f72df7,completed,2026-06-19 20:32:17.100743+00:00,2026-06-19 20:32:27.713992+00:00
cb247e45-e066-4ecd-8e79-6aefb7a0f4b8,completed,2026-06-19 20:32:17.993290+00:00,2026-06-19 20:32:29.063673+00:00
23a1827c-ae37-4621-882f-5f48e083b174,completed,2026-06-19 20:32:18.994813+00:00,2026-06-19 20:32:30.559381+00:00
aa152536-d0c3-42fd-b918-f6ca6ea8fe28,completed,2026-06-19 20:32:19.593115+00:00,2026-06-19 20:32:31.634479+00:00
4008a560-7568-4c4a-b4c8-10ef2cc603d9,completed,2026-06-19 20:32:19.693395+00:00,2026-06-19 20:32:31.798626+00:00
e4b51b77-7cd2-49dd-a2d9-3d18a02560bb,completed,2026-06-19 20:32:19.794477+00:00,2026-06-19 20:32:31.969503+00:00
ca57aca5-0b74-4b8d-a1b1-dcd74244f4ba,completed,2026-06-19 20:32:20.394265+00:00,2026-06-19 20:32:32.863791+00:00
4a0efd3e-ad92-4c99-a533-ea0336300914,completed,2026-06-19 20:32:21.794213+00:00,2026-06-19 20:32:35.126853+00:00
44577233-03dc-4f48-addb-ec884d7998e0,completed,2026-06-19 20:32:21.892390+00:00,2026-06-19 20:32:35.325663+00:00
1f83f9a9-d30d-442f-9545-a5eb84bbd5b0,completed,2026-06-19 20:32:22.292690+00:00,2026-06-19 20:32:35.912321+00:00
bd6f235d-f5de-4438-9671-307f23bf01d4,completed,2026-06-19 20:32:22.893783+00:00,2026-06-19 20:32:36.885443+00:00
739a2f22-2237-45bc-ace5-f4553d693b9e,completed,2026-06-19 20:32:22.994250+00:00,2026-06-19 20:32:37.062897+00:00
8affe2a9-aeb2-4755-bba6-64b99e00dd71,completed,2026-06-19 20:32:23.793874+00:00,2026-06-19 20:32:38.305430+00:00
0bd6f2c8-2e80-4687-a02a-3f4c5499abcb,completed,2026-06-19 20:32:24.493749+00:00,2026-06-19 20:32:39.457489+00:00
63ca973d-dec0-410f-a862-99e53983dc33,completed,2026-06-19 20:32:25.395608+00:00,2026-06-19 20:32:40.845510+00:00
7181b561-d32d-4a78-9535-d807fbaeca47,completed,2026-06-19 20:32:06.082271+00:00,2026-06-19 20:32:11.303458+00:00
4cf6793f-612a-431d-b3ba-2db2fb4d6a52,completed,2026-06-19 20:32:06.496853+00:00,2026-06-19 20:32:11.944132+00:00
82b6e812-3a19-4681-9884-2b38a239c10b,completed,2026-06-19 20:32:11.118391+00:00,2026-06-19 20:32:18.704427+00:00
39de0bd5-3817-452e-b580-8aab4f3957af,completed,2026-06-19 20:32:16.443269+00:00,2026-06-19 20:32:26.750093+00:00
ac1d8f10-16aa-4375-a2ae-78599846fb36,completed,2026-06-19 20:32:13.242653+00:00,2026-06-19 20:32:21.951841+00:00
fda8b5a8-0b5c-4cf6-8f72-197ec9a7ec51,completed,2026-06-19 20:32:11.842480+00:00,2026-06-19 20:32:19.830394+00:00
57fe6390-3142-4056-99fd-b7c0f7eee459,completed,2026-06-19 20:32:12.642074+00:00,2026-06-19 20:32:21.080388+00:00
9cfe707c-37ca-4a1d-8857-147990506b89,completed,2026-06-19 20:32:12.142358+00:00,2026-06-19 20:32:20.260960+00:00
bc8aa395-8f4c-4a2b-890b-750886ad7284,completed,2026-06-19 20:32:12.553198+00:00,2026-06-19 20:32:20.914304+00:00
f9710a08-f8b1-4264-a4b9-29c9db59cabf,completed,2026-06-19 20:32:13.444251+00:00,2026-06-19 20:32:22.281737+00:00
c19acb9a-0770-42ef-a0fb-cb37ac87e921,completed,2026-06-19 20:32:13.343551+00:00,2026-06-19 20:32:22.115626+00:00
2682838b-96f7-40d9-a31c-f4ecf13260e6,completed,2026-06-19 20:32:14.043916+00:00,2026-06-19 20:32:23.136882+00:00
f6578ece-4f69-42c8-9a48-f919c4f87bc2,completed,2026-06-19 20:32:14.243839+00:00,2026-06-19 20:32:23.418894+00:00
f02fc533-aebf-4665-868f-ca8b72604957,completed,2026-06-19 20:32:14.644310+00:00,2026-06-19 20:32:23.987284+00:00
2d0e57d2-1d9f-4e32-a2ff-f04103073f35,completed,2026-06-19 20:32:15.043690+00:00,2026-06-19 20:32:24.591906+00:00
ca229e9f-2a25-4488-8269-85a3fa642661,completed,2026-06-19 20:32:15.142610+00:00,2026-06-19 20:32:24.748243+00:00
a1c17ba9-3f99-4a42-8b5e-7368ac84ce81,completed,2026-06-19 20:32:15.544240+00:00,2026-06-19 20:32:25.326494+00:00
08a97f94-26c8-40f1-acc8-1ca72cdc8bed,completed,2026-06-19 20:32:15.744981+00:00,2026-06-19 20:32:25.643388+00:00
147e9e58-ba82-4f37-98eb-db1c0e98c412,completed,2026-06-19 20:32:17.045199+00:00,2026-06-19 20:32:27.634323+00:00
956b4fb7-ceb7-4a59-a1ce-8069375b9413,completed,2026-06-19 20:32:17.242674+00:00,2026-06-19 20:32:27.920240+00:00
faca1e6f-0589-4106-a791-961851219c37,completed,2026-06-19 20:32:17.744118+00:00,2026-06-19 20:32:28.665078+00:00
3b2f358d-cffe-4b1b-903f-0d7971a040ba,completed,2026-06-19 20:32:18.144512+00:00,2026-06-19 20:32:29.238573+00:00
00ca95e9-9d94-4384-8df1-38f6294045e6,completed,2026-06-19 20:32:18.343960+00:00,2026-06-19 20:32:29.739814+00:00
28e9bc5e-3b25-43b0-8621-d5fe20aa788c,completed,2026-06-19 20:32:19.153381+00:00,2026-06-19 20:32:30.765472+00:00
408828c5-c3c0-4abb-b459-8ffbadbe5569,completed,2026-06-19 20:32:19.243422+00:00,2026-06-19 20:32:30.927315+00:00
d6837bd1-1511-4a97-b124-3e164dcef297,completed,2026-06-19 20:32:19.543164+00:00,2026-06-19 20:32:31.529712+00:00
94d63c2e-d37e-4c2f-8108-70f0e4728778,completed,2026-06-19 20:32:20.144299+00:00,2026-06-19 20:32:32.530191+00:00
22df5c6d-9849-4b4d-9728-09f583face38,completed,2026-06-19 20:32:20.842642+00:00,2026-06-19 20:32:33.602074+00:00
6a96646d-bdaf-4afa-94e7-6c8e2c67b5f8,completed,2026-06-19 20:32:21.243855+00:00,2026-06-19 20:32:34.166205+00:00
90e785ca-35a5-4eff-9f1a-d709b3fed716,completed,2026-06-19 20:32:21.544010+00:00,2026-06-19 20:32:34.628812+00:00
2df0801c-6d12-492c-8f6c-4d56689b4d7e,completed,2026-06-19 20:32:21.642655+00:00,2026-06-19 20:32:34.880420+00:00
502606f5-482e-4a2c-ad40-ccee650f8431,completed,2026-06-19 20:32:22.644680+00:00,2026-06-19 20:32:36.720907+00:00
10ed343a-2be1-431e-bc69-1e8f014bc0d3,completed,2026-06-19 20:32:23.143851+00:00,2026-06-19 20:32:37.264826+00:00
2b62977e-d447-4c77-89dc-195d5fc47126,completed,2026-06-19 20:32:23.344515+00:00,2026-06-19 20:32:37.599637+00:00
eddce00f-1895-4ccd-8be3-0774f76e87e9,completed,2026-06-19 20:32:07.958657+00:00,2026-06-19 20:32:14.049209+00:00
8ce45252-905a-422a-904d-0597adcde627,completed,2026-06-19 20:32:11.542992+00:00,2026-06-19 20:32:19.381816+00:00
8c603b5f-5521-4253-8b4e-4eedb4c2eeb1,completed,2026-06-19 20:32:13.967693+00:00,2026-06-19 20:32:23.025224+00:00
2d9cc517-e04c-4a43-917a-4e2cd627180e,completed,2026-06-19 20:32:13.167679+00:00,2026-06-19 20:32:21.856269+00:00
3160780a-539a-41db-995f-7c559bf56db0,completed,2026-06-19 20:32:13.267435+00:00,2026-06-19 20:32:22.007393+00:00
822810f4-5c08-4477-93d6-389b485b5850,completed,2026-06-19 20:32:13.768779+00:00,2026-06-19 20:32:22.720591+00:00
9417cdcc-8280-45ac-9efb-02acf318056d,completed,2026-06-19 20:32:13.575392+00:00,2026-06-19 20:32:22.422977+00:00
09658d1b-cf44-4a45-9dae-2ef136ecf0de,completed,2026-06-19 20:32:13.870172+00:00,2026-06-19 20:32:22.881265+00:00
239dd89d-9e38-4dee-a97a-44f2afa7cf66,completed,2026-06-19 20:32:14.869224+00:00,2026-06-19 20:32:24.300263+00:00
0a6472a5-a14f-4f29-b6e6-2f5099980cd6,completed,2026-06-19 20:32:20.168366+00:00,2026-06-19 20:32:32.508629+00:00
826eb8f9-5ea4-48ce-982d-6c10164dd488,completed,2026-06-19 20:32:16.469729+00:00,2026-06-19 20:32:26.767498+00:00
07e77e8f-a32b-44e5-8e3f-9e277e53aec9,completed,2026-06-19 20:32:16.770927+00:00,2026-06-19 20:32:27.209338+00:00
81277e97-7bf8-4a5b-9ece-88f8dedb0de2,completed,2026-06-19 20:32:16.868564+00:00,2026-06-19 20:32:27.381184+00:00
798e8ae5-62bf-4747-b2ea-fe26bd366673,completed,2026-06-19 20:32:16.968347+00:00,2026-06-19 20:32:27.532182+00:00
58fa4cec-c841-4a63-90d1-0587129a3c69,completed,2026-06-19 20:32:18.269546+00:00,2026-06-19 20:32:29.460797+00:00
dca1c406-aa75-483d-9928-127b2cdd4fb4,completed,2026-06-19 20:32:18.669061+00:00,2026-06-19 20:32:30.057870+00:00
0d3b23b2-2a0b-4789-8d52-da1a822840c6,completed,2026-06-19 20:32:19.873466+00:00,2026-06-19 20:32:32.031065+00:00
ae4caa22-4a9e-4f30-bcaa-f51bba6f5e9f,completed,2026-06-19 20:32:20.071336+00:00,2026-06-19 20:32:32.392787+00:00
beeab515-5232-42ea-9ade-8c24a5589319,completed,2026-06-19 20:32:20.369306+00:00,2026-06-19 20:32:32.857586+00:00
80a4c1d4-9730-4da6-926d-a4bd331a4847,completed,2026-06-19 20:32:20.469651+00:00,2026-06-19 20:32:33.006184+00:00
076debdf-3cfd-4a8e-8d3d-702326d7f397,completed,2026-06-19 20:32:20.770843+00:00,2026-06-19 20:32:33.461460+00:00
9f387c53-fb88-453d-bda1-70835d78e185,completed,2026-06-19 20:32:21.167493+00:00,2026-06-19 20:32:34.060346+00:00
8a07d803-6dd4-48ea-84f9-eb2bd87681fa,completed,2026-06-19 20:32:22.268687+00:00,2026-06-19 20:32:35.909020+00:00
2f89604b-589a-4171-959d-35a131d62ad7,completed,2026-06-19 20:32:22.673412+00:00,2026-06-19 20:32:36.486110+00:00
2271b61d-dbc3-4bb4-8b19-7c62837a0201,completed,2026-06-19 20:32:22.968677+00:00,2026-06-19 20:32:37.041261+00:00
073e00d1-2915-46f4-a569-24fa7277ed5e,completed,2026-06-19 20:32:23.468564+00:00,2026-06-19 20:32:37.810718+00:00
07642933-cabf-41e0-9158-50b18a89aab9,completed,2026-06-19 20:32:23.967179+00:00,2026-06-19 20:32:38.597116+00:00
72d50c4c-b9a5-4824-8534-a2d8a4407a37,completed,2026-06-19 20:32:24.167817+00:00,2026-06-19 20:32:38.913666+00:00
df0ec90d-a0c6-4f01-92be-894e6410a9ac,completed,2026-06-19 20:32:26.168433+00:00,2026-06-19 20:32:42.049462+00:00
33dc1bd2-470c-4007-bdbc-e2b88d22314e,completed,2026-06-19 20:32:26.368119+00:00,2026-06-19 20:32:42.358334+00:00
a6507813-2d3d-4fa3-a41b-f641656072a6,completed,2026-06-19 20:32:26.969162+00:00,2026-06-19 20:32:43.240663+00:00
5e0dc6f1-fbbb-4a91-8cac-19fbd6ebe0fa,completed,2026-06-19 20:32:17.318420+00:00,2026-06-19 20:32:28.028390+00:00
45b6cd79-7ff5-4e7c-ad83-0bc81c9a7b17,completed,2026-06-19 20:32:14.521295+00:00,2026-06-19 20:32:23.831443+00:00
c4b7296f-51ab-4ea5-a094-d20ffdab4a15,completed,2026-06-19 20:32:15.821572+00:00,2026-06-19 20:32:25.765414+00:00
2a4f0d1f-ae46-400f-8f16-7b073f1bd544,completed,2026-06-19 20:32:14.918001+00:00,2026-06-19 20:32:24.427177+00:00
e0345173-d9b3-47a9-8219-d842c9792fcb,completed,2026-06-19 20:32:15.021701+00:00,2026-06-19 20:32:24.581867+00:00
9ccf5aac-2f06-4c30-98e3-3d95df2bb74f,completed,2026-06-19 20:32:16.820389+00:00,2026-06-19 20:32:27.306046+00:00
0fdbbc8c-ee10-4915-96df-3663fee9f943,completed,2026-06-19 20:32:16.219131+00:00,2026-06-19 20:32:26.408610+00:00
dfdc142d-d366-4050-915e-76877b348fdc,completed,2026-06-19 20:32:18.217887+00:00,2026-06-19 20:32:29.371409+00:00
532e7506-93cb-4d25-b280-8aaeefccf78e,completed,2026-06-19 20:32:18.621838+00:00,2026-06-19 20:32:30.047948+00:00
252fff05-22ec-4e6f-a3b7-19d660263ca5,completed,2026-06-19 20:32:18.723552+00:00,2026-06-19 20:32:30.186058+00:00
07b553d8-640c-4250-868d-9d3930d898af,completed,2026-06-19 20:32:18.819414+00:00,2026-06-19 20:32:30.331742+00:00
cefb9607-18e7-4569-800e-26c0dc0dc6bd,completed,2026-06-19 20:32:19.522808+00:00,2026-06-19 20:32:31.463886+00:00
e0b31935-0721-424a-9159-9e2066f8383b,completed,2026-06-19 20:32:20.020372+00:00,2026-06-19 20:32:32.269171+00:00
a7ea5192-2263-4d9c-825a-a02fff1d01a4,completed,2026-06-19 20:32:20.617547+00:00,2026-06-19 20:32:33.225683+00:00
a0aa5649-c599-453c-b35b-544835ee98ba,completed,2026-06-19 20:32:21.023128+00:00,2026-06-19 20:32:33.790781+00:00
4d958217-8919-4319-99cb-501246d3e214,completed,2026-06-19 20:32:21.218065+00:00,2026-06-19 20:32:34.100648+00:00
4be30934-561a-4b46-9de2-dde0a220cc1b,completed,2026-06-19 20:32:21.419054+00:00,2026-06-19 20:32:34.459949+00:00
3e8ebd4b-0e75-4d7b-8b3c-b68f451d8de8,completed,2026-06-19 20:32:21.520465+00:00,2026-06-19 20:32:34.655495+00:00
8e3257c5-be42-4717-9a9f-c95f73953e6d,completed,2026-06-19 20:32:21.721786+00:00,2026-06-19 20:32:34.987834+00:00
16b65fcb-cf71-4f76-a70d-ca7455e4059c,completed,2026-06-19 20:32:21.918642+00:00,2026-06-19 20:32:35.303921+00:00
ba975306-5c71-4206-b31f-4d1d2fccae24,completed,2026-06-19 20:32:22.620243+00:00,2026-06-19 20:32:36.417955+00:00
73bedc19-ac9f-42c3-9470-1313e6cc43a3,completed,2026-06-19 20:32:22.919597+00:00,2026-06-19 20:32:36.938075+00:00
52aa4baf-9a44-4b79-b1c5-78fb55129d0a,completed,2026-06-19 20:32:24.818085+00:00,2026-06-19 20:32:39.924187+00:00
a4e26d02-692d-41e5-990e-5a59c631c31e,completed,2026-06-19 20:32:25.117598+00:00,2026-06-19 20:32:40.411906+00:00
52c40a0d-89cb-4840-b97f-85ff80db1dc4,completed,2026-06-19 20:32:26.121555+00:00,2026-06-19 20:32:41.946290+00:00
4e180be1-141b-4290-98e3-ecf0e06634fb,completed,2026-06-19 20:32:27.018099+00:00,2026-06-19 20:32:43.395641+00:00
8aa2e709-6336-4a01-8a9e-12a339b1794d,completed,2026-06-19 20:32:27.319572+00:00,2026-06-19 20:32:43.799094+00:00
691dd366-7c02-4a33-8caf-7d6b3c883aaa,completed,2026-06-19 20:32:28.019027+00:00,2026-06-19 20:32:44.863577+00:00
4cf93385-4557-4050-ab64-5ce6b29ce9fa,completed,2026-06-19 20:32:28.219259+00:00,2026-06-19 20:32:45.159664+00:00
1efcf5be-08d0-49ae-abb6-a6a9359bc70c,completed,2026-06-19 20:32:28.917489+00:00,2026-06-19 20:32:46.245404+00:00
e26eb7e4-36ee-4d47-80d0-c3b9dd676981,completed,2026-06-19 20:32:24.445672+00:00,2026-06-19 20:32:39.359073+00:00
5c8aee90-ec3a-4a71-9702-6e70e06d0a11,completed,2026-06-19 20:32:24.643150+00:00,2026-06-19 20:32:39.643782+00:00
0bdee372-0882-4ca5-bc2a-fa879b38b99a,completed,2026-06-19 20:32:25.143100+00:00,2026-06-19 20:32:40.488389+00:00
5671404a-bbcc-4515-abde-b55080910076,completed,2026-06-19 20:32:25.544047+00:00,2026-06-19 20:32:41.072594+00:00
25e00092-4818-400a-89ac-e81dbac74bc8,completed,2026-06-19 20:32:26.643973+00:00,2026-06-19 20:32:42.736581+00:00
43777d87-e31d-46b8-bc54-f25a1849e3d9,completed,2026-06-19 20:32:27.449162+00:00,2026-06-19 20:32:44.000260+00:00
d8a7541b-a438-40d3-af84-15f3cc8431e0,completed,2026-06-19 20:32:28.942583+00:00,2026-06-19 20:32:46.293089+00:00
e786aa76-4180-4506-8114-77a0ce14a1a3,completed,2026-06-19 20:32:29.656081+00:00,2026-06-19 20:32:47.355671+00:00
3553d687-6484-44f1-8af3-1a142f56a097,completed,2026-06-19 20:32:27.193936+00:00,2026-06-19 20:32:43.612157+00:00
520d8bb0-b60e-4dd7-9ed9-59b1ce468c6f,completed,2026-06-19 20:32:27.895335+00:00,2026-06-19 20:32:44.691858+00:00
171af5f3-871a-409e-8acf-0e4772f9901d,completed,2026-06-19 20:32:28.194944+00:00,2026-06-19 20:32:45.107099+00:00
db8ea85b-3ae2-449c-99a4-d1e6b22b6b2e,completed,2026-06-19 20:32:28.393327+00:00,2026-06-19 20:32:45.435740+00:00
5adb1fe7-d882-4f14-90f6-de9191ac317d,completed,2026-06-19 20:32:28.508648+00:00,2026-06-19 20:32:45.586739+00:00
e3857427-c2b6-4d77-b382-e933e94415ef,completed,2026-06-19 20:32:28.891738+00:00,2026-06-19 20:32:46.222105+00:00
31898d74-24aa-48c5-9993-6da0409873dc,completed,2026-06-19 20:32:19.268904+00:00,2026-06-19 20:32:31.042906+00:00
86093e79-b6c4-40a9-8ede-b50923901445,completed,2026-06-19 20:32:19.842759+00:00,2026-06-19 20:32:32.074621+00:00
d5a3f292-9742-4bdc-a5fa-5be76bdc6ffe,completed,2026-06-19 20:32:31.418891+00:00,2026-06-19 20:32:49.971550+00:00
6826569f-3cd3-4ecd-bc10-226814b035d5,completed,2026-06-19 20:32:27.369287+00:00,2026-06-19 20:32:43.854213+00:00
d39ca0a8-295e-4579-88e2-a4e2f4b07809,completed,2026-06-19 20:32:27.469367+00:00,2026-06-19 20:32:43.996947+00:00
9e64f0e2-1f3f-41b6-bada-eb2cffb81253,completed,2026-06-19 20:32:27.968134+00:00,2026-06-19 20:32:44.811408+00:00
8fe5ce61-3e0b-4632-b6b6-0fa9bff061a6,completed,2026-06-19 20:32:28.068652+00:00,2026-06-19 20:32:44.963763+00:00
068c9ea9-6d4a-4c9f-a41d-e4c41c4ef0ab,completed,2026-06-19 20:32:28.972052+00:00,2026-06-19 20:32:46.336735+00:00
43d6c347-5daa-47bd-b09c-6ade846d151e,completed,2026-06-19 20:32:29.168351+00:00,2026-06-19 20:32:46.627625+00:00
121071e7-882c-4d0b-af61-66a118817a84,completed,2026-06-19 20:32:29.568842+00:00,2026-06-19 20:32:47.210313+00:00
60775fcb-0125-41e5-96be-61fd6b54e1a3,completed,2026-06-19 20:32:29.694886+00:00,2026-06-19 20:32:47.441570+00:00
fa13bf6d-7f68-4efb-a30c-430e6cde1156,completed,2026-06-19 20:32:29.898001+00:00,2026-06-19 20:32:47.719284+00:00
9492cab4-41a3-44b4-8448-3ee876622e53,completed,2026-06-19 20:32:30.419066+00:00,2026-06-19 20:32:48.519472+00:00
a5246073-e7a8-4082-9b38-21ea10568e05,completed,2026-06-19 20:32:30.693171+00:00,2026-06-19 20:32:48.946460+00:00
27cbcb38-5d0e-41cf-9664-4052677e0333,completed,2026-06-19 20:32:30.894252+00:00,2026-06-19 20:32:49.236452+00:00
2bb27320-b1aa-4e21-87be-ca0d978701f1,completed,2026-06-19 20:32:31.268841+00:00,2026-06-19 20:32:49.781392+00:00
8f76ebca-c73f-4d14-8ca1-9e1917eac4b8,completed,2026-06-19 20:32:31.694102+00:00,2026-06-19 20:32:50.387615+00:00
31e7bcba-d9b7-494e-9668-35a2cc278a5c,completed,2026-06-19 20:32:31.393162+00:00,2026-06-19 20:32:49.939053+00:00
fa2ea446-ab67-4c2b-9caf-f45f17380ec5,completed,2026-06-19 20:32:31.518044+00:00,2026-06-19 20:32:50.104986+00:00
acaf2bbb-9ee0-4d35-bebc-57be2c03e912,completed,2026-06-19 20:32:31.642625+00:00,2026-06-19 20:32:50.353835+00:00
c89ad654-35b7-4b2b-87a7-0f70d85d3775,completed,2026-06-19 20:32:31.817457+00:00,2026-06-19 20:32:50.525663+00:00
bbcc610e-2ee3-46fe-b0c2-b50daaa2fef8,completed,2026-06-19 20:32:32.042577+00:00,2026-06-19 20:32:50.940198+00:00
87ec1697-8454-437c-af3f-d0cf2baa0ae1,completed,2026-06-19 20:32:31.894721+00:00,2026-06-19 20:32:50.663237+00:00
3efda385-cde5-4e1e-b776-a9b7140ad782,completed,2026-06-19 20:32:32.245099+00:00,2026-06-19 20:32:51.223514+00:00
fad1776b-f335-44c4-b12c-58b62da310f9,completed,2026-06-19 20:32:31.949987+00:00,2026-06-19 20:32:50.801024+00:00
7b326309-54ac-403a-89ef-bfa196ef0186,completed,2026-06-19 20:32:31.993877+00:00,2026-06-19 20:32:50.818281+00:00
b6748595-4371-4cbd-a22c-8cca6f4b86ca,completed,2026-06-19 20:32:32.467289+00:00,2026-06-19 20:32:51.534509+00:00
39e421ec-71c2-4d24-b042-9c955c63a289,completed,2026-06-19 20:32:32.592892+00:00,2026-06-19 20:32:51.682361+00:00
b2741020-0b32-48d4-a72f-ad0bcb836741,completed,2026-06-19 20:32:32.672999+00:00,2026-06-19 20:32:51.846367+00:00
4214df32-5114-490e-97c2-7eeea097c800,completed,2026-06-19 20:32:32.819290+00:00,2026-06-19 20:32:52.093876+00:00
bb57defe-8077-4286-abd7-b704931d6b8a,completed,2026-06-19 20:32:34.621138+00:00,2026-06-19 20:32:54.762418+00:00
a243e860-d470-4884-bb38-f466a8154ac3,completed,2026-06-19 20:32:34.119370+00:00,2026-06-19 20:32:54.001775+00:00
ec789176-582b-4f94-a7a4-715dcb7a2c66,completed,2026-06-19 20:32:34.518224+00:00,2026-06-19 20:32:54.645648+00:00
113c60b3-2fde-44aa-a642-6123c3d0b004,completed,2026-06-19 20:32:34.718438+00:00,2026-06-19 20:32:54.895137+00:00
5c6cb7d1-95c1-47c4-86b7-07798c79adb5,completed,2026-06-19 20:32:35.818440+00:00,2026-06-19 20:32:56.532646+00:00
f37f69d2-f7de-4548-8f74-2ac8034519a3,completed,2026-06-19 20:32:37.017718+00:00,2026-06-19 20:32:58.330677+00:00
e8945753-923b-41f3-9166-c9568726f407,completed,2026-06-19 20:32:38.520845+00:00,2026-06-19 20:33:00.571940+00:00
57ab2c58-0ed1-400a-87af-9f6601ec4d9d,completed,2026-06-19 20:32:39.017691+00:00,2026-06-19 20:33:01.337866+00:00
2eb27fc2-4b45-4b7a-97a3-12d1cabe4fd8,completed,2026-06-19 20:32:39.519932+00:00,2026-06-19 20:33:02.103008+00:00
6c8ed2f9-2fb8-41e9-9740-0b0149e7a6b2,completed,2026-06-19 20:32:40.316665+00:00,2026-06-19 20:33:03.407040+00:00
d2dd0257-872e-4738-9d14-afa6d8a157f4,completed,2026-06-19 20:32:40.419902+00:00,2026-06-19 20:33:03.591655+00:00
6d2cba45-b3bc-494e-934e-1928d8d27676,completed,2026-06-19 20:32:40.826090+00:00,2026-06-19 20:33:04.119817+00:00
1e3fcba4-e866-4024-8140-29baf0649eaa,completed,2026-06-19 20:32:41.618055+00:00,2026-06-19 20:33:05.319896+00:00
d0a1e9ed-ce65-47ea-8425-b0257e68c9c8,completed,2026-06-19 20:32:42.517455+00:00,2026-06-19 20:33:06.713244+00:00
13c439ab-57de-4766-8f0c-62960b8df20e,completed,2026-06-19 20:32:43.425215+00:00,2026-06-19 20:33:08.105482+00:00
3d3ba4eb-2380-4760-ac11-5b6917583ad7,completed,2026-06-19 20:32:44.517498+00:00,2026-06-19 20:33:09.718156+00:00
c58c9a2d-b1ed-4755-bccc-9d1a2c069e8c,completed,2026-06-19 20:32:45.624427+00:00,2026-06-19 20:33:11.366112+00:00
59e017e8-c843-4225-af84-701ad16bcca1,completed,2026-06-19 20:32:46.619503+00:00,2026-06-19 20:33:12.815094+00:00
0d68b80b-6b2d-4018-879c-44af9f8529d2,completed,2026-06-19 20:32:46.716923+00:00,2026-06-19 20:33:12.946478+00:00
240470a7-e715-448c-9ae0-18c8eeaae017,completed,2026-06-19 20:32:47.318433+00:00,2026-06-19 20:33:13.820614+00:00
0daea4ff-9e01-4bdd-82dc-2e96cd432d2c,completed,2026-06-19 20:32:47.718132+00:00,2026-06-19 20:33:14.436912+00:00
61f59477-0dd1-47a9-85d8-8dc90cd896f8,completed,2026-06-19 20:32:48.517523+00:00,2026-06-19 20:33:15.660248+00:00
f82a32d2-cd68-41b3-b607-6dc4cc035084,completed,2026-06-19 20:32:49.923666+00:00,2026-06-19 20:33:17.674441+00:00
81f0bbaf-022e-4516-aa75-929513029167,completed,2026-06-19 20:32:50.317125+00:00,2026-06-19 20:33:18.232286+00:00
84394f0c-2e38-4779-abc2-83e62d994658,completed,2026-06-19 20:32:50.417484+00:00,2026-06-19 20:33:18.379760+00:00
d04d8931-a04a-4953-bb62-47323e8d063e,completed,2026-06-19 20:32:50.517614+00:00,2026-06-19 20:33:18.534396+00:00
076e0c3b-32f2-4b86-b14d-4dc063566b50,completed,2026-06-19 20:32:51.118401+00:00,2026-06-19 20:33:19.388538+00:00
0296e442-4915-4530-8ffb-d02656b9c7e4,completed,2026-06-19 20:32:51.317785+00:00,2026-06-19 20:33:19.682455+00:00
403dd87e-b712-41ff-bf67-fa7d72f45179,completed,2026-06-19 20:32:51.817562+00:00,2026-06-19 20:33:20.451665+00:00
458b2570-a217-44df-9b38-a5fe2ac688d7,completed,2026-06-19 20:32:51.918270+00:00,2026-06-19 20:33:20.637676+00:00
cca16980-39fb-43b3-a8e9-7fad328c5fa7,completed,2026-06-19 20:32:34.093332+00:00,2026-06-19 20:32:54.008044+00:00
d7d7b9fc-1920-4ff0-92ef-c1b500b5bb22,completed,2026-06-19 20:32:32.994247+00:00,2026-06-19 20:32:52.354105+00:00
23052db4-4098-4914-85db-66c5fe9f9941,completed,2026-06-19 20:32:33.693609+00:00,2026-06-19 20:32:53.378079+00:00
02d90ea2-2329-4cce-b04b-0d71ed56f60d,completed,2026-06-19 20:32:33.793883+00:00,2026-06-19 20:32:53.554055+00:00
68086ba4-d087-4604-86cb-2af5ef576923,completed,2026-06-19 20:32:33.993068+00:00,2026-06-19 20:32:53.868238+00:00
889bd0a5-22fe-49cb-a8be-db4cd912dbee,completed,2026-06-19 20:32:37.095168+00:00,2026-06-19 20:32:58.432702+00:00
95aa5d01-a9f2-4426-aa60-74d330102afb,completed,2026-06-19 20:32:34.794077+00:00,2026-06-19 20:32:55.035605+00:00
86a9892e-5370-467a-b6af-c622d5a87402,completed,2026-06-19 20:32:37.399722+00:00,2026-06-19 20:32:58.900344+00:00
c57afa5a-0c07-4920-a5fd-3085a2eb7dcf,completed,2026-06-19 20:32:37.692558+00:00,2026-06-19 20:32:59.365121+00:00
325a730e-92ba-4449-bcfe-abcc75ecb08b,completed,2026-06-19 20:32:38.293566+00:00,2026-06-19 20:33:00.244611+00:00
920f80a5-8b98-48e3-af58-cfc6c2a45206,completed,2026-06-19 20:32:38.392877+00:00,2026-06-19 20:33:00.377869+00:00
64dc47ce-6682-4244-add9-31f217c57b6b,completed,2026-06-19 20:32:38.492162+00:00,2026-06-19 20:33:00.564360+00:00
6a7771d0-e10d-484e-905f-1514f5488672,completed,2026-06-19 20:32:38.596357+00:00,2026-06-19 20:33:00.709616+00:00
c54c3059-36f3-4e49-9b1d-0b7616f06bad,completed,2026-06-19 20:32:38.994496+00:00,2026-06-19 20:33:01.334496+00:00
c3161d8b-29a8-42f7-a54e-33a1052b0a3b,completed,2026-06-19 20:32:39.593522+00:00,2026-06-19 20:33:02.239459+00:00
cfe15025-fce2-4355-afaa-d2c6579f84dd,completed,2026-06-19 20:32:40.492021+00:00,2026-06-19 20:33:03.574978+00:00
b916206c-aa51-445c-bf59-f670506723ae,completed,2026-06-19 20:32:40.792173+00:00,2026-06-19 20:33:04.080486+00:00
761b06cf-e153-4921-b31e-ff246d40b7c8,completed,2026-06-19 20:32:43.293372+00:00,2026-06-19 20:33:07.839705+00:00
013292e1-1a36-4fda-991c-333bd2eec350,completed,2026-06-19 20:32:43.494472+00:00,2026-06-19 20:33:08.174020+00:00
615b22c9-908b-488c-9692-69ab6558c3f0,completed,2026-06-19 20:32:44.694281+00:00,2026-06-19 20:33:10.017137+00:00
366e8530-5c77-4f37-8125-2cb15eb6cee3,completed,2026-06-19 20:32:45.393285+00:00,2026-06-19 20:33:11.042781+00:00
36dc103e-7786-447c-bf00-779ab239d573,completed,2026-06-19 20:32:45.608809+00:00,2026-06-19 20:33:11.307247+00:00
430053cd-a8d6-40ab-80c7-8c825ac96c71,completed,2026-06-19 20:32:46.793301+00:00,2026-06-19 20:33:13.062651+00:00
19154ad8-499f-426a-9440-118ac9181679,completed,2026-06-19 20:32:47.604533+00:00,2026-06-19 20:33:14.280086+00:00
ee2952f8-32c4-4af5-a84b-f6035536faf2,completed,2026-06-19 20:32:47.794756+00:00,2026-06-19 20:33:14.587648+00:00
41a7aafe-8b38-4ca4-8e1b-f541346e9616,completed,2026-06-19 20:32:48.792424+00:00,2026-06-19 20:33:15.985726+00:00
6d0fcd22-90d3-44fc-babf-355e5f25c4ad,completed,2026-06-19 20:32:49.592715+00:00,2026-06-19 20:33:17.140602+00:00
b6c6d6ac-81e3-4660-bcfb-670caf505aea,completed,2026-06-19 20:32:50.093575+00:00,2026-06-19 20:33:17.899841+00:00
dae90afe-a020-4c20-a46b-e2f8121f8db5,completed,2026-06-19 20:32:51.793265+00:00,2026-06-19 20:33:20.370668+00:00
45d881b4-d320-4496-97f0-970ef22f92e6,completed,2026-06-19 20:32:52.193744+00:00,2026-06-19 20:33:21.043054+00:00
80ceb50e-fd97-4084-8e4e-ca18363222b5,completed,2026-06-19 20:32:20.694661+00:00,2026-06-19 20:32:33.321735+00:00
003be713-c2f3-437f-9125-6d9d4149eecc,completed,2026-06-19 20:32:22.368521+00:00,2026-06-19 20:32:36.055624+00:00
48467cde-1b99-4bde-9662-a06ac8bf50df,completed,2026-06-19 20:32:24.346752+00:00,2026-06-19 20:32:39.196712+00:00
cc83ac72-b79e-4bd2-8a13-c77809b9e5d5,completed,2026-06-19 20:32:28.669257+00:00,2026-06-19 20:32:45.877781+00:00
c732af00-d4f3-4890-9d7b-bfc1155080d8,completed,2026-06-19 20:32:33.342918+00:00,2026-06-19 20:32:52.864747+00:00
bb24bdac-9a8b-4986-9ea6-7dd7a84d3c1e,completed,2026-06-19 20:32:33.168176+00:00,2026-06-19 20:32:52.611762+00:00
69192782-7621-4515-939e-7deea323825a,completed,2026-06-19 20:32:33.870397+00:00,2026-06-19 20:32:53.653884+00:00
94579c58-5546-440f-b8ee-365e7e17c285,completed,2026-06-19 20:32:36.168077+00:00,2026-06-19 20:32:57.084527+00:00
3916e835-979e-4f7f-8141-e84da80bf485,completed,2026-06-19 20:32:36.268628+00:00,2026-06-19 20:32:57.228819+00:00
f7503be8-0384-4464-a05a-25113ae0e559,completed,2026-06-19 20:32:36.969494+00:00,2026-06-19 20:32:58.271215+00:00
b3b59c4f-b4d4-4ff4-aa69-a48c916b26bf,completed,2026-06-19 20:32:37.068020+00:00,2026-06-19 20:32:58.422022+00:00
db6266e0-98c1-4790-bc2b-5033d75278c3,completed,2026-06-19 20:32:37.371092+00:00,2026-06-19 20:32:58.876529+00:00
9e83d58a-8b06-4b57-9a1f-6a14cf64d52d,completed,2026-06-19 20:32:38.069724+00:00,2026-06-19 20:32:59.908522+00:00
2acc77da-6b62-47a9-bc7f-a5ad9adf51b3,completed,2026-06-19 20:32:38.268077+00:00,2026-06-19 20:33:00.238006+00:00
6d9e85e5-b791-451e-93b7-f053750ba5be,completed,2026-06-19 20:32:39.167548+00:00,2026-06-19 20:33:01.552990+00:00
cf118fce-4dcf-45a0-a9c0-a600449bbf8b,completed,2026-06-19 20:32:39.771095+00:00,2026-06-19 20:33:02.536830+00:00
b2504be2-cbdc-47e3-99d1-cffc8facc8a0,completed,2026-06-19 20:32:39.967446+00:00,2026-06-19 20:33:02.830117+00:00
3c8a0846-3060-4df4-a708-ff71fbfba560,completed,2026-06-19 20:32:40.068165+00:00,2026-06-19 20:33:02.978489+00:00
fb5b5220-4901-46b9-9606-044008bedf40,completed,2026-06-19 20:32:40.473742+00:00,2026-06-19 20:33:03.567216+00:00
f18747b8-e3e5-44a6-8c9e-5efc6e8ed13f,completed,2026-06-19 20:32:40.969026+00:00,2026-06-19 20:33:04.359758+00:00
c9eb36d2-2b52-4bfe-a081-8f5bd7283bfc,completed,2026-06-19 20:32:41.668675+00:00,2026-06-19 20:33:05.439806+00:00
bdab3e24-b3d5-4a65-b3e2-6e72e42d3f44,completed,2026-06-19 20:32:42.269003+00:00,2026-06-19 20:33:06.316939+00:00
688c2218-7e69-43d9-9376-8d8cf9eda43c,completed,2026-06-19 20:32:43.268930+00:00,2026-06-19 20:33:07.843829+00:00
9916795d-2b2d-46ea-a3d0-4f0fcf9b1b2e,completed,2026-06-19 20:32:43.667755+00:00,2026-06-19 20:33:08.418608+00:00
c044273e-8fc7-4170-879d-b06ea00dfe23,completed,2026-06-19 20:32:44.069461+00:00,2026-06-19 20:33:08.982618+00:00
707d6f5e-c55f-4b9e-8ce0-d8469ba52718,completed,2026-06-19 20:32:44.468554+00:00,2026-06-19 20:33:09.576570+00:00
dba3f934-2fc0-4144-a569-f5d81fabb1ef,completed,2026-06-19 20:32:45.471119+00:00,2026-06-19 20:33:11.103303+00:00
e4b74776-10e4-44ca-939b-c7fe23749583,completed,2026-06-19 20:32:46.168432+00:00,2026-06-19 20:33:12.171734+00:00
ed550e9f-6740-4461-8851-04fa06167e87,completed,2026-06-19 20:32:46.969210+00:00,2026-06-19 20:33:13.358051+00:00
feb9da96-e775-46d4-ab9c-57a82f1fb890,completed,2026-06-19 20:32:47.567743+00:00,2026-06-19 20:33:14.247358+00:00
42699f12-25c7-4acc-a614-c6f455741094,completed,2026-06-19 20:32:20.817863+00:00,2026-06-19 20:32:33.505187+00:00
53409bf3-c347-4a38-8794-870b64bd922b,completed,2026-06-19 20:32:23.418762+00:00,2026-06-19 20:32:37.716580+00:00
f96d83a3-aea8-41ef-b38f-9322e9e651b9,completed,2026-06-19 20:32:29.120420+00:00,2026-06-19 20:32:46.528343+00:00
11074d3b-d82f-4fc6-b975-6ef864e23bf5,completed,2026-06-19 20:32:37.244723+00:00,2026-06-19 20:32:58.728164+00:00
05bdecfc-fc86-430d-ad42-3ca96878c27d,completed,2026-06-19 20:32:33.746000+00:00,2026-06-19 20:32:53.427406+00:00
9524ccc2-af92-4f08-986b-e7934d603d44,completed,2026-06-19 20:32:33.943086+00:00,2026-06-19 20:32:53.723816+00:00
71e63d94-a380-49fa-8bc8-293f6eb924d0,completed,2026-06-19 20:32:34.643104+00:00,2026-06-19 20:32:54.801975+00:00
6dcc4d07-dcb8-4ae2-ae04-17aca9fd3e69,completed,2026-06-19 20:32:34.945118+00:00,2026-06-19 20:32:55.246076+00:00
79989a05-1361-4d3a-a810-eb608507300c,completed,2026-06-19 20:32:36.044094+00:00,2026-06-19 20:32:56.910140+00:00
45c292e6-b9fc-4d07-80ee-9669d725d812,completed,2026-06-19 20:32:36.243248+00:00,2026-06-19 20:32:57.197553+00:00
5384b786-e06e-411c-b5d1-5bf3aababd32,completed,2026-06-19 20:32:36.743506+00:00,2026-06-19 20:32:57.905095+00:00
0b4981b2-9846-4f09-bea7-5b24bcbacd32,completed,2026-06-19 20:32:37.145086+00:00,2026-06-19 20:32:58.613186+00:00
dd3d4f39-67ac-4805-870a-322e8cbaa5f2,completed,2026-06-19 20:32:37.543967+00:00,2026-06-19 20:32:59.167153+00:00
faff9a9e-ecb6-4e06-a16c-dd77d649fd07,completed,2026-06-19 20:32:37.744096+00:00,2026-06-19 20:32:59.455314+00:00
9179e941-7d4b-452b-8a23-112c3e9091a7,completed,2026-06-19 20:32:38.166013+00:00,2026-06-19 20:33:00.018885+00:00
e4a3b42f-bb3a-4f6f-90ba-c698ba93cfea,completed,2026-06-19 20:32:39.042126+00:00,2026-06-19 20:33:01.369783+00:00
5c58c0dc-e20a-45cf-9ae1-54929692a8c0,completed,2026-06-19 20:32:40.043389+00:00,2026-06-19 20:33:02.919006+00:00
0e353daf-637e-4edf-b18f-a89a78634d4b,completed,2026-06-19 20:32:40.143454+00:00,2026-06-19 20:33:03.119760+00:00
e57a356d-d301-4398-b078-7d1adefd2077,completed,2026-06-19 20:32:41.343666+00:00,2026-06-19 20:33:04.964192+00:00
88cbd1d0-354c-40bf-b6fd-cec51b339026,completed,2026-06-19 20:32:41.443592+00:00,2026-06-19 20:33:05.112905+00:00
e98711ac-631a-49ac-8b0d-528244e052d0,completed,2026-06-19 20:32:41.842537+00:00,2026-06-19 20:33:05.722252+00:00
e9cd8265-3fb4-43f5-810d-0ea931533f67,completed,2026-06-19 20:32:41.945420+00:00,2026-06-19 20:33:05.874480+00:00
9e323a13-7a5f-4363-9531-a000851b7e4f,completed,2026-06-19 20:32:42.242395+00:00,2026-06-19 20:33:06.293299+00:00
54ddfca2-9f0b-4f72-a25f-923e57ffdee7,completed,2026-06-19 20:32:42.541853+00:00,2026-06-19 20:33:06.716791+00:00
b5ba6914-10cf-488b-9a5a-04c3f6a7bf7f,completed,2026-06-19 20:32:42.742953+00:00,2026-06-19 20:33:07.013711+00:00
d699d32c-b41f-41a3-91da-34ae85cac454,completed,2026-06-19 20:32:43.543743+00:00,2026-06-19 20:33:08.259831+00:00
df0bf3b6-5796-4fed-b474-c20b2e4b3546,completed,2026-06-19 20:32:44.042430+00:00,2026-06-19 20:33:08.988015+00:00
d5eb5f5b-ca3e-4a8a-abe7-1c218b908e6f,completed,2026-06-19 20:32:44.344177+00:00,2026-06-19 20:33:09.416152+00:00
6673e06d-0935-4510-b9ab-d45280edf24c,completed,2026-06-19 20:32:45.143133+00:00,2026-06-19 20:33:10.650041+00:00
580c3b72-5fa2-4d0d-b4eb-b07750ee0704,completed,2026-06-19 20:32:45.943472+00:00,2026-06-19 20:33:11.844446+00:00
39408ff1-29c7-4990-9373-66635f5032ba,completed,2026-06-19 20:32:47.742832+00:00,2026-06-19 20:33:14.427510+00:00
8852c1b6-702b-45d5-81ec-4a5dc15df246,failed,2026-06-19 20:32:56.467044+00:00,2026-06-19 20:33:26.471853+00:00
08347ece-d676-452a-aac0-9240b7b305ae,completed,2026-06-19 20:32:48.368867+00:00,2026-06-19 20:33:15.406888+00:00
62994e06-933b-4053-b31d-0cc4374f0f21,completed,2026-06-19 20:32:48.769116+00:00,2026-06-19 20:33:15.972052+00:00
f50c9ca4-f186-4ab5-9916-0308b56d2df2,completed,2026-06-19 20:32:48.968372+00:00,2026-06-19 20:33:16.265742+00:00
04e45230-a393-4a43-a8f1-9bb3b478d107,completed,2026-06-19 20:32:49.368797+00:00,2026-06-19 20:33:16.830164+00:00
91542abc-360d-44ba-ae03-8cd308adb3ac,completed,2026-06-19 20:32:50.068235+00:00,2026-06-19 20:33:17.889117+00:00
7a9af3b6-8856-410e-8b24-1a8c89f2c576,completed,2026-06-19 20:32:50.566992+00:00,2026-06-19 20:33:18.654511+00:00
644dbda9-a423-402a-b8f0-3bc56685fb63,completed,2026-06-19 20:32:51.873219+00:00,2026-06-19 20:33:20.562760+00:00
a0f1f07f-8ef4-416f-9fd7-db4de2bfcb34,completed,2026-06-19 20:32:52.067602+00:00,2026-06-19 20:33:20.794973+00:00
680be37c-8ca8-437c-b55b-300f9f0cad7e,completed,2026-06-19 20:32:52.468017+00:00,2026-06-19 20:33:21.384103+00:00
4ecd0f51-561b-4d47-acef-f76d75225351,completed,2026-06-19 20:32:53.066942+00:00,2026-06-19 20:33:22.305277+00:00
c6c315ea-7bad-4793-8e96-57a03816146b,completed,2026-06-19 20:32:53.167835+00:00,2026-06-19 20:33:22.445834+00:00
fb532b5e-c7e2-4312-8e33-766d83402f89,completed,2026-06-19 20:32:53.770070+00:00,2026-06-19 20:33:23.325868+00:00
f415b5ec-c3c1-47ae-8869-362b7b7810fb,completed,2026-06-19 20:32:54.169136+00:00,2026-06-19 20:33:23.892518+00:00
a9a52223-0683-4243-83d3-4330d865131e,completed,2026-06-19 20:32:54.267112+00:00,2026-06-19 20:33:24.026297+00:00
12e9909a-733f-437f-92b9-0dd1c4d3e107,completed,2026-06-19 20:32:55.471562+00:00,2026-06-19 20:33:25.592301+00:00
d0c6d57b-ee95-4d24-a86a-6dbebebd1800,failed,2026-06-19 20:32:59.769538+00:00,2026-06-19 20:33:29.792197+00:00
eb148ca3-59d3-49be-9cb7-49fd807b778d,completed,2026-06-19 20:32:57.367086+00:00,2026-06-19 20:33:27.485776+00:00
ecf70ec0-61cc-45fe-9165-4a24685439f7,completed,2026-06-19 20:32:57.686935+00:00,2026-06-19 20:33:27.798016+00:00
d72ec964-6957-42ab-b3c0-ea50b0ade1ef,completed,2026-06-19 20:32:58.667398+00:00,2026-06-19 20:33:28.785858+00:00
8be6cb69-9725-42d2-beb2-f54b441c28a7,failed,2026-06-19 20:32:59.968386+00:00,2026-06-19 20:33:29.969815+00:00
73fb5de0-f2df-443d-8677-695dc9309646,failed,2026-06-19 20:33:01.566756+00:00,2026-06-19 20:33:31.595544+00:00
c5737e85-1786-4c55-b6ca-2aa8d07e0d24,completed,2026-06-19 20:33:00.071000+00:00,2026-06-19 20:33:30.224505+00:00
c4eff6ab-534c-461f-a50a-e4cf3009ceaf,completed,2026-06-19 20:33:00.767370+00:00,2026-06-19 20:33:30.893810+00:00
529dbaa8-e5b7-4ced-b4ff-ee13466eb115,completed,2026-06-19 20:33:01.368659+00:00,2026-06-19 20:33:31.478205+00:00
d794c9be-1389-4d23-9f75-b0d36aafb94a,failed,2026-06-19 20:33:01.868062+00:00,2026-06-19 20:33:31.899436+00:00
264763a3-c784-4343-8457-3ed338054ce3,failed,2026-06-19 20:33:02.169319+00:00,2026-06-19 20:33:32.183745+00:00
dc385571-9447-4008-b031-9ee39e3169c6,failed,2026-06-19 20:33:02.467285+00:00,2026-06-19 20:33:32.487945+00:00
6c4b4c33-f439-4435-8a5a-7e2ac93a933b,completed,2026-06-19 20:33:04.267001+00:00,2026-06-19 20:33:34.333191+00:00
6a93c3e1-09ff-4e8c-ab17-84939eaee550,completed,2026-06-19 20:33:05.267453+00:00,2026-06-19 20:33:35.413587+00:00
3ea526d6-7650-4c8e-a6f3-e435ed617582,failed,2026-06-19 20:32:55.142566+00:00,2026-06-19 20:33:25.159543+00:00
733a9958-6dca-4fbd-924b-244023c863e1,completed,2026-06-19 20:32:50.842323+00:00,2026-06-19 20:33:18.998257+00:00
4fe2545d-bc64-4cc8-b161-35c651827184,completed,2026-06-19 20:32:51.843660+00:00,2026-06-19 20:33:20.493076+00:00
4e484ec9-6843-4fa6-a73d-291f05e9f132,completed,2026-06-19 20:32:52.344746+00:00,2026-06-19 20:33:21.232881+00:00
693fbb2c-829d-4998-8df7-7dba1f4af695,completed,2026-06-19 20:32:53.342077+00:00,2026-06-19 20:33:22.703957+00:00
9e232c92-4f88-4ab0-a14a-0462efbd7aac,failed,2026-06-19 20:32:56.143386+00:00,2026-06-19 20:33:26.155893+00:00
7c91bdc8-2cb9-41a7-8f37-50908860d8f9,completed,2026-06-19 20:32:55.744264+00:00,2026-06-19 20:33:25.880909+00:00
69375666-d104-462c-a97a-d798e231f78f,failed,2026-06-19 20:32:57.442643+00:00,2026-06-19 20:33:27.490059+00:00
8dffa214-7d5b-4cd8-bb96-bd6c67222872,completed,2026-06-19 20:32:58.057611+00:00,2026-06-19 20:33:28.187530+00:00
d0c84bee-87b7-4e0c-8ca7-d190e1cca8bf,failed,2026-06-19 20:32:58.744297+00:00,2026-06-19 20:33:28.790384+00:00
93b42322-9420-4453-9c2f-dd83c9e4971f,completed,2026-06-19 20:32:57.943269+00:00,2026-06-19 20:33:28.051848+00:00
10e6eced-6887-477a-87c7-47f3b8de9073,completed,2026-06-19 20:32:58.263218+00:00,2026-06-19 20:33:28.368928+00:00
44abbaaf-6c90-443c-8ce9-8bf0fcf9d110,completed,2026-06-19 20:33:00.242259+00:00,2026-06-19 20:33:30.392347+00:00
8c927a17-6d65-43b7-a1fb-07ac2d0bc079,completed,2026-06-19 20:32:58.843575+00:00,2026-06-19 20:33:28.945069+00:00
b26a89ed-673b-4177-9ff8-91dc4fa5b239,completed,2026-06-19 20:32:59.442430+00:00,2026-06-19 20:33:29.537898+00:00
2b505837-8838-4c08-b624-17c35b6bfb5a,completed,2026-06-19 20:32:59.850472+00:00,2026-06-19 20:33:29.965699+00:00
b429f0bd-1b66-4729-bb6e-97430d40540e,completed,2026-06-19 20:33:01.642745+00:00,2026-06-19 20:33:31.749587+00:00
1b0dc208-8aed-40f2-94bd-756e642152cf,completed,2026-06-19 20:33:00.152694+00:00,2026-06-19 20:33:30.284428+00:00
1342cc2c-80a1-4571-9acf-6f1090ceec0f,completed,2026-06-19 20:33:00.743319+00:00,2026-06-19 20:33:30.966786+00:00
7bb7066d-17ed-4a3d-a74d-04e727a02019,completed,2026-06-19 20:33:01.043294+00:00,2026-06-19 20:33:31.123908+00:00
abba8e60-9844-4b69-80a8-e2748ce50223,failed,2026-06-19 20:33:05.842815+00:00,2026-06-19 20:33:35.868272+00:00
297b51c0-9785-4a7c-be4b-d157c0d6f04e,completed,2026-06-19 20:33:01.552882+00:00,2026-06-19 20:33:31.659352+00:00
46887271-c3a2-4a45-a704-2a852758cd6f,completed,2026-06-19 20:33:04.048221+00:00,2026-06-19 20:33:34.186811+00:00
680bafa5-0d90-4104-b227-5feb2cf67c11,completed,2026-06-19 20:33:02.244732+00:00,2026-06-19 20:33:32.390576+00:00
cffe8270-1276-4090-9b82-34f84a86aad7,completed,2026-06-19 20:33:05.443654+00:00,2026-06-19 20:33:35.578506+00:00
ee2bece1-cf62-488d-a2c1-505100d55ced,completed,2026-06-19 20:33:06.645071+00:00,2026-06-19 20:33:36.760526+00:00
b2766125-55b4-4fa2-bc35-5563856ed32a,completed,2026-06-19 20:33:05.942060+00:00,2026-06-19 20:33:36.022412+00:00
8dfa3a17-5fd2-4404-a0dc-98bcad90d004,completed,2026-06-19 20:33:06.043291+00:00,2026-06-19 20:33:36.179970+00:00
cdd3f6e0-3169-4c63-a1d3-587c9fdef60b,completed,2026-06-19 20:33:06.541971+00:00,2026-06-19 20:33:36.644945+00:00
26acaa9f-27b1-439d-a55e-81a4535af1a0,completed,2026-06-19 20:33:06.941561+00:00,2026-06-19 20:33:37.048979+00:00
7464fc87-2a27-4e37-a707-ef3eb869964b,completed,2026-06-19 20:32:31.143119+00:00,2026-06-19 20:32:49.540913+00:00
bef4bc86-647b-4a9e-a386-91b4dc76d79c,completed,2026-06-19 20:32:31.918849+00:00,2026-06-19 20:32:50.681595+00:00
ea070577-165c-40a4-9a90-0de90b23e9f5,completed,2026-06-19 20:32:32.018103+00:00,2026-06-19 20:32:50.820513+00:00
5bdbffd2-afdd-4a5f-bc8a-b980a83b2375,completed,2026-06-19 20:32:32.918518+00:00,2026-06-19 20:32:52.233235+00:00
5d58cfea-45a5-4a4d-93f8-2a1e05adc50c,completed,2026-06-19 20:32:34.893165+00:00,2026-06-19 20:32:55.169100+00:00
5f1bd32b-73b9-4c40-a674-6f0db51742de,completed,2026-06-19 20:32:37.218323+00:00,2026-06-19 20:32:58.614139+00:00
a0d1d868-dc71-4496-acdc-5de55ae21d14,completed,2026-06-19 20:32:46.273044+00:00,2026-06-19 20:33:12.310180+00:00
907c3ef0-aa53-4182-b006-7d827c752dae,completed,2026-06-19 20:32:52.317145+00:00,2026-06-19 20:33:21.219414+00:00
bc730268-d5da-4fb5-ba57-364cc39c8ef0,completed,2026-06-19 20:32:52.516902+00:00,2026-06-19 20:33:21.489104+00:00
f6c6703f-6ed3-4ad0-8ab7-f9ba2d21f45b,completed,2026-06-19 20:32:54.966143+00:00,2026-06-19 20:33:25.034964+00:00
9aa0f821-0c91-4638-a067-de7017e3d56b,completed,2026-06-19 20:32:59.544955+00:00,2026-06-19 20:33:29.689480+00:00
4181926c-4415-411f-9874-beddc0475e86,completed,2026-06-19 20:32:54.718594+00:00,2026-06-19 20:33:24.689765+00:00
79969881-2895-4f32-aceb-9424a9786b2f,completed,2026-06-19 20:32:52.717115+00:00,2026-06-19 20:33:21.770035+00:00
457588ea-bf71-4f87-a46e-91fd9a5c05fc,completed,2026-06-19 20:32:53.119647+00:00,2026-06-19 20:33:22.347455+00:00
a228e457-d2c5-4629-83de-2ec84c90c993,completed,2026-06-19 20:32:53.217986+00:00,2026-06-19 20:33:22.515329+00:00
cbf2c97a-ba8f-44ac-b009-dbb3ea975b9b,failed,2026-06-19 20:32:57.018306+00:00,2026-06-19 20:33:27.060319+00:00
c9c77a35-f324-48f6-8240-183671ae3e6e,completed,2026-06-19 20:32:56.519992+00:00,2026-06-19 20:33:26.609016+00:00
f7e5aff0-1f0c-4900-b354-6112ba2afdcb,completed,2026-06-19 20:32:56.821579+00:00,2026-06-19 20:33:26.934768+00:00
698814e8-ef4b-4cd4-b20b-b1062d05b543,failed,2026-06-19 20:32:58.317646+00:00,2026-06-19 20:33:28.332800+00:00
f21d1d39-cc74-45a2-b374-4f0ec22b178e,completed,2026-06-19 20:32:57.118094+00:00,2026-06-19 20:33:27.217687+00:00
07499f8d-5bf8-4e9b-980b-ee2db55073b4,completed,2026-06-19 20:32:57.919478+00:00,2026-06-19 20:33:28.038476+00:00
fe066d51-0f6b-42a7-a6d0-77c5bb657f11,failed,2026-06-19 20:32:59.217231+00:00,2026-06-19 20:33:29.243224+00:00
33cf80da-71aa-4385-87e3-36d9e17b69a9,failed,2026-06-19 20:33:01.317695+00:00,2026-06-19 20:33:31.335765+00:00
17eefcac-4bc1-47cc-a138-3e0d7352164d,completed,2026-06-19 20:32:59.717642+00:00,2026-06-19 20:33:29.826941+00:00
4a59fccd-a01a-4bbc-98fc-9623e43c8636,completed,2026-06-19 20:33:00.418864+00:00,2026-06-19 20:33:30.538006+00:00
eefa45e8-b660-4e24-a189-409cce97c213,completed,2026-06-19 20:33:00.618390+00:00,2026-06-19 20:33:30.736428+00:00
72d0cbce-5366-4870-8d75-e6dfb949140b,failed,2026-06-19 20:33:03.118156+00:00,2026-06-19 20:33:33.164506+00:00
b40915d0-cc5e-4772-9008-8960c56a1d1c,failed,2026-06-19 20:33:02.316921+00:00,2026-06-19 20:33:32.335251+00:00
581f3c70-a42a-4710-bb87-0d5f400bedaa,completed,2026-06-19 20:33:02.217437+00:00,2026-06-19 20:33:32.362755+00:00
41169604-7ef6-48f3-96e4-93b7f1e6962c,completed,2026-06-19 20:33:02.719641+00:00,2026-06-19 20:33:32.843690+00:00
38ac2dfd-57ec-4a13-b494-ac810c70a597,failed,2026-06-19 20:33:06.416548+00:00,2026-06-19 20:33:36.452021+00:00
e315de9e-22f4-4f40-9af7-7b7665f55942,completed,2026-06-19 20:33:05.617492+00:00,2026-06-19 20:33:35.728845+00:00
3810155d-cbb9-4587-940c-53db7a03d380,failed,2026-06-19 20:33:06.817327+00:00,2026-06-19 20:33:36.855022+00:00
eaf0eeab-1173-4904-befc-835486f10b3a,failed,2026-06-19 20:33:08.217552+00:00,2026-06-19 20:33:38.238827+00:00
275af154-92a4-4fca-abcd-377db3ef989a,completed,2026-06-19 20:33:07.316691+00:00,2026-06-19 20:33:37.443010+00:00
358daadc-510c-4501-bf86-2ef64efd5b88,completed,2026-06-19 20:33:07.816659+00:00,2026-06-19 20:33:37.920564+00:00
3ae11f7e-bca6-4476-bc2f-298c86738a39,failed,2026-06-19 20:33:08.516322+00:00,2026-06-19 20:33:38.531248+00:00
a888c5ae-c3c9-4e37-b862-df0849e8df32,failed,2026-06-19 20:33:10.028420+00:00,2026-06-19 20:33:40.061105+00:00
7d4df9b4-e3f6-4df3-a5e7-0333283bfbb0,completed,2026-06-19 20:33:08.924621+00:00,2026-06-19 20:33:39.028269+00:00
b45193f7-19a8-49a3-90bc-c9fb55329f57,completed,2026-06-19 20:33:10.573765+00:00,2026-06-19 20:33:40.651376+00:00
0bee12bf-dc3f-4c35-811b-fefb502f2bf3,completed,2026-06-19 20:33:10.970504+00:00,2026-06-19 20:33:41.091029+00:00
555464b8-4980-4f14-8f13-7560e8193713,completed,2026-06-19 20:32:33.818897+00:00,2026-06-19 20:32:53.575103+00:00
5b3613b6-e00e-4f6d-888c-4db506e1acc6,completed,2026-06-19 20:32:35.745463+00:00,2026-06-19 20:32:56.482230+00:00
4c7ef302-06b1-4962-897e-f6004833e68b,completed,2026-06-19 20:32:39.491341+00:00,2026-06-19 20:33:02.088913+00:00
e674879a-5d0c-4644-b35c-476a04d883f8,completed,2026-06-19 20:32:48.343978+00:00,2026-06-19 20:33:15.335059+00:00
473ce872-7ceb-4665-aafb-a033a12ac215,completed,2026-06-19 20:32:51.269060+00:00,2026-06-19 20:33:19.641735+00:00
50c814da-273a-4ff6-a262-28a371bffa71,completed,2026-06-19 20:32:57.992900+00:00,2026-06-19 20:33:28.092372+00:00
3aae81e2-a944-4801-a10e-40721bbe9121,failed,2026-06-19 20:32:56.001217+00:00,2026-06-19 20:33:26.003988+00:00
d2bc98c2-13c3-43a8-aa70-c6ff5d4fdec4,completed,2026-06-19 20:32:54.192072+00:00,2026-06-19 20:33:23.912389+00:00
b437e639-7715-4105-9dc1-98e44ea44ba7,completed,2026-06-19 20:32:54.493632+00:00,2026-06-19 20:33:24.348008+00:00
e702d7d4-871e-4df3-aa89-085cf86606f1,completed,2026-06-19 20:32:54.892015+00:00,2026-06-19 20:33:24.913054+00:00
2c02e6cc-6fb6-4042-8873-54d446426045,completed,2026-06-19 20:32:57.091912+00:00,2026-06-19 20:33:27.202469+00:00
351a3ec3-725f-4095-b613-e7467cb79f3e,failed,2026-06-19 20:33:03.293970+00:00,2026-06-19 20:33:33.329402+00:00
141eac21-4ef7-457c-8a0c-2952f2ed4c06,completed,2026-06-19 20:32:56.992298+00:00,2026-06-19 20:33:27.087786+00:00
36a430fc-39b9-412c-90c8-a1c873cc2ee1,completed,2026-06-19 20:32:58.196000+00:00,2026-06-19 20:33:28.324769+00:00
a2efa381-4f27-4cea-b530-cba3cdf7128b,completed,2026-06-19 20:32:58.892282+00:00,2026-06-19 20:33:28.973757+00:00
985b2f0d-9dee-47d2-a62d-1ce6b9905d72,completed,2026-06-19 20:32:58.992036+00:00,2026-06-19 20:33:29.129237+00:00
c77ee138-0bbc-4a4a-bddc-e71ffc7a387c,completed,2026-06-19 20:32:59.792769+00:00,2026-06-19 20:33:29.939081+00:00
ddbb5741-b476-4ecb-ba83-949cce0c2ec8,completed,2026-06-19 20:33:00.102133+00:00,2026-06-19 20:33:30.236666+00:00
4a1d129d-4f7f-44e7-9e40-eb91e8566360,completed,2026-06-19 20:33:00.291579+00:00,2026-06-19 20:33:30.377124+00:00
c80d7184-2b8d-46ac-8840-bc8e400be6bf,completed,2026-06-19 20:33:01.991579+00:00,2026-06-19 20:33:32.073548+00:00
fd9ecad9-9f08-41b4-9f35-6aa1af96d0b9,completed,2026-06-19 20:33:02.192190+00:00,2026-06-19 20:33:32.326486+00:00
3205acd0-21c1-4107-906e-5ae3445002b5,failed,2026-06-19 20:33:05.992847+00:00,2026-06-19 20:33:36.019360+00:00
b72133e2-8797-4f65-afca-ab9bfd06e263,failed,2026-06-19 20:33:11.485979+00:00,2026-06-19 20:33:41.506613+00:00
d00352f0-bec2-42d2-9546-69be76a9ee4b,completed,2026-06-19 20:33:06.392720+00:00,2026-06-19 20:33:36.486018+00:00
30b42b5f-4e4e-4704-9ad0-9079798efa66,completed,2026-06-19 20:33:07.396752+00:00,2026-06-19 20:33:37.507730+00:00
48eeb1de-a7ac-46da-8ac6-cd0862fd0f90,completed,2026-06-19 20:33:07.892321+00:00,2026-06-19 20:33:38.016554+00:00
27c38ff9-de52-4d37-ab4a-018a2760f81c,completed,2026-06-19 20:33:07.691573+00:00,2026-06-19 20:33:37.792335+00:00
49791d60-1ce9-4b13-9ac4-74ba5c0f7c47,completed,2026-06-19 20:33:07.792496+00:00,2026-06-19 20:33:37.917540+00:00
f8ee8e46-838d-4295-b403-c3e6b73a08f3,completed,2026-06-19 20:33:08.092380+00:00,2026-06-19 20:33:38.231222+00:00
1271b797-70b8-4441-a62a-d1b8b02b101c,completed,2026-06-19 20:33:10.011500+00:00,2026-06-19 20:33:40.135566+00:00
ea82fa89-9c2c-4b0c-945f-3684e3716b63,failed,2026-06-19 20:33:12.244516+00:00,2026-06-19 20:33:42.242871+00:00
febb535d-b002-4663-8ee7-9cf033cdc65e,completed,2026-06-19 20:33:11.697681+00:00,2026-06-19 20:33:41.805650+00:00
ff6cad78-fa87-4d68-a397-c7664fb16391,completed,2026-06-19 20:33:11.917704+00:00,2026-06-19 20:33:41.964127+00:00
e3fb142c-7a37-4eae-8d95-d93c68e879b3,completed,2026-06-19 20:33:12.133260+00:00,2026-06-19 20:33:42.238813+00:00
475fd7a8-0f57-4bfe-acea-cb0c8f2fb6ee,failed,2026-06-19 20:33:12.805819+00:00,2026-06-19 20:33:42.804595+00:00
79f898c8-1782-41f8-8d26-49e6b9ff815a,failed,2026-06-19 20:33:13.150561+00:00,2026-06-19 20:33:43.150455+00:00
dcf3742b-67ce-45d6-94a7-7434eab1fae2,completed,2026-06-19 20:32:35.268509+00:00,2026-06-19 20:32:55.719210+00:00
28ff9ff2-ce93-46cb-a860-825cc8072166,completed,2026-06-19 20:32:38.842201+00:00,2026-06-19 20:33:01.131924+00:00
e156f5f9-2787-47d8-bd85-4460796d5d86,completed,2026-06-19 20:32:42.717140+00:00,2026-06-19 20:33:07.010099+00:00
b55a37a1-30ae-4bce-aa3e-77e50dae31c8,completed,2026-06-19 20:32:46.492506+00:00,2026-06-19 20:33:12.622982+00:00
5f347173-f925-4bc3-95ca-7721ae428292,completed,2026-06-19 20:32:49.422194+00:00,2026-06-19 20:33:16.961775+00:00
661950e6-c412-4cb1-8176-1e5e841a15bc,completed,2026-06-19 20:32:53.792485+00:00,2026-06-19 20:33:23.334822+00:00
29bf2b40-f841-4ac1-b939-3a23da7e4b8d,completed,2026-06-19 20:32:54.619592+00:00,2026-06-19 20:33:24.557075+00:00
0815ca4f-adab-4189-8b6f-99acbd7ecb15,completed,2026-06-19 20:32:55.941878+00:00,2026-06-19 20:33:26.035911+00:00
ac6296d9-527c-4091-a451-f2ebc3ef34b4,completed,2026-06-19 20:32:39.370520+00:00,2026-06-19 20:33:01.830250+00:00
3502d9e5-b0f7-41ca-b91f-8758fa317ae6,completed,2026-06-19 20:32:42.444986+00:00,2026-06-19 20:33:06.584233+00:00
4be943a2-6a32-48e9-9dc4-a54541185bdd,completed,2026-06-19 20:32:43.568662+00:00,2026-06-19 20:33:08.257122+00:00
8080835f-4f6f-4e94-a7e6-4a49757c908c,completed,2026-06-19 20:32:48.266774+00:00,2026-06-19 20:33:15.261767+00:00
07f1ce99-cb0f-44df-bb2d-6a347ee9c5c1,completed,2026-06-19 20:32:53.493294+00:00,2026-06-19 20:33:22.878586+00:00
d5906aab-399d-44ae-85eb-c5b9aed51f42,failed,2026-06-19 20:33:06.567586+00:00,2026-06-19 20:33:36.594663+00:00
24599cbd-cafd-4704-83ef-b62bd710f21e,failed,2026-06-19 20:33:06.967559+00:00,2026-06-19 20:33:37.011777+00:00
bebcaa81-7085-4870-b81b-8c30e3fc038d,completed,2026-06-19 20:33:07.466471+00:00,2026-06-19 20:33:37.586195+00:00
7b547033-fdd5-4799-9ffc-85e42404dd87,failed,2026-06-19 20:33:07.567514+00:00,2026-06-19 20:33:37.590251+00:00
a5da661a-321f-4dc3-881c-cef85739b957,completed,2026-06-19 20:33:07.367219+00:00,2026-06-19 20:33:37.484142+00:00
4a0ecc73-1007-4e8b-a45c-de4afe808d4f,failed,2026-06-19 20:33:07.767515+00:00,2026-06-19 20:33:37.775774+00:00
0d9782e9-6914-490f-bb0b-8fd02ffd25dd,failed,2026-06-19 20:33:11.669575+00:00,2026-06-19 20:33:41.666574+00:00
7258e06e-c7da-4736-956d-93b00c9204f5,completed,2026-06-19 20:33:08.766526+00:00,2026-06-19 20:33:38.871068+00:00
38caa4bf-79f4-45b2-b1cc-e093ee0c3ece,completed,2026-06-19 20:33:10.810293+00:00,2026-06-19 20:33:40.943853+00:00
767dc15f-3e30-411b-89b6-af3e4c7c9eb7,completed,2026-06-19 20:33:11.022087+00:00,2026-06-19 20:33:41.160541+00:00
44769fe2-8f3c-4505-8807-b8f39e244fbc,failed,2026-06-19 20:33:12.664786+00:00,2026-06-19 20:33:42.663245+00:00
1ab9bf27-a37f-4c72-9530-ef6655d3520b,completed,2026-06-19 20:33:11.777291+00:00,2026-06-19 20:33:41.828803+00:00
46c6a61a-68be-4ed8-80bd-684988ab3284,completed,2026-06-19 20:33:11.886955+00:00,2026-06-19 20:33:42.005296+00:00
d98b11f7-8c93-4397-8b66-f933f07b18e3,completed,2026-06-19 20:33:15.278381+00:00,2026-06-19 20:33:45.390146+00:00
f043e12d-7706-45f7-972d-b709510248f3,completed,2026-06-19 20:33:12.779279+00:00,2026-06-19 20:33:42.878110+00:00
169aec35-fa89-45a0-b7a5-b7fa0bb70084,completed,2026-06-19 20:33:13.821221+00:00,2026-06-19 20:33:43.916215+00:00
27ff6908-9f44-4789-85a4-c14e1e667f26,completed,2026-06-19 20:33:15.159389+00:00,2026-06-19 20:33:45.288523+00:00
205145e1-1af0-4d25-b9c6-2483ef1b9377,completed,2026-06-19 20:33:16.173520+00:00,2026-06-19 20:33:46.269394+00:00
cf0c0605-b196-4a73-b17d-7176712726eb,completed,2026-06-19 20:33:16.566876+00:00,2026-06-19 20:33:46.670103+00:00
d73f71a3-b067-4be8-a086-9df6a53ef25c,completed,2026-06-19 20:33:16.833635+00:00,2026-06-19 20:33:46.935117+00:00
ff1e514d-3a7e-4281-be9f-222bbd12f6f9,completed,2026-06-19 20:33:17.377136+00:00,2026-06-19 20:33:47.457471+00:00
4051e2d1-db3b-4bcb-8f23-2cc7675b5452,completed,2026-06-19 20:33:17.515515+00:00,2026-06-19 20:33:47.600250+00:00
e2ef9b49-4855-4df0-a747-6ac586ff5ad0,completed,2026-06-19 20:33:19.543866+00:00,2026-06-19 20:33:49.604173+00:00
d69ebb51-c0a4-4a95-8f4b-e57098249c19,completed,2026-06-19 20:33:20.164624+00:00,2026-06-19 20:33:50.146107+00:00
95e389f5-be47-4643-9299-98067d19cf9c,completed,2026-06-19 20:33:21.809691+00:00,2026-06-19 20:33:51.580496+00:00
9cb662b2-9e10-4f90-a332-8af8cf9b13cd,completed,2026-06-19 20:33:21.982554+00:00,2026-06-19 20:33:51.716332+00:00
0ed0ab01-3a65-499a-9382-614df59f3d1a,completed,2026-06-19 20:33:22.513829+00:00,2026-06-19 20:33:52.140365+00:00
13328757-1267-4849-9a5f-01a0dd8d521b,completed,2026-06-19 20:33:22.876486+00:00,2026-06-19 20:33:52.424316+00:00
f7698b0d-61b0-4e7b-b931-6cb5ec9edc27,completed,2026-06-19 20:33:23.061140+00:00,2026-06-19 20:33:52.555108+00:00
f91aab2a-7a23-402b-8800-663b2d9fd5ce,completed,2026-06-19 20:33:23.436972+00:00,2026-06-19 20:33:52.824953+00:00
76a19d7a-e8cf-4565-a8fa-902ece7942fb,completed,2026-06-19 20:33:12.413082+00:00,2026-06-19 20:33:42.517044+00:00
dff392f6-bdf7-4d63-aafb-f4d3aef87e6f,completed,2026-06-19 20:33:07.843411+00:00,2026-06-19 20:33:37.961611+00:00
396af9fa-23ad-4d35-8b8f-74c09520303a,completed,2026-06-19 20:33:08.741997+00:00,2026-06-19 20:33:38.847416+00:00
54e28883-4703-4035-a89c-3137d23b4713,completed,2026-06-19 20:33:08.244448+00:00,2026-06-19 20:33:38.384257+00:00
06fcca4e-3f23-41a0-9eea-ae3b852da2f1,completed,2026-06-19 20:33:10.785647+00:00,2026-06-19 20:33:40.920385+00:00
3c3e6447-23d6-4cb5-b3af-d90fcdab0025,completed,2026-06-19 20:33:08.545474+00:00,2026-06-19 20:33:38.682529+00:00
9e307d13-f1ef-4fa1-8bdc-997ca6438c24,completed,2026-06-19 20:33:09.849424+00:00,2026-06-19 20:33:39.960617+00:00
6dd58568-4dcd-4b1a-b371-6e6632ca3090,completed,2026-06-19 20:33:14.027460+00:00,2026-06-19 20:33:44.150723+00:00
96da5439-01a6-468b-902b-c2fa2850e915,completed,2026-06-19 20:33:10.471950+00:00,2026-06-19 20:33:40.605067+00:00
04e63b68-3435-4f7d-b283-c2b6275d2b72,completed,2026-06-19 20:33:11.427258+00:00,2026-06-19 20:33:41.510496+00:00
0cabef1d-27f5-4e34-b1be-a0da1f0026a4,failed,2026-06-19 20:33:12.077643+00:00,2026-06-19 20:33:42.103857+00:00
498abf28-cd8c-4b54-b120-53c2ee51b693,completed,2026-06-19 20:33:16.668758+00:00,2026-06-19 20:33:46.806719+00:00
6f103ddf-4269-40ca-90bf-3b38e7ae4761,completed,2026-06-19 20:33:13.207973+00:00,2026-06-19 20:33:43.308425+00:00
38f05cbd-04be-48aa-afd3-dfab92d7b049,failed,2026-06-19 20:33:13.789328+00:00,2026-06-19 20:33:43.790356+00:00
a4a066ab-172e-43ea-98f6-bd4805941aa2,completed,2026-06-19 20:33:16.140592+00:00,2026-06-19 20:33:46.268214+00:00
0c30cdc7-3d91-4a68-8919-22790f52bcbb,completed,2026-06-19 20:33:14.386593+00:00,2026-06-19 20:33:44.509300+00:00
fe9faece-e759-44d9-8c84-b61f461f9098,completed,2026-06-19 20:33:19.354623+00:00,2026-06-19 20:33:49.391753+00:00
13c59453-1116-40e4-863f-c2cdcde3941a,completed,2026-06-19 20:33:15.261112+00:00,2026-06-19 20:33:45.380828+00:00
641106af-74e7-436e-a452-46f4635d0a3e,completed,2026-06-19 20:33:16.271399+00:00,2026-06-19 20:33:46.419601+00:00
e2ddfb71-15f7-406e-bc83-ca00205f9517,completed,2026-06-19 20:33:20.132977+00:00,2026-06-19 20:33:50.100351+00:00
499c9705-ae2a-411a-8c6a-bf9adc7e9bd1,completed,2026-06-19 20:33:17.897077+00:00,2026-06-19 20:33:48.002849+00:00
1587489e-7284-42ea-a265-ae629fbce446,completed,2026-06-19 20:33:20.929036+00:00,2026-06-19 20:33:50.860108+00:00
b2e26cd8-c959-4d5e-9ed7-3e595861f0bf,completed,2026-06-19 20:33:19.971710+00:00,2026-06-19 20:33:49.973701+00:00
f8d6c54e-887e-4c2f-92f7-b8f93708d9c8,completed,2026-06-19 20:33:25.636657+00:00,2026-06-19 20:33:54.377612+00:00
9f225113-bbb3-46e2-96ba-73f1f1b0635b,completed,2026-06-19 20:33:20.603384+00:00,2026-06-19 20:33:50.566034+00:00
d75ac7df-c367-465e-b5c9-65c524a42acc,completed,2026-06-19 20:33:21.766859+00:00,2026-06-19 20:33:51.548829+00:00
653f92bb-9035-4023-9c73-a2c7c7ae9e1a,completed,2026-06-19 20:33:23.725372+00:00,2026-06-19 20:33:53.090033+00:00
1847ef39-d48d-48b2-8b72-88a17bf47bc0,completed,2026-06-19 20:33:12.161847+00:00,2026-06-19 20:33:42.255303+00:00
c106a45c-286c-40d9-aa50-8337f1151cfd,completed,2026-06-19 20:33:15.091302+00:00,2026-06-19 20:33:45.225615+00:00
e53595fe-7e09-4a78-9f29-fdf133453ae1,completed,2026-06-19 20:33:12.500650+00:00,2026-06-19 20:33:42.576910+00:00
998280b9-f59b-4bab-9ec4-2186dd423fcf,failed,2026-06-19 20:33:15.216477+00:00,2026-06-19 20:33:45.229407+00:00
15789d4e-f6fe-4d30-97c9-8e1d38d58917,completed,2026-06-19 20:33:21.215507+00:00,2026-06-19 20:33:51.105862+00:00
8be39ca7-0bf7-4a35-9556-5512c5b36c45,completed,2026-06-19 20:33:12.608601+00:00,2026-06-19 20:33:42.726078+00:00
8cae8a65-3f25-4722-86b9-06caf123953f,completed,2026-06-19 20:33:12.721636+00:00,2026-06-19 20:33:42.825398+00:00
e651e2ea-8263-454d-95b6-a9644b7888d0,completed,2026-06-19 20:33:16.901713+00:00,2026-06-19 20:33:46.973311+00:00
ec52b301-66bf-4678-a6b0-75d9cc0065e1,completed,2026-06-19 20:33:13.642682+00:00,2026-06-19 20:33:43.760687+00:00
26a69333-e3c9-4380-a6df-89db74c5ae28,completed,2026-06-19 20:33:14.721450+00:00,2026-06-19 20:33:44.854288+00:00
f855297b-3c24-4fa8-9b1a-3e938ce4d13e,completed,2026-06-19 20:33:17.447151+00:00,2026-06-19 20:33:47.527416+00:00
d84aeef0-ac80-454f-b1c0-efc7084ed45d,completed,2026-06-19 20:33:21.384622+00:00,2026-06-19 20:33:51.254615+00:00
3f829628-f6ea-49be-b913-552e96478b3a,completed,2026-06-19 20:33:17.724843+00:00,2026-06-19 20:33:47.798604+00:00
65a6cc61-6839-4113-8930-262e605f90de,completed,2026-06-19 20:33:25.579419+00:00,2026-06-19 20:33:54.312260+00:00
3fa05360-81a4-450c-a019-d94b3eec78ec,completed,2026-06-19 20:33:19.169588+00:00,2026-06-19 20:33:49.242188+00:00
2903a4f1-c1da-4aae-a10b-cfcb01ded2ba,completed,2026-06-19 20:33:22.424451+00:00,2026-06-19 20:33:52.105367+00:00
45e4cb05-14ca-4dad-a01c-3766404e4136,completed,2026-06-19 20:33:22.976046+00:00,2026-06-19 20:33:52.520292+00:00
50900bcd-e355-4651-9b92-e3d13291c0ce,completed,2026-06-19 20:33:25.799863+00:00,2026-06-19 20:33:54.458503+00:00
4402334b-c176-47bb-ab2f-0e8525dfc7dd,completed,2026-06-19 20:33:23.155172+00:00,2026-06-19 20:33:52.666073+00:00
3fbdd41c-56f7-4273-9615-126f546fc25a,failed,2026-06-19 20:33:13.613898+00:00,2026-06-19 20:33:43.618489+00:00
d6550505-68d5-4afb-9d95-ea5e636ce647,completed,2026-06-19 20:33:17.972660+00:00,2026-06-19 20:33:48.073220+00:00
d260f501-4843-46cc-b10c-b30b9a4be824,completed,2026-06-19 20:33:20.046881+00:00,2026-06-19 20:33:50.064062+00:00
f6bdf994-8dfa-41e4-9561-c62fdb447033,completed,2026-06-19 20:33:14.570251+00:00,2026-06-19 20:33:44.700193+00:00
c2107a3c-3671-48a0-bca6-a2f17846e335,completed,2026-06-19 20:33:14.690974+00:00,2026-06-19 20:33:44.806572+00:00
f486a4ac-13d0-4367-8895-2141a2887b55,failed,2026-06-19 20:33:15.817384+00:00,2026-06-19 20:33:45.821132+00:00
50ddddbf-17dc-477f-9b40-96b3bb9fc9d0,completed,2026-06-19 20:33:18.540496+00:00,2026-06-19 20:33:48.623310+00:00
e03c9695-3ade-4cfb-aebc-9f1a0fe9596f,completed,2026-06-19 20:33:16.075794+00:00,2026-06-19 20:33:46.155444+00:00
2e07ba8e-89da-474f-8a24-0914403c6744,completed,2026-06-19 20:33:26.429897+00:00,2026-06-19 20:33:54.870192+00:00
b51650ec-c40a-4d33-abfb-c8d414de50a6,completed,2026-06-19 20:33:16.470892+00:00,2026-06-19 20:33:46.562917+00:00
9ee45818-97d5-44ae-99b4-c3ead64b207f,completed,2026-06-19 20:33:20.520498+00:00,2026-06-19 20:33:50.475008+00:00
f310a745-53a4-433d-a814-77892dc48dc5,completed,2026-06-19 20:33:18.689153+00:00,2026-06-19 20:33:48.770664+00:00
6f5c9171-df98-4744-8084-fdb4c6784161,completed,2026-06-19 20:33:18.984236+00:00,2026-06-19 20:33:49.058222+00:00
d2736d14-9b3a-4f13-bd55-8a1acfcbd657,completed,2026-06-19 20:33:22.025701+00:00,2026-06-19 20:33:51.747890+00:00
923c018b-f6d4-4da5-aac6-8828bebf1610,completed,2026-06-19 20:33:19.430051+00:00,2026-06-19 20:33:49.487480+00:00
47e31e98-8602-4397-ba9d-962114e323e3,completed,2026-06-19 20:33:27.156391+00:00,2026-06-19 20:33:55.300011+00:00
8a7065d5-958e-4f32-ad11-e3eb73c67531,completed,2026-06-19 20:33:22.922091+00:00,2026-06-19 20:33:52.534117+00:00
5db2b661-1d99-4a02-bcfb-ab02c4142d73,completed,2026-06-19 20:33:27.662853+00:00,2026-06-19 20:33:55.581525+00:00
f323aff8-ac83-4c19-901e-56c8285e52ae,completed,2026-06-19 20:33:24.885748+00:00,2026-06-19 20:33:53.888939+00:00
a0c620f5-bb80-4d6d-9cd7-e2444eec0125,completed,2026-06-19 20:33:28.752790+00:00,2026-06-19 20:33:56.130546+00:00
7497f01b-2c49-4586-8b78-9fd2b9df45a6,completed,2026-06-19 20:33:29.046553+00:00,2026-06-19 20:33:56.264088+00:00
db2bf9c0-f55a-4951-8c00-cb0a48687f00,failed,2026-06-19 20:33:00.368505+00:00,2026-06-19 20:33:30.386241+00:00
45d9f2d3-e59f-462f-9d73-686638b9d9e0,failed,2026-06-19 20:33:00.816949+00:00,2026-06-19 20:33:30.828706+00:00
33b10606-a9ba-4356-b136-d41c5b76ae3f,completed,2026-06-19 20:33:02.348267+00:00,2026-06-19 20:33:32.482788+00:00
a52c6b8f-c71e-4273-9b76-42748a09607c,completed,2026-06-19 20:33:02.600236+00:00,2026-06-19 20:33:32.742980+00:00
662b8a18-9287-4812-8b46-6597664b69f1,failed,2026-06-19 20:33:05.367537+00:00,2026-06-19 20:33:35.417444+00:00
4081262b-4ca2-4c9d-bcfa-a608c823e270,completed,2026-06-19 20:33:05.966980+00:00,2026-06-19 20:33:36.060243+00:00
26def06f-8b90-4b08-b238-f2b0a34ee11b,completed,2026-06-19 20:33:06.066717+00:00,2026-06-19 20:33:36.160339+00:00
d08f33dc-94a4-4d1a-b8dd-ff0f4519d6ca,completed,2026-06-19 20:33:07.044046+00:00,2026-06-19 20:33:37.155249+00:00
cd381e07-b075-4e58-83c4-1b468268c5f4,completed,2026-06-19 20:33:07.015284+00:00,2026-06-19 20:33:37.157771+00:00
4c259751-d52d-4fb1-a0cd-e7229863bc08,completed,2026-06-19 20:33:07.968559+00:00,2026-06-19 20:33:38.114415+00:00
07faa61b-2342-4d38-af50-30709f443115,completed,2026-06-19 20:33:09.296462+00:00,2026-06-19 20:33:39.398306+00:00
ec798384-62d9-4f05-b571-5cd5a414b1e8,completed,2026-06-19 20:33:11.182561+00:00,2026-06-19 20:33:41.334616+00:00
3f49b4a5-ca91-4043-b08c-b1d05b0826ed,completed,2026-06-19 20:33:13.380597+00:00,2026-06-19 20:33:43.495418+00:00
b13364fa-c662-41d0-a870-eaca23461a5d,completed,2026-06-19 20:33:13.586969+00:00,2026-06-19 20:33:43.716596+00:00
f1e893b1-4e84-437c-af31-8b8209096825,completed,2026-06-19 20:33:18.216012+00:00,2026-06-19 20:33:48.317744+00:00
5c35bae6-375a-4ea5-88bb-589acea4b6cd,completed,2026-06-19 20:33:25.470470+00:00,2026-06-19 20:33:54.279268+00:00
e57ee8d3-433a-4b46-9d82-0ee07f9b8430,completed,2026-06-19 20:33:32.854884+00:00,2026-06-19 20:33:57.740241+00:00
dae6ddad-d221-43f8-9dab-0667b836c2da,completed,2026-06-19 20:33:25.694916+00:00,2026-06-19 20:33:54.412510+00:00
7acf02f9-18aa-423d-a88f-f45082d12b37,completed,2026-06-19 20:33:26.847391+00:00,2026-06-19 20:33:55.110967+00:00
975b60a8-b31e-4b11-86b9-b9e156b6456e,completed,2026-06-19 20:33:28.125851+00:00,2026-06-19 20:33:55.830093+00:00
7f276169-0199-409d-9ba6-393fb9741d13,completed,2026-06-19 20:33:30.909910+00:00,2026-06-19 20:33:57.068618+00:00
d8d5eee4-5f6e-4dce-bb8b-9d8749b03ef3,completed,2026-06-19 20:33:31.374714+00:00,2026-06-19 20:33:57.284280+00:00
5f87851a-5554-47ee-8987-5dc9142e4518,completed,2026-06-19 20:33:31.972713+00:00,2026-06-19 20:33:57.461078+00:00
0745797d-894a-4884-8e0b-4daa7a0931b7,completed,2026-06-19 20:33:34.167874+00:00,2026-06-19 20:33:58.115441+00:00
c6ae27ee-f628-4979-b2ef-ce8cc9baadaf,completed,2026-06-19 20:33:32.734883+00:00,2026-06-19 20:33:57.711006+00:00
b7d49da8-79e3-4655-9cd1-337cf66ed164,completed,2026-06-19 20:33:33.739268+00:00,2026-06-19 20:33:57.981478+00:00
bd997f8a-bd46-4387-8eab-476ec52c574c,completed,2026-06-19 20:33:35.543046+00:00,2026-06-19 20:33:58.391256+00:00
72ff20bb-0f5e-432d-8938-4023b716a424,completed,2026-06-19 20:33:33.472658+00:00,2026-06-19 20:33:57.900657+00:00
f6f45b57-3cce-44d2-8b0b-3f9fd5ac0101,completed,2026-06-19 20:33:33.880420+00:00,2026-06-19 20:33:58.015906+00:00
a246b56a-a1f2-4dd8-bcc3-9f285521f94a,completed,2026-06-19 20:33:35.352041+00:00,2026-06-19 20:33:58.308264+00:00
ee25adf3-00b9-4991-bd66-803cc701ebf2,completed,2026-06-19 20:33:37.994269+00:00,2026-06-19 20:33:58.670837+00:00
4d74dfb0-8c8e-477f-8399-77e55efc0afe,completed,2026-06-19 20:33:26.372352+00:00,2026-06-19 20:33:54.831456+00:00
6a113e94-7871-4059-9001-753792eb29c9,completed,2026-06-19 20:33:33.341971+00:00,2026-06-19 20:33:57.878578+00:00
93bb7304-463a-416b-88cb-e6c255c0d7cf,completed,2026-06-19 20:30:50.813543+00:00,2026-06-19 20:30:50.974973+00:00
778ab3cc-4c51-4535-b37d-bf472639ec84,completed,2026-06-19 20:30:40.659932+00:00,2026-06-19 20:30:42.274404+00:00
68e00cb1-f16d-4bd9-b85b-1c47c9fa0394,completed,2026-06-19 20:30:41.068942+00:00,2026-06-19 20:30:42.673560+00:00
a268c554-e97e-479d-9a35-dc7cedeeb62f,completed,2026-06-19 20:30:44.142261+00:00,2026-06-19 20:30:44.307944+00:00
704e4fca-904a-447f-b5c7-8feecc72ba6d,completed,2026-06-19 20:30:52.328354+00:00,2026-06-19 20:30:52.497050+00:00
bb79ffb7-e3e2-4be3-9b8a-8c9db0628c54,completed,2026-06-19 20:30:46.357046+00:00,2026-06-19 20:30:46.539215+00:00
2cb4367f-e0bb-4fd5-8fbd-1eb17d992b2c,completed,2026-06-19 20:30:46.875804+00:00,2026-06-19 20:30:47.064183+00:00
416240e7-afb5-4821-88c2-7b51cc3a962c,completed,2026-06-19 20:30:47.354404+00:00,2026-06-19 20:30:47.500912+00:00
68bfa7cc-b895-4f9e-aeca-66df912fb90b,completed,2026-06-19 20:30:54.443645+00:00,2026-06-19 20:30:54.620743+00:00
88991836-353a-435c-bf74-870b5b24767b,completed,2026-06-19 20:30:48.508217+00:00,2026-06-19 20:30:48.671150+00:00
b6d59cbf-117b-4578-9382-09fd1ceb277a,completed,2026-06-19 20:30:48.954117+00:00,2026-06-19 20:30:49.117815+00:00
f1b20163-0ebd-403f-b773-1e7a1c2dce23,completed,2026-06-19 20:30:58.338299+00:00,2026-06-19 20:30:58.492091+00:00
b47dbd3a-43b7-417b-a976-367b41cf79b0,completed,2026-06-19 20:30:49.389241+00:00,2026-06-19 20:30:49.548138+00:00
d2b3cc39-932e-49b7-8ebb-8280737e60e4,completed,2026-06-19 20:30:55.196426+00:00,2026-06-19 20:30:55.338520+00:00
1682963a-91d4-4200-a457-854cc21b2545,completed,2026-06-19 20:30:50.011153+00:00,2026-06-19 20:30:50.170329+00:00
b24627c5-f545-4308-87a6-5ab6a65ec440,completed,2026-06-19 20:31:01.535401+00:00,2026-06-19 20:31:01.676868+00:00
cdfbedb6-33fe-45cc-989c-369f1ccd20cc,completed,2026-06-19 20:30:58.488494+00:00,2026-06-19 20:30:58.649616+00:00
09f194ef-51e4-469a-8394-c10c7c1852c0,completed,2026-06-19 20:30:55.683047+00:00,2026-06-19 20:30:55.827345+00:00
4f220a2b-3260-47ab-bb6f-9e59c1a0b87d,completed,2026-06-19 20:30:57.039447+00:00,2026-06-19 20:30:57.216717+00:00
f6d46582-5cb2-49a7-be72-2b088c0bb203,completed,2026-06-19 20:30:57.188699+00:00,2026-06-19 20:30:57.340568+00:00
78a566b8-8c34-418b-b305-76c4a2c3ce0e,completed,2026-06-19 20:30:58.896018+00:00,2026-06-19 20:30:59.059423+00:00
ad9353e2-96e8-4882-8b69-1af2a3d9e701,completed,2026-06-19 20:31:02.760714+00:00,2026-06-19 20:31:02.925366+00:00
ca158add-1cf2-426c-82e8-fadf69be28f3,completed,2026-06-19 20:30:59.443519+00:00,2026-06-19 20:30:59.596337+00:00
a03e939f-a659-4474-9e7e-595e771daa39,completed,2026-06-19 20:31:01.905830+00:00,2026-06-19 20:31:02.068937+00:00
01416738-a9ca-46c9-8f97-478c2081c465,completed,2026-06-19 20:31:02.152582+00:00,2026-06-19 20:31:02.308279+00:00
f5ce1f1e-524f-4a7f-b2ab-8605c9eabbb6,completed,2026-06-19 20:31:03.829658+00:00,2026-06-19 20:31:03.970574+00:00
81f5c841-60f5-4ae4-99b0-6db544bf0c89,completed,2026-06-19 20:31:03.477844+00:00,2026-06-19 20:31:03.666416+00:00
5e9a69a0-200a-4746-9ff6-4a45624595cd,completed,2026-06-19 20:31:04.977539+00:00,2026-06-19 20:31:05.133215+00:00
002a6b2a-2f64-4269-8af9-70d37126ac9e,completed,2026-06-19 20:31:05.312731+00:00,2026-06-19 20:31:05.492779+00:00
4445e884-1192-4379-baf0-2951462e622b,completed,2026-06-19 20:31:06.735046+00:00,2026-06-19 20:31:06.916269+00:00
99902cb9-f72e-4c57-b956-a10056ded2b5,completed,2026-06-19 20:31:07.263741+00:00,2026-06-19 20:31:07.418695+00:00
0c9dade9-e619-49e3-bbdb-a57005d802af,completed,2026-06-19 20:31:24.488450+00:00,2026-06-19 20:31:24.624112+00:00
182a6cdc-4982-483d-96f4-2563f14af532,completed,2026-06-19 20:31:07.476247+00:00,2026-06-19 20:31:07.642215+00:00
f159a722-e8c6-4592-9e9c-da84a3308e92,completed,2026-06-19 20:31:14.115639+00:00,2026-06-19 20:31:14.265342+00:00
b3044e65-9dc4-496e-adbb-026463aff7a7,completed,2026-06-19 20:31:16.857933+00:00,2026-06-19 20:31:17.004060+00:00
382c3562-42ca-4533-b204-4030836a8026,completed,2026-06-19 20:31:25.160386+00:00,2026-06-19 20:31:25.296307+00:00
21a19563-a238-4fab-8ea0-faadb4a9ee25,completed,2026-06-19 20:31:18.543521+00:00,2026-06-19 20:31:18.682345+00:00
f3b80d5b-1f11-4192-83d7-396c544a5fc9,completed,2026-06-19 20:31:19.350744+00:00,2026-06-19 20:31:19.498566+00:00
229dc316-485e-4a6c-b71f-fc2da66f9137,completed,2026-06-19 20:31:20.391503+00:00,2026-06-19 20:31:20.539337+00:00
4d437568-754b-4005-96e0-8e4193602cf1,completed,2026-06-19 20:31:21.648477+00:00,2026-06-19 20:31:21.788488+00:00
547fb2d0-a3f2-44f5-b07e-3025e7399695,completed,2026-06-19 20:31:23.097758+00:00,2026-06-19 20:31:23.251382+00:00
d074cbbe-b0f3-4a2d-afe3-ed6abbeaa6fa,completed,2026-06-19 20:31:23.568845+00:00,2026-06-19 20:31:23.700592+00:00
b73d152a-dc23-4051-935a-2b453ebb7268,completed,2026-06-19 20:31:24.030188+00:00,2026-06-19 20:31:24.174421+00:00
a0a50d03-f2ae-443d-a054-4f1a7738242f,completed,2026-06-19 20:31:21.774934+00:00,2026-06-19 20:31:21.931255+00:00
0ed0fb54-51a0-4aef-8edf-a616547c059a,completed,2026-06-19 20:31:08.100209+00:00,2026-06-19 20:31:08.240753+00:00
f06abf67-2868-4fdb-9fd2-7fbcdc8f207a,completed,2026-06-19 20:31:10.094781+00:00,2026-06-19 20:31:10.237107+00:00
84fa75d0-1a74-44e7-a679-0815a22f98e6,completed,2026-06-19 20:31:10.474712+00:00,2026-06-19 20:31:10.613575+00:00
203d0ab4-7712-4879-a7ad-31cc83591f39,completed,2026-06-19 20:31:22.261055+00:00,2026-06-19 20:31:22.406865+00:00
d32261a5-d9ca-4beb-ba69-2ae2ad0989a0,completed,2026-06-19 20:31:15.215229+00:00,2026-06-19 20:31:15.360073+00:00
efcd553a-f911-4ce6-9b4f-cce3a5770a53,completed,2026-06-19 20:31:16.123119+00:00,2026-06-19 20:31:16.271352+00:00
c1789434-b1fd-45e4-b160-a6eb52751c17,completed,2026-06-19 20:31:16.713261+00:00,2026-06-19 20:31:16.873285+00:00
a50b9e8d-6f07-4d90-b932-5d38bd3e23f4,completed,2026-06-19 20:31:22.978945+00:00,2026-06-19 20:31:23.153012+00:00
b32c85a0-3611-4c4f-8075-671d0d8700fa,completed,2026-06-19 20:31:17.849130+00:00,2026-06-19 20:31:18.021952+00:00
d347e01b-3a80-4af8-8307-648bf6789279,completed,2026-06-19 20:31:20.263606+00:00,2026-06-19 20:31:20.442139+00:00
6cc4386e-4145-4dbe-baa3-af4ec0a682b1,completed,2026-06-19 20:31:20.776682+00:00,2026-06-19 20:31:20.926920+00:00
4473130d-b74a-414d-ba5e-4c948f804fb0,completed,2026-06-19 20:31:23.450398+00:00,2026-06-19 20:31:23.633174+00:00
8aa728be-fe17-4654-acd8-02818bff4d83,completed,2026-06-19 20:31:21.028361+00:00,2026-06-19 20:31:21.193240+00:00
ac47bc89-88e1-4cbc-9982-1f63feda3881,completed,2026-06-19 20:31:25.272956+00:00,2026-06-19 20:31:25.437731+00:00
75093e69-eace-4004-89d0-4ddf7f9ac31b,completed,2026-06-19 20:31:26.580127+00:00,2026-06-19 20:31:26.769588+00:00
05ad9882-bce9-4e72-ac34-f6b122cf9415,completed,2026-06-19 20:31:21.465949+00:00,2026-06-19 20:31:21.614327+00:00
8d1ce3d6-41e5-4ae6-ad68-3dd42a93b18d,completed,2026-06-19 20:31:08.406957+00:00,2026-06-19 20:31:08.590920+00:00
b9bd3216-eb08-483b-80fc-5c8ae7e992a6,completed,2026-06-19 20:31:10.002347+00:00,2026-06-19 20:31:10.156960+00:00
1435c047-2d0e-475e-8e5d-920ca6048eec,completed,2026-06-19 20:31:13.548521+00:00,2026-06-19 20:31:13.742475+00:00
5c6ca3a2-f5e5-4a04-8a2a-217f34ceb9e5,completed,2026-06-19 20:31:22.444830+00:00,2026-06-19 20:31:22.593416+00:00
75eb8cf7-b130-4e32-a5dc-887e5b69dac9,completed,2026-06-19 20:31:14.828981+00:00,2026-06-19 20:31:15.042815+00:00
1b0bb261-83e7-4729-91b1-1a0c7a296c50,completed,2026-06-19 20:31:18.064286+00:00,2026-06-19 20:31:18.206895+00:00
b8ba4f69-1c1e-4bc1-8241-2f0122e525cd,completed,2026-06-19 20:31:18.881254+00:00,2026-06-19 20:31:19.049277+00:00
24b37ce2-136c-495c-8977-77a4f57d6b7c,completed,2026-06-19 20:31:24.317975+00:00,2026-06-19 20:31:24.518499+00:00
18cf2e2c-94a4-4b2a-a396-faea4ad0e8b1,completed,2026-06-19 20:31:19.151535+00:00,2026-06-19 20:31:19.298735+00:00
357b1dde-29fc-490e-a05e-02322cf5e4a9,completed,2026-06-19 20:31:19.414567+00:00,2026-06-19 20:31:19.565623+00:00
6bae0f48-1130-47f0-97a6-059fbd7695be,completed,2026-06-19 20:31:19.939177+00:00,2026-06-19 20:31:20.092215+00:00
be957630-0530-4a1b-87a3-c24b403c600e,completed,2026-06-19 20:31:24.768871+00:00,2026-06-19 20:31:24.910072+00:00
75d84b7b-9004-403b-a841-b959d0c6e1b3,completed,2026-06-19 20:31:20.458888+00:00,2026-06-19 20:31:20.611439+00:00
82532c04-caec-4d98-ac43-918b7d8f39e9,completed,2026-06-19 20:31:26.739573+00:00,2026-06-19 20:31:26.906512+00:00
4e0f2f24-9003-4b5e-9a55-3c803678da58,completed,2026-06-19 20:31:26.951886+00:00,2026-06-19 20:31:27.100397+00:00
30cd319e-3d60-4206-b8d0-414a638785af,completed,2026-06-19 20:31:22.565491+00:00,2026-06-19 20:31:22.708616+00:00
9321c4b6-42c3-4548-9613-cedc788f46aa,completed,2026-06-19 20:31:10.569436+00:00,2026-06-19 20:31:10.724206+00:00
3c0de13c-5aa7-45bd-9420-db735d914b4f,completed,2026-06-19 20:31:14.036982+00:00,2026-06-19 20:31:14.189991+00:00
47a67201-ef33-4b32-a74d-46f213e0a81b,completed,2026-06-19 20:31:29.217018+00:00,2026-06-19 20:31:29.373654+00:00
ad15f84e-139f-408a-b924-af4edc3d7073,completed,2026-06-19 20:31:14.359620+00:00,2026-06-19 20:31:14.523682+00:00
1014c136-d1ff-4e0e-9441-abb836eb85b4,completed,2026-06-19 20:31:23.508429+00:00,2026-06-19 20:31:23.656885+00:00
f9428603-b185-47a7-977e-017927f388f6,completed,2026-06-19 20:31:15.596011+00:00,2026-06-19 20:31:15.759331+00:00
3e77df16-9ccd-411d-a832-ed42a83dba78,completed,2026-06-19 20:31:16.200164+00:00,2026-06-19 20:31:16.358906+00:00
0414423c-7cca-42ab-905f-c29578cb6788,completed,2026-06-19 20:31:16.785675+00:00,2026-06-19 20:31:16.916265+00:00
ca02dbd5-42b9-4dc3-8284-92feb928a9bd,completed,2026-06-19 20:31:26.417849+00:00,2026-06-19 20:31:26.572322+00:00
096da6cd-2e14-44f7-9325-0ce6508fd75b,completed,2026-06-19 20:31:17.074302+00:00,2026-06-19 20:31:17.232781+00:00
f27d221b-7214-4093-b832-7cf5cf9890c0,completed,2026-06-19 20:31:20.070488+00:00,2026-06-19 20:31:20.222812+00:00
e7888e34-e1ba-4f8d-b3dc-fdd8d499815f,completed,2026-06-19 20:31:29.316433+00:00,2026-06-19 20:31:29.474933+00:00
699ba991-671e-4ae7-8f3a-c7c94fe23b6f,completed,2026-06-19 20:31:20.835306+00:00,2026-06-19 20:31:20.998640+00:00
cf080ecc-3252-4d06-b037-e569d1bd0992,completed,2026-06-19 20:31:27.321161+00:00,2026-06-19 20:31:27.470216+00:00
fa23575a-dce5-4110-9470-85703a40e60d,completed,2026-06-19 20:31:21.087803+00:00,2026-06-19 20:31:21.233137+00:00
8b3b6602-a335-407b-beb7-fdd57c4e1b6f,completed,2026-06-19 20:31:28.512095+00:00,2026-06-19 20:31:28.680091+00:00
9cf3b8e4-33fb-49ce-a498-a09c14589899,completed,2026-06-19 20:31:28.611006+00:00,2026-06-19 20:31:28.763543+00:00
5eef2dd3-9898-4590-9c8a-be4a899bb2ea,completed,2026-06-19 20:31:27.790283+00:00,2026-06-19 20:31:27.941279+00:00
4e444ae4-8e36-423d-b52b-3af7db9f3640,completed,2026-06-19 20:31:28.151470+00:00,2026-06-19 20:31:28.297531+00:00
4ed77ef3-6abd-4c11-960f-47de68429d9d,completed,2026-06-19 20:31:28.302771+00:00,2026-06-19 20:31:28.472527+00:00
bf20d1d8-2f99-4454-a837-68af7835e8fb,completed,2026-06-19 20:31:29.064541+00:00,2026-06-19 20:31:29.213659+00:00
1dd45fa7-b119-483d-93a8-efc300257d3b,completed,2026-06-19 20:31:30.591902+00:00,2026-06-19 20:31:30.746442+00:00
d1adc6c6-edf3-4dc1-9636-cab4437c6c47,completed,2026-06-19 20:31:29.714054+00:00,2026-06-19 20:31:29.867159+00:00
132a22e9-157f-4a65-b05a-17204886c4fa,completed,2026-06-19 20:31:30.204113+00:00,2026-06-19 20:31:30.348310+00:00
0d0da3ac-b12d-4c38-a8bb-d1499807638c,completed,2026-06-19 20:31:30.008203+00:00,2026-06-19 20:31:30.175586+00:00
77eb27f4-e59a-4075-a147-4ae1544db929,completed,2026-06-19 20:31:30.301260+00:00,2026-06-19 20:31:30.447277+00:00
e7c6b80b-edd8-46ec-82f4-083f6b5a754a,completed,2026-06-19 20:31:30.544469+00:00,2026-06-19 20:31:30.689956+00:00
c87118b3-407d-4934-9e3d-e48c4f934115,completed,2026-06-19 20:31:30.786843+00:00,2026-06-19 20:31:30.946022+00:00
ca1ee26a-e7d8-499d-b831-89e0763cbe6a,completed,2026-06-19 20:31:31.213532+00:00,2026-06-19 20:31:31.382378+00:00
75739f5d-8d2c-4249-9b71-23f68e318f6c,completed,2026-06-19 20:31:31.644268+00:00,2026-06-19 20:31:31.797763+00:00
37de1b9d-ae96-4545-9e06-40f5dce48f7f,completed,2026-06-19 20:31:43.620956+00:00,2026-06-19 20:31:43.789468+00:00
4fd52626-a9db-4452-8b17-cb9b8ac85ee5,completed,2026-06-19 20:31:32.109815+00:00,2026-06-19 20:31:32.268377+00:00
9246bf7d-328d-42f4-bd0f-004bc4dc908a,completed,2026-06-19 20:31:32.260025+00:00,2026-06-19 20:31:32.396756+00:00
21d39ae6-778e-40a2-b549-ebe41b1c39ad,completed,2026-06-19 20:31:39.652361+00:00,2026-06-19 20:31:39.792804+00:00
1e41ce5c-7e17-4c4e-b2ca-84ba2aa8c23d,completed,2026-06-19 20:31:32.483631+00:00,2026-06-19 20:31:32.626941+00:00
98a9c0ec-d383-41c6-807d-814758fb688f,completed,2026-06-19 20:31:32.944202+00:00,2026-06-19 20:31:33.114847+00:00
5fa232a4-76d4-4784-bfe5-21ae99f1f611,completed,2026-06-19 20:31:33.759299+00:00,2026-06-19 20:31:33.913820+00:00
6a6e4abc-d6d5-4756-8aed-8d0bec03c008,completed,2026-06-19 20:31:34.294949+00:00,2026-06-19 20:31:34.448736+00:00
fc01511e-df2e-4c84-a647-5290e1cd1299,completed,2026-06-19 20:31:39.969570+00:00,2026-06-19 20:31:40.106975+00:00
9ca6e1d2-02f7-435b-9906-805aa9502ab6,completed,2026-06-19 20:31:34.997663+00:00,2026-06-19 20:31:35.148652+00:00
5f2e874a-85fc-4683-8219-0e1829c73d76,completed,2026-06-19 20:31:35.346050+00:00,2026-06-19 20:31:35.494094+00:00
b6b3aebc-9525-4bb8-99a0-511cbef71439,completed,2026-06-19 20:31:45.502074+00:00,2026-06-19 20:31:45.728245+00:00
96ddf50c-9db3-46f2-8cae-a2727d863c67,completed,2026-06-19 20:31:37.215707+00:00,2026-06-19 20:31:37.410060+00:00
3e94d191-91ea-45cd-ba93-6020eabadb90,completed,2026-06-19 20:31:40.450345+00:00,2026-06-19 20:31:40.603094+00:00
d586be10-8b8c-40d3-b1f7-93f8129941e8,completed,2026-06-19 20:31:39.336885+00:00,2026-06-19 20:31:39.503736+00:00
91b20e2b-abf8-4ac2-ba96-dfd4863b529a,completed,2026-06-19 20:31:39.495266+00:00,2026-06-19 20:31:39.642377+00:00
1ef834f4-764e-4c91-8d0d-becc73f44622,completed,2026-06-19 20:31:44.497684+00:00,2026-06-19 20:31:44.690889+00:00
b1acc023-cfa3-4548-bc1b-3a30e154701c,completed,2026-06-19 20:31:41.217528+00:00,2026-06-19 20:31:41.358777+00:00
eb4ca264-847c-4bca-84fe-f586ed510456,completed,2026-06-19 20:31:42.729161+00:00,2026-06-19 20:31:42.892462+00:00
1880e263-9662-4156-90c6-f553263f3723,completed,2026-06-19 20:31:43.328179+00:00,2026-06-19 20:31:43.479089+00:00
9f724c0a-4e9e-4572-a0df-b0d3543f53d0,completed,2026-06-19 20:31:48.681674+00:00,2026-06-19 20:31:49.155977+00:00
b1754fd1-93ec-4460-bbf5-3e5720eaa51b,completed,2026-06-19 20:31:44.931639+00:00,2026-06-19 20:31:45.119167+00:00
622f08b1-6ce4-4bcf-92d4-709e3e7121a3,completed,2026-06-19 20:31:46.766578+00:00,2026-06-19 20:31:47.107696+00:00
24a13d9d-aae9-4ca5-828a-72df28225a13,completed,2026-06-19 20:31:45.074856+00:00,2026-06-19 20:31:45.347082+00:00
05b49e59-02cb-4a89-bf5b-c3ed8bac463e,completed,2026-06-19 20:31:48.140850+00:00,2026-06-19 20:31:48.548605+00:00
6dc89204-e557-403a-b892-2a3b313f013c,completed,2026-06-19 20:31:47.319571+00:00,2026-06-19 20:31:47.675648+00:00
123bae1b-44c6-4abd-8067-796f449ee8ff,completed,2026-06-19 20:31:48.949703+00:00,2026-06-19 20:31:49.443597+00:00
d8b15b78-55a1-4667-a535-c52068b64d60,completed,2026-06-19 20:31:49.083313+00:00,2026-06-19 20:31:49.584555+00:00
b6aa356c-46e7-4c55-99c6-01f138262529,completed,2026-06-19 20:31:49.355974+00:00,2026-06-19 20:31:49.860964+00:00
f410f5b5-a9fe-4b65-b3f1-861fb49d1bd1,completed,2026-06-19 20:31:49.749469+00:00,2026-06-19 20:31:50.314647+00:00
4ca1d451-c3c2-467c-9186-cc6595ce49a9,completed,2026-06-19 20:31:52.209736+00:00,2026-06-19 20:31:53.102164+00:00
7d404b6b-0656-4fd9-963f-a4355efad1fb,completed,2026-06-19 20:31:42.320986+00:00,2026-06-19 20:31:42.469868+00:00
8e6a839a-ff88-43a9-8252-62ecb6b313ac,completed,2026-06-19 20:31:33.079155+00:00,2026-06-19 20:31:33.244397+00:00
defd3b98-07cc-43a5-b520-29ab245a755e,completed,2026-06-19 20:31:34.516138+00:00,2026-06-19 20:31:34.670109+00:00
bc7464c6-9aad-472f-bfa4-05dadae150d9,completed,2026-06-19 20:31:50.437343+00:00,2026-06-19 20:31:51.253345+00:00
08cdb282-c252-4933-b98e-1a9fc522b85c,completed,2026-06-19 20:31:35.041691+00:00,2026-06-19 20:31:35.212394+00:00
b4a667b2-8da9-434f-bd05-d0939cfa7733,completed,2026-06-19 20:31:42.772325+00:00,2026-06-19 20:31:42.909512+00:00
c836720a-15ba-4dc5-93be-4475888902b8,completed,2026-06-19 20:31:37.424898+00:00,2026-06-19 20:31:37.559255+00:00
28228b33-b3b5-4baf-9dc0-3777248d352c,completed,2026-06-19 20:31:37.754747+00:00,2026-06-19 20:31:37.899308+00:00
3fd74c2e-cba3-491e-b5e8-5f2cad029286,completed,2026-06-19 20:31:46.524719+00:00,2026-06-19 20:31:46.815656+00:00
916203ff-2696-4977-84c3-55231d2cecc9,completed,2026-06-19 20:31:39.217262+00:00,2026-06-19 20:31:39.370886+00:00
18dba8e1-b8cc-4ebe-b01c-08db28d828d4,completed,2026-06-19 20:31:43.066123+00:00,2026-06-19 20:31:43.212646+00:00
8f1308f8-aa49-4f15-889e-8b1fdbb3ea4e,completed,2026-06-19 20:31:39.377660+00:00,2026-06-19 20:31:39.523495+00:00
3eec5d0a-bc25-4763-a6e2-0b4612aaf1de,completed,2026-06-19 20:31:40.947452+00:00,2026-06-19 20:31:41.107859+00:00
b0d98b2a-8075-4807-b2e8-ddebf7931b18,completed,2026-06-19 20:31:41.409140+00:00,2026-06-19 20:31:41.554251+00:00
aef58e44-16f7-44bf-aefa-6da8e89fe9da,completed,2026-06-19 20:31:41.868209+00:00,2026-06-19 20:31:42.003655+00:00
19fc91e1-9f14-426a-8486-e635328bbc1c,completed,2026-06-19 20:31:44.243502+00:00,2026-06-19 20:31:44.445559+00:00
5b94fd50-79c1-48cd-a10b-3387c1bd2a4d,completed,2026-06-19 20:31:44.390948+00:00,2026-06-19 20:31:44.597191+00:00
ddcd90de-df30-4d46-b772-2f746ab74214,completed,2026-06-19 20:31:47.215165+00:00,2026-06-19 20:31:47.600254+00:00
67ad9ae6-eebc-4baa-b384-8384c1e929a7,completed,2026-06-19 20:31:45.253945+00:00,2026-06-19 20:31:45.521930+00:00
8e2dd7e3-74dd-4ed4-980f-e94d91521f8e,completed,2026-06-19 20:31:49.916346+00:00,2026-06-19 20:31:50.472081+00:00
8245d107-c530-4b5e-9c68-ae284220d0ec,completed,2026-06-19 20:31:45.819875+00:00,2026-06-19 20:31:46.091567+00:00
215ab815-97b5-4bb5-a952-44ff8bca5d87,completed,2026-06-19 20:31:47.363745+00:00,2026-06-19 20:31:47.746216+00:00
5ee30ed9-0c17-42cc-b514-f3a6f0f22c83,completed,2026-06-19 20:31:49.252129+00:00,2026-06-19 20:31:49.764178+00:00
ad060b39-5be0-4677-a1f1-61e2c1fd66c3,completed,2026-06-19 20:31:50.176455+00:00,2026-06-19 20:31:50.840602+00:00
08e9e1dc-b9c9-48f1-9ee4-a93b3023df48,completed,2026-06-19 20:31:51.233815+00:00,2026-06-19 20:31:51.986623+00:00
1d4de8c1-8d77-47f5-93b5-be328d039916,completed,2026-06-19 20:31:51.479721+00:00,2026-06-19 20:31:52.275449+00:00
c898946d-85ea-4b6c-9843-84245e5e6a9e,completed,2026-06-19 20:31:51.609439+00:00,2026-06-19 20:31:52.410194+00:00
5ef054b6-bae8-4617-bf64-c95d42db9b29,completed,2026-06-19 20:31:51.857477+00:00,2026-06-19 20:31:52.692103+00:00
71f6dabc-c9fc-4906-8034-c25a8316db0b,completed,2026-06-19 20:31:52.112790+00:00,2026-06-19 20:31:52.974023+00:00
ad7d9ba2-e767-4b20-a42a-c4ca42fc3e77,completed,2026-06-19 20:31:52.495832+00:00,2026-06-19 20:31:53.395437+00:00
c0695100-077c-48eb-9827-2d7243a252a7,completed,2026-06-19 20:31:53.122356+00:00,2026-06-19 20:31:54.139320+00:00
8cee4bd5-8f0b-4b90-9828-7a772892931c,completed,2026-06-19 20:31:41.904242+00:00,2026-06-19 20:31:42.063180+00:00
225d2b9d-1c33-486d-bdbf-6edac66cce12,completed,2026-06-19 20:31:33.303747+00:00,2026-06-19 20:31:33.445728+00:00
22774c98-8787-459b-9bdb-4416122af589,completed,2026-06-19 20:31:33.668304+00:00,2026-06-19 20:31:33.824914+00:00
8026ffd1-892a-40be-a335-64ef71bd4581,completed,2026-06-19 20:31:52.651595+00:00,2026-06-19 20:31:53.652881+00:00
438e6d68-14f8-438a-bf54-ffcafab4528e,completed,2026-06-19 20:31:33.848664+00:00,2026-06-19 20:31:33.992544+00:00
44b4462b-5cd4-4ce2-8668-e6baf664be46,completed,2026-06-19 20:31:34.557152+00:00,2026-06-19 20:31:34.709145+00:00
8a88df5e-4f2f-4546-9674-5d6dbc802499,completed,2026-06-19 20:31:43.988589+00:00,2026-06-19 20:31:44.160211+00:00
8c7eb9f8-00d7-4b61-804e-0ecc53620afd,completed,2026-06-19 20:31:35.086552+00:00,2026-06-19 20:31:35.233013+00:00
036ad6b2-c96f-4c2c-b1c2-58f23d3d74d4,completed,2026-06-19 20:31:36.288526+00:00,2026-06-19 20:31:36.429856+00:00
b3f238eb-45b5-4b31-81fc-527971e832ce,completed,2026-06-19 20:31:44.134720+00:00,2026-06-19 20:31:44.297553+00:00
e9da4eab-263e-471e-84a8-69620a894ecf,completed,2026-06-19 20:31:37.794516+00:00,2026-06-19 20:31:37.950333+00:00
7d75540f-3184-4a5c-bcb5-f0f2710f2a7c,completed,2026-06-19 20:31:40.672735+00:00,2026-06-19 20:31:40.826579+00:00
9fcba0c4-2584-4f86-8380-bb3ef564b2e8,completed,2026-06-19 20:31:48.076215+00:00,2026-06-19 20:31:48.504084+00:00
c192cf3d-7325-4f38-96d6-50c5e10177f6,completed,2026-06-19 20:31:41.138793+00:00,2026-06-19 20:31:41.282229+00:00
a15945b4-d1a8-4951-b482-e9f0d841102d,completed,2026-06-19 20:31:45.290669+00:00,2026-06-19 20:31:45.504475+00:00
c3ce51c2-7e51-44e1-96ef-d3f6b2eff44e,completed,2026-06-19 20:31:41.446752+00:00,2026-06-19 20:31:41.624678+00:00
fe5d1cf6-30f8-4db8-b86e-28e86a988680,completed,2026-06-19 20:31:50.346091+00:00,2026-06-19 20:31:51.003800+00:00
c8d172d3-8f74-44bc-a699-b4692ca8086f,completed,2026-06-19 20:31:48.207722+00:00,2026-06-19 20:31:48.644909+00:00
15850ea5-df33-4c65-81ae-7e2f3754cb02,completed,2026-06-19 20:31:45.996994+00:00,2026-06-19 20:31:46.322272+00:00
20557153-6f2b-448a-853e-4662a5ef2cc1,completed,2026-06-19 20:31:46.698621+00:00,2026-06-19 20:31:47.056973+00:00
fa2d3bf4-b11e-4b65-9e92-6223a43bd9b9,completed,2026-06-19 20:31:48.477490+00:00,2026-06-19 20:31:48.949287+00:00
70af28ac-d3b0-4251-9959-c7113113d5b6,completed,2026-06-19 20:31:47.254547+00:00,2026-06-19 20:31:47.660517+00:00
dc981fb6-6b4d-4a30-a523-1829b4494646,completed,2026-06-19 20:31:49.680889+00:00,2026-06-19 20:31:50.247749+00:00
3a82abdc-8864-42a6-8e17-5567476e41b0,completed,2026-06-19 20:31:52.020981+00:00,2026-06-19 20:31:52.937040+00:00
43d9e0ab-8412-4eb2-8be9-1282e47b5a8f,completed,2026-06-19 20:31:54.151242+00:00,2026-06-19 20:31:55.394565+00:00
08b6e225-196e-4de2-946b-8785c27bb94b,completed,2026-06-19 20:31:53.153271+00:00,2026-06-19 20:31:54.220012+00:00
bc3b9fbf-5db4-4247-ac00-87503accfa24,completed,2026-06-19 20:31:54.640799+00:00,2026-06-19 20:31:55.943022+00:00
ae45d5c1-567c-4e8a-a245-aa77bec3af0a,completed,2026-06-19 20:31:55.498640+00:00,2026-06-19 20:31:56.985694+00:00
425ead5b-36e9-4752-94db-f8aee9406541,completed,2026-06-19 20:31:55.849178+00:00,2026-06-19 20:31:57.451730+00:00
e972d8cc-9a36-41cc-8b4d-66934a5cd20d,completed,2026-06-19 20:31:56.208083+00:00,2026-06-19 20:31:57.891111+00:00
b84c1a6c-de8c-4386-8bee-63d615c03a13,completed,2026-06-19 20:31:56.327912+00:00,2026-06-19 20:31:58.038907+00:00
e75fb4e8-7620-4e7e-8bb9-29ff065f1d6b,completed,2026-06-19 20:31:40.712497+00:00,2026-06-19 20:31:40.866684+00:00
8f2098fe-d4f5-4e81-b31a-2b397de902c9,completed,2026-06-19 20:31:33.349381+00:00,2026-06-19 20:31:33.488039+00:00
fb752abf-7bb3-4174-9b8d-f9f67335dbc9,completed,2026-06-19 20:31:33.714354+00:00,2026-06-19 20:31:33.856226+00:00
3b22c8fb-0ce1-46d3-a8db-a4a27723557d,completed,2026-06-19 20:31:35.821930+00:00,2026-06-19 20:31:35.967728+00:00
bbb7041a-d24b-4a04-ac53-67d8a5b1065b,completed,2026-06-19 20:31:41.024122+00:00,2026-06-19 20:31:41.162795+00:00
ed5d23ed-239d-4da3-9111-d7dd0b5c5f8b,completed,2026-06-19 20:31:35.994786+00:00,2026-06-19 20:31:36.140636+00:00
6ac0d092-d366-40e4-96ab-027e5a9692f9,completed,2026-06-19 20:31:38.974123+00:00,2026-06-19 20:31:39.125947+00:00
3e4548cd-fc5c-444e-bf52-c5004ac797da,completed,2026-06-19 20:31:44.892542+00:00,2026-06-19 20:31:45.136791+00:00
bce5979f-8782-4c1e-bb62-87506575756f,completed,2026-06-19 20:31:39.137151+00:00,2026-06-19 20:31:39.288396+00:00
082826e7-14e6-4720-800c-4c2a8e362c76,completed,2026-06-19 20:31:41.639240+00:00,2026-06-19 20:31:41.773650+00:00
43cdd35e-b6d7-4966-a7eb-0b3692aeac2e,completed,2026-06-19 20:31:39.293402+00:00,2026-06-19 20:31:39.439597+00:00
8272cccc-ca9f-4b18-8873-29ef589c3481,completed,2026-06-19 20:31:39.614645+00:00,2026-06-19 20:31:39.749921+00:00
595a83fa-e2c4-4c5c-9b19-3baf9edc1cfd,completed,2026-06-19 20:31:40.088249+00:00,2026-06-19 20:31:40.245117+00:00
95ff4822-8afd-4525-bcc9-06732c5b8914,completed,2026-06-19 20:31:40.244064+00:00,2026-06-19 20:31:40.385253+00:00
62fb882c-744b-4117-b319-968dcea97b0a,completed,2026-06-19 20:31:42.692764+00:00,2026-06-19 20:31:42.859169+00:00
93a10341-d909-45c6-9591-60c9bcd2253f,completed,2026-06-19 20:31:45.750761+00:00,2026-06-19 20:31:46.021759+00:00
41e9f6cf-720c-4e8d-a78b-412523c560c9,completed,2026-06-19 20:31:42.844576+00:00,2026-06-19 20:31:42.997867+00:00
8ce859f1-8334-408c-a32e-79ca84d0a6ee,completed,2026-06-19 20:31:48.647483+00:00,2026-06-19 20:31:49.093004+00:00
b51a65d7-5154-4b2f-bae0-9e0c9287809b,completed,2026-06-19 20:31:44.331528+00:00,2026-06-19 20:31:44.531381+00:00
1c2114d7-8437-4926-ab6c-204d3e279b69,completed,2026-06-19 20:31:44.485539+00:00,2026-06-19 20:31:44.655797+00:00
8e537dbf-dcd0-4239-a956-1af5be9b0b22,completed,2026-06-19 20:31:46.453299+00:00,2026-06-19 20:31:46.793207+00:00
ee639111-1d72-4c08-bb1c-92bf0b4bf061,completed,2026-06-19 20:31:49.847721+00:00,2026-06-19 20:31:50.406435+00:00
703bcc74-aea3-44c2-b273-f133e7adde8f,completed,2026-06-19 20:31:47.969181+00:00,2026-06-19 20:31:48.364129+00:00
162bee8a-9b40-4bb6-a709-8d3935c5a312,completed,2026-06-19 20:31:48.781537+00:00,2026-06-19 20:31:49.252930+00:00
302e7917-c39c-4c82-97d0-a21dae0d7b51,completed,2026-06-19 20:31:51.159857+00:00,2026-06-19 20:31:51.900528+00:00
69e965df-577c-4cee-ba78-c714542d3852,completed,2026-06-19 20:31:49.048810+00:00,2026-06-19 20:31:49.547368+00:00
80457c3e-3244-42f9-8f36-c9de01905c25,completed,2026-06-19 20:31:50.112272+00:00,2026-06-19 20:31:50.731849+00:00
fe8dba45-84b2-4ed3-96cb-2157e15f621e,completed,2026-06-19 20:31:51.280189+00:00,2026-06-19 20:31:52.059517+00:00
216f4427-78d4-40b5-b3c4-0083a6d77f96,completed,2026-06-19 20:31:57.657242+00:00,2026-06-19 20:31:59.733533+00:00
ea210b3e-dd7b-4259-ab38-ed3494e2cf77,completed,2026-06-19 20:31:51.538721+00:00,2026-06-19 20:31:52.360804+00:00
165cf5c8-1008-4924-be9e-abf8c43e4e84,completed,2026-06-19 20:31:55.639398+00:00,2026-06-19 20:31:57.200191+00:00
3d843a89-3ed0-49dc-b7af-d70f0b551d06,completed,2026-06-19 20:31:51.668274+00:00,2026-06-19 20:31:52.501690+00:00
ce5f518a-cb26-4c83-baa5-448af5298bf1,completed,2026-06-19 20:31:51.925398+00:00,2026-06-19 20:31:52.786301+00:00
cd99fbd9-e65c-4c5b-aa46-557b8fe02f74,completed,2026-06-19 20:31:52.556339+00:00,2026-06-19 20:31:53.523398+00:00
a05eb43a-0ad4-44a2-aa67-e179f9bb81b1,completed,2026-06-19 20:31:52.699317+00:00,2026-06-19 20:31:53.698658+00:00
02f0c02f-4a59-4967-bf05-1c9c248f3f43,completed,2026-06-19 20:31:52.934016+00:00,2026-06-19 20:31:53.979870+00:00
8d7931e3-21a4-4b07-b955-ce49aadb1d2e,completed,2026-06-19 20:31:53.186108+00:00,2026-06-19 20:31:54.264084+00:00
0ef672d6-acd9-4110-90d6-d6bd910031cf,completed,2026-06-19 20:31:54.177936+00:00,2026-06-19 20:31:55.431257+00:00
06226654-61aa-4164-b4ba-b3a886c94a36,completed,2026-06-19 20:31:56.715326+00:00,2026-06-19 20:31:58.498147+00:00
69d97cb3-09c3-4e96-9ccd-ca6522166934,completed,2026-06-19 20:31:54.422635+00:00,2026-06-19 20:31:55.720373+00:00
11d254ba-2c64-4ede-9df1-5ac576246a22,completed,2026-06-19 20:31:55.519554+00:00,2026-06-19 20:31:57.056590+00:00
96b7b4a9-96df-406f-8263-9cbaae4d09c1,completed,2026-06-19 20:31:57.302829+00:00,2026-06-19 20:31:59.254775+00:00
7b855b72-ba47-4cbc-ae3a-dca7a0271f3c,completed,2026-06-19 20:32:00.406793+00:00,2026-06-19 20:32:03.402085+00:00
c1c240bc-49e2-4fda-a3c3-4ba1ebb866d1,completed,2026-06-19 20:31:57.422453+00:00,2026-06-19 20:31:59.411962+00:00
a574bf00-be75-48a1-b60d-8431bc364aa2,completed,2026-06-19 20:31:58.353070+00:00,2026-06-19 20:32:00.586713+00:00
cbda7739-190d-4edf-9bbc-66d2d68cec3c,completed,2026-06-19 20:31:57.541074+00:00,2026-06-19 20:31:59.578501+00:00
d7621beb-e0f6-42ab-b64c-1072a054e2f9,completed,2026-06-19 20:31:59.614597+00:00,2026-06-19 20:32:02.348177+00:00
cdeec09a-d7fb-4599-8015-971c0719b00a,completed,2026-06-19 20:32:03.180235+00:00,2026-06-19 20:32:07.177968+00:00
81f06ba1-8fbb-4107-b1d1-2572e6bc4e7d,completed,2026-06-19 20:31:58.817959+00:00,2026-06-19 20:32:01.329352+00:00
0bfada7b-370e-4c66-b814-72d270cc5ef6,completed,2026-06-19 20:32:00.182348+00:00,2026-06-19 20:32:03.112191+00:00
7c38eeff-450b-416e-b789-ab3fc5f4a079,completed,2026-06-19 20:31:59.386903+00:00,2026-06-19 20:32:02.033059+00:00
19837008-6f31-494a-946d-0549e64fbf71,completed,2026-06-19 20:32:02.183695+00:00,2026-06-19 20:32:05.799386+00:00
0646198f-230f-416e-89d5-b84835bb0f11,completed,2026-06-19 20:32:00.855639+00:00,2026-06-19 20:32:04.014706+00:00
857d2482-25c3-454c-8749-b1661da952c5,completed,2026-06-19 20:32:05.294845+00:00,2026-06-19 20:32:10.138285+00:00
f3727935-c933-4ca2-b734-8793adcdbb1a,completed,2026-06-19 20:32:05.505029+00:00,2026-06-19 20:32:10.429329+00:00
39a7ee3f-9855-4d32-a9e7-aecfc7d747cc,completed,2026-06-19 20:32:07.164724+00:00,2026-06-19 20:32:12.925643+00:00
3714e369-b6b7-4dcb-a7a5-87d61996c8c6,completed,2026-06-19 20:32:08.081935+00:00,2026-06-19 20:32:14.283722+00:00
104b7665-5dd5-4cf6-8c34-6daad29d75b0,completed,2026-06-19 20:32:08.385671+00:00,2026-06-19 20:32:14.780142+00:00
e43ed715-dae8-4b88-9ab2-a36efbc63788,completed,2026-06-19 20:32:09.890707+00:00,2026-06-19 20:32:17.005166+00:00
1025975d-c158-4bd5-b620-2ea00c625d6b,completed,2026-06-19 20:32:01.215373+00:00,2026-06-19 20:32:04.557011+00:00
d9c81067-deb3-4bef-8769-2a17608c32c5,completed,2026-06-19 20:31:52.715929+00:00,2026-06-19 20:31:53.670413+00:00
e9f13245-f39d-4fd3-b27a-121b93b00f6f,completed,2026-06-19 20:31:58.381385+00:00,2026-06-19 20:32:00.682741+00:00
d80d2f4d-f236-4951-ad45-d59121f7bc99,completed,2026-06-19 20:31:53.964777+00:00,2026-06-19 20:31:55.152445+00:00
8b64ce96-daaf-4aff-90ab-6cc95d639c19,completed,2026-06-19 20:31:54.208968+00:00,2026-06-19 20:31:55.440376+00:00
5cf754bb-34c1-4d99-be6a-f22a9cc83d3b,completed,2026-06-19 20:32:03.296710+00:00,2026-06-19 20:32:07.381049+00:00
d9eed365-d830-4bff-825a-1860858b869e,completed,2026-06-19 20:31:54.577804+00:00,2026-06-19 20:31:55.878091+00:00
4d00de8b-b679-42d9-8d26-d50c5fe87d35,completed,2026-06-19 20:31:59.080339+00:00,2026-06-19 20:32:01.598990+00:00
e64f6549-8492-4252-88f8-3f1990c1c952,completed,2026-06-19 20:31:55.188489+00:00,2026-06-19 20:31:56.664308+00:00
fc15ec8c-68fa-4a01-9f24-54b52187836e,completed,2026-06-19 20:32:01.879170+00:00,2026-06-19 20:32:05.385633+00:00
336d2f72-e2ce-4556-b8b7-005663afd907,completed,2026-06-19 20:31:56.029316+00:00,2026-06-19 20:31:57.645233+00:00
9e547fc7-6dfb-411c-a5a0-a94108fe1cae,completed,2026-06-19 20:31:56.268628+00:00,2026-06-19 20:31:57.947081+00:00
21983b58-83e7-4023-8874-99d14a855269,completed,2026-06-19 20:31:59.303839+00:00,2026-06-19 20:32:01.884757+00:00
678113d5-62b6-4e16-b594-6269de8ff9b3,completed,2026-06-19 20:31:57.097774+00:00,2026-06-19 20:31:59.024937+00:00
a162e65a-e39a-4546-81d7-76416c44b64e,completed,2026-06-19 20:31:57.216292+00:00,2026-06-19 20:31:59.153752+00:00
ad9a2572-5f74-40dc-906a-caba440edc93,completed,2026-06-19 20:31:59.644203+00:00,2026-06-19 20:32:02.379045+00:00
d88476ba-5aa7-45db-b0a4-2532d679a711,completed,2026-06-19 20:31:59.870723+00:00,2026-06-19 20:32:02.662427+00:00
c0d5288d-5e0f-430e-94c9-4605f239f168,completed,2026-06-19 20:32:06.260693+00:00,2026-06-19 20:32:11.610732+00:00
6615df00-459d-4d64-ae2d-eccf65596703,completed,2026-06-19 20:32:02.427729+00:00,2026-06-19 20:32:06.141969+00:00
3072e501-93b3-4dc7-9973-5dd60b347393,completed,2026-06-19 20:32:02.537730+00:00,2026-06-19 20:32:06.277392+00:00
540c75be-3f28-46b8-a585-732ab6a787c9,completed,2026-06-19 20:32:08.915084+00:00,2026-06-19 20:32:15.529312+00:00
fa2f6190-13a3-4c6a-91a0-0a25076afc30,completed,2026-06-19 20:32:04.050219+00:00,2026-06-19 20:32:08.412447+00:00
3db9898e-90e3-48de-ae81-ddcbbe41b2f3,completed,2026-06-19 20:32:06.157170+00:00,2026-06-19 20:32:11.476575+00:00
45121240-4123-4f58-b820-173ae79fd821,completed,2026-06-19 20:32:07.089193+00:00,2026-06-19 20:32:12.806803+00:00
ee68db79-c715-481b-9132-08aa4c0c2fb6,completed,2026-06-19 20:32:07.498466+00:00,2026-06-19 20:32:13.429978+00:00
0e5785e5-4176-407f-9352-085117ef6c0d,completed,2026-06-19 20:32:08.209659+00:00,2026-06-19 20:32:14.450861+00:00
6b7ad7e0-b543-4a45-9d4b-262aca36d7ee,completed,2026-06-19 20:32:08.817587+00:00,2026-06-19 20:32:15.402452+00:00
dfb72cf5-5803-4948-bf2e-39f8933cbd02,completed,2026-06-19 20:32:09.017117+00:00,2026-06-19 20:32:15.667848+00:00
e501dd68-2404-42cd-bccc-b14b499511b0,completed,2026-06-19 20:32:09.214961+00:00,2026-06-19 20:32:15.971973+00:00
eff3bc26-a73c-48a3-a59b-ea93318ce796,completed,2026-06-19 20:32:09.514973+00:00,2026-06-19 20:32:16.388119+00:00
19fb27bd-86a3-4e77-a313-e814366f572c,completed,2026-06-19 20:32:04.396541+00:00,2026-06-19 20:32:08.909367+00:00
a0e531e7-1a09-4686-ad89-b01ab28857b6,completed,2026-06-19 20:31:53.498099+00:00,2026-06-19 20:31:54.570049+00:00
08510c37-2d28-4e4d-8c43-e2bdb4de80d6,completed,2026-06-19 20:31:57.012380+00:00,2026-06-19 20:31:58.909017+00:00
97a5064d-0d6d-49de-81cd-b3cb12f8e322,completed,2026-06-19 20:32:08.436145+00:00,2026-06-19 20:32:14.771557+00:00
3ca15e16-5f40-428b-bb6c-feea6cea2669,completed,2026-06-19 20:31:57.597683+00:00,2026-06-19 20:31:59.647524+00:00
fc91045b-eea3-455b-b884-2c3de0c591cd,completed,2026-06-19 20:32:04.927117+00:00,2026-06-19 20:32:09.635965+00:00
c82bcacf-cdb5-4263-a357-9c5e379f5728,completed,2026-06-19 20:31:59.215373+00:00,2026-06-19 20:32:01.800231+00:00
89ceda29-143e-46bb-8fd7-f07522ae5627,completed,2026-06-19 20:32:07.113736+00:00,2026-06-19 20:32:12.854481+00:00
270c4c4f-006b-497f-b5ec-791f414e39d6,completed,2026-06-19 20:31:59.559238+00:00,2026-06-19 20:32:02.296176+00:00
a9c853f3-c3b7-4ab8-9cb6-73586182fa31,completed,2026-06-19 20:32:05.137798+00:00,2026-06-19 20:32:09.935114+00:00
b815e370-507e-45db-b953-6907d214f87f,completed,2026-06-19 20:32:00.573627+00:00,2026-06-19 20:32:03.655087+00:00
c1acdec8-ac24-4a26-a751-754566f9bea5,completed,2026-06-19 20:32:01.907078+00:00,2026-06-19 20:32:05.419275+00:00
51d106f4-c272-4604-8ec3-787d8e4c3a92,completed,2026-06-19 20:32:05.349793+00:00,2026-06-19 20:32:10.230642+00:00
26313920-0abe-49d7-8458-f162b08a5ce6,completed,2026-06-19 20:32:05.975043+00:00,2026-06-19 20:32:11.140828+00:00
afc84e3f-5192-42f5-84ab-bb984a3fda68,completed,2026-06-19 20:32:07.318182+00:00,2026-06-19 20:32:13.147453+00:00
7445e9d3-1948-494f-ae2c-bdb0728138fd,completed,2026-06-19 20:32:06.289150+00:00,2026-06-19 20:32:11.621825+00:00
d39947c6-7334-47af-9a2f-c314a4a125fc,completed,2026-06-19 20:32:08.135273+00:00,2026-06-19 20:32:14.333225+00:00
51faca4b-41d3-4e88-ba23-990809ef4875,completed,2026-06-19 20:32:11.641543+00:00,2026-06-19 20:32:19.545835+00:00
c362616b-a682-4250-a725-58803f5aaacf,completed,2026-06-19 20:32:09.140491+00:00,2026-06-19 20:32:15.829683+00:00
1c06c207-6133-48a4-ab3d-17b8c040fb8a,completed,2026-06-19 20:32:12.940847+00:00,2026-06-19 20:32:21.488625+00:00
d45ce0c1-cfd2-44db-8eb3-169b95902679,completed,2026-06-19 20:32:09.942021+00:00,2026-06-19 20:32:17.011020+00:00
f4cbf7b9-6a7e-4327-bf33-38b4473660c9,completed,2026-06-19 20:32:13.041706+00:00,2026-06-19 20:32:21.640506+00:00
22409ce7-68f5-49a9-9fb1-a4efd14b226f,completed,2026-06-19 20:32:13.939889+00:00,2026-06-19 20:32:22.981375+00:00
3b2af253-ae49-4001-8ddc-66b985548093,completed,2026-06-19 20:32:14.143289+00:00,2026-06-19 20:32:23.269635+00:00
a5560c87-1244-46ca-816a-14ec417152f8,completed,2026-06-19 20:32:15.341228+00:00,2026-06-19 20:32:25.017714+00:00
ad6de864-44dc-4d83-8ea0-9be860bcb5c3,completed,2026-06-19 20:32:16.040093+00:00,2026-06-19 20:32:26.135055+00:00
68405e4d-0d77-48c8-a6c9-c341be2cf7b9,completed,2026-06-19 20:32:17.441345+00:00,2026-06-19 20:32:28.207815+00:00
2bd4145a-512c-4bc0-941e-9eec5e751c8a,completed,2026-06-19 20:32:17.940931+00:00,2026-06-19 20:32:28.927940+00:00
8bd30fbc-989b-49b2-8cf6-c95858c7a58a,completed,2026-06-19 20:32:03.567765+00:00,2026-06-19 20:32:07.735736+00:00
839f7859-f066-43bd-a80f-dd838ed9fcca,completed,2026-06-19 20:31:56.568638+00:00,2026-06-19 20:31:58.339429+00:00
0b52dbca-be39-44fd-afef-edd169f400f6,completed,2026-06-19 20:31:57.273939+00:00,2026-06-19 20:31:59.193317+00:00
4330020e-5230-490c-94f7-74ffc20e3f99,completed,2026-06-19 20:31:58.555323+00:00,2026-06-19 20:32:00.897115+00:00
0ce11e52-c355-4563-bc08-f96f0b92a785,completed,2026-06-19 20:32:08.864885+00:00,2026-06-19 20:32:15.389086+00:00
b579fc9c-2813-42b1-a9e5-6cd2b93d4dbe,completed,2026-06-19 20:32:00.042007+00:00,2026-06-19 20:32:02.921731+00:00
8a63fd9a-f9ea-4c38-b164-0653d837b7b8,completed,2026-06-19 20:32:04.530430+00:00,2026-06-19 20:32:09.086147+00:00
63c6c383-8765-4c2c-84ed-945d85cb9630,completed,2026-06-19 20:32:01.052573+00:00,2026-06-19 20:32:04.267381+00:00
115d5fb5-3b7a-471d-8303-9fd7d0c8ea04,completed,2026-06-19 20:32:01.713505+00:00,2026-06-19 20:32:05.174859+00:00
0eba6542-42ad-4ffd-9345-9d6514f981ef,completed,2026-06-19 20:32:01.824452+00:00,2026-06-19 20:32:05.314481+00:00
5e035cd4-959b-4f98-9e21-9a563edfad9c,completed,2026-06-19 20:32:02.919485+00:00,2026-06-19 20:32:06.897356+00:00
6c664271-34f6-41ec-8561-c5cc845e3098,completed,2026-06-19 20:32:03.244798+00:00,2026-06-19 20:32:07.302189+00:00
f33afbfb-0049-4977-b3a4-991b9bcbd8bf,completed,2026-06-19 20:32:08.158132+00:00,2026-06-19 20:32:14.328797+00:00
f8895dde-cb90-4fcd-bf1e-9768cd626ff8,completed,2026-06-19 20:32:05.164643+00:00,2026-06-19 20:32:09.960554+00:00
044dff33-341e-4b10-a914-36a1bf172ec4,completed,2026-06-19 20:32:07.448882+00:00,2026-06-19 20:32:13.338736+00:00
19e7acc7-da7a-4614-9cdb-5e1cd9f47d9c,completed,2026-06-19 20:32:09.465030+00:00,2026-06-19 20:32:16.322988+00:00
248c57e0-9eef-4b01-9526-54ab6530c069,completed,2026-06-19 20:32:09.666912+00:00,2026-06-19 20:32:16.655234+00:00
3aa748ab-79a0-49ba-9b42-0de5970a1b01,completed,2026-06-19 20:32:09.865904+00:00,2026-06-19 20:32:16.928381+00:00
f56cccb9-e107-4bd3-9916-95b6cd215877,completed,2026-06-19 20:32:10.565084+00:00,2026-06-19 20:32:17.974942+00:00
b3d933dd-6e11-463a-baed-5cb8767996fb,completed,2026-06-19 20:32:11.366829+00:00,2026-06-19 20:32:19.155098+00:00
b42348a9-f7d6-4ad8-b21f-e70aec48eea9,completed,2026-06-19 20:32:12.064825+00:00,2026-06-19 20:32:20.205181+00:00
dd95966e-e4bb-4a0e-83aa-aa0c7805629a,completed,2026-06-19 20:32:12.666877+00:00,2026-06-19 20:32:21.072580+00:00
7a50b78f-f9c6-461e-bf37-607cb886ed68,completed,2026-06-19 20:32:12.767772+00:00,2026-06-19 20:32:21.272609+00:00
b5c86f2b-1a01-4f0a-aa74-97da2a610413,completed,2026-06-19 20:32:14.264284+00:00,2026-06-19 20:32:23.465536+00:00
787142de-2ddb-4dca-9d89-e564751ca06c,completed,2026-06-19 20:32:14.666118+00:00,2026-06-19 20:32:24.025790+00:00
430c6ffc-a8a4-4d58-a8f2-95da514e17b8,completed,2026-06-19 20:32:14.967078+00:00,2026-06-19 20:32:24.531184+00:00
5c653e40-f274-4428-9974-9dce9de7b66e,completed,2026-06-19 20:32:15.170062+00:00,2026-06-19 20:32:24.858227+00:00
1812c046-c59e-4011-9867-ab1bde03a02d,completed,2026-06-19 20:32:15.667738+00:00,2026-06-19 20:32:25.546238+00:00
354758ad-bc8d-4fd1-bd08-2893a01020b2,completed,2026-06-19 20:32:16.165164+00:00,2026-06-19 20:32:26.294535+00:00
16e602fc-083d-49ba-8859-679739f18884,completed,2026-06-19 20:32:16.664812+00:00,2026-06-19 20:32:27.050380+00:00
25c2e1d1-a138-4253-a9ee-721b567ff23b,completed,2026-06-19 20:32:15.717030+00:00,2026-06-19 20:32:25.616845+00:00
159ea04d-d2ff-4ce9-9b6f-4f76b458556a,completed,2026-06-19 20:32:09.716539+00:00,2026-06-19 20:32:16.679732+00:00
1f7f9d21-bc06-4f97-aac0-5366ccdf663d,completed,2026-06-19 20:32:13.714775+00:00,2026-06-19 20:32:22.625081+00:00
954fdbe2-00ae-4fa2-b757-b0ba28c4df4f,completed,2026-06-19 20:32:09.815810+00:00,2026-06-19 20:32:16.820355+00:00
99b8713e-dc63-443a-952d-31cd240a86b9,completed,2026-06-19 20:32:10.416967+00:00,2026-06-19 20:32:17.682755+00:00
89eec6b8-24f6-4550-9517-3aa9d9d39fe8,completed,2026-06-19 20:32:12.514811+00:00,2026-06-19 20:32:20.862286+00:00
16498df1-0186-4c9a-91ca-9cc5a33c77b2,completed,2026-06-19 20:32:18.014336+00:00,2026-06-19 20:32:29.082562+00:00
c7e564d0-744d-4ea4-aa61-cdcbc62d70dc,completed,2026-06-19 20:32:12.715491+00:00,2026-06-19 20:32:21.157695+00:00
f16629f2-9f67-48bd-96f4-3b9fbdba5baa,completed,2026-06-19 20:32:14.615682+00:00,2026-06-19 20:32:23.978477+00:00
e701a414-3f9a-4c2d-8770-48049b7d0359,completed,2026-06-19 20:32:12.834948+00:00,2026-06-19 20:32:21.347803+00:00
aa8ca8af-5645-449e-b1f0-6d2982ab1aa2,completed,2026-06-19 20:32:15.315173+00:00,2026-06-19 20:32:25.010762+00:00
9becdab6-ce43-45bd-ae0c-524ae961c3e0,completed,2026-06-19 20:32:16.516783+00:00,2026-06-19 20:32:26.849012+00:00
94b51f69-d52f-43ea-bc89-e3d7675d500a,completed,2026-06-19 20:32:15.915257+00:00,2026-06-19 20:32:25.949812+00:00
99060ce8-ac18-4b10-a4ac-616cfc606190,completed,2026-06-19 20:32:17.917266+00:00,2026-06-19 20:32:28.935355+00:00
57fb8551-dda9-48ef-ac80-57d3600b810d,completed,2026-06-19 20:32:18.915075+00:00,2026-06-19 20:32:30.473105+00:00
33884268-6532-4ec6-9840-1dd1984f1560,completed,2026-06-19 20:32:19.317166+00:00,2026-06-19 20:32:31.031200+00:00
80f83fff-0cf9-4deb-8340-b99e0b88d151,completed,2026-06-19 20:32:20.414196+00:00,2026-06-19 20:32:32.901283+00:00
460d2f76-ef6b-4782-8409-e1a637fbcd38,completed,2026-06-19 20:32:20.516427+00:00,2026-06-19 20:32:33.098521+00:00
51078369-f099-422c-bb67-e8135b75b602,completed,2026-06-19 20:32:21.616498+00:00,2026-06-19 20:32:34.775782+00:00
b2b7d0e5-c550-4c33-88ff-aaec5a51ccb6,completed,2026-06-19 20:32:22.215977+00:00,2026-06-19 20:32:35.789891+00:00
b5acdf53-b093-42b9-bed3-8dd84678c33d,completed,2026-06-19 20:32:22.715584+00:00,2026-06-19 20:32:36.567278+00:00
30bc05a9-1417-49bc-a650-c80a4d24e3b0,completed,2026-06-19 20:32:23.314429+00:00,2026-06-19 20:32:37.546858+00:00
972058c5-aeca-4a19-8d45-7ef7106516cd,completed,2026-06-19 20:32:24.416967+00:00,2026-06-19 20:32:39.306621+00:00
60a29968-abb7-4600-8bc0-24135e96ea4a,completed,2026-06-19 20:32:24.514432+00:00,2026-06-19 20:32:39.455775+00:00
81e029ef-5e76-44db-bc62-bdaa259e85a5,completed,2026-06-19 20:32:25.016476+00:00,2026-06-19 20:32:40.259285+00:00
421d5153-88dd-4fac-8f0e-6edc2b5a1d58,completed,2026-06-19 20:32:25.914834+00:00,2026-06-19 20:32:41.643765+00:00
80a959cc-1972-4b6e-abd0-5efd4954b5b5,completed,2026-06-19 20:32:26.014661+00:00,2026-06-19 20:32:41.790944+00:00
dd2975aa-9b9f-4963-9757-de3b0abee96c,completed,2026-06-19 20:32:26.514489+00:00,2026-06-19 20:32:42.529818+00:00
c882e5d1-773c-4c55-9364-a98e69ea6296,completed,2026-06-19 20:32:26.914831+00:00,2026-06-19 20:32:43.216244+00:00
c666a41d-6622-422a-a38b-171e7d920c55,completed,2026-06-19 20:32:27.216737+00:00,2026-06-19 20:32:43.661182+00:00
b8f04811-2bb7-41d5-aa16-d5135e4a7c73,completed,2026-06-19 20:32:12.792155+00:00,2026-06-19 20:32:21.263133+00:00
b4c4dca5-9b07-460e-80b3-220a91690bd2,completed,2026-06-19 20:32:10.290411+00:00,2026-06-19 20:32:17.548277+00:00
49d4b8e4-eb4c-40ba-9001-43dd7ac495e2,completed,2026-06-19 20:32:10.789234+00:00,2026-06-19 20:32:18.260724+00:00
4d89b2b0-8398-4944-a35d-804807a73685,completed,2026-06-19 20:32:24.989846+00:00,2026-06-19 20:32:40.195684+00:00
edf8eeb6-627e-4960-adb9-41aaafcd11c7,completed,2026-06-19 20:32:10.890698+00:00,2026-06-19 20:32:18.393380+00:00
df242644-5273-4746-ba2c-40048687f6da,completed,2026-06-19 20:32:14.789984+00:00,2026-06-19 20:32:24.245876+00:00
1437b302-1d28-4976-9de9-3470d4ed785e,completed,2026-06-19 20:32:11.692274+00:00,2026-06-19 20:32:19.637662+00:00
30792a3d-ea13-48a2-bbf0-dcbe87a98c27,completed,2026-06-19 20:32:12.393569+00:00,2026-06-19 20:32:20.691602+00:00
925abc99-d65e-4bac-bcd5-0be269f32a45,completed,2026-06-19 20:32:16.790012+00:00,2026-06-19 20:32:27.264913+00:00
5120728d-e240-4d14-a9a5-f1c13011c71e,completed,2026-06-19 20:32:12.595912+00:00,2026-06-19 20:32:20.968935+00:00
5d0b6495-1f9f-4569-a317-f35c808440d8,completed,2026-06-19 20:32:17.190124+00:00,2026-06-19 20:32:27.857200+00:00
50e4ab6b-f573-4049-93fd-5a8bed1e4917,completed,2026-06-19 20:32:15.191060+00:00,2026-06-19 20:32:24.835912+00:00
15719fc2-5451-4fa7-bb40-3e5c63634363,completed,2026-06-19 20:32:16.890590+00:00,2026-06-19 20:32:27.419635+00:00
36bf612a-512a-4256-9419-8fdf047caff0,completed,2026-06-19 20:32:15.390193+00:00,2026-06-19 20:32:25.146215+00:00
0c008c40-f549-4654-9f32-3edf5c1ae315,completed,2026-06-19 20:32:20.590550+00:00,2026-06-19 20:32:33.172177+00:00
5e093c85-25da-406b-8e9d-3282a96a2fb5,completed,2026-06-19 20:32:16.991961+00:00,2026-06-19 20:32:27.571501+00:00
84de3293-8159-4b90-8229-37093287eea9,completed,2026-06-19 20:32:17.390700+00:00,2026-06-19 20:32:28.150107+00:00
9eab98e5-012e-4f94-bc8e-724f7d9b73f2,completed,2026-06-19 20:32:23.489103+00:00,2026-06-19 20:32:37.841678+00:00
950a7452-b300-4cd4-98aa-005e41a46514,completed,2026-06-19 20:32:19.290379+00:00,2026-06-19 20:32:31.012043+00:00
bb6b44f8-4547-4cbc-8627-64504cda2838,completed,2026-06-19 20:32:20.890959+00:00,2026-06-19 20:32:33.615220+00:00
c449daa0-4b7e-45eb-a4f5-b3df393a02b2,completed,2026-06-19 20:32:21.088948+00:00,2026-06-19 20:32:33.941111+00:00
35d74cd4-10f0-4bfe-8d19-3aa7a3934560,completed,2026-06-19 20:32:24.590254+00:00,2026-06-19 20:32:39.607053+00:00
394d8ead-382c-48ed-be4d-2fc8aa523b29,completed,2026-06-19 20:32:26.489530+00:00,2026-06-19 20:32:42.515726+00:00
c8b7dd88-a998-485d-809e-54a74753beaa,completed,2026-06-19 20:32:25.303170+00:00,2026-06-19 20:32:40.697606+00:00
a6a0c58c-56af-4533-8c15-6880a033d78d,completed,2026-06-19 20:32:26.089372+00:00,2026-06-19 20:32:41.918787+00:00
4b703ab1-c3b0-4045-b81b-b9e0dcc06329,completed,2026-06-19 20:32:18.765132+00:00,2026-06-19 20:32:30.258505+00:00
d8fcde91-c33f-4ada-a27b-bf8bfa738df2,completed,2026-06-19 20:32:17.264872+00:00,2026-06-19 20:32:27.993170+00:00
5bf88ee2-1489-4d9e-8d3c-91024908d7ab,completed,2026-06-19 20:32:18.067869+00:00,2026-06-19 20:32:29.174864+00:00
7b20a0b1-2e08-4934-b87c-52caa163f9bc,completed,2026-06-19 20:32:17.366149+00:00,2026-06-19 20:32:28.133571+00:00
b19ad567-34a8-48c2-8b74-1b64bfc8de3f,completed,2026-06-19 20:32:21.266286+00:00,2026-06-19 20:32:34.202569+00:00
f5a8c260-a607-479b-aecd-8bd337672029,completed,2026-06-19 20:32:17.566005+00:00,2026-06-19 20:32:28.439606+00:00
24ec9ce4-e9da-4cb7-a146-85fa32033f2e,completed,2026-06-19 20:32:18.366389+00:00,2026-06-19 20:32:29.603266+00:00
5871dfd3-b69e-4591-9598-de45106af1c7,completed,2026-06-19 20:32:20.564260+00:00,2026-06-19 20:32:33.150746+00:00
f32f50be-671f-4275-a945-c4ae66f94bd9,completed,2026-06-19 20:32:19.464693+00:00,2026-06-19 20:32:31.353088+00:00
e0822f6a-456b-491d-916a-19f1afe489a3,completed,2026-06-19 20:32:22.165864+00:00,2026-06-19 20:32:35.730275+00:00
f86d63b9-28fc-4fce-919b-17dcfdbab4a2,completed,2026-06-19 20:32:19.664912+00:00,2026-06-19 20:32:31.684407+00:00
9fe4fbba-7bf7-4bd5-b71a-3aeb20a77e58,completed,2026-06-19 20:32:20.866837+00:00,2026-06-19 20:32:33.598999+00:00
7b7eab4b-274a-450a-95af-9e3873d54096,completed,2026-06-19 20:32:22.864674+00:00,2026-06-19 20:32:36.882885+00:00
f4003061-fb63-450e-b652-ce47b74bd336,completed,2026-06-19 20:32:21.466121+00:00,2026-06-19 20:32:34.494017+00:00
7f7a9086-335b-403a-9039-2644031ca82f,completed,2026-06-19 20:32:24.264768+00:00,2026-06-19 20:32:39.053655+00:00
f129b064-d760-4bd4-b3fb-2b14098755b1,completed,2026-06-19 20:32:22.564341+00:00,2026-06-19 20:32:36.340551+00:00
274a58c4-9d2c-4581-af66-f92932af67f3,completed,2026-06-19 20:32:25.366530+00:00,2026-06-19 20:32:40.778596+00:00
caf421e6-be86-4c20-8c25-72e1e80df4d8,completed,2026-06-19 20:32:24.063755+00:00,2026-06-19 20:32:38.761818+00:00
ef891818-4470-45b1-905b-e586d88c0191,completed,2026-06-19 20:32:24.664739+00:00,2026-06-19 20:32:39.772948+00:00
e40a956f-ede8-43ca-8f65-7d289b163f08,completed,2026-06-19 20:32:25.264515+00:00,2026-06-19 20:32:40.634189+00:00
470779d6-dd75-4489-a134-c588d37d51ef,completed,2026-06-19 20:32:24.564865+00:00,2026-06-19 20:32:39.613987+00:00
448d5685-c99c-4d82-87c8-e835f7fa2a40,completed,2026-06-19 20:32:24.764642+00:00,2026-06-19 20:32:39.903584+00:00
9a33f7e7-a625-483e-8733-dd00b5735b26,completed,2026-06-19 20:32:26.465439+00:00,2026-06-19 20:32:42.503314+00:00
d3cf1f6e-0465-47a5-a059-c39361b8a2c1,completed,2026-06-19 20:32:26.269239+00:00,2026-06-19 20:32:42.219976+00:00
7e41044a-3c0b-4da1-9a7a-98ae1ceebb54,completed,2026-06-19 20:32:25.467476+00:00,2026-06-19 20:32:40.921817+00:00
eafdd8d7-d8b3-4331-9a2d-ac64b20889e2,completed,2026-06-19 20:32:27.165125+00:00,2026-06-19 20:32:43.555550+00:00
045471f4-6ba2-43e8-b41b-f964b92ff108,completed,2026-06-19 20:32:26.766148+00:00,2026-06-19 20:32:42.953196+00:00
33e6f884-87ed-4434-bbc2-91d87f8ed7ac,completed,2026-06-19 20:32:23.243941+00:00,2026-06-19 20:32:37.438785+00:00
fd7bc6c1-ec2c-40e2-afb7-e931cb7d734e,completed,2026-06-19 20:32:18.041380+00:00,2026-06-19 20:32:29.083853+00:00
2dfc03d8-d6e2-425b-a3cb-3660edbe210f,completed,2026-06-19 20:32:20.541436+00:00,2026-06-19 20:32:33.089119+00:00
0b4113d8-fcfb-4e80-b1a0-d7c7899d37eb,completed,2026-06-19 20:32:19.039548+00:00,2026-06-19 20:32:30.603973+00:00
4bce40a3-f132-49d2-9e39-3e384b6f6395,completed,2026-06-19 20:32:19.439916+00:00,2026-06-19 20:32:31.512772+00:00
644c1b1a-f3a6-4876-9882-6513386e7f6b,completed,2026-06-19 20:32:21.056335+00:00,2026-06-19 20:32:33.874574+00:00
18ae28f6-0466-4ba4-aead-c9c5393e9a78,completed,2026-06-19 20:32:19.941819+00:00,2026-06-19 20:32:32.182095+00:00
b05ecbbf-144e-477a-a06a-4301dd4d2078,completed,2026-06-19 20:32:24.140694+00:00,2026-06-19 20:32:38.871286+00:00
ded38a69-1b0f-4c6a-a801-85311bc1808b,completed,2026-06-19 20:32:20.240300+00:00,2026-06-19 20:32:32.640952+00:00
44733877-9efc-4e8c-b5f0-26d6dc10aaeb,completed,2026-06-19 20:32:21.741408+00:00,2026-06-19 20:32:35.136076+00:00
48fe670f-8ca0-479c-a3ba-d765c53f306c,completed,2026-06-19 20:32:20.441664+00:00,2026-06-19 20:32:32.948347+00:00
d1a62ff3-f2ea-4bb7-b180-64661b2c5368,completed,2026-06-19 20:32:25.739868+00:00,2026-06-19 20:32:41.360010+00:00
77eef048-9dcb-46de-bac5-34655540b065,completed,2026-06-19 20:32:22.441982+00:00,2026-06-19 20:32:36.139867+00:00
a430092f-ca50-4cd2-b38f-e26886d27f73,completed,2026-06-19 20:32:24.539677+00:00,2026-06-19 20:32:39.504222+00:00
19549684-9bea-41c9-8bda-999662351463,completed,2026-06-19 20:32:23.040028+00:00,2026-06-19 20:32:37.086655+00:00
375a75da-cecc-48d4-a050-aefd6695b5eb,completed,2026-06-19 20:32:25.840335+00:00,2026-06-19 20:32:41.501901+00:00
2cb3f030-7d29-4297-bd38-65a9f66eb7d0,completed,2026-06-19 20:32:24.742459+00:00,2026-06-19 20:32:39.779900+00:00
e335a88c-de75-442b-9ef1-765d25647109,completed,2026-06-19 20:32:25.040931+00:00,2026-06-19 20:32:40.360491+00:00
44532039-577f-4931-ac67-77d9e1835f4e,completed,2026-06-19 20:32:26.341950+00:00,2026-06-19 20:32:42.211833+00:00
f8fd036b-c224-45aa-82b0-657b76d56474,completed,2026-06-19 20:32:25.240922+00:00,2026-06-19 20:32:40.634183+00:00
d0799d19-54b4-428c-a3ca-675da8a7737e,completed,2026-06-19 20:32:13.066093+00:00,2026-06-19 20:32:21.699333+00:00
3270ec1a-0826-46cc-9f2c-e31f61723cda,completed,2026-06-19 20:32:16.265738+00:00,2026-06-19 20:32:26.453529+00:00
b97e7723-14c8-47ca-85e2-d588666fb2f9,completed,2026-06-19 20:32:27.790755+00:00,2026-06-19 20:32:44.549394+00:00
4c5f0cb7-9ab3-497a-8411-9d40d4689e87,completed,2026-06-19 20:32:27.490781+00:00,2026-06-19 20:32:44.108865+00:00
e587cca9-a5fd-4f7d-a2ce-2e7316ddcec7,completed,2026-06-19 20:32:27.638758+00:00,2026-06-19 20:32:44.291982+00:00
3468b736-6e70-4958-ba0e-904ead3d6f75,completed,2026-06-19 20:32:28.340186+00:00,2026-06-19 20:32:45.397327+00:00
13421956-058f-44e8-980c-dd62b608e9be,completed,2026-06-19 20:32:27.764843+00:00,2026-06-19 20:32:44.493166+00:00
0fe991f9-b35d-46c8-ba47-63d3fa5e9f70,completed,2026-06-19 20:32:28.089712+00:00,2026-06-19 20:32:44.967539+00:00
30f19a60-c4ce-49ed-b0d5-c43cbceaf1c1,completed,2026-06-19 20:32:29.018275+00:00,2026-06-19 20:32:46.382085+00:00
7fb17d4a-fc94-4acc-aa59-b32f63c4a695,completed,2026-06-19 20:32:28.589157+00:00,2026-06-19 20:32:45.720488+00:00
7b0b2b76-1c4e-455d-95a6-00d4b878d01f,completed,2026-06-19 20:32:29.065315+00:00,2026-06-19 20:32:46.479725+00:00
0fccb801-7598-4890-a306-661ffd906cbd,completed,2026-06-19 20:32:29.343173+00:00,2026-06-19 20:32:46.844760+00:00
e63d0ac1-95d6-4024-bc64-168a07759138,completed,2026-06-19 20:32:28.989944+00:00,2026-06-19 20:32:46.374777+00:00
7e854aa5-2362-480b-b847-e48da96b0c3c,completed,2026-06-19 20:32:29.815719+00:00,2026-06-19 20:32:47.624006+00:00
f4208824-f44a-4326-b19e-8bba7fb8d5fb,completed,2026-06-19 20:32:29.317002+00:00,2026-06-19 20:32:46.829390+00:00
41cd9769-466e-44d8-aeb5-aadc1314519a,completed,2026-06-19 20:32:29.516442+00:00,2026-06-19 20:32:47.121532+00:00
df11d09f-7d42-45b6-8d86-65169822380e,completed,2026-06-19 20:32:30.515369+00:00,2026-06-19 20:32:48.657846+00:00
2fac5a5e-5d12-42b9-9d96-f12bcf83a630,completed,2026-06-19 20:32:29.965723+00:00,2026-06-19 20:32:47.815480+00:00
d46a3c4f-c366-4483-bb67-d54b46ad2afe,completed,2026-06-19 20:32:30.164229+00:00,2026-06-19 20:32:48.137346+00:00
0e02f9d9-ba30-4a8b-b938-f91c23652d0c,completed,2026-06-19 20:32:30.390229+00:00,2026-06-19 20:32:48.439639+00:00
326f35ce-482a-4329-bdd6-3927dfbdb235,completed,2026-06-19 20:32:31.315576+00:00,2026-06-19 20:32:49.828024+00:00
ef513f5f-a32e-4a96-bf67-c5478b77de11,completed,2026-06-19 20:32:30.338964+00:00,2026-06-19 20:32:48.411288+00:00
46c30494-61f7-4822-9131-3838bbf82c03,completed,2026-06-19 20:32:30.463956+00:00,2026-06-19 20:32:48.553561+00:00
a2138300-4829-45f6-8d6b-15069f37bb7d,completed,2026-06-19 20:32:30.665729+00:00,2026-06-19 20:32:48.883700+00:00
4145dd51-7ef8-4657-a553-1f9a49f67642,completed,2026-06-19 20:32:30.792137+00:00,2026-06-19 20:32:49.090300+00:00
654eb835-57f7-432a-ab97-02a48bbf30c2,completed,2026-06-19 20:32:31.015194+00:00,2026-06-19 20:32:49.384864+00:00
124e8995-d8ed-464d-91a4-8e5d05be017f,completed,2026-06-19 20:32:31.114597+00:00,2026-06-19 20:32:49.547107+00:00
e696c30d-f32e-48f7-9447-07771de785b8,completed,2026-06-19 20:32:31.215528+00:00,2026-06-19 20:32:49.681534+00:00
8f1d6d86-ab7f-4782-9390-b9ef6f7bcf40,completed,2026-06-19 20:32:31.241105+00:00,2026-06-19 20:32:49.705632+00:00
49dff9b3-0484-4fb6-a471-accfe90bfed6,completed,2026-06-19 20:32:31.492755+00:00,2026-06-19 20:32:50.080643+00:00
a403429f-d6ff-4f61-884e-03418c5a5318,completed,2026-06-19 20:32:31.614204+00:00,2026-06-19 20:32:50.244707+00:00
229fb360-8e48-43cd-a09a-a4cd1a445429,completed,2026-06-19 20:32:39.789802+00:00,2026-06-19 20:33:02.528065+00:00
c7a4eef2-1cc3-4e2c-af57-c7887db3448b,completed,2026-06-19 20:32:32.289888+00:00,2026-06-19 20:32:51.259872+00:00
2d239183-b11e-4119-9d1e-48fa366ec7fa,completed,2026-06-19 20:32:32.789961+00:00,2026-06-19 20:32:52.019021+00:00
99ea762d-b50b-4d27-a67d-b3f1cc5b1acd,completed,2026-06-19 20:32:33.490597+00:00,2026-06-19 20:32:53.081576+00:00
2bf1d63e-220f-4946-9190-2790735ea636,completed,2026-06-19 20:32:33.888979+00:00,2026-06-19 20:32:53.706896+00:00
6a5acb8b-5c4a-483d-853d-26aa843fcf8c,completed,2026-06-19 20:32:34.290073+00:00,2026-06-19 20:32:54.285608+00:00
befb5d8c-8cd4-448b-a6c1-e3bff61ecc69,completed,2026-06-19 20:32:34.388459+00:00,2026-06-19 20:32:54.425426+00:00
295b8087-ab3d-41bb-ac0e-d8ca944bad34,completed,2026-06-19 20:32:35.289860+00:00,2026-06-19 20:32:55.798664+00:00
f08b3e2f-5915-4141-96ab-1fcff5c5135a,completed,2026-06-19 20:32:36.690816+00:00,2026-06-19 20:32:57.866805+00:00
bc093406-276c-4049-9184-c5035a32da5f,completed,2026-06-19 20:32:39.089741+00:00,2026-06-19 20:33:01.474288+00:00
891b8356-9464-47ad-beac-fe995f552590,completed,2026-06-19 20:32:39.389433+00:00,2026-06-19 20:33:01.928778+00:00
b5217518-e6af-433c-962a-8fa005c161d2,completed,2026-06-19 20:32:44.891332+00:00,2026-06-19 20:33:10.288198+00:00
b0547ac9-2b37-4756-bc55-8fcafbc7971a,completed,2026-06-19 20:32:39.689649+00:00,2026-06-19 20:33:02.399081+00:00
2dea5cbb-92ff-4f69-9073-6ec276e09a99,completed,2026-06-19 20:32:39.890344+00:00,2026-06-19 20:33:02.705619+00:00
9c60e7a7-4df8-4822-b9b2-b091cae1e28f,completed,2026-06-19 20:32:40.390223+00:00,2026-06-19 20:33:03.437247+00:00
78baec9b-5455-4be4-a7f7-b9d251f7bc7c,completed,2026-06-19 20:32:41.589413+00:00,2026-06-19 20:33:05.293118+00:00
3db306f1-8799-4f99-ad52-812736d15da4,completed,2026-06-19 20:32:41.889752+00:00,2026-06-19 20:33:05.745904+00:00
5e39e3ab-533f-4269-994c-ff423758c3e4,completed,2026-06-19 20:32:42.189633+00:00,2026-06-19 20:33:06.177611+00:00
da7ccaa5-408e-4fc1-b788-d00b06f2dfeb,completed,2026-06-19 20:32:42.388594+00:00,2026-06-19 20:33:06.490101+00:00
077426de-0d2c-4c1c-aaf4-b9ae8e6d10ff,completed,2026-06-19 20:32:43.097669+00:00,2026-06-19 20:33:07.568486+00:00
fae80305-de69-4ea7-870e-b2394084e113,completed,2026-06-19 20:32:43.189217+00:00,2026-06-19 20:33:07.700759+00:00
9fbbeea3-981f-40d0-8813-696d601472c8,completed,2026-06-19 20:32:43.387984+00:00,2026-06-19 20:33:08.018416+00:00
ed04b495-e868-4ffa-b04b-68aece3f1128,completed,2026-06-19 20:32:43.688626+00:00,2026-06-19 20:33:08.473105+00:00
218ece5e-5ecc-4b12-a7af-cc80e69d53f6,completed,2026-06-19 20:32:44.489001+00:00,2026-06-19 20:33:09.716306+00:00
0285b768-95cb-4670-9fac-d6a7734ddf86,completed,2026-06-19 20:32:44.789413+00:00,2026-06-19 20:33:10.153820+00:00
72f10eab-b905-4363-a804-674cf379c4e6,completed,2026-06-19 20:32:45.087978+00:00,2026-06-19 20:33:10.569681+00:00
e03b6151-3925-4bc8-8cd9-9c76ed25f3fe,completed,2026-06-19 20:32:45.188828+00:00,2026-06-19 20:33:10.730788+00:00
cf2bb98a-857d-4860-a9dd-01dea8da614c,completed,2026-06-19 20:32:45.290856+00:00,2026-06-19 20:33:10.894661+00:00
ac4a8fa4-840d-4fad-befa-deaedba6b427,completed,2026-06-19 20:32:45.490634+00:00,2026-06-19 20:33:11.170569+00:00
2fad4578-7eeb-407f-b0bc-5a6c20c17469,completed,2026-06-19 20:32:45.688954+00:00,2026-06-19 20:33:11.460463+00:00
d23ef29a-bb87-4974-b678-7da4772eb87f,completed,2026-06-19 20:32:32.364493+00:00,2026-06-19 20:32:51.390306+00:00
eb772a40-cd68-4d9b-9f12-405527ec0512,completed,2026-06-19 20:32:32.864985+00:00,2026-06-19 20:32:52.139787+00:00
19cd8bbd-6093-4fb9-9699-58e13b033c12,completed,2026-06-19 20:32:32.966297+00:00,2026-06-19 20:32:52.299561+00:00
2af4faab-de1f-4c72-ba24-bdd027b1b445,completed,2026-06-19 20:32:35.667246+00:00,2026-06-19 20:32:56.368372+00:00
2d619e38-5a5f-4344-839f-d37a619076e7,completed,2026-06-19 20:32:35.864426+00:00,2026-06-19 20:32:56.616129+00:00
7f752cb3-013e-4c89-a83e-521446dd9ed6,completed,2026-06-19 20:32:35.966537+00:00,2026-06-19 20:32:56.780462+00:00
38c66ef8-a46b-4a7a-b66b-3d35d7aa61a0,completed,2026-06-19 20:32:36.365894+00:00,2026-06-19 20:32:57.370579+00:00
65099361-d760-4677-96d3-08d976b1d809,completed,2026-06-19 20:32:36.464372+00:00,2026-06-19 20:32:57.525798+00:00
586501d8-f71d-4452-95c6-7bc35a77aef0,completed,2026-06-19 20:32:36.864869+00:00,2026-06-19 20:32:58.123195+00:00
75da05e6-030c-437a-a0e8-cdc9de385671,completed,2026-06-19 20:32:37.664356+00:00,2026-06-19 20:32:59.325290+00:00
e5d41938-0096-4104-802a-558acd1c48df,completed,2026-06-19 20:32:38.164272+00:00,2026-06-19 20:33:00.079319+00:00
52fc2bc6-cd68-4fe9-b8ae-2f87f9300c50,completed,2026-06-19 20:32:38.367471+00:00,2026-06-19 20:33:00.380276+00:00
f8a8ad87-72c3-442b-8209-063aa28af891,completed,2026-06-19 20:32:39.066774+00:00,2026-06-19 20:33:01.408907+00:00
56eec488-65b1-4b81-9e44-d68b85d204c1,completed,2026-06-19 20:32:39.463176+00:00,2026-06-19 20:33:01.961196+00:00
492c043d-71d4-4a45-8dc0-482f21f6cd47,completed,2026-06-19 20:32:40.563510+00:00,2026-06-19 20:33:03.747125+00:00
969c6e62-416b-4b28-bd8a-7b60ff74734d,completed,2026-06-19 20:32:40.864087+00:00,2026-06-19 20:33:04.198731+00:00
a9e730d8-c671-465d-a302-069135889ba4,completed,2026-06-19 20:32:41.065501+00:00,2026-06-19 20:33:04.518040+00:00
d2c2830a-f3bb-47c9-84eb-ff878bf28ed9,completed,2026-06-19 20:32:41.164182+00:00,2026-06-19 20:33:04.674926+00:00
43041c4d-55c8-4151-a0a7-8d5a769b1115,completed,2026-06-19 20:32:41.464021+00:00,2026-06-19 20:33:05.148090+00:00
602bec59-b406-4b05-9f0b-e113eb8994cc,completed,2026-06-19 20:32:43.365106+00:00,2026-06-19 20:33:07.971988+00:00
64a59495-181c-42eb-9dff-560533563f62,completed,2026-06-19 20:32:44.267882+00:00,2026-06-19 20:33:09.273779+00:00
06adaba0-ff62-4bce-aa0b-cdec57cef3e2,completed,2026-06-19 20:32:44.365494+00:00,2026-06-19 20:33:09.428390+00:00
2a5766d9-0df9-4a32-82c8-c20833bffe7f,completed,2026-06-19 20:32:44.865892+00:00,2026-06-19 20:33:10.146230+00:00
29f6399e-b6b1-426a-bcc7-900469b3fb1f,completed,2026-06-19 20:32:45.065230+00:00,2026-06-19 20:33:10.469307+00:00
95423715-da83-4028-a6a1-44e9a246205d,completed,2026-06-19 20:32:45.766269+00:00,2026-06-19 20:33:11.562564+00:00
e42f2858-c924-4ba7-bd6e-5688c8141a3c,completed,2026-06-19 20:32:46.863716+00:00,2026-06-19 20:33:13.165313+00:00
be358fe5-a4dd-4193-b87d-e9904cad557b,completed,2026-06-19 20:32:47.164061+00:00,2026-06-19 20:33:13.644097+00:00
bb63fad4-f360-48a0-9fca-5e1758c43390,completed,2026-06-19 20:32:47.267741+00:00,2026-06-19 20:33:13.787975+00:00
dcc6d274-7fff-4adf-82c2-54bc8fb1c8c2,completed,2026-06-19 20:32:48.569552+00:00,2026-06-19 20:33:15.695239+00:00
4fefd1f2-41db-4425-8c72-0b0e01624074,completed,2026-06-19 20:32:48.664391+00:00,2026-06-19 20:33:15.839742+00:00
fcaf5eca-e686-44fd-8091-905a4b466377,completed,2026-06-19 20:32:34.540413+00:00,2026-06-19 20:32:54.621304+00:00
e103e657-7ca4-44ea-a076-a7d7d25f7ccb,completed,2026-06-19 20:32:32.440556+00:00,2026-06-19 20:32:51.521709+00:00
fc63f6f5-5437-4af1-a253-60b7602b01a0,completed,2026-06-19 20:32:32.539140+00:00,2026-06-19 20:32:51.680757+00:00
a40bd0cd-4e5a-40b4-af12-fc5b63383886,completed,2026-06-19 20:32:32.938436+00:00,2026-06-19 20:32:52.240212+00:00
f561a414-881c-4c97-888e-f2a2a6a41670,completed,2026-06-19 20:32:33.139116+00:00,2026-06-19 20:32:52.567073+00:00
f11ba5d9-0283-4fd0-a62a-cc614ab8bb0c,completed,2026-06-19 20:32:33.541358+00:00,2026-06-19 20:32:53.147211+00:00
0dc6cae4-bd49-4657-96df-fb6241b132d8,completed,2026-06-19 20:32:33.638989+00:00,2026-06-19 20:32:53.285234+00:00
795807db-3f7f-4df6-ab80-2aacf6aaff04,completed,2026-06-19 20:32:46.940074+00:00,2026-06-19 20:33:13.310518+00:00
2205e4f7-c6b1-498f-99b6-46e0d04af998,completed,2026-06-19 20:32:35.040581+00:00,2026-06-19 20:32:55.405206+00:00
e70a25f3-1c85-49b9-aff9-d2268b2d45cd,completed,2026-06-19 20:32:36.439458+00:00,2026-06-19 20:32:57.477763+00:00
83d13cb2-11ba-4aa5-84ed-b0c664f9b73b,completed,2026-06-19 20:32:36.539971+00:00,2026-06-19 20:32:57.614061+00:00
ff8869b9-800d-4291-8438-751da5df8b54,completed,2026-06-19 20:32:37.440584+00:00,2026-06-19 20:32:59.019994+00:00
9ba6af16-8e7b-4efe-9b3c-636008e3fbcd,completed,2026-06-19 20:32:38.041235+00:00,2026-06-19 20:32:59.875309+00:00
d13adbea-dcbb-4fd1-a0cf-da69e41a85f9,completed,2026-06-19 20:32:38.940265+00:00,2026-06-19 20:33:01.228200+00:00
8c0af0fe-6018-4657-98c2-4db542a36acf,completed,2026-06-19 20:32:40.843073+00:00,2026-06-19 20:33:04.143977+00:00
7dddca23-2032-47df-93cb-a54057ed463a,completed,2026-06-19 20:32:39.439290+00:00,2026-06-19 20:33:02.011109+00:00
3ff8ec13-4013-45fa-b36c-1c90a286e1d2,completed,2026-06-19 20:32:41.140854+00:00,2026-06-19 20:33:04.567086+00:00
6c9c8698-e348-4f5d-a28e-c5903ff3f42a,completed,2026-06-19 20:32:41.240413+00:00,2026-06-19 20:33:04.831439+00:00
b1eecf91-83eb-4bb5-b415-045a7ecee46b,completed,2026-06-19 20:32:41.640276+00:00,2026-06-19 20:33:05.409347+00:00
069f1f53-c2e5-48c2-bce0-6e1cab5954e2,completed,2026-06-19 20:32:41.739652+00:00,2026-06-19 20:33:05.549890+00:00
9d07eb37-d946-4656-9036-6067f5fe6f6b,completed,2026-06-19 20:32:42.038585+00:00,2026-06-19 20:33:06.004575+00:00
6ae7bfcb-efca-4006-8bee-aa3f3262e9b2,completed,2026-06-19 20:32:42.638151+00:00,2026-06-19 20:33:06.850111+00:00
90e161e6-7a08-408a-a7bf-af84177200f9,completed,2026-06-19 20:32:43.439658+00:00,2026-06-19 20:33:08.110131+00:00
75784beb-b850-4ae2-a004-7b2229810ffe,completed,2026-06-19 20:32:45.240400+00:00,2026-06-19 20:33:10.770450+00:00
78f6944e-b785-4ec1-a978-2241b1e74960,completed,2026-06-19 20:32:46.840301+00:00,2026-06-19 20:33:13.193661+00:00
138f4762-5f5c-4882-b0a6-13da54818794,completed,2026-06-19 20:32:47.340585+00:00,2026-06-19 20:33:13.877997+00:00
ce735f65-8ab6-4dcf-89b0-9f5d2958fcb5,completed,2026-06-19 20:32:47.938508+00:00,2026-06-19 20:33:14.734308+00:00
e365ad88-9875-4af5-abb5-e3730c013b5f,completed,2026-06-19 20:32:48.043861+00:00,2026-06-19 20:33:14.898566+00:00
3390267c-187c-4424-8f96-7f7af97b90dc,completed,2026-06-19 20:32:48.137909+00:00,2026-06-19 20:33:15.046422+00:00
77a5687a-ddb0-47e6-bf38-66ac1ab38b70,completed,2026-06-19 20:32:48.441535+00:00,2026-06-19 20:33:15.493709+00:00
39360dcf-def9-45e6-8875-066f4a9ed2d4,completed,2026-06-19 20:32:28.266566+00:00,2026-06-19 20:32:45.267874+00:00
1e7fdc67-1b78-49cc-b304-6c531a9cca82,completed,2026-06-19 20:32:34.015324+00:00,2026-06-19 20:32:53.857500+00:00
2a50a923-b3a4-4148-8a72-62f4f5d742ab,completed,2026-06-19 20:32:33.913724+00:00,2026-06-19 20:32:53.738737+00:00
3ae8d325-2349-4b92-818b-15d7a3013aed,completed,2026-06-19 20:32:35.014815+00:00,2026-06-19 20:32:55.319850+00:00
074ca6a0-fcf4-499d-9a18-25a3d31dce2d,completed,2026-06-19 20:32:35.214749+00:00,2026-06-19 20:32:55.640596+00:00
34cdf728-b904-47d1-9ca7-9ec2315449a5,completed,2026-06-19 20:32:35.314555+00:00,2026-06-19 20:32:55.796059+00:00
c9f4cd13-da60-472c-a2d5-e08158cb88a6,completed,2026-06-19 20:32:35.913803+00:00,2026-06-19 20:32:56.670734+00:00
a8917d72-7bd5-4da4-a975-30ccacbdc209,completed,2026-06-19 20:32:36.213084+00:00,2026-06-19 20:32:57.128489+00:00
bdd06596-9ade-418d-b28b-9a4fa3964895,completed,2026-06-19 20:32:36.715987+00:00,2026-06-19 20:32:57.894911+00:00
cc2f645a-7495-44c8-8143-5db91b5815b9,completed,2026-06-19 20:32:36.917749+00:00,2026-06-19 20:32:58.221367+00:00
af032d1a-3adf-40fa-b42f-7266d566000b,completed,2026-06-19 20:32:37.714673+00:00,2026-06-19 20:32:59.374036+00:00
8567d24d-ba60-4f2e-81e0-ed125840a603,completed,2026-06-19 20:32:37.917395+00:00,2026-06-19 20:32:59.677872+00:00
9d54fa50-f378-4227-8902-1511c5358850,completed,2026-06-19 20:32:38.114166+00:00,2026-06-19 20:32:59.964889+00:00
a8f0c1e9-df65-4d83-8974-71ae4d0ddcbd,completed,2026-06-19 20:32:38.413764+00:00,2026-06-19 20:33:00.425978+00:00
dd6067a0-260a-447f-9344-d364f4acc25c,completed,2026-06-19 20:32:39.814749+00:00,2026-06-19 20:33:02.570639+00:00
6ce46dbf-68bb-4afc-b713-74868abadbd5,completed,2026-06-19 20:32:40.513359+00:00,2026-06-19 20:33:03.709080+00:00
c8a2d249-66b8-4962-a516-a7107927ed0e,completed,2026-06-19 20:32:41.115022+00:00,2026-06-19 20:33:04.629139+00:00
66e4c2a9-2c4b-4b6e-bdb7-d515b9e8201d,completed,2026-06-19 20:32:41.814472+00:00,2026-06-19 20:33:05.614623+00:00
9d68f4cb-5e6d-4d3d-a26a-bcbba3f00cf2,completed,2026-06-19 20:32:42.213831+00:00,2026-06-19 20:33:06.269081+00:00
dbd00536-6eb8-4da0-832c-568910bb91a3,completed,2026-06-19 20:32:43.712287+00:00,2026-06-19 20:33:08.535053+00:00
d0aba6cf-0973-4ca9-b72a-ead35c7738cc,completed,2026-06-19 20:32:44.314035+00:00,2026-06-19 20:33:09.412082+00:00
e601283b-241e-46a3-93ad-52bce2c4c3dd,completed,2026-06-19 20:32:45.015143+00:00,2026-06-19 20:33:10.446143+00:00
66400b73-aa25-47b0-8183-7f9e8d32e3b2,completed,2026-06-19 20:32:45.814176+00:00,2026-06-19 20:33:11.661929+00:00
104495c9-ea87-4d8a-8f89-ed79fb2581d5,completed,2026-06-19 20:32:46.114916+00:00,2026-06-19 20:33:12.091751+00:00
b5096a3f-5477-4e7a-9be4-a911e014ed8b,completed,2026-06-19 20:32:46.226733+00:00,2026-06-19 20:33:12.250523+00:00
55518a6d-036a-4163-9332-a99494a41a48,completed,2026-06-19 20:32:46.314857+00:00,2026-06-19 20:33:12.387618+00:00
c94c9d81-af88-4323-ae94-42e51720eb15,completed,2026-06-19 20:32:47.414231+00:00,2026-06-19 20:33:13.958803+00:00
130bf226-a77e-4ec2-9fe6-253e0eab1871,completed,2026-06-19 20:32:47.515091+00:00,2026-06-19 20:33:14.098593+00:00
8a57b704-00a2-4640-b74d-f41e8182d981,completed,2026-06-19 20:32:48.213881+00:00,2026-06-19 20:33:15.189744+00:00
7371a6f0-49df-44b8-bf20-cdbf13b2de36,completed,2026-06-19 20:32:48.314192+00:00,2026-06-19 20:33:15.341662+00:00
22df09c4-a317-44ca-96af-b309746d1e8b,completed,2026-06-19 20:32:29.740574+00:00,2026-06-19 20:32:47.507714+00:00
ec58fb51-e313-4c7e-8f08-03a0592c8fae,completed,2026-06-19 20:32:30.365031+00:00,2026-06-19 20:32:48.412761+00:00
1fd27e92-8422-40c5-83a8-a4f14b2c5058,completed,2026-06-19 20:32:32.088612+00:00,2026-06-19 20:32:50.976487+00:00
e798346e-39c1-4530-bd63-08c3d8451e18,completed,2026-06-19 20:32:32.266421+00:00,2026-06-19 20:32:51.243122+00:00
2b3b6ee1-9eea-4d40-82a8-c6ff5afe7ae2,completed,2026-06-19 20:32:34.439520+00:00,2026-06-19 20:32:54.504944+00:00
18e53145-4456-4340-be7e-1ffae149ea73,completed,2026-06-19 20:32:36.065539+00:00,2026-06-19 20:32:56.919966+00:00
4e831f88-ef64-44a0-855a-a819b34c3a78,failed,2026-06-19 20:32:57.889848+00:00,2026-06-19 20:33:27.900780+00:00
860e3ea9-88b9-4418-949b-fd3ff7e52905,completed,2026-06-19 20:32:47.387548+00:00,2026-06-19 20:33:13.951539+00:00
389400a2-c155-4c50-8d0a-e9cce4ac0f4d,completed,2026-06-19 20:32:47.493143+00:00,2026-06-19 20:33:14.106088+00:00
697b3c62-79bc-4076-86b5-632b3440f5eb,completed,2026-06-19 20:32:47.988938+00:00,2026-06-19 20:33:14.840633+00:00
a8bd40f0-463e-4ee9-8d21-35a978686a3e,completed,2026-06-19 20:32:48.088611+00:00,2026-06-19 20:33:14.989131+00:00
12168c74-4d20-40e7-9403-f86475792a7b,completed,2026-06-19 20:32:48.390028+00:00,2026-06-19 20:33:15.421981+00:00
4f6d7693-1345-49f3-a5cb-2f1ec410fa2c,completed,2026-06-19 20:32:49.289191+00:00,2026-06-19 20:33:16.707912+00:00
f73f3585-c346-420a-97d9-a5a89bf0db65,completed,2026-06-19 20:32:49.791206+00:00,2026-06-19 20:33:17.423259+00:00
d8209fc0-2c19-46ea-ac87-05dac50bfa88,completed,2026-06-19 20:32:49.991063+00:00,2026-06-19 20:33:17.726264+00:00
ac6d4f56-4bff-4f8a-8783-4c37e9f0b5eb,completed,2026-06-19 20:32:50.792844+00:00,2026-06-19 20:33:18.945955+00:00
b40c94e1-2c5e-4c53-b550-0fe2958aef86,completed,2026-06-19 20:32:51.288298+00:00,2026-06-19 20:33:19.654998+00:00
edfbe76e-52e3-45b5-a7f0-3c741aa620a5,completed,2026-06-19 20:32:51.989433+00:00,2026-06-19 20:33:20.711933+00:00
f618e9b4-eca4-4cfc-8ec2-0197e15b491b,completed,2026-06-19 20:32:52.589124+00:00,2026-06-19 20:33:21.596334+00:00
11c7d277-72d9-469c-9f47-970d9d674600,completed,2026-06-19 20:32:53.088087+00:00,2026-06-19 20:33:22.325162+00:00
5bc0d466-8685-490a-aeb3-e4e70271e287,completed,2026-06-19 20:32:53.689557+00:00,2026-06-19 20:33:23.175533+00:00
34ca7e30-2d96-4698-aeb2-fc4305e2c484,completed,2026-06-19 20:32:54.388100+00:00,2026-06-19 20:33:24.188320+00:00
42330c68-5b4f-46f4-8fe3-af083fd582a4,completed,2026-06-19 20:32:54.788953+00:00,2026-06-19 20:33:24.759345+00:00
66928795-e022-401b-87bf-76be6740a4d3,completed,2026-06-19 20:32:55.089676+00:00,2026-06-19 20:33:25.187092+00:00
33f9a594-8d1c-434b-9e1d-e5c4ebf4c905,completed,2026-06-19 20:32:55.690706+00:00,2026-06-19 20:33:25.832483+00:00
96aaee87-2553-4428-9996-f2f4b22528a6,completed,2026-06-19 20:32:56.187482+00:00,2026-06-19 20:33:26.300306+00:00
471a7fb1-70cc-405a-a08e-18dd8e461e3e,completed,2026-06-19 20:32:56.691408+00:00,2026-06-19 20:33:26.780846+00:00
d62106da-90f8-4997-bcfe-63be86a784ef,completed,2026-06-19 20:32:57.290384+00:00,2026-06-19 20:33:27.373083+00:00
f99d2921-4170-4c10-b891-6f15f09dff2b,completed,2026-06-19 20:32:57.599789+00:00,2026-06-19 20:33:27.728892+00:00
38159f97-ad5d-44fa-9663-9e76e7554c8b,failed,2026-06-19 20:32:58.589319+00:00,2026-06-19 20:33:28.626800+00:00
6e176cad-90f1-4c06-b6b6-1d63d74330eb,completed,2026-06-19 20:32:58.388972+00:00,2026-06-19 20:33:28.513519+00:00
d241160d-7885-4756-9e1d-da5d5d3bdd37,failed,2026-06-19 20:33:03.138729+00:00,2026-06-19 20:33:33.163288+00:00
b0e9cf11-5fb5-497a-9362-8230b4937672,completed,2026-06-19 20:32:49.339003+00:00,2026-06-19 20:33:16.815068+00:00
686549a8-d31c-4c29-b9a4-158b79f00314,completed,2026-06-19 20:32:50.339855+00:00,2026-06-19 20:33:18.303223+00:00
e0e089ae-6471-4cf6-8761-c97663a268d6,completed,2026-06-19 20:32:50.940713+00:00,2026-06-19 20:33:19.139966+00:00
de3528e1-f04c-4e1d-9b69-2ae6bc3b1788,completed,2026-06-19 20:32:51.042809+00:00,2026-06-19 20:33:19.295813+00:00
e8033d0f-4d78-49f3-bc39-1bffcb99a4f2,completed,2026-06-19 20:32:51.342423+00:00,2026-06-19 20:33:19.749302+00:00
192a2635-a215-4387-8402-504c647bbe65,completed,2026-06-19 20:32:52.847625+00:00,2026-06-19 20:33:21.971955+00:00
739996ad-ea71-4d6d-b435-5ecdd517c797,completed,2026-06-19 20:32:53.938014+00:00,2026-06-19 20:33:23.559683+00:00
316049dd-05a3-4196-8280-3af9e806262b,completed,2026-06-19 20:32:54.639698+00:00,2026-06-19 20:33:24.546151+00:00
da701192-a34d-4e2e-8b2f-541d3b2939ce,completed,2026-06-19 20:32:55.541281+00:00,2026-06-19 20:33:25.674736+00:00
93212379-b30d-49b7-a2e3-3d6dce0b9e6b,completed,2026-06-19 20:32:56.240182+00:00,2026-06-19 20:33:26.335090+00:00
1f5ebd9b-9ebe-42b7-ba55-4b659b43e981,completed,2026-06-19 20:32:56.639880+00:00,2026-06-19 20:33:26.748836+00:00
55724a27-2494-4906-8a2a-00966d4f3387,completed,2026-06-19 20:32:57.543740+00:00,2026-06-19 20:33:27.667187+00:00
1cc9db68-ae98-48b5-8244-1426cbff305d,completed,2026-06-19 20:32:58.138662+00:00,2026-06-19 20:33:28.226717+00:00
7f85ae3e-c6a0-4e4a-8d2d-dc4c20901f70,completed,2026-06-19 20:32:58.640297+00:00,2026-06-19 20:33:28.782628+00:00
2854b6b0-0c17-4724-9c41-9e6d5e104536,completed,2026-06-19 20:33:00.439327+00:00,2026-06-19 20:33:30.549976+00:00
2eee723c-92ae-44b5-965a-6b5bb0841c49,completed,2026-06-19 20:33:01.838009+00:00,2026-06-19 20:33:31.932946+00:00
22bf865d-4310-4194-aa7d-8420ce26abc1,failed,2026-06-19 20:33:02.837278+00:00,2026-06-19 20:33:32.847819+00:00
04e66df6-817e-4f92-8979-0cbaff16cf6e,completed,2026-06-19 20:33:02.740057+00:00,2026-06-19 20:33:32.881615+00:00
0f0ce490-022b-4be9-ba24-0adf758499a7,completed,2026-06-19 20:33:04.940559+00:00,2026-06-19 20:33:35.043720+00:00
670ed923-48d3-4ce3-bf54-152dce7b7356,completed,2026-06-19 20:33:03.743584+00:00,2026-06-19 20:33:33.870730+00:00
fbbe26bd-bb72-495a-8cc4-2f35a7bee0f1,failed,2026-06-19 20:33:06.838710+00:00,2026-06-19 20:33:36.854089+00:00
243628c3-e688-49b2-9058-2102767ac18d,completed,2026-06-19 20:33:04.839373+00:00,2026-06-19 20:33:34.974349+00:00
19bf13d4-0ff0-494f-aec2-9e53a357f0a6,failed,2026-06-19 20:33:06.439081+00:00,2026-06-19 20:33:36.450680+00:00
c3940e86-9994-4e35-8e4f-c9a1953c1910,completed,2026-06-19 20:33:06.337653+00:00,2026-06-19 20:33:36.469121+00:00
7e0bf35e-3632-47d1-9975-d2164a222a7b,failed,2026-06-19 20:33:07.138115+00:00,2026-06-19 20:33:37.156963+00:00
aad7014b-3a2b-496c-a429-b8f92c6fd000,failed,2026-06-19 20:33:08.639480+00:00,2026-06-19 20:33:38.668815+00:00
364e0003-d181-449d-95ca-9b910d82e5f8,failed,2026-06-19 20:33:07.440729+00:00,2026-06-19 20:33:37.446330+00:00
4a89bc6e-eca8-40d6-8afa-4b48472275cf,completed,2026-06-19 20:33:07.340988+00:00,2026-06-19 20:33:37.481955+00:00
b56d85d5-9437-4378-bc74-d00a57604322,completed,2026-06-19 20:33:07.738883+00:00,2026-06-19 20:33:37.858969+00:00
b2426820-884a-48d6-b362-9a0d6350649e,failed,2026-06-19 20:32:55.864704+00:00,2026-06-19 20:33:25.880820+00:00
f3d9758e-d6af-4afe-9b8b-b8426f64f67e,completed,2026-06-19 20:32:50.366010+00:00,2026-06-19 20:33:18.294725+00:00
1ab144df-07c4-483f-862c-13d82d04f812,completed,2026-06-19 20:32:50.463126+00:00,2026-06-19 20:33:18.453111+00:00
e75721c2-7d6c-465d-98d4-c5b19a061f43,completed,2026-06-19 20:32:50.764569+00:00,2026-06-19 20:33:18.902382+00:00
f6ff7bae-d093-46a8-9443-d2dc339e0c8d,completed,2026-06-19 20:32:50.964470+00:00,2026-06-19 20:33:19.208217+00:00
e9941d36-8a95-4c49-9e11-838614054556,completed,2026-06-19 20:32:51.164373+00:00,2026-06-19 20:33:19.504241+00:00
b6e44e4c-505c-40ec-8755-8e09f0b33935,completed,2026-06-19 20:32:51.374197+00:00,2026-06-19 20:33:19.786683+00:00
962ec8bf-0f14-406f-ae62-9b0e4ae75205,completed,2026-06-19 20:32:52.365032+00:00,2026-06-19 20:33:21.237616+00:00
995dec4c-af4c-41d8-9de3-23cb9885f079,completed,2026-06-19 20:32:53.465328+00:00,2026-06-19 20:33:22.881119+00:00
215824f4-a03e-4bb7-96b4-aa529319d7c5,completed,2026-06-19 20:32:54.463688+00:00,2026-06-19 20:33:24.322467+00:00
4ab136af-18d4-4e55-b4bf-631d6fe0f2fc,completed,2026-06-19 20:32:54.562507+00:00,2026-06-19 20:33:24.466049+00:00
43aec626-c1a9-4b6b-96dd-fb5c92159018,failed,2026-06-19 20:32:56.863250+00:00,2026-06-19 20:33:26.904280+00:00
ee97eee3-a56b-495c-a042-7eebf1388bdf,completed,2026-06-19 20:32:56.363007+00:00,2026-06-19 20:33:26.461292+00:00
c69d3268-7acd-4eff-ba46-1ae25afc08e6,completed,2026-06-19 20:32:56.563633+00:00,2026-06-19 20:33:26.642366+00:00
5a03e4aa-3873-49a7-877e-9391986e7b54,completed,2026-06-19 20:32:57.066236+00:00,2026-06-19 20:33:27.199805+00:00
854c5355-23a3-41ab-ab18-6a276827b328,completed,2026-06-19 20:32:56.666102+00:00,2026-06-19 20:33:26.786872+00:00
1149e311-6061-43a5-8bbc-5ef71d09e8da,failed,2026-06-19 20:32:57.463083+00:00,2026-06-19 20:33:27.489443+00:00
800a7998-b30a-4401-a538-c4b06ced043a,completed,2026-06-19 20:32:56.965714+00:00,2026-06-19 20:33:27.076304+00:00
274967f6-bd60-4fc2-9e9d-002afa2a3bbb,completed,2026-06-19 20:32:57.263490+00:00,2026-06-19 20:33:27.343320+00:00
8f1b853b-44d0-4a32-90c5-e05e1f7e18ea,failed,2026-06-19 20:32:57.864201+00:00,2026-06-19 20:33:27.897651+00:00
47c2b916-3fea-4a2a-b8df-af5e66ab8c5e,failed,2026-06-19 20:32:58.463241+00:00,2026-06-19 20:33:28.478725+00:00
4d377446-ce51-40c1-9653-ff878ce65c14,completed,2026-06-19 20:32:58.269558+00:00,2026-06-19 20:33:28.382750+00:00
d1e9055d-2f96-45f1-8bf7-866b5b0afd7b,failed,2026-06-19 20:32:59.064224+00:00,2026-06-19 20:33:29.078770+00:00
9ea96b6f-b58c-40fc-ae27-f7823b2d37cb,completed,2026-06-19 20:33:01.764127+00:00,2026-06-19 20:33:31.890501+00:00
5c6cb9ae-79c2-4043-baf5-4cfb28f2eca5,completed,2026-06-19 20:32:59.564805+00:00,2026-06-19 20:33:29.675476+00:00
219d8d3f-3175-4da4-9a63-66951cf8ea91,failed,2026-06-19 20:33:02.068501+00:00,2026-06-19 20:33:32.072605+00:00
29695893-4ba1-4e0d-9961-1248c0b79e25,completed,2026-06-19 20:33:01.661747+00:00,2026-06-19 20:33:31.759560+00:00
005b7abd-45ba-4d25-b733-7fdad1e50fe0,completed,2026-06-19 20:33:02.864846+00:00,2026-06-19 20:33:32.997038+00:00
39614be7-1fb4-46ca-b857-a8feaace91c0,completed,2026-06-19 20:33:02.262460+00:00,2026-06-19 20:33:32.420829+00:00
0b2d8456-bb10-412f-913b-a644406c4d64,completed,2026-06-19 20:33:02.762201+00:00,2026-06-19 20:33:32.895427+00:00
8bbf3c82-d75b-46e8-a818-eebac6a39743,failed,2026-06-19 20:32:56.412866+00:00,2026-06-19 20:33:26.463395+00:00
1d9bd14e-cc5e-4bc5-9b62-0c1c1d95d4d3,completed,2026-06-19 20:32:50.812703+00:00,2026-06-19 20:33:18.946077+00:00
bb90e5c2-157e-4d40-8372-8784305e38e3,completed,2026-06-19 20:32:50.914566+00:00,2026-06-19 20:33:19.092297+00:00
d0637051-53d5-4757-9b1d-0cec40bd6743,completed,2026-06-19 20:32:51.213188+00:00,2026-06-19 20:33:19.532543+00:00
9f89f39b-2d0d-496f-9b57-783b19289fe8,completed,2026-06-19 20:32:51.515581+00:00,2026-06-19 20:33:19.995898+00:00
a3bcaec4-d397-4e37-93c2-be8ed83f7387,completed,2026-06-19 20:32:52.416064+00:00,2026-06-19 20:33:21.351553+00:00
144fd5de-a1e1-433a-b146-308d0a709f33,completed,2026-06-19 20:32:52.817735+00:00,2026-06-19 20:33:21.906460+00:00
4437b993-4741-44bc-8359-488ecc4fb522,completed,2026-06-19 20:32:53.712913+00:00,2026-06-19 20:33:23.236922+00:00
c0fbcf2f-21da-45b9-9f5c-d54252341564,completed,2026-06-19 20:32:53.912529+00:00,2026-06-19 20:33:23.508433+00:00
a4e21835-f791-4588-b03b-d9b6d838bdc8,completed,2026-06-19 20:32:54.025796+00:00,2026-06-19 20:33:23.639084+00:00
99031eb4-9ab5-4b65-8585-a479585a9f01,completed,2026-06-19 20:32:54.315624+00:00,2026-06-19 20:33:24.049273+00:00
1d1ba96b-dc6f-4a4f-850a-01a34288887a,completed,2026-06-19 20:32:54.815955+00:00,2026-06-19 20:33:24.820922+00:00
7ce823fb-41bc-4c25-944e-7350e0397718,completed,2026-06-19 20:32:55.314514+00:00,2026-06-19 20:33:25.455220+00:00
5901e90d-e802-4e37-9fca-634fb1b0b0d5,completed,2026-06-19 20:32:55.513672+00:00,2026-06-19 20:33:25.605604+00:00
cc69b16d-5ffa-49ca-aa10-1c686e186593,failed,2026-06-19 20:32:59.613587+00:00,2026-06-19 20:33:29.644295+00:00
68003fe0-7fcf-4f98-aaff-d7461330bba6,completed,2026-06-19 20:32:57.421153+00:00,2026-06-19 20:33:27.579093+00:00
ea9e9789-7223-496a-b049-99676b2c2805,completed,2026-06-19 20:32:58.412768+00:00,2026-06-19 20:33:28.503567+00:00
8ca12378-b28f-47a8-bd79-c11d5bb9d55e,failed,2026-06-19 20:32:58.613013+00:00,2026-06-19 20:33:28.631142+00:00
97713e2c-1ba0-43af-98f1-87aa58077361,completed,2026-06-19 20:32:58.513688+00:00,2026-06-19 20:33:28.635843+00:00
c8f8e238-7113-4a98-bc47-a22b8f4b6d5d,completed,2026-06-19 20:32:59.314215+00:00,2026-06-19 20:33:29.423921+00:00
32be69f2-fadb-4602-a182-20ff64988c57,failed,2026-06-19 20:32:59.812707+00:00,2026-06-19 20:33:29.827167+00:00
a18363ac-1f4c-4239-8502-c35256bf017d,failed,2026-06-19 20:33:00.212342+00:00,2026-06-19 20:33:30.235210+00:00
82b69043-5bbd-4a17-9104-c8271134c379,failed,2026-06-19 20:33:00.512993+00:00,2026-06-19 20:33:30.522880+00:00
969073bb-4765-4461-a16c-5bcd697d57cd,failed,2026-06-19 20:33:02.015834+00:00,2026-06-19 20:33:32.042201+00:00
fd739ca6-ebba-4b95-9fb7-f1fd0370e9f7,completed,2026-06-19 20:33:00.914116+00:00,2026-06-19 20:33:31.038899+00:00
f3c36f61-6388-474d-b15b-44b2ba010bb5,completed,2026-06-19 20:33:01.114571+00:00,2026-06-19 20:33:31.252241+00:00
7ea28f07-55ed-43f7-af1f-46d7cd18084d,completed,2026-06-19 20:33:01.512912+00:00,2026-06-19 20:33:31.618681+00:00
a78897c3-645f-43b0-bf09-f64f99bf7690,completed,2026-06-19 20:33:01.913272+00:00,2026-06-19 20:33:32.037186+00:00
5d926751-4a49-4001-a19a-bef877d19872,completed,2026-06-19 20:33:02.619082+00:00,2026-06-19 20:33:32.760382+00:00
8a0ff87b-3ce7-464a-857f-c6cc4e46427c,completed,2026-06-19 20:33:02.913162+00:00,2026-06-19 20:33:33.043368+00:00
670cc83f-59fb-4f5c-89e8-89507b5e66a4,completed,2026-06-19 20:32:31.840628+00:00,2026-06-19 20:32:50.662567+00:00
0ab9af4f-1ba1-4233-94a7-b80095aeae19,completed,2026-06-19 20:32:32.340555+00:00,2026-06-19 20:32:51.370143+00:00
c8869021-1086-4287-bfce-99a143b9ec7c,completed,2026-06-19 20:32:32.614898+00:00,2026-06-19 20:32:51.810147+00:00
3f4b9931-051c-4f03-af29-ff8ed94655d7,completed,2026-06-19 20:32:34.490019+00:00,2026-06-19 20:32:54.582170+00:00
05e331e8-62b6-4396-bd9e-9c1f8217bc9a,completed,2026-06-19 20:32:35.727352+00:00,2026-06-19 20:32:56.393013+00:00
40d68a34-e223-4c72-b1d4-0eb8269dd8dd,completed,2026-06-19 20:32:39.540460+00:00,2026-06-19 20:33:02.108362+00:00
08eb1021-f463-4f5b-a772-4d639823fd8b,completed,2026-06-19 20:32:44.290970+00:00,2026-06-19 20:33:09.407718+00:00
51ca325a-6cc5-49c2-a541-752bcc4a6a22,completed,2026-06-19 20:32:44.940749+00:00,2026-06-19 20:33:10.317535+00:00
c41377c2-ffd5-4443-9da8-893e9e9da689,completed,2026-06-19 20:32:45.327175+00:00,2026-06-19 20:33:10.916581+00:00
f285b235-9dba-4879-aad9-a01b6da94cad,completed,2026-06-19 20:32:46.989576+00:00,2026-06-19 20:33:13.364990+00:00
6a16e5cb-8fd4-4f9b-84ce-a05eb64c26dd,completed,2026-06-19 20:32:48.547930+00:00,2026-06-19 20:33:15.645391+00:00
9c72190f-0dd0-4c19-a84e-051b843ed141,completed,2026-06-19 20:32:49.021698+00:00,2026-06-19 20:33:16.372989+00:00
4297f093-2285-49e8-b753-d5189f44c6c3,completed,2026-06-19 20:32:49.140142+00:00,2026-06-19 20:33:16.525644+00:00
72ebc897-2f7e-4067-b2f2-fedb7c7a9234,completed,2026-06-19 20:32:50.614865+00:00,2026-06-19 20:33:18.670243+00:00
d98dcdd4-ae33-4f9e-8b7f-fbf11d29893e,completed,2026-06-19 20:32:50.988519+00:00,2026-06-19 20:33:19.232009+00:00
0b30a63d-6a91-4f1e-83ab-57fc3f3bef4e,completed,2026-06-19 20:32:52.264283+00:00,2026-06-19 20:33:21.076236+00:00
e3aed442-9aa2-453d-bafe-8a26383ce563,completed,2026-06-19 20:32:56.623959+00:00,2026-06-19 20:33:26.763794+00:00
021c2149-595e-4b65-8f7b-3f4e798bfbb7,failed,2026-06-19 20:33:01.087718+00:00,2026-06-19 20:33:31.110880+00:00
57cb634c-e042-4cff-9f32-2b24048ed72d,completed,2026-06-19 20:32:59.089606+00:00,2026-06-19 20:33:29.230080+00:00
cb7ad22d-5b14-4a7e-a421-62ed73285d9f,completed,2026-06-19 20:32:59.488825+00:00,2026-06-19 20:33:29.640121+00:00
9d8dc02e-0c50-47e1-8acf-21aad225991d,completed,2026-06-19 20:32:59.988788+00:00,2026-06-19 20:33:30.104537+00:00
93600df9-a8b9-4862-8781-9c4186f2274d,completed,2026-06-19 20:33:00.401738+00:00,2026-06-19 20:33:30.514970+00:00
7984e774-b0ae-48ca-8a27-27d863fef273,failed,2026-06-19 20:33:02.487730+00:00,2026-06-19 20:33:32.487486+00:00
1efa4ade-4984-44fa-abea-b0fd55ba480f,completed,2026-06-19 20:33:01.288465+00:00,2026-06-19 20:33:31.391222+00:00
57a9978e-53f9-4d2f-b2e5-60c2a818caac,failed,2026-06-19 20:33:02.688153+00:00,2026-06-19 20:33:32.697280+00:00
c3dce25e-d37a-4730-9e43-51fc0237a72b,failed,2026-06-19 20:33:04.187772+00:00,2026-06-19 20:33:34.190197+00:00
14955f7d-1a4c-49d6-92fe-2ef425fb1690,completed,2026-06-19 20:33:02.787603+00:00,2026-06-19 20:33:32.914528+00:00
8d5aae1d-9133-4a9f-bbe6-6832d42a3633,completed,2026-06-19 20:33:03.089789+00:00,2026-06-19 20:33:33.205870+00:00
bfefc2d8-0872-47a0-979c-8369520de0fa,completed,2026-06-19 20:33:03.387627+00:00,2026-06-19 20:33:33.475727+00:00
a5797615-aca9-4016-930c-94bf7caeac93,completed,2026-06-19 20:33:03.788035+00:00,2026-06-19 20:33:33.901659+00:00
57d1bd9e-89b5-423b-a526-c577ec00f85d,completed,2026-06-19 20:33:06.888022+00:00,2026-06-19 20:33:37.002786+00:00
49164a6f-56d8-44dc-af38-2bb08b3afc98,completed,2026-06-19 20:33:04.386544+00:00,2026-06-19 20:33:34.469126+00:00
b9f85f20-3b40-4a55-b69b-1545355f751b,completed,2026-06-19 20:33:05.888345+00:00,2026-06-19 20:33:36.009884+00:00
e3094445-ef68-47a2-ad04-5d8118dc3019,completed,2026-06-19 20:33:06.487473+00:00,2026-06-19 20:33:36.622063+00:00
9de3390b-b814-4d04-96b5-3777f5cee5f1,failed,2026-06-19 20:33:08.188977+00:00,2026-06-19 20:33:38.230335+00:00
6726abf8-626d-45c2-bdb1-61c72954b3fb,completed,2026-06-19 20:33:06.788969+00:00,2026-06-19 20:33:36.899534+00:00
6c024f01-1cbf-4809-8a7a-6da210059013,completed,2026-06-19 20:33:07.487900+00:00,2026-06-19 20:33:37.620775+00:00
a3c5a752-9bf4-4732-98c5-645623c44494,failed,2026-06-19 20:33:08.790323+00:00,2026-06-19 20:33:38.822732+00:00
066e2451-0ee2-45b6-baa2-d6c1931f8576,failed,2026-06-19 20:33:09.087773+00:00,2026-06-19 20:33:39.117529+00:00
a635d5e5-c0d8-496b-9ec0-d7b4c2e5ec00,failed,2026-06-19 20:33:09.388911+00:00,2026-06-19 20:33:39.397745+00:00
17cefa20-2222-44e8-87c9-04243a04c8ad,failed,2026-06-19 20:33:09.489852+00:00,2026-06-19 20:33:39.535546+00:00
e6cbb27a-cb06-4177-85f1-3c89b381d83c,failed,2026-06-19 20:33:09.807827+00:00,2026-06-19 20:33:39.810630+00:00
d5f6263c-39f9-4055-8ba4-d80eac62caee,completed,2026-06-19 20:33:09.691741+00:00,2026-06-19 20:33:39.806371+00:00
88842b5c-05ce-48a2-8f3d-84945e22cf59,failed,2026-06-19 20:33:10.307398+00:00,2026-06-19 20:33:40.351958+00:00
c318abff-fcd7-4b2b-a22a-80d1cb6a1cbf,failed,2026-06-19 20:33:10.621302+00:00,2026-06-19 20:33:40.643318+00:00
7565a367-9b01-4e6d-827e-933975f7c528,completed,2026-06-19 20:33:10.516619+00:00,2026-06-19 20:33:40.657159+00:00
f38c710d-d669-49b4-81db-5a58da60dd5f,completed,2026-06-19 20:33:11.258382+00:00,2026-06-19 20:33:41.363433+00:00
aeae4434-2f9d-46f7-82b9-b131bb776dbd,completed,2026-06-19 20:32:39.318177+00:00,2026-06-19 20:33:01.815911+00:00
651b99e8-d760-4b00-a166-d80aec53a37e,completed,2026-06-19 20:32:40.266281+00:00,2026-06-19 20:33:03.281609+00:00
9db9c119-7635-4add-a974-40adba4a41dd,completed,2026-06-19 20:32:41.193836+00:00,2026-06-19 20:33:04.694508+00:00
1e5dc900-d241-490b-8fd5-7d084c95fee4,completed,2026-06-19 20:32:44.765271+00:00,2026-06-19 20:33:10.013992+00:00
f1336214-43de-4b06-9c21-c5245efecd91,completed,2026-06-19 20:32:52.914978+00:00,2026-06-19 20:33:22.046391+00:00
99aeb03d-59ea-4245-88eb-8870d4e9ec30,completed,2026-06-19 20:32:55.488760+00:00,2026-06-19 20:33:25.594123+00:00
dfd76e27-2467-4c42-ab4e-bdcd35e5dabf,failed,2026-06-19 20:33:03.462083+00:00,2026-06-19 20:33:33.470611+00:00
97c2f098-100f-49a3-8672-bea00b114713,failed,2026-06-19 20:33:04.862998+00:00,2026-06-19 20:33:34.889266+00:00
73c19555-1a9f-4f01-b002-f4bca3b94378,completed,2026-06-19 20:33:04.062827+00:00,2026-06-19 20:33:34.183890+00:00
95640c4c-27a7-44a9-adef-59a32fbcb78c,completed,2026-06-19 20:33:04.564101+00:00,2026-06-19 20:33:34.678238+00:00
1d31fc39-8a6d-4355-9c2f-d2679e353fe1,failed,2026-06-19 20:33:08.362770+00:00,2026-06-19 20:33:38.384257+00:00
21e0edff-5158-4563-88c3-e1ba781199d7,completed,2026-06-19 20:33:05.169828+00:00,2026-06-19 20:33:35.295756+00:00
473efe5a-3d7b-49c1-a795-b330b017dd22,failed,2026-06-19 20:33:05.669266+00:00,2026-06-19 20:33:35.725249+00:00
e00ad0f8-34b4-4c89-b499-05ddfb63e6c2,completed,2026-06-19 20:33:05.571946+00:00,2026-06-19 20:33:35.729648+00:00
e309f72c-288e-4570-8b57-9caa5479bbaf,completed,2026-06-19 20:33:07.063661+00:00,2026-06-19 20:33:37.182837+00:00
46107313-c716-4b3b-95ab-301b7dd557c4,completed,2026-06-19 20:33:07.265556+00:00,2026-06-19 20:33:37.341593+00:00
c8eb2b9d-8054-4a63-8dd8-b8a044af0def,completed,2026-06-19 20:33:08.162291+00:00,2026-06-19 20:33:38.290891+00:00
7801f792-b9f9-449b-821b-2ac34c4d150d,failed,2026-06-19 20:33:09.665315+00:00,2026-06-19 20:33:39.676271+00:00
8f5851b6-b8b5-4011-9ee5-06b2b1c894e6,completed,2026-06-19 20:33:09.564340+00:00,2026-06-19 20:33:39.672212+00:00
56e02048-4077-4025-8faa-3bcdcb1d8cd7,failed,2026-06-19 20:33:12.101761+00:00,2026-06-19 20:33:42.103374+00:00
91dcb0c0-23d4-4e64-b49f-6cb9729adac3,completed,2026-06-19 20:33:10.284727+00:00,2026-06-19 20:33:40.448093+00:00
539ed8a7-6ff4-4490-b83d-ea9cf97687a5,completed,2026-06-19 20:33:09.768017+00:00,2026-06-19 20:33:39.903977+00:00
025747a4-7c94-428a-bcb0-80aa4459f54d,completed,2026-06-19 20:33:11.231122+00:00,2026-06-19 20:33:41.361176+00:00
ab4e63e2-69d7-497b-b71b-bbd3c5bb26ce,failed,2026-06-19 20:33:14.054455+00:00,2026-06-19 20:33:44.050792+00:00
8c43b31f-7510-42d1-8360-15ced5ce7ae8,completed,2026-06-19 20:33:12.213132+00:00,2026-06-19 20:33:42.282014+00:00
c423a7b1-8447-4312-a044-81b42250c995,completed,2026-06-19 20:33:13.232584+00:00,2026-06-19 20:33:43.357676+00:00
79570232-d4ca-4516-880f-498bd6060f06,completed,2026-06-19 20:33:13.697774+00:00,2026-06-19 20:33:43.820983+00:00
a1b8bf1b-cd52-459a-b574-8e83ed79b672,completed,2026-06-19 20:33:14.292873+00:00,2026-06-19 20:33:44.425224+00:00
f5965b08-963a-4b25-ab06-e5f1e9de7927,completed,2026-06-19 20:33:18.646078+00:00,2026-06-19 20:33:48.745392+00:00
0e69ae01-4a57-4b5c-9773-4f3cad7459bd,completed,2026-06-19 20:33:18.793943+00:00,2026-06-19 20:33:48.903757+00:00
4536f897-3df8-4b02-8bce-64e46c0de445,completed,2026-06-19 20:33:19.848692+00:00,2026-06-19 20:33:49.872010+00:00
7f4bb57e-9885-4e4d-95d8-bcfe331bf47c,completed,2026-06-19 20:33:20.004130+00:00,2026-06-19 20:33:50.008626+00:00
664855a3-f889-4475-8988-1d71e120567b,completed,2026-06-19 20:33:20.477999+00:00,2026-06-19 20:33:50.437707+00:00
5e1cbc15-fc95-4af3-9d50-a1f2fac78a3e,completed,2026-06-19 20:33:21.130171+00:00,2026-06-19 20:33:51.006021+00:00
b3a4ed61-8233-498a-ab7d-5676c43c2a77,completed,2026-06-19 20:33:24.414079+00:00,2026-06-19 20:33:53.509734+00:00
e62fd2d7-bfcb-412f-907b-3514fa208eab,completed,2026-06-19 20:33:25.035089+00:00,2026-06-19 20:33:53.984756+00:00
e222c776-dc5c-4ed3-951c-7b5064606b99,completed,2026-06-19 20:33:07.612346+00:00,2026-06-19 20:33:37.726078+00:00
37de7614-46b6-4f9a-89df-50a0d40718e5,completed,2026-06-19 20:33:04.413996+00:00,2026-06-19 20:33:34.527304+00:00
d389ccbc-4968-4b1a-9171-7a0bb2306bef,completed,2026-06-19 20:33:05.813481+00:00,2026-06-19 20:33:35.909761+00:00
d6a6956f-6454-45c8-8f76-d0d4d4f3cf71,completed,2026-06-19 20:33:06.612353+00:00,2026-06-19 20:33:36.723234+00:00
476baba3-468e-4349-a520-c9328dcc7c58,failed,2026-06-19 20:33:08.812835+00:00,2026-06-19 20:33:38.826488+00:00
3255af57-d5ee-423b-a43d-5ef23e59c910,completed,2026-06-19 20:33:07.517805+00:00,2026-06-19 20:33:37.622673+00:00
b1416194-400b-4c35-a5ba-46723d246c47,completed,2026-06-19 20:33:08.112987+00:00,2026-06-19 20:33:38.232762+00:00
becf6d0f-ace2-49e4-a17b-f7ff2c286165,completed,2026-06-19 20:33:08.312564+00:00,2026-06-19 20:33:38.425393+00:00
f2cae494-7d29-4871-b020-5d533d18bdc2,completed,2026-06-19 20:33:08.613296+00:00,2026-06-19 20:33:38.696326+00:00
12cc5c1a-c8e6-491c-b077-e60f59cdfe4e,failed,2026-06-19 20:33:11.937046+00:00,2026-06-19 20:33:41.953047+00:00
7a7dcd31-086d-4188-ba87-c9cfc9e31aac,completed,2026-06-19 20:33:09.012606+00:00,2026-06-19 20:33:39.114761+00:00
4df1cec8-8bdc-4d2f-ab25-39a885f4b4c2,completed,2026-06-19 20:33:09.414260+00:00,2026-06-19 20:33:39.531835+00:00
4cfd05a3-7435-4217-bcac-ec7fcbb56beb,completed,2026-06-19 20:33:10.231991+00:00,2026-06-19 20:33:40.363375+00:00
57c6317c-325d-43db-909d-dba08c1a194e,completed,2026-06-19 20:33:10.647239+00:00,2026-06-19 20:33:40.786066+00:00
3b6f7c6b-93e2-473f-a7ed-61127c5e0d90,completed,2026-06-19 20:33:10.857968+00:00,2026-06-19 20:33:40.979590+00:00
10802028-0eda-4da8-8b25-3b3140bc01d9,completed,2026-06-19 20:33:11.725153+00:00,2026-06-19 20:33:41.793718+00:00
1230902e-875b-4600-a4ea-de788e22c868,failed,2026-06-19 20:33:12.380372+00:00,2026-06-19 20:33:42.382388+00:00
9f979695-d907-4fa4-a09c-4243042f2131,completed,2026-06-19 20:33:12.266864+00:00,2026-06-19 20:33:42.378590+00:00
a520e036-a3a5-483e-a5ed-80291ff0c47d,completed,2026-06-19 20:33:12.830238+00:00,2026-06-19 20:33:42.930756+00:00
c6864f5d-1f49-4098-baf7-0069e105cb74,completed,2026-06-19 20:33:13.289656+00:00,2026-06-19 20:33:43.431717+00:00
d51ae797-2c2d-498c-9288-4492f3f7d115,completed,2026-06-19 20:33:13.997172+00:00,2026-06-19 20:33:44.121097+00:00
19c95d5c-5dfa-4c28-80bf-4ba7395a595a,completed,2026-06-19 20:33:16.237095+00:00,2026-06-19 20:33:46.375028+00:00
582ef4cf-4663-4ef5-8a07-9442af55c6d9,completed,2026-06-19 20:33:17.031041+00:00,2026-06-19 20:33:47.108245+00:00
30358859-3ecb-44bf-9e42-6f60c03abd61,completed,2026-06-19 20:33:17.303359+00:00,2026-06-19 20:33:47.384703+00:00
84d2468f-e86a-471e-b704-10122abcf748,completed,2026-06-19 20:33:18.283887+00:00,2026-06-19 20:33:48.331291+00:00
1eebde32-5f56-4cc5-8b08-83a07f06aeb0,completed,2026-06-19 20:33:18.719771+00:00,2026-06-19 20:33:48.820802+00:00
20975419-20c8-4b43-adc7-2f89a594aa68,completed,2026-06-19 20:33:19.941989+00:00,2026-06-19 20:33:49.925556+00:00
62509e75-9349-48e1-8af9-f36e1a91f4ec,completed,2026-06-19 20:33:23.528865+00:00,2026-06-19 20:33:52.939257+00:00
0a896247-48c5-4f71-9b8e-6a484d81a9e6,completed,2026-06-19 20:33:23.915958+00:00,2026-06-19 20:33:53.235299+00:00
ae87e01f-9866-4154-bb88-a2ed4cdb6f7c,completed,2026-06-19 20:33:25.141714+00:00,2026-06-19 20:33:54.039201+00:00
7a41f436-8fa5-48ca-ae3e-9e6efd094350,failed,2026-06-19 20:33:09.539120+00:00,2026-06-19 20:33:39.543448+00:00
38de3c3f-fda0-4928-922d-8e4b46e17e4f,failed,2026-06-19 20:33:11.639112+00:00,2026-06-19 20:33:41.658418+00:00
4cc64436-ca92-4fff-a1dd-bea91c8f3bb0,completed,2026-06-19 20:33:09.746710+00:00,2026-06-19 20:33:39.846052+00:00
7bbc530e-7877-4a26-97c9-aac3570d8064,completed,2026-06-19 20:33:12.860602+00:00,2026-06-19 20:33:42.961174+00:00
94fb26d7-410f-472d-9eea-3835a6a09d3c,completed,2026-06-19 20:33:10.675210+00:00,2026-06-19 20:33:40.788440+00:00
c8cb82b7-3437-4c89-878e-a8249c703be2,completed,2026-06-19 20:33:11.964939+00:00,2026-06-19 20:33:42.094706+00:00
fefafb02-3835-42a1-be02-2afc58f7bbf7,completed,2026-06-19 20:33:13.904370+00:00,2026-06-19 20:33:44.047617+00:00
b231911f-e088-4eec-aaf0-7315a5e4c2b4,completed,2026-06-19 20:33:12.519092+00:00,2026-06-19 20:33:42.654330+00:00
79e9037c-a42e-4865-ba44-f9845650f6cf,completed,2026-06-19 20:33:12.633067+00:00,2026-06-19 20:33:42.721250+00:00
cca2b8f9-8b2d-4ffa-ad00-3bf859b8085d,failed,2026-06-19 20:33:14.505517+00:00,2026-06-19 20:33:44.508143+00:00
009d5a0b-c26c-4b0e-9f0a-6d52fab86f86,completed,2026-06-19 20:33:13.087175+00:00,2026-06-19 20:33:43.217705+00:00
d18d54eb-5183-41aa-b0db-07988c107e5f,completed,2026-06-19 20:33:15.120110+00:00,2026-06-19 20:33:45.246235+00:00
c4dbe024-63a6-4b67-9903-433d7a82d666,completed,2026-06-19 20:33:14.871487+00:00,2026-06-19 20:33:44.989797+00:00
3f2617b2-b4e1-46c1-a003-f7dc2ae8b170,completed,2026-06-19 20:33:14.627259+00:00,2026-06-19 20:33:44.735539+00:00
ba6b5a7a-e7d4-4ad7-8eda-26614881e259,completed,2026-06-19 20:33:14.748647+00:00,2026-06-19 20:33:44.831199+00:00
4b7f496e-a0e6-4c21-b7bc-2f3ecbba6bd7,completed,2026-06-19 20:33:16.007417+00:00,2026-06-19 20:33:46.125015+00:00
36549cc6-8e3a-45a6-a5ab-71d085a78f31,failed,2026-06-19 20:33:15.370069+00:00,2026-06-19 20:33:45.379877+00:00
00ba1fbe-b1a2-4b52-bc0e-55f99d279ac5,failed,2026-06-19 20:33:16.796727+00:00,2026-06-19 20:33:46.799198+00:00
046d725c-1e03-4ccd-a2ae-4a3f07992675,completed,2026-06-19 20:33:18.034406+00:00,2026-06-19 20:33:48.140291+00:00
7953a23d-b972-4fe7-86d6-a197c4b0b9ba,completed,2026-06-19 20:33:16.529657+00:00,2026-06-19 20:33:46.658870+00:00
9873d16e-89f2-45d2-a442-cc2906f4e4d8,completed,2026-06-19 20:33:17.753699+00:00,2026-06-19 20:33:47.873409+00:00
03514695-0998-46ca-b563-7b4c27997064,completed,2026-06-19 20:33:18.177223+00:00,2026-06-19 20:33:48.288029+00:00
18f715aa-0b89-4cd9-af0d-2a4e1465af7a,completed,2026-06-19 20:33:18.609205+00:00,2026-06-19 20:33:48.696814+00:00
98bef641-05f2-4b4b-b9c8-c546878c7acf,completed,2026-06-19 20:33:18.913018+00:00,2026-06-19 20:33:48.970984+00:00
0cc65166-54c8-4ef3-9b18-fb92d637fb20,completed,2026-06-19 20:33:20.280305+00:00,2026-06-19 20:33:50.243894+00:00
79844f0a-a4e6-4f1b-a513-b1c27414b36c,completed,2026-06-19 20:33:23.012214+00:00,2026-06-19 20:33:52.527122+00:00
a74c2425-f833-4610-b39f-edec9fd2a41f,completed,2026-06-19 20:33:23.575915+00:00,2026-06-19 20:33:52.950748+00:00
189187e6-b52d-4dbb-a014-39c265d59455,completed,2026-06-19 20:33:23.768355+00:00,2026-06-19 20:33:53.094899+00:00
0e157092-c200-4fc8-b901-2a95b22a3ddc,failed,2026-06-19 20:33:13.492830+00:00,2026-06-19 20:33:43.494594+00:00
65ffda87-5291-468a-9cb9-7b62bce8ba92,completed,2026-06-19 20:33:18.392429+00:00,2026-06-19 20:33:48.461791+00:00
698179de-1ce8-4e41-ac5b-5824a12b515a,completed,2026-06-19 20:33:14.443943+00:00,2026-06-19 20:33:44.557890+00:00
f627bd70-e99c-43e2-a896-ef28f5522678,failed,2026-06-19 20:33:14.931426+00:00,2026-06-19 20:33:44.946436+00:00
06893fcd-7637-48db-ad90-796c97f5696c,completed,2026-06-19 20:33:26.667493+00:00,2026-06-19 20:33:55.010506+00:00
35c2734d-6b46-4cc4-9771-fd204bed69f1,completed,2026-06-19 20:33:15.191321+00:00,2026-06-19 20:33:45.289631+00:00
88c9e813-8fda-419e-850a-a61b1689e168,completed,2026-06-19 20:33:19.276942+00:00,2026-06-19 20:33:49.332240+00:00
f39bfac2-3ac2-4b8b-ae0c-5d9c13a8bf86,completed,2026-06-19 20:33:15.945694+00:00,2026-06-19 20:33:46.014162+00:00
80101a0c-46c4-48da-8d00-529e94be09ed,completed,2026-06-19 20:33:16.333378+00:00,2026-06-19 20:33:46.422368+00:00
71c5d1a8-2584-48e8-ab6d-c22ccbe86e6b,completed,2026-06-19 20:33:19.732219+00:00,2026-06-19 20:33:49.772750+00:00
779b4f8a-d6ad-4b21-b4df-a0ec665f12cd,completed,2026-06-19 20:33:17.271354+00:00,2026-06-19 20:33:47.349819+00:00
84409281-e737-426e-baee-6db5ee2a3a18,completed,2026-06-19 20:33:26.904052+00:00,2026-06-19 20:33:55.152853+00:00
c2f1bcd9-3f2a-448a-94cd-178843447598,completed,2026-06-19 20:33:17.829350+00:00,2026-06-19 20:33:47.932571+00:00
ae611059-77ad-4082-9a88-eb0daa20ac62,completed,2026-06-19 20:33:20.680564+00:00,2026-06-19 20:33:50.600345+00:00
7f656012-c441-49a8-b696-72c3e046bc18,completed,2026-06-19 20:33:22.554690+00:00,2026-06-19 20:33:52.206613+00:00
dc1e294a-d1f6-4aa3-8869-4fa469f363a0,completed,2026-06-19 20:33:23.102744+00:00,2026-06-19 20:33:52.652184+00:00
5195f9c8-7731-4d52-a899-6f880f1936ad,completed,2026-06-19 20:33:25.087279+00:00,2026-06-19 20:33:54.027538+00:00
f0a41cbe-9e4b-4a35-bae8-69068731e7e8,completed,2026-06-19 20:32:48.863976+00:00,2026-06-19 20:33:16.122326+00:00
fe080a7b-5c50-4b03-82fe-5ef91703c068,completed,2026-06-19 20:32:49.264677+00:00,2026-06-19 20:33:16.684628+00:00
c7369184-2bb8-41c0-bebb-47090b9645aa,completed,2026-06-19 20:32:53.840827+00:00,2026-06-19 20:33:23.413395+00:00
d6232531-5035-44e2-9cea-881f316ea390,completed,2026-06-19 20:32:56.763336+00:00,2026-06-19 20:33:26.900215+00:00
4304c5bc-db75-4507-9eac-8c207cb86aae,completed,2026-06-19 20:32:58.689414+00:00,2026-06-19 20:33:28.790735+00:00
b7150f0b-093e-43f8-87ef-387b0ef6f743,completed,2026-06-19 20:32:58.862782+00:00,2026-06-19 20:33:28.920776+00:00
2340a1a4-c14c-469c-a5e3-7dd746c0989d,failed,2026-06-19 20:32:59.038452+00:00,2026-06-19 20:33:29.074815+00:00
2f177918-92c0-4d6b-b20a-faad24f6bdb9,completed,2026-06-19 20:33:00.313502+00:00,2026-06-19 20:33:30.426718+00:00
bd1f0a2b-e5ee-4a72-930d-4d756d5e3f0f,failed,2026-06-19 20:33:02.387932+00:00,2026-06-19 20:33:32.391174+00:00
d55c53c2-e0ee-4637-8658-00aa593ba966,failed,2026-06-19 20:33:02.962719+00:00,2026-06-19 20:33:33.001141+00:00
3d45337e-e676-479e-b233-60d737e51576,completed,2026-06-19 20:33:04.214248+00:00,2026-06-19 20:33:34.321151+00:00
74d7d34a-b8ec-4af3-ac28-431d05bff738,failed,2026-06-19 20:33:04.890155+00:00,2026-06-19 20:33:34.892958+00:00
64dabf3e-88ae-4bed-ace2-7afa69e6c4a5,completed,2026-06-19 20:33:05.340060+00:00,2026-06-19 20:33:35.461118+00:00
a716b3ae-ae19-47b8-9db8-2ee473e5ff9d,failed,2026-06-19 20:33:09.190168+00:00,2026-06-19 20:33:39.194148+00:00
e563c748-a82b-4f65-bfc2-b6e1ec6c91f5,failed,2026-06-19 20:33:09.239645+00:00,2026-06-19 20:33:39.258120+00:00
2a89c3ea-be04-4c5e-b1b3-7e8c293eb32b,completed,2026-06-19 20:33:27.855331+00:00,2026-06-19 20:33:55.688753+00:00
211aa39d-c591-4a36-a4f0-038d5b937ebd,completed,2026-06-19 20:33:27.339280+00:00,2026-06-19 20:33:55.406750+00:00
3479034a-d9ec-4002-9f53-dcc22174e6ee,completed,2026-06-19 20:33:30.816680+00:00,2026-06-19 20:33:57.043896+00:00
59b6f541-7cd6-4885-bff0-13c433804569,completed,2026-06-19 20:33:27.723775+00:00,2026-06-19 20:33:55.565909+00:00
af789b5a-226f-4da1-b6cc-d40cbec1ec67,completed,2026-06-19 20:33:28.819132+00:00,2026-06-19 20:33:56.139321+00:00
d940d69f-3cb3-4bb5-bea1-9eeb2bc7090c,completed,2026-06-19 20:33:29.189315+00:00,2026-06-19 20:33:56.317701+00:00
60b566a3-bd01-4c74-b187-a3616cf85972,completed,2026-06-19 20:33:29.804537+00:00,2026-06-19 20:33:56.621981+00:00
8c044e48-c143-405a-9f96-a5e530f2d092,completed,2026-06-19 20:33:31.863921+00:00,2026-06-19 20:33:57.430341+00:00
eb5c3fbf-a606-4400-bba2-1863fa7bf231,completed,2026-06-19 20:33:30.550806+00:00,2026-06-19 20:33:56.935457+00:00
54c4438f-d315-4e37-85a3-e42442fc45f4,completed,2026-06-19 20:33:31.183808+00:00,2026-06-19 20:33:57.176977+00:00
b9bcf6bb-c059-4d23-83d6-9b2e11a784f4,completed,2026-06-19 20:33:32.966186+00:00,2026-06-19 20:33:57.757965+00:00
5869ca72-d8cf-41dc-b3f6-1bda5c62ef5e,completed,2026-06-19 20:33:34.471201+00:00,2026-06-19 20:33:58.159014+00:00
41db6e2c-dc81-4b0c-b4c6-43029f3ceeb2,completed,2026-06-19 20:33:32.617649+00:00,2026-06-19 20:33:57.681392+00:00
62be04dd-02ad-4e3e-b450-b431eea31f7c,completed,2026-06-19 20:33:37.091792+00:00,2026-06-19 20:33:58.578231+00:00
75788ac4-cfcc-4109-93af-64181c26e899,completed,2026-06-19 20:33:34.017148+00:00,2026-06-19 20:33:58.030080+00:00
f22964b1-5004-4370-a616-358f9782dc1a,completed,2026-06-19 20:33:36.761246+00:00,2026-06-19 20:33:58.525342+00:00
954670ef-f020-48b7-9beb-2debebca669b,completed,2026-06-19 20:33:09.870295+00:00,2026-06-19 20:33:39.984631+00:00
33c5397a-26d5-413f-a8b7-5ce9710a30ba,completed,2026-06-19 20:33:16.495978+00:00,2026-06-19 20:33:46.564821+00:00
f3856887-c806-462b-ae3c-c838426eeb48,completed,2026-06-19 20:33:25.249337+00:00,2026-06-19 20:33:54.129554+00:00
b246c59d-c2e4-4e5e-b8a9-77462ba047ae,completed,2026-06-19 20:33:11.392284+00:00,2026-06-19 20:33:41.510087+00:00
a81b339b-93c4-4001-a6e4-697efe163c42,failed,2026-06-19 20:33:11.799021+00:00,2026-06-19 20:33:41.797688+00:00
999d1905-34d0-42ff-a64c-f90d63e255d2,completed,2026-06-19 20:33:27.211746+00:00,2026-06-19 20:33:55.301267+00:00
8ad6a738-fb77-4bcb-85d1-99469cd042d1,completed,2026-06-19 20:33:15.527622+00:00,2026-06-19 20:33:45.673977+00:00
d5e32e01-1b44-43f6-87f3-ebdfee18bcc6,completed,2026-06-19 20:33:31.762553+00:00,2026-06-19 20:33:57.412589+00:00
a31d9e42-7a60-4b7a-9ce6-b8ca04e108d4,completed,2026-06-19 20:30:51.766291+00:00,2026-06-19 20:30:51.902848+00:00
c3bcbcbe-c380-48fc-9580-26a137111081,completed,2026-06-19 20:30:40.220126+00:00,2026-06-19 20:30:41.627346+00:00
173ab0a4-b509-4eca-8115-4d6cce352455,completed,2026-06-19 20:30:42.518578+00:00,2026-06-19 20:30:42.679071+00:00
1c673e69-dbcd-4d94-9695-13f1953c01cd,completed,2026-06-19 20:30:43.516844+00:00,2026-06-19 20:30:43.679285+00:00
e6c5e38e-3e68-48bd-be22-c2bcf3d1320f,completed,2026-06-19 20:30:52.503238+00:00,2026-06-19 20:30:52.645572+00:00
fa017ee0-8069-4b10-ba04-6253a55c7722,completed,2026-06-19 20:30:43.823536+00:00,2026-06-19 20:30:43.979986+00:00
1eb96fe5-c227-432d-bc57-3337e536c5bb,completed,2026-06-19 20:30:45.009548+00:00,2026-06-19 20:30:45.171713+00:00
12dea5a4-53b6-414d-aaa7-8e1154a39320,completed,2026-06-19 20:30:58.612486+00:00,2026-06-19 20:30:58.756904+00:00
5cf2739b-cf6a-44ae-b831-4d8435ade279,completed,2026-06-19 20:30:45.831583+00:00,2026-06-19 20:30:46.017610+00:00
f3edae1e-9373-4fbc-821c-04c7997f9454,completed,2026-06-19 20:30:52.837486+00:00,2026-06-19 20:30:53.007170+00:00
34eb6fbc-dd1a-40b2-a3ab-0cc2cdfca021,completed,2026-06-19 20:30:46.096696+00:00,2026-06-19 20:30:46.264077+00:00
1a36fe50-7370-41a5-b026-b275dcea99e3,completed,2026-06-19 20:30:48.277586+00:00,2026-06-19 20:30:48.433001+00:00
0d311948-ed61-4388-94c7-455d0f52cc76,completed,2026-06-19 20:30:49.163106+00:00,2026-06-19 20:30:49.319293+00:00
dbe309ee-7386-4684-a75b-cd51873fde1a,completed,2026-06-19 20:30:56.131879+00:00,2026-06-19 20:30:56.308035+00:00
1c6e7882-a7b4-4b13-bf33-676d1c79de1d,completed,2026-06-19 20:30:49.609402+00:00,2026-06-19 20:30:49.778580+00:00
6406b7e1-8b43-4769-9877-e2d33d41afff,completed,2026-06-19 20:31:00.885254+00:00,2026-06-19 20:31:01.036102+00:00
1026f66c-be58-4680-ba5a-5468a1123027,completed,2026-06-19 20:30:59.029419+00:00,2026-06-19 20:30:59.184951+00:00
93945b5c-ed2a-4aa7-b501-ef808365214a,completed,2026-06-19 20:30:56.734313+00:00,2026-06-19 20:30:56.891858+00:00
1acdcf44-00ea-4d73-8949-cd9a2cc1d0a8,completed,2026-06-19 20:30:58.051633+00:00,2026-06-19 20:30:58.198798+00:00
4e5a2800-e135-4d29-92a3-c313fb027f99,completed,2026-06-19 20:30:58.200376+00:00,2026-06-19 20:30:58.336189+00:00
6410452f-f384-4d51-9fed-6003b30b0c97,completed,2026-06-19 20:30:59.299916+00:00,2026-06-19 20:30:59.440624+00:00
524ca36f-c398-4213-8321-548faef77770,completed,2026-06-19 20:30:59.840251+00:00,2026-06-19 20:30:59.973053+00:00
2f722513-2f8d-4b46-8b7b-57976d5d0d50,completed,2026-06-19 20:31:01.773292+00:00,2026-06-19 20:31:01.971855+00:00
d25407df-5c36-4efa-a0dc-902b869fbe9e,completed,2026-06-19 20:31:04.172164+00:00,2026-06-19 20:31:04.326232+00:00
686e940f-bc43-4a87-8a4e-9f0909115acc,completed,2026-06-19 20:31:02.875633+00:00,2026-06-19 20:31:03.018800+00:00
ae3bc8ee-40fc-443b-b4df-7984f7e944e1,completed,2026-06-19 20:31:03.114555+00:00,2026-06-19 20:31:03.304803+00:00
40887bc3-f183-4a26-b0ba-6d6f743d1a0b,completed,2026-06-19 20:31:03.245891+00:00,2026-06-19 20:31:03.389151+00:00
63d64aa8-25e4-4eff-b54c-b69db23f1efb,completed,2026-06-19 20:31:03.350639+00:00,2026-06-19 20:31:03.489976+00:00
8cf9f3df-502d-4238-8992-3b0c04c58657,completed,2026-06-19 20:31:04.629704+00:00,2026-06-19 20:31:04.764372+00:00
5c2df5ff-6628-46d7-bacb-bdf1a932c9e2,completed,2026-06-19 20:31:05.749890+00:00,2026-06-19 20:31:05.923051+00:00
a03f9057-d3a7-4ff3-bea3-7512b43079b4,completed,2026-06-19 20:31:06.188633+00:00,2026-06-19 20:31:06.352521+00:00
2413d1f5-06f8-43f4-9c0a-4152414a764f,completed,2026-06-19 20:31:16.633385+00:00,2026-06-19 20:31:16.812371+00:00
c35a70dd-f211-4841-b191-2e4bac02907e,completed,2026-06-19 20:31:06.297389+00:00,2026-06-19 20:31:06.459738+00:00
78fa69cf-d060-40d5-af9e-33d2e789d23d,completed,2026-06-19 20:31:10.751213+00:00,2026-06-19 20:31:10.904313+00:00
3dc23089-d678-4ff1-be41-72060da8c8c1,completed,2026-06-19 20:31:11.481371+00:00,2026-06-19 20:31:11.645437+00:00
a31e884b-2611-4f54-a158-898f1512a7da,completed,2026-06-19 20:31:22.916794+00:00,2026-06-19 20:31:23.062176+00:00
cad40df3-c06a-4126-a09a-c85990ebf8c0,completed,2026-06-19 20:31:12.189933+00:00,2026-06-19 20:31:12.367857+00:00
46c0903f-8864-4f37-94bd-ce1783ec11d8,completed,2026-06-19 20:31:13.212125+00:00,2026-06-19 20:31:13.392759+00:00
9ab9ac0a-98e5-4eb4-9ea1-ba040ff20bab,completed,2026-06-19 20:31:13.867815+00:00,2026-06-19 20:31:14.029624+00:00
c83f1a1a-86f7-4ee3-8027-e807dc7e0246,completed,2026-06-19 20:31:24.537095+00:00,2026-06-19 20:31:24.687670+00:00
3f4ea2b3-064f-4c4b-9800-061aa9dce6ae,completed,2026-06-19 20:31:15.441653+00:00,2026-06-19 20:31:15.602222+00:00
f268128a-9f80-48b1-a3bb-7d23e31cbe7c,completed,2026-06-19 20:31:15.744605+00:00,2026-06-19 20:31:15.905918+00:00
65ed76b4-6497-4aef-be83-5780ebe2fe24,completed,2026-06-19 20:31:16.044531+00:00,2026-06-19 20:31:16.195126+00:00
0e126c09-788c-4f00-ace6-4b1b258e9d34,completed,2026-06-19 20:31:25.653698+00:00,2026-06-19 20:31:25.800821+00:00
968594a6-06e8-4c10-8989-503a15f76319,completed,2026-06-19 20:31:16.338503+00:00,2026-06-19 20:31:16.490989+00:00
47c1d302-489d-4d83-8f92-62c8a6bce8ed,completed,2026-06-19 20:31:26.305110+00:00,2026-06-19 20:31:26.497151+00:00
e0909899-b851-4ada-a21b-03557c4fdc13,completed,2026-06-19 20:31:27.158875+00:00,2026-06-19 20:31:27.316475+00:00
74d8cea5-fbf6-4d31-ba5e-8db0ee3e022b,completed,2026-06-19 20:31:29.410316+00:00,2026-06-19 20:31:29.630037+00:00
33f25a7e-7fc3-4870-8220-8b4887d5692d,completed,2026-06-19 20:31:23.910929+00:00,2026-06-19 20:31:24.081729+00:00
b1b7f0a0-0c78-4b19-a1a7-c2110cd7751a,completed,2026-06-19 20:31:06.405115+00:00,2026-06-19 20:31:06.570716+00:00
c2995ec5-256a-44df-aefb-0f27934c22e1,completed,2026-06-19 20:31:08.909007+00:00,2026-06-19 20:31:09.044895+00:00
c1b27c7d-c924-40d3-b6af-320ef3620a44,completed,2026-06-19 20:31:09.704676+00:00,2026-06-19 20:31:09.845566+00:00
8a4ce5ec-46af-4fdd-82f7-7deb0a6d6b5b,completed,2026-06-19 20:31:24.596900+00:00,2026-06-19 20:31:24.784488+00:00
74a335a1-062a-4a42-b129-898677a83081,completed,2026-06-19 20:31:12.275710+00:00,2026-06-19 20:31:12.428447+00:00
89d2db21-a253-4971-b81a-005f014bf6a2,completed,2026-06-19 20:31:13.950352+00:00,2026-06-19 20:31:14.086634+00:00
e8a0a760-ffff-4342-b689-a316551a8525,completed,2026-06-19 20:31:28.251743+00:00,2026-06-19 20:31:28.407251+00:00
2028d3b0-0450-4dab-8cfb-2381c9e9d76e,completed,2026-06-19 20:31:17.564711+00:00,2026-06-19 20:31:17.781645+00:00
b855f3e7-258e-4f06-88b2-bcab7b996909,completed,2026-06-19 20:31:24.820922+00:00,2026-06-19 20:31:24.986702+00:00
2941cf8c-a618-4abb-a3da-b8cc24b59556,completed,2026-06-19 20:31:18.125940+00:00,2026-06-19 20:31:18.288826+00:00
3e96f26e-759b-4828-9b20-bc67c2a2dd32,completed,2026-06-19 20:31:18.401837+00:00,2026-06-19 20:31:18.550010+00:00
50ce08cb-90d6-46ad-afda-eeb1796bdd07,completed,2026-06-19 20:31:19.210886+00:00,2026-06-19 20:31:19.386186+00:00
840c7f4c-445d-4ba2-a73b-f7f982a41c09,completed,2026-06-19 20:31:25.486209+00:00,2026-06-19 20:31:25.635561+00:00
0f604441-254f-4d18-99e3-f00eff7f4783,completed,2026-06-19 20:31:23.678535+00:00,2026-06-19 20:31:23.844954+00:00
34858f44-c7af-4758-bc12-709fd378f974,completed,2026-06-19 20:31:29.261251+00:00,2026-06-19 20:31:29.417709+00:00
e54ca067-f73d-4bea-831c-aeb31ea7fd7b,completed,2026-06-19 20:31:28.455306+00:00,2026-06-19 20:31:28.620856+00:00
01df097e-451b-4a22-9287-09908bd12158,completed,2026-06-19 20:31:25.707789+00:00,2026-06-19 20:31:25.906602+00:00
e0a1e91a-9a16-47f4-959a-db4b1c428c6a,completed,2026-06-19 20:31:25.925999+00:00,2026-06-19 20:31:26.083427+00:00
8b330b9e-55c5-4117-8c75-a0e6d4785931,completed,2026-06-19 20:31:26.145301+00:00,2026-06-19 20:31:26.307104+00:00
0358ef59-86a1-408d-b345-95b273d73e8c,completed,2026-06-19 20:31:28.657306+00:00,2026-06-19 20:31:28.818346+00:00
fd66867b-56be-4462-8589-5c59e0769912,completed,2026-06-19 20:31:28.861731+00:00,2026-06-19 20:31:29.017719+00:00
14ec5c29-fb96-4141-95c4-d1f9cc986a8e,completed,2026-06-19 20:31:24.200012+00:00,2026-06-19 20:31:24.344657+00:00
f64b9dd2-3de0-4f98-a93f-8f6635e3c053,completed,2026-06-19 20:31:06.944435+00:00,2026-06-19 20:31:07.100554+00:00
c84f61c6-7cf7-4684-95c5-61ff685f95d0,completed,2026-06-19 20:31:07.365490+00:00,2026-06-19 20:31:07.536232+00:00
c81ced17-0eb8-44be-b591-2a5e2c173511,completed,2026-06-19 20:31:07.782903+00:00,2026-06-19 20:31:07.920909+00:00
399a4918-7a2e-41b4-a19d-d68b97feec75,completed,2026-06-19 20:31:25.540190+00:00,2026-06-19 20:31:25.678355+00:00
0f8f6376-fe41-48ea-bfb4-2cf4901cec8a,completed,2026-06-19 20:31:10.187465+00:00,2026-06-19 20:31:10.338599+00:00
04f99678-b223-4b9e-96e1-11ca13a7c5b6,completed,2026-06-19 20:31:12.014422+00:00,2026-06-19 20:31:12.148397+00:00
e7a7b930-f9dd-4a63-8d14-10257b80c0ff,completed,2026-06-19 20:31:14.981578+00:00,2026-06-19 20:31:15.133755+00:00
ed151641-2576-4726-8bb9-47b2d121c7cc,completed,2026-06-19 20:31:26.197642+00:00,2026-06-19 20:31:26.342361+00:00
f5cfec62-14eb-4a5c-a60b-c9296fbf58a3,completed,2026-06-19 20:31:15.892650+00:00,2026-06-19 20:31:16.037333+00:00
d674cb32-2938-4b6c-828d-185d120f7891,completed,2026-06-19 20:31:19.012674+00:00,2026-06-19 20:31:19.164242+00:00
d48237c4-eeba-4620-8c8f-f64a309bca30,completed,2026-06-19 20:31:21.585640+00:00,2026-06-19 20:31:21.733684+00:00
b395c64a-305b-497e-ac40-88c256c55061,completed,2026-06-19 20:31:26.839298+00:00,2026-06-19 20:31:26.980308+00:00
5647c353-9b2c-46a1-9020-c2bfee2dc807,completed,2026-06-19 20:31:23.738558+00:00,2026-06-19 20:31:23.879084+00:00
1962e014-2bde-48e3-8e93-23ba81b261a3,completed,2026-06-19 20:31:29.511501+00:00,2026-06-19 20:31:29.648389+00:00
cd33cc52-609d-4304-9109-9d1dc46b73a2,completed,2026-06-19 20:31:21.149752+00:00,2026-06-19 20:31:21.308820+00:00
93b4f775-9205-4d7b-8be2-27a25d6f81e8,completed,2026-06-19 20:31:08.300266+00:00,2026-06-19 20:31:08.464806+00:00
7c6bac43-f95a-4acf-81ad-ece483d8339f,completed,2026-06-19 20:31:10.658665+00:00,2026-06-19 20:31:10.879261+00:00
f2f18daa-5d6b-4945-bff1-541bb3319591,completed,2026-06-19 20:31:31.824363+00:00,2026-06-19 20:31:31.976920+00:00
6beb30b8-92f4-49e9-b581-c5447bc2407d,completed,2026-06-19 20:31:13.783900+00:00,2026-06-19 20:31:13.929721+00:00
11bcf993-6236-43d8-8fc3-dde3af4815c3,completed,2026-06-19 20:31:22.377424+00:00,2026-06-19 20:31:22.515244+00:00
951d3fc1-0638-43e8-b8be-488aeec55248,completed,2026-06-19 20:31:15.058991+00:00,2026-06-19 20:31:15.192957+00:00
ab8338e1-b781-4a40-82e4-26a36d20ea64,completed,2026-06-19 20:31:15.969808+00:00,2026-06-19 20:31:16.111375+00:00
282de71d-9349-4f5e-bd27-f86a1e55f800,completed,2026-06-19 20:31:30.490466+00:00,2026-06-19 20:31:30.632002+00:00
b4c12294-1015-4f4f-9120-411c4272e262,completed,2026-06-19 20:31:16.559699+00:00,2026-06-19 20:31:16.697097+00:00
f797fca6-dd1a-4012-a0a9-c88cb6761fc9,completed,2026-06-19 20:31:22.857110+00:00,2026-06-19 20:31:23.000708+00:00
712101ff-68a6-438a-8864-1bda1ba11d1f,completed,2026-06-19 20:31:18.809607+00:00,2026-06-19 20:31:18.948475+00:00
c84580e7-cba1-48c8-9b50-7bdcc3e61fee,completed,2026-06-19 20:31:19.080099+00:00,2026-06-19 20:31:19.235512+00:00
fa6855ae-851c-4e76-84e6-4e876b4ec1be,completed,2026-06-19 20:31:19.609239+00:00,2026-06-19 20:31:19.752784+00:00
5a9ef22c-3e62-43d3-be25-2fa0f8c2cbe4,completed,2026-06-19 20:31:28.561236+00:00,2026-06-19 20:31:28.695272+00:00
d4ac665e-da29-4af3-9364-33f2bbd880d8,completed,2026-06-19 20:31:19.872339+00:00,2026-06-19 20:31:20.020471+00:00
4350b52a-9ca7-4042-9062-7bbb4602d717,completed,2026-06-19 20:31:30.686426+00:00,2026-06-19 20:31:30.833165+00:00
b553e173-a6ea-49bd-bd87-48c60c6e9015,completed,2026-06-19 20:31:29.806802+00:00,2026-06-19 20:31:29.964483+00:00
9ecff834-6741-4940-9510-a2997889d593,completed,2026-06-19 20:31:30.149847+00:00,2026-06-19 20:31:30.286810+00:00
4cc1fe72-9df4-4179-ba71-cffa60cb5782,completed,2026-06-19 20:31:32.059666+00:00,2026-06-19 20:31:32.204035+00:00
7ac1c6a0-d2cf-4fa3-bff1-8290b4b55ca2,completed,2026-06-19 20:31:30.344953+00:00,2026-06-19 20:31:30.490137+00:00
c354f4dd-7ace-4d96-841d-d57a6a63d743,completed,2026-06-19 20:31:31.115300+00:00,2026-06-19 20:31:31.260159+00:00
f23476fc-d02b-4258-87a0-1c2ebd447eea,completed,2026-06-19 20:31:31.542899+00:00,2026-06-19 20:31:31.702788+00:00
a2baa5ff-22f2-4577-acab-fd6c5ddd1859,completed,2026-06-19 20:31:33.026091+00:00,2026-06-19 20:31:33.198418+00:00
d14d19dc-5f44-43f7-b228-c942b2963f47,completed,2026-06-19 20:31:31.778877+00:00,2026-06-19 20:31:31.931363+00:00
da45c476-4aa3-413b-99d3-ad8b16dc2f13,completed,2026-06-19 20:31:31.872740+00:00,2026-06-19 20:31:32.016103+00:00
923dd17e-3f1e-4db0-8959-0da0a257ff8f,completed,2026-06-19 20:31:31.919538+00:00,2026-06-19 20:31:32.087183+00:00
a89bd76e-2d93-4ebe-87c1-ed59ad299bfc,completed,2026-06-19 20:31:32.339445+00:00,2026-06-19 20:31:32.481294+00:00
15eaf40e-52ba-441d-a5fc-747510a0a16a,completed,2026-06-19 20:31:33.119647+00:00,2026-06-19 20:31:33.275485+00:00
4a02bd00-d1dd-4d18-af2e-d39c44f80320,completed,2026-06-19 20:31:32.983193+00:00,2026-06-19 20:31:33.126334+00:00
97447cae-caad-4f07-9e95-c589cbf933fd,completed,2026-06-19 20:31:33.527912+00:00,2026-06-19 20:31:33.664378+00:00
4bad18c0-5d41-479d-9ed7-6ce44dce859b,completed,2026-06-19 20:31:50.009652+00:00,2026-06-19 20:31:50.659372+00:00
472065a3-2208-481b-932e-27340cb161aa,completed,2026-06-19 20:31:33.932353+00:00,2026-06-19 20:31:34.076232+00:00
8c4dd287-f6cc-4939-b52f-1f9e22c09e1d,completed,2026-06-19 20:31:43.470360+00:00,2026-06-19 20:31:43.621804+00:00
53c7c560-062a-41e5-b960-982f0ff9ed19,completed,2026-06-19 20:31:34.066931+00:00,2026-06-19 20:31:34.209525+00:00
55e8ddc8-b746-4485-80fd-c7f606118c53,completed,2026-06-19 20:31:34.110628+00:00,2026-06-19 20:31:34.254354+00:00
05027239-2ac6-4dcc-bd15-f03f1d6170b4,completed,2026-06-19 20:31:34.155668+00:00,2026-06-19 20:31:34.303729+00:00
fcac3ab1-378c-48d6-92af-7257fa681ce0,completed,2026-06-19 20:31:35.167831+00:00,2026-06-19 20:31:35.308508+00:00
babd86e0-71e2-4ac4-89a0-b279c41c60c3,completed,2026-06-19 20:31:52.585591+00:00,2026-06-19 20:31:53.528946+00:00
5dc0f551-87ed-4ed2-a810-0b23f70c1e92,completed,2026-06-19 20:31:37.873883+00:00,2026-06-19 20:31:38.012219+00:00
2eabb7ce-573e-47d7-a67b-bee8e1a86a0b,completed,2026-06-19 20:31:44.638105+00:00,2026-06-19 20:31:44.827645+00:00
2db61f1f-d45c-4d63-900f-658d79c019e0,completed,2026-06-19 20:31:38.527151+00:00,2026-06-19 20:31:38.669919+00:00
8f243884-3d01-4e32-91a0-4750ba175726,completed,2026-06-19 20:31:41.971828+00:00,2026-06-19 20:31:42.114898+00:00
b2e9791e-b1d0-4bd6-a7d7-7a56874ed175,completed,2026-06-19 20:31:50.530690+00:00,2026-06-19 20:31:51.148953+00:00
1a727f58-df95-4bc2-87da-1cfedbd453c4,completed,2026-06-19 20:31:42.579981+00:00,2026-06-19 20:31:42.719619+00:00
afc6ae3f-37f6-4f1e-9da0-1fa346d5f4f2,completed,2026-06-19 20:31:42.876007+00:00,2026-06-19 20:31:43.029042+00:00
e8196b68-bbd3-4fc3-9cb1-679a135ac868,completed,2026-06-19 20:31:46.203143+00:00,2026-06-19 20:31:46.495557+00:00
8163e701-bc41-42dc-89e0-e40933198d53,completed,2026-06-19 20:31:43.026257+00:00,2026-06-19 20:31:43.167541+00:00
46519c02-4c12-434e-bf13-98907423db77,completed,2026-06-19 20:31:46.484272+00:00,2026-06-19 20:31:46.833681+00:00
58f8debf-fab0-422a-87b2-1f84fd47507b,completed,2026-06-19 20:31:47.040272+00:00,2026-06-19 20:31:47.392800+00:00
f18d78b9-187f-4bee-b8bb-ebe3a72bca18,completed,2026-06-19 20:31:51.948833+00:00,2026-06-19 20:31:52.822559+00:00
b1f9f57f-7342-4cc7-9945-0d5a50511ee1,completed,2026-06-19 20:31:48.543065+00:00,2026-06-19 20:31:48.994662+00:00
659902dc-f2a6-43a8-8ee4-4e4f5fbccb41,completed,2026-06-19 20:31:51.308128+00:00,2026-06-19 20:31:52.094102+00:00
d7627f39-9bf1-4c1d-88e9-b776f9084d3d,completed,2026-06-19 20:31:51.694835+00:00,2026-06-19 20:31:52.547025+00:00
ff24c9f2-d35d-4a14-9832-49adbb620025,completed,2026-06-19 20:31:52.458294+00:00,2026-06-19 20:31:53.395821+00:00
ef4502df-6c46-435c-b4dc-0755d0aec462,completed,2026-06-19 20:31:53.710040+00:00,2026-06-19 20:31:54.854866+00:00
e3db56fa-6492-4c13-b58e-cdd4b8784344,completed,2026-06-19 20:31:52.963747+00:00,2026-06-19 20:31:53.977669+00:00
3cc9ceaf-0f97-409c-83a2-74910ec02253,completed,2026-06-19 20:31:53.585866+00:00,2026-06-19 20:31:54.737801+00:00
d297c7ce-ae77-4285-b90a-21bbda759e32,completed,2026-06-19 20:31:54.449783+00:00,2026-06-19 20:31:55.721026+00:00
3f5f8ba0-e46e-4a70-b2e1-1b412dcc0dc0,completed,2026-06-19 20:31:54.821554+00:00,2026-06-19 20:31:56.190170+00:00
ec097e22-8281-46bd-8120-58fb266cd12f,completed,2026-06-19 20:31:55.544082+00:00,2026-06-19 20:31:57.070246+00:00
121b0200-854a-4fa0-bfd6-e9ae4fe54c83,completed,2026-06-19 20:31:55.905256+00:00,2026-06-19 20:31:57.502941+00:00
a2d01aae-f345-4145-8895-48295d8a6fc3,completed,2026-06-19 20:31:43.875753+00:00,2026-06-19 20:31:44.016101+00:00
48affd97-ad5f-4a47-a24a-96ab51ff52f8,completed,2026-06-19 20:31:34.242593+00:00,2026-06-19 20:31:34.380184+00:00
2695b3e4-16fd-4bf8-b707-1bf51b364d20,completed,2026-06-19 20:31:34.951055+00:00,2026-06-19 20:31:35.086039+00:00
60b1df7e-e01a-4920-aad4-78f4f050e7b6,completed,2026-06-19 20:31:50.628643+00:00,2026-06-19 20:31:51.311360+00:00
28718611-1ad4-484b-9e16-61921e2a4521,completed,2026-06-19 20:31:36.156392+00:00,2026-06-19 20:31:36.290350+00:00
b0f16462-26df-433c-86d8-2427d118de79,completed,2026-06-19 20:31:44.749389+00:00,2026-06-19 20:31:44.935402+00:00
78961412-0996-47f0-a1f7-e31513fb0efb,completed,2026-06-19 20:31:37.999815+00:00,2026-06-19 20:31:38.136553+00:00
09f46740-0a16-47bb-afd0-5567b9073814,completed,2026-06-19 20:31:38.323545+00:00,2026-06-19 20:31:38.471653+00:00
6eb6cb5c-e114-4d35-b778-a765d0c75215,completed,2026-06-19 20:31:47.694303+00:00,2026-06-19 20:31:48.081729+00:00
4c5a7ef3-66f3-4a11-9596-248386c035f6,completed,2026-06-19 20:31:38.648385+00:00,2026-06-19 20:31:38.789274+00:00
d4c387a5-ddb0-4257-a55f-022f016d04c8,completed,2026-06-19 20:31:41.480504+00:00,2026-06-19 20:31:41.621409+00:00
98ded89b-f13c-4444-8705-1736d124dcc5,completed,2026-06-19 20:31:45.320165+00:00,2026-06-19 20:31:45.554563+00:00
531dd906-a295-49f7-b6d4-ccecea06629a,completed,2026-06-19 20:31:42.390752+00:00,2026-06-19 20:31:42.543663+00:00
75c947af-8d07-4b97-9b70-62bc4b1810e5,completed,2026-06-19 20:31:42.990713+00:00,2026-06-19 20:31:43.130033+00:00
ea000b17-5d22-4913-9ce3-c04bd25dcf7d,completed,2026-06-19 20:31:45.461293+00:00,2026-06-19 20:31:45.701099+00:00
b5dd4594-ca72-4104-899a-c78e8a5fd5da,completed,2026-06-19 20:31:43.729323+00:00,2026-06-19 20:31:43.876541+00:00
778d49ba-53ff-4c25-a4ea-8a213b37da45,completed,2026-06-19 20:31:49.576754+00:00,2026-06-19 20:31:50.133702+00:00
9ff29db8-47d7-438c-ba63-439846423b91,completed,2026-06-19 20:31:45.886931+00:00,2026-06-19 20:31:46.165526+00:00
a5dba701-578a-4b30-bc83-e58a81f570a6,completed,2026-06-19 20:31:48.237648+00:00,2026-06-19 20:31:48.669457+00:00
44a9537f-7527-4cb2-8649-d31e7e8d7330,completed,2026-06-19 20:31:46.169685+00:00,2026-06-19 20:31:46.492964+00:00
706e28f3-786e-4e5a-ada3-6a5724cf54a7,completed,2026-06-19 20:31:47.425883+00:00,2026-06-19 20:31:47.810788+00:00
b0428138-7587-4775-a39b-1a4d993ffca5,completed,2026-06-19 20:31:48.372827+00:00,2026-06-19 20:31:48.806921+00:00
bb58fcf6-e8bf-4102-933b-fb0360e780db,completed,2026-06-19 20:31:49.709945+00:00,2026-06-19 20:31:50.265932+00:00
721d0387-d482-4b9e-a2ed-ffb6054b6f71,completed,2026-06-19 20:31:49.183213+00:00,2026-06-19 20:31:49.699754+00:00
c141f55d-a6f5-436a-94bc-270d71ca5d40,completed,2026-06-19 20:31:50.367694+00:00,2026-06-19 20:31:51.019330+00:00
9f00d71e-2daa-4839-973a-163e146dc69f,completed,2026-06-19 20:31:50.887602+00:00,2026-06-19 20:31:51.619045+00:00
7ec451e7-f08e-4f3d-b37e-5fe99fc0a0c1,completed,2026-06-19 20:31:50.759577+00:00,2026-06-19 20:31:51.460145+00:00
fda0c0b6-f499-49fb-ae00-446ffb2cdb2a,completed,2026-06-19 20:31:52.804242+00:00,2026-06-19 20:31:53.802668+00:00
93010d20-6631-4019-9c93-8ec593495ba5,completed,2026-06-19 20:31:53.054732+00:00,2026-06-19 20:31:54.134127+00:00
4276d39c-e7b8-476b-a810-e95c6d4ab70c,completed,2026-06-19 20:31:53.305056+00:00,2026-06-19 20:31:54.407876+00:00
6e9b98a8-b714-4714-ae4e-2020198ec5b9,completed,2026-06-19 20:31:54.542269+00:00,2026-06-19 20:31:55.878962+00:00
00b10dbe-97ad-4f13-8af4-d3d36e9e3115,completed,2026-06-19 20:31:41.253103+00:00,2026-06-19 20:31:41.419263+00:00
4458cc0f-5c44-437b-98de-be45b9b45c5b,completed,2026-06-19 20:31:34.686683+00:00,2026-06-19 20:31:34.838027+00:00
fe99077e-1c1d-4320-805c-36c1ea0b63ca,completed,2026-06-19 20:31:35.210498+00:00,2026-06-19 20:31:35.367702+00:00
072047e6-40c1-460c-b8a0-20e718f7283f,completed,2026-06-19 20:31:35.385190+00:00,2026-06-19 20:31:35.538932+00:00
a5ca9d4a-5a2e-41a9-badb-c794e141536f,completed,2026-06-19 20:31:42.913300+00:00,2026-06-19 20:31:43.049092+00:00
be7081c6-6775-4e88-8ae5-2b8c9c4be8ad,completed,2026-06-19 20:31:36.582519+00:00,2026-06-19 20:31:36.736983+00:00
befd23e0-ecda-4756-9133-644ec5840abe,completed,2026-06-19 20:31:36.920672+00:00,2026-06-19 20:31:37.080885+00:00
f5baf56a-3446-41cf-a209-573fb9bdbb56,completed,2026-06-19 20:31:37.088726+00:00,2026-06-19 20:31:37.244952+00:00
583680c1-f2a4-400d-857c-b2c1655bbef3,completed,2026-06-19 20:31:43.360896+00:00,2026-06-19 20:31:43.510572+00:00
8c8a090b-93c4-4f96-addb-983453db19f0,completed,2026-06-19 20:31:37.582543+00:00,2026-06-19 20:31:37.742115+00:00
47a5926f-a89d-4645-8a2e-42588f40a2e1,completed,2026-06-19 20:31:38.728798+00:00,2026-06-19 20:31:38.873285+00:00
519f3c86-2692-42ac-999b-bd3072219912,completed,2026-06-19 20:31:48.441161+00:00,2026-06-19 20:31:48.919338+00:00
85e1b633-4f20-4cb1-916e-5d4c18478177,completed,2026-06-19 20:31:39.686651+00:00,2026-06-19 20:31:39.832799+00:00
56099411-1a5a-417d-86ed-bf2dd9304786,completed,2026-06-19 20:31:45.108652+00:00,2026-06-19 20:31:45.273436+00:00
91d212e0-3e05-41a4-b7e6-6b20b427c530,completed,2026-06-19 20:31:40.477548+00:00,2026-06-19 20:31:40.616959+00:00
cf84e7e9-1364-4a51-84f4-1ac57475f24a,completed,2026-06-19 20:31:50.042143+00:00,2026-06-19 20:31:50.602533+00:00
967d4ee1-b2ce-4d7b-b697-306929889d7e,completed,2026-06-19 20:31:48.853578+00:00,2026-06-19 20:31:49.329066+00:00
efa5cc73-4e4d-42c3-b303-e7d9d2bd8165,completed,2026-06-19 20:31:45.958285+00:00,2026-06-19 20:31:46.230468+00:00
cd6e7ac9-72d9-431f-b410-4e0109831f2d,completed,2026-06-19 20:31:46.796778+00:00,2026-06-19 20:31:47.141280+00:00
171ef25a-6b1c-4a36-b040-5e1e7d4347e5,completed,2026-06-19 20:31:48.034996+00:00,2026-06-19 20:31:48.500971+00:00
f0ab3c6e-885b-44b6-a0c1-993bda8349d0,completed,2026-06-19 20:31:49.381506+00:00,2026-06-19 20:31:49.911995+00:00
fcc39af1-40d4-497c-bdc5-c4cdd8e9a97e,completed,2026-06-19 20:31:49.511200+00:00,2026-06-19 20:31:50.044915+00:00
d2e11a5a-4e0d-4606-b7d2-898d086341a5,completed,2026-06-19 20:31:51.727317+00:00,2026-06-19 20:31:52.551773+00:00
6bb9b3a3-601e-493a-9c43-a8caa7a9e9cd,completed,2026-06-19 20:31:50.825703+00:00,2026-06-19 20:31:51.568386+00:00
772d3fc5-cb0a-412b-9a8a-ee0024753cc6,completed,2026-06-19 20:31:50.953216+00:00,2026-06-19 20:31:51.696109+00:00
b5c3e2bc-2941-45b5-829c-d9fbae7fdc42,completed,2026-06-19 20:31:51.980777+00:00,2026-06-19 20:31:52.826009+00:00
9cebb269-b899-4ae6-b71a-c37f224e2061,completed,2026-06-19 20:31:39.411839+00:00,2026-06-19 20:31:39.563476+00:00
133b3211-e3c3-43f4-ab05-853e4a75347f,completed,2026-06-19 20:31:35.253491+00:00,2026-06-19 20:31:35.393886+00:00
0042f2c0-535b-4642-bf3e-f381c71da790,completed,2026-06-19 20:31:35.428372+00:00,2026-06-19 20:31:35.577582+00:00
9a130ad6-8770-4aa6-ab19-08a4b8c56006,completed,2026-06-19 20:31:48.611132+00:00,2026-06-19 20:31:49.094136+00:00
96df6aa1-19f5-4d4a-bfc7-9667a6388551,completed,2026-06-19 20:31:35.598484+00:00,2026-06-19 20:31:35.744673+00:00
642bbbfa-b379-4011-97bb-d275fa8bfed9,completed,2026-06-19 20:31:40.518870+00:00,2026-06-19 20:31:40.655533+00:00
afa7077a-b869-49ae-aa27-86a3de769a64,completed,2026-06-19 20:31:35.773999+00:00,2026-06-19 20:31:35.919698+00:00
932875de-d3d0-4f2a-9327-137b482ad0e2,completed,2026-06-19 20:31:36.624688+00:00,2026-06-19 20:31:36.782258+00:00
102c8af7-f8be-4c4c-8816-0944e3ee3381,completed,2026-06-19 20:31:45.140829+00:00,2026-06-19 20:31:45.365176+00:00
45d0f229-f374-44d1-aeb5-e34bfe777469,completed,2026-06-19 20:31:38.119582+00:00,2026-06-19 20:31:38.259168+00:00
91a0a597-31f6-4363-ae18-dcdc4a0b09ab,completed,2026-06-19 20:31:38.283041+00:00,2026-06-19 20:31:38.458603+00:00
50f01ab3-b327-47ac-839b-9a638b6cb07e,completed,2026-06-19 20:31:43.100209+00:00,2026-06-19 20:31:43.264166+00:00
ce70402a-f15e-4625-8572-ead9d68ed5fd,completed,2026-06-19 20:31:38.444880+00:00,2026-06-19 20:31:38.607468+00:00
7f1dca29-5965-45f0-a21b-b4ea703098bd,completed,2026-06-19 20:31:38.770805+00:00,2026-06-19 20:31:38.942487+00:00
ab180cae-8546-4f72-9d81-fed379feec43,completed,2026-06-19 20:31:43.250374+00:00,2026-06-19 20:31:43.411682+00:00
8dd3f286-9963-4b72-920a-ca5ff6c2b933,completed,2026-06-19 20:31:39.092405+00:00,2026-06-19 20:31:39.253995+00:00
f026240c-fed3-47e0-b2dc-c9d8bba8d076,completed,2026-06-19 20:31:46.830477+00:00,2026-06-19 20:31:47.198545+00:00
27a57ea5-a744-42a4-8b5a-a8197c6ac3be,completed,2026-06-19 20:31:45.437751+00:00,2026-06-19 20:31:45.683258+00:00
24ff0d7b-f8e2-4069-847c-566967abf448,completed,2026-06-19 20:31:43.544885+00:00,2026-06-19 20:31:43.734338+00:00
17c8ab5c-4786-46a3-a006-8f6d67d96394,completed,2026-06-19 20:31:43.837017+00:00,2026-06-19 20:31:44.044783+00:00
a153d205-e39c-489e-9780-c400f03f1a94,completed,2026-06-19 20:31:44.420346+00:00,2026-06-19 20:31:44.607048+00:00
0e3f849e-919b-4857-a710-06db6b7bcafc,completed,2026-06-19 20:31:45.711795+00:00,2026-06-19 20:31:46.000707+00:00
cfcc1a86-d5e2-4251-89ce-1fb5a25469e4,completed,2026-06-19 20:31:50.597473+00:00,2026-06-19 20:31:51.298099+00:00
14551edd-f720-4ca4-8902-3090464a3e6a,completed,2026-06-19 20:31:46.273881+00:00,2026-06-19 20:31:46.619871+00:00
5975c952-e777-44eb-87c2-17f50ba63b17,completed,2026-06-19 20:31:47.383406+00:00,2026-06-19 20:31:47.796930+00:00
7839bf5e-7c0e-43e6-a1a7-c5b7f0ae39e4,completed,2026-06-19 20:31:49.013311+00:00,2026-06-19 20:31:49.502942+00:00
24188f34-c273-4c71-a85a-acc73ce6df36,completed,2026-06-19 20:31:50.076664+00:00,2026-06-19 20:31:50.685310+00:00
6ad72c24-49f9-40d0-86f5-3322a446ae7b,completed,2026-06-19 20:31:50.467836+00:00,2026-06-19 20:31:51.156740+00:00
296bb463-fc03-44e2-b2cf-78cb090edb7c,completed,2026-06-19 20:31:50.986197+00:00,2026-06-19 20:31:51.734714+00:00
3617e4a4-a103-4da1-8855-fc6667247cfb,completed,2026-06-19 20:31:51.630433+00:00,2026-06-19 20:31:52.477201+00:00
3eb7d262-753e-4752-a615-4a65dadf374b,completed,2026-06-19 20:31:52.519840+00:00,2026-06-19 20:31:53.511688+00:00
45fd3262-bacd-4d43-94fc-c8eef1d5bbe7,completed,2026-06-19 20:31:56.177414+00:00,2026-06-19 20:31:57.879570+00:00
0fd6391e-aad5-4a79-b640-aafba602d6d8,completed,2026-06-19 20:31:52.237056+00:00,2026-06-19 20:31:53.124137+00:00
d290856c-5cbd-49c1-a2e2-c43aab941525,completed,2026-06-19 20:31:59.115126+00:00,2026-06-19 20:32:01.652127+00:00
34006c9b-8caa-4d83-b6a2-af1e19ecddb7,completed,2026-06-19 20:31:52.364522+00:00,2026-06-19 20:31:53.258383+00:00
d29a384b-ed21-4d25-9cf2-5f8f15272f2f,completed,2026-06-19 20:31:56.413150+00:00,2026-06-19 20:31:58.178551+00:00
ef58e995-754d-4ceb-9c0a-a19ade6d2f1f,completed,2026-06-19 20:31:52.617490+00:00,2026-06-19 20:31:53.545794+00:00
fbde1910-8113-4403-8f96-40dfe060f554,completed,2026-06-19 20:31:53.243093+00:00,2026-06-19 20:31:54.284772+00:00
ab9c8c21-27f3-4e5d-9fe1-93c3429d8223,completed,2026-06-19 20:31:53.740838+00:00,2026-06-19 20:31:54.893248+00:00
21259fdc-d5b9-45af-a5a8-0493719b69ea,completed,2026-06-19 20:31:53.863668+00:00,2026-06-19 20:31:55.037575+00:00
c63d0f34-18f7-429a-b2c0-5440ab3f8694,completed,2026-06-19 20:31:53.991288+00:00,2026-06-19 20:31:55.201358+00:00
c2992fc1-52ec-4055-84c1-18fd408260c1,completed,2026-06-19 20:31:57.477283+00:00,2026-06-19 20:31:59.492611+00:00
71836722-e6cb-4c5d-83aa-4e478ddf4dfd,completed,2026-06-19 20:31:54.603588+00:00,2026-06-19 20:31:55.911528+00:00
02d77104-c479-4701-89e7-b4f3880adfe5,completed,2026-06-19 20:32:01.684600+00:00,2026-06-19 20:32:05.139366+00:00
e1ca40ad-0ef6-477f-8e9c-ee7a23411e68,completed,2026-06-19 20:31:55.454173+00:00,2026-06-19 20:31:56.957710+00:00
ee276a31-e471-40ba-a00f-13c9aafc4c65,completed,2026-06-19 20:31:59.327763+00:00,2026-06-19 20:32:01.941928+00:00
9c964619-a7ac-4ccd-8a5e-59f1e5380c33,completed,2026-06-19 20:31:57.829377+00:00,2026-06-19 20:31:59.946572+00:00
268feacd-9818-4cb8-aaaf-70af51db9527,completed,2026-06-19 20:31:58.754652+00:00,2026-06-19 20:32:01.146307+00:00
83b666f6-f408-422c-90f9-d3d433f41196,completed,2026-06-19 20:32:00.347071+00:00,2026-06-19 20:32:03.366107+00:00
248db848-5a76-4dbc-9156-5b324be0f176,completed,2026-06-19 20:32:00.681982+00:00,2026-06-19 20:32:03.801385+00:00
67b5fb71-f4e9-40c7-bced-0851cb2edc12,completed,2026-06-19 20:31:59.895260+00:00,2026-06-19 20:32:02.707872+00:00
5c7aac6e-7c0e-4367-8b83-d326a6848a9b,completed,2026-06-19 20:32:00.458833+00:00,2026-06-19 20:32:03.511665+00:00
fd130c4f-beb6-4923-ab7e-3d8526dc7d35,completed,2026-06-19 20:32:01.351424+00:00,2026-06-19 20:32:04.706969+00:00
12f0ed84-7fd0-4d47-bddf-1a6b0f10a166,completed,2026-06-19 20:32:01.571509+00:00,2026-06-19 20:32:05.018595+00:00
0dfb52b4-9494-470d-9dea-8a66e966d539,completed,2026-06-19 20:32:02.344669+00:00,2026-06-19 20:32:05.998397+00:00
5b3c5118-d74e-4d6f-a34a-1dc76d660edb,completed,2026-06-19 20:32:02.450990+00:00,2026-06-19 20:32:06.131351+00:00
a53424d3-3db3-4172-aabf-dd8c025848a5,completed,2026-06-19 20:32:02.778993+00:00,2026-06-19 20:32:06.621781+00:00
a6431956-975d-42c4-8d59-c0cae483c61e,completed,2026-06-19 20:32:03.966522+00:00,2026-06-19 20:32:08.291173+00:00
20cdfa60-e7d1-462f-babf-627b371d2876,completed,2026-06-19 20:32:04.178641+00:00,2026-06-19 20:32:08.568016+00:00
9fd5a098-0edd-4ad1-b02e-d98154e4370c,completed,2026-06-19 20:32:04.608057+00:00,2026-06-19 20:32:09.205923+00:00
cbd39088-a76f-468f-b3e1-d4f05cdb616d,completed,2026-06-19 20:32:05.658369+00:00,2026-06-19 20:32:10.684206+00:00
23d6d4c7-d988-445b-aa14-db4b10feb4d0,completed,2026-06-19 20:32:06.180109+00:00,2026-06-19 20:32:11.465298+00:00
801cc33a-8895-43c1-8e60-50dce1c675e8,completed,2026-06-19 20:31:57.739644+00:00,2026-06-19 20:31:59.794044+00:00
f4296e18-4129-46ab-8fdb-27a53f52b475,completed,2026-06-19 20:31:52.774798+00:00,2026-06-19 20:31:53.788248+00:00
d5904eba-8326-4c39-8651-1fef291a72d1,completed,2026-06-19 20:31:53.399446+00:00,2026-06-19 20:31:54.559392+00:00
3a2f6827-5303-4ec5-a6c2-22f2b7f84946,completed,2026-06-19 20:31:59.354901+00:00,2026-06-19 20:32:02.007950+00:00
f9eca351-fa28-400c-b2ff-4d8ebc783903,completed,2026-06-19 20:31:54.021384+00:00,2026-06-19 20:31:55.256481+00:00
e01d4570-2464-41b3-9195-8dff6b86658b,completed,2026-06-19 20:31:57.855720+00:00,2026-06-19 20:31:59.961033+00:00
0533c7cb-1db7-46af-8ef8-3350a20e1ce3,completed,2026-06-19 20:31:55.242370+00:00,2026-06-19 20:31:56.659145+00:00
05d1a5dd-840c-4896-bf5d-3673a0cf26ac,completed,2026-06-19 20:31:55.964477+00:00,2026-06-19 20:31:57.576401+00:00
f13ac072-21da-4515-b2a0-1165b3da968d,completed,2026-06-19 20:31:56.445711+00:00,2026-06-19 20:31:58.194671+00:00
acce6711-9390-4408-8bfc-bc6479e886e2,completed,2026-06-19 20:31:58.204013+00:00,2026-06-19 20:32:00.443978+00:00
c0fdb224-9ea9-46a7-8157-eaa2130ddac8,completed,2026-06-19 20:31:56.923192+00:00,2026-06-19 20:31:58.755007+00:00
004fd463-986d-46b9-8f4f-ba583a39ec75,completed,2026-06-19 20:31:59.582883+00:00,2026-06-19 20:32:02.277665+00:00
fc97b13b-47f6-48a3-966f-df77d7a1cd5c,completed,2026-06-19 20:31:57.622401+00:00,2026-06-19 20:31:59.631232+00:00
2efd5bd6-ee30-48e2-89da-52016cccb34e,completed,2026-06-19 20:31:58.319597+00:00,2026-06-19 20:32:00.596003+00:00
b6a806fb-482c-4b23-ac3c-6dbf97fb4cbc,completed,2026-06-19 20:32:00.485989+00:00,2026-06-19 20:32:03.566543+00:00
c3d3a46e-0240-41a2-af1a-580f3ba9752a,completed,2026-06-19 20:31:58.783330+00:00,2026-06-19 20:32:01.180469+00:00
91f7bcbc-5a7a-469a-9b83-e07d1680a560,completed,2026-06-19 20:31:59.808781+00:00,2026-06-19 20:32:02.665617+00:00
b06e5429-a9ef-4ee6-8b84-ccdbfbb4d1c4,completed,2026-06-19 20:32:00.375230+00:00,2026-06-19 20:32:03.362523+00:00
bcb2a7d8-8d86-463c-9805-97a7cca5bc8b,completed,2026-06-19 20:32:01.380142+00:00,2026-06-19 20:32:04.695090+00:00
46f3efc1-4362-4ea9-ba50-f1bf0f757352,completed,2026-06-19 20:32:01.267550+00:00,2026-06-19 20:32:04.553016+00:00
463a6743-7f05-4879-9cef-ffbe436004c7,completed,2026-06-19 20:32:01.932361+00:00,2026-06-19 20:32:05.457304+00:00
511cc5f0-cd4a-4fa5-a032-1b3ad2b45120,completed,2026-06-19 20:32:02.478796+00:00,2026-06-19 20:32:06.193961+00:00
3b541873-6fdd-4146-b494-5598a16160c0,completed,2026-06-19 20:32:02.698603+00:00,2026-06-19 20:32:06.511981+00:00
559c7f7b-369e-4864-8d17-56d4e0d7a5f6,completed,2026-06-19 20:32:02.808240+00:00,2026-06-19 20:32:06.696159+00:00
51f65d16-b604-4d91-b7cf-4aaad509e46c,completed,2026-06-19 20:32:03.885329+00:00,2026-06-19 20:32:08.181713+00:00
3de201aa-dc32-480e-b611-c07b93e48a78,completed,2026-06-19 20:32:04.099273+00:00,2026-06-19 20:32:08.482157+00:00
0c7f474f-f011-4eaf-8fee-5b222b87af62,completed,2026-06-19 20:32:04.737280+00:00,2026-06-19 20:32:09.379035+00:00
a8bcad37-22f7-454f-9aec-fa9585f7fdc6,completed,2026-06-19 20:32:05.263963+00:00,2026-06-19 20:32:10.104256+00:00
18cc52a7-2aab-4e51-bcd0-dca3f81f1826,completed,2026-06-19 20:32:05.372715+00:00,2026-06-19 20:32:10.254220+00:00
7bba0e7e-25b4-41b7-9a50-afe58abb06b8,completed,2026-06-19 20:32:06.828524+00:00,2026-06-19 20:32:12.439180+00:00
3c579787-3922-4cde-a942-1118a25ae76e,completed,2026-06-19 20:32:07.135697+00:00,2026-06-19 20:32:12.878979+00:00
8e742aef-637a-4040-b7f1-7d41b486fe6a,completed,2026-06-19 20:31:59.274721+00:00,2026-06-19 20:32:01.877675+00:00
a9bb5dac-e50a-4533-ae67-c208648cdca6,completed,2026-06-19 20:31:54.664609+00:00,2026-06-19 20:31:56.017468+00:00
6e6f8eb6-e70d-4e1c-bffa-906660edb98d,completed,2026-06-19 20:31:55.393781+00:00,2026-06-19 20:31:56.905125+00:00
a9610bc4-9708-4989-a3e9-07b6bfe80ddd,completed,2026-06-19 20:31:56.114547+00:00,2026-06-19 20:31:57.744991+00:00
e7e9624a-d8ac-4c75-9b84-8f2c7897ed0e,completed,2026-06-19 20:31:56.592189+00:00,2026-06-19 20:31:58.356527+00:00
506687c4-e6f1-41dd-9316-7e906ae7773f,completed,2026-06-19 20:31:56.948222+00:00,2026-06-19 20:31:58.799907+00:00
522d34d9-89d8-4140-9b87-d458ae77e3f0,completed,2026-06-19 20:31:58.001821+00:00,2026-06-19 20:32:00.139566+00:00
66a2b337-82cf-48a6-814a-7fb5e76352c9,completed,2026-06-19 20:32:02.288059+00:00,2026-06-19 20:32:05.948113+00:00
8cb92fde-3fe0-435f-8ab5-382a7c437fae,completed,2026-06-19 20:31:58.232777+00:00,2026-06-19 20:32:00.442136+00:00
25473020-3cbb-4be1-9953-e011acc21a20,completed,2026-06-19 20:32:00.063290+00:00,2026-06-19 20:32:02.951409+00:00
9eb29d40-8f58-4ff2-97da-e428f484639d,completed,2026-06-19 20:31:58.465058+00:00,2026-06-19 20:32:00.743213+00:00
faa48e13-c670-474f-a68c-a47291debf73,completed,2026-06-19 20:31:58.580203+00:00,2026-06-19 20:32:00.944310+00:00
596cb8ab-05c5-4b74-8af2-3a8bacb89973,completed,2026-06-19 20:32:03.374974+00:00,2026-06-19 20:32:07.488275+00:00
d1cbf5cb-eae7-4d91-b5af-3d2942bf56b4,completed,2026-06-19 20:32:02.396659+00:00,2026-06-19 20:32:06.103448+00:00
60001d49-ea93-434a-85f4-ceb60c2e36b1,completed,2026-06-19 20:32:01.296514+00:00,2026-06-19 20:32:04.579158+00:00
169b343d-7657-4262-be5d-27065b55dc6d,completed,2026-06-19 20:32:02.722924+00:00,2026-06-19 20:32:06.563479+00:00
98bdd3a4-27f2-421d-ab30-83ff480fb210,completed,2026-06-19 20:32:01.406745+00:00,2026-06-19 20:32:04.717803+00:00
8937e80e-db99-45a6-a437-962aec294883,completed,2026-06-19 20:32:02.508429+00:00,2026-06-19 20:32:06.364527+00:00
34e25c7e-f298-4366-8fd2-b4fa6c68d40e,completed,2026-06-19 20:32:02.614562+00:00,2026-06-19 20:32:06.418070+00:00
d961f50d-7c85-4a11-a4aa-98963b6fa838,completed,2026-06-19 20:32:03.265811+00:00,2026-06-19 20:32:07.336828+00:00
b218908b-ae5a-47d9-afa2-7cb5ada53f7f,completed,2026-06-19 20:32:05.185172+00:00,2026-06-19 20:32:09.985720+00:00
1966de18-4329-4fb1-9454-1100250aa1d1,completed,2026-06-19 20:32:05.082124+00:00,2026-06-19 20:32:09.845940+00:00
d088c36a-e77c-4a48-ade7-102f4dc8463f,completed,2026-06-19 20:32:05.608370+00:00,2026-06-19 20:32:10.563823+00:00
fd59f35c-c15c-4227-89e4-ac6f3273c148,completed,2026-06-19 20:32:05.918420+00:00,2026-06-19 20:32:11.082194+00:00
4da01cde-fcb0-4e97-9fd5-f4087e17a430,completed,2026-06-19 20:32:07.262581+00:00,2026-06-19 20:32:13.066099+00:00
95e81dc6-4e76-4e0a-af2a-57e0b4f87e2c,completed,2026-06-19 20:32:07.572748+00:00,2026-06-19 20:32:13.525945+00:00
bb358f43-8e2c-4160-8ee9-93f756cc8dcf,completed,2026-06-19 20:32:09.086186+00:00,2026-06-19 20:32:15.746845+00:00
812bad9d-be2e-4ab5-9f2b-94efc882e78b,completed,2026-06-19 20:32:09.986312+00:00,2026-06-19 20:32:17.108773+00:00
e971295f-c69b-448d-90ef-442e686097e6,completed,2026-06-19 20:32:10.186531+00:00,2026-06-19 20:32:17.398159+00:00
bd0fe4d6-ccd5-4a1e-8986-16028b679b56,completed,2026-06-19 20:32:10.487112+00:00,2026-06-19 20:32:17.825324+00:00
b372b064-4854-45cf-aad2-6855e5d00899,completed,2026-06-19 20:32:11.886535+00:00,2026-06-19 20:32:19.930181+00:00
7e4d6537-8258-4834-aea9-386fe16bfecd,completed,2026-06-19 20:32:07.186244+00:00,2026-06-19 20:32:12.960053+00:00
40a6a1e6-3072-475a-8f19-d3e73d56d2b7,completed,2026-06-19 20:31:56.503178+00:00,2026-06-19 20:31:58.245939+00:00
e906458f-ab30-43e1-b336-ffbfce82f4f7,completed,2026-06-19 20:32:03.509180+00:00,2026-06-19 20:32:07.663753+00:00
a1f26912-6410-423f-8108-508db83cad79,completed,2026-06-19 20:31:57.446849+00:00,2026-06-19 20:31:59.428925+00:00
89b50192-fab9-4db3-81f4-53e2e7bf6c86,completed,2026-06-19 20:32:00.091793+00:00,2026-06-19 20:32:02.999610+00:00
a6d4dca7-7fb5-4c17-81e5-54f748b74dd0,completed,2026-06-19 20:32:00.207335+00:00,2026-06-19 20:32:03.127100+00:00
521b9ad4-b0bd-4cb3-b884-4ee03357707c,completed,2026-06-19 20:32:00.430306+00:00,2026-06-19 20:32:03.411127+00:00
bf725a5b-8cb9-4ad3-9d1d-0bff5292adcb,completed,2026-06-19 20:32:00.989184+00:00,2026-06-19 20:32:04.213948+00:00
bff313fa-2695-4440-8265-39506c0c4d9c,completed,2026-06-19 20:32:04.894166+00:00,2026-06-19 20:32:09.552177+00:00
7046f73e-d027-4314-b1be-82eeb41ac254,completed,2026-06-19 20:32:01.544853+00:00,2026-06-19 20:32:04.946248+00:00
5d1f067d-de46-4702-9e68-afda8017fe8b,completed,2026-06-19 20:32:01.993338+00:00,2026-06-19 20:32:05.540044+00:00
80cedb10-35e9-48da-9879-3862da36d3e4,completed,2026-06-19 20:32:02.206688+00:00,2026-06-19 20:32:05.846858+00:00
fa92d2b8-437a-4ed6-a906-c729e6ff5a43,completed,2026-06-19 20:32:06.050754+00:00,2026-06-19 20:32:11.242948+00:00
0336aeed-eaad-4cf4-9e94-feb02ad9dc1e,completed,2026-06-19 20:32:05.422528+00:00,2026-06-19 20:32:10.387684+00:00
12e9de86-3db7-405e-8ff1-99b9e3e37006,completed,2026-06-19 20:32:05.736386+00:00,2026-06-19 20:32:10.779067+00:00
0ed3042c-d838-4f8b-b619-01d7060df1ed,completed,2026-06-19 20:32:06.673156+00:00,2026-06-19 20:32:12.196528+00:00
28365825-6caf-49af-9780-c8d83b37c783,completed,2026-06-19 20:32:10.118532+00:00,2026-06-19 20:32:17.274118+00:00
28a5cb08-a126-4d39-b90f-b2ae7fdc9b75,completed,2026-06-19 20:32:08.104864+00:00,2026-06-19 20:32:14.299707+00:00
86b14f08-9f21-456a-9949-b594a2ba93bb,completed,2026-06-19 20:32:08.307337+00:00,2026-06-19 20:32:14.619062+00:00
e474473f-05f0-43ec-bb75-e93fe36ede25,completed,2026-06-19 20:32:08.711023+00:00,2026-06-19 20:32:15.222906+00:00
a9621da8-9126-40f3-a7e0-b313a5394adc,completed,2026-06-19 20:32:10.012518+00:00,2026-06-19 20:32:17.156756+00:00
0e55dcf6-92ef-4be0-8462-cb1c8776a0e2,completed,2026-06-19 20:32:10.213695+00:00,2026-06-19 20:32:17.405159+00:00
75d2be88-b3a4-4ad0-bfa8-b9a63531f022,completed,2026-06-19 20:32:10.312763+00:00,2026-06-19 20:32:17.549588+00:00
211ab7cf-544f-43da-87b9-7a0525b90123,completed,2026-06-19 20:32:11.210821+00:00,2026-06-19 20:32:18.869231+00:00
4b8adcb8-e2a1-444c-9e46-77d699861724,completed,2026-06-19 20:32:12.315390+00:00,2026-06-19 20:32:20.555553+00:00
d66ba256-b058-415b-bcdd-dfaa3b1fb9cc,completed,2026-06-19 20:32:13.019719+00:00,2026-06-19 20:32:21.621087+00:00
093b7062-d8a6-465f-a1d7-40a68f4438b0,completed,2026-06-19 20:32:13.311589+00:00,2026-06-19 20:32:22.052318+00:00
2735b08e-8106-4115-b9e2-e27ea3a0a28c,completed,2026-06-19 20:32:13.510851+00:00,2026-06-19 20:32:22.339699+00:00
922d3173-8768-401b-b2a0-a3b6dd01e45f,completed,2026-06-19 20:32:14.114451+00:00,2026-06-19 20:32:23.208935+00:00
45c2a188-0ea3-432d-92d1-9290da88c133,completed,2026-06-19 20:32:14.311885+00:00,2026-06-19 20:32:23.513869+00:00
12c245ea-b631-4df9-ae2b-4525a0973ad2,completed,2026-06-19 20:32:14.716961+00:00,2026-06-19 20:32:24.123524+00:00
9dcb2577-df12-4aae-a45f-569e4daf75fd,completed,2026-06-19 20:32:09.348458+00:00,2026-06-19 20:32:16.154507+00:00
dc8bdbe1-158d-47a8-980f-9c142a1b8fc3,completed,2026-06-19 20:32:06.393075+00:00,2026-06-19 20:32:11.779528+00:00
05e65126-d983-4408-b93d-7312d5997262,completed,2026-06-19 20:32:06.595378+00:00,2026-06-19 20:32:12.088750+00:00
9b9eecba-2c71-41ef-b666-e86cc16f80b8,completed,2026-06-19 20:32:07.005475+00:00,2026-06-19 20:32:12.699756+00:00
eed9eb6c-5edd-4253-b19a-e7c96b1722ba,completed,2026-06-19 20:32:07.213291+00:00,2026-06-19 20:32:12.986678+00:00
13880415-e253-4fc5-8a98-dff950aaf393,completed,2026-06-19 20:32:07.419040+00:00,2026-06-19 20:32:13.298239+00:00
4cfddc57-da8f-47c1-a7d8-f1bda9c84b4d,completed,2026-06-19 20:32:10.836561+00:00,2026-06-19 20:32:18.388331+00:00
c267fbc5-e94f-4ef4-b273-5cc98e2762cb,completed,2026-06-19 20:32:08.835732+00:00,2026-06-19 20:32:15.378782+00:00
d7b1a496-7432-4119-8d03-747d92810e3f,completed,2026-06-19 20:32:10.439905+00:00,2026-06-19 20:32:17.759147+00:00
7a2d01d2-8b7f-4c2d-854a-59f3f4224852,completed,2026-06-19 20:32:10.539201+00:00,2026-06-19 20:32:17.961634+00:00
6c9ef83c-ca52-4c9c-bbee-691f418cb66c,completed,2026-06-19 20:32:12.438278+00:00,2026-06-19 20:32:20.743775+00:00
fac61c2e-2bc2-4d1e-9af5-9a0b8f63f655,completed,2026-06-19 20:32:10.739929+00:00,2026-06-19 20:32:18.250289+00:00
44157e16-52c1-4739-9b68-b43cc068031b,completed,2026-06-19 20:32:13.538020+00:00,2026-06-19 20:32:22.411908+00:00
183a0f6c-7853-40e0-b245-b9823560bd9a,completed,2026-06-19 20:32:13.637679+00:00,2026-06-19 20:32:22.552119+00:00
86d5a7dc-6f16-499f-920f-cff69dec2af7,completed,2026-06-19 20:32:13.837973+00:00,2026-06-19 20:32:22.837393+00:00
39fcbd71-b772-4c03-8746-e53318262e92,completed,2026-06-19 20:32:14.337424+00:00,2026-06-19 20:32:23.550714+00:00
8ee316ef-2d1e-470d-8b50-464b5c86c8b5,completed,2026-06-19 20:32:14.536287+00:00,2026-06-19 20:32:23.819505+00:00
7caa345a-7401-4916-a8a3-6ebc3f703cfd,completed,2026-06-19 20:32:14.737730+00:00,2026-06-19 20:32:24.142839+00:00
1a024b5a-145d-440d-845d-b083cfe35194,completed,2026-06-19 20:32:16.236663+00:00,2026-06-19 20:32:26.431744+00:00
3dc3138e-aacb-4987-aea6-0ba30e8b5192,completed,2026-06-19 20:32:16.338229+00:00,2026-06-19 20:32:26.588004+00:00
9ebe5841-6fb9-4ba7-a493-68a22653edb4,completed,2026-06-19 20:32:16.538363+00:00,2026-06-19 20:32:26.895908+00:00
746d7ffc-0ab7-430e-8d82-08c0131da5f9,completed,2026-06-19 20:32:17.335433+00:00,2026-06-19 20:32:28.050124+00:00
0bab6f23-fc8d-4f4b-95ce-e2ca92cc0bf5,completed,2026-06-19 20:32:18.536780+00:00,2026-06-19 20:32:29.885756+00:00
0c07391c-baf8-4a2f-a7f8-373f0216d7a7,completed,2026-06-19 20:32:18.736413+00:00,2026-06-19 20:32:30.185405+00:00
8b1175a1-fffe-45a2-9c09-0f27729b300f,completed,2026-06-19 20:32:18.936087+00:00,2026-06-19 20:32:30.467152+00:00
de6fbb6d-fcde-46ef-bf0d-9dd37c321b9a,completed,2026-06-19 20:32:19.736642+00:00,2026-06-19 20:32:31.879167+00:00
178aaf61-043f-4d1d-b0ee-129a11ede28b,completed,2026-06-19 20:32:20.338577+00:00,2026-06-19 20:32:32.791634+00:00
db2ac03a-9d13-4d47-822b-f185ae5f4ca1,completed,2026-06-19 20:32:20.936216+00:00,2026-06-19 20:32:33.775419+00:00
51df99e6-3bdd-493d-970d-a893b966e2a3,completed,2026-06-19 20:32:21.137430+00:00,2026-06-19 20:32:34.018651+00:00
82714627-904c-4bbc-b00c-fe6f30bcb008,completed,2026-06-19 20:32:21.836759+00:00,2026-06-19 20:32:35.191613+00:00
1747b385-49a2-4ba1-b4d7-6d966bbe7478,completed,2026-06-19 20:32:10.865145+00:00,2026-06-19 20:32:18.406499+00:00
f2abbb16-e702-46a5-80cc-c05c8a0f9721,completed,2026-06-19 20:32:07.546646+00:00,2026-06-19 20:32:13.490979+00:00
3f8ae6cc-b8ca-4613-a84b-3cb51df613c9,completed,2026-06-19 20:32:08.459847+00:00,2026-06-19 20:32:14.780059+00:00
6595aa7b-e01d-45fa-9e29-c0db006dc577,completed,2026-06-19 20:32:13.361660+00:00,2026-06-19 20:32:22.140719+00:00
e9daabe0-5d0c-40ca-b796-0d6674bd280f,completed,2026-06-19 20:32:08.962595+00:00,2026-06-19 20:32:15.562112+00:00
344dfd97-709f-4eed-9274-13b196ecc0a5,completed,2026-06-19 20:32:11.162397+00:00,2026-06-19 20:32:18.826647+00:00
1065fcfd-cdf5-47ab-a2d0-f71291dfe678,completed,2026-06-19 20:32:10.062104+00:00,2026-06-19 20:32:17.237137+00:00
9d0fcd4c-0d4d-43ae-9f98-a6c80e5a93aa,completed,2026-06-19 20:32:10.462920+00:00,2026-06-19 20:32:17.816106+00:00
861b1df1-8267-410c-8667-a7394283651a,completed,2026-06-19 20:32:10.761249+00:00,2026-06-19 20:32:18.246234+00:00
7b18a3d5-17f6-4244-9f35-8f21d0bca655,completed,2026-06-19 20:32:12.561490+00:00,2026-06-19 20:32:20.925228+00:00
c7ca0a07-e285-428f-a24c-70be9bdbb5d7,completed,2026-06-19 20:32:11.563457+00:00,2026-06-19 20:32:19.465377+00:00
9fafa07d-71c2-414f-b27c-ebf736c7c0b8,completed,2026-06-19 20:32:12.464164+00:00,2026-06-19 20:32:20.773675+00:00
29b594e2-a936-4c21-8ce5-ef86dc3d7f2e,completed,2026-06-19 20:32:13.661284+00:00,2026-06-19 20:32:22.569260+00:00
90c08492-7d01-407a-b595-10941174064d,completed,2026-06-19 20:32:14.063985+00:00,2026-06-19 20:32:23.181285+00:00
d8fa3690-48b5-41f2-b074-74397824cdfc,completed,2026-06-19 20:32:15.465920+00:00,2026-06-19 20:32:25.276339+00:00
c2b21114-a688-4c22-a448-840e5ab1d250,completed,2026-06-19 20:32:15.566826+00:00,2026-06-19 20:32:25.405990+00:00
13682400-219a-40d2-bc7b-5473710d0a97,completed,2026-06-19 20:32:16.061638+00:00,2026-06-19 20:32:26.115719+00:00
a181c3ae-6e65-4895-b967-bc02094674d5,completed,2026-06-19 20:32:17.461839+00:00,2026-06-19 20:32:28.285975+00:00
23b8766b-4c22-4a98-9bf9-70611b8cf33f,completed,2026-06-19 20:32:17.861292+00:00,2026-06-19 20:32:28.896769+00:00
0bec2bd1-a6cc-40a6-a828-e968821d5636,completed,2026-06-19 20:32:18.564205+00:00,2026-06-19 20:32:29.921209+00:00
096b7b09-2cd6-44be-b819-e56cda92551a,completed,2026-06-19 20:32:18.863900+00:00,2026-06-19 20:32:30.392351+00:00
2663baad-aad4-416a-b84c-39b7254a7397,completed,2026-06-19 20:32:19.062550+00:00,2026-06-19 20:32:30.708765+00:00
26112313-edc6-4947-bb16-c783adb6a289,completed,2026-06-19 20:32:19.561775+00:00,2026-06-19 20:32:31.521077+00:00
c9c746a7-382d-42bf-9017-77d34111dacf,completed,2026-06-19 20:32:20.663211+00:00,2026-06-19 20:32:33.304705+00:00
c4f15791-56c4-404e-ab1b-bfeca8f02dfa,completed,2026-06-19 20:32:21.662398+00:00,2026-06-19 20:32:34.905146+00:00
a270eb54-3482-4160-8c2b-02cdad4cc4fc,completed,2026-06-19 20:32:21.761039+00:00,2026-06-19 20:32:35.047424+00:00
bccf34c2-d310-4679-87c8-c4bdea3520bb,completed,2026-06-19 20:32:22.063041+00:00,2026-06-19 20:32:35.581639+00:00
3dcf51cc-a0ac-4cb2-a52f-789b0798f1d2,completed,2026-06-19 20:32:22.461378+00:00,2026-06-19 20:32:36.192201+00:00
d1f1faf5-68e9-4e63-868c-93476dd446db,completed,2026-06-19 20:32:22.766446+00:00,2026-06-19 20:32:36.654507+00:00
ff63dc57-2e0b-43b2-987f-39082b287ae9,completed,2026-06-19 20:32:23.661763+00:00,2026-06-19 20:32:38.104304+00:00
b73875cc-37f8-4706-892b-3f0b15e493f3,completed,2026-06-19 20:32:24.361688+00:00,2026-06-19 20:32:39.241515+00:00
42b1ac30-fc64-44db-8d3c-ad4cf8ef3add,completed,2026-06-19 20:32:15.707033+00:00,2026-06-19 20:32:25.577946+00:00
83be7d8f-a0f6-4818-a451-e21f8344d7f8,completed,2026-06-19 20:32:12.086017+00:00,2026-06-19 20:32:20.239641+00:00
2fc7c8db-0a6d-4e48-b3bf-fa0d2e7edffe,completed,2026-06-19 20:32:14.887667+00:00,2026-06-19 20:32:24.396212+00:00
480927dd-88f6-4518-9fd0-32d238601073,completed,2026-06-19 20:32:12.186322+00:00,2026-06-19 20:32:20.403626+00:00
24b499a9-ebe5-415a-92b1-760b57984717,completed,2026-06-19 20:32:21.386557+00:00,2026-06-19 20:32:34.411157+00:00
e0a371cc-dbf6-407c-84b8-445fd902a484,completed,2026-06-19 20:32:13.686421+00:00,2026-06-19 20:32:22.610844+00:00
463e8d9c-c993-4d7e-83f0-b5353bfdc4b3,completed,2026-06-19 20:32:15.086467+00:00,2026-06-19 20:32:24.692065+00:00
0c65a8e8-ed48-4fa3-b601-3d3fdab382d9,completed,2026-06-19 20:32:14.087934+00:00,2026-06-19 20:32:23.187086+00:00
e4804c62-fa5b-432c-9bbd-68a67887721d,completed,2026-06-19 20:32:16.686909+00:00,2026-06-19 20:32:27.100181+00:00
aebdea7b-9ee0-4e78-97a1-02cb697f994a,completed,2026-06-19 20:32:16.287365+00:00,2026-06-19 20:32:26.439738+00:00
ef3da268-7d78-4f56-8900-cdccc7587a89,completed,2026-06-19 20:32:17.496674+00:00,2026-06-19 20:32:28.309315+00:00
33775c5b-80a3-449b-84d4-9c515a6b5a32,completed,2026-06-19 20:32:16.488221+00:00,2026-06-19 20:32:26.745344+00:00
53c226e8-03e2-4a72-96a4-3985706e46f5,completed,2026-06-19 20:32:17.286587+00:00,2026-06-19 20:32:27.997373+00:00
3ef3be9e-0d2c-4e1c-be58-cd41f8c47754,completed,2026-06-19 20:32:18.188644+00:00,2026-06-19 20:32:29.349334+00:00
fb424617-1355-49c1-8ab2-e65a22445ecd,completed,2026-06-19 20:32:17.686109+00:00,2026-06-19 20:32:28.592819+00:00
ad1ad593-ac85-4ec9-875d-1cbfaf46f83b,completed,2026-06-19 20:32:18.885532+00:00,2026-06-19 20:32:30.404112+00:00
868e8eae-6c5e-45e9-a771-4a196244395c,completed,2026-06-19 20:32:18.585966+00:00,2026-06-19 20:32:29.945394+00:00
f7ad8395-8a53-4ceb-9226-c2023e5ca323,completed,2026-06-19 20:32:19.386675+00:00,2026-06-19 20:32:31.184649+00:00
aededcb6-86a5-47d5-b099-9653e4d62a14,completed,2026-06-19 20:32:19.187195+00:00,2026-06-19 20:32:30.877514+00:00
13f7079e-486b-4ed8-883e-76834d15666d,completed,2026-06-19 20:32:21.285368+00:00,2026-06-19 20:32:34.241207+00:00
6b947711-6ad6-4c51-978e-6bdec59ab505,completed,2026-06-19 20:32:19.987750+00:00,2026-06-19 20:32:32.221759+00:00
18c83dd6-879e-45ba-b7a7-0dffe09ba7b5,completed,2026-06-19 20:32:22.786637+00:00,2026-06-19 20:32:36.727312+00:00
0fef1931-5465-43a0-a4f0-4f3a99db3a29,completed,2026-06-19 20:32:22.486782+00:00,2026-06-19 20:32:36.224265+00:00
b3c7bc1a-ae38-472f-875a-69d38d236c94,completed,2026-06-19 20:32:22.186611+00:00,2026-06-19 20:32:35.753770+00:00
326e5626-320c-4c93-97e1-860c10b78f76,completed,2026-06-19 20:32:23.687458+00:00,2026-06-19 20:32:38.147732+00:00
65e83cdf-4ecd-4c27-9f87-411fb6ee27e6,completed,2026-06-19 20:32:23.385984+00:00,2026-06-19 20:32:37.697929+00:00
4a21e0a4-0d0b-4405-8927-53812f044420,completed,2026-06-19 20:32:23.286856+00:00,2026-06-19 20:32:37.544715+00:00
f3c757a7-cc87-4825-9b8b-690aaf99f6fe,completed,2026-06-19 20:32:17.610977+00:00,2026-06-19 20:32:28.449791+00:00
f369110a-f2c6-498e-9665-be9491617897,completed,2026-06-19 20:32:14.814990+00:00,2026-06-19 20:32:24.262251+00:00
84e8714b-d1c2-470d-945e-94f6288b450a,completed,2026-06-19 20:32:15.412129+00:00,2026-06-19 20:32:25.158953+00:00
a082a0a4-3eae-4c72-88a2-83d3b6569f3d,completed,2026-06-19 20:32:16.310914+00:00,2026-06-19 20:32:26.544379+00:00
eadaa054-4fb9-4e69-a420-1c19cfcb0c4c,completed,2026-06-19 20:32:18.412419+00:00,2026-06-19 20:32:29.654292+00:00
9842ee8f-857a-4d2d-9500-a8832df6fce3,completed,2026-06-19 20:32:16.411461+00:00,2026-06-19 20:32:26.691787+00:00
58e88a02-bde5-479b-b03c-261975c7b42b,completed,2026-06-19 20:32:22.122363+00:00,2026-06-19 20:32:35.649386+00:00
93eb33dd-b198-44df-8bfe-2d81e17122e2,completed,2026-06-19 20:32:16.913746+00:00,2026-06-19 20:32:27.438887+00:00
1fbd3d6a-1647-45d7-be95-8e13c4d30d9f,completed,2026-06-19 20:32:18.511691+00:00,2026-06-19 20:32:29.918830+00:00
33a52908-597a-4884-bb2b-87f08d35da7a,completed,2026-06-19 20:32:17.216538+00:00,2026-06-19 20:32:27.882070+00:00
1779571b-a6a7-46a0-9169-88b87ded8aec,completed,2026-06-19 20:32:27.711244+00:00,2026-06-19 20:32:44.458329+00:00
e9f2c94a-d180-4d0c-8f45-ad589c95db6f,completed,2026-06-19 20:32:22.311696+00:00,2026-06-19 20:32:35.931020+00:00
acb4ee05-1637-48b0-a2a8-bcdf8890de83,completed,2026-06-19 20:32:19.610981+00:00,2026-06-19 20:32:31.646544+00:00
9e980abf-693a-47ea-a70a-493dba2fa9c4,completed,2026-06-19 20:32:27.811222+00:00,2026-06-19 20:32:44.579259+00:00
316d60e6-7021-45b4-9f25-6d2707e50fcc,completed,2026-06-19 20:32:20.213030+00:00,2026-06-19 20:32:32.561409+00:00
4e3011cd-8785-4d2a-823a-00cc2f7ce936,completed,2026-06-19 20:32:23.114624+00:00,2026-06-19 20:32:37.230622+00:00
502437eb-0bf3-45c5-817b-366a9143c6b5,completed,2026-06-19 20:32:21.110697+00:00,2026-06-19 20:32:33.917529+00:00
fd4b8e8c-2f22-4df1-8141-b8a93cf2363d,completed,2026-06-19 20:32:24.012343+00:00,2026-06-19 20:32:38.641194+00:00
e3e12613-9424-4519-8f98-7a34afa9d3ee,completed,2026-06-19 20:32:28.810891+00:00,2026-06-19 20:32:46.085483+00:00
5ce8c385-2e52-4acb-8083-16727e71d9f2,completed,2026-06-19 20:32:24.110357+00:00,2026-06-19 20:32:38.817957+00:00
93b6f1a9-341d-47f6-9a96-e0307350c4e9,completed,2026-06-19 20:32:10.914341+00:00,2026-06-19 20:32:18.409605+00:00
762707bf-0d5d-4287-a5e8-44ae52183214,completed,2026-06-19 20:32:13.747921+00:00,2026-06-19 20:32:22.705057+00:00
9680c9d6-25d4-4a97-9b8a-ab42b6fe483d,completed,2026-06-19 20:32:25.337588+00:00,2026-06-19 20:32:40.767242+00:00
ae1e228b-af3f-4630-b999-96efcf7cf599,completed,2026-06-19 20:32:22.135264+00:00,2026-06-19 20:32:35.648018+00:00
4de0b3ec-6ea3-4acb-8967-4218ab1bf309,completed,2026-06-19 20:32:26.537810+00:00,2026-06-19 20:32:42.583948+00:00
ed8e9fe1-022c-464d-8a6e-5aeca0ac348d,completed,2026-06-19 20:32:22.536730+00:00,2026-06-19 20:32:36.308638+00:00
4258192b-b7ea-4ecb-8efd-48f0f8c7ac18,completed,2026-06-19 20:32:25.634579+00:00,2026-06-19 20:32:41.213221+00:00
e265a975-36a8-445a-8470-47d81398f960,completed,2026-06-19 20:32:22.936529+00:00,2026-06-19 20:32:36.947338+00:00
1d8f947a-4d71-4272-8629-d42c5e40b6e6,completed,2026-06-19 20:32:28.236262+00:00,2026-06-19 20:32:45.242539+00:00
ba3d2298-7284-4a9d-8ff6-f9b048ba1291,completed,2026-06-19 20:32:24.037488+00:00,2026-06-19 20:32:38.681184+00:00
d31c9e8b-a0a9-4785-b7e6-0d4954daac83,completed,2026-06-19 20:32:26.136192+00:00,2026-06-19 20:32:41.934420+00:00
07bccdf9-3749-46ed-afe0-1104534854d7,completed,2026-06-19 20:32:24.938171+00:00,2026-06-19 20:32:40.180762+00:00
d59e4f97-987c-4261-b2ea-f8f46c900679,completed,2026-06-19 20:32:26.837134+00:00,2026-06-19 20:32:43.064440+00:00
58bd56f0-c2b4-42d0-a8b4-e069a8e4e46b,completed,2026-06-19 20:32:26.236208+00:00,2026-06-19 20:32:42.077765+00:00
721e883d-1a76-498f-be10-da6b5d4409d7,completed,2026-06-19 20:32:27.135642+00:00,2026-06-19 20:32:43.542554+00:00
feee8f55-e8a8-49a8-a157-c73d1d1e4a74,completed,2026-06-19 20:32:26.435202+00:00,2026-06-19 20:32:42.369423+00:00
4491f377-00c1-4d88-94a0-4053f4e3c7b6,completed,2026-06-19 20:32:28.736530+00:00,2026-06-19 20:32:45.996256+00:00
f5209edb-f854-4d2b-bfad-66e21e48f1bc,completed,2026-06-19 20:32:27.837443+00:00,2026-06-19 20:32:44.641356+00:00
d436d181-66a1-4358-a032-bef2db79206c,completed,2026-06-19 20:32:28.838259+00:00,2026-06-19 20:32:46.148670+00:00
1008f7b4-0638-47a6-9d06-ff54e450959c,completed,2026-06-19 20:32:28.145617+00:00,2026-06-19 20:32:45.117682+00:00
622431e8-7679-4010-9381-3f3dd571f81c,completed,2026-06-19 20:32:29.035909+00:00,2026-06-19 20:32:46.422279+00:00
568f2312-1d20-424d-a897-2df9881831c3,completed,2026-06-19 20:32:29.135915+00:00,2026-06-19 20:32:46.563886+00:00
2e883070-decd-4036-b6d0-fc0eb0008120,completed,2026-06-19 20:32:23.986008+00:00,2026-06-19 20:32:38.682213+00:00
d90b4aa6-9da3-4714-a54d-4627409a39b1,completed,2026-06-19 20:32:24.085051+00:00,2026-06-19 20:32:38.796055+00:00
b58c28e9-8f97-44bf-b06c-c03ff6877942,completed,2026-06-19 20:32:24.686500+00:00,2026-06-19 20:32:39.752251+00:00
945a5dbf-3775-425c-9a0f-618460a1a9d1,completed,2026-06-19 20:32:25.186076+00:00,2026-06-19 20:32:40.531255+00:00
348417da-d132-4df1-8953-f380507b5bcd,completed,2026-06-19 20:32:25.983954+00:00,2026-06-19 20:32:41.767173+00:00
656bc79a-9577-4ecb-8ba6-ce05a7d87e0e,completed,2026-06-19 20:32:27.085716+00:00,2026-06-19 20:32:43.414644+00:00
0a5d8b43-9088-49d2-8d24-92dc18b3eee7,completed,2026-06-19 20:32:27.387598+00:00,2026-06-19 20:32:43.916631+00:00
52299183-5212-4c71-950d-7727bdd3b0d9,completed,2026-06-19 20:32:27.685312+00:00,2026-06-19 20:32:44.392409+00:00
dbf29111-fec8-4044-a36c-2bc88334da95,completed,2026-06-19 20:32:29.187335+00:00,2026-06-19 20:32:46.667618+00:00
5240b70f-8363-4d12-aea6-7816b7a9dd02,completed,2026-06-19 20:32:29.393191+00:00,2026-06-19 20:32:46.973694+00:00
f87f1ac9-dcd6-46e6-a538-8ac2bbb0ce0a,completed,2026-06-19 20:32:26.062045+00:00,2026-06-19 20:32:41.879834+00:00
84ec4ea2-c51a-4199-aec8-a1f2dead89d4,completed,2026-06-19 20:32:26.861318+00:00,2026-06-19 20:32:43.086250+00:00
0dbe13b0-044c-46b9-a786-6b5630f0c28c,completed,2026-06-19 20:32:27.062065+00:00,2026-06-19 20:32:43.385877+00:00
13caa5d4-2ed3-4606-ad0d-4b0a0c197e63,completed,2026-06-19 20:32:27.263475+00:00,2026-06-19 20:32:43.704042+00:00
b40cbb1f-2d52-4111-9b01-de83495b3082,completed,2026-06-19 20:32:27.862094+00:00,2026-06-19 20:32:44.630261+00:00
69793cbe-c330-4483-8cec-044b68abe17f,completed,2026-06-19 20:32:28.363163+00:00,2026-06-19 20:32:45.418305+00:00
56281887-4eb6-499e-a206-94a834a7e551,completed,2026-06-19 20:32:28.759701+00:00,2026-06-19 20:32:46.022249+00:00
b1d1476e-f48b-4808-a00e-529db5096e25,completed,2026-06-19 20:32:29.360884+00:00,2026-06-19 20:32:46.903899+00:00
01db472a-29ce-45a2-b8e0-842ccf16637f,completed,2026-06-19 20:32:18.236387+00:00,2026-06-19 20:32:29.448458+00:00
38fa3254-1bf6-4898-b559-87c6df15e926,completed,2026-06-19 20:32:19.761756+00:00,2026-06-19 20:32:31.837113+00:00
0c2197c2-3efd-4b44-8ed6-b220314efed3,completed,2026-06-19 20:32:29.840240+00:00,2026-06-19 20:32:47.650783+00:00
40adf90b-4f86-41ff-a0cb-d0cb73ae8b2f,completed,2026-06-19 20:32:29.661065+00:00,2026-06-19 20:32:47.343645+00:00
af81b7df-6ee0-4e71-b741-c3314ade282e,completed,2026-06-19 20:32:30.294886+00:00,2026-06-19 20:32:48.280966+00:00
2e83f52e-0f4b-470b-ad5d-8d8829f1a98f,completed,2026-06-19 20:32:29.794829+00:00,2026-06-19 20:32:47.567446+00:00
c1361686-a837-4ba9-b904-b098b4efca8d,completed,2026-06-19 20:32:30.642550+00:00,2026-06-19 20:32:48.818669+00:00
d0ba5c82-ff61-48db-8e0a-c62e40c0cdca,completed,2026-06-19 20:32:30.035687+00:00,2026-06-19 20:32:47.929217+00:00
69dadbbb-e5b8-4c9d-b42b-8af97e728e12,completed,2026-06-19 20:32:30.266977+00:00,2026-06-19 20:32:48.267420+00:00
3918caaa-7668-42c2-9467-d4864fe18f0c,completed,2026-06-19 20:32:32.213642+00:00,2026-06-19 20:32:51.154695+00:00
b6f2837c-ac36-476c-b04f-561e6a985d07,completed,2026-06-19 20:32:30.588061+00:00,2026-06-19 20:32:48.788350+00:00
2273ff1d-e19b-4009-beb9-2608837aaa90,completed,2026-06-19 20:32:30.434943+00:00,2026-06-19 20:32:48.635765+00:00
090be8eb-fc40-44be-9a54-920b94514a69,completed,2026-06-19 20:32:30.535749+00:00,2026-06-19 20:32:48.685642+00:00
4c713237-eb97-41b2-9a88-a2004d0c0888,completed,2026-06-19 20:32:30.561334+00:00,2026-06-19 20:32:48.735918+00:00
8dda23fe-2b75-42a1-8298-c03e957dec6e,completed,2026-06-19 20:32:30.777299+00:00,2026-06-19 20:32:49.026572+00:00
8bd1d495-38b4-4810-9820-3ab1948216ed,completed,2026-06-19 20:32:30.935017+00:00,2026-06-19 20:32:49.243356+00:00
2e01257d-de9c-4788-9ee2-6e3922c657ae,completed,2026-06-19 20:32:30.960239+00:00,2026-06-19 20:32:49.323355+00:00
70d69ffe-4828-4da0-8a85-1624c58b3d52,completed,2026-06-19 20:32:30.911466+00:00,2026-06-19 20:32:49.242135+00:00
e9bcf67f-1587-4603-93a6-29dabf8c07d3,completed,2026-06-19 20:32:31.287487+00:00,2026-06-19 20:32:49.795333+00:00
8ff32001-336b-4eb1-9c89-787c1e3804b8,completed,2026-06-19 20:32:31.561430+00:00,2026-06-19 20:32:50.221346+00:00
8326c3d6-bc1d-4068-be44-c9cfc9fba9e1,completed,2026-06-19 20:32:31.860828+00:00,2026-06-19 20:32:50.662055+00:00
3aa6bade-f8fc-4663-81bf-a88086ab7e85,completed,2026-06-19 20:32:32.385641+00:00,2026-06-19 20:32:51.389719+00:00
a2546dc1-fff4-4dea-82f2-eb64e4cfa20c,completed,2026-06-19 20:32:32.062680+00:00,2026-06-19 20:32:50.949096+00:00
b3ef0580-ee92-476c-b110-2f95ad5b6008,completed,2026-06-19 20:32:32.885760+00:00,2026-06-19 20:32:52.181326+00:00
2ac511ba-dfcb-4146-b6c6-3477f4eed7d1,completed,2026-06-19 20:32:32.136300+00:00,2026-06-19 20:32:51.079403+00:00
1fb79b3e-d301-4380-b5d9-f18435ab1350,completed,2026-06-19 20:32:32.325142+00:00,2026-06-19 20:32:51.373248+00:00
55b73469-689d-4be2-9dde-e2d616473774,completed,2026-06-19 20:32:32.485293+00:00,2026-06-19 20:32:51.538119+00:00
b6d8cc83-06f8-4f64-bb5d-fa9c619acb09,completed,2026-06-19 20:32:32.740986+00:00,2026-06-19 20:32:51.948524+00:00
62e48e57-0765-41eb-9426-50be068be4c3,completed,2026-06-19 20:32:32.836797+00:00,2026-06-19 20:32:52.098783+00:00
ba1decd4-e560-4230-aa1d-a79d934b1c42,completed,2026-06-19 20:32:33.086037+00:00,2026-06-19 20:32:52.504561+00:00
2b00bbfa-5fe4-4a76-86ed-f3011addb0c4,completed,2026-06-19 20:32:33.210680+00:00,2026-06-19 20:32:52.658178+00:00
bc1d8f2a-9be1-421b-88b8-a73affc2b820,completed,2026-06-19 20:32:33.309862+00:00,2026-06-19 20:32:52.812614+00:00
a0accaec-f289-49f0-ab57-e3479f031db5,completed,2026-06-19 20:32:33.610658+00:00,2026-06-19 20:32:53.265621+00:00
6d3eab09-4ab2-4591-a27a-a68afa83faec,completed,2026-06-19 20:32:35.112647+00:00,2026-06-19 20:32:55.469021+00:00
625899ef-baa6-4088-958d-4c628c6c43c1,completed,2026-06-19 20:32:35.610951+00:00,2026-06-19 20:32:56.227947+00:00
4fc3adc5-6f8e-42da-80ad-d49e18906aaa,completed,2026-06-19 20:32:36.110746+00:00,2026-06-19 20:32:56.972217+00:00
63cd6586-be5f-4d5d-acc8-0ea36457c3c3,completed,2026-06-19 20:32:37.110218+00:00,2026-06-19 20:32:58.465975+00:00
27b33395-2827-4838-a3f6-abf8e8423ff3,completed,2026-06-19 20:32:37.411464+00:00,2026-06-19 20:32:58.901595+00:00
3b919f9d-305f-4ecd-b2fa-395dff64828e,completed,2026-06-19 20:32:37.612436+00:00,2026-06-19 20:32:59.193897+00:00
595fbb2d-5a67-43ce-8fc3-c8fa0faed44a,completed,2026-06-19 20:32:37.811860+00:00,2026-06-19 20:32:59.515650+00:00
5f51da6c-d4f8-4e99-881e-2a9276c4bfab,completed,2026-06-19 20:32:39.119538+00:00,2026-06-19 20:33:01.483588+00:00
e065884c-1718-47ef-9df6-a71b8b746b9d,completed,2026-06-19 20:32:39.409724+00:00,2026-06-19 20:33:01.952535+00:00
b10dc096-f681-4c26-b59a-e073c7375076,completed,2026-06-19 20:32:39.609811+00:00,2026-06-19 20:33:02.246656+00:00
8c8ec0bb-62aa-4be9-86c4-5fe1449fe9b0,completed,2026-06-19 20:32:40.208814+00:00,2026-06-19 20:33:03.225897+00:00
9f8fe3f0-ba49-4bb4-8353-ef2d8463726d,completed,2026-06-19 20:32:40.912762+00:00,2026-06-19 20:33:04.250832+00:00
bd24fd64-91d3-4ee2-a6db-66dd4bc7503a,completed,2026-06-19 20:32:43.014404+00:00,2026-06-19 20:33:07.482434+00:00
a910139e-a93d-437b-a34d-83cb7f527d14,completed,2026-06-19 20:32:43.212652+00:00,2026-06-19 20:33:07.796084+00:00
d585b941-e427-4521-a686-af06b559b190,completed,2026-06-19 20:32:43.525144+00:00,2026-06-19 20:33:08.232256+00:00
3b96f947-e1dc-4a7b-ab7d-2bdcdf8d4f8a,completed,2026-06-19 20:32:43.910059+00:00,2026-06-19 20:33:08.821190+00:00
98a7e05d-6f56-403c-b267-7e02f0ebdd35,completed,2026-06-19 20:32:44.213475+00:00,2026-06-19 20:33:09.252976+00:00
ef18c114-183d-49ec-9756-c09989ea13a4,completed,2026-06-19 20:32:44.409441+00:00,2026-06-19 20:33:09.566859+00:00
b1f3d274-cd87-410c-94a0-9acbfa8bdfd6,completed,2026-06-19 20:32:44.711013+00:00,2026-06-19 20:33:09.999032+00:00
e86315d6-e017-412c-9146-924259e091b4,completed,2026-06-19 20:32:46.010694+00:00,2026-06-19 20:33:11.953599+00:00
053fffe8-0ad4-48c1-b5d1-5d97d7a39116,completed,2026-06-19 20:32:46.809267+00:00,2026-06-19 20:33:13.100886+00:00
dcccfb78-7e31-4d96-8930-29bc018d6f07,completed,2026-06-19 20:32:47.212108+00:00,2026-06-19 20:33:13.666808+00:00
1a8677c7-3f79-4b4f-be83-abf68a7731df,completed,2026-06-19 20:32:48.012308+00:00,2026-06-19 20:33:14.887557+00:00
d900b92c-768b-48cf-902a-4aa7e1cabf7d,completed,2026-06-19 20:32:48.408574+00:00,2026-06-19 20:33:15.468001+00:00
55ec0727-4503-4d80-813b-17e455a6af7d,completed,2026-06-19 20:32:48.910608+00:00,2026-06-19 20:33:16.224855+00:00
bc6e7b31-4f66-4aba-8cdf-4747fd31556d,completed,2026-06-19 20:32:50.010714+00:00,2026-06-19 20:33:17.799715+00:00
b17ae8d4-daac-49a8-893f-032ea74ee7f5,completed,2026-06-19 20:32:50.207895+00:00,2026-06-19 20:33:18.079491+00:00
493839f7-3ff1-46a1-93c7-8a6592499c70,completed,2026-06-19 20:32:34.035603+00:00,2026-06-19 20:32:53.883527+00:00
68818aa5-9e34-4813-b291-345e71c98971,completed,2026-06-19 20:32:34.137081+00:00,2026-06-19 20:32:54.029775+00:00
1ba8ad07-4287-4fc4-a8f1-5638edba8776,completed,2026-06-19 20:32:34.736800+00:00,2026-06-19 20:32:54.951659+00:00
2e7047a9-48fa-498b-b10f-cfba03c2a02f,completed,2026-06-19 20:32:35.137794+00:00,2026-06-19 20:32:55.562707+00:00
222db3da-4f1b-4606-ae7b-6a19cb519882,completed,2026-06-19 20:32:35.335200+00:00,2026-06-19 20:32:55.902839+00:00
368f5683-e63e-4c35-9059-630a8d19d857,completed,2026-06-19 20:32:35.536891+00:00,2026-06-19 20:32:56.176708+00:00
9af805c4-730b-42f3-8c11-e8c6e33eb64b,completed,2026-06-19 20:32:36.637379+00:00,2026-06-19 20:32:57.759127+00:00
4fa636ea-8784-43a1-a525-a15235c9e6f4,completed,2026-06-19 20:32:36.836928+00:00,2026-06-19 20:32:58.043374+00:00
b1800f5c-daee-42dc-8157-940c602ec9c2,completed,2026-06-19 20:32:36.936480+00:00,2026-06-19 20:32:58.185823+00:00
dae79a93-4ca4-42fc-9a38-d67fca70db08,completed,2026-06-19 20:32:37.350244+00:00,2026-06-19 20:32:58.870017+00:00
4f5c4400-08aa-4d6a-a5da-cb6f4e35ab12,completed,2026-06-19 20:32:37.636142+00:00,2026-06-19 20:32:59.296049+00:00
a357e4f2-ad76-477b-b2bf-9f4e6e24b610,completed,2026-06-19 20:32:37.837177+00:00,2026-06-19 20:32:59.596127+00:00
d03c38dc-5f37-46ec-bb95-c546765e2287,completed,2026-06-19 20:32:38.235744+00:00,2026-06-19 20:33:00.149268+00:00
56d5096c-5456-49ef-a419-ea3a4aaacb6d,completed,2026-06-19 20:32:38.336296+00:00,2026-06-19 20:33:00.284174+00:00
71155089-ed5b-481b-9e02-672b70520acf,completed,2026-06-19 20:32:39.736114+00:00,2026-06-19 20:33:02.403582+00:00
c75a4537-070f-4e93-83a0-d004c155a2f0,completed,2026-06-19 20:32:40.644283+00:00,2026-06-19 20:33:03.850180+00:00
8139dacf-d12e-4c71-b8b0-c557ccc544c9,completed,2026-06-19 20:32:40.741147+00:00,2026-06-19 20:33:03.991467+00:00
904bc093-3e76-40b5-8326-88f8a1fc90e9,completed,2026-06-19 20:32:41.037561+00:00,2026-06-19 20:33:04.430401+00:00
58a31f0c-acd6-4f96-8d8e-61ec51c56a90,completed,2026-06-19 20:32:42.135074+00:00,2026-06-19 20:33:06.143171+00:00
1d3ea4c9-e75a-4d59-a3c3-af7f8773e2a6,completed,2026-06-19 20:32:42.335506+00:00,2026-06-19 20:33:06.432776+00:00
55b67314-2d82-4eb9-913c-bf86d8b64368,completed,2026-06-19 20:32:42.836085+00:00,2026-06-19 20:33:07.169705+00:00
2f416d6d-94ff-42b4-ba4c-78f171e25189,completed,2026-06-19 20:32:43.337333+00:00,2026-06-19 20:33:07.970397+00:00
d77bd102-ce14-4cae-ba80-79311c2807f5,completed,2026-06-19 20:32:44.434414+00:00,2026-06-19 20:33:09.553595+00:00
a81ea78d-d189-4b1a-86a5-e10220cb7081,completed,2026-06-19 20:32:44.836111+00:00,2026-06-19 20:33:10.151679+00:00
1e2e2fc1-61ba-45f6-b1df-7a7ef4fb927d,completed,2026-06-19 20:32:45.536729+00:00,2026-06-19 20:33:11.260693+00:00
4e421b79-29a2-433c-82bc-fb6037de946a,completed,2026-06-19 20:32:46.334236+00:00,2026-06-19 20:33:12.431966+00:00
b3445277-3091-4e72-bdbc-df5dfc690dd3,completed,2026-06-19 20:32:46.636053+00:00,2026-06-19 20:33:12.879898+00:00
39792f5f-8049-4399-bfce-4f4d3ffdb1fc,completed,2026-06-19 20:32:47.235131+00:00,2026-06-19 20:33:13.732017+00:00
09fa8324-d7d6-4605-8eb5-d6d2499a7e96,completed,2026-06-19 20:32:47.437308+00:00,2026-06-19 20:33:14.008070+00:00
977b974f-1af5-48e3-ba3a-1e31ba9c4737,completed,2026-06-19 20:32:47.643622+00:00,2026-06-19 20:33:14.274335+00:00
e3f47796-7d9f-4495-9fb9-2e0481e50098,completed,2026-06-19 20:32:38.784822+00:00,2026-06-19 20:33:00.965496+00:00
c7cd239a-eefa-49d1-b8a7-fcd0c230f101,completed,2026-06-19 20:32:34.686027+00:00,2026-06-19 20:32:54.872927+00:00
f30d5d85-7aff-48bd-9c01-8e48da63e63c,completed,2026-06-19 20:32:36.187305+00:00,2026-06-19 20:32:57.096125+00:00
c34118ac-7fe6-48cd-a240-b1f09cff8241,completed,2026-06-19 20:32:36.486529+00:00,2026-06-19 20:32:57.563237+00:00
e522f14b-4a73-4a33-8322-4729f6282e4d,completed,2026-06-19 20:32:37.285144+00:00,2026-06-19 20:32:58.748286+00:00
08737b7e-4c59-4bb8-b66a-9a968187b609,completed,2026-06-19 20:32:37.585644+00:00,2026-06-19 20:32:59.226053+00:00
7f831bb4-fb56-42bc-b4b7-a60ab04f73fc,completed,2026-06-19 20:32:37.786362+00:00,2026-06-19 20:32:59.516510+00:00
ebaa63bb-ca6a-4ff3-8dbc-c56c6caead24,completed,2026-06-19 20:32:38.686063+00:00,2026-06-19 20:33:00.859650+00:00
2be209fa-09f3-49eb-8214-24c3e64ed65d,completed,2026-06-19 20:32:40.086711+00:00,2026-06-19 20:33:02.980897+00:00
7c71c943-cebb-48a4-87b2-cf4bda5ec45c,completed,2026-06-19 20:32:40.186013+00:00,2026-06-19 20:33:03.126030+00:00
2acbb7c0-8a6e-4404-8044-f0b2b9c38a18,completed,2026-06-19 20:32:40.585095+00:00,2026-06-19 20:33:03.737715+00:00
c5f95a17-5a0e-4c04-a5a8-11df4db364c7,completed,2026-06-19 20:32:40.887073+00:00,2026-06-19 20:33:04.223268+00:00
9ebe07a1-e321-4192-8d25-cc77a36126a1,completed,2026-06-19 20:32:40.985668+00:00,2026-06-19 20:33:04.394704+00:00
f3b7d832-2b48-4a43-b5e7-af0113fe908b,completed,2026-06-19 20:32:42.085164+00:00,2026-06-19 20:33:06.030336+00:00
ad5c5dee-6814-4bab-822f-aefd12a0d9a8,completed,2026-06-19 20:32:42.884361+00:00,2026-06-19 20:33:07.264096+00:00
8c1b525e-437f-4715-95bc-f070c7ca4450,completed,2026-06-19 20:32:42.984696+00:00,2026-06-19 20:33:07.416111+00:00
66c724d9-8da1-4608-99cd-2bc5d4233ae2,completed,2026-06-19 20:32:43.785437+00:00,2026-06-19 20:33:08.649558+00:00
2be38eff-b4e0-42b7-8ab8-4252e4468022,completed,2026-06-19 20:32:43.891274+00:00,2026-06-19 20:33:08.807949+00:00
c030da47-7694-438b-91d4-8944fd907a62,completed,2026-06-19 20:32:43.985381+00:00,2026-06-19 20:33:08.965888+00:00
96017fd1-343e-4f9f-b37c-bc45d170bb22,completed,2026-06-19 20:32:44.200747+00:00,2026-06-19 20:33:09.257214+00:00
a4476426-f42f-4a90-9e9f-8925543764f6,completed,2026-06-19 20:32:44.386342+00:00,2026-06-19 20:33:09.558514+00:00
9903032e-f9cb-4707-99d2-8ed97932392b,completed,2026-06-19 20:32:44.584209+00:00,2026-06-19 20:33:09.873817+00:00
e29ddf00-5980-42a8-aac9-9664892f88cb,completed,2026-06-19 20:32:46.384505+00:00,2026-06-19 20:33:12.463520+00:00
a75ce205-42b4-4e94-8a46-ccb145d3403d,completed,2026-06-19 20:32:46.886094+00:00,2026-06-19 20:33:13.198730+00:00
2f8e232f-f92b-47a8-859f-411a92059c34,completed,2026-06-19 20:32:47.885273+00:00,2026-06-19 20:33:14.693902+00:00
678174f3-8fad-414e-a8bd-344b3ddc2945,completed,2026-06-19 20:32:48.591814+00:00,2026-06-19 20:33:15.689089+00:00
f2b1914d-a0c1-430a-987c-841bb89c61c7,completed,2026-06-19 20:32:48.684662+00:00,2026-06-19 20:33:15.828626+00:00
f5136e64-4c77-484a-bfcd-12c38a562f1f,completed,2026-06-19 20:32:48.885938+00:00,2026-06-19 20:33:16.122845+00:00
8c980f5b-2273-4b96-bd15-e1fbbe2c589d,completed,2026-06-19 20:32:49.885299+00:00,2026-06-19 20:33:17.560238+00:00
b0ce8a6f-4f67-4619-abc2-5ba805f24c93,completed,2026-06-19 20:32:50.284903+00:00,2026-06-19 20:33:18.173313+00:00
14abda7a-b917-4854-870a-f3f810cebaf6,completed,2026-06-19 20:32:21.935618+00:00,2026-06-19 20:32:35.341647+00:00
3af36590-451d-46fc-a184-593330d2b1bf,completed,2026-06-19 20:32:33.961127+00:00,2026-06-19 20:32:53.785739+00:00
db0e8773-4685-4b50-b1f0-e948dc5be0c0,completed,2026-06-19 20:32:34.161298+00:00,2026-06-19 20:32:54.057122+00:00
e84b49d3-4193-451e-bb23-001164a0bbdf,completed,2026-06-19 20:32:34.660787+00:00,2026-06-19 20:32:54.800882+00:00
3e5e1104-a384-4e95-b6ec-ce0e268ccb78,completed,2026-06-19 20:32:34.859975+00:00,2026-06-19 20:32:55.112609+00:00
a4efd6db-d5e4-414d-9986-c2319790c0f3,completed,2026-06-19 20:32:35.160989+00:00,2026-06-19 20:32:55.567533+00:00
0a262a4c-1f0d-4ef7-9ab8-e2badc7a7baa,completed,2026-06-19 20:32:36.661035+00:00,2026-06-19 20:32:57.818166+00:00
eb8140cc-c057-4d3d-9ca8-073a9fce28b2,completed,2026-06-19 20:32:36.761478+00:00,2026-06-19 20:32:57.971221+00:00
c30e9e9a-637f-4893-9af2-702f685e0fc3,completed,2026-06-19 20:32:37.262175+00:00,2026-06-19 20:32:58.721921+00:00
5d08cbe4-128a-4302-b362-3268b5c3c9b3,completed,2026-06-19 20:32:38.662187+00:00,2026-06-19 20:33:00.797162+00:00
2393c200-7d03-48f4-8a15-959d31144e4a,completed,2026-06-19 20:32:39.861734+00:00,2026-06-19 20:33:02.701938+00:00
4802f5ee-e98c-4e06-b97b-9cfa279c3a46,completed,2026-06-19 20:32:40.360078+00:00,2026-06-19 20:33:03.415487+00:00
0c57e934-c7fe-4f47-83dc-910a4032d7c4,completed,2026-06-19 20:32:41.264598+00:00,2026-06-19 20:33:04.813094+00:00
6ddf9970-12e2-4863-9330-94b2156169a6,completed,2026-06-19 20:32:41.760825+00:00,2026-06-19 20:33:05.579742+00:00
5efb9d97-28ac-4dca-981d-5d857e306101,completed,2026-06-19 20:32:43.762118+00:00,2026-06-19 20:33:08.539587+00:00
c36131ae-4052-4b20-adf1-7a22a4b4da62,completed,2026-06-19 20:32:43.962333+00:00,2026-06-19 20:33:08.834582+00:00
12fa5482-cb74-4ae6-a8aa-1cf6203bfe92,completed,2026-06-19 20:32:45.162203+00:00,2026-06-19 20:33:10.623348+00:00
fa7d152a-b0d1-4615-b0c4-04ffb4831dc8,completed,2026-06-19 20:32:45.261219+00:00,2026-06-19 20:33:10.795638+00:00
b6eddd7f-2fbe-4125-92bb-160b5235b9ff,completed,2026-06-19 20:32:45.661282+00:00,2026-06-19 20:33:11.413733+00:00
88c49399-667d-440a-9d72-e7504e765eeb,completed,2026-06-19 20:32:45.961343+00:00,2026-06-19 20:33:11.859959+00:00
15c5e8f6-6cf4-46d4-835b-938d5cbb363d,completed,2026-06-19 20:32:46.362179+00:00,2026-06-19 20:33:12.441605+00:00
cd396789-c492-4d64-82c7-1dd67ed4cf76,completed,2026-06-19 20:32:47.361180+00:00,2026-06-19 20:33:13.957889+00:00
db5c4582-c5f1-4469-b57a-071028940e6a,completed,2026-06-19 20:32:47.761301+00:00,2026-06-19 20:33:14.529884+00:00
6c60f49b-a54e-40e1-b1d3-58f5bbb8c868,completed,2026-06-19 20:32:47.958977+00:00,2026-06-19 20:33:14.824384+00:00
49b94797-d7b6-47a4-a825-68d063e789f7,completed,2026-06-19 20:32:48.059413+00:00,2026-06-19 20:33:14.967227+00:00
42113335-0515-4b94-ba68-618210673eac,completed,2026-06-19 20:32:48.159168+00:00,2026-06-19 20:33:15.100281+00:00
184ea1f3-6d64-4354-8a41-818caa98bb11,completed,2026-06-19 20:32:49.163007+00:00,2026-06-19 20:33:16.554345+00:00
5bd43d62-9c2c-4d7a-b4a0-498b482f6aa3,completed,2026-06-19 20:32:49.462020+00:00,2026-06-19 20:33:16.966002+00:00
ab637e3a-bc78-448c-b54a-4efcfb468f1d,completed,2026-06-19 20:32:49.862456+00:00,2026-06-19 20:33:17.556283+00:00
6c496915-e793-43f9-a63a-37332b0a4f2f,completed,2026-06-19 20:32:50.260921+00:00,2026-06-19 20:33:18.155912+00:00
16451346-90d4-48ca-923e-d0d26cde0c77,completed,2026-06-19 20:32:30.010352+00:00,2026-06-19 20:32:47.935456+00:00
14994a16-84bd-4f0e-b23c-0a0f33400683,completed,2026-06-19 20:32:33.460525+00:00,2026-06-19 20:32:53.065863+00:00
cc4f982a-2c62-46f5-95f5-6eac3e166c5e,completed,2026-06-19 20:32:36.410644+00:00,2026-06-19 20:32:57.446496+00:00
5ce64889-f891-49d6-b58e-6b6577117a5e,completed,2026-06-19 20:32:39.337439+00:00,2026-06-19 20:33:01.816336+00:00
96b92f91-dd89-4d02-b9f8-6bf9f6a5a94d,completed,2026-06-19 20:32:46.284339+00:00,2026-06-19 20:33:12.311594+00:00
03ad8b2a-7f45-48af-81bb-be86d867c55f,completed,2026-06-19 20:32:51.610159+00:00,2026-06-19 20:33:20.140873+00:00
26272ef9-0908-41c4-b306-13106c09ef35,completed,2026-06-19 20:32:53.263463+00:00,2026-06-19 20:33:22.588227+00:00
15e0e50c-962d-427d-886a-9b2eb9740bdb,completed,2026-06-19 20:32:30.869462+00:00,2026-06-19 20:32:49.164871+00:00
ac8b6506-6e14-4b10-8c53-09b66ed27ac7,failed,2026-06-19 20:32:56.434887+00:00,2026-06-19 20:33:26.461255+00:00
c9ef7bf4-20b5-4896-b4ff-781ec01b547e,completed,2026-06-19 20:32:49.434953+00:00,2026-06-19 20:33:16.945140+00:00
fa8e9403-2f03-4c3c-a35b-a92684f8719b,completed,2026-06-19 20:32:50.036152+00:00,2026-06-19 20:33:17.853707+00:00
3afcc9aa-3c8b-4ba9-8efa-eed703f78aeb,completed,2026-06-19 20:32:50.134549+00:00,2026-06-19 20:33:17.993394+00:00
9a9911af-5e69-4823-8c96-e293d14bbcca,completed,2026-06-19 20:32:50.435157+00:00,2026-06-19 20:33:18.426587+00:00
f282d817-f6e1-4f75-8be9-69488a0e26a0,completed,2026-06-19 20:32:50.736785+00:00,2026-06-19 20:33:18.842125+00:00
d08c3d23-90b7-40d7-a3c9-851a6da3b48a,completed,2026-06-19 20:32:52.035803+00:00,2026-06-19 20:33:20.773560+00:00
6999345e-3ef4-4376-bfc1-3ef9ba962cb4,completed,2026-06-19 20:32:52.132970+00:00,2026-06-19 20:33:20.926304+00:00
a290a6ed-2699-47f0-970c-bb5296920c58,completed,2026-06-19 20:32:52.633864+00:00,2026-06-19 20:33:21.677399+00:00
0b9351dc-2f58-4884-bdd8-7639b99d82fa,completed,2026-06-19 20:32:52.933581+00:00,2026-06-19 20:33:22.123027+00:00
d704e109-ebea-43bf-aa0c-a49869d3780e,completed,2026-06-19 20:32:53.134773+00:00,2026-06-19 20:33:22.396349+00:00
a7ffd8db-85bd-4e67-896c-f077c0bde797,completed,2026-06-19 20:32:53.635357+00:00,2026-06-19 20:33:23.127536+00:00
ed0aff19-b0ab-4cde-82b5-8b307572b764,completed,2026-06-19 20:32:53.734872+00:00,2026-06-19 20:33:23.272472+00:00
2fc51fcb-ec8f-4029-9d47-5358b68209f7,completed,2026-06-19 20:32:54.049754+00:00,2026-06-19 20:33:23.691175+00:00
308b4d47-384e-4cc4-bb91-9a4e21208063,completed,2026-06-19 20:32:54.333826+00:00,2026-06-19 20:33:24.114932+00:00
26736cb7-b71c-4c62-b610-453268b11d39,completed,2026-06-19 20:32:54.435601+00:00,2026-06-19 20:33:24.258075+00:00
84d0a1da-e6da-4d20-895a-c37bb0c1dfc4,completed,2026-06-19 20:32:54.734719+00:00,2026-06-19 20:33:24.698617+00:00
ad52f1ba-ef0b-4b45-bb12-dba273efb579,completed,2026-06-19 20:32:56.042234+00:00,2026-06-19 20:33:26.153810+00:00
add76532-233d-4146-9011-1fe2c56f0953,failed,2026-06-19 20:32:56.733421+00:00,2026-06-19 20:33:26.752816+00:00
b6ed766a-2680-41c4-a556-e9fdebeca34c,completed,2026-06-19 20:32:56.935034+00:00,2026-06-19 20:33:27.052744+00:00
7998bc73-9e27-49ca-9977-2e87e575810d,failed,2026-06-19 20:32:59.236030+00:00,2026-06-19 20:33:29.238138+00:00
71f73602-564e-4770-b60d-07f5611e098d,completed,2026-06-19 20:32:56.842456+00:00,2026-06-19 20:33:26.932990+00:00
e6b3a2aa-68bc-44c2-998f-61c9abb7bcfd,completed,2026-06-19 20:32:57.134593+00:00,2026-06-19 20:33:27.216480+00:00
6ac9572f-898c-4ed8-9503-99ce65b9e25d,completed,2026-06-19 20:32:57.334100+00:00,2026-06-19 20:33:27.484255+00:00
9585d335-a1d9-4f6b-bef6-26fac516a6fe,completed,2026-06-19 20:32:57.838234+00:00,2026-06-19 20:33:27.948794+00:00
7506bcb6-dade-42ab-ba8b-5a2f7ea28e91,completed,2026-06-19 20:32:58.534462+00:00,2026-06-19 20:33:28.665644+00:00
59ce0bf4-09a5-48d7-8d4b-be620b36335d,failed,2026-06-19 20:33:00.038516+00:00,2026-06-19 20:33:30.054965+00:00
105ff8d9-b180-498d-aca0-01b772f47f3f,completed,2026-06-19 20:32:59.736158+00:00,2026-06-19 20:33:29.883291+00:00
449f80c4-b0b5-42c4-b32c-1542e1fa31da,failed,2026-06-19 20:33:00.334164+00:00,2026-06-19 20:33:30.372393+00:00
30f3c14f-97ae-4e5e-b849-2aafc632f534,completed,2026-06-19 20:32:32.185034+00:00,2026-06-19 20:32:51.113869+00:00
9e38303f-6022-4f80-988b-1fee67c1fdda,completed,2026-06-19 20:32:33.183890+00:00,2026-06-19 20:32:52.638395+00:00
17c08afd-dd9c-4fcb-b945-3ea3ada59936,completed,2026-06-19 20:32:33.288164+00:00,2026-06-19 20:32:52.793682+00:00
e4300324-7c12-40b2-a930-5ea63893f31e,completed,2026-06-19 20:32:35.763518+00:00,2026-06-19 20:32:56.479543+00:00
e74b542a-9167-4988-844b-6aa475cc3501,completed,2026-06-19 20:32:35.935469+00:00,2026-06-19 20:32:56.748121+00:00
19d230d5-efc6-416a-896c-9fdce077928c,completed,2026-06-19 20:32:38.184964+00:00,2026-06-19 20:33:00.091874+00:00
29be16b3-84d2-4b02-aedf-9323c7322740,completed,2026-06-19 20:32:40.613877+00:00,2026-06-19 20:33:03.842040+00:00
87ff509f-3fbf-4870-80ec-6ae455ddd404,completed,2026-06-19 20:32:42.660869+00:00,2026-06-19 20:33:06.978851+00:00
d696caf1-776b-48ac-b9fc-aa83e72220ad,completed,2026-06-19 20:32:51.139063+00:00,2026-06-19 20:33:19.443398+00:00
70b02884-2946-462a-8368-387585be9193,completed,2026-06-19 20:32:53.509595+00:00,2026-06-19 20:33:22.947066+00:00
ccd83aa8-5379-4269-bada-56c330bee2d5,failed,2026-06-19 20:32:59.509793+00:00,2026-06-19 20:33:29.525107+00:00
62803698-e975-4d8c-a319-25510a4c9186,failed,2026-06-19 20:32:55.585284+00:00,2026-06-19 20:33:25.590621+00:00
0e35c410-2c06-4d4b-99b4-0a83bbcdc35a,completed,2026-06-19 20:32:51.685929+00:00,2026-06-19 20:33:20.218353+00:00
6d0048f6-0f41-4a72-9150-b872735d2827,completed,2026-06-19 20:32:52.284369+00:00,2026-06-19 20:33:21.172902+00:00
68f0d687-f3d0-4c71-9d68-7bf1a2627c66,completed,2026-06-19 20:32:52.388428+00:00,2026-06-19 20:33:21.310845+00:00
6ded6b1f-a63c-4330-9d53-c574b58ef9af,completed,2026-06-19 20:32:52.883954+00:00,2026-06-19 20:33:22.042963+00:00
40b74f5b-8a80-49f7-86e8-5103f1807fa8,completed,2026-06-19 20:32:52.985902+00:00,2026-06-19 20:33:22.185014+00:00
9f8e2406-3881-4b31-b7fc-a350ef8aadf5,completed,2026-06-19 20:32:53.185124+00:00,2026-06-19 20:33:22.472072+00:00
43c2bcdd-ec80-4b9d-b227-b02052e97c4f,completed,2026-06-19 20:32:53.883726+00:00,2026-06-19 20:33:23.468252+00:00
289c37ec-d534-4b5e-b590-1109a68ab58c,failed,2026-06-19 20:32:56.285018+00:00,2026-06-19 20:33:26.304234+00:00
8975ffec-8c29-4461-a458-1e3e96115b29,failed,2026-06-19 20:32:57.186829+00:00,2026-06-19 20:33:27.199568+00:00
d0054bb8-83e8-4781-9ab4-a990fd8e137a,failed,2026-06-19 20:32:58.083904+00:00,2026-06-19 20:33:28.079203+00:00
0b01ec75-aa9c-4792-8826-4347a8bdb537,completed,2026-06-19 20:32:57.487218+00:00,2026-06-19 20:33:27.616625+00:00
22386c03-5668-4037-8737-306316645be9,failed,2026-06-19 20:32:57.788706+00:00,2026-06-19 20:33:27.793030+00:00
1c736bb0-9f11-48f6-a05c-2fb7a295bae0,completed,2026-06-19 20:32:57.683414+00:00,2026-06-19 20:33:27.802819+00:00
2cc91a5c-0f03-4b0b-81cb-6ab71b4bde76,failed,2026-06-19 20:32:59.384800+00:00,2026-06-19 20:33:29.384815+00:00
593ef611-dc12-44d5-a632-ca87108aa0c2,failed,2026-06-19 20:33:00.185933+00:00,2026-06-19 20:33:30.225203+00:00
dfa6facd-b9b1-4161-83a9-572b6f9e6b36,completed,2026-06-19 20:32:59.583521+00:00,2026-06-19 20:33:29.730729+00:00
152c682c-2ce1-47ad-b387-f7cd384562a0,failed,2026-06-19 20:33:00.785433+00:00,2026-06-19 20:33:30.815855+00:00
33f177b6-94a9-4665-bfb5-802b15170adb,failed,2026-06-19 20:33:00.883238+00:00,2026-06-19 20:33:30.891123+00:00
86ef1913-8f7f-49f9-9661-c7346ede2828,failed,2026-06-19 20:33:01.385067+00:00,2026-06-19 20:33:31.390942+00:00
cc90a263-8210-4d82-a64d-122c2107d174,completed,2026-06-19 20:33:00.988489+00:00,2026-06-19 20:33:31.131200+00:00
36bf77d5-c74c-4abd-880c-5cb056740c4b,completed,2026-06-19 20:33:01.185057+00:00,2026-06-19 20:33:31.320676+00:00
6b57f58b-c99e-4154-b36f-e52bf098cf5e,failed,2026-06-19 20:33:03.882681+00:00,2026-06-19 20:33:33.877635+00:00
fddf2914-ca74-4134-8790-ae3df3fdb28e,completed,2026-06-19 20:33:03.183305+00:00,2026-06-19 20:33:33.325684+00:00
c2ba7be9-496d-4a77-b427-e7df6106755a,completed,2026-06-19 20:33:03.485601+00:00,2026-06-19 20:33:33.601235+00:00
0d40e582-1673-4846-81d9-389f708f64b8,completed,2026-06-19 20:33:03.684856+00:00,2026-06-19 20:33:33.790036+00:00
9772bb50-203a-4e1e-a554-125d9569987c,failed,2026-06-19 20:33:05.085082+00:00,2026-06-19 20:33:35.091136+00:00
8c7a20c7-1d54-4da9-a995-75ebedd43b2d,completed,2026-06-19 20:33:04.283032+00:00,2026-06-19 20:33:34.380973+00:00
52cc9729-5eb5-4a3a-8e7a-7a183714325e,completed,2026-06-19 20:33:05.585426+00:00,2026-06-19 20:33:35.714976+00:00
41d41734-ca8f-4236-be5a-783e7d4d1571,completed,2026-06-19 20:33:06.085940+00:00,2026-06-19 20:33:36.202163+00:00
777701b7-1b53-49d6-8d6e-5671d886b908,completed,2026-06-19 20:32:33.236622+00:00,2026-06-19 20:32:52.708468+00:00
557b4029-fa4c-4a74-bde1-f140ff4c0b53,completed,2026-06-19 20:32:42.784859+00:00,2026-06-19 20:33:07.126557+00:00
9067518e-1685-44de-aad0-81f578ada0b9,completed,2026-06-19 20:32:55.259619+00:00,2026-06-19 20:33:25.381760+00:00
ffca1558-77e7-4f20-b4fd-33899bbe9d4d,completed,2026-06-19 20:32:51.663639+00:00,2026-06-19 20:33:20.213853+00:00
b2633db4-820d-4375-bca6-7e0b65d87d54,completed,2026-06-19 20:32:51.762013+00:00,2026-06-19 20:33:20.369181+00:00
45ba9323-99fb-446f-9efc-f53d9f882853,completed,2026-06-19 20:32:51.959818+00:00,2026-06-19 20:33:20.645483+00:00
42bdfa2a-6b8c-4004-ac43-b6d1eab3bc89,completed,2026-06-19 20:32:52.760759+00:00,2026-06-19 20:33:21.821223+00:00
ae8d196c-5fbb-4675-8f0b-c7f07da9b2ac,completed,2026-06-19 20:32:54.663433+00:00,2026-06-19 20:33:24.604696+00:00
537da27f-29fd-4cf4-bfe9-4aeb0ca61d12,failed,2026-06-19 20:32:57.558477+00:00,2026-06-19 20:33:27.579213+00:00
418684eb-10b7-4482-aa81-b2b202edd3ba,completed,2026-06-19 20:32:55.158645+00:00,2026-06-19 20:33:25.297667+00:00
cb9b324e-333e-4d71-8989-0ec54bfea98f,completed,2026-06-19 20:32:55.761273+00:00,2026-06-19 20:33:25.877807+00:00
856ac92a-9ee0-425a-b10f-7b05174b0a88,failed,2026-06-19 20:32:56.261901+00:00,2026-06-19 20:33:26.300059+00:00
77ab1382-69fc-4f12-a440-f4d236330737,completed,2026-06-19 20:32:56.160179+00:00,2026-06-19 20:33:26.303484+00:00
be0e6a65-1de4-4948-ad91-264381614c73,failed,2026-06-19 20:32:58.360091+00:00,2026-06-19 20:33:28.359568+00:00
dd53c770-5f8e-42e0-b582-d5a7ec17b776,completed,2026-06-19 20:32:57.766838+00:00,2026-06-19 20:33:27.888922+00:00
66cec6e5-cb12-4bfd-93ae-b021f3f39077,failed,2026-06-19 20:33:01.461980+00:00,2026-06-19 20:33:31.467628+00:00
02ada590-4bcf-49a9-8a18-0c99363b58ee,completed,2026-06-19 20:32:59.259532+00:00,2026-06-19 20:33:29.394075+00:00
f912fd6c-e29d-4648-9ef8-28280c232d81,completed,2026-06-19 20:33:00.859507+00:00,2026-06-19 20:33:30.973962+00:00
732e1a8a-40c5-4a8e-b810-9bcd50a8f03e,failed,2026-06-19 20:33:02.660813+00:00,2026-06-19 20:33:32.688003+00:00
a428bb1d-ba3f-47bf-87dd-d8996f09e575,completed,2026-06-19 20:33:01.960904+00:00,2026-06-19 20:33:32.078990+00:00
7fd66cf0-7350-4f40-ace1-62fedce933a3,failed,2026-06-19 20:33:03.859894+00:00,2026-06-19 20:33:33.873730+00:00
1ae43c54-7e1a-49bf-9986-3522b30e2d57,completed,2026-06-19 20:33:03.659904+00:00,2026-06-19 20:33:33.750775+00:00
86e3f830-359f-4177-b581-510747a36c92,completed,2026-06-19 20:33:04.764762+00:00,2026-06-19 20:33:34.880149+00:00
52ca221a-4a37-4c01-9253-165c8af33f56,failed,2026-06-19 20:33:06.158952+00:00,2026-06-19 20:33:36.159840+00:00
b5bcba9e-58fa-40ff-9da8-492856b3245e,completed,2026-06-19 20:33:04.958043+00:00,2026-06-19 20:33:35.087215+00:00
3247ff70-13aa-4357-84ea-68a56d6d7051,completed,2026-06-19 20:33:05.460074+00:00,2026-06-19 20:33:35.588329+00:00
c6ec3339-d1c4-45a6-ad7f-0318f50cf810,failed,2026-06-19 20:33:05.859980+00:00,2026-06-19 20:33:35.862282+00:00
798f9981-06ff-4d5b-b8a7-696fc8608dde,completed,2026-06-19 20:33:05.759116+00:00,2026-06-19 20:33:35.865725+00:00
d3181e03-9a2a-44d2-9af7-23a5a638377b,failed,2026-06-19 20:33:07.158164+00:00,2026-06-19 20:33:37.153987+00:00
a22dbf7f-dd52-4c68-95f4-398bd7c51aee,completed,2026-06-19 20:33:07.657912+00:00,2026-06-19 20:33:37.767660+00:00
c5098e12-d8ee-4ba0-ac59-c1f7927517d0,failed,2026-06-19 20:32:55.711372+00:00,2026-06-19 20:33:25.732232+00:00
f09383d1-5cdb-4bee-974e-f08c7322acd0,completed,2026-06-19 20:32:53.610106+00:00,2026-06-19 20:33:23.089031+00:00
2314ff1f-5fb6-439b-8413-793591a21d1b,completed,2026-06-19 20:32:53.810368+00:00,2026-06-19 20:33:23.374045+00:00
2742e214-ccde-4aaa-a3fd-653bf7450398,completed,2026-06-19 20:32:55.011543+00:00,2026-06-19 20:33:25.096919+00:00
2a39fb3b-0785-43e7-bd0f-21cfbc83272b,completed,2026-06-19 20:32:55.109611+00:00,2026-06-19 20:33:25.237171+00:00
02047188-e744-4165-a9dc-99ec6af3082e,completed,2026-06-19 20:32:55.609479+00:00,2026-06-19 20:33:25.730439+00:00
fba19685-fde1-4542-992d-fa8ef6965e72,failed,2026-06-19 20:32:56.110352+00:00,2026-06-19 20:33:26.142296+00:00
39513dcf-7ff5-426f-8cef-c83b7598bf93,failed,2026-06-19 20:32:56.709153+00:00,2026-06-19 20:33:26.748346+00:00
595950eb-2381-407d-bc54-75d2f4e56947,completed,2026-06-19 20:32:56.209054+00:00,2026-06-19 20:33:26.309704+00:00
25ad1c90-1126-41cb-a47b-70dc783b5dd4,failed,2026-06-19 20:32:59.009326+00:00,2026-06-19 20:33:29.064651+00:00
62ce7853-f153-48aa-b4ce-61f5089b748b,completed,2026-06-19 20:32:57.209500+00:00,2026-06-19 20:33:27.357089+00:00
41308e04-3607-4a71-bb18-21891ec0c273,completed,2026-06-19 20:32:57.510064+00:00,2026-06-19 20:33:27.640147+00:00
843b9649-33c4-4dc7-a58e-5e350ab4d8a9,completed,2026-06-19 20:32:58.210031+00:00,2026-06-19 20:33:28.355238+00:00
560fc61d-7232-4a4e-bf4f-594defccc9d1,completed,2026-06-19 20:32:58.808904+00:00,2026-06-19 20:33:28.916851+00:00
b22386d1-1d11-4872-b627-6409b98b7ea6,failed,2026-06-19 20:32:59.911149+00:00,2026-06-19 20:33:29.933782+00:00
420b0e5b-fc95-448a-a3b9-a9c9f234b075,failed,2026-06-19 20:33:01.209499+00:00,2026-06-19 20:33:31.251613+00:00
a63460e4-8261-41b2-9a31-6f45bd94f423,completed,2026-06-19 20:33:00.009091+00:00,2026-06-19 20:33:30.118917+00:00
a8bbc9af-e2a6-424c-8029-4be1be97a7dc,completed,2026-06-19 20:33:01.008835+00:00,2026-06-19 20:33:31.101979+00:00
7d3a7547-01bb-4125-bb77-f67b86f57575,failed,2026-06-19 20:33:04.312979+00:00,2026-06-19 20:33:34.320503+00:00
75552688-ea9e-4ba6-ad47-b05370b6e152,completed,2026-06-19 20:33:03.211333+00:00,2026-06-19 20:33:33.315995+00:00
b96f514a-ad04-468d-af86-f9019a00cc74,completed,2026-06-19 20:33:03.409787+00:00,2026-06-19 20:33:33.457554+00:00
11373e4f-5a41-4148-807a-15e41d5499d5,completed,2026-06-19 20:33:04.119843+00:00,2026-06-19 20:33:34.225666+00:00
089d06b4-3660-4b02-87f8-b174437b3aac,failed,2026-06-19 20:33:05.013597+00:00,2026-06-19 20:33:35.016807+00:00
b8b46d73-3483-4623-a229-93cea370712c,failed,2026-06-19 20:33:05.510756+00:00,2026-06-19 20:33:35.569932+00:00
6be5ea67-8f27-4702-bbd3-40f3c5177ed5,completed,2026-06-19 20:33:05.410189+00:00,2026-06-19 20:33:35.565689+00:00
72cf7658-36ab-4f76-bca6-809fd6611f63,failed,2026-06-19 20:33:05.707973+00:00,2026-06-19 20:33:35.724525+00:00
dcff36f3-1abb-4ce3-b4c7-fb9bdff29433,failed,2026-06-19 20:33:06.011633+00:00,2026-06-19 20:33:36.014201+00:00
c465ce60-e68a-4951-abf4-3b9f5b68d9fe,failed,2026-06-19 20:33:10.329120+00:00,2026-06-19 20:33:40.350980+00:00
16c05c1c-dd34-4c5d-a6b7-22079f4cfd3e,completed,2026-06-19 20:33:07.207823+00:00,2026-06-19 20:33:37.289711+00:00
b19d36d0-bc2d-41bf-b9ef-61a12f1ebb70,failed,2026-06-19 20:33:10.433474+00:00,2026-06-19 20:33:40.447711+00:00
0ec8a695-ee7e-4483-a84c-16d453ac0a28,completed,2026-06-19 20:33:03.037191+00:00,2026-06-19 20:33:33.175289+00:00
523f8ccd-e5b3-4ef3-aef5-84953b8bfe98,failed,2026-06-19 20:33:03.435880+00:00,2026-06-19 20:33:33.461650+00:00
ddcc8c06-1c32-495b-9f77-ed30f94783b3,completed,2026-06-19 20:33:02.936501+00:00,2026-06-19 20:33:33.054797+00:00
a9ea82d0-62b3-4bbd-a022-888224afd126,completed,2026-06-19 20:33:03.232842+00:00,2026-06-19 20:33:33.320805+00:00
1981730e-1efb-4b6d-a9a4-adbcd0060d8a,failed,2026-06-19 20:33:04.737983+00:00,2026-06-19 20:33:34.750276+00:00
9cc44091-cdbb-4a0d-abbf-41b814d9cdc4,completed,2026-06-19 20:33:04.234167+00:00,2026-06-19 20:33:34.322099+00:00
1d2b8653-7dad-4875-a852-d1ceb2df30a5,completed,2026-06-19 20:33:04.334140+00:00,2026-06-19 20:33:34.466195+00:00
6eabc4cc-43c1-431a-a8e5-bb83bb0a0c62,completed,2026-06-19 20:33:04.634487+00:00,2026-06-19 20:33:34.746268+00:00
846e7a46-db9b-4b7b-bbe9-a0f29ebc6c02,failed,2026-06-19 20:33:06.133607+00:00,2026-06-19 20:33:36.155207+00:00
f597bdd7-396b-41ab-82f5-4a906d8e3aaa,completed,2026-06-19 20:33:05.134530+00:00,2026-06-19 20:33:35.260719+00:00
59ed8383-f038-483f-8008-4cc72a0e0296,completed,2026-06-19 20:33:10.355480+00:00,2026-06-19 20:33:40.493628+00:00
8edbefa6-5540-47b8-8fa2-33731e9a87f9,completed,2026-06-19 20:33:06.732832+00:00,2026-06-19 20:33:36.854304+00:00
17d3e0ed-a204-4316-a96e-e8322d0c833e,completed,2026-06-19 20:33:07.934479+00:00,2026-06-19 20:33:38.064876+00:00
9ed363b3-edad-4c72-a3ad-69d9c556935a,completed,2026-06-19 20:33:09.639614+00:00,2026-06-19 20:33:39.743502+00:00
162ac6d0-49d2-4f3c-a5b9-d875ba8645ae,completed,2026-06-19 20:33:09.942756+00:00,2026-06-19 20:33:40.059029+00:00
5db763db-00fe-498b-84b4-f658da3ae64c,completed,2026-06-19 20:33:10.566701+00:00,2026-06-19 20:33:40.633918+00:00
debc28bf-87eb-483c-bf8b-4f76c1e54ea3,completed,2026-06-19 20:33:10.990123+00:00,2026-06-19 20:33:41.063954+00:00
f380ddec-7c29-4765-85c7-310293bd704c,completed,2026-06-19 20:33:11.523715+00:00,2026-06-19 20:33:41.664392+00:00
22fe8c08-8a59-4c21-8375-165a7e415f9c,completed,2026-06-19 20:33:11.744773+00:00,2026-06-19 20:33:41.821218+00:00
4f9d2283-9a70-432e-b752-ad96b3bfbc6f,completed,2026-06-19 20:33:12.742379+00:00,2026-06-19 20:33:42.861690+00:00
ea82fee8-e218-4797-a2fc-8075087affec,completed,2026-06-19 20:33:13.430109+00:00,2026-06-19 20:33:43.566175+00:00
a1e03577-b58b-489f-acc7-83f961c677cf,completed,2026-06-19 20:33:14.990564+00:00,2026-06-19 20:33:45.100310+00:00
617d2508-59db-4643-a131-1f7a0bbd59de,completed,2026-06-19 20:33:16.398134+00:00,2026-06-19 20:33:46.514014+00:00
9045db12-a1fe-40e3-8e58-a0b41f5c6db7,completed,2026-06-19 20:33:16.926646+00:00,2026-06-19 20:33:47.004042+00:00
de5f158a-9e5b-4996-a28a-64bd5cca45f0,completed,2026-06-19 20:33:18.316573+00:00,2026-06-19 20:33:48.423220+00:00
581d1327-2334-4b13-a866-461a30f40a33,completed,2026-06-19 20:33:18.459609+00:00,2026-06-19 20:33:48.560449+00:00
b8d181e0-b91e-421e-9563-62306b718900,completed,2026-06-19 20:33:19.045419+00:00,2026-06-19 20:33:49.095528+00:00
1cfb14db-610c-4857-8e6b-205cb68c6f03,completed,2026-06-19 20:33:19.650405+00:00,2026-06-19 20:33:49.677057+00:00
237983e0-5b8f-4744-b95c-2dae63f92a38,completed,2026-06-19 20:33:20.754648+00:00,2026-06-19 20:33:50.715008+00:00
af4a3251-ade5-46c4-b2f9-8dc04fedd5e7,completed,2026-06-19 20:33:21.083603+00:00,2026-06-19 20:33:50.992953+00:00
e29ccff0-6ddf-4d16-ace6-2253123768b2,failed,2026-06-19 20:33:06.285397+00:00,2026-06-19 20:33:36.303741+00:00
2212aba6-5bb7-46ba-a0c6-85fde456e57a,failed,2026-06-19 20:33:07.584968+00:00,2026-06-19 20:33:37.584515+00:00
a78b56e4-fa1f-4ddc-8049-d550d5f21745,completed,2026-06-19 20:33:06.683145+00:00,2026-06-19 20:33:36.840205+00:00
09d44ec6-7c2d-49b8-8545-31a3eae46248,failed,2026-06-19 20:33:07.985170+00:00,2026-06-19 20:33:38.011597+00:00
e388b758-3d55-4f1c-9627-7d04c41b8fb8,failed,2026-06-19 20:33:11.146793+00:00,2026-06-19 20:33:41.154990+00:00
537b940b-780a-49ff-9bd6-03cc3adc3135,completed,2026-06-19 20:33:08.887915+00:00,2026-06-19 20:33:38.981250+00:00
c945f5af-68e5-44a3-b615-e6c33263760c,completed,2026-06-19 20:33:09.593009+00:00,2026-06-19 20:33:39.690956+00:00
5f2f241b-07b6-4b33-bb31-fdcc253646fc,completed,2026-06-19 20:33:10.096584+00:00,2026-06-19 20:33:40.206098+00:00
847dc2f6-8985-43e2-974e-132ee048b992,completed,2026-06-19 20:33:10.937865+00:00,2026-06-19 20:33:41.066475+00:00
7599bbf4-6168-4b57-8bed-20ee069d752a,failed,2026-06-19 20:33:12.572163+00:00,2026-06-19 20:33:42.571532+00:00
bdc64323-642a-4f3c-bda4-39bb9f1eee4a,failed,2026-06-19 20:33:13.960060+00:00,2026-06-19 20:33:43.969782+00:00
d08138dd-8986-46d9-b1b3-fe83e414f8ea,completed,2026-06-19 20:33:12.695735+00:00,2026-06-19 20:33:42.790229+00:00
987dd8eb-680d-48c0-95c2-15a54f51affc,completed,2026-06-19 20:33:13.027310+00:00,2026-06-19 20:33:43.146812+00:00
c158aabf-ee7d-4d1f-8ec2-694ed1764b3a,completed,2026-06-19 20:33:13.839429+00:00,2026-06-19 20:33:43.965775+00:00
5737592a-31f8-4d39-af31-eadb3ee42fdb,failed,2026-06-19 20:33:14.318304+00:00,2026-06-19 20:33:44.314515+00:00
e6712bc8-ebeb-4ecb-9a28-125d949780da,completed,2026-06-19 20:33:14.813924+00:00,2026-06-19 20:33:44.936801+00:00
0eb20edd-2fad-4e60-84b6-e2f40713d1ce,completed,2026-06-19 20:33:15.056662+00:00,2026-06-19 20:33:45.151875+00:00
34b11f9f-114d-4dff-8b56-a6d1c8f9bfca,completed,2026-06-19 20:33:15.304356+00:00,2026-06-19 20:33:45.440649+00:00
b5c1d37e-ed5b-400e-b70f-6377e4719aaa,completed,2026-06-19 20:33:15.681301+00:00,2026-06-19 20:33:45.806706+00:00
4d104b63-352c-4b9b-890f-e909dfe4c613,completed,2026-06-19 20:33:16.196875+00:00,2026-06-19 20:33:46.280060+00:00
9ee461f3-3c2b-4c1f-bbd5-3a562b4a8b2e,completed,2026-06-19 20:33:16.996931+00:00,2026-06-19 20:33:47.079251+00:00
4ba1ec55-115b-4e06-af9f-b67c2ea65e97,completed,2026-06-19 20:33:17.128429+00:00,2026-06-19 20:33:47.207862+00:00
d482c0c3-2319-463d-87aa-b640b49e858a,completed,2026-06-19 20:33:18.100619+00:00,2026-06-19 20:33:48.194976+00:00
f227a3d0-62b6-4a25-9f0d-8b8e837374b4,completed,2026-06-19 20:33:19.120058+00:00,2026-06-19 20:33:49.188262+00:00
5a5cb879-3c17-473d-9626-d9c1ee743f85,completed,2026-06-19 20:33:19.883554+00:00,2026-06-19 20:33:49.914011+00:00
8d84d309-9dc7-46ee-86a8-cab717f9e108,completed,2026-06-19 20:33:21.332368+00:00,2026-06-19 20:33:51.154818+00:00
0e905f9d-226b-4071-b28d-0bb7df3614fe,completed,2026-06-19 20:33:23.286482+00:00,2026-06-19 20:33:52.775527+00:00
66d30419-795f-41e7-a5e9-44d09e320d32,completed,2026-06-19 20:33:24.665053+00:00,2026-06-19 20:33:53.733152+00:00
5ced4ed9-2ff6-4bb9-89bc-c820618cc160,completed,2026-06-19 20:33:25.513598+00:00,2026-06-19 20:33:54.312288+00:00
25145968-f2ef-4b4d-869d-c4c1b5fefebf,completed,2026-06-19 20:33:25.959605+00:00,2026-06-19 20:33:54.586250+00:00
a123df43-968f-45da-a4db-d8a226747fed,failed,2026-06-19 20:33:07.862318+00:00,2026-06-19 20:33:37.858315+00:00
2b40ad04-4f8b-4178-9b13-2e6129a7989b,completed,2026-06-19 20:33:09.458309+00:00,2026-06-19 20:33:39.596982+00:00
099dbb55-ee56-4378-bb5d-c0e6bf3a329e,completed,2026-06-19 20:33:08.461635+00:00,2026-06-19 20:33:38.516456+00:00
9a89553d-bd72-4047-b9b3-fa349ac51909,failed,2026-06-19 20:33:08.659554+00:00,2026-06-19 20:33:38.667760+00:00
692a8112-bb45-43c7-a4c5-0bd9ef2538a6,completed,2026-06-19 20:33:21.630024+00:00,2026-06-19 20:33:51.420718+00:00
f8eb4273-bc4f-4083-ac3f-38b65f483fd1,completed,2026-06-19 20:33:11.123439+00:00,2026-06-19 20:33:41.234151+00:00
2a71dc47-b419-40a1-b3f5-a2285ef1beda,completed,2026-06-19 20:33:09.358829+00:00,2026-06-19 20:33:39.537430+00:00
9f88d1ea-ac37-43b3-ab1c-cd9bfde56a0f,failed,2026-06-19 20:33:11.334699+00:00,2026-06-19 20:33:41.336454+00:00
516555bf-55aa-4058-ac23-fc04b69751a4,completed,2026-06-19 20:33:09.977530+00:00,2026-06-19 20:33:40.092342+00:00
b2c4569b-966e-4a05-b474-b3bfd496e48b,completed,2026-06-19 20:33:10.071464+00:00,2026-06-19 20:33:40.197318+00:00
1806463b-cee5-42bd-9da1-eeed04d20a6a,completed,2026-06-19 20:33:18.065621+00:00,2026-06-19 20:33:48.164339+00:00
921bc5aa-b78b-4f4e-83c8-1c49f068e263,completed,2026-06-19 20:33:10.381880+00:00,2026-06-19 20:33:40.496815+00:00
7b244184-8475-4ad0-a604-fb7519031bff,completed,2026-06-19 20:33:12.882678+00:00,2026-06-19 20:33:42.998350+00:00
8324ccba-2f6a-4090-acbb-84646bd896e9,failed,2026-06-19 20:33:13.343845+00:00,2026-06-19 20:33:43.356784+00:00
4f161167-81ed-48ff-9ffe-f6e8c7f3f848,completed,2026-06-19 20:33:14.899436+00:00,2026-06-19 20:33:45.012306+00:00
271ba04b-4037-4dae-910e-41e899e91ff1,completed,2026-06-19 20:33:15.022407+00:00,2026-06-19 20:33:45.143679+00:00
4d574c7f-11a0-41cd-9ea7-689b780f8b44,completed,2026-06-19 20:33:20.959884+00:00,2026-06-19 20:33:50.868220+00:00
849b5b07-b14d-4e7c-b15a-faadd9c5bcf6,completed,2026-06-19 20:33:17.784552+00:00,2026-06-19 20:33:47.883412+00:00
a442e833-c521-4cd9-8302-8ebdb4f576ee,completed,2026-06-19 20:33:18.935549+00:00,2026-06-19 20:33:49.044231+00:00
1efa1028-bba7-4620-b2f7-9161d4a86e15,completed,2026-06-19 20:33:20.636125+00:00,2026-06-19 20:33:50.565205+00:00
d8845b63-3043-4257-8f61-fe76266d52a3,completed,2026-06-19 20:33:21.458471+00:00,2026-06-19 20:33:51.286842+00:00
71cc9a2f-65de-4ac9-ac1c-19e2657ad5f6,completed,2026-06-19 20:33:27.591452+00:00,2026-06-19 20:33:55.551556+00:00
4a01c015-9da5-499e-81ed-5b8bc5537754,completed,2026-06-19 20:33:23.247257+00:00,2026-06-19 20:33:52.682588+00:00
7a387e1a-9b82-4161-8904-a2c53c8cf6fb,completed,2026-06-19 20:33:23.619792+00:00,2026-06-19 20:33:52.957405+00:00
99d0fbcb-8fec-427e-bcfc-a9b315b19802,completed,2026-06-19 20:33:29.562825+00:00,2026-06-19 20:33:56.527185+00:00
847050d1-f795-4d5e-bb9c-cce97de4e972,completed,2026-06-19 20:32:43.737185+00:00,2026-06-19 20:33:08.547025+00:00
708f1257-4d20-4655-9108-e3a2a34dff91,completed,2026-06-19 20:32:45.212389+00:00,2026-06-19 20:33:10.765869+00:00
6aa32e10-6b3b-4e41-86bd-c9f51e4d8737,completed,2026-06-19 20:32:47.661871+00:00,2026-06-19 20:33:14.384475+00:00
8b6acdcd-f384-4e89-8f53-16823d7aeb8f,completed,2026-06-19 20:32:49.035633+00:00,2026-06-19 20:33:16.374121+00:00
c766714b-e64d-4bf5-829e-6bf2d128295e,completed,2026-06-19 20:32:50.884916+00:00,2026-06-19 20:33:19.075937+00:00
6d878087-eb5f-4e0e-a45e-2f125a5d643a,completed,2026-06-19 20:32:51.585903+00:00,2026-06-19 20:33:20.085632+00:00
12ab8a7a-342a-4914-828d-aaac53fe5fdf,completed,2026-06-19 20:32:53.287100+00:00,2026-06-19 20:33:22.609661+00:00
e1700861-c3d5-4b66-9068-c77e041bb1db,failed,2026-06-19 20:32:58.159734+00:00,2026-06-19 20:33:28.182905+00:00
9afccdea-3a59-423f-a807-6dbff030c8bf,failed,2026-06-19 20:32:58.289333+00:00,2026-06-19 20:33:28.319828+00:00
29708e11-917a-44d2-ad60-9a4362e62144,completed,2026-06-19 20:33:15.459930+00:00,2026-06-19 20:33:45.552249+00:00
8817c424-dadd-45bf-8f73-40aba9806985,completed,2026-06-19 20:33:13.169649+00:00,2026-06-19 20:33:43.286088+00:00
25679ca3-1677-4d49-8303-bd9ccedcb08d,completed,2026-06-19 20:33:14.228209+00:00,2026-06-19 20:33:44.350011+00:00
23c20845-fb37-4841-bb9d-092ef211ad37,completed,2026-06-19 20:33:13.752664+00:00,2026-06-19 20:33:43.896880+00:00
ccb05ba9-8bfe-4bcb-879e-3344e602eb3b,completed,2026-06-19 20:33:18.868009+00:00,2026-06-19 20:33:48.958432+00:00
47b800b4-ecd5-4877-912d-cf2d46a93a15,completed,2026-06-19 20:33:14.110105+00:00,2026-06-19 20:33:44.172351+00:00
c6b3bbb5-9673-465d-a76f-f513b342dea2,completed,2026-06-19 20:33:14.469950+00:00,2026-06-19 20:33:44.587370+00:00
cecfeb58-b425-4aa2-8dd1-7826e6e90833,completed,2026-06-19 20:33:16.762734+00:00,2026-06-19 20:33:46.856032+00:00
e2104242-2b1f-4534-b046-cb751564e93f,completed,2026-06-19 20:33:16.101711+00:00,2026-06-19 20:33:46.222142+00:00
31887689-8939-400c-a608-ecf4876ad4fa,completed,2026-06-19 20:33:20.233958+00:00,2026-06-19 20:33:50.188736+00:00
17c493f6-1e8c-4527-8d6f-5ecc3821c301,completed,2026-06-19 20:33:16.625194+00:00,2026-06-19 20:33:46.691869+00:00
a25d528c-002c-4583-ac1f-efb8a77108e8,completed,2026-06-19 20:33:17.165086+00:00,2026-06-19 20:33:47.239655+00:00
20e17fe2-0cd9-4a4b-8662-b66b063b06b9,completed,2026-06-19 20:33:20.713362+00:00,2026-06-19 20:33:50.626656+00:00
859f56c4-0740-46a4-a023-eac85dfba65a,completed,2026-06-19 20:33:19.461059+00:00,2026-06-19 20:33:49.496835+00:00
17052bea-ff8d-4d7e-8ec6-581a3778f8eb,completed,2026-06-19 20:33:21.889055+00:00,2026-06-19 20:33:51.685751+00:00
a2817010-524b-4304-92bb-3ea325fac183,completed,2026-06-19 20:33:20.400818+00:00,2026-06-19 20:33:50.331959+00:00
022f8806-fa67-4f40-a19c-cb6afb7e4132,completed,2026-06-19 20:33:23.335294+00:00,2026-06-19 20:33:52.782847+00:00
ca6b99ee-88bd-45ae-b0fc-8064e4413af2,completed,2026-06-19 20:33:21.042360+00:00,2026-06-19 20:33:50.938463+00:00
edc922cc-4557-4e6a-9a33-64c1a2d16a4d,completed,2026-06-19 20:33:25.350781+00:00,2026-06-19 20:33:54.172085+00:00
d7d3afe5-b03b-4896-a568-713e3ea6dd65,completed,2026-06-19 20:33:22.776828+00:00,2026-06-19 20:33:52.371158+00:00
e46179f3-c43d-4182-bbb8-d55397c01748,completed,2026-06-19 20:33:24.307332+00:00,2026-06-19 20:33:53.528708+00:00
1d3c0e45-2f13-47d0-b3e9-578b523d1cb5,completed,2026-06-19 20:33:26.961606+00:00,2026-06-19 20:33:55.149843+00:00
cb31e7cf-2839-4a21-aa81-7c4daf0bcfd8,completed,2026-06-19 20:33:24.510720+00:00,2026-06-19 20:33:53.624838+00:00
a1bf2dd9-361a-4ebd-8630-51adaa955f91,completed,2026-06-19 20:33:26.246575+00:00,2026-06-19 20:33:54.735060+00:00
20919911-be2f-4916-a9d6-c92506242220,completed,2026-06-19 20:33:26.016282+00:00,2026-06-19 20:33:54.589206+00:00
322b2321-15ae-482d-8d54-1879f413ec79,completed,2026-06-19 20:33:29.108795+00:00,2026-06-19 20:33:56.268430+00:00
4f173922-99d1-43e5-a831-928d9ff207e9,completed,2026-06-19 20:33:28.531793+00:00,2026-06-19 20:33:55.987979+00:00
2ea65708-c7cc-48b5-b9d5-f94037658f56,completed,2026-06-19 20:32:48.736003+00:00,2026-06-19 20:33:15.964963+00:00
c6c9a127-4819-4e51-b9fe-4f9ff536a4a0,completed,2026-06-19 20:32:51.064805+00:00,2026-06-19 20:33:19.361251+00:00
5e14e6aa-dc31-4b03-8ebb-71abaffc1e90,completed,2026-06-19 20:32:54.136913+00:00,2026-06-19 20:33:23.832029+00:00
e5bc26ca-5e53-46a0-9fdf-793aa0baa28d,failed,2026-06-19 20:32:55.813397+00:00,2026-06-19 20:33:25.831554+00:00
07fbfa8e-67ee-4e4d-b6bf-c13cdb94f2d8,failed,2026-06-19 20:32:57.035436+00:00,2026-06-19 20:33:27.055163+00:00
44fd4b7c-816f-4cfb-a72d-145eb4c11470,completed,2026-06-19 20:33:01.334356+00:00,2026-06-19 20:33:31.463344+00:00
9a1fff72-0290-4c5e-b3fc-319d4b50d917,completed,2026-06-19 20:33:01.434443+00:00,2026-06-19 20:33:31.582137+00:00
46d6d5e6-cec4-4cc7-92ec-6f7ff3568181,completed,2026-06-19 20:33:01.484842+00:00,2026-06-19 20:33:31.600902+00:00
8421bdd9-bc25-46c2-8018-8f0db4707765,completed,2026-06-19 20:33:03.762010+00:00,2026-06-19 20:33:33.881258+00:00
2b0fc5e5-e0e0-4fdc-90a8-52db8acc508e,completed,2026-06-19 20:33:04.536660+00:00,2026-06-19 20:33:34.618645+00:00
6d52bbee-b1fc-4985-99b6-fbbf49219521,completed,2026-06-19 20:33:04.657515+00:00,2026-06-19 20:33:34.756042+00:00
af54b118-8b8c-4ad5-b257-7f7520f50182,completed,2026-06-19 20:33:04.810266+00:00,2026-06-19 20:33:34.927914+00:00
0d9a644a-0063-4a85-8a77-cf729b2944e7,completed,2026-06-19 20:33:31.271713+00:00,2026-06-19 20:33:57.194438+00:00
82c01572-4cc2-421a-84a5-893a96d5423b,completed,2026-06-19 20:33:21.930872+00:00,2026-06-19 20:33:51.669628+00:00
ca015f75-8b64-4801-90dc-ac55ccbb7025,completed,2026-06-19 20:33:22.105610+00:00,2026-06-19 20:33:51.827503+00:00
e73f74d0-bdd5-4a9a-b666-f4b688b8a111,completed,2026-06-19 20:33:22.282762+00:00,2026-06-19 20:33:51.966934+00:00
453693e3-5756-4729-ad4b-a90696604fad,completed,2026-06-19 20:33:22.460875+00:00,2026-06-19 20:33:52.112094+00:00
a392c898-07a7-4272-a0de-996c2ee485b7,completed,2026-06-19 20:33:22.821258+00:00,2026-06-19 20:33:52.393147+00:00
4fd235ce-44dd-4f01-8ea9-0e25957f1f3e,completed,2026-06-19 20:33:23.381999+00:00,2026-06-19 20:33:52.806421+00:00
18e7769c-07b0-4d99-b12a-58c873ccbe53,completed,2026-06-19 20:33:24.360780+00:00,2026-06-19 20:33:53.490175+00:00
6cb4add0-4d33-4f6b-8722-e64cfa0419e5,completed,2026-06-19 20:33:25.408136+00:00,2026-06-19 20:33:54.196762+00:00
e7e5219f-170b-4db8-9a81-812d07a6c0b4,completed,2026-06-19 20:33:28.888301+00:00,2026-06-19 20:33:56.177874+00:00
658a74a9-e72f-42d3-bbaa-f78477afadbb,completed,2026-06-19 20:33:30.207883+00:00,2026-06-19 20:33:56.796364+00:00
1ffa7505-ae31-4e13-9f39-fd0873483bca,completed,2026-06-19 20:33:29.641735+00:00,2026-06-19 20:33:56.520873+00:00
b7d0b3cc-b81d-435b-9018-87855b372d05,completed,2026-06-19 20:33:29.719856+00:00,2026-06-19 20:33:56.562796+00:00
fe5d51a2-c365-46b4-9b3d-daec58612db0,completed,2026-06-19 20:33:29.885846+00:00,2026-06-19 20:33:56.655297+00:00
94ad0e23-dea7-4e18-9755-c85379aa8f18,completed,2026-06-19 20:33:30.044962+00:00,2026-06-19 20:33:56.702664+00:00
cf749299-673e-42cb-8eef-1c9089058de4,completed,2026-06-19 20:33:34.964126+00:00,2026-06-19 20:33:58.253359+00:00
c712560e-6408-47b1-bc49-6032f8497e76,completed,2026-06-19 20:33:31.084420+00:00,2026-06-19 20:33:57.130972+00:00
6b64036d-dd22-47ec-8115-ec0120d2ef9c,completed,2026-06-19 20:33:32.389163+00:00,2026-06-19 20:33:57.592107+00:00
9c839bf5-29f0-49fa-ac8a-8cf11c119015,completed,2026-06-19 20:33:32.498985+00:00,2026-06-19 20:33:57.611135+00:00
2de46b82-8efa-4485-97ea-e31ad80a573a,completed,2026-06-19 20:33:32.171915+00:00,2026-06-19 20:33:57.544631+00:00
944d89ce-4487-4c08-adc2-ea8e1de43850,completed,2026-06-19 20:33:33.082999+00:00,2026-06-19 20:33:57.815602+00:00
16255937-e1aa-4047-9f43-a0614de4b0c7,completed,2026-06-19 20:33:34.792555+00:00,2026-06-19 20:33:58.233198+00:00
830a7e23-edcd-406b-89a7-44705bdd9795,completed,2026-06-19 20:33:35.966532+00:00,2026-06-19 20:33:58.426975+00:00
9d35276e-1dc3-4d9f-8bff-9c6359e8372a,completed,2026-06-19 20:33:37.475006+00:00,2026-06-19 20:33:58.587241+00:00
d0d7a277-6e14-4447-86db-bc86d24b9be7,completed,2026-06-19 20:33:06.183800+00:00,2026-06-19 20:33:36.299232+00:00
af7314cc-346d-419d-9fd0-da61604b365e,failed,2026-06-19 20:33:09.893647+00:00,2026-06-19 20:33:39.903601+00:00
af5ab10a-88b3-4187-9cbf-d263f832cd7c,failed,2026-06-19 20:33:13.055420+00:00,2026-06-19 20:33:43.076980+00:00
43bcde26-50a9-40b5-8bc8-1820772f088a,completed,2026-06-19 20:33:14.199975+00:00,2026-06-19 20:33:44.310502+00:00
272ed610-945c-47eb-b329-13ccbc759165,completed,2026-06-19 20:33:26.779557+00:00,2026-06-19 20:33:55.060068+00:00
4cb9e35e-1178-4e34-ba02-ede609299d1d,completed,2026-06-19 20:33:32.065313+00:00,2026-06-19 20:33:57.466824+00:00
b939a775-96d6-44b9-841d-243f20296375,completed,2026-06-19 20:33:10.251913+00:00,2026-06-19 20:33:40.357090+00:00
ce54fbe0-ad52-4fbb-b99f-bccdf116f558,completed,2026-06-19 20:33:17.682382+00:00,2026-06-19 20:33:47.782148+00:00
2fa21f17-cc9c-4ed9-8cb9-d01f8f44959a,completed,2026-06-19 20:33:21.251504+00:00,2026-06-19 20:33:51.127354+00:00
90b0bdf4-4e21-412b-a44a-9ff6ee538cc9,completed,2026-06-19 20:33:28.460020+00:00,2026-06-19 20:33:56.000140+00:00
3d2e8263-e54c-4bcc-b75e-892b051adf8e,completed,2026-06-19 20:33:15.619907+00:00,2026-06-19 20:33:45.732374+00:00
19180bff-54e8-4e7f-af5f-b4ada5c65273,completed,2026-06-19 20:30:55.830204+00:00,2026-06-19 20:30:55.974250+00:00
bfe55db5-c51c-4af7-b9b1-ee9057f84535,completed,2026-06-19 20:30:41.433845+00:00,2026-06-19 20:30:41.611258+00:00
1fe3d7e2-7035-4b9c-b4e2-28726cebfb86,completed,2026-06-19 20:30:41.811196+00:00,2026-06-19 20:30:41.959747+00:00
5257cde8-32e7-4b53-9411-ad716b137ee2,completed,2026-06-19 20:31:05.536739+00:00,2026-06-19 20:31:05.681523+00:00
4cb49210-6774-46f5-b8ae-90fbb942e902,completed,2026-06-19 20:30:43.201661+00:00,2026-06-19 20:30:43.351919+00:00
e91a8a86-b886-4df0-8ad3-87b6a809ea7d,completed,2026-06-19 20:30:56.595425+00:00,2026-06-19 20:30:56.740327+00:00
b30d2eab-5dd3-459a-8927-5babbc7f0bd7,completed,2026-06-19 20:30:44.741319+00:00,2026-06-19 20:30:45.026051+00:00
8cc6a4b1-650b-4e79-bf10-267f41898fbc,completed,2026-06-19 20:30:45.302643+00:00,2026-06-19 20:30:45.476595+00:00
6803613b-fbf9-4fa6-8e42-2a1d6e5dbd13,completed,2026-06-19 20:30:50.218051+00:00,2026-06-19 20:30:50.351343+00:00
565c66a4-1d7d-440d-bf6d-05409cb0ecdd,completed,2026-06-19 20:30:50.617789+00:00,2026-06-19 20:30:50.775412+00:00
384a34ed-9293-44d4-a138-e587114b77a1,completed,2026-06-19 20:30:53.025915+00:00,2026-06-19 20:30:53.176573+00:00
3ed0b99c-ec99-409a-bcbe-73a892d2d089,completed,2026-06-19 20:30:57.338602+00:00,2026-06-19 20:30:57.601081+00:00
72c12970-b975-4373-82e8-51ccaa6b18ce,completed,2026-06-19 20:30:54.115708+00:00,2026-06-19 20:30:54.286392+00:00
8748c7e6-f43e-45db-8fee-c0ba0f4989bb,completed,2026-06-19 20:30:57.485737+00:00,2026-06-19 20:30:57.657883+00:00
0c309dda-1e6f-4cb1-93ff-3028822adccd,completed,2026-06-19 20:30:54.616885+00:00,2026-06-19 20:30:54.767329+00:00
3ccb86ab-7f8c-412e-aee1-71065064e6a3,completed,2026-06-19 20:31:01.279623+00:00,2026-06-19 20:31:01.455070+00:00
9756518d-9b4b-46c9-8c6b-0272c9d0ce19,completed,2026-06-19 20:31:01.403348+00:00,2026-06-19 20:31:01.544224+00:00
c4f795cf-f837-4ecc-8ec3-6a6839bca981,completed,2026-06-19 20:30:57.774585+00:00,2026-06-19 20:30:57.914968+00:00
4dbc8a0e-4a94-46cd-a8f1-bb9aeac1d980,completed,2026-06-19 20:30:57.917889+00:00,2026-06-19 20:30:58.098039+00:00
65cf3b6c-2fc4-4aa0-9aed-5fbcf4ca1e9f,completed,2026-06-19 20:31:04.754032+00:00,2026-06-19 20:31:04.902082+00:00
22f2dde4-8b8c-4ae4-9e68-85fc143d4c12,completed,2026-06-19 20:30:59.716777+00:00,2026-06-19 20:30:59.861303+00:00
9ee62936-9b0b-4051-9110-32557b1b227b,completed,2026-06-19 20:31:03.716030+00:00,2026-06-19 20:31:03.876188+00:00
ee2fcd31-f7c7-4a15-8560-7004f437f462,completed,2026-06-19 20:31:04.298598+00:00,2026-06-19 20:31:04.444251+00:00
7380951d-18a2-4826-85de-0ce2ca3e41d3,completed,2026-06-19 20:31:04.066812+00:00,2026-06-19 20:31:04.216088+00:00
c0cb9174-56bd-49f9-96e7-37e8a21b73e4,completed,2026-06-19 20:31:04.411800+00:00,2026-06-19 20:31:04.573688+00:00
87b829d7-15bd-4793-bf39-f0640627a012,completed,2026-06-19 20:31:04.868134+00:00,2026-06-19 20:31:05.022436+00:00
9e338511-b4fe-420b-b711-ca2b45dba394,completed,2026-06-19 20:31:07.071035+00:00,2026-06-19 20:31:07.211938+00:00
3a4d395e-aa3b-4a40-adab-b8ee6c01ed50,completed,2026-06-19 20:31:06.090206+00:00,2026-06-19 20:31:06.263529+00:00
700c440c-9636-497c-88ef-eb17e47811f8,completed,2026-06-19 20:31:07.690439+00:00,2026-06-19 20:31:07.873093+00:00
6241e483-988a-4096-baeb-a6960e6b7b8e,completed,2026-06-19 20:31:08.002603+00:00,2026-06-19 20:31:08.153254+00:00
23be4aa4-3732-4127-8545-780414cf6d49,completed,2026-06-19 20:31:08.206541+00:00,2026-06-19 20:31:08.345643+00:00
f81a19eb-30a2-4923-a300-0cd648fefa73,completed,2026-06-19 20:31:08.616463+00:00,2026-06-19 20:31:08.772897+00:00
c66e438f-aa08-4124-8690-d04fd7d0cb86,completed,2026-06-19 20:31:10.947002+00:00,2026-06-19 20:31:11.087649+00:00
d43750f6-bfe9-4d08-9df7-c54f790db0ec,completed,2026-06-19 20:31:11.669988+00:00,2026-06-19 20:31:11.811116+00:00
c48446d7-93e9-41ac-8759-354dc96c068e,completed,2026-06-19 20:31:12.375489+00:00,2026-06-19 20:31:12.521306+00:00
37a5acb6-1ede-4b13-b1b1-e8da5e73ad7e,completed,2026-06-19 20:31:17.363677+00:00,2026-06-19 20:31:17.518097+00:00
cf52ee34-5d12-4638-b647-f94bce7ba11e,completed,2026-06-19 20:31:17.925713+00:00,2026-06-19 20:31:18.074063+00:00
76b2d348-17ed-4b87-aa19-4bc33e7d00f4,completed,2026-06-19 20:31:18.750277+00:00,2026-06-19 20:31:18.894327+00:00
95e11d20-4f15-4162-8071-012c2e633fe3,completed,2026-06-19 20:32:20.794762+00:00,2026-06-19 20:32:33.464763+00:00
67545e95-3f25-451f-b57a-98b8ae283966,completed,2026-06-19 20:32:20.997948+00:00,2026-06-19 20:32:33.771998+00:00
bdfec880-ec1e-452a-b41a-e7146f705465,completed,2026-06-19 20:32:21.497768+00:00,2026-06-19 20:32:34.817983+00:00
4ab624f6-fd77-47de-a1ca-d15c7ff3db4f,completed,2026-06-19 20:32:21.995953+00:00,2026-06-19 20:32:35.467788+00:00
fa775405-d519-4f39-b64b-65b55eb8706a,completed,2026-06-19 20:32:22.095654+00:00,2026-06-19 20:32:35.609248+00:00
a0f4b775-540e-4769-a377-cd5c3ec713d8,completed,2026-06-19 20:32:22.395448+00:00,2026-06-19 20:32:36.088313+00:00
721f2d1c-d40d-4508-a2ac-afd64e469e3c,completed,2026-06-19 20:32:22.596568+00:00,2026-06-19 20:32:36.395282+00:00
602d6b2e-28ca-4475-a8c1-ebac20726cf9,completed,2026-06-19 20:32:23.195875+00:00,2026-06-19 20:32:37.376002+00:00
f1999d9a-12f0-4a83-8e55-2a2cd37efdf5,completed,2026-06-19 20:32:23.598305+00:00,2026-06-19 20:32:37.988266+00:00
db55901b-0388-4faa-a294-7be8af9b1751,completed,2026-06-19 20:32:23.894469+00:00,2026-06-19 20:32:38.451823+00:00
b976aa05-514e-4d83-95f1-f5d6d5feb7b2,completed,2026-06-19 20:32:25.495315+00:00,2026-06-19 20:32:41.009963+00:00
314c6791-e5a2-41fd-8137-a9b45d2c4b43,completed,2026-06-19 20:32:25.701678+00:00,2026-06-19 20:32:41.317849+00:00
cdc02839-4d05-4ee7-9e23-2d6538086795,completed,2026-06-19 20:32:25.795226+00:00,2026-06-19 20:32:41.474402+00:00
55aa0b90-a034-4a5d-b362-4b40c68609d0,completed,2026-06-19 20:32:25.895538+00:00,2026-06-19 20:32:41.619539+00:00
5d6194e1-1436-4874-80e0-742625585878,completed,2026-06-19 20:32:26.195765+00:00,2026-06-19 20:32:42.078272+00:00
7cca09bc-0aaf-40be-b8b7-ee2d06307110,completed,2026-06-19 20:32:26.595019+00:00,2026-06-19 20:32:42.672497+00:00
5bdbcfb2-20b5-4c9e-88d1-d7a660d5824a,completed,2026-06-19 20:32:26.696117+00:00,2026-06-19 20:32:42.817242+00:00
6067d779-835e-4716-8310-1ffb87c34da1,completed,2026-06-19 20:32:26.795821+00:00,2026-06-19 20:32:42.949609+00:00
8f6500b3-20ab-4791-9f53-e4a72efa5be9,completed,2026-06-19 20:32:26.895103+00:00,2026-06-19 20:32:43.097899+00:00
8677285c-f358-4db8-b9d7-615bd2854e01,completed,2026-06-19 20:32:27.995280+00:00,2026-06-19 20:32:44.829696+00:00
f3a279fe-72cf-41dc-8425-e8eeeaafd189,completed,2026-06-19 20:32:28.296676+00:00,2026-06-19 20:32:45.324169+00:00
ff142a41-8d2c-4314-91d0-4132db59281f,completed,2026-06-19 20:32:28.698662+00:00,2026-06-19 20:32:45.909456+00:00
df4e333e-1911-43a0-a817-3b8908118710,completed,2026-06-19 20:32:28.796164+00:00,2026-06-19 20:32:46.062789+00:00
28418a6a-a540-49cb-8a66-6141fe0a261a,completed,2026-06-19 20:31:09.224572+00:00,2026-06-19 20:31:09.404758+00:00
29ca9a4f-14a0-4610-b7cc-6d238f2ee2f8,completed,2026-06-19 20:31:09.618244+00:00,2026-06-19 20:31:09.768492+00:00
86782841-2c16-40e2-8872-dc5bddd6e70d,completed,2026-06-19 20:31:12.543844+00:00,2026-06-19 20:31:12.704321+00:00
859d3156-4199-49c3-a64b-28f1ed04db66,completed,2026-06-19 20:31:12.884843+00:00,2026-06-19 20:31:13.056951+00:00
ba2efa3d-ca81-45a5-ac78-5f97720adccf,completed,2026-06-19 20:31:16.933446+00:00,2026-06-19 20:31:17.111200+00:00
4a3f50cb-2332-42aa-a1c1-a8117dd03246,completed,2026-06-19 20:31:17.503233+00:00,2026-06-19 20:31:17.645027+00:00
87a1de15-d2d6-4c87-908f-860532b92712,completed,2026-06-19 20:31:17.786670+00:00,2026-06-19 20:31:17.942804+00:00
a63cd89f-abc5-4bbd-a5df-e652a77e8f25,completed,2026-06-19 20:31:18.340270+00:00,2026-06-19 20:31:18.493204+00:00
273ecf80-4fcf-4adf-8684-59fed6d9d5ff,completed,2026-06-19 20:32:20.921203+00:00,2026-06-19 20:32:33.651636+00:00
56ddefcf-577a-4a3d-be45-696dd79e705e,completed,2026-06-19 20:32:21.324351+00:00,2026-06-19 20:32:34.283472+00:00
28f95a05-9de5-4475-8a6b-6fae9c6f22e0,completed,2026-06-19 20:32:22.022450+00:00,2026-06-19 20:32:35.497279+00:00
759e4bb8-136c-40f2-9b84-71eafddebaff,completed,2026-06-19 20:32:22.521587+00:00,2026-06-19 20:32:36.260568+00:00
2a6d85f6-cca4-4212-8d62-73227519b6d6,completed,2026-06-19 20:32:23.020644+00:00,2026-06-19 20:32:37.100968+00:00
67d7dd58-1d09-4ae8-86b5-1a77e00b1d64,completed,2026-06-19 20:32:23.621113+00:00,2026-06-19 20:32:38.025595+00:00
3c97a341-2965-44b2-95f5-bdade942b663,completed,2026-06-19 20:32:23.920645+00:00,2026-06-19 20:32:38.497487+00:00
61308853-ae3c-4a5b-afef-cae1a55f6717,completed,2026-06-19 20:32:24.221194+00:00,2026-06-19 20:32:38.998143+00:00
e6e4c974-0873-4728-b73b-87c5e358da24,completed,2026-06-19 20:32:24.720390+00:00,2026-06-19 20:32:39.800579+00:00
29e4aabb-e5c4-48b8-8775-6118af085dba,completed,2026-06-19 20:32:24.921461+00:00,2026-06-19 20:32:40.118777+00:00
02122474-1c4b-428a-8a2e-cf3495fa0c9d,completed,2026-06-19 20:32:25.321375+00:00,2026-06-19 20:32:40.703165+00:00
46aacbf4-f781-4464-bf59-7c9fc1ea2c99,completed,2026-06-19 20:32:25.427406+00:00,2026-06-19 20:32:40.875043+00:00
6042db71-783e-44df-a4f7-99066a34d39e,completed,2026-06-19 20:32:25.619377+00:00,2026-06-19 20:32:41.211491+00:00
b50f8479-c90b-4931-9596-17925797eed3,completed,2026-06-19 20:32:25.723749+00:00,2026-06-19 20:32:41.350417+00:00
2be26e24-5090-4ab5-ac9b-3d24ad56cb31,completed,2026-06-19 20:32:26.820939+00:00,2026-06-19 20:32:43.038367+00:00
09bb2427-8fcc-4806-97d1-af50dda08f44,completed,2026-06-19 20:32:27.120417+00:00,2026-06-19 20:32:43.528243+00:00
244d25fc-b0e5-4b93-b27b-baae92ef6d24,completed,2026-06-19 20:32:27.631929+00:00,2026-06-19 20:32:44.276877+00:00
7f7bb53b-1231-4af3-8446-cd91c0bec351,completed,2026-06-19 20:32:27.919853+00:00,2026-06-19 20:32:44.734511+00:00
e6e66e5f-4339-4f11-9841-e34b499d0eb5,completed,2026-06-19 20:32:28.320122+00:00,2026-06-19 20:32:45.298298+00:00
2883eeaf-91cb-4abf-8c90-776d630542b8,completed,2026-06-19 20:32:28.620450+00:00,2026-06-19 20:32:45.810068+00:00
9faaea97-a852-4151-8235-7730fea0aa54,completed,2026-06-19 20:32:29.220082+00:00,2026-06-19 20:32:46.672209+00:00
cb53cea6-cf8d-4181-9abe-ae55ae4dd325,completed,2026-06-19 20:32:29.425022+00:00,2026-06-19 20:32:46.997414+00:00
2cf4de47-f219-459c-adf7-73184b0ba06f,completed,2026-06-19 20:31:09.322393+00:00,2026-06-19 20:31:09.480911+00:00
975720da-1318-4911-affb-ed48b7240cb2,completed,2026-06-19 20:31:10.853829+00:00,2026-06-19 20:31:11.015339+00:00
add4faf7-bd11-4470-b319-9002450ce7d4,completed,2026-06-19 20:31:11.936129+00:00,2026-06-19 20:31:12.067553+00:00
4ed96720-320b-49b3-8d98-80b0b91c379b,completed,2026-06-19 20:31:12.630342+00:00,2026-06-19 20:31:12.770879+00:00
c734a272-d295-43be-b587-60c2afedab0e,completed,2026-06-19 20:31:13.304040+00:00,2026-06-19 20:31:13.437198+00:00
901bf998-5d3e-4051-b5a7-659e8eaf0485,completed,2026-06-19 20:32:23.846385+00:00,2026-06-19 20:32:38.415796+00:00
a6818d67-73e6-46ce-b3d4-ba01550fe0cb,completed,2026-06-19 20:32:20.745206+00:00,2026-06-19 20:32:33.426262+00:00
2b1ca423-85b9-44ae-ad83-cbd4026c4aac,completed,2026-06-19 20:32:22.345833+00:00,2026-06-19 20:32:35.979921+00:00
75ba3432-9e9a-4512-8bb3-b108ec7dcff2,completed,2026-06-19 20:32:23.445784+00:00,2026-06-19 20:32:37.763210+00:00
fd195480-e305-4623-9e28-061bbd40884f,completed,2026-06-19 20:32:23.544551+00:00,2026-06-19 20:32:37.937899+00:00
9bbe96d3-91ad-454c-94ad-ca3efc7e11cb,completed,2026-06-19 20:32:30.256046+00:00,2026-06-19 20:32:48.258858+00:00
98a32225-46a9-425f-bc12-84b16cb872a4,completed,2026-06-19 20:32:23.747925+00:00,2026-06-19 20:32:38.284097+00:00
d31b5430-1fe5-4f3b-89d8-48331adec5dd,completed,2026-06-19 20:32:25.944697+00:00,2026-06-19 20:32:41.657396+00:00
b47d7154-7817-4504-b447-6b194687a56c,completed,2026-06-19 20:32:26.945158+00:00,2026-06-19 20:32:43.264570+00:00
d1177b66-4216-4750-8d5f-48cef95e912f,completed,2026-06-19 20:32:27.546741+00:00,2026-06-19 20:32:44.145171+00:00
14981dbd-abe0-4f39-a76e-9113deb8c294,completed,2026-06-19 20:32:28.546493+00:00,2026-06-19 20:32:45.693157+00:00
7df301ed-637e-4c47-a39f-d50efa6f2a4d,completed,2026-06-19 20:32:29.250926+00:00,2026-06-19 20:32:46.714043+00:00
aa667bdb-89ff-4ef1-9600-d8980f49d326,completed,2026-06-19 20:32:29.445158+00:00,2026-06-19 20:32:46.989599+00:00
2351e216-0683-40b2-8391-2a5abb5a7d2c,completed,2026-06-19 20:32:29.545437+00:00,2026-06-19 20:32:47.184394+00:00
debd4cc0-33c3-4287-9601-a25c82998a75,completed,2026-06-19 20:32:30.145885+00:00,2026-06-19 20:32:48.094606+00:00
8ea3bc2c-e728-4970-87db-42aab837623f,completed,2026-06-19 20:32:30.846588+00:00,2026-06-19 20:32:49.116118+00:00
2b77fc59-d5e5-4562-a722-3068eb812fe1,completed,2026-06-19 20:32:30.219469+00:00,2026-06-19 20:32:48.242664+00:00
63a59f31-024a-469f-8200-301f37fa669f,completed,2026-06-19 20:32:30.621595+00:00,2026-06-19 20:32:48.826450+00:00
8450c633-a502-4ac3-aa5a-3c919b65c8c6,completed,2026-06-19 20:32:30.746083+00:00,2026-06-19 20:32:48.974968+00:00
8b8de1f1-a857-413f-b1df-c3e77cf8698d,completed,2026-06-19 20:32:30.819464+00:00,2026-06-19 20:32:49.103230+00:00
f38ca074-3a22-4037-8918-cff274cb50c5,completed,2026-06-19 20:32:31.348122+00:00,2026-06-19 20:32:49.863870+00:00
ca326073-2685-48a2-a4a5-9392e03b9193,completed,2026-06-19 20:32:31.720414+00:00,2026-06-19 20:32:50.387538+00:00
472ca671-cc49-48ee-bc36-92c0e5851254,completed,2026-06-19 20:32:32.521454+00:00,2026-06-19 20:32:51.665855+00:00
5eb01c52-e487-4fb9-b7c1-529e16b69fea,completed,2026-06-19 20:32:32.645477+00:00,2026-06-19 20:32:51.814511+00:00
b2f66c54-5858-45de-95a7-6a1ee190f549,completed,2026-06-19 20:32:33.419048+00:00,2026-06-19 20:32:52.983715+00:00
3eeae1ec-7532-4678-9307-e4f022f184d2,completed,2026-06-19 20:31:26.476178+00:00,2026-06-19 20:31:26.616810+00:00
f71e16a5-c83b-4f83-a928-f9b84d8f03ad,completed,2026-06-19 20:31:09.521032+00:00,2026-06-19 20:31:09.666669+00:00
1c4fee3b-6578-4787-b491-6157b4a80b9f,completed,2026-06-19 20:31:21.286349+00:00,2026-06-19 20:31:21.453316+00:00
f0251f65-3d08-4f7b-bb43-3b5b351750f9,completed,2026-06-19 20:31:10.288712+00:00,2026-06-19 20:31:10.423333+00:00
0c69635e-96c6-4d7d-bdea-33906ff3362d,completed,2026-06-19 20:31:21.342549+00:00,2026-06-19 20:31:21.485486+00:00
3ddf865d-d2d9-4382-9525-138ece4bcd55,completed,2026-06-19 20:31:13.137170+00:00,2026-06-19 20:31:13.285458+00:00
689b6edc-e049-4a85-8c4b-89da1f17c310,completed,2026-06-19 20:31:14.758046+00:00,2026-06-19 20:31:14.900557+00:00
996f1dcb-fcb7-4a7a-a7d9-1fc058d568f8,completed,2026-06-19 20:31:23.629700+00:00,2026-06-19 20:31:23.787503+00:00
4d1a7adb-fd4d-40f9-92c1-33502efb12c7,completed,2026-06-19 20:31:16.277415+00:00,2026-06-19 20:31:16.442489+00:00
d44e30ef-4253-42ff-9920-136e8c7653f3,completed,2026-06-19 20:31:21.531634+00:00,2026-06-19 20:31:21.693989+00:00
aafad287-58de-477c-9829-4531cb68bdd3,completed,2026-06-19 20:31:17.713053+00:00,2026-06-19 20:31:17.853304+00:00
d214e521-9229-46de-aac0-053fd64247da,completed,2026-06-19 20:31:19.680781+00:00,2026-06-19 20:31:19.846499+00:00
7670c187-fac5-4db5-a560-024f468f1765,completed,2026-06-19 20:31:20.588416+00:00,2026-06-19 20:31:20.729628+00:00
871355eb-0b3e-4e52-80b9-2c331599e91a,completed,2026-06-19 20:31:21.899445+00:00,2026-06-19 20:31:22.034908+00:00
a54d14cf-57f6-43e2-a349-2db8bf9f0238,completed,2026-06-19 20:31:20.904426+00:00,2026-06-19 20:31:21.065735+00:00
6ad0c2a4-a2e5-4e67-934a-eecf6604415b,completed,2026-06-19 20:31:20.968260+00:00,2026-06-19 20:31:21.123530+00:00
5cb7834a-9d78-47bc-b16c-353d6f03792f,completed,2026-06-19 20:31:24.717200+00:00,2026-06-19 20:31:24.865765+00:00
e02945b4-7e01-4b05-a74a-16d96e1d5916,completed,2026-06-19 20:31:22.805935+00:00,2026-06-19 20:31:22.945087+00:00
ba157b81-e317-49ab-9bfe-e7d721146456,completed,2026-06-19 20:31:23.804084+00:00,2026-06-19 20:31:23.947301+00:00
1096ba75-2606-405f-b2b1-a68d6614487f,completed,2026-06-19 20:31:23.220112+00:00,2026-06-19 20:31:23.390055+00:00
0d52c95f-cbdf-4760-b1ff-da7beeac3d79,completed,2026-06-19 20:31:23.337878+00:00,2026-06-19 20:31:23.500637+00:00
6ef675f3-a01c-4cfb-a647-d0bb4e8ba54f,completed,2026-06-19 20:31:23.860608+00:00,2026-06-19 20:31:24.014865+00:00
a022c306-beda-45d0-813c-02e0cd46f880,completed,2026-06-19 20:31:25.827331+00:00,2026-06-19 20:31:25.961344+00:00
51f78904-521d-411a-81fd-47a3fbe8fc54,completed,2026-06-19 20:31:24.149327+00:00,2026-06-19 20:31:24.325407+00:00
ef68f448-cfb8-4d95-b6a6-c5d8eea9cc19,completed,2026-06-19 20:31:25.220911+00:00,2026-06-19 20:31:25.380769+00:00
905e3b7f-9244-4e43-90e9-8633cc61fc2e,completed,2026-06-19 20:31:25.333137+00:00,2026-06-19 20:31:25.487244+00:00
5a370132-8b40-4374-9c65-9a63e64d11a9,completed,2026-06-19 20:31:26.100033+00:00,2026-06-19 20:31:26.267770+00:00
8098afbb-e6ba-40d8-b71e-e11df31534b2,completed,2026-06-19 20:31:25.991872+00:00,2026-06-19 20:31:26.146661+00:00
971e38b6-4473-4908-bd20-4c02d91adcfc,completed,2026-06-19 20:31:26.263244+00:00,2026-06-19 20:31:26.422423+00:00
95a19724-8a5b-4277-ad47-ae3a30ac29a2,completed,2026-06-19 20:31:26.369202+00:00,2026-06-19 20:31:26.506157+00:00
063f606b-79bd-4fea-8bfa-fa53a2815ee9,completed,2026-06-19 20:31:26.692175+00:00,2026-06-19 20:31:26.831590+00:00
804f184d-edc8-4ae7-b6d0-204210947ed2,completed,2026-06-19 20:31:44.033625+00:00,2026-06-19 20:31:44.214773+00:00
d49fa12e-0ec9-4438-a4c0-6967ea864257,completed,2026-06-19 20:31:27.116789+00:00,2026-06-19 20:31:27.262801+00:00
9c7a5a3b-5e66-4b0b-ac8a-c6f5f613077e,completed,2026-06-19 20:31:36.334898+00:00,2026-06-19 20:31:36.490467+00:00
e7d68b71-6aa2-4cb9-9602-bb1fa0697ead,completed,2026-06-19 20:31:28.363987+00:00,2026-06-19 20:31:28.500053+00:00
5003b5a4-0ccb-4c1b-8347-16891cc64b3f,completed,2026-06-19 20:31:28.413799+00:00,2026-06-19 20:31:28.571515+00:00
8aefd197-fc9b-4f37-a533-3b5e6dbe7afb,completed,2026-06-19 20:31:28.817594+00:00,2026-06-19 20:31:28.963147+00:00
062ecb10-2685-4f76-bbdf-331ebdad19b9,completed,2026-06-19 20:31:29.181598+00:00,2026-06-19 20:31:29.323447+00:00
ba691b0b-0d3e-48a3-b256-f64656680c53,completed,2026-06-19 20:31:29.569426+00:00,2026-06-19 20:31:29.706588+00:00
cf6b77a1-25d9-4c01-8233-caf986f76c30,completed,2026-06-19 20:31:37.013228+00:00,2026-06-19 20:31:37.154929+00:00
f50becd1-2c4d-4456-8de8-fa086c1aad3e,completed,2026-06-19 20:31:30.935046+00:00,2026-06-19 20:31:31.081817+00:00
a6116b6f-1c10-4254-892e-6a5027c6221d,completed,2026-06-19 20:31:31.504280+00:00,2026-06-19 20:31:31.646382+00:00
cd4fc39a-77a8-4458-a28d-d886157c468e,completed,2026-06-19 20:31:47.289405+00:00,2026-06-19 20:31:47.693077+00:00
b34507e2-cd73-4c52-acc3-31917ddbf5b7,completed,2026-06-19 20:31:32.811161+00:00,2026-06-19 20:31:32.953988+00:00
88c81a2d-6bfa-4e67-bdc0-a5b441eab94a,completed,2026-06-19 20:31:38.169105+00:00,2026-06-19 20:31:38.302184+00:00
52b08738-a1bc-42c6-932a-a212e512ab78,completed,2026-06-19 20:31:33.175246+00:00,2026-06-19 20:31:33.312485+00:00
16d571ab-f44e-482d-8827-10065630b718,completed,2026-06-19 20:31:35.481658+00:00,2026-06-19 20:31:35.618821+00:00
675cdaa7-a2fd-4ac2-9588-6e075fc4f386,completed,2026-06-19 20:31:44.611302+00:00,2026-06-19 20:31:44.804011+00:00
b8f58ca8-708b-4fd0-abee-9d0d7f6a0f5b,completed,2026-06-19 20:31:40.873585+00:00,2026-06-19 20:31:41.027516+00:00
6bfb9709-feea-4429-bc7f-01d436a76242,completed,2026-06-19 20:31:41.184006+00:00,2026-06-19 20:31:41.338240+00:00
6c9efb4a-430a-4988-86bd-5f7a89214ff2,completed,2026-06-19 20:31:42.098220+00:00,2026-06-19 20:31:42.232762+00:00
77b52146-84f3-4429-8169-8b0c5062e2dc,completed,2026-06-19 20:31:51.798622+00:00,2026-06-19 20:31:52.650511+00:00
5f9d9cf4-1d75-4649-b589-fecab27c9377,completed,2026-06-19 20:31:45.042844+00:00,2026-06-19 20:31:45.264461+00:00
5eb83cb8-928f-4472-9e25-af6a5766d81b,completed,2026-06-19 20:31:47.837002+00:00,2026-06-19 20:31:48.228800+00:00
888ba1b0-bf8b-46d2-bfed-0a9283239359,completed,2026-06-19 20:31:47.014056+00:00,2026-06-19 20:31:47.399157+00:00
36193925-25b8-4354-8697-f80f6b7d2420,completed,2026-06-19 20:31:51.415225+00:00,2026-06-19 20:31:52.213684+00:00
c450a96d-1b24-4c5e-9da7-9b022a7cec9d,completed,2026-06-19 20:31:50.507172+00:00,2026-06-19 20:31:51.156862+00:00
6e322b76-ad0a-4a33-ae0d-bf467f724b1a,completed,2026-06-19 20:31:53.811952+00:00,2026-06-19 20:31:55.001144+00:00
3d4b5e71-044c-43ab-a27e-77c4fd1114e2,completed,2026-06-19 20:31:52.181884+00:00,2026-06-19 20:31:53.115362+00:00
96f29e9f-8072-4186-a6ad-7b0d9327a53b,completed,2026-06-19 20:31:53.687684+00:00,2026-06-19 20:31:54.866486+00:00
2cd79a62-6436-406f-a736-69020fcc235c,completed,2026-06-19 20:31:54.799088+00:00,2026-06-19 20:31:56.177441+00:00
0b56e3a9-a008-40a5-a1e3-5a59e8c6767a,completed,2026-06-19 20:31:55.883692+00:00,2026-06-19 20:31:57.490470+00:00
66e4bae6-b000-4317-bc31-e66e7b31ebc1,completed,2026-06-19 20:31:36.887139+00:00,2026-06-19 20:31:37.050270+00:00
61b46ab4-5c84-4cef-ab4b-de7403de3d85,completed,2026-06-19 20:31:29.618253+00:00,2026-06-19 20:31:29.805199+00:00
640319e7-a4d4-400d-9ab9-5147fff18d72,completed,2026-06-19 20:31:30.403823+00:00,2026-06-19 20:31:30.552573+00:00
cb4af2c3-c12b-49fe-be5f-aa6302353774,completed,2026-06-19 20:31:47.739767+00:00,2026-06-19 20:31:48.123648+00:00
8153e794-5a2c-4250-baf8-a24bf2e6587f,completed,2026-06-19 20:31:31.173481+00:00,2026-06-19 20:31:31.334614+00:00
745c4dd5-fbfe-4775-9a58-aff65f42a69b,completed,2026-06-19 20:31:37.055200+00:00,2026-06-19 20:31:37.207510+00:00
0fea3f69-5cf5-4ca5-bdca-d8abfe827184,completed,2026-06-19 20:31:32.853963+00:00,2026-06-19 20:31:33.020486+00:00
2b10172e-3fe7-4d03-9360-db4490ba704a,completed,2026-06-19 20:31:33.221705+00:00,2026-06-19 20:31:33.391127+00:00
4d791a91-7cd8-42aa-8138-2256e280558b,completed,2026-06-19 20:31:41.373230+00:00,2026-06-19 20:31:41.508367+00:00
1ba4bac4-8019-4ba8-a09c-0938396cbdcd,completed,2026-06-19 20:31:33.582681+00:00,2026-06-19 20:31:33.734416+00:00
ac44f400-4523-4af5-a949-2cc8afb58997,completed,2026-06-19 20:31:37.717826+00:00,2026-06-19 20:31:37.846147+00:00
72eeaeb6-8d33-48f2-bb9a-b5025e984d6b,completed,2026-06-19 20:31:34.475383+00:00,2026-06-19 20:31:34.629449+00:00
635c785d-b4ba-4082-8b51-70768e5a52e1,completed,2026-06-19 20:31:34.652774+00:00,2026-06-19 20:31:34.807058+00:00
58c86a99-c603-41d7-8409-947c8de0d104,completed,2026-06-19 20:31:36.209936+00:00,2026-06-19 20:31:36.368880+00:00
ef270667-bfee-4674-85fb-51110b47513c,completed,2026-06-19 20:31:39.018213+00:00,2026-06-19 20:31:39.176364+00:00
6a551442-86bb-404e-a80d-289e48fdc7d2,completed,2026-06-19 20:31:36.380611+00:00,2026-06-19 20:31:36.525693+00:00
8e063533-4e93-4954-bdc9-f2c7dc8ddf9e,completed,2026-06-19 20:31:45.789913+00:00,2026-06-19 20:31:46.039129+00:00
7c9f7e86-b9d2-4f00-8146-98c45a1f1b63,completed,2026-06-19 20:31:42.287553+00:00,2026-06-19 20:31:42.431425+00:00
3f758188-51f8-4c22-a19e-523f763e707d,completed,2026-06-19 20:31:39.815309+00:00,2026-06-19 20:31:39.950845+00:00
6cec5f04-1cef-4b4e-823e-6506c9330fe4,completed,2026-06-19 20:31:40.288059+00:00,2026-06-19 20:31:40.433573+00:00
4bdb66e9-612a-4da3-ac9e-a4849ad69725,completed,2026-06-19 20:31:40.756909+00:00,2026-06-19 20:31:40.900583+00:00
23a6bf00-b6da-4a5d-b4f0-2fe749376ff3,completed,2026-06-19 20:31:43.183591+00:00,2026-06-19 20:31:43.325071+00:00
a0500b90-a7fa-4d8e-a608-69a8404de6a7,completed,2026-06-19 20:31:48.835183+00:00,2026-06-19 20:31:49.311066+00:00
28147695-ccab-4cf6-9da5-3a5503efbe8d,completed,2026-06-19 20:31:44.213367+00:00,2026-06-19 20:31:44.381361+00:00
53ea998f-9d49-4533-b236-527b52feb64c,completed,2026-06-19 20:31:47.464655+00:00,2026-06-19 20:31:47.848008+00:00
5fc1fc9e-243a-485b-b6b7-176a119eed31,completed,2026-06-19 20:31:48.008797+00:00,2026-06-19 20:31:48.413118+00:00
beaaa901-ca37-468f-afc8-60e20b9d8272,completed,2026-06-19 20:31:49.884036+00:00,2026-06-19 20:31:50.466939+00:00
112ca475-52c0-4dca-b5e1-8290f560c008,completed,2026-06-19 20:31:50.279850+00:00,2026-06-19 20:31:50.888994+00:00
6f130ce5-4983-4be5-88de-82671adeff2a,completed,2026-06-19 20:31:50.672081+00:00,2026-06-19 20:31:51.396284+00:00
f5c94c8f-d4e0-41a2-b129-5e7e5ef5e0e9,completed,2026-06-19 20:31:50.928788+00:00,2026-06-19 20:31:51.672729+00:00
81e1afdc-f844-4d4d-997d-1672eabf5ba4,completed,2026-06-19 20:31:51.237173+00:00,2026-06-19 20:31:51.949632+00:00
c2c5b393-45eb-4325-9eb3-82281f558891,completed,2026-06-19 20:31:37.259420+00:00,2026-06-19 20:31:37.401905+00:00
3400171b-9a9b-49ae-bc78-e267c4099bd4,completed,2026-06-19 20:31:29.667069+00:00,2026-06-19 20:31:29.806081+00:00
12e92b87-f8d4-4bab-bc5f-0f1340becca3,completed,2026-06-19 20:31:30.059752+00:00,2026-06-19 20:31:30.201865+00:00
178f75e1-deac-4e72-96b6-b181181a30f5,completed,2026-06-19 20:31:48.987598+00:00,2026-06-19 20:31:49.473723+00:00
8b158009-5948-4019-b857-5a16bf795a6b,completed,2026-06-19 20:31:30.257016+00:00,2026-06-19 20:31:30.399605+00:00
f8352b29-75d6-4fd1-8559-49397828329e,completed,2026-06-19 20:31:38.901972+00:00,2026-06-19 20:31:39.060633+00:00
2a61fc03-bfa7-40ab-9faa-83472f1fdaf4,completed,2026-06-19 20:31:32.530813+00:00,2026-06-19 20:31:32.684779+00:00
f5d3f6ad-98b5-4f2f-9d6d-be278a6ecab0,completed,2026-06-19 20:31:32.718627+00:00,2026-06-19 20:31:32.863490+00:00
29f67e9c-16a3-4f32-8580-70aa6af6dfbd,completed,2026-06-19 20:31:43.221338+00:00,2026-06-19 20:31:43.361051+00:00
de056cfa-5254-493d-9d61-3a5402006153,completed,2026-06-19 20:31:33.265481+00:00,2026-06-19 20:31:33.418395+00:00
08318000-61af-4d78-9d16-9581134000d2,completed,2026-06-19 20:31:39.061850+00:00,2026-06-19 20:31:39.206573+00:00
7d63ecbc-c1ed-420c-b6bc-f00b4ee46ac3,completed,2026-06-19 20:31:33.987246+00:00,2026-06-19 20:31:34.131686+00:00
cf9fa324-4ada-4a83-a11d-54ae5c3913d6,completed,2026-06-19 20:31:34.872893+00:00,2026-06-19 20:31:35.087603+00:00
d3881443-20a0-46ea-8606-f82823ca9b15,completed,2026-06-19 20:31:35.910573+00:00,2026-06-19 20:31:36.045144+00:00
23e3f98a-c619-434d-9b54-b3cef2cbafe4,completed,2026-06-19 20:31:39.540709+00:00,2026-06-19 20:31:39.698601+00:00
a7d47c8f-c358-4a8c-9826-6fd70bb72fe5,completed,2026-06-19 20:31:36.422818+00:00,2026-06-19 20:31:36.569243+00:00
a5706e25-ef1e-47c8-880c-d932e0a97898,completed,2026-06-19 20:31:43.665297+00:00,2026-06-19 20:31:43.811381+00:00
c9cd5400-72c1-4226-8d63-e8c5b8970cd2,completed,2026-06-19 20:31:40.172097+00:00,2026-06-19 20:31:40.314002+00:00
e3c5947b-de1d-4c36-aeea-8982e1304ccf,completed,2026-06-19 20:31:40.329106+00:00,2026-06-19 20:31:40.467867+00:00
ef61a255-0b6b-47af-b817-0aa19af0b1d6,completed,2026-06-19 20:31:47.636219+00:00,2026-06-19 20:31:48.043697+00:00
847d526b-78cb-4545-8771-6b95fd8495cc,completed,2026-06-19 20:31:41.106350+00:00,2026-06-19 20:31:41.309878+00:00
49135a08-b27b-4c88-9803-b20db1b048f1,completed,2026-06-19 20:31:44.538000+00:00,2026-06-19 20:31:44.746238+00:00
49281e98-44d7-4190-915f-cb514e4592d4,completed,2026-06-19 20:31:45.682938+00:00,2026-06-19 20:31:45.949061+00:00
cf6cd47b-d5f9-46ba-98d8-940104ce086d,completed,2026-06-19 20:31:47.905642+00:00,2026-06-19 20:31:48.358264+00:00
9e017485-1610-45f0-9cc1-9a516892aefc,completed,2026-06-19 20:31:49.129388+00:00,2026-06-19 20:31:49.616680+00:00
be32f649-e37a-4b4a-9bbf-e1a97a5c4d6a,completed,2026-06-19 20:31:50.715355+00:00,2026-06-19 20:31:51.424057+00:00
269c7958-f58e-435f-84be-253f051e58a9,completed,2026-06-19 20:31:51.093930+00:00,2026-06-19 20:31:51.851721+00:00
4d3a0aee-a20f-4421-9c9b-48961f1c3807,completed,2026-06-19 20:31:51.349866+00:00,2026-06-19 20:31:52.127878+00:00
d6961b7d-a66d-4702-a6c4-cdc843bc9a93,completed,2026-06-19 20:31:53.626389+00:00,2026-06-19 20:31:54.718747+00:00
af3fddd8-6363-4b74-98b4-eb2e05474392,completed,2026-06-19 20:31:54.124152+00:00,2026-06-19 20:31:55.363630+00:00
8cb7fe32-f1e6-4fec-a96e-436bcab93087,completed,2026-06-19 20:31:54.246666+00:00,2026-06-19 20:31:55.499039+00:00
5bbba0fd-975e-4203-8f50-2d85f6eeb1aa,completed,2026-06-19 20:31:42.810122+00:00,2026-06-19 20:31:42.972625+00:00
d958a0a3-fae4-4bcd-8a2f-cb2d0bcadb04,completed,2026-06-19 20:31:36.122494+00:00,2026-06-19 20:31:36.265220+00:00
86275855-a450-4f96-8130-a38d11110918,completed,2026-06-19 20:31:49.154145+00:00,2026-06-19 20:31:49.677243+00:00
9d3e87e4-82f5-46d0-80bb-aa7c467e4c6b,completed,2026-06-19 20:31:36.462798+00:00,2026-06-19 20:31:36.622688+00:00
dbaccbf6-efa9-4986-8d65-74590c83ffaf,completed,2026-06-19 20:31:42.958342+00:00,2026-06-19 20:31:43.126734+00:00
57e6e96c-92e5-4289-9926-b56d7253707e,completed,2026-06-19 20:31:36.812767+00:00,2026-06-19 20:31:36.970055+00:00
df249bf2-f0f6-4db7-b760-172ca6566acb,completed,2026-06-19 20:31:36.970424+00:00,2026-06-19 20:31:37.111141+00:00
4f05e3ba-c955-4f53-8fe5-0cdc52b6b564,completed,2026-06-19 20:31:46.561666+00:00,2026-06-19 20:31:46.912885+00:00
86ec2699-6ab4-450b-9869-cd79a8654ded,completed,2026-06-19 20:31:40.211416+00:00,2026-06-19 20:31:40.392667+00:00
63176446-4c0c-4244-a759-b4dd66bb90f5,completed,2026-06-19 20:31:43.404575+00:00,2026-06-19 20:31:43.588999+00:00
a0c871bf-4ceb-4d76-b389-341d5d4feb3a,completed,2026-06-19 20:31:40.364517+00:00,2026-06-19 20:31:40.526716+00:00
9415179f-cce7-4467-9db2-47282500609c,completed,2026-06-19 20:31:40.990684+00:00,2026-06-19 20:31:41.140028+00:00
2eff3f6e-57d3-4ac4-ab38-b0ccce6ad4e3,completed,2026-06-19 20:31:41.758257+00:00,2026-06-19 20:31:41.931744+00:00
ce6644de-f65e-4ef0-b046-347299d100f3,completed,2026-06-19 20:31:44.719367+00:00,2026-06-19 20:31:44.969213+00:00
a0a84e77-fac9-45a5-a96b-5dcecb315dfc,completed,2026-06-19 20:31:42.211202+00:00,2026-06-19 20:31:42.389735+00:00
9922c7cb-e04d-4e46-9a65-c4ccc40ffb0a,completed,2026-06-19 20:31:42.514175+00:00,2026-06-19 20:31:42.674042+00:00
5888e81f-d777-4dc9-aa55-46547ce2bbdc,completed,2026-06-19 20:31:45.008500+00:00,2026-06-19 20:31:45.234098+00:00
4d7aa902-27b1-4c76-a0f3-b676911e7fcb,completed,2026-06-19 20:31:46.981184+00:00,2026-06-19 20:31:47.372965+00:00
fee16148-ed69-47e7-81bf-8f5fa203bd07,completed,2026-06-19 20:31:45.577186+00:00,2026-06-19 20:31:45.864836+00:00
453424ee-03a7-4384-89d7-a4ee0396eec2,completed,2026-06-19 20:31:47.940735+00:00,2026-06-19 20:31:48.380539+00:00
6939483e-c03a-4e85-a6b3-9871fbb658f9,completed,2026-06-19 20:31:46.423229+00:00,2026-06-19 20:31:46.766290+00:00
fbf19533-e806-4ab8-b56b-78a649edfebb,completed,2026-06-19 20:31:47.117356+00:00,2026-06-19 20:31:47.517337+00:00
2c98dab3-17fe-4465-9381-76b692e216cb,completed,2026-06-19 20:31:47.530905+00:00,2026-06-19 20:31:47.951516+00:00
3fccd19a-46f9-44f2-9d94-b0d00cb184df,completed,2026-06-19 20:31:48.350995+00:00,2026-06-19 20:31:48.785157+00:00
4e55f88f-9ea3-4b2b-8b02-9617f95c9b0a,completed,2026-06-19 20:31:49.950109+00:00,2026-06-19 20:31:50.553437+00:00
538edc9a-313b-4c30-874a-3dc634c31434,completed,2026-06-19 20:31:49.553223+00:00,2026-06-19 20:31:50.115011+00:00
d08ac3ac-306f-43fe-b5d6-03f330cb23ae,completed,2026-06-19 20:31:51.510652+00:00,2026-06-19 20:31:52.337728+00:00
6a4df440-4dca-4235-b541-e60b37a3fc37,completed,2026-06-19 20:31:52.148643+00:00,2026-06-19 20:31:53.089341+00:00
4e5092c8-87c0-4e14-bb5c-e9737411c72a,completed,2026-06-19 20:31:52.276400+00:00,2026-06-19 20:31:53.244154+00:00
48c84226-d2b8-422f-ab69-757787174721,completed,2026-06-19 20:31:52.412599+00:00,2026-06-19 20:31:53.381755+00:00
1cc21f47-f732-4d6e-b1a8-60f2a1dce00f,completed,2026-06-19 20:31:52.907223+00:00,2026-06-19 20:31:53.944722+00:00
a997ed34-40ec-476f-87e1-09e99b4014be,completed,2026-06-19 20:31:58.155687+00:00,2026-06-19 20:32:00.399454+00:00
c9c735e6-b12b-4916-9395-31db7f35452e,completed,2026-06-19 20:31:51.446560+00:00,2026-06-19 20:31:52.253471+00:00
2e797f51-0000-497f-8769-972e14c340e3,completed,2026-06-19 20:32:02.760622+00:00,2026-06-19 20:32:06.591693+00:00
e4cd12c0-bf13-4fbe-8026-a9e57b40033f,completed,2026-06-19 20:31:52.100714+00:00,2026-06-19 20:31:52.967917+00:00
4e4acc19-be40-4434-bc67-07b192654c9b,completed,2026-06-19 20:31:58.848459+00:00,2026-06-19 20:32:01.285908+00:00
d215dfd8-fa4a-4df5-8509-2daf91d188a8,completed,2026-06-19 20:31:52.339986+00:00,2026-06-19 20:31:53.263107+00:00
0ad3517e-bc46-4684-8f21-abee128f0847,completed,2026-06-19 20:31:53.096172+00:00,2026-06-19 20:31:54.132699+00:00
8c4ba2b2-4b50-4ef5-ad5d-1d894d335ee9,completed,2026-06-19 20:31:58.963351+00:00,2026-06-19 20:32:01.450219+00:00
c52775c4-02ae-49b5-9316-379944f71ea7,completed,2026-06-19 20:31:54.336673+00:00,2026-06-19 20:31:55.589450+00:00
c64debe6-ef1b-47cb-a1cf-8afbf7a8133a,completed,2026-06-19 20:31:54.704052+00:00,2026-06-19 20:31:56.036605+00:00
02772064-5b8c-4be1-9bd5-ba3ea9177e40,completed,2026-06-19 20:31:55.794624+00:00,2026-06-19 20:31:57.358115+00:00
99b87d30-606d-4e80-9074-c292fbce3dc7,completed,2026-06-19 20:31:56.391880+00:00,2026-06-19 20:31:58.109893+00:00
8d809f02-6d0d-4228-ade1-7179e4caaf34,completed,2026-06-19 20:31:57.806220+00:00,2026-06-19 20:31:59.904948+00:00
c5666823-4fce-43cc-8b12-ceb71ec92dda,completed,2026-06-19 20:32:02.979188+00:00,2026-06-19 20:32:06.890058+00:00
27ded42f-7465-420c-b475-f3d22e9adbfe,completed,2026-06-19 20:32:00.327222+00:00,2026-06-19 20:32:03.272674+00:00
2d37e5f3-bea9-40d4-a8ff-42219b48dfeb,completed,2026-06-19 20:32:03.731186+00:00,2026-06-19 20:32:07.961491+00:00
01cd0955-628d-4b67-a046-50dc93d94331,completed,2026-06-19 20:32:04.376080+00:00,2026-06-19 20:32:08.836467+00:00
e27cc246-b205-4df8-932e-e1b1b5035483,completed,2026-06-19 20:32:03.194389+00:00,2026-06-19 20:32:07.268499+00:00
bf7a5689-c441-4092-9fc0-ff898e5fa890,completed,2026-06-19 20:32:03.843431+00:00,2026-06-19 20:32:08.124135+00:00
e891af48-ba17-478a-8f24-f11c72837b35,completed,2026-06-19 20:32:04.798163+00:00,2026-06-19 20:32:09.394066+00:00
f9578975-660f-4c90-808a-af27c537de54,completed,2026-06-19 20:32:05.534509+00:00,2026-06-19 20:32:10.521735+00:00
61dcd1bb-4b41-4f21-b750-152307d314ff,completed,2026-06-19 20:32:05.642749+00:00,2026-06-19 20:32:10.653224+00:00
4dd2a8d5-33ea-4a83-8f10-2b4fc329a8ba,completed,2026-06-19 20:32:05.849974+00:00,2026-06-19 20:32:10.925153+00:00
5af05b55-464c-48eb-b09c-87779e222fd1,completed,2026-06-19 20:32:06.887005+00:00,2026-06-19 20:32:12.509371+00:00
400b7e3b-7f62-4475-b3dc-e3a2fd5f1f61,completed,2026-06-19 20:32:07.401462+00:00,2026-06-19 20:32:13.295926+00:00
bd883a60-4a2f-4333-880f-825d8c195b60,completed,2026-06-19 20:32:07.807102+00:00,2026-06-19 20:32:13.855358+00:00
f383f52b-348e-46cd-abd0-e28dacb4ccf7,completed,2026-06-19 20:32:08.618485+00:00,2026-06-19 20:32:15.059443+00:00
62e5e38c-24ff-4ee0-93a6-8d30fcb3e071,completed,2026-06-19 20:32:09.121002+00:00,2026-06-19 20:32:15.814459+00:00
a506fdfc-b97e-43d4-aa49-cc5c1a3845fe,completed,2026-06-19 20:32:09.322370+00:00,2026-06-19 20:32:16.116455+00:00
749f7a71-842c-4e80-b8de-77de653bd20d,completed,2026-06-19 20:32:09.422719+00:00,2026-06-19 20:32:16.260813+00:00
62c3b077-6260-4759-8081-5f4e4012b57e,completed,2026-06-19 20:32:11.022305+00:00,2026-06-19 20:32:18.566357+00:00
aa8fbeee-aec4-40c8-a6f8-58083cc8d3e0,completed,2026-06-19 20:32:00.834933+00:00,2026-06-19 20:32:03.986351+00:00
318ef57e-9553-41d0-89b3-64f1b315a47a,completed,2026-06-19 20:31:53.035704+00:00,2026-06-19 20:31:54.079637+00:00
e3856db5-7a3e-42a9-8e91-82617c850b2a,completed,2026-06-19 20:31:53.285241+00:00,2026-06-19 20:31:54.404894+00:00
ab5fd9ab-bf7b-47df-8172-0780b721622f,completed,2026-06-19 20:32:02.595997+00:00,2026-06-19 20:32:06.353034+00:00
d76a1a2f-8c5a-487f-b729-483c929f8a1e,completed,2026-06-19 20:31:53.655934+00:00,2026-06-19 20:31:54.829375+00:00
0b09daaf-57cb-4fa6-9f14-c27398412dc3,completed,2026-06-19 20:32:01.164964+00:00,2026-06-19 20:32:04.417869+00:00
5732b6dc-ed18-4b3e-a814-fefc1fe83a0e,completed,2026-06-19 20:31:56.094163+00:00,2026-06-19 20:31:57.742622+00:00
70dafb21-45bb-4d37-b431-10b28b85e122,completed,2026-06-19 20:31:57.162982+00:00,2026-06-19 20:31:59.051445+00:00
15227f9c-d519-4ad7-9bac-1b62ac258ebe,completed,2026-06-19 20:31:57.982357+00:00,2026-06-19 20:32:00.145039+00:00
30fd4130-4d1c-4abf-9113-26d8e2c688d6,completed,2026-06-19 20:31:58.445779+00:00,2026-06-19 20:32:00.725437+00:00
46143887-9597-40c1-9b6e-d26dc71c072e,completed,2026-06-19 20:31:59.477724+00:00,2026-06-19 20:32:02.160485+00:00
cca2bb2d-6d2d-4acc-96e8-32063f4fc577,completed,2026-06-19 20:32:02.159637+00:00,2026-06-19 20:32:05.763195+00:00
05228421-01a8-4ecf-8a17-38dcbbcb4fcc,completed,2026-06-19 20:32:02.379111+00:00,2026-06-19 20:32:06.065537+00:00
b719171f-339c-49d8-aef8-3339c9e92ff5,completed,2026-06-19 20:32:03.463079+00:00,2026-06-19 20:32:07.589472+00:00
e3ea9e89-06d3-4d2f-8653-8ed62514cff0,completed,2026-06-19 20:32:05.907199+00:00,2026-06-19 20:32:11.017337+00:00
9cb60beb-0446-400a-8359-2b0115b5ba18,completed,2026-06-19 20:32:03.785330+00:00,2026-06-19 20:32:08.036659+00:00
00babbbe-eb54-4d02-968a-cb10e0550c25,completed,2026-06-19 20:32:04.214501+00:00,2026-06-19 20:32:08.647300+00:00
f698e188-aef7-4966-be96-28570ccb516d,completed,2026-06-19 20:32:04.854016+00:00,2026-06-19 20:32:09.534973+00:00
a9ec6068-c600-4eb1-a7ec-c429d849b83c,completed,2026-06-19 20:32:05.483143+00:00,2026-06-19 20:32:10.400825+00:00
8afe3738-7213-4e39-9f8e-87e20f3d0943,completed,2026-06-19 20:32:05.796656+00:00,2026-06-19 20:32:10.902876+00:00
b19d5694-b67d-42ab-8f67-1452a563a423,completed,2026-06-19 20:32:06.006036+00:00,2026-06-19 20:32:11.148653+00:00
00131e18-4f83-4db0-a093-7d1d1cc80535,completed,2026-06-19 20:32:06.113984+00:00,2026-06-19 20:32:11.302497+00:00
9bf1f92a-20ec-47bc-8129-189f585f6410,completed,2026-06-19 20:32:06.217032+00:00,2026-06-19 20:32:11.483774+00:00
dc8e73eb-8129-475c-b60e-a7abe9dd6a3c,completed,2026-06-19 20:32:06.423217+00:00,2026-06-19 20:32:11.803147+00:00
74880f22-775d-430f-92ac-cbd758cee3b1,completed,2026-06-19 20:32:06.524455+00:00,2026-06-19 20:32:11.993388+00:00
0b8d2975-8fca-4036-ba24-8a81d17f0e76,completed,2026-06-19 20:32:06.630148+00:00,2026-06-19 20:32:12.136384+00:00
fb54423c-2856-4be3-932e-03b6e3d20bae,completed,2026-06-19 20:32:07.040086+00:00,2026-06-19 20:32:12.773516+00:00
c587f7b5-9432-4a77-8202-5e73825245e8,completed,2026-06-19 20:32:07.246486+00:00,2026-06-19 20:32:13.048362+00:00
de5030c5-87a9-40db-a1e9-06c040b75c3c,completed,2026-06-19 20:32:07.656407+00:00,2026-06-19 20:32:13.641817+00:00
7625e599-eba4-4b7e-b557-d5fa13432d3d,completed,2026-06-19 20:32:08.266551+00:00,2026-06-19 20:32:14.476839+00:00
2bdac7c8-e475-4ce3-9db3-ad5ace21b46f,completed,2026-06-19 20:32:08.368261+00:00,2026-06-19 20:32:14.632293+00:00
bae83940-0236-4a1f-82cd-bb0dfb58bcf5,completed,2026-06-19 20:32:02.569116+00:00,2026-06-19 20:32:06.292784+00:00
e39cdab1-0588-4551-b79a-c8d28d1dfa4a,completed,2026-06-19 20:31:54.856105+00:00,2026-06-19 20:31:56.219680+00:00
5fa7750f-3f34-4b99-9139-e938b78ea0c6,completed,2026-06-19 20:31:57.249696+00:00,2026-06-19 20:31:59.186215+00:00
aa95f3d4-8ea6-46e0-b4ab-23bfb9dfb595,completed,2026-06-19 20:31:54.977562+00:00,2026-06-19 20:31:56.377071+00:00
c1cdd82f-7eba-48a6-8380-46adfcc2f5f4,completed,2026-06-19 20:31:55.220734+00:00,2026-06-19 20:31:56.653253+00:00
11de5aa7-bb55-4d98-a2fb-1d6075b0009f,completed,2026-06-19 20:32:01.141582+00:00,2026-06-19 20:32:04.395178+00:00
5ecba6dd-fe89-4838-8cd6-35229fe3197d,completed,2026-06-19 20:31:55.350032+00:00,2026-06-19 20:31:56.853994+00:00
617b9f70-22f6-42d8-9810-0067bf6fb82b,completed,2026-06-19 20:31:58.068386+00:00,2026-06-19 20:32:00.257520+00:00
8860211c-8f43-4e0a-bed0-15e8f7161dda,completed,2026-06-19 20:31:55.943367+00:00,2026-06-19 20:31:57.595939+00:00
754e6662-294b-4d07-874d-50255ab194dd,completed,2026-06-19 20:31:56.303192+00:00,2026-06-19 20:31:58.032030+00:00
f3ed2f53-8706-462c-a2d7-d8a1380b85ac,completed,2026-06-19 20:31:58.184757+00:00,2026-06-19 20:32:00.406468+00:00
d9bce3a3-db0e-4907-aea3-58d373781329,completed,2026-06-19 20:31:56.543362+00:00,2026-06-19 20:31:58.335018+00:00
c9f2afd4-2bb5-4a61-a436-daee31b5f4e2,completed,2026-06-19 20:31:56.659886+00:00,2026-06-19 20:31:58.477452+00:00
e605c15d-45d4-454f-8e71-93e5798f7cee,completed,2026-06-19 20:31:58.416056+00:00,2026-06-19 20:32:00.773526+00:00
9ccf896d-3ed4-499b-9284-2ecd0fc18e62,completed,2026-06-19 20:31:57.135912+00:00,2026-06-19 20:31:59.024385+00:00
a3a20ce4-bbff-42c5-a4b2-f70ce09bc70b,completed,2026-06-19 20:31:58.878200+00:00,2026-06-19 20:32:01.298069+00:00
067be168-9d56-4072-b333-3358948160d5,completed,2026-06-19 20:32:01.808872+00:00,2026-06-19 20:32:05.278950+00:00
e3cdabcd-6d5c-4aaf-964d-2340ef860716,completed,2026-06-19 20:31:59.448736+00:00,2026-06-19 20:32:02.092479+00:00
6a648b8f-78bc-4505-9411-0e82a13a3a77,completed,2026-06-19 20:32:03.762709+00:00,2026-06-19 20:32:08.020894+00:00
433f4896-b24a-44ca-826e-2e653f07ff3d,completed,2026-06-19 20:32:03.439387+00:00,2026-06-19 20:32:07.584623+00:00
4eba1d16-df15-40f9-9471-7d5c8e93c536,completed,2026-06-19 20:32:03.544135+00:00,2026-06-19 20:32:07.729274+00:00
da953bcf-0f64-4fdc-a1b7-dd71f2c107ec,completed,2026-06-19 20:32:03.654421+00:00,2026-06-19 20:32:07.887045+00:00
84eaee6b-9ff7-4fd1-adbf-d0c5e73974a0,completed,2026-06-19 20:32:04.507779+00:00,2026-06-19 20:32:09.064246+00:00
27735fac-abe1-4cc8-a23f-8a71ab26b0eb,completed,2026-06-19 20:32:05.561885+00:00,2026-06-19 20:32:10.563018+00:00
5532419a-cca5-495b-b0e6-5845da97de19,completed,2026-06-19 20:32:05.785336+00:00,2026-06-19 20:32:10.840688+00:00
cad81a2d-ee60-4d65-803c-92a244e3b636,completed,2026-06-19 20:32:06.808500+00:00,2026-06-19 20:32:12.404321+00:00
695f0eec-2984-424e-9c4e-69fa66465bf6,completed,2026-06-19 20:32:07.630129+00:00,2026-06-19 20:32:13.610836+00:00
9066bcef-dff9-47eb-84af-1348a2a99725,completed,2026-06-19 20:32:07.936587+00:00,2026-06-19 20:32:14.037866+00:00
e835e417-04e5-49e7-abf7-f12b5056c80f,completed,2026-06-19 20:32:08.036659+00:00,2026-06-19 20:32:14.193524+00:00
78bf4cb6-bf61-4d74-a3e6-8370de4109fc,completed,2026-06-19 20:32:08.241930+00:00,2026-06-19 20:32:14.484575+00:00
1e37fa5b-d823-4aba-b5e1-26fd313d6cfd,completed,2026-06-19 20:31:56.005026+00:00,2026-06-19 20:31:57.621070+00:00
13bfd1e9-1776-4f5a-8196-ef4b1b348242,completed,2026-06-19 20:32:02.079615+00:00,2026-06-19 20:32:05.655513+00:00
1835e5bf-afc3-4269-a158-cc23e149f020,completed,2026-06-19 20:31:57.776876+00:00,2026-06-19 20:31:59.866219+00:00
294d0ecf-fc97-49c4-8c4d-a7f760cefd5f,completed,2026-06-19 20:31:59.051716+00:00,2026-06-19 20:32:01.588946+00:00
1e409881-625b-439c-b21b-5c5261abf297,completed,2026-06-19 20:31:59.505096+00:00,2026-06-19 20:32:02.187111+00:00
d5891b29-2bd3-42a4-bd89-253ec8121369,completed,2026-06-19 20:31:59.959420+00:00,2026-06-19 20:32:02.814086+00:00
7d66dd01-b64f-4c6b-bc27-4901275d4d02,completed,2026-06-19 20:32:00.635891+00:00,2026-06-19 20:32:03.711135+00:00
877540cc-c316-4e89-a142-c07543d1c668,completed,2026-06-19 20:32:01.525142+00:00,2026-06-19 20:32:04.863838+00:00
a1e6d02e-751d-4711-8b5e-28896b84cd2f,completed,2026-06-19 20:32:01.634397+00:00,2026-06-19 20:32:05.041061+00:00
bda000d2-de20-413e-82ba-eb4d83ba044c,completed,2026-06-19 20:32:03.815416+00:00,2026-06-19 20:32:08.081292+00:00
ac64fb8e-a45b-4a67-ac04-d1b9788ed41d,completed,2026-06-19 20:32:04.240034+00:00,2026-06-19 20:32:08.656281+00:00
2136f10a-54b7-44f4-a5c6-75c685db4795,completed,2026-06-19 20:32:04.348422+00:00,2026-06-19 20:32:08.830683+00:00
56750357-2f71-4bad-b638-7aa55b64eefa,completed,2026-06-19 20:32:04.877931+00:00,2026-06-19 20:32:09.528817+00:00
2dbfb78c-2d4c-4bca-8f66-5134df538748,completed,2026-06-19 20:32:04.453476+00:00,2026-06-19 20:32:08.972404+00:00
0e89a215-753c-40a2-9a66-32aba639350c,completed,2026-06-19 20:32:04.984872+00:00,2026-06-19 20:32:09.725753+00:00
f1e4678a-df9e-4ac1-ae5a-7ba9c521470a,completed,2026-06-19 20:32:05.404933+00:00,2026-06-19 20:32:10.285229+00:00
9d29a8a6-e360-41e3-ae51-b609fed6e1b6,completed,2026-06-19 20:32:05.718534+00:00,2026-06-19 20:32:10.724217+00:00
99c5ccdf-1510-4fd8-b8c3-d111252f331c,completed,2026-06-19 20:32:06.239831+00:00,2026-06-19 20:32:11.560988+00:00
a755e380-6f96-438f-a2f1-61bfe81c031f,completed,2026-06-19 20:32:06.446512+00:00,2026-06-19 20:32:11.854039+00:00
d202201a-92a8-4d69-9971-7bfbd111290c,completed,2026-06-19 20:32:06.556817+00:00,2026-06-19 20:32:11.997148+00:00
407b79ac-983f-437b-adb0-a2ba383a9603,completed,2026-06-19 20:32:06.759476+00:00,2026-06-19 20:32:12.290847+00:00
b7246453-0a2d-4939-9013-591bc1d83dd1,completed,2026-06-19 20:32:06.861120+00:00,2026-06-19 20:32:12.452760+00:00
bb032d16-609d-40af-bf6a-69db1f085aae,completed,2026-06-19 20:32:06.963712+00:00,2026-06-19 20:32:12.591322+00:00
f49390fe-5f72-4289-8d23-8ba21f17b89b,completed,2026-06-19 20:32:08.289902+00:00,2026-06-19 20:32:14.618550+00:00
a2354653-2bcc-4529-8142-aaef442ba4f2,completed,2026-06-19 20:32:08.694099+00:00,2026-06-19 20:32:15.190674+00:00
8b9848da-2207-4950-844b-e9a9c56f4ce6,completed,2026-06-19 20:32:08.796528+00:00,2026-06-19 20:32:15.328127+00:00
a17a5504-d481-43d8-8d28-100b79d00408,completed,2026-06-19 20:32:08.995672+00:00,2026-06-19 20:32:15.616937+00:00
9be9974b-d2cd-40b8-8acb-49dc19edd841,completed,2026-06-19 20:32:09.196550+00:00,2026-06-19 20:32:15.891505+00:00
54e08689-e20a-4911-9cd0-dfe916b26ccf,completed,2026-06-19 20:32:09.296735+00:00,2026-06-19 20:32:16.032761+00:00
f13160b2-5b9d-4f4e-94cd-9cdf6ca74e9f,completed,2026-06-19 20:32:09.698228+00:00,2026-06-19 20:32:16.648041+00:00
6cd7b9ff-aab2-4a3e-89d0-6b1447cd71ba,completed,2026-06-19 20:32:10.095691+00:00,2026-06-19 20:32:17.264362+00:00
790b3932-49c1-4d0a-a1b6-26fb3e998eae,completed,2026-06-19 20:32:11.447191+00:00,2026-06-19 20:32:19.229314+00:00
59986d10-6997-48a8-814a-98f236c98af9,completed,2026-06-19 20:32:08.745405+00:00,2026-06-19 20:32:15.244122+00:00
b06ce494-f9de-4408-9476-d499c3ae28b5,completed,2026-06-19 20:32:10.645723+00:00,2026-06-19 20:32:18.107232+00:00
07ad77bb-e44e-4589-baf3-44b3c19b35bd,completed,2026-06-19 20:32:09.046165+00:00,2026-06-19 20:32:15.672939+00:00
232f0f95-e8af-4115-bb66-12c160fedaad,completed,2026-06-19 20:32:14.849946+00:00,2026-06-19 20:32:24.322795+00:00
60539aaa-063a-443f-817b-29473841c906,completed,2026-06-19 20:32:09.645703+00:00,2026-06-19 20:32:16.581967+00:00
32d4ff55-0bb4-4690-9e59-a4c22ca73dec,completed,2026-06-19 20:32:10.047041+00:00,2026-06-19 20:32:17.152378+00:00
b232b5ed-108f-4609-8bc9-9491e381c8b3,completed,2026-06-19 20:32:10.946335+00:00,2026-06-19 20:32:18.529976+00:00
338fa155-2749-4711-906c-7bdbfc1cd74f,completed,2026-06-19 20:32:10.246920+00:00,2026-06-19 20:32:17.482524+00:00
94bd3d99-1e46-42a3-a650-a6c48febe6b8,completed,2026-06-19 20:32:11.746242+00:00,2026-06-19 20:32:19.699141+00:00
c0826305-5747-4e37-bde3-2fe58b45786b,completed,2026-06-19 20:32:11.344832+00:00,2026-06-19 20:32:19.083349+00:00
b402a388-32ca-4d77-82f4-86b338eb574d,completed,2026-06-19 20:32:12.250935+00:00,2026-06-19 20:32:20.453489+00:00
aaba8e20-903a-49c4-ab35-963b6106ea1d,completed,2026-06-19 20:32:11.946333+00:00,2026-06-19 20:32:19.970969+00:00
81cf6540-1a0d-4be6-9286-e1060200dda7,completed,2026-06-19 20:32:12.352227+00:00,2026-06-19 20:32:20.605885+00:00
164a67b8-9e94-44d7-8469-b708b66c12cd,completed,2026-06-19 20:32:12.046673+00:00,2026-06-19 20:32:20.106500+00:00
91c392e6-10c8-4441-ab12-a1e26f69d69a,completed,2026-06-19 20:32:12.846170+00:00,2026-06-19 20:32:21.343261+00:00
6a19200a-cd31-443d-8dae-54430a42a4e3,completed,2026-06-19 20:32:16.145980+00:00,2026-06-19 20:32:26.269520+00:00
0a02c474-e350-40ef-97a7-36e1d6a984fc,completed,2026-06-19 20:32:15.451789+00:00,2026-06-19 20:32:25.175775+00:00
0abd6325-5801-4f04-83c3-ae2b20d7e1c8,completed,2026-06-19 20:32:16.745576+00:00,2026-06-19 20:32:27.186110+00:00
f780b8f7-662b-4200-87ba-20166b61b58d,completed,2026-06-19 20:32:16.845710+00:00,2026-06-19 20:32:27.340766+00:00
410d970f-77e4-4df8-b34c-0ce66ee777f5,completed,2026-06-19 20:32:17.645139+00:00,2026-06-19 20:32:28.521995+00:00
40dc1f4b-8e9a-4dfa-b3f8-09ed107db164,completed,2026-06-19 20:32:17.846962+00:00,2026-06-19 20:32:28.803393+00:00
c09631ff-adc2-433e-a0bb-9d946229ee8c,completed,2026-06-19 20:32:18.445103+00:00,2026-06-19 20:32:29.745745+00:00
4527cc9d-3fbf-4701-ab67-02d2d26a2936,completed,2026-06-19 20:32:25.172957+00:00,2026-06-19 20:32:40.500765+00:00
0890816d-109a-4af5-bef8-cb98bbada5c2,completed,2026-06-19 20:32:25.570060+00:00,2026-06-19 20:32:41.065028+00:00
68d9d017-a0ae-4d09-8868-bf59486baa22,completed,2026-06-19 20:32:25.770265+00:00,2026-06-19 20:32:41.420712+00:00
6c9ed753-f1e4-442f-89d0-fc0cce936190,completed,2026-06-19 20:32:25.871262+00:00,2026-06-19 20:32:41.576585+00:00
8c36863a-3074-4888-b9ef-befcebed3a83,completed,2026-06-19 20:32:26.570366+00:00,2026-06-19 20:32:42.650647+00:00
e32f40d3-f163-404d-b9f5-b1822a86264c,completed,2026-06-19 20:32:26.683572+00:00,2026-06-19 20:32:42.799610+00:00
29ef7a5e-b5ef-4694-aadf-0cd345624084,completed,2026-06-19 20:32:27.574623+00:00,2026-06-19 20:32:44.156062+00:00
c158caba-e73e-483d-867e-023e4001ed60,completed,2026-06-19 20:32:27.670394+00:00,2026-06-19 20:32:44.329408+00:00
e6cbefba-85f2-4e33-be32-ebeda30d881f,completed,2026-06-19 20:32:04.825044+00:00,2026-06-19 20:32:09.491860+00:00
540dc994-1fe7-404f-8024-9100abffb7be,completed,2026-06-19 20:32:04.958342+00:00,2026-06-19 20:32:09.680827+00:00
31e3ce97-5da6-4f2b-b69e-46e9626062c1,completed,2026-06-19 20:32:06.473542+00:00,2026-06-19 20:32:11.910952+00:00
6f05f6e2-7d14-446c-933e-44d778dc70a2,completed,2026-06-19 20:32:08.342729+00:00,2026-06-19 20:32:14.620041+00:00
9cc727de-4bbe-475e-abd0-75cb30a44804,completed,2026-06-19 20:32:09.278885+00:00,2026-06-19 20:32:16.032104+00:00
4b94ea0e-af3d-481e-9020-2d84c27b4b71,completed,2026-06-19 20:32:09.070734+00:00,2026-06-19 20:32:15.723139+00:00
faec3c25-69d0-4b06-b9f9-65d40c4e46fe,completed,2026-06-19 20:32:10.171999+00:00,2026-06-19 20:32:17.397089+00:00
a66341d0-06d5-4333-8950-4f5fa3e1a819,completed,2026-06-19 20:32:09.170726+00:00,2026-06-19 20:32:15.879017+00:00
b3531b14-686e-48e9-a0fb-68e6b3b95ba1,completed,2026-06-19 20:32:09.370461+00:00,2026-06-19 20:32:16.200614+00:00
3096089c-1f2b-45b8-b510-729b1a01eb8f,completed,2026-06-19 20:32:09.781122+00:00,2026-06-19 20:32:16.792899+00:00
16c3cd9a-b9b8-402d-84c6-aad042317bfb,completed,2026-06-19 20:32:10.671898+00:00,2026-06-19 20:32:18.117006+00:00
124ac74e-64e3-4dd1-a0c7-e1a0c2040961,completed,2026-06-19 20:32:10.370141+00:00,2026-06-19 20:32:17.684562+00:00
67c8cff3-5977-4ab4-91cf-4f6f961bc11d,completed,2026-06-19 20:32:11.672640+00:00,2026-06-19 20:32:19.615101+00:00
fd5e2e6d-90e0-454f-a953-53f5d85845f1,completed,2026-06-19 20:32:11.969933+00:00,2026-06-19 20:32:20.059983+00:00
b766f106-0a72-4030-8029-8c75a5f3fef2,completed,2026-06-19 20:32:12.172143+00:00,2026-06-19 20:32:20.354968+00:00
8439d2f8-4ab4-46f2-b60d-15e653f85c56,completed,2026-06-19 20:32:12.373194+00:00,2026-06-19 20:32:20.637205+00:00
a56b0b78-f719-4227-8187-7ad24e795603,completed,2026-06-19 20:32:12.870025+00:00,2026-06-19 20:32:21.414843+00:00
478e503b-67aa-4808-bdde-fc8c0c71d21b,completed,2026-06-19 20:32:13.471591+00:00,2026-06-19 20:32:22.283123+00:00
8f6d8f3f-c5e8-4477-91c4-0f0cb92cab55,completed,2026-06-19 20:32:14.371496+00:00,2026-06-19 20:32:23.606845+00:00
bb2beb20-7027-4e4f-b1e8-868ff5e9c17e,completed,2026-06-19 20:32:14.572779+00:00,2026-06-19 20:32:23.892302+00:00
fa3c965c-41f3-43f3-84ed-1d185a225043,completed,2026-06-19 20:32:15.286235+00:00,2026-06-19 20:32:25.017161+00:00
23221378-6639-4266-8656-53d67f0fcb88,completed,2026-06-19 20:32:15.371418+00:00,2026-06-19 20:32:25.152062+00:00
cc4fed69-a79e-4485-b3c3-14455d271724,completed,2026-06-19 20:32:15.772532+00:00,2026-06-19 20:32:25.687217+00:00
e978d5ea-006b-463b-bdf6-24a2705a5717,completed,2026-06-19 20:32:15.871378+00:00,2026-06-19 20:32:25.816189+00:00
71fe2d92-0d8a-4ae6-850b-e5740a91ea23,completed,2026-06-19 20:32:15.970522+00:00,2026-06-19 20:32:25.981243+00:00
942ce92d-018a-4ec4-b21c-a80ae9e7ea1c,completed,2026-06-19 20:32:17.073876+00:00,2026-06-19 20:32:27.687029+00:00
eebac2ba-5041-4383-8104-82982eaa4efc,completed,2026-06-19 20:32:17.669982+00:00,2026-06-19 20:32:28.591226+00:00
4921840b-38e8-47ab-be23-4826588d6834,completed,2026-06-19 20:32:17.772095+00:00,2026-06-19 20:32:28.740244+00:00
5d56bc54-3391-4e84-987a-65296df9339e,completed,2026-06-19 20:32:18.170732+00:00,2026-06-19 20:32:29.316144+00:00
5609923f-8202-465d-97ef-581b9d0bc840,completed,2026-06-19 20:32:18.470475+00:00,2026-06-19 20:32:29.800774+00:00
c8cb1f70-874b-427f-a5c6-c69c85535be1,completed,2026-06-19 20:32:28.871220+00:00,2026-06-19 20:32:46.193099+00:00
09fb16a4-ca31-4d1e-ac20-392e4ade4cf4,completed,2026-06-19 20:32:14.398291+00:00,2026-06-19 20:32:23.656722+00:00
31242b63-0bcd-4df4-8c41-f4bc561026da,completed,2026-06-19 20:32:10.695237+00:00,2026-06-19 20:32:18.118678+00:00
ba3c6eed-ef21-48d9-b877-730063ae1422,completed,2026-06-19 20:32:11.597587+00:00,2026-06-19 20:32:19.480718+00:00
683db293-fd3b-4fae-90c5-e656ff895eac,completed,2026-06-19 20:32:10.997040+00:00,2026-06-19 20:32:18.552557+00:00
487787e8-ba45-4045-9185-4833c792db3f,completed,2026-06-19 20:32:13.496386+00:00,2026-06-19 20:32:22.332501+00:00
502b1868-6a6f-4bfd-ae9c-6c02422ee49d,completed,2026-06-19 20:32:11.195842+00:00,2026-06-19 20:32:18.879735+00:00
075fb92c-ba0b-4769-9023-c0974a2b84ed,completed,2026-06-19 20:32:12.495829+00:00,2026-06-19 20:32:20.833112+00:00
4f0eb014-6751-47a3-b21b-0407aceb35ea,completed,2026-06-19 20:32:12.999413+00:00,2026-06-19 20:32:21.576179+00:00
1f2e476a-85e9-482a-bfd0-80ed5f8e670e,completed,2026-06-19 20:32:13.897344+00:00,2026-06-19 20:32:22.904560+00:00
bd3f18c5-5697-4999-85b5-130a6c9a3be7,completed,2026-06-19 20:32:13.198186+00:00,2026-06-19 20:32:21.866205+00:00
a3cd4d17-c98c-4321-8687-a3e66942333e,completed,2026-06-19 20:32:14.496177+00:00,2026-06-19 20:32:23.843593+00:00
c20f4b6b-63ce-403a-b3f2-0664a7ca127c,completed,2026-06-19 20:32:13.396783+00:00,2026-06-19 20:32:22.184012+00:00
6cfc3ed9-8217-47cc-8b40-22d1f35ca05a,completed,2026-06-19 20:32:13.998052+00:00,2026-06-19 20:32:23.051373+00:00
72e61910-f73f-4949-953f-3666cf816cdb,completed,2026-06-19 20:32:17.594981+00:00,2026-06-19 20:32:28.471011+00:00
8cb1d904-0478-4d9a-9a44-4e200a682667,completed,2026-06-19 20:32:14.296404+00:00,2026-06-19 20:32:23.504077+00:00
e92e0553-a3ec-47c2-b523-6cd20e260ad9,completed,2026-06-19 20:32:18.494926+00:00,2026-06-19 20:32:29.800878+00:00
1e9c8e06-fd93-4630-b03c-fb4b6e09a369,completed,2026-06-19 20:32:14.998118+00:00,2026-06-19 20:32:24.556913+00:00
7063a655-7d8f-4c97-ad55-95664e1464dd,completed,2026-06-19 20:32:17.895098+00:00,2026-06-19 20:32:28.891189+00:00
ad2a89a9-b8b1-4f97-9a56-a6018129e765,completed,2026-06-19 20:32:15.895736+00:00,2026-06-19 20:32:25.868471+00:00
fc532e87-b427-4540-bff4-8f382465ae4c,completed,2026-06-19 20:32:16.599581+00:00,2026-06-19 20:32:26.966852+00:00
384741ec-f3b6-4ef3-8f77-880608dfc1ca,completed,2026-06-19 20:32:18.097307+00:00,2026-06-19 20:32:29.215811+00:00
0077ee61-bcd9-49e0-8177-6450c8962cb2,completed,2026-06-19 20:32:18.294622+00:00,2026-06-19 20:32:29.494499+00:00
80c5a1a0-2c1f-4204-9b0a-33d5b610f5c5,completed,2026-06-19 20:32:20.051276+00:00,2026-06-19 20:32:32.354911+00:00
d22c2c87-96fc-440c-a4bb-9c2fdce6744d,completed,2026-06-19 20:32:29.873650+00:00,2026-06-19 20:32:47.657856+00:00
12587cff-315f-4d47-9b4a-55c41a4c7651,completed,2026-06-19 20:32:31.370333+00:00,2026-06-19 20:32:49.927683+00:00
5d70e715-1383-4489-acf6-d66cd081e49f,completed,2026-06-19 20:32:31.771300+00:00,2026-06-19 20:32:50.525471+00:00
623de5b8-3ff3-4643-900c-f37834c570bd,completed,2026-06-19 20:32:32.172248+00:00,2026-06-19 20:32:51.107176+00:00
c15a5aeb-d5f3-4914-ae3e-ac8c6f5e56f5,completed,2026-06-19 20:32:32.569303+00:00,2026-06-19 20:32:51.699916+00:00
e98a5937-f105-42f0-968c-019289d6d843,completed,2026-06-19 20:32:32.772676+00:00,2026-06-19 20:32:51.993233+00:00
569ab64a-925c-4bbf-9da4-be877eb17e05,completed,2026-06-19 20:32:33.071503+00:00,2026-06-19 20:32:52.458031+00:00
c532cece-3b01-4ee2-9fe0-259fef170991,completed,2026-06-19 20:32:15.222681+00:00,2026-06-19 20:32:24.866788+00:00
b39b5117-8363-4824-8a00-6140a70269cc,completed,2026-06-19 20:32:11.425948+00:00,2026-06-19 20:32:19.174610+00:00
662b9e44-dd5b-424f-a056-19a8b1e492d1,completed,2026-06-19 20:32:12.120089+00:00,2026-06-19 20:32:20.252303+00:00
6a0ba5e4-5ec4-48a5-b6c6-f1c5491f4c2a,completed,2026-06-19 20:32:17.520194+00:00,2026-06-19 20:32:28.319340+00:00
6e9159dd-c11b-4de6-9212-23e7a0a48e7e,completed,2026-06-19 20:32:12.223202+00:00,2026-06-19 20:32:20.400992+00:00
d1916ccc-c174-440a-8a43-ed0b0492de6e,completed,2026-06-19 20:32:15.519858+00:00,2026-06-19 20:32:25.304633+00:00
7a2c83f8-5bfc-4ab7-a63d-750e5c3063ae,completed,2026-06-19 20:32:12.420723+00:00,2026-06-19 20:32:20.711861+00:00
76d3b522-d8b0-4187-964b-4d2166f66248,completed,2026-06-19 20:32:13.820298+00:00,2026-06-19 20:32:22.770413+00:00
845f308d-1472-49dd-9dc3-143aec068053,completed,2026-06-19 20:32:16.120198+00:00,2026-06-19 20:32:26.279734+00:00
a6d3e13a-891c-4829-a80f-91144fbff5a6,completed,2026-06-19 20:32:13.922356+00:00,2026-06-19 20:32:22.937682+00:00
5408e909-4af4-4b2f-a9a2-5c8979a00986,completed,2026-06-19 20:32:17.728440+00:00,2026-06-19 20:32:28.649000+00:00
ca1b46f8-bb67-4d2e-b710-91c6b42947f4,completed,2026-06-19 20:32:15.120618+00:00,2026-06-19 20:32:24.722994+00:00
29a08c5a-dc5c-472e-aec1-16c4e91895c3,completed,2026-06-19 20:32:19.121580+00:00,2026-06-19 20:32:30.753570+00:00
244b445f-3dd9-440d-83da-9b96e3d856e4,completed,2026-06-19 20:32:16.721888+00:00,2026-06-19 20:32:27.174952+00:00
aec5f48e-0249-4275-a5fa-16489fd12a0e,completed,2026-06-19 20:32:17.820924+00:00,2026-06-19 20:32:28.791195+00:00
576dfbf0-25e8-4122-9143-3f4533ac0ae7,completed,2026-06-19 20:32:17.020394+00:00,2026-06-19 20:32:27.592976+00:00
a83429e0-543e-4e54-81b9-06ba220b65c4,completed,2026-06-19 20:32:17.121511+00:00,2026-06-19 20:32:27.737791+00:00
64e921db-869e-4e11-8ae0-9bf1c6e23b58,completed,2026-06-19 20:32:20.295212+00:00,2026-06-19 20:32:32.714579+00:00
e81cfe83-7c7f-4e70-af09-835486e60923,completed,2026-06-19 20:32:18.119975+00:00,2026-06-19 20:32:29.223388+00:00
08cb151b-1684-4647-a112-12f9c6da887d,completed,2026-06-19 20:32:18.319513+00:00,2026-06-19 20:32:29.521335+00:00
90b9fe22-c65b-4886-a731-eaa3a2943230,completed,2026-06-19 20:32:18.644914+00:00,2026-06-19 20:32:30.095770+00:00
3a65d903-565a-43ef-b800-7017b3fbeac9,completed,2026-06-19 20:32:20.722413+00:00,2026-06-19 20:32:33.369405+00:00
12a352b4-7018-4d49-80c7-ee779231989a,completed,2026-06-19 20:32:21.343658+00:00,2026-06-19 20:32:34.311119+00:00
39a3b8e2-edb8-4c58-b74f-11c4bbdc53e1,completed,2026-06-19 20:32:21.374909+00:00,2026-06-19 20:32:34.346355+00:00
003b80f6-dc5a-44c3-a3c3-a7312b4fc0cb,completed,2026-06-19 20:32:22.244545+00:00,2026-06-19 20:32:35.822176+00:00
65c4cc53-6ca5-43f1-ab92-935a9331c4ba,completed,2026-06-19 20:32:22.699352+00:00,2026-06-19 20:32:36.531907+00:00
ed42305a-61b4-4253-8f73-76c608a6a15b,completed,2026-06-19 20:32:36.345254+00:00,2026-06-19 20:32:57.344990+00:00
dfce7ba8-06b9-431f-b1e4-7417f561316d,completed,2026-06-19 20:32:07.679353+00:00,2026-06-19 20:32:13.681069+00:00
69d21d87-0e7a-4eee-b8ac-375dfacb5db9,completed,2026-06-19 20:32:23.071965+00:00,2026-06-19 20:32:37.198167+00:00
5c86a866-0c9d-4b15-a6ce-13f0df35a2fc,completed,2026-06-19 20:32:23.171575+00:00,2026-06-19 20:32:37.380730+00:00
4be6f4fd-2c0c-4447-96e9-174dbcdaecfe,completed,2026-06-19 20:32:34.470642+00:00,2026-06-19 20:32:54.492425+00:00
d0d8f099-791d-4fb9-a903-92551fc856ee,completed,2026-06-19 20:32:30.195331+00:00,2026-06-19 20:32:48.142188+00:00
4f08d278-72da-4948-8845-5bdc2cca8e06,completed,2026-06-19 20:32:30.495427+00:00,2026-06-19 20:32:48.598288+00:00
2a3aa6d0-d63c-4a79-81b7-89e0a50f9fb9,completed,2026-06-19 20:32:31.094514+00:00,2026-06-19 20:32:49.527892+00:00
df16e316-f0dc-48f9-8ef5-9e3108ad2a2d,completed,2026-06-19 20:32:33.371000+00:00,2026-06-19 20:32:52.903073+00:00
613043f9-e538-40e0-ba1d-2e0b735ea352,completed,2026-06-19 20:32:33.770994+00:00,2026-06-19 20:32:53.509632+00:00
54b4bd3f-4129-48aa-9d19-c54c3b1ca843,completed,2026-06-19 20:32:34.073483+00:00,2026-06-19 20:32:53.934353+00:00
4b69f893-121c-46cb-9d3e-95322e114fe4,completed,2026-06-19 20:32:34.271394+00:00,2026-06-19 20:32:54.201070+00:00
bc6f3ec4-bf7d-4d0e-bd7b-fb618390e2e8,completed,2026-06-19 20:32:37.045270+00:00,2026-06-19 20:32:58.408241+00:00
ab751a89-f2fb-4ab0-8dae-7f83be6aba63,completed,2026-06-19 20:32:34.421339+00:00,2026-06-19 20:32:54.475491+00:00
df2ef702-3df1-426a-9c2b-8c613fc3000f,completed,2026-06-19 20:32:34.821613+00:00,2026-06-19 20:32:55.025832+00:00
fd9f9fa9-9d87-4077-8a0c-451aa73d7606,completed,2026-06-19 20:32:34.919967+00:00,2026-06-19 20:32:55.183388+00:00
dd3fcd91-9b88-4bc1-9577-643995ff2d04,completed,2026-06-19 20:32:35.405483+00:00,2026-06-19 20:32:55.948054+00:00
a501afb9-f5e6-4c6d-873c-e3a4ae5b6c4f,completed,2026-06-19 20:32:35.522685+00:00,2026-06-19 20:32:56.082498+00:00
9c8f4346-a59c-409e-afbd-53c98b56abc5,completed,2026-06-19 20:32:35.594230+00:00,2026-06-19 20:32:56.219622+00:00
9bac9921-9040-4af8-9b85-35f88c031b34,completed,2026-06-19 20:32:35.794232+00:00,2026-06-19 20:32:56.518817+00:00
04222315-fe13-43e8-9278-bc566d10f14e,completed,2026-06-19 20:32:36.095467+00:00,2026-06-19 20:32:56.959242+00:00
342a93cd-e0ba-40f4-a149-780fcdcda3f5,completed,2026-06-19 20:32:36.393528+00:00,2026-06-19 20:32:57.428280+00:00
dfd95699-4a2c-4c8a-a7c9-e5a4b3361e58,completed,2026-06-19 20:32:36.294601+00:00,2026-06-19 20:32:57.262946+00:00
4d28148f-0ee4-4184-bdbf-7ae83cd61503,completed,2026-06-19 20:32:36.319739+00:00,2026-06-19 20:32:57.285707+00:00
3913c0a9-97f7-43a6-b27e-f5298a6a9d39,completed,2026-06-19 20:32:36.619414+00:00,2026-06-19 20:32:57.743755+00:00
6e6ac2bc-a732-4907-9a42-3f4764ec88a6,completed,2026-06-19 20:32:36.571434+00:00,2026-06-19 20:32:57.678384+00:00
a2a3bec4-ee92-4985-91b4-9739ec2457ce,completed,2026-06-19 20:32:36.895432+00:00,2026-06-19 20:32:58.147295+00:00
cbaf106f-d734-4b61-8379-e4356a38f0f1,completed,2026-06-19 20:32:36.795976+00:00,2026-06-19 20:32:58.011755+00:00
f31e73b7-8960-448c-890f-acbaa1636704,completed,2026-06-19 20:32:36.820425+00:00,2026-06-19 20:32:58.052555+00:00
0a8c934c-5dbb-45a3-99f0-e47b4d2983ec,completed,2026-06-19 20:32:36.996882+00:00,2026-06-19 20:32:58.287725+00:00
017d3de9-219f-4e10-8715-d8a6623b41ec,completed,2026-06-19 20:32:37.170868+00:00,2026-06-19 20:32:58.568089+00:00
deb51f95-593e-43e4-956c-28e20d68033d,completed,2026-06-19 20:32:44.919891+00:00,2026-06-19 20:33:10.305402+00:00
87f46e6f-4319-4671-9cc1-b5126b092d0c,completed,2026-06-19 20:32:37.520424+00:00,2026-06-19 20:32:59.044263+00:00
158f98d4-63b8-4255-9f3b-a04d70ff74a1,completed,2026-06-19 20:32:38.019660+00:00,2026-06-19 20:32:59.829508+00:00
af007aad-a185-4c68-a72d-164413cccc2a,completed,2026-06-19 20:32:38.919370+00:00,2026-06-19 20:33:01.180901+00:00
39dc1c95-def2-471f-b874-61219cd0e06f,completed,2026-06-19 20:32:39.720695+00:00,2026-06-19 20:33:02.393219+00:00
24410d48-71e5-49b0-88ea-c5eccbeea379,completed,2026-06-19 20:32:39.922341+00:00,2026-06-19 20:33:02.693353+00:00
9b581ddf-f116-4e1d-8de6-e59694e84d33,completed,2026-06-19 20:32:40.119937+00:00,2026-06-19 20:33:03.061810+00:00
c2e5d28e-140c-4feb-b243-5db34220d7d6,completed,2026-06-19 20:32:41.322071+00:00,2026-06-19 20:33:04.866507+00:00
638048fa-3124-4add-978f-7f4ab2c013ba,completed,2026-06-19 20:32:42.119329+00:00,2026-06-19 20:33:06.110176+00:00
2ba46d41-8db6-429c-aa5c-91b50605915e,completed,2026-06-19 20:32:42.422473+00:00,2026-06-19 20:33:06.583664+00:00
d928e9bf-cf2b-4c48-bc64-7b880c297c05,completed,2026-06-19 20:32:42.619597+00:00,2026-06-19 20:33:06.854223+00:00
06c49c33-38c2-4c8d-b4a9-f57e9b41942d,completed,2026-06-19 20:32:43.120536+00:00,2026-06-19 20:33:07.640437+00:00
e3f5e653-f83e-4aa8-8af1-64942d196580,completed,2026-06-19 20:32:43.320405+00:00,2026-06-19 20:33:07.957955+00:00
486799cf-62bc-4fd3-a675-eee37a50286b,completed,2026-06-19 20:32:43.621670+00:00,2026-06-19 20:33:08.391056+00:00
52809b86-7ed2-4336-8888-a6d0d97d3f15,completed,2026-06-19 20:32:43.818741+00:00,2026-06-19 20:33:08.686578+00:00
b3c9729f-ce3b-42a5-b105-d8404fb61bc5,completed,2026-06-19 20:32:45.119711+00:00,2026-06-19 20:33:10.640991+00:00
361e754b-3b31-47ba-9a1d-235131ced68e,completed,2026-06-19 20:32:45.920686+00:00,2026-06-19 20:33:11.815996+00:00
3c12ae66-08af-4f65-a8d6-8b620d9c5158,completed,2026-06-19 20:32:46.520251+00:00,2026-06-19 20:33:12.678600+00:00
98db0235-08fd-422a-b0d0-96c81a0c3ccf,completed,2026-06-19 20:32:47.019653+00:00,2026-06-19 20:33:13.379660+00:00
4f8cf6af-a18c-413c-9354-4a651bf12fd4,completed,2026-06-19 20:32:47.620385+00:00,2026-06-19 20:33:14.250259+00:00
155853e1-afce-4da3-bbe0-14aa524c96b6,completed,2026-06-19 20:32:47.825073+00:00,2026-06-19 20:33:14.565563+00:00
949686a0-e33e-4ccd-8d5e-04e39ba1bf98,completed,2026-06-19 20:32:47.922425+00:00,2026-06-19 20:33:14.750320+00:00
5b38970c-b7c4-41ab-8350-aa04577949d4,completed,2026-06-19 20:32:48.620088+00:00,2026-06-19 20:33:15.799134+00:00
5bc7c5b0-d136-4df8-9985-e9e77078ddbc,completed,2026-06-19 20:32:48.822523+00:00,2026-06-19 20:33:16.087824+00:00
7f95721c-257d-41b2-b730-6a8298ce7254,completed,2026-06-19 20:32:49.120297+00:00,2026-06-19 20:33:16.517935+00:00
c3f2599c-ae5c-4ac3-a5ff-78a9ba5725d9,completed,2026-06-19 20:32:49.724489+00:00,2026-06-19 20:33:17.385187+00:00
527388ff-08a8-49a9-b3f0-1fbf1de04e5a,completed,2026-06-19 20:32:50.720183+00:00,2026-06-19 20:33:18.809434+00:00
b7589ecd-94fd-4769-888c-6bcf100c64b1,completed,2026-06-19 20:32:51.432456+00:00,2026-06-19 20:33:19.848349+00:00
4016aebd-5879-4e10-b9b7-892fe800a3f7,completed,2026-06-19 20:32:51.719412+00:00,2026-06-19 20:33:20.303724+00:00
194864c9-c2ad-4060-9aa9-2a580b80b0a5,completed,2026-06-19 20:32:52.019064+00:00,2026-06-19 20:33:20.771513+00:00
d1e8d601-fb7a-4531-a400-882726de27a3,completed,2026-06-19 20:32:39.295920+00:00,2026-06-19 20:33:01.783982+00:00
e082d3b4-948f-47d8-a814-26974ba84fd7,completed,2026-06-19 20:32:37.997899+00:00,2026-06-19 20:32:59.813953+00:00
b22862b5-11bc-4f6f-ac0e-b370dd6bdb6a,completed,2026-06-19 20:32:39.196129+00:00,2026-06-19 20:33:01.653084+00:00
bbabdfaa-c9ae-4560-bfd0-85ee15056679,completed,2026-06-19 20:32:39.994972+00:00,2026-06-19 20:33:02.852464+00:00
57ba0325-4230-4942-91f3-f2425b1576e7,completed,2026-06-19 20:32:40.296548+00:00,2026-06-19 20:33:03.276886+00:00
2f150de5-086a-4c56-af0a-1c0106ce1a87,completed,2026-06-19 20:32:40.696169+00:00,2026-06-19 20:33:03.913933+00:00
3a20074c-d2ec-4a0e-a539-099169f0d297,completed,2026-06-19 20:32:41.695152+00:00,2026-06-19 20:33:05.453856+00:00
7c50371f-b369-4138-8bf1-df871a956739,completed,2026-06-19 20:32:41.795344+00:00,2026-06-19 20:33:05.614121+00:00
2f4b5a59-aa55-479f-9799-7cbd3a9244b1,completed,2026-06-19 20:32:42.298686+00:00,2026-06-19 20:33:06.349246+00:00
3927682d-4bd6-45ce-acdd-6ddd7b4042ee,completed,2026-06-19 20:32:42.494728+00:00,2026-06-19 20:33:06.706310+00:00
34832864-4065-4ca1-939d-1967490dd184,completed,2026-06-19 20:32:42.595135+00:00,2026-06-19 20:33:06.861867+00:00
0cd6df22-2a78-4a58-bf6c-2d7ed2be7b1e,completed,2026-06-19 20:32:43.610567+00:00,2026-06-19 20:33:08.325028+00:00
acb2b617-2cc4-4098-8068-9d02db8b6dbb,completed,2026-06-19 20:32:44.111343+00:00,2026-06-19 20:33:09.106639+00:00
8df04527-0090-44c9-b0a4-8b71c4d3bb18,completed,2026-06-19 20:32:45.894803+00:00,2026-06-19 20:33:11.749485+00:00
3f045515-cac8-4fe2-9aec-b56760f8df10,completed,2026-06-19 20:32:46.611415+00:00,2026-06-19 20:33:12.772218+00:00
a0ad118b-d1f6-428d-879d-4b4c625c0dff,completed,2026-06-19 20:32:47.095380+00:00,2026-06-19 20:33:13.527480+00:00
816365c6-8c06-4562-9f02-86582d606d59,completed,2026-06-19 20:32:47.297658+00:00,2026-06-19 20:33:13.808088+00:00
448481e2-6970-47c1-a9d2-4d8857ad2ea8,completed,2026-06-19 20:32:47.697461+00:00,2026-06-19 20:33:14.406144+00:00
45237b4f-45b2-4db9-8304-4bd24df82ee3,completed,2026-06-19 20:32:48.194621+00:00,2026-06-19 20:33:15.145841+00:00
b3c8306d-6d90-4de3-ae89-45ca22c3f6d4,completed,2026-06-19 20:32:48.494766+00:00,2026-06-19 20:33:15.567840+00:00
698a11b5-12c5-4f31-93d3-5930a0f87841,completed,2026-06-19 20:32:49.097228+00:00,2026-06-19 20:33:16.435699+00:00
e5c6389c-7ce1-47f8-834e-3be2b3d70cb8,completed,2026-06-19 20:32:49.494146+00:00,2026-06-19 20:33:17.007776+00:00
0f5686e0-7072-4439-b5c3-b1613481e457,completed,2026-06-19 20:32:50.194448+00:00,2026-06-19 20:33:18.047778+00:00
6ad6b64e-0e78-4c4c-bbbc-6bb0873f87dd,completed,2026-06-19 20:32:50.595974+00:00,2026-06-19 20:33:18.615763+00:00
b71457dc-4700-4ea2-8adc-eb5c37319243,completed,2026-06-19 20:32:51.095344+00:00,2026-06-19 20:33:19.381869+00:00
0ff64e47-f841-4a89-b4d3-362a9c5cff48,completed,2026-06-19 20:32:51.206447+00:00,2026-06-19 20:33:19.518953+00:00
5b9db929-2692-43da-9854-d40ad3f514f4,completed,2026-06-19 20:32:51.407267+00:00,2026-06-19 20:33:19.797735+00:00
a24ce4b2-3df7-4e37-90f3-e91a51e4a83a,completed,2026-06-19 20:32:51.494714+00:00,2026-06-19 20:33:19.947535+00:00
81855fa2-c231-4c5c-a4e1-fdf90ae84f62,completed,2026-06-19 20:32:52.096916+00:00,2026-06-19 20:33:20.871740+00:00
0dea40c4-4d42-44ac-bb30-58abcffc6ddf,completed,2026-06-19 20:32:52.698315+00:00,2026-06-19 20:33:21.771384+00:00
2263b7ff-0aa3-4dcd-9e7f-b6cd19520498,failed,2026-06-19 20:32:55.569850+00:00,2026-06-19 20:33:25.598581+00:00
c818f401-ca2d-4481-ac64-a379de035053,completed,2026-06-19 20:32:38.472778+00:00,2026-06-19 20:33:00.511840+00:00
452fe1ca-52b6-4dc1-9032-93ce810d6e10,completed,2026-06-19 20:32:38.969889+00:00,2026-06-19 20:33:01.274963+00:00
8bd0d7f8-f6af-4eab-b78e-1c491b977669,completed,2026-06-19 20:32:39.570247+00:00,2026-06-19 20:33:02.182708+00:00
b62b0389-633b-41fc-ae37-5ea16540f761,completed,2026-06-19 20:32:40.170531+00:00,2026-06-19 20:33:03.139845+00:00
354a0444-a7b2-4683-b1f0-8e7efc2715d0,completed,2026-06-19 20:32:40.674203+00:00,2026-06-19 20:33:03.897264+00:00
5ce19ea4-9179-4d27-9e1d-7f572a5dcb55,completed,2026-06-19 20:32:41.571806+00:00,2026-06-19 20:33:05.313229+00:00
c00e936c-6166-4015-a675-8dd6e9929d8d,completed,2026-06-19 20:32:42.175592+00:00,2026-06-19 20:33:06.193037+00:00
835582d8-bf71-4583-a9d4-f8d4cc914cc2,completed,2026-06-19 20:32:42.371352+00:00,2026-06-19 20:33:06.456059+00:00
2e32042b-4572-4457-9567-7ab256c717c5,completed,2026-06-19 20:32:42.470634+00:00,2026-06-19 20:33:06.688865+00:00
a589245d-7be5-4bf7-bedf-0a3f8d3f002f,completed,2026-06-19 20:32:42.772100+00:00,2026-06-19 20:33:07.137637+00:00
965891a0-c7bf-410a-a772-c465eb45db1a,completed,2026-06-19 20:32:42.968537+00:00,2026-06-19 20:33:07.419788+00:00
58f124d2-fb72-465f-bf89-383e4533c70a,completed,2026-06-19 20:32:43.172113+00:00,2026-06-19 20:33:07.709430+00:00
0c5141ac-ea43-4dac-983f-7e3af41568a6,completed,2026-06-19 20:32:43.871303+00:00,2026-06-19 20:33:08.709498+00:00
fb932aec-6232-4151-89eb-1e6bfd03d507,completed,2026-06-19 20:32:44.174042+00:00,2026-06-19 20:33:09.132631+00:00
1f9c2dea-54a4-42ef-9714-da052bda1e4b,completed,2026-06-19 20:32:45.870181+00:00,2026-06-19 20:33:11.723798+00:00
032c1dc7-9cce-46a7-b9ae-6c3bcaa2e1bd,completed,2026-06-19 20:32:46.472554+00:00,2026-06-19 20:33:12.595841+00:00
c9938b04-210a-46ac-8c77-320985a3c487,completed,2026-06-19 20:32:49.069286+00:00,2026-06-19 20:33:16.415726+00:00
4f18162d-6ea1-4483-a978-e904de9e1ce9,completed,2026-06-19 20:32:49.569433+00:00,2026-06-19 20:33:17.131633+00:00
0a68ad08-aa38-4c2e-9156-444448f2c025,completed,2026-06-19 20:32:49.674800+00:00,2026-06-19 20:33:17.276003+00:00
3e83f6dc-dea8-48cc-a6c2-bc7e8dc93fdf,completed,2026-06-19 20:32:49.772066+00:00,2026-06-19 20:33:17.422517+00:00
d9c616a8-9a83-4446-9725-abe63c4f7e2c,completed,2026-06-19 20:32:50.170347+00:00,2026-06-19 20:33:18.030510+00:00
5101f881-9630-4913-b5b1-886846002ee8,completed,2026-06-19 20:32:51.472198+00:00,2026-06-19 20:33:19.940880+00:00
2fdc34ad-f7c5-492a-8640-07fb8f191c09,completed,2026-06-19 20:32:52.673952+00:00,2026-06-19 20:33:21.688960+00:00
c399062c-cb5e-4bc7-8cd3-4163b2c32db5,completed,2026-06-19 20:32:53.370706+00:00,2026-06-19 20:33:22.744146+00:00
0c4d1dc0-bc69-4fa3-9c63-694cba5501fa,completed,2026-06-19 20:32:53.671878+00:00,2026-06-19 20:33:23.171840+00:00
b2b49465-7ae3-4c63-a340-c75582932eac,completed,2026-06-19 20:32:53.869856+00:00,2026-06-19 20:33:23.469960+00:00
1db1c155-f9e2-4a00-9448-1f618f4a3ca8,completed,2026-06-19 20:32:53.969638+00:00,2026-06-19 20:33:23.620679+00:00
5b4dcf54-9583-48fb-aeaf-0755f2eaea47,completed,2026-06-19 20:32:54.074308+00:00,2026-06-19 20:33:23.756680+00:00
ea7458a4-0cd9-41fa-b809-9283a372a13c,completed,2026-06-19 20:32:54.870376+00:00,2026-06-19 20:33:24.890152+00:00
5c0c73ea-b703-4bff-b73c-dc2c9552be74,completed,2026-06-19 20:32:46.546972+00:00,2026-06-19 20:33:12.743851+00:00
140429c7-e16f-4893-a4fd-907e0d99865c,completed,2026-06-19 20:32:39.247136+00:00,2026-06-19 20:33:01.640918+00:00
20a97ad3-15fa-459f-a070-b676ab070698,completed,2026-06-19 20:32:39.949158+00:00,2026-06-19 20:33:02.771768+00:00
3643a5d4-578b-47b6-8040-4e760f55a874,completed,2026-06-19 20:32:40.246267+00:00,2026-06-19 20:33:03.276038+00:00
dbc3af09-8958-4627-92b5-0c58a896bbd2,completed,2026-06-19 20:32:40.345436+00:00,2026-06-19 20:33:03.422113+00:00
6176b7e9-5e95-413c-b504-4a26cd704681,completed,2026-06-19 20:32:42.945211+00:00,2026-06-19 20:33:07.372371+00:00
51179e36-6ebb-443e-b629-ed61d16c7652,completed,2026-06-19 20:32:43.045750+00:00,2026-06-19 20:33:07.516406+00:00
95f29b9e-6898-4242-a606-7845bbb9941d,completed,2026-06-19 20:32:44.246232+00:00,2026-06-19 20:33:09.270027+00:00
f597dc14-6833-46b6-aeed-c3c4471d2967,completed,2026-06-19 20:32:44.648583+00:00,2026-06-19 20:33:09.861885+00:00
3ff938db-4d7b-4c1e-b84e-5e87fa52cc25,completed,2026-06-19 20:32:44.745576+00:00,2026-06-19 20:33:10.018919+00:00
1b5e5c07-c703-4e9a-a0ed-b0c5ce8f9d81,completed,2026-06-19 20:32:45.045663+00:00,2026-06-19 20:33:10.473140+00:00
b327c0c3-f6af-458d-a65b-0f73cf1084a7,completed,2026-06-19 20:32:45.446149+00:00,2026-06-19 20:33:11.102182+00:00
cbf82ecf-958d-490e-9823-e2b9d3f25afd,completed,2026-06-19 20:32:45.645439+00:00,2026-06-19 20:33:11.415772+00:00
72fe544d-390e-4183-bff3-ed7cb1597317,completed,2026-06-19 20:32:45.746377+00:00,2026-06-19 20:33:11.556802+00:00
c871c700-981a-4079-ae9f-69d084a115d7,completed,2026-06-19 20:32:46.045356+00:00,2026-06-19 20:33:11.995234+00:00
0616f40c-4f64-47b5-ac44-94885f1ddbc0,completed,2026-06-19 20:32:46.744924+00:00,2026-06-19 20:33:13.035509+00:00
95912621-6dd4-438e-ba53-d2025c262e29,completed,2026-06-19 20:32:47.544736+00:00,2026-06-19 20:33:14.153776+00:00
e9a9f975-383e-48b3-a6bc-8d0ecf80d256,completed,2026-06-19 20:32:48.946295+00:00,2026-06-19 20:33:16.248107+00:00
0015ad8b-0e1c-4ff7-b46b-037866854463,completed,2026-06-19 20:32:49.244773+00:00,2026-06-19 20:33:16.673338+00:00
7369e5d9-9fd3-41f3-bd49-7e9a6c864bda,completed,2026-06-19 20:32:49.653926+00:00,2026-06-19 20:33:17.278789+00:00
02e6c136-68c5-4279-bc96-ac09a77b33d6,completed,2026-06-19 20:32:49.845309+00:00,2026-06-19 20:33:17.564928+00:00
890c7044-27d6-4456-8a72-e219bbdffc63,completed,2026-06-19 20:32:51.445940+00:00,2026-06-19 20:33:19.906070+00:00
3feabce4-272a-4273-96e9-583fe6c2e298,completed,2026-06-19 20:32:51.944369+00:00,2026-06-19 20:33:20.638944+00:00
a665c18e-4570-496f-8a07-4d4d59a1c030,completed,2026-06-19 20:32:52.244682+00:00,2026-06-19 20:33:21.104633+00:00
1214dd31-9ffb-41e2-a230-66bf17f1021f,completed,2026-06-19 20:32:52.446120+00:00,2026-06-19 20:33:21.386282+00:00
1fc6f34d-d075-4d52-9c2d-557aaca96cad,completed,2026-06-19 20:32:52.548763+00:00,2026-06-19 20:33:21.540778+00:00
aefef36d-0fa9-4e29-b42b-a6628c80d2e1,completed,2026-06-19 20:32:53.045600+00:00,2026-06-19 20:33:22.266293+00:00
8e83c123-397d-42e5-9f1b-3d3114b27657,completed,2026-06-19 20:32:53.247352+00:00,2026-06-19 20:33:22.553556+00:00
f21d82f9-9d38-42f5-ae02-28b4d86c2451,completed,2026-06-19 20:32:53.547998+00:00,2026-06-19 20:33:23.002202+00:00
269bfdc7-d1f5-4311-8e62-b987bee14441,completed,2026-06-19 20:32:54.245596+00:00,2026-06-19 20:33:23.980311+00:00
9d2e5406-b117-4e91-8ee3-1b795b1ad900,completed,2026-06-19 20:32:23.772188+00:00,2026-06-19 20:32:38.255436+00:00
40f62a81-b24b-4087-8777-4811ac2af566,completed,2026-06-19 20:32:24.870777+00:00,2026-06-19 20:32:40.055602+00:00
05a4700b-d676-4895-b4c5-10693c1b2cf3,completed,2026-06-19 20:32:30.095887+00:00,2026-06-19 20:32:48.005190+00:00
cb1fd053-7923-4f72-b5d7-f3869c62e442,completed,2026-06-19 20:32:37.320600+00:00,2026-06-19 20:32:58.763472+00:00
376bacf4-7cfb-420e-9916-a65efcc587f1,completed,2026-06-19 20:32:45.995695+00:00,2026-06-19 20:33:11.895962+00:00
f25ccd36-794e-45d5-b0b8-1ac4c8487ce8,completed,2026-06-19 20:32:49.698163+00:00,2026-06-19 20:33:17.291712+00:00
fa8641c8-82fa-4ec8-98ab-535238089a67,completed,2026-06-19 20:32:23.820426+00:00,2026-06-19 20:32:38.348337+00:00
f15fcc12-484b-4179-93c5-46595acbc490,completed,2026-06-19 20:32:26.393943+00:00,2026-06-19 20:32:42.385940+00:00
86ce9942-1d04-471c-9eb7-6be90b6f31d7,completed,2026-06-19 20:32:27.948422+00:00,2026-06-19 20:32:44.795768+00:00
843f5681-1def-4ab4-adb1-1eb9997d6a9f,completed,2026-06-19 20:32:34.347656+00:00,2026-06-19 20:32:54.350537+00:00
84934abd-9459-46d9-8d85-d5f54d6e405b,completed,2026-06-19 20:32:37.769736+00:00,2026-06-19 20:32:59.475368+00:00
f166c0b9-5028-47aa-a448-7e4287c8214e,completed,2026-06-19 20:32:42.070842+00:00,2026-06-19 20:33:06.029378+00:00
b344a174-1236-4538-a78b-a4a97c7b4e25,completed,2026-06-19 20:32:44.820824+00:00,2026-06-19 20:33:10.163593+00:00
fef1339f-ae74-4a8a-a81e-6c5bd6c53371,completed,2026-06-19 20:32:45.373162+00:00,2026-06-19 20:33:10.961585+00:00
16f67969-c00e-49a2-be2e-ca226f485578,completed,2026-06-19 20:32:46.446201+00:00,2026-06-19 20:33:12.601172+00:00
8477f0b6-5860-4acb-aa1c-597da104016d,completed,2026-06-19 20:32:24.470716+00:00,2026-06-19 20:32:39.447184+00:00
38b09b0b-e6fe-4aae-affa-aec4a602b618,completed,2026-06-19 20:32:26.419173+00:00,2026-06-19 20:32:42.421227+00:00
2abe5f19-8f69-47a6-8e3f-da79d64bda6a,completed,2026-06-19 20:32:29.919476+00:00,2026-06-19 20:32:47.780800+00:00
d14a8cc9-9671-4781-b624-7cf7230daabf,completed,2026-06-19 20:32:36.520637+00:00,2026-06-19 20:32:57.598440+00:00
95ab4495-922f-4e17-8db4-051d79d38cc4,completed,2026-06-19 20:32:37.498030+00:00,2026-06-19 20:32:59.053583+00:00
1c0a6258-41bf-446b-95f6-0473b73bd34a,completed,2026-06-19 20:32:41.496412+00:00,2026-06-19 20:33:05.162925+00:00
02451c83-ec57-4996-b305-64e009ce12a4,completed,2026-06-19 20:32:43.148205+00:00,2026-06-19 20:33:07.666275+00:00
c06f13ff-b7a5-4b5f-94ce-348f22331287,completed,2026-06-19 20:32:48.133193+00:00,2026-06-19 20:33:15.043334+00:00
80cd50c1-71ad-493a-bdba-69cde0c25a28,completed,2026-06-19 20:32:25.069761+00:00,2026-06-19 20:32:40.345972+00:00
1bd50fbb-b51a-4107-8973-a62f91e4e20f,completed,2026-06-19 20:32:30.720530+00:00,2026-06-19 20:32:48.966971+00:00
62e900d7-67b0-415c-a02d-81df855f7e61,completed,2026-06-19 20:32:31.197981+00:00,2026-06-19 20:32:49.666632+00:00
6c6de5c8-ec86-49ba-8806-43183e0337a8,completed,2026-06-19 20:32:35.195471+00:00,2026-06-19 20:32:55.629327+00:00
6b9c5102-6873-49d7-9f40-32f457a25041,completed,2026-06-19 20:32:37.195840+00:00,2026-06-19 20:32:58.582147+00:00
63adab54-0be1-43e6-b64c-6ed2bc8436ed,completed,2026-06-19 20:32:37.944981+00:00,2026-06-19 20:32:59.753049+00:00
85bfcf57-4d32-49a3-91d3-6b81b9c9fe6e,completed,2026-06-19 20:32:41.220056+00:00,2026-06-19 20:33:04.723226+00:00
72b52cb6-6527-443b-8855-c811f8e1a8a3,failed,2026-06-19 20:32:57.321761+00:00,2026-06-19 20:33:27.348917+00:00
04bd0edf-85fa-48b8-944a-cc29ffe37c93,completed,2026-06-19 20:32:52.619819+00:00,2026-06-19 20:33:21.631136+00:00
478671e2-3459-45d6-8b75-0859f3950b0b,completed,2026-06-19 20:32:53.321846+00:00,2026-06-19 20:33:22.664474+00:00
e9300300-4483-4ebf-a440-62dfd239cb17,completed,2026-06-19 20:32:55.219237+00:00,2026-06-19 20:33:25.332453+00:00
dfb2d31e-05de-43ed-9f59-779ab724a216,completed,2026-06-19 20:32:55.424576+00:00,2026-06-19 20:33:25.539179+00:00
293705a6-5e00-4b53-a235-9cd9de93155b,completed,2026-06-19 20:32:56.024960+00:00,2026-06-19 20:33:26.149946+00:00
2a61542e-dedf-4683-997b-0923a15077d7,completed,2026-06-19 20:32:56.319325+00:00,2026-06-19 20:33:26.473526+00:00
d8d5dac5-5a1d-4473-aa46-53df5bb788a1,failed,2026-06-19 20:32:58.020128+00:00,2026-06-19 20:33:28.045194+00:00
d9176b3e-3e5b-4c80-a297-49472a593b29,failed,2026-06-19 20:33:01.719619+00:00,2026-06-19 20:33:31.756741+00:00
6037c742-ede6-4642-86cb-b39c5b7df852,completed,2026-06-19 20:33:00.719853+00:00,2026-06-19 20:33:30.839323+00:00
9a9f28bb-a9fd-4ab9-9bc7-1b9f3a7c47e8,completed,2026-06-19 20:33:01.419066+00:00,2026-06-19 20:33:31.534504+00:00
6282601a-bf1c-4af4-8aa7-8a6b89df138f,completed,2026-06-19 20:33:02.519690+00:00,2026-06-19 20:33:32.630390+00:00
88b073f6-21e7-4e2c-80b2-c8f1c06b98b5,failed,2026-06-19 20:33:02.819857+00:00,2026-06-19 20:33:32.850918+00:00
8cb2dc1e-2be0-41ac-86ea-87ca8b747ee1,completed,2026-06-19 20:33:02.419327+00:00,2026-06-19 20:33:32.542750+00:00
204ceb57-4e62-4455-9bc1-d84c1e47dcc7,failed,2026-06-19 20:33:07.418514+00:00,2026-06-19 20:33:37.450754+00:00
ad245eb6-737b-4813-a59a-62ed35b92e60,completed,2026-06-19 20:33:03.819496+00:00,2026-06-19 20:33:33.951849+00:00
a5f5ca5f-2de2-4f14-a434-850cf3d99001,completed,2026-06-19 20:33:04.521639+00:00,2026-06-19 20:33:34.622703+00:00
8bc2416d-3c5b-4722-92ca-ea2662dc5d20,completed,2026-06-19 20:33:04.720318+00:00,2026-06-19 20:33:34.843223+00:00
929b36f4-4a25-4c9b-af36-8dbab765f7bb,completed,2026-06-19 20:33:04.919660+00:00,2026-06-19 20:33:35.025760+00:00
385e4d67-eafd-4937-9c06-53484d7e6510,completed,2026-06-19 20:33:05.118984+00:00,2026-06-19 20:33:35.258703+00:00
454afe45-c1c2-49d9-b3f8-971e6414e83f,completed,2026-06-19 20:33:06.219179+00:00,2026-06-19 20:33:36.333043+00:00
a53aa237-ace0-488c-a096-cb67c59e4d86,completed,2026-06-19 20:33:06.922218+00:00,2026-06-19 20:33:37.060092+00:00
07474947-b1d1-4c37-9ab9-394b7688c596,failed,2026-06-19 20:33:08.019937+00:00,2026-06-19 20:33:38.027955+00:00
1fc361af-68a2-48f2-b4b1-a8a3c05c9b71,completed,2026-06-19 20:33:08.720107+00:00,2026-06-19 20:33:38.854747+00:00
00f8a814-6dba-42f7-9591-c2a5ee62b2cb,completed,2026-06-19 20:33:09.123237+00:00,2026-06-19 20:33:39.261956+00:00
a3c7acfd-8925-42bc-9165-5f4f2c763f9f,completed,2026-06-19 20:33:09.336765+00:00,2026-06-19 20:33:39.453415+00:00
8ea4ab53-a276-4695-ac34-e0a85a069e84,completed,2026-06-19 20:33:09.825344+00:00,2026-06-19 20:33:39.942295+00:00
11f2afc8-7db4-48d0-949a-d531ce9f3b25,completed,2026-06-19 20:33:11.292984+00:00,2026-06-19 20:33:41.396312+00:00
333ec3d5-602b-4233-926b-0db8d66bc5a1,completed,2026-06-19 20:33:11.614912+00:00,2026-06-19 20:33:41.695455+00:00
751a73b3-92ef-44ae-9763-8395ec3d0bdd,completed,2026-06-19 20:33:11.834872+00:00,2026-06-19 20:33:41.956790+00:00
766f6778-341e-4795-8666-58a146fec5e2,failed,2026-06-19 20:32:55.394523+00:00,2026-06-19 20:33:25.398586+00:00
7be72027-c85e-472d-a895-21560eaeef4b,completed,2026-06-19 20:32:54.293693+00:00,2026-06-19 20:33:24.054541+00:00
b9b20426-0415-4b79-bd52-682c3fc35332,completed,2026-06-19 20:32:54.594221+00:00,2026-06-19 20:33:24.478581+00:00
e559eb9e-8adf-405e-87d0-e516683303c7,completed,2026-06-19 20:32:55.197275+00:00,2026-06-19 20:33:25.318635+00:00
2121bc3f-494b-4093-8ba7-5011c3751829,completed,2026-06-19 20:32:55.895545+00:00,2026-06-19 20:33:26.037372+00:00
ead2c1ae-1e7c-4459-a323-13db2cfafd00,failed,2026-06-19 20:32:56.596207+00:00,2026-06-19 20:33:26.616644+00:00
5168ca5a-6da6-46da-b78e-15f0d73bff01,completed,2026-06-19 20:32:55.798885+00:00,2026-06-19 20:33:25.898048+00:00
5ff58a60-cbee-4c44-80ce-bbb086945d77,failed,2026-06-19 20:32:58.794080+00:00,2026-06-19 20:33:28.797458+00:00
c585cf96-2982-4ef9-a355-22c1a93b1f12,completed,2026-06-19 20:32:57.397216+00:00,2026-06-19 20:33:27.524738+00:00
68983327-e572-4339-b0b5-4864168394d9,failed,2026-06-19 20:33:03.593895+00:00,2026-06-19 20:33:33.617936+00:00
022a9a24-90ef-403b-a342-c90bf48ba43f,completed,2026-06-19 20:32:59.293991+00:00,2026-06-19 20:33:29.389451+00:00
fc32f24f-8dd6-4ffc-b3fd-6adc9f3b2003,completed,2026-06-19 20:33:00.695737+00:00,2026-06-19 20:33:30.823760+00:00
d7871f58-13f9-467c-9691-0fd03425b98d,failed,2026-06-19 20:33:01.895472+00:00,2026-06-19 20:33:31.905889+00:00
0bc83204-3e38-4568-b5c2-2dc1ba0d7605,completed,2026-06-19 20:33:01.794017+00:00,2026-06-19 20:33:31.916149+00:00
da2ec3aa-64cb-4462-9441-247353a32dd1,completed,2026-06-19 20:33:02.100343+00:00,2026-06-19 20:33:32.214423+00:00
59c7a6ca-16bb-49ce-9715-c708addd0d2e,failed,2026-06-19 20:33:02.995011+00:00,2026-06-19 20:33:33.013338+00:00
e84b89eb-204c-4da6-b0b5-507d28fd66dc,completed,2026-06-19 20:33:02.897061+00:00,2026-06-19 20:33:33.035092+00:00
ffd5e8bf-e966-4592-a70c-8c8b8b4a88a7,failed,2026-06-19 20:33:05.395150+00:00,2026-06-19 20:33:35.424547+00:00
508ea87d-f054-40e6-9dbe-ac5346d8a306,completed,2026-06-19 20:33:04.694120+00:00,2026-06-19 20:33:34.799067+00:00
9698bec5-98d2-47a5-b4ae-8bfe46e66282,completed,2026-06-19 20:33:05.196171+00:00,2026-06-19 20:33:35.330910+00:00
2d2a3fa8-45b3-4f30-b089-93352bdb671e,failed,2026-06-19 20:33:08.394998+00:00,2026-06-19 20:33:38.395117+00:00
3eaa5160-9dc0-489c-a721-2073b24f568c,completed,2026-06-19 20:33:05.794762+00:00,2026-06-19 20:33:35.876427+00:00
79c0bc22-cfc0-4ccc-b8bc-9c276eccf574,completed,2026-06-19 20:33:08.294109+00:00,2026-06-19 20:33:38.391568+00:00
b772d15e-62ac-4c40-9aec-568085facfac,completed,2026-06-19 20:33:07.094369+00:00,2026-06-19 20:33:37.200398+00:00
63604ffc-af77-4d19-bf16-eeaa3b51cdaf,completed,2026-06-19 20:33:08.594156+00:00,2026-06-19 20:33:38.716180+00:00
39855a8d-891c-46b5-ab8d-e26c49742166,failed,2026-06-19 20:33:11.053423+00:00,2026-06-19 20:33:41.080845+00:00
f539be63-5be1-45e6-adb8-25652108ddf0,completed,2026-06-19 20:33:08.495140+00:00,2026-06-19 20:33:38.563403+00:00
a12bb97f-0d42-42c5-8ce3-83cd38190509,completed,2026-06-19 20:33:09.002128+00:00,2026-06-19 20:33:39.121871+00:00
c2510735-b4a2-4e2a-b665-ed600b58aed4,completed,2026-06-19 20:33:10.229460+00:00,2026-06-19 20:33:40.355628+00:00
cee9beb6-0773-423e-aef1-1ff7738d0ca5,completed,2026-06-19 20:33:10.419961+00:00,2026-06-19 20:33:40.506522+00:00
0a1e50b0-2553-46e7-9292-fb157e30ccfa,failed,2026-06-19 20:32:55.245817+00:00,2026-06-19 20:33:25.253458+00:00
2eba913a-88da-470a-80bd-241238a3bec3,completed,2026-06-19 20:32:55.045397+00:00,2026-06-19 20:33:25.157952+00:00
92f58803-6861-4583-8c95-e489d27b4767,failed,2026-06-19 20:32:55.445564+00:00,2026-06-19 20:33:25.463148+00:00
8410e10b-a215-4fa0-989d-61c8f9a034aa,failed,2026-06-19 20:33:00.644331+00:00,2026-06-19 20:33:30.666260+00:00
041fab19-ae22-4d29-8b36-7441189cb351,completed,2026-06-19 20:32:55.643691+00:00,2026-06-19 20:33:25.740018+00:00
41575477-32c8-45f0-befe-d735509a3771,completed,2026-06-19 20:32:55.849109+00:00,2026-06-19 20:33:25.997158+00:00
03f3bf4f-7e0c-4058-8a1d-356d1b9c6960,completed,2026-06-19 20:32:56.546418+00:00,2026-06-19 20:33:26.651458+00:00
56ea4474-9ef0-4167-bc1b-77b6d589b819,completed,2026-06-19 20:32:58.943750+00:00,2026-06-19 20:33:29.072624+00:00
c2a015fe-6f4a-412c-9fea-4cad6f6b1f87,completed,2026-06-19 20:32:59.947179+00:00,2026-06-19 20:33:30.090623+00:00
7a017ea5-c06e-4e9d-b440-bf2f6c4a3ac3,completed,2026-06-19 20:33:00.544661+00:00,2026-06-19 20:33:30.663132+00:00
950a08e8-4510-4178-b1b3-a83f5629ba9a,failed,2026-06-19 20:33:00.945714+00:00,2026-06-19 20:33:30.968132+00:00
fe4c5677-82bf-4d4f-96e3-a59272411c83,completed,2026-06-19 20:33:00.846431+00:00,2026-06-19 20:33:30.964132+00:00
95fe932f-c1af-4790-a4fa-582ed629d1e0,completed,2026-06-19 20:33:02.147649+00:00,2026-06-19 20:33:32.260595+00:00
a38ae643-c145-4ac6-b172-c56b95ab3468,failed,2026-06-19 20:33:01.246191+00:00,2026-06-19 20:33:31.268108+00:00
6c0e86a6-77d8-4336-a8d9-2286108cc405,completed,2026-06-19 20:33:02.547189+00:00,2026-06-19 20:33:32.642840+00:00
b4587f87-0223-4b92-9435-30dcfd02a440,completed,2026-06-19 20:33:02.049075+00:00,2026-06-19 20:33:32.182792+00:00
a0c8545f-1246-407d-bd21-14d467616f0a,failed,2026-06-19 20:33:03.845604+00:00,2026-06-19 20:33:33.882564+00:00
6a2b0886-d7dd-4f2b-b85e-2e6e971b476c,completed,2026-06-19 20:33:02.448124+00:00,2026-06-19 20:33:32.595198+00:00
8d119caf-8a37-4815-9910-cc14748c800c,completed,2026-06-19 20:33:02.655216+00:00,2026-06-19 20:33:32.779046+00:00
131d7bca-b129-404b-8fd5-f56d62a936dd,completed,2026-06-19 20:33:05.744846+00:00,2026-06-19 20:33:35.867761+00:00
725f0905-8890-4984-8a6c-848e81909f68,completed,2026-06-19 20:33:03.943659+00:00,2026-06-19 20:33:34.036539+00:00
9d31d8c6-caa7-4033-97d7-648afc4c7ad2,completed,2026-06-19 20:33:08.144328+00:00,2026-06-19 20:33:38.255300+00:00
cb0740a0-8373-4497-9212-edb572b8b9a3,completed,2026-06-19 20:33:05.650512+00:00,2026-06-19 20:33:35.774939+00:00
dbad243d-2c3a-44ad-8a61-79adeedc5330,failed,2026-06-19 20:33:08.345790+00:00,2026-06-19 20:33:38.391817+00:00
161ebc94-f596-41c7-b22c-d2f335a9ef06,completed,2026-06-19 20:33:08.049160+00:00,2026-06-19 20:33:38.153505+00:00
63ce8142-8101-4cae-9b10-2ce389e59e91,completed,2026-06-19 20:33:09.147015+00:00,2026-06-19 20:33:39.267435+00:00
a653b4e3-ec57-4fe7-aba0-b2280b4ef398,failed,2026-06-19 20:33:09.347009+00:00,2026-06-19 20:33:39.368594+00:00
89c90e3b-f67e-45c1-9228-9889853ac2e0,completed,2026-06-19 20:33:09.045190+00:00,2026-06-19 20:33:39.140392+00:00
d606767a-9bd3-4f8c-b325-0efecbf98096,completed,2026-06-19 20:33:09.445778+00:00,2026-06-19 20:33:39.554345+00:00
f3772350-0817-4fdd-904d-b7bfde52fd9f,completed,2026-06-19 20:33:10.171180+00:00,2026-06-19 20:33:40.283228+00:00
9d9d30ca-8745-4078-adb3-df0ed35da1b6,failed,2026-06-19 20:32:58.771110+00:00,2026-06-19 20:33:28.794458+00:00
84a02c52-6203-4fb6-b6df-3aaf0db1cf21,completed,2026-06-19 20:32:58.071905+00:00,2026-06-19 20:33:28.204883+00:00
c66cabe9-6862-41e6-ad7d-a9c2ae84f505,failed,2026-06-19 20:32:59.670988+00:00,2026-06-19 20:33:29.686775+00:00
40e307cd-84fc-4ad2-9906-e106d661c6f7,completed,2026-06-19 20:32:58.968850+00:00,2026-06-19 20:33:29.078082+00:00
dd3b6498-a7f6-4af7-9efa-690c5bea4ee6,completed,2026-06-19 20:32:59.472726+00:00,2026-06-19 20:33:29.582814+00:00
7b6be600-b6cf-4f2c-97ff-08d8d87e68ed,failed,2026-06-19 20:33:00.669089+00:00,2026-06-19 20:33:30.669944+00:00
c83b2f57-f65a-4454-8500-5901fc4b5a7b,completed,2026-06-19 20:33:00.271490+00:00,2026-06-19 20:33:30.407372+00:00
e36b03fb-7162-4ee5-8afa-7f8d909ec2f5,failed,2026-06-19 20:33:10.496539+00:00,2026-06-19 20:33:40.510448+00:00
56dff057-ca0c-4d3c-9c84-73830c721546,completed,2026-06-19 20:33:00.571258+00:00,2026-06-19 20:33:30.706425+00:00
e3049e54-e2ca-44f4-bf78-ca6c72e6a8fb,completed,2026-06-19 20:33:01.269743+00:00,2026-06-19 20:33:31.416195+00:00
3deeffc7-29f1-430b-b6af-927729831079,completed,2026-06-19 20:33:01.069745+00:00,2026-06-19 20:33:31.184307+00:00
4990264a-e4e3-4e95-82f4-7ca2179e4b54,completed,2026-06-19 20:33:01.169111+00:00,2026-06-19 20:33:31.333272+00:00
7e10680e-dc11-4af9-b0da-282c94683c44,completed,2026-06-19 20:33:02.387157+00:00,2026-06-19 20:33:32.499537+00:00
67db5a35-955d-47ef-9e2d-2c863f92d2ca,completed,2026-06-19 20:33:03.069640+00:00,2026-06-19 20:33:33.193173+00:00
336162e8-230c-4b9f-ad8b-a7c7605e44fd,completed,2026-06-19 20:33:03.970405+00:00,2026-06-19 20:33:34.055966+00:00
f601db64-c586-4210-b091-8c5994d665da,completed,2026-06-19 20:33:05.069047+00:00,2026-06-19 20:33:35.187236+00:00
9590d7fc-fa40-4ea1-b2f0-190ee3f3f051,completed,2026-06-19 20:33:08.568916+00:00,2026-06-19 20:33:38.672264+00:00
6e8b9a41-9e6c-49ff-b85c-96d41fb4dc07,completed,2026-06-19 20:33:11.560595+00:00,2026-06-19 20:33:41.662155+00:00
f48470cd-08ba-445c-9314-dd97c265d349,completed,2026-06-19 20:33:14.544085+00:00,2026-06-19 20:33:44.669033+00:00
0d60f6ad-7330-4a7e-a8ae-60ed0f563086,completed,2026-06-19 20:33:11.455428+00:00,2026-06-19 20:33:41.554171+00:00
b800653c-e962-4c79-916f-1a3672f03b63,completed,2026-06-19 20:33:12.443087+00:00,2026-06-19 20:33:42.546555+00:00
0f32bba3-e9a6-49b3-8700-3f823bb11972,completed,2026-06-19 20:33:12.555058+00:00,2026-06-19 20:33:42.683733+00:00
1f821483-8d9c-4877-a524-d4d2e5595d9a,completed,2026-06-19 20:33:13.471988+00:00,2026-06-19 20:33:43.617765+00:00
5ce1e07f-f888-4de0-b4db-fb111a7bc719,completed,2026-06-19 20:33:15.918373+00:00,2026-06-19 20:33:45.989919+00:00
3753971f-35ea-444f-a57d-79b861d62768,completed,2026-06-19 20:33:14.419826+00:00,2026-06-19 20:33:44.557406+00:00
f15c9621-92db-4efe-ab3c-399019abe907,completed,2026-06-19 20:33:15.794964+00:00,2026-06-19 20:33:45.893367+00:00
cc7af64c-5e5f-4c8f-991d-89c5a440dbde,completed,2026-06-19 20:33:16.313283+00:00,2026-06-19 20:33:46.406307+00:00
f914b8e6-d1fa-4e8b-a8ff-af86d7d53107,completed,2026-06-19 20:33:16.439156+00:00,2026-06-19 20:33:46.538368+00:00
4b7c33bd-6b5c-4657-869d-1b5e85cd1868,completed,2026-06-19 20:33:16.702838+00:00,2026-06-19 20:33:46.803214+00:00
27fe298c-25f5-4acc-9691-102d2592b90b,completed,2026-06-19 20:33:16.970941+00:00,2026-06-19 20:33:47.064068+00:00
3aa05cae-ead0-4427-bea7-987fa817aa88,completed,2026-06-19 20:33:11.107575+00:00,2026-06-19 20:33:41.215408+00:00
7e18d0fe-4d49-435e-a7e7-ec3ef2b2ee87,failed,2026-06-19 20:33:11.212775+00:00,2026-06-19 20:33:41.219285+00:00
fdcd49cf-80e2-430d-bf98-62926fea502e,failed,2026-06-19 20:33:11.318330+00:00,2026-06-19 20:33:41.344670+00:00
56aa48fd-0b1e-459d-85ed-050c63759dc9,completed,2026-06-19 20:33:19.207513+00:00,2026-06-19 20:33:49.257512+00:00
35ec4c90-bbc7-441b-aaf8-7dd1b73daa66,completed,2026-06-19 20:33:13.561030+00:00,2026-06-19 20:33:43.689144+00:00
3098a579-a831-447a-8f04-1d114ba1d8a7,completed,2026-06-19 20:33:13.676499+00:00,2026-06-19 20:33:43.789698+00:00
7632f685-df6e-42f8-bd8a-ac04add5e919,completed,2026-06-19 20:33:14.149293+00:00,2026-06-19 20:33:44.268656+00:00
9976a274-385e-4201-a2bb-686e3d57e9ec,completed,2026-06-19 20:33:14.273823+00:00,2026-06-19 20:33:44.409326+00:00
1ddc9cb9-0905-4650-9b78-878b2d8ab41d,completed,2026-06-19 20:33:15.505162+00:00,2026-06-19 20:33:45.608273+00:00
4e502f45-8a01-46f0-a575-ca17cc3fee67,completed,2026-06-19 20:33:15.759587+00:00,2026-06-19 20:33:45.854170+00:00
ebdd647f-2b3b-4805-b7ee-fe673ce8d8ac,completed,2026-06-19 20:33:17.210536+00:00,2026-06-19 20:33:47.313562+00:00
367cae8c-15c8-44f8-a64a-3f9e72af76ea,completed,2026-06-19 20:33:17.483402+00:00,2026-06-19 20:33:47.591451+00:00
79a4e812-86ed-4737-bff2-d585badd1748,completed,2026-06-19 20:33:11.592242+00:00,2026-06-19 20:33:41.666094+00:00
a8a77f11-88dc-4721-a795-2839cbf96b41,completed,2026-06-19 20:33:12.359132+00:00,2026-06-19 20:33:42.443535+00:00
cc77d37d-07ae-4b73-9fa8-09824f3b91fa,completed,2026-06-19 20:33:12.922524+00:00,2026-06-19 20:33:43.019771+00:00
d920adb2-8b2d-421e-8657-c72ce0be8577,completed,2026-06-19 20:33:13.266886+00:00,2026-06-19 20:33:43.395050+00:00
997cae3f-b36e-4f99-b3ce-893481a64033,completed,2026-06-19 20:33:13.736281+00:00,2026-06-19 20:33:43.875433+00:00
d3137b2e-461a-4c16-92ce-a2c6ca1d1026,completed,2026-06-19 20:33:14.089858+00:00,2026-06-19 20:33:44.207010+00:00
00aff51c-38a4-49fe-9cd0-81633363321b,completed,2026-06-19 20:33:15.565989+00:00,2026-06-19 20:33:45.677018+00:00
fa190ec1-e561-4651-8a21-c6de45997026,completed,2026-06-19 20:33:17.413905+00:00,2026-06-19 20:33:47.495182+00:00
87c5c728-af90-47ba-8f03-b94e50650914,completed,2026-06-19 20:33:18.255480+00:00,2026-06-19 20:33:48.354898+00:00
a2a8bfcf-20d2-40ab-8186-8ef70ef2545c,completed,2026-06-19 20:33:13.415013+00:00,2026-06-19 20:33:43.538045+00:00
ac5f6f56-3249-4737-8f63-83f93823718b,completed,2026-06-19 20:33:14.361065+00:00,2026-06-19 20:33:44.462432+00:00
5d3e6125-c509-460e-8463-24949af55f18,completed,2026-06-19 20:33:14.601870+00:00,2026-06-19 20:33:44.707106+00:00
72ec263a-293f-45c0-9bcd-700b19ac2eab,completed,2026-06-19 20:33:14.846159+00:00,2026-06-19 20:33:44.972735+00:00
64e1e368-3e09-4e23-8ebf-91e8bd6cd279,completed,2026-06-19 20:33:15.981507+00:00,2026-06-19 20:33:46.104116+00:00
80a09faa-ced1-4aa3-9f69-c2de028f320c,completed,2026-06-19 20:33:17.585768+00:00,2026-06-19 20:33:47.659260+00:00
96462c47-5bbe-4098-9c4b-3a3d5beab14b,completed,2026-06-19 20:33:17.869293+00:00,2026-06-19 20:33:47.942854+00:00
2f99b198-f32a-461e-87a9-e3115636a5b4,completed,2026-06-19 20:33:18.007340+00:00,2026-06-19 20:33:48.075512+00:00
63fe4300-fafb-4a48-b2e9-4659fc14dd99,completed,2026-06-19 20:33:18.437715+00:00,2026-06-19 20:33:48.537339+00:00
6e195cee-4f16-463c-a717-982b280392c1,completed,2026-06-19 20:32:51.544914+00:00,2026-06-19 20:33:20.056921+00:00
d27add9a-6b3a-43bc-8e2e-20fa2cf47be7,completed,2026-06-19 20:32:51.574223+00:00,2026-06-19 20:33:20.086438+00:00
255157e3-ada1-4308-9dcd-c97f6a7baa06,completed,2026-06-19 20:32:52.121583+00:00,2026-06-19 20:33:20.907987+00:00
062c99e9-8f16-466b-b3c1-dfb61241cb4d,completed,2026-06-19 20:32:52.219934+00:00,2026-06-19 20:33:21.054607+00:00
ece9741f-969f-45d7-ac9e-d17b291e56fd,completed,2026-06-19 20:32:52.795720+00:00,2026-06-19 20:33:21.913169+00:00
4a52b51b-3a12-402d-9edc-e0f57dfaac86,completed,2026-06-19 20:32:53.396750+00:00,2026-06-19 20:33:22.752035+00:00
eb6f54b8-4801-497c-a204-a81aabcedbdb,completed,2026-06-19 20:33:19.778188+00:00,2026-06-19 20:33:49.796316+00:00
f55480b7-ed6d-49f0-be7e-ae92fa5fab7e,completed,2026-06-19 20:33:17.938237+00:00,2026-06-19 20:33:48.034654+00:00
143b254d-630d-42a1-88f4-6d6c2438b416,completed,2026-06-19 20:33:18.363419+00:00,2026-06-19 20:33:48.466374+00:00
f60dd76a-afa1-43a8-9cb3-ff6f9c32579c,completed,2026-06-19 20:33:19.321674+00:00,2026-06-19 20:33:49.372119+00:00
93e6e61d-5b99-4fb8-a4bb-cab258f9b8a4,completed,2026-06-19 20:33:19.510584+00:00,2026-06-19 20:33:49.554146+00:00
34ddfef2-d93b-4290-a3da-de51fcd9db59,completed,2026-06-19 20:33:19.817950+00:00,2026-06-19 20:33:49.842366+00:00
7f8bf438-f8e9-4e5c-b056-fcba1e2d0729,completed,2026-06-19 20:33:20.326677+00:00,2026-06-19 20:33:50.310559+00:00
65d3da5b-6772-4424-9f0e-df0c1f293c1a,completed,2026-06-19 20:33:19.701729+00:00,2026-06-19 20:33:49.741699+00:00
54d26707-b530-4b98-92c0-90e1a6a1fadd,completed,2026-06-19 20:33:22.203832+00:00,2026-06-19 20:33:51.897960+00:00
51531916-ddb0-43f9-8cde-ea2fb82e1667,completed,2026-06-19 20:33:20.207601+00:00,2026-06-19 20:33:50.206064+00:00
bd50533f-62fb-430c-9a4d-ba04a0e00caf,completed,2026-06-19 20:33:21.012943+00:00,2026-06-19 20:33:50.876857+00:00
f82df813-6e97-4bfc-bb77-7031b66d8e1c,completed,2026-06-19 20:33:20.810351+00:00,2026-06-19 20:33:50.719520+00:00
16653f36-f139-422d-a1f3-560a93c86576,completed,2026-06-19 20:33:20.889741+00:00,2026-06-19 20:33:50.785854+00:00
91c69a89-9388-42ba-9337-6a41fbd1ff73,completed,2026-06-19 20:33:21.726742+00:00,2026-06-19 20:33:51.543896+00:00
87fab970-c2a0-4663-bd17-7bea5260cae6,completed,2026-06-19 20:33:21.513311+00:00,2026-06-19 20:33:51.304028+00:00
ea1b967b-f4f0-4f39-b566-bfa06f548989,completed,2026-06-19 20:33:21.598405+00:00,2026-06-19 20:33:51.414859+00:00
51b9c393-96b2-4607-8ced-09827b18940d,completed,2026-06-19 20:33:22.653149+00:00,2026-06-19 20:33:52.277339+00:00
dc7534f2-e79c-4225-ae7c-33761efd7b50,completed,2026-06-19 20:33:22.742856+00:00,2026-06-19 20:33:52.379082+00:00
d1ac8e07-7b17-4418-b43f-606d6794c44b,completed,2026-06-19 20:33:22.162576+00:00,2026-06-19 20:33:51.862247+00:00
886dd7b4-5e4c-4c8b-87bb-53e11b82a8db,completed,2026-06-19 20:33:23.988936+00:00,2026-06-19 20:33:53.232949+00:00
dfbb616c-4927-4769-bf93-65cec2affb8f,completed,2026-06-19 20:33:22.606791+00:00,2026-06-19 20:33:52.243822+00:00
61a80b5f-5189-4cbc-90f0-8c2e25420ba6,completed,2026-06-19 20:33:23.487482+00:00,2026-06-19 20:33:52.919603+00:00
e4d0158d-12af-4633-bba2-1f26c401e894,completed,2026-06-19 20:33:24.170138+00:00,2026-06-19 20:33:53.372751+00:00
641c8b92-66e1-4a56-9338-7de6ba68359b,completed,2026-06-19 20:33:23.874253+00:00,2026-06-19 20:33:53.199509+00:00
c78f08c3-131e-4b81-9610-c15daac1ffd4,completed,2026-06-19 20:33:24.020021+00:00,2026-06-19 20:33:53.252044+00:00
07612bdf-1312-404f-85e0-a592106d7805,completed,2026-06-19 20:33:24.239779+00:00,2026-06-19 20:33:53.389455+00:00
132c8f71-0659-419a-b114-46b560055f5f,completed,2026-06-19 20:33:24.831741+00:00,2026-06-19 20:33:53.851745+00:00
35430fa9-1629-422c-a158-d5ed7b2bc6cc,completed,2026-06-19 20:33:25.915052+00:00,2026-06-19 20:33:54.555079+00:00
bdc20679-21bc-4730-b206-6e8095730735,completed,2026-06-19 20:33:26.610992+00:00,2026-06-19 20:33:54.969526+00:00
b7df1be1-20b8-4457-bc41-2e645a2df416,completed,2026-06-19 20:33:27.095422+00:00,2026-06-19 20:33:55.271940+00:00
b42c32ad-6e03-4496-a038-90bd082712b9,completed,2026-06-19 20:33:28.403405+00:00,2026-06-19 20:33:55.966654+00:00
c144ffa8-93a1-4a40-8126-579ac2b71f4c,completed,2026-06-19 20:33:28.684012+00:00,2026-06-19 20:33:56.099126+00:00
006cb17a-c260-4497-9247-b09db237f22c,completed,2026-06-19 20:33:29.271329+00:00,2026-06-19 20:33:56.382849+00:00
3008852e-24ab-42e1-a33c-b36c4114b483,completed,2026-06-19 20:33:24.471055+00:00,2026-06-19 20:33:53.614657+00:00
25eebda2-9a4d-4922-a5e4-9a80739dcf6c,completed,2026-06-19 20:33:25.309649+00:00,2026-06-19 20:33:54.178557+00:00
8477c59f-9583-49ac-bb0c-d564d99a1e43,completed,2026-06-19 20:33:27.928641+00:00,2026-06-19 20:33:55.716013+00:00
c4c53137-bef6-4381-8084-b8a308178362,completed,2026-06-19 20:33:29.345188+00:00,2026-06-19 20:33:56.408962+00:00
1cdffe5c-8b7d-44a2-bce9-970fbb0cbdbc,completed,2026-06-19 20:33:29.973231+00:00,2026-06-19 20:33:56.671873+00:00
7f238158-d7be-42bc-b43c-e804e1ab9834,completed,2026-06-19 20:33:33.607344+00:00,2026-06-19 20:33:57.986265+00:00
0818fc3b-5531-48ac-94d1-59d9574065c7,completed,2026-06-19 20:33:36.481508+00:00,2026-06-19 20:33:58.541580+00:00
dc96be98-7b55-491a-939e-5501481c7cca,completed,2026-06-19 20:32:54.845227+00:00,2026-06-19 20:33:24.872695+00:00
2764a1fe-afe6-4fc8-ab2b-7513eb758363,completed,2026-06-19 20:32:54.947433+00:00,2026-06-19 20:33:25.021718+00:00
d33edce6-20d7-4a72-8709-7ab31bdb4b82,completed,2026-06-19 20:32:56.395635+00:00,2026-06-19 20:33:26.491514+00:00
32f1426d-7ab7-456a-b968-8b8195ff682a,completed,2026-06-19 20:33:11.372953+00:00,2026-06-19 20:33:41.505294+00:00
57cfbcd7-990b-4ca7-b4c4-33e4118c4c1a,completed,2026-06-19 20:33:20.564350+00:00,2026-06-19 20:33:50.487029+00:00
a77f2a65-8b59-4d92-a8cc-a4810559ead7,completed,2026-06-19 20:33:24.730153+00:00,2026-06-19 20:33:53.765758+00:00
e625ecf6-ef4d-41da-b23b-4ac35dc3885d,completed,2026-06-19 20:33:35.758990+00:00,2026-06-19 20:33:58.398294+00:00
0f117ef9-6e3d-48a1-b902-07da241e7d33,completed,2026-06-19 20:33:24.945242+00:00,2026-06-19 20:33:53.906780+00:00
63eea721-5b40-4781-b856-695fe73ee0b3,completed,2026-06-19 20:33:26.492536+00:00,2026-06-19 20:33:54.890815+00:00
b8f38f03-d154-4bdd-b0ee-c2e640df008a,completed,2026-06-19 20:33:27.474475+00:00,2026-06-19 20:33:55.445120+00:00
7540e739-d5ec-4d4a-8c16-01314049a668,completed,2026-06-19 20:33:28.264169+00:00,2026-06-19 20:33:55.860643+00:00
0e4dcb1a-5c61-4739-88d3-efe04e8fb5ef,completed,2026-06-19 20:33:29.423944+00:00,2026-06-19 20:33:56.412739+00:00
279860b0-986a-4bf0-9d13-0f8684a290da,completed,2026-06-19 20:33:30.387499+00:00,2026-06-19 20:33:56.852108+00:00
c985a42e-3b92-431c-84f2-f2b418e50161,completed,2026-06-19 20:33:30.734010+00:00,2026-06-19 20:33:57.003197+00:00
b672b9c8-2598-4294-bb62-ad1d428f2d2a,completed,2026-06-19 20:33:24.988595+00:00,2026-06-19 20:33:53.946256+00:00
c36b2b2a-a944-4a9d-9eb9-d463b41026fe,completed,2026-06-19 20:33:28.613302+00:00,2026-06-19 20:33:56.051698+00:00
5d2d6c5b-5681-4cba-bb71-adb1adac9fcb,completed,2026-06-19 20:33:25.200233+00:00,2026-06-19 20:33:54.077560+00:00
2f704eaa-34d9-4dee-b9c0-c7d8187c8b48,completed,2026-06-19 20:33:25.859524+00:00,2026-06-19 20:33:54.528606+00:00
47e7f193-0c03-4fa2-9e3a-058340346e62,completed,2026-06-19 20:33:30.476970+00:00,2026-06-19 20:33:56.896629+00:00
88b485c1-eb10-438b-9ad5-f4fdf457d326,completed,2026-06-19 20:33:26.086445+00:00,2026-06-19 20:33:54.656448+00:00
bc4733c9-98b1-45e7-975f-c58eb50176b2,completed,2026-06-19 20:33:26.315969+00:00,2026-06-19 20:33:54.802435+00:00
60aef60b-fe41-4fcc-a03c-3af9274c2898,completed,2026-06-19 20:33:26.566354+00:00,2026-06-19 20:33:54.943248+00:00
b3f98fe1-63f1-4a03-b343-0a70460b5910,completed,2026-06-19 20:33:27.033687+00:00,2026-06-19 20:33:55.209226+00:00
33d8a99d-6ed6-407b-a78e-152af3f5507e,completed,2026-06-19 20:33:27.287427+00:00,2026-06-19 20:33:55.352304+00:00
d09abc7f-6a8a-434c-ab1f-0ef036773b96,completed,2026-06-19 20:33:28.063050+00:00,2026-06-19 20:33:55.776842+00:00
e643f626-46a3-4d52-8bef-34c5429f2c00,completed,2026-06-19 20:33:28.340666+00:00,2026-06-19 20:33:55.909985+00:00
d6d09ff9-48ed-42de-bd38-fe1519ff975c,completed,2026-06-19 20:32:55.671489+00:00,2026-06-19 20:33:25.739871+00:00
9bc43dd7-0a4e-4541-b6c1-9ef0e404bbc2,completed,2026-06-19 20:32:57.245367+00:00,2026-06-19 20:33:27.344807+00:00
1039a49d-c431-44d6-8905-b4b84dfcddc2,completed,2026-06-19 20:33:01.145872+00:00,2026-06-19 20:33:31.268501+00:00
73eef049-b054-4562-94a8-b6eadb8920eb,failed,2026-06-19 20:33:03.319143+00:00,2026-06-19 20:33:33.336276+00:00
c05b12da-677b-4164-a818-3c7384d56322,completed,2026-06-19 20:33:07.197256+00:00,2026-06-19 20:33:37.319184+00:00
e3a898d0-b081-482f-af88-eed3e53e3c34,failed,2026-06-19 20:33:10.893585+00:00,2026-06-19 20:33:40.927397+00:00
9605c88d-5e95-4ddd-b4ef-2ad8ea538b91,completed,2026-06-19 20:32:56.920656+00:00,2026-06-19 20:33:27.057667+00:00
c5b4b9b9-a448-4d43-a026-8a4dc0015751,completed,2026-06-19 20:33:00.469797+00:00,2026-06-19 20:33:30.589611+00:00
73009389-bdee-4e00-bbfc-dc1a23eaae3f,failed,2026-06-19 20:33:02.296334+00:00,2026-06-19 20:33:32.334444+00:00
50659d1b-c771-4c50-bcb0-bf475cb3dcb4,completed,2026-06-19 20:33:07.246299+00:00,2026-06-19 20:33:37.347023+00:00
91b35d1a-de47-4c1c-9128-f29642a07161,completed,2026-06-19 20:33:22.249342+00:00,2026-06-19 20:33:51.973439+00:00
ad272f2a-540b-4ab0-9b36-d9f01491f5db,completed,2026-06-19 20:32:57.968475+00:00,2026-06-19 20:33:28.087160+00:00
600938a6-e2c7-4090-89ee-f3d2b2988d2c,failed,2026-06-19 20:33:04.174176+00:00,2026-06-19 20:33:34.195575+00:00
4b0cedd5-3c5f-4572-989e-8c23e90ac956,failed,2026-06-19 20:33:07.719020+00:00,2026-06-19 20:33:37.738358+00:00
19bf2ecf-2243-4fea-89dd-b54aa5ba494f,completed,2026-06-19 20:33:12.952700+00:00,2026-06-19 20:33:43.086362+00:00
b1c948b8-7898-4255-8982-7905896251f5,completed,2026-06-19 20:33:13.941519+00:00,2026-06-19 20:33:44.055158+00:00
629b8605-766d-4e65-b95b-1f1196658275,completed,2026-06-19 20:33:17.106207+00:00,2026-06-19 20:33:47.191595+00:00
